data;horario;n_da_ocorrencia;tipo_de_ocorrencia;km;trecho;sentido;tipo_de_acidente;automovel;bicicleta;caminhao;moto;onibus;outros;tracao_animal;transporte_de_cargas_especiais;trator_maquinas;utilitarios;ilesos;levemente_feridos;moderadamente_feridos;gravemente_feridos;mortos
22/02/2010;14:56:00;3267;sem vítima;108;BR-040/RJ;Norte;Colisão Lateral;1;;1;;;;;;;;2;;;;
22/02/2010;18:25:00;3297;com vítima;109;BR-040/RJ;Sul;Atropelamento - Pedestre;;;;;;1;;;;;1;1;;;
22/02/2010;12:33:00;3246;sem vítima;116;BR-040/RJ;Norte;Colisão Lateral;2;;;;;;;;;;2;;;;
22/02/2010;14:03:00;3258;com vítima;791;BR-040/MG;Sul;Capotamento;1;;;;;;;;;;0;2;;;
22/02/2010;12:52:00;3249;com vítima;799;BR-040/MG;Norte;Choque - Objeto Fixo;1;;;;;;;;;;0;2;;;
22/02/2010;02:36:00;3189;sem vítima;119;BR-040/RJ;Norte;Colisão Lateral;1;;1;;;;;;;;2;;;;
22/02/2010;10:44:00;3231;sem vítima;125;BR-040/RJ;Sul;Tombamento;;;1;;;;;;;;1;;;;
23/02/2010;08:52:00;3350;com vítima;27;BR-040/RJ;Sul;Capotamento;1;;;;;;;;;;0;;1;;
23/02/2010;08:50:00;3351;com vítima;90;BR-040/RJ;Sul;Colisão Traseira;;;2;;;;;;;;1;;1;;
23/02/2010;16:05:00;3392;sem vítima;104;BR-040/RJ;Sul;Colisão Traseira;1;;1;;;;;;;;2;;;;
23/02/2010;05:59:00;3330;com vítima;118;BR-040/RJ;Sul;Capotamento;1;;;;;;;;;;0;1;;;
24/02/2010;19:30:00;3548;com vítima;1;BR-040/RJ;Sul;Capotamento;1;;;;;;;;;;3;1;1;;
24/02/2010;19:52:00;3550;com vítima;34;BR-040/RJ;Norte;Derrapagem;1;;;;;;;;;;0;2;;;
24/02/2010;20:00:00;3554;sem vítima;34;BR-040/RJ;Norte;Derrapagem;;;1;;;;;;;;3;;;;
24/02/2010;16:58:00;3528;sem vítima;57;BR-040/RJ;Sul;Capotamento;1;;;;;;;;;;1;;;;
24/02/2010;13:50:00;3499;sem vítima;69;BR-040/RJ;Norte;Choque - Objeto Fixo;1;;;;;;;;;;1;;;;
24/02/2010;17:24:00;3530;com vítima;78;BR-040/RJ;Sul;Choque - Objeto Fixo;1;;;;;;;;;;1;1;;;
24/02/2010;18:54:00;3543;sem vítima;85;BR-040/RJ;Norte;Derrapagem;1;;;;;;;;;;1;;;;
24/02/2010;15:00:00;3512;sem vítima;94;BR-040/RJ;Sul;Derrapagem;1;;;;;;;;;;1;;;;
24/02/2010;08:17:00;3457;sem vítima;109;BR-040/RJ;Norte;Engavetamento;4;;;;;;;;;;4;;;;
24/02/2010;17:45:00;3534;sem vítima;109;BR-040/RJ;Norte;Derrapagem;1;;1;;;;;;;;2;;;;
24/02/2010;19:28:00;3549;sem vítima;124;BR-040/RJ;Norte;Derrapagem;1;;1;;;;;;;;2;;;;
25/02/2010;09:28:00;3614;sem vítima;75;BR-040/RJ;Norte;Choque - Objeto Fixo;;;;;;1;;;;;1;;;;
25/02/2010;09:24:00;3612;sem vítima;78;BR-040/RJ;Sul;Choque - Objeto Fixo;1;;;;;;;;;;1;;;;
25/02/2010;14:58:00;3646;sem vítima;85;BR-040/RJ;Sul;Choque - Objeto Fixo;1;;;;;;;;;;1;;;;
25/02/2010;14:12:00;3642;sem vítima;86;BR-040/RJ;Norte;Choque - Objeto Fixo;1;;;;;;;;;;1;;;;
25/02/2010;14:23:00;3644;sem vítima;86;BR-040/RJ;Norte;Queda de Moto;1;;;;;;;;;;1;;;;
25/02/2010;18:02:00;3671;sem vítima;93;BR-040/RJ;Sul;Derrapagem;1;;;;;;;;;;1;;;;
25/02/2010;21:37:00;3691;com vítima;97;BR-040/RJ;Sul;Choque - Objeto Fixo;1;;;;;;;;;;0;1;;;
25/02/2010;09:19:00;3611;com vítima;105;BR-040/RJ;Sul;Colisão Traseira;2;;;;;;;;;;1;1;;;
25/02/2010;07:15:00;3596;com vítima;110;BR-040/RJ;Norte;Colisão Traseira;1;;;;1;;;;;;1;1;;;
25/02/2010;10:40:00;3623;sem vítima;112;BR-040/RJ;Norte;Colisão Lateral;1;;1;;;;;;;;2;;;;
25/02/2010;22:53:00;3698;com vítima;115;BR-040/RJ;Sul;Choque - Objeto Fixo;1;;;;;;;;;;0;1;;;
25/02/2010;09:15:00;3610;com vítima;787;BR-040/MG;Norte;Choque - Objeto Fixo;1;;;;;;;;;;0;1;;;
25/02/2010;20:59:00;3688;com vítima;800;BR-040/MG;Norte;Choque - Objeto Fixo;1;;;;;;;;;;0;1;;;
25/02/2010;07:00:00;3593;com vítima;119;BR-040/RJ;Norte;Colisão Transversal;1;;1;;;;;;;;1;1;1;;
25/02/2010;07:07:00;3595;sem vítima;123;BR-040/RJ;Sul;Engavetamento;3;;;;;;;;;;3;;;;
25/02/2010;19:42:00;3681;sem vítima;124;BR-040/RJ;Norte;Colisão Traseira;1;;1;;;;;;;;2;;;;
26/02/2010;23:12:00;3829;sem vítima;10;BR-040/RJ;Norte;Choque - Objeto Fixo;1;;;;;;;;;;1;;;;
26/02/2010;06:18:00;3718;com vítima;79;BR-040/RJ;Sul;Capotamento;;;1;;;;;;;;0;1;;;
26/02/2010;16:44:00;3788;com vítima;82;BR-040/RJ;Sul;;1;;;;;;;;;;0;2;;;
26/02/2010;17:08:00;3792;sem vítima;84;BR-040/RJ;Sul;;1;;;;;;;;;;1;;;;
26/02/2010;10:30:00;3739;sem vítima;85;BR-040/RJ;Sul;Choque - Objeto Fixo;1;;;;;;;;;;1;;;;
26/02/2010;18:25:00;3797;sem vítima;90;BR-040/RJ;Sul;Colisão Traseira;1;;1;;;;;;;;2;;;;
26/02/2010;10:47:00;3742;sem vítima;91;BR-040/RJ;Norte;;1;;;;;;;;;;1;;;;
26/02/2010;14:29:00;3766;com vítima;91;BR-040/RJ;Sul;Choque - Objeto Fixo;1;;;;;;;;;;3;;1;;
26/02/2010;09:44:00;3736;sem vítima;92;BR-040/RJ;Sul;Choque - Objeto Fixo;1;;;;;;;;;;2;;;;
26/02/2010;16:42:00;3786;sem vítima;94;BR-040/RJ;Sul;Choque - Objeto Fixo;1;;;;;;;;;;1;;;;
26/02/2010;15:10:00;3774;sem vítima;114;BR-040/RJ;Norte;Choque - Objeto Fixo;1;;;;;;;;;;1;;;;
26/02/2010;16:16:00;3781;sem vítima;117;BR-040/RJ;Sul;Colisão Lateral;;;;;1;;1;;;;2;;;;
26/02/2010;14:25:00;3767;sem vítima;784;BR-040/MG;Sul;Choque - Objeto Fixo;1;;;;;;;;;;1;;;;
26/02/2010;05:34:00;3715;com vítima;815;BR-040/MG;Sul;Capotamento;1;;;;;;;;;;0;2;;;
26/02/2010;15:32:00;3776;sem vítima;121;BR-040/RJ;Sul;;;;;;;;;;;;0;;;;
26/02/2010;20:25:00;3814;com vítima;124;BR-040/RJ;Sul;Atropelamento - Pedestre;;;;;;1;;;;;1;;1;;
27/02/2010;12:16:00;3879;com vítima;70;BR-040/RJ;Sul;Choque - Objeto Fixo;1;;;;;;;;;;0;;2;1;
27/02/2010;15:25:00;3896;sem vítima;77;BR-040/RJ;Sul;Choque - Objeto Fixo;1;;;;;;;;;;1;;;;
27/02/2010;15:45:00;3897;sem vítima;84;BR-040/RJ;Sul;Choque - Objeto Fixo;1;;;;;;;;;;1;;;;
27/02/2010;16:05:00;3899;sem vítima;84;BR-040/RJ;Sul;Engavetamento;2;;2;;;;;;;;4;;;;
27/02/2010;10:26:00;3872;sem vítima;107;BR-040/RJ;Norte;Colisão Traseira;2;;;;;;;;;;2;;;;
27/02/2010;06:08:00;3852;sem vítima;110;BR-040/RJ;Sul;Colisão Transversal;1;;1;;;;;;;;2;;;;
27/02/2010;21:51:00;3932;sem vítima;110;BR-040/RJ;Norte;Colisão Lateral;2;;;;;;;;;;2;;;;
27/02/2010;21:58:00;3935;sem vítima;780;BR-040/MG;Norte;Colisão Traseira;1;;;;;;;;;;1;;;;
27/02/2010;20:55:00;3928;sem vítima;785;BR-040/MG;Norte;Capotamento;1;;;;;;;;;;1;;;;
27/02/2010;19:27:00;3917;com vítima;793;BR-040/MG;Norte;Capotamento;1;;;;;;;;;;0;1;;;
28/02/2010;17:50:00;4009;com vítima;2;BR-040/RJ;Sul;Capotamento;1;;;;;;;;;;0;1;;;
28/02/2010;21:21:00;4038;sem vítima;24;BR-040/RJ;Norte;Choque - Objeto Fixo;1;;;;;;;;;;1;;;;
28/02/2010;19:49:00;4024;sem vítima;30;BR-040/RJ;Norte;Derrapagem;1;;;;;;;;;;1;;;;
28/02/2010;17:51:00;4010;sem vítima;84;BR-040/RJ;Sul;Engavetamento;3;;;;;;;;;;9;;;;
28/02/2010;20:41:00;4032;sem vítima;84;BR-040/RJ;Sul;Choque - Objeto Fixo;1;;;;;;;;;;1;;;;
28/02/2010;20:40:00;4031;sem vítima;92;BR-040/RJ;Sul;Derrapagem;1;;;;;;;;;;1;;;;
28/02/2010;23:19:00;4048;sem vítima;111;BR-040/RJ;Sul;Choque - Objeto Fixo;1;;;;;;;;;;1;;;;
28/02/2010;14:30:00;3991;com vítima;115;BR-040/RJ;Norte;Queda de Moto;;;;1;;;;;;;0;2;;;
28/02/2010;16:48:00;3999;sem vítima;799;BR-040/MG;Norte;Choque - Objeto Fixo;1;;;;;;;;;;1;;;;
28/02/2010;18:01:00;4012;sem vítima;823;BR-040/MG;Sul;Choque - Objeto Fixo;1;;;;;;;;;;1;;;;
28/02/2010;19:51:00;4025;sem vítima;823;BR-040/MG;Sul;Colisão Traseira;2;;;;;;;;;;2;;;;
01/03/2010;15:13:00;66;com vítima;2;BR-040/RJ;Norte;Choque - Objeto Fixo;1;;;;;;;;;;0;1;;;
01/03/2010;02:19:00;5;com vítima;15;BR-040/RJ;Sul;Capotamento;1;;;;;;;;;;3;1;;;
01/03/2010;09:36:00;33;sem vítima;15;BR-040/RJ;Sul;Derrapagem;1;;;;;;;;;;1;;;;
01/03/2010;00:01:00;2;sem vítima;45;BR-040/RJ;Norte;Choque - Objeto Fixo;;;1;;;;;;;;1;;;;
01/03/2010;10:56:00;43;sem vítima;65;BR-040/RJ;Norte;Choque - Objeto Fixo;1;;;;;;;;;;1;;;;
01/03/2010;11:25:00;46;sem vítima;74;BR-040/RJ;Norte;Choque - Objeto Fixo;1;;;;;;;;;;1;;;;
01/03/2010;17:21:00;81;sem vítima;78;BR-040/RJ;Sul;;1;;;;;;;;;;1;;;;
01/03/2010;08:25:00;24;sem vítima;87;BR-040/RJ;Sul;Choque - Objeto Fixo;1;;;;;;;;;;1;;;;
01/03/2010;08:27:00;27;com vítima;87;BR-040/RJ;Sul;Capotamento;1;;;;;;;;;;0;2;;;
01/03/2010;09:09:00;29;sem vítima;92;BR-040/RJ;Sul;Choque - Objeto Fixo;1;;;;;;;;;;1;;;;
01/03/2010;11:36:00;49;sem vítima;92;BR-040/RJ;Sul;Choque - Objeto Fixo;1;;;;;;;;;;1;;;;
01/03/2010;13:13:00;56;sem vítima;94;BR-040/RJ;Sul;Capotamento;1;;;;;;;;;;1;;;;
01/03/2010;06:54:00;18;sem vítima;95;BR-040/RJ;Sul;Choque - Objeto Fixo;1;;;;;;;;;;1;;;;
01/03/2010;06:19:00;12;sem vítima;97;BR-040/RJ;Sul;Derrapagem;1;;;;;;;;;;1;;;;
01/03/2010;14:14:00;60;sem vítima;104;BR-040/RJ;Norte;Choque - Objeto Fixo;1;;;;;;;;;;1;;;;
01/03/2010;04:52:00;9;com vítima;112;BR-040/RJ;Norte;Capotamento;1;;;;;;;;;;1;2;1;;
01/03/2010;04:54:00;13;sem vítima;112;BR-040/RJ;Norte;Choque - Objeto Fixo;1;;;;;;;;;;1;;;;
01/03/2010;05:20:00;14;com vítima;112;BR-040/RJ;Norte;Colisão Lateral;;;2;;;;;;;;1;2;;;
01/03/2010;08:19:00;23;sem vítima;114;BR-040/RJ;Norte;Colisão Traseira;;;1;;1;;;;;;2;;;;
01/03/2010;19:49:00;91;sem vítima;117;BR-040/RJ;Sul;Engavetamento;1;;2;;;;;;;;3;;;;
01/03/2010;09:54:00;37;sem vítima;783;BR-040/MG;Norte;Choque - Objeto Fixo;1;;;;;;;;;;1;;;;
01/03/2010;16:36:00;76;com vítima;783;BR-040/MG;Norte;Choque - Objeto Fixo;1;;;;;;;;;;0;2;2;;
01/03/2010;09:51:00;36;com vítima;800;BR-040/MG;Sul;Choque - Objeto Fixo;1;;;;;;;;;;0;1;;;
01/03/2010;17:13:00;80;sem vítima;804;BR-040/MG;Sul;Choque - Objeto Fixo;1;;;;;;;;;;1;;;;
01/03/2010;09:48:00;35;sem vítima;828;BR-040/MG;Norte;Choque - Objeto Fixo;1;;;;;;;;;;1;;;;
01/03/2010;20:16:00;96;sem vítima;122;BR-040/RJ;Norte;Colisão Lateral;1;;1;;;;;;;;2;;;;
01/03/2010;21:01:00;107;sem vítima;122;BR-040/RJ;Sul;Choque - Objeto Fixo;1;;;;;;;;;;1;;;;
01/03/2010;09:57:00;38;sem vítima;123;BR-040/RJ;Sul;Colisão Lateral;;;2;;;;;;;;2;;;;
01/03/2010;16:34:00;75;com vítima;123;BR-040/RJ;Sul;Colisão Traseira;;;1;;1;;;;;;1;1;;;
01/03/2010;20:26:00;102;sem vítima;123;BR-040/RJ;Norte;;2;;;;;;;;;;2;;;;
01/03/2010;21:40:00;112;sem vítima;123;BR-040/RJ;Sul;Colisão Lateral;1;;1;;;;;;;;2;;;;
02/03/2010;01:44:00;128;sem vítima;29;BR-040/RJ;Sul;Derrapagem;;;1;;;;;;;;1;;;;
02/03/2010;14:21:00;191;sem vítima;43;BR-040/RJ;Sul;Choque - Objeto Fixo;1;;;;;;;;;;1;;;;
02/03/2010;22:37:00;231;com vítima;47;BR-040/RJ;Sul;Choque - Objeto Fixo;1;;;;;;;;;;0;;;1;
02/03/2010;11:52:00;175;sem vítima;73;BR-040/RJ;Sul;;;;;;;;;;;;0;;;;
02/03/2010;06:50:00;138;sem vítima;85;BR-040/RJ;Norte;Choque - Objeto Fixo;1;;;;;;;;;;1;;;;
02/03/2010;15:06:00;195;com vítima;92;BR-040/RJ;Sul;Choque - Objeto Fixo;1;;;;;;;;;;0;2;;;
02/03/2010;18:24:00;221;sem vítima;105;BR-040/RJ;Norte;Colisão Traseira;2;;;;;;;;;;2;;;;
02/03/2010;14:02:00;188;com vítima;783;BR-040/MG;Norte;Choque - Objeto Fixo;1;;;;;;;;;;0;1;;;
02/03/2010;08:34:00;148;com vítima;123;BR-040/RJ;Sul;Colisão Traseira;;;1;1;;;;;;;1;;1;;
03/03/2010;17:52:00;329;sem vítima;52;BR-040/RJ;Norte;Tombamento;;;1;;;;;;;;1;;;;
03/03/2010;13:18:00;295;com vítima;73;BR-040/RJ;Sul;Capotamento;1;;;;;;;;;;0;1;;;
03/03/2010;13:30:00;296;sem vítima;84;BR-040/RJ;Sul;Colisão Traseira;1;;;;;;;;;;1;;;;
03/03/2010;15:04:00;308;sem vítima;96;BR-040/RJ;Sul;Choque - Objeto Fixo;1;;;;;;;;;;1;;;;
03/03/2010;15:04:00;309;sem vítima;776;BR-040/MG;Sul;Choque - Objeto Fixo;1;;;;;;;;;;1;;;;
03/03/2010;15:38:00;314;sem vítima;118;BR-040/RJ;Sul;Colisão Lateral;2;;;;;;;;;;3;;;;
03/03/2010;18:40:00;332;sem vítima;118;BR-040/RJ;Norte;Colisão Traseira;;;2;;;;;;;;2;;;;
03/03/2010;13:45:00;298;sem vítima;120;BR-040/RJ;Sul;Colisão Traseira;2;;;;;;;;;;2;;;;
03/03/2010;07:02:00;254;sem vítima;123;BR-040/RJ;Sul;Colisão Lateral;1;;1;;;;;;;;2;;;;
04/03/2010;21:00:00;475;sem vítima;44;BR-040/RJ;Sul;Atropelamento - Animal;;;1;;;;;;;;1;;;;
04/03/2010;13:53:00;417;sem vítima;74;BR-040/RJ;Norte;Choque - Objeto Fixo;1;;;;;;;;;;1;;;;
04/03/2010;17:25:00;449;sem vítima;796;BR-040/MG;Sul;Choque - Objeto Fixo;1;;;;;;;;;;1;;;;
04/03/2010;13:46:00;416;com vítima;804;BR-040/MG;Sul;Capotamento;1;;;;;;;;;;0;1;;;
04/03/2010;18:53:00;462;sem vítima;119;BR-040/RJ;Sul;Colisão Lateral;1;;;;1;;;;;;2;;;;
04/03/2010;06:05:00;363;sem vítima;123;BR-040/RJ;Sul;Colisão Lateral;1;;1;;;;;;;;2;;;;
04/03/2010;06:50:00;365;sem vítima;123;BR-040/RJ;Sul;Colisão Lateral;1;;1;;;;;;;;2;;;;
04/03/2010;10:25:00;393;sem vítima;123;BR-040/RJ;Sul;Queda de Moto;;;;1;;;;;;;1;;;;
05/03/2010;15:20:00;570;sem vítima;13;BR-040/RJ;Norte;Choque - Objeto Fixo;1;;;;;;;;;;1;;;;
05/03/2010;14:52:00;566;sem vítima;15;BR-040/RJ;Sul;Choque - Objeto Fixo;1;;;;;;;;;;1;;;;
05/03/2010;15:09:00;569;com vítima;30;BR-040/RJ;Sul;Capotamento;1;;;;;;;;;;0;;1;;
05/03/2010;17:44:00;592;sem vítima;32;BR-040/RJ;Norte;Choque - Objeto Fixo;1;;;;;;;;;;1;;;;
05/03/2010;06:47:00;512;sem vítima;84;BR-040/RJ;Sul;Choque - Objeto Fixo;1;;;;;;;;;;1;;;;
05/03/2010;21:55:00;626;sem vítima;84;BR-040/RJ;Norte;Choque - Objeto Fixo;1;;;;;;;;;;1;;;;
05/03/2010;06:38:00;510;com vítima;92;BR-040/RJ;Norte;Derrapagem;1;;;;;;;;;;0;1;1;;
05/03/2010;06:52:00;515;com vítima;92;BR-040/RJ;Norte;Derrapagem;1;;;;;;;;;;0;1;;;
05/03/2010;06:30:00;509;sem vítima;93;BR-040/RJ;Norte;Derrapagem;1;;;;;;;;;;1;;;;
05/03/2010;19:27:00;607;sem vítima;94;BR-040/RJ;Sul;Choque - Objeto Fixo;1;;;;;;;;;;1;;;;
05/03/2010;13:21:00;557;sem vítima;97;BR-040/RJ;Norte;Choque - Objeto Fixo;1;;;;;;;;;;1;;;;
05/03/2010;17:43:00;591;sem vítima;780;BR-040/MG;Sul;Colisão Lateral;2;;;;;;;;;;2;;;;
05/03/2010;13:17:00;556;sem vítima;783;BR-040/MG;Norte;Choque - Objeto Fixo;1;;;;;;;;;;1;;;;
05/03/2010;13:51:00;560;sem vítima;787;BR-040/MG;Sul;Choque - Objeto Fixo;1;;;;;;;;;;1;;;;
05/03/2010;23:05:00;629;sem vítima;813;BR-040/MG;Sul;Choque - Objeto Fixo;;;1;;;;;;;;1;;;;
05/03/2010;15:20:00;573;sem vítima;816;BR-040/MG;Norte;Colisão Lateral;2;;;;;;;;;;2;;;;
05/03/2010;14:01:00;562;sem vítima;122;BR-040/RJ;Sul;Engavetamento;;;1;;2;;;;;;3;;;;
05/03/2010;12:21:00;552;com vítima;124;BR-040/RJ;Sul;Colisão Lateral;1;;;;;1;;;;;1;2;;;
06/03/2010;20:26:00;747;sem vítima;82;BR-040/RJ;Norte;Choque - Objeto Fixo;1;;;;;;;;;;1;;;;
06/03/2010;23:42:00;770;sem vítima;83;BR-040/RJ;Norte;Colisão Frontal;2;;;;;;;;;;2;;;;
06/03/2010;18:36:00;726;sem vítima;87;BR-040/RJ;Norte;Choque - Objeto Fixo;1;;;;;;;;;;1;;;;
06/03/2010;09:38:00;662;sem vítima;92;BR-040/RJ;Norte;;1;;;;;;;;;;1;;;;
06/03/2010;13:28:00;691;sem vítima;98;BR-040/RJ;Norte;Colisão Lateral;2;;;;;;;;;;2;;;;
06/03/2010;22:52:00;767;sem vítima;113;BR-040/RJ;Norte;Choque - Objeto Fixo;1;;;;;;;;;;1;;;;
06/03/2010;08:59:00;655;sem vítima;784;BR-040/MG;Norte;Choque - Objeto Fixo;1;;;;;;;;;;1;;;;
06/03/2010;22:44:00;764;com vítima;118;BR-040/RJ;Norte;Engavetamento;4;;;;;;;;;;3;;1;;
06/03/2010;01:17:00;637;sem vítima;122;BR-040/RJ;Norte;Colisão Traseira;1;;1;;;;;;;;2;;;;
07/03/2010;04:57:00;785;com vítima;46;BR-040/RJ;Sul;Atropelamento - Pedestre;;;;;;1;;;;;1;;;;1
07/03/2010;19:40:00;884;sem vítima;76;BR-040/RJ;Sul;Derrapagem;;;1;;;;;;;;1;;;;
07/03/2010;12:15:00;828;sem vítima;84;BR-040/RJ;Sul;Choque - Objeto Fixo;1;;;;;;;;;;1;;;;
07/03/2010;12:59:00;832;sem vítima;85;BR-040/RJ;Norte;;1;;;;;;;;;;1;;;;
07/03/2010;19:59:00;885;sem vítima;92;BR-040/RJ;Sul;Choque - Objeto Fixo;1;;;;;;;;;;1;;;;
07/03/2010;20:10:00;889;sem vítima;92;BR-040/RJ;Sul;Choque - Objeto Fixo;1;;;;;;;;;;1;;;;
07/03/2010;20:10:00;890;com vítima;92;BR-040/RJ;Sul;Capotamento;1;;;;;;;;;;2;2;;;
07/03/2010;20:38:00;894;sem vítima;92;BR-040/RJ;Sul;Choque - Objeto Fixo;1;;;;;;;;;;1;;;;
07/03/2010;20:16:00;891;sem vítima;93;BR-040/RJ;Sul;Derrapagem;1;;;;;;;;;;1;;;;
07/03/2010;20:50:00;895;com vítima;94;BR-040/RJ;Sul;Queda de Moto;;;;1;;;;;;;1;1;;;
07/03/2010;22:00:00;902;com vítima;94;BR-040/RJ;Sul;Derrapagem;1;;;;;;;;;;2;1;;;
07/03/2010;18:02:00;870;sem vítima;104;BR-040/RJ;Sul;Colisão Lateral;1;;;;;1;;;;;2;;;;
07/03/2010;22:55:00;904;com vítima;109;BR-040/RJ;Norte;Colisão Lateral;1;;1;;;;;;;;1;;1;3;
07/03/2010;16:28:00;860;com vítima;789;BR-040/MG;Sul;Atropelamento - Pedestre;1;;;;;;;;;;1;;;1;
07/03/2010;05:52:00;789;sem vítima;793;BR-040/MG;Sul;Choque - Objeto Fixo;1;;;;;;;;;;1;;;;
07/03/2010;00:55:00;774;sem vítima;119;BR-040/RJ;Sul;Choque - Objeto Fixo;1;;;;;;;;;;1;;;;
07/03/2010;08:30:00;803;sem vítima;824;BR-040/MG;Norte;Derrapagem;;;1;;;;;;;;1;;;;
07/03/2010;01:36:00;778;sem vítima;825;BR-040/MG;Sul;Derrapagem;1;;;;;;;;;;1;;;;
07/03/2010;10:45:00;815;sem vítima;123;BR-040/RJ;Sul;Colisão Traseira;2;;;;;;;;;;2;;;;
08/03/2010;19:13:00;1015;com vítima;52;BR-040/RJ;Norte;Choque - Objeto Fixo;1;;;;;;;;;;0;1;;;
08/03/2010;06:45:00;928;sem vítima;69;BR-040/RJ;Sul;Queda de Moto;;;;1;;;;;;;2;;;;
09/03/2010;12:41:00;1090;com vítima;22;BR-040/RJ;Norte;Tombamento;;;1;;;;;;;;0;;1;;
09/03/2010;10:50:00;1074;com vítima;85;BR-040/RJ;Norte;Choque - Objeto Fixo;1;;;;;;;;;;0;1;;;
09/03/2010;18:01:00;1134;com vítima;105;BR-040/RJ;Norte;Atropelamento - Pedestre;;;;;;1;;;;;1;1;;;
09/03/2010;10:43:00;1072;com vítima;109;BR-040/RJ;Norte;Atropelamento - Pedestre;;;;;1;;;;;;1;;;1;
09/03/2010;08:32:00;1056;com vítima;114;BR-040/RJ;Norte;Queda de Moto;;;;1;;;;;;;0;;1;;
09/03/2010;17:45:00;1133;sem vítima;114;BR-040/RJ;Norte;Colisão Lateral;2;;;;;;;;;;2;;;;
09/03/2010;12:42:00;1091;sem vítima;117;BR-040/RJ;Norte;Colisão Lateral;1;;1;;;;;;;;2;;;;
09/03/2010;15:54:00;1115;sem vítima;119;BR-040/RJ;Norte;Colisão Lateral;1;;1;;;;;;;;2;;;;
09/03/2010;16:47:00;1118;sem vítima;119;BR-040/RJ;Norte;Engavetamento;1;;;;;2;;;;;3;;;;
09/03/2010;15:10:00;1113;sem vítima;123;BR-040/RJ;Sul;Colisão Lateral;1;;1;;;;;;;;2;;;;
10/03/2010;08:12:00;1188;sem vítima;65;BR-040/RJ;Norte;Choque - Objeto Fixo;1;;;;;;;;;;1;;;;
10/03/2010;12:31:00;1219;sem vítima;67;BR-040/RJ;Norte;;1;;;;;;;;;;1;;;;
10/03/2010;21:15:00;1286;sem vítima;78;BR-040/RJ;Sul;Choque - Objeto Fixo;1;;;;;;;;;;1;;;;
10/03/2010;14:43:00;1240;sem vítima;97;BR-040/RJ;Sul;Choque - Objeto Fixo;1;;;;;;;;;;1;;;;
10/03/2010;20:28:00;1280;sem vítima;97;BR-040/RJ;Norte;Choque - Objeto Fixo;1;;;;;;;;;;1;;;;
10/03/2010;06:53:00;1180;sem vítima;99;BR-040/RJ;Norte;Colisão Lateral;2;;;;;;;;;;2;;;;
10/03/2010;18:41:00;1267;sem vítima;112;BR-040/RJ;Norte;Engavetamento;1;;;;;2;;;;;3;;;;
10/03/2010;07:58:00;1184;sem vítima;115;BR-040/RJ;Norte;Colisão Lateral;1;;;;1;;;;;;2;;;;
10/03/2010;09:11:00;1196;sem vítima;115;BR-040/RJ;Norte;Colisão Traseira;2;;;;;;;;;;2;;;;
10/03/2010;15:11:00;1243;com vítima;115;BR-040/RJ;Sul;Atropelamento - Pedestre;;;;;;;;;;;0;;1;;
10/03/2010;18:59:00;1270;com vítima;118;BR-040/RJ;Sul;;1;;;;;;;;;;0;;1;;
10/03/2010;14:06:00;1235;sem vítima;804;BR-040/MG;Norte;Choque - Objeto Fixo;;;1;;;;;;;;1;;;;
10/03/2010;15:27:00;1244;com vítima;815;BR-040/MG;Norte;Tombamento;1;;1;;;;;;;;0;;1;1;
10/03/2010;14:33:00;1238;com vítima;123;BR-040/RJ;Sul;Queda de Moto;;;;1;;;;;;;0;2;;;
10/03/2010;14:36:00;1239;sem vítima;123;BR-040/RJ;Sul;Colisão Traseira;1;;1;;;;;;;;2;;;;
10/03/2010;18:57:00;1269;sem vítima;123;BR-040/RJ;Norte;;;;;;;;;;;;0;;;;
11/03/2010;09:51:00;1324;sem vítima;1;BR-040/RJ;Norte;Choque - Objeto Fixo;1;;;;;;;;;;1;;;;
11/03/2010;16:47:00;1375;sem vítima;82;BR-040/RJ;Norte;Engavetamento;3;;;;;;;;;;3;;;;
11/03/2010;15:20:00;1365;sem vítima;88;BR-040/RJ;Norte;Colisão Traseira;;;;;1;1;;;;;2;;;;
11/03/2010;16:37:00;1368;sem vítima;89;BR-040/RJ;Norte;Engavetamento;2;;;;;1;;;;;3;;;;
11/03/2010;16:10:00;1363;com vítima;109;BR-040/RJ;Norte;Choque - Objeto Fixo;1;;;;;;;;;;0;1;;;
11/03/2010;10:20:00;1326;sem vítima;114;BR-040/RJ;Norte;Colisão Lateral;2;;;;;;;;;;2;;;;
11/03/2010;02:56:00;1301;sem vítima;773;BR-040/MG;Sul;Choque - Objeto Fixo;;;;;1;;;;;;1;;;;
11/03/2010;07:50:00;1332;sem vítima;123;BR-040/RJ;Sul;Colisão Lateral;1;;1;;;;;;;;2;;;;
11/03/2010;13:27:00;1342;sem vítima;124;BR-040/RJ;Norte;Choque - Objeto Fixo;1;;;;;;;;;;1;;;;
12/03/2010;00:51:00;1431;sem vítima;25;BR-040/RJ;Sul;Capotamento;;;1;;;;;;;;1;;;;
12/03/2010;12:19:00;1487;com vítima;73;BR-040/RJ;Sul;Choque - Objeto Fixo;1;;;;;;;;;;0;;1;;
12/03/2010;16:08:00;1526;com vítima;93;BR-040/RJ;Sul;Choque - Objeto Fixo;;;1;;;;;;;;0;;1;;
12/03/2010;21:58:00;1573;sem vítima;805;BR-040/MG;Sul;Colisão Lateral;1;;1;;;;;;;;2;;;;