data;horario;n_da_ocorrencia;tipo_de_ocorrencia;km;trecho;sentido;tipo_de_acidente;automovel;bicicleta;caminhao;moto;onibus;outros;tracao_animal;transporte_de_cargas_especiais;trator_maquinas;utilitarios;ilesos;levemente_feridos;moderadamente_feridos;gravemente_feridos;mortos
03/04/2010;03:15:00;300;sem vítima;110;BR-040/RJ;Norte;Choque - Objeto Fixo;1;;;;;;;;;;1;;;;
03/04/2010;06:17:00;305;com vítima;112;BR-040/RJ;Norte;Capotamento;1;;1;;;;;;;;1;1;;;
03/04/2010;04:08:00;301;com vítima;113;BR-040/RJ;Norte;Capotamento;1;;;;;;;;;;0;1;2;1;
03/04/2010;22:35:00;377;com vítima;122;BR-040/RJ;Norte;Colisão Traseira;2;;;;;;;;;;1;1;;;
04/04/2010;06:58:00;405;sem vítima;18;BR-040/RJ;Sul;Choque - Objeto Fixo;1;;;;;;;;;;1;;;;
04/04/2010;17:19:00;487;com vítima;25;BR-040/RJ;Norte;Choque - Objeto Fixo;1;;;;;;;;;;0;1;;;
04/04/2010;22:45:00;544;sem vítima;39;BR-040/RJ;Sul;Choque - Objeto Fixo;1;;;;;;;;;;1;;;;
04/04/2010;16:20:00;476;com vítima;44;BR-040/RJ;Norte;Choque - Objeto Fixo;1;;;;;;;;;;0;2;3;;
04/04/2010;18:30:00;498;sem vítima;52;BR-040/RJ;Sul;Choque - Objeto Fixo;1;;;;;;;;;;1;;;;
04/04/2010;17:25:00;482;sem vítima;69;BR-040/RJ;Norte;Derrapagem;1;;;;;;;;;;1;;;;
04/04/2010;02:23:00;392;sem vítima;73;BR-040/RJ;Norte;Choque - Objeto Fixo;1;;;;;;;;;;1;;;;
04/04/2010;17:13:00;485;sem vítima;74;BR-040/RJ;Norte;Choque - Objeto Fixo;1;;;;;;;;;;1;;;;
04/04/2010;22:43:00;542;sem vítima;82;BR-040/RJ;Norte;Choque - Objeto Fixo;1;;;;;;;;;;1;;;;
04/04/2010;13:31:00;442;sem vítima;780;BR-040/MG;Sul;Choque - Objeto Fixo;1;;;;;;;;;;1;;;;
04/04/2010;14:04:00;449;sem vítima;780;BR-040/MG;Norte;Choque - Objeto Fixo;1;;;;;;;;;;1;;;;
04/04/2010;13:35:00;456;sem vítima;780;BR-040/MG;Sul;Colisão Traseira;2;;;;;;;;;;2;;;;
04/04/2010;13:48:00;446;com vítima;782;BR-040/MG;Norte;Choque - Objeto Fixo;1;;;;;;;;;;0;;2;;
04/04/2010;14:04:00;450;sem vítima;782;BR-040/MG;Norte;Choque - Objeto Fixo;1;;;;;;;;;;1;;;;
04/04/2010;15:25:00;463;sem vítima;783;BR-040/MG;Norte;Choque - Objeto Fixo;1;;;;;;;;;;1;;;;
04/04/2010;16:21:00;477;com vítima;783;BR-040/MG;Norte;Capotamento;1;;;;;;;;;;0;1;;;
04/04/2010;16:28:00;478;com vítima;783;BR-040/MG;Norte;Capotamento;1;;;;;;;;;;0;2;;;
04/04/2010;15:45:00;495;sem vítima;784;BR-040/MG;Norte;Choque - Objeto Fixo;1;;;;;;;;;;1;;;;
04/04/2010;14:55:00;460;sem vítima;787;BR-040/MG;Norte;Choque - Objeto Fixo;1;;;;;;;;;;1;;;;
04/04/2010;13:40:00;444;sem vítima;815;BR-040/MG;Norte;Choque - Objeto Fixo;1;;;;;;;;;;1;;;;
04/04/2010;16:14:00;471;sem vítima;815;BR-040/MG;Sul;Choque - Objeto Fixo;1;;;;;;;;;;1;;;;
04/04/2010;23:46:00;551;sem vítima;90;BR-040/RJ;Sul;Choque - Objeto Fixo;1;;;;;;;;;;1;;;;
04/04/2010;19:02:00;504;sem vítima;92;BR-040/RJ;Norte;Choque - Objeto Fixo;1;;;;;;;;;;1;;;;
04/04/2010;23:20:00;549;sem vítima;92;BR-040/RJ;Sul;Capotamento;1;;;;;;;;;;1;;;;
04/04/2010;20:53:00;524;com vítima;94;BR-040/RJ;Sul;Capotamento;1;;;;;;;;;;0;2;;;
04/04/2010;21:25:00;534;com vítima;94;BR-040/RJ;Sul;Derrapagem;1;;;;;;;;;;0;1;;;
04/04/2010;22:47:00;543;sem vítima;94;BR-040/RJ;Sul;Colisão Lateral;1;;;;;1;;;;;2;;;;
04/04/2010;19:29:00;507;sem vítima;109;BR-040/RJ;Sul;Colisão Traseira;2;;;;;;;;;;2;;;;
04/04/2010;20:50:00;523;sem vítima;112;BR-040/RJ;Sul;Derrapagem;1;;;;;;;;;;1;;;;
04/04/2010;11:26:00;425;sem vítima;125;BR-040/RJ;Sul;Colisão Lateral;2;;;;;;;;;;2;;;;
05/04/2010;03:14:00;558;sem vítima;25;BR-040/RJ;Sul;Choque - Objeto Fixo;1;;;;;;;;;;1;;;;
05/04/2010;08:37:00;578;sem vítima;32;BR-040/RJ;Norte;Derrapagem;1;;;;;;;;;;1;;;;
05/04/2010;12:45:00;621;sem vítima;54;BR-040/RJ;Sul;Derrapagem;1;;;;;;;;;;2;;;;
05/04/2010;03:37:00;559;com vítima;70;BR-040/RJ;Sul;Derrapagem;1;;;;;;;;;;0;3;2;;
05/04/2010;11:15:00;613;sem vítima;81;BR-040/RJ;Sul;Derrapagem;1;;;;;;;;;;1;;;;
05/04/2010;01:23:00;555;com vítima;91;BR-040/RJ;Sul;Capotamento;1;;;;;;;;;;0;2;;;
05/04/2010;15:42:00;643;com vítima;92;BR-040/RJ;Sul;Capotamento;1;;;;;;;;;;0;1;;;
05/04/2010;20:31:00;673;sem vítima;102;BR-040/RJ;Sul;Derrapagem;1;;;;;;;;;;1;;;;
05/04/2010;22:06:00;685;sem vítima;102;BR-040/RJ;Norte;Derrapagem;1;;;;;;;;;;1;;;;
05/04/2010;13:18:00;627;com vítima;106;BR-040/RJ;Sul;Atropelamento - Pedestre;;;;;;1;;;;;1;;;1;
05/04/2010;07:57:00;573;sem vítima;112;BR-040/RJ;Sul;Engavetamento;2;;;;;2;;;;;4;;;;
05/04/2010;21:46:00;683;sem vítima;114;BR-040/RJ;Norte;Colisão Traseira;2;;;;;;;;;;2;;;;
05/04/2010;05:10:00;563;com vítima;116;BR-040/RJ;Sul;Engavetamento;1;;1;;1;;;;;;4;;4;;
05/04/2010;21:00:00;680;sem vítima;118;BR-040/RJ;Sul;Colisão Traseira;1;;;;;1;;;;;2;;;;
05/04/2010;03:36:00;560;com vítima;120;BR-040/RJ;Norte;Choque - Objeto Fixo;1;;;;;;;;;;1;1;;;
05/04/2010;13:36:00;629;sem vítima;122;BR-040/RJ;Sul;Colisão Lateral;1;;1;;;;;;;;2;;;;
05/04/2010;13:55:00;632;sem vítima;122;BR-040/RJ;Sul;Colisão Lateral;1;;1;;;;;;;;2;;;;
05/04/2010;13:26:00;628;sem vítima;123;BR-040/RJ;Sul;Colisão Lateral;1;;1;;;;;;;;2;;;;
06/04/2010;09:54:00;739;sem vítima;82;BR-040/RJ;Sul;Tombamento;;;1;;;;;;;;1;;;;
06/04/2010;17:42:00;793;sem vítima;783;BR-040/MG;Norte;Derrapagem;1;;;;;;;;;;1;;;;
06/04/2010;07:19:00;722;sem vítima;85;BR-040/RJ;Sul;Choque - Objeto Fixo;1;;;;;;;;;;1;;;;
06/04/2010;18:10:00;795;sem vítima;85;BR-040/RJ;Norte;Choque - Objeto Fixo;1;;;;;;;;;;1;;;;
06/04/2010;17:05:00;784;sem vítima;98;BR-040/RJ;Sul;Derrapagem;1;;;;;;;;;;1;;;;
06/04/2010;07:58:00;725;com vítima;107;BR-040/RJ;Norte;Colisão Lateral;2;;;;;;;;;;1;1;;;
06/04/2010;12:11:00;748;sem vítima;109;BR-040/RJ;Sul;Colisão Lateral;;;2;;;;;;;;2;;;;
06/04/2010;08:18:00;727;sem vítima;114;BR-040/RJ;Sul;Colisão Lateral;1;;1;;;;;;;;2;;;;
06/04/2010;07:10:00;718;sem vítima;122;BR-040/RJ;Sul;Derrapagem;1;;1;;;;;;;;2;;;;
07/04/2010;06:23:00;839;sem vítima;84;BR-040/RJ;Norte;Choque - Objeto Fixo;1;;;;;;;;;;1;;;;
07/04/2010;13:45:00;879;sem vítima;777;BR-040/MG;Sul;Tombamento;;;1;;;;;;;;1;;;;
07/04/2010;12:14:00;867;sem vítima;105;BR-040/RJ;Norte;Colisão Traseira;2;;;;;;;;;;2;;;;
07/04/2010;09:10:00;854;sem vítima;114;BR-040/RJ;Norte;Choque - Objeto Fixo;1;;;;;;;;;;1;;;;
07/04/2010;20:31:00;911;sem vítima;123;BR-040/RJ;Sul;Derrapagem;1;;;;;;;;;;1;;;;
08/04/2010;16:07:00;999;sem vítima;27;BR-040/RJ;Norte;Choque - Objeto Fixo;;;1;;;;;;;;1;;;;
08/04/2010;16:46:00;1002;sem vítima;109;BR-040/RJ;Sul;Colisão Traseira;1;;;;1;;;;;;2;;;;
08/04/2010;17:27:00;1008;com vítima;110;BR-040/RJ;Norte;Colisão Traseira;;;1;;1;;;;;;2;4;4;;
08/04/2010;19:30:00;1013;com vítima;110;BR-040/RJ;Norte;Atropelamento - Pedestre;1;;;;;;;;;;1;;1;;
08/04/2010;09:14:00;954;sem vítima;116;BR-040/RJ;Norte;Colisão Traseira;2;;;;;;;;;;2;;;;
08/04/2010;04:24:00;930;sem vítima;119;BR-040/RJ;Sul;Choque - Objeto Fixo;1;;;;;;;;;;1;;;;
08/04/2010;14:29:00;985;sem vítima;120;BR-040/RJ;Norte;Colisão Lateral;1;;1;;;;;;;;2;;;;
08/04/2010;08:30:00;947;sem vítima;123;BR-040/RJ;Sul;Colisão Lateral;1;;;;;1;;;;;2;;;;
09/04/2010;06:00:00;1045;sem vítima;38;BR-040/RJ;Norte;Capotamento;1;;;;;;;;;;2;;;;
09/04/2010;01:01:00;1039;sem vítima;67;BR-040/RJ;Norte;Capotamento;1;;;;;;;;;;1;;;;
09/04/2010;14:03:00;1098;sem vítima;84;BR-040/RJ;Sul;Choque - Objeto Fixo;1;;;;;;;;;;1;;;;
09/04/2010;21:32:00;1162;com vítima;827;BR-040/MG;Norte;Tombamento;;;1;;;;;;;;0;;1;;
09/04/2010;10:48:00;1079;sem vítima;92;BR-040/RJ;Sul;Derrapagem;1;;;;;;;;;;2;;;;
09/04/2010;11:44:00;1087;com vítima;96;BR-040/RJ;Norte;Tombamento;;;1;;;;;;;;0;1;;;
09/04/2010;21:10:00;1159;com vítima;102;BR-040/RJ;Norte;Queda de Moto;;;;1;;;;;;;0;1;1;;
09/04/2010;17:01:00;1125;com vítima;105;BR-040/RJ;Norte;Atropelamento - Pedestre;;;;;;;;;;;0;1;;;
09/04/2010;14:30:00;1100;sem vítima;109;BR-040/RJ;Sul;Colisão Traseira;2;;;;;;;;;;2;;;;
09/04/2010;18:19:00;1133;sem vítima;109;BR-040/RJ;Norte;Engavetamento;4;;;;;;;;;;4;;;;
09/04/2010;18:39:00;1143;sem vítima;110;BR-040/RJ;Norte;Choque - Objeto Fixo;;;;;;1;;;;;1;;;;
09/04/2010;16:39:00;1121;sem vítima;116;BR-040/RJ;Norte;Colisão Traseira;1;;;;;1;;;;;2;;;;
09/04/2010;08:45:00;1062;sem vítima;124;BR-040/RJ;Sul;Colisão Lateral;;;1;;1;;;;;;2;;;;
10/04/2010;16:11:00;1236;sem vítima;60;BR-040/RJ;Norte;Capotamento;1;;;;;;;;;;1;;;;
10/04/2010;11:41:00;1216;sem vítima;78;BR-040/RJ;Sul;Choque - Objeto Fixo;1;;;;;;;;;;1;;;;
10/04/2010;05:18:00;1185;com vítima;82;BR-040/RJ;Sul;Choque - Objeto Fixo;1;;;;;;;;;;0;;1;;
10/04/2010;00:41:00;1172;sem vítima;85;BR-040/RJ;Norte;Choque - Objeto Fixo;1;;;;;;;;;;1;;;;
10/04/2010;20:43:00;1266;com vítima;102;BR-040/RJ;Norte;Colisão Traseira;2;;;;;;;;;;0;2;2;;
10/04/2010;05:07:00;1181;com vítima;120;BR-040/RJ;Sul;Colisão Traseira;2;;;;;;;;;;0;7;2;1;
11/04/2010;07:23:00;1291;com vítima;35;BR-040/RJ;Sul;Choque - Objeto Fixo;1;;;;;;;;;;0;;4;;
11/04/2010;19:06:00;1360;com vítima;92;BR-040/RJ;Sul;Choque - Objeto Fixo;1;;;;;;;;;;0;1;;;
11/04/2010;04:20:00;1283;com vítima;119;BR-040/RJ;Norte;Capotamento;1;;;;;;;;;;0;;2;;
11/04/2010;04:27:00;1284;sem vítima;119;BR-040/RJ;Norte;Choque - Objeto Fixo;1;;;;;;;;;;1;;;;
11/04/2010;12:35:00;1315;sem vítima;123;BR-040/RJ;Norte;Colisão Lateral;2;;;;;;;;;;2;;;;
12/04/2010;14:32:00;1442;com vítima;815;BR-040/MG;Sul;Choque - Objeto Fixo;1;;;;;;;;;;0;1;;;
12/04/2010;07:15:00;1399;sem vítima;85;BR-040/RJ;Sul;Colisão Traseira;2;;;;;;;;;;2;;;;
12/04/2010;11:06:00;1420;sem vítima;85;BR-040/RJ;Sul;Capotamento;1;;;;;;;;;;1;;;;
12/04/2010;09:41:00;1411;sem vítima;88;BR-040/RJ;Sul;Choque - Objeto Fixo;1;;;;;;;;;;1;;;;
12/04/2010;16:05:00;1452;com vítima;99;BR-040/RJ;Norte;Derrapagem;1;;;;;;;;;;0;1;;;
13/04/2010;14:00:00;1537;sem vítima;45;BR-040/RJ;Sul;Choque - Objeto Fixo;1;;;;;;;;;;1;;;;
13/04/2010;10:05:00;1512;sem vítima;86;BR-040/RJ;Sul;Choque - Objeto Fixo;1;;;;;;;;;;1;;;;
13/04/2010;15:40:00;1554;sem vítima;89;BR-040/RJ;Norte;Colisão Traseira;;;1;;1;;;;;;2;;;;
13/04/2010;20:07:00;1586;com vítima;105;BR-040/RJ;Sul;Atropelamento - Pedestre;;;;;;1;;;;;1;1;;;
13/04/2010;05:48:00;1501;com vítima;112;BR-040/RJ;Sul;Engavetamento;2;;1;;;;;;;;0;4;;;
13/04/2010;05:40:00;1500;sem vítima;121;BR-040/RJ;Sul;Colisão Traseira;;;1;;1;;;;;;2;;;;
13/04/2010;07:15:00;1504;com vítima;121;BR-040/RJ;Sul;Colisão Traseira;2;;;;;;;;;;1;;1;;
13/04/2010;19:47:00;1583;com vítima;123;BR-040/RJ;Norte;Atropelamento - Pedestre;;;;;;1;;;;;1;;;1;
14/04/2010;10:21:00;1651;com vítima;78;BR-040/RJ;Sul;Tombamento;;;1;;;;;;;;0;;1;;
14/04/2010;16:31:00;1689;sem vítima;788;BR-040/MG;Sul;Atropelamento - Animal;1;;;;;;;;;;1;;;;
14/04/2010;07:01:00;1630;sem vítima;94;BR-040/RJ;Norte;Tombamento;;;1;;;;;;;;1;;;;
14/04/2010;11:43:00;1655;com vítima;100;BR-040/RJ;Sul;Choque - Objeto Fixo;1;;;;;;;;;;0;1;;;
14/04/2010;22:19:00;1716;com vítima;110;BR-040/RJ;Sul;Capotamento;1;;;;;;;;;;0;;1;;
14/04/2010;00:38:00;1606;com vítima;113;BR-040/RJ;Norte;Choque - Objeto Fixo;1;;;;;;;;;;0;2;;;
14/04/2010;09:44:00;1644;com vítima;113;BR-040/RJ;Norte;Colisão Traseira;2;;;;;;;;;;1;;1;;
14/04/2010;16:00:00;1685;sem vítima;115;BR-040/RJ;Sul;Colisão Traseira;2;;;;;;;;;;2;;;;
14/04/2010;18:02:00;1700;com vítima;115;BR-040/RJ;Norte;Colisão Traseira;1;;;;;1;;;;;1;1;;;
14/04/2010;16:22:00;1688;sem vítima;123;BR-040/RJ;Sul;Colisão Lateral;1;;;;1;;;;;;2;;;;
15/04/2010;15:30:00;1787;sem vítima;80;BR-040/RJ;Sul;Derrapagem;1;;;;;;;;;;1;;;;
15/04/2010;01:30:00;1723;sem vítima;791;BR-040/MG;Norte;Colisão Traseira;2;;;;;;;;;;2;;;;
15/04/2010;07:57:00;1739;sem vítima;96;BR-040/RJ;Norte;Choque - Objeto Fixo;1;;;;;;;;;;1;;;;
15/04/2010;04:30:00;1725;com vítima;121;BR-040/RJ;Sul;Choque - Objeto Fixo;1;;;;;;;;;;0;1;;;
15/04/2010;07:01:00;1734;sem vítima;124;BR-040/RJ;Sul;Colisão Lateral;1;;1;;;;;;;;2;;;;
16/04/2010;08:31:00;1869;com vítima;49;BR-040/RJ;Sul;Queda de Moto;;;;1;;;;;;;0;;2;;
16/04/2010;20:38:00;1962;sem vítima;73;BR-040/RJ;Norte;Capotamento;1;;;;;;;;;;1;;;;
16/04/2010;13:34:00;1898;com vítima;806;BR-040/MG;Sul;Colisão Lateral;1;;1;;;;;;;;0;5;2;;
16/04/2010;19:40:00;1955;sem vítima;806;BR-040/MG;Sul;Choque - Objeto Fixo;;;1;;;;;;;;1;;;;
16/04/2010;08:18:00;1865;sem vítima;109;BR-040/RJ;Sul;Colisão Traseira;2;;;;;;;;;;2;;;;
16/04/2010;13:00:00;1894;sem vítima;109;BR-040/RJ;Norte;Colisão Lateral;2;;;;;;;;;;2;;;;
16/04/2010;19:53:00;1958;com vítima;112;BR-040/RJ;Norte;Atropelamento - Pedestre;;;1;;;;;;;;1;;;1;
16/04/2010;06:40:00;1857;sem vítima;113;BR-040/RJ;Sul;Colisão Traseira;1;;1;;;;;;;;2;;;;
16/04/2010;17:26:00;1933;sem vítima;119;BR-040/RJ;Norte;Colisão Lateral;1;;1;;;;;;;;2;;;;
16/04/2010;19:16:00;1952;sem vítima;120;BR-040/RJ;Norte;Colisão Traseira;2;;;;;;;;;;2;;;;
16/04/2010;12:15:00;1890;sem vítima;121;BR-040/RJ;Sul;Colisão Traseira;;;2;;;;;;;;2;;;;
16/04/2010;18:18:00;1942;sem vítima;121;BR-040/RJ;Norte;Engavetamento;2;;;;1;;;;;;3;;;;
17/04/2010;19:34:00;2090;com vítima;59;BR-040/RJ;Sul;Derrapagem;1;;;;;;;;;;1;;1;;
17/04/2010;06:45:00;1996;sem vítima;66;BR-040/RJ;Sul;Choque - Objeto Fixo;1;;;;;;;;;;1;;;;
17/04/2010;19:56:00;2092;sem vítima;82;BR-040/RJ;Norte;Derrapagem;1;;;;;;;;;;1;;;;
17/04/2010;17:44:00;2074;sem vítima;787;BR-040/MG;Norte;Choque - Objeto Fixo;1;;;;;;;;;;1;;;;
17/04/2010;02:52:00;1988;com vítima;88;BR-040/RJ;Sul;Capotamento;1;;;;;;;;;;0;2;;;
17/04/2010;22:41:00;2105;com vítima;114;BR-040/RJ;Sul;Capotamento;1;;;;;;;;;;0;;2;;
17/04/2010;22:59:00;2107;com vítima;114;BR-040/RJ;Sul;Colisão Traseira;2;;;;;;;;;;1;1;;;
17/04/2010;09:40:00;2012;sem vítima;119;BR-040/RJ;Norte;Colisão Lateral;1;;1;;;;;;;;2;;;;
17/04/2010;15:35:00;2058;com vítima;122;BR-040/RJ;Norte;Choque - Objeto Fixo;1;;;;;;;;;;0;1;;;
18/04/2010;14:03:00;2167;com vítima;39;BR-040/RJ;Sul;Choque - Objeto Fixo;1;;;;;;;;;;0;2;;;
18/04/2010;19:15:00;2194;com vítima;58;BR-040/RJ;Norte;Colisão Lateral;2;;;;;;;;;;1;;1;;
18/04/2010;08:47:00;2135;com vítima;62;BR-040/RJ;Sul;Colisão Frontal;2;;;;;;;;;;0;1;1;;
18/04/2010;06:54:00;2128;sem vítima;85;BR-040/RJ;Norte;Derrapagem;1;;;;;;;;;;1;;;;
18/04/2010;07:19:00;2130;com vítima;90;BR-040/RJ;Norte;Derrapagem;;;;;1;;;;;;0;3;2;;
18/04/2010;14:32:00;2170;com vítima;97;BR-040/RJ;Sul;Queda de Moto;;;;1;;;;;;;0;;1;;
18/04/2010;00:43:00;2114;com vítima;107;BR-040/RJ;Norte;Colisão Frontal;2;;;;;;;;;;0;2;1;;
18/04/2010;07:16:00;2129;com vítima;110;BR-040/RJ;Norte;Queda de Moto;;;;1;;;;;;;0;;2;;
18/04/2010;01:43:00;2117;sem vítima;120;BR-040/RJ;Sul;Choque - Objeto Fixo;1;;;;;;;;;;1;;;;
19/04/2010;11:48:00;2248;sem vítima;96;BR-040/RJ;Sul;Colisão Lateral;1;;1;;;;;;;;2;;;;
19/04/2010;13:29:00;2258;sem vítima;98;BR-040/RJ;Norte;Outros;1;;;;;;;;;;1;;;;
19/04/2010;18:36:00;2308;sem vítima;119;BR-040/RJ;Sul;Colisão Lateral;1;;1;;;;;;;;2;;;;
19/04/2010;12:17:00;2252;com vítima;120;BR-040/RJ;Sul;Capotamento;1;;;;;;;;;;0;1;;;
19/04/2010;11:03:00;2243;sem vítima;124;BR-040/RJ;Sul;Colisão Lateral;1;;1;;;;;;;;2;;;;
20/04/2010;16:04:00;2411;com vítima;80;BR-040/RJ;Sul;Capotamento;1;;;;;;;;;;0;1;1;;
20/04/2010;11:28:00;2373;sem vítima;83;BR-040/RJ;Norte;Colisão Traseira;1;;;;;1;;;;;2;;;;
20/04/2010;14:45:00;2398;com vítima;87;BR-040/RJ;Sul;Derrapagem;1;;;;;;;;;;0;1;;;
20/04/2010;06:20:00;2345;com vítima;93;BR-040/RJ;Norte;Tombamento;;;1;;;;;;;;1;2;;;
20/04/2010;19:09:00;2436;sem vítima;98;BR-040/RJ;Norte;Engavetamento;2;;1;;;;;;;;3;;;;
20/04/2010;14:24:00;2395;sem vítima;122;BR-040/RJ;Norte;Colisão Transversal;;;2;;;;;;;;2;;;;
20/04/2010;19:57:00;2446;sem vítima;125;BR-040/RJ;Norte;Colisão Traseira;2;;;;;;;;;;2;;;;
21/04/2010;14:34:00;2529;com vítima;81;BR-040/RJ;Sul;Tombamento;;;1;;;;;;;;0;1;;;
21/04/2010;23:41:00;2588;sem vítima;779;BR-040/MG;Sul;Atropelamento - Animal;;;1;;;;;;;;1;;;;
21/04/2010;22:54:00;2584;com vítima;85;BR-040/RJ;Norte;Capotamento;1;;;;;;;;;;0;1;;;
21/04/2010;16:27:00;2542;com vítima;109;BR-040/RJ;Sul;Derrapagem;1;;;;;;;;;;1;;1;;
21/04/2010;20:11:00;2570;sem vítima;114;BR-040/RJ;Sul;Derrapagem;;;;1;;;;;;;1;;;;
22/04/2010;07:36:00;2609;sem vítima;25;BR-040/RJ;Sul;Choque - Objeto Fixo;;;1;;;;;;;;1;;;;
22/04/2010;19:56:00;2690;sem vítima;44;BR-040/RJ;Norte;Choque - Objeto Fixo;1;;;;;;;;;;1;;;;
22/04/2010;09:07:00;2616;com vítima;55;BR-040/RJ;Sul;Capotamento;1;;;;;;;;;;0;2;;;
22/04/2010;11:26:00;2632;sem vítima;94;BR-040/RJ;Norte;Derrapagem;1;;;;;;;;;;1;;;;
22/04/2010;14:18:00;2645;sem vítima;112;BR-040/RJ;Sul;Colisão Lateral;2;;;;;;;;;;2;;;;
23/04/2010;12:03:00;2751;com vítima;31;BR-040/RJ;Norte;Tombamento;;;1;;;;;;;;1;;;1;
23/04/2010;00:01:00;2708;sem vítima;39;BR-040/RJ;Sul;Derrapagem;;;1;;;;;;;;1;;;;
23/04/2010;16:38:00;2782;sem vítima;121;BR-040/RJ;Norte;Choque - Objeto Fixo;;;1;;;;;;;;1;;;;
23/04/2010;21:53:00;2816;sem vítima;124;BR-040/RJ;Sul;Choque - Objeto Fixo;1;;;;;;;;;;1;;;;
23/04/2010;21:53:00;2820;com vítima;124;BR-040/RJ;Sul;Colisão Traseira;1;;;;1;;;;;;1;1;2;;
24/04/2010;03:48:00;2829;com vítima;54;BR-040/RJ;Sul;Colisão Lateral;;;1;1;;;;;;;2;;;;1
24/04/2010;14:54:00;2877;com vítima;78;BR-040/RJ;Sul;Choque - Objeto Fixo;1;;;;;;;;;;0;2;;;
24/04/2010;10:33:00;2853;sem vítima;84;BR-040/RJ;Norte;Choque - Objeto Fixo;1;;;;;;;;;;1;;;;
24/04/2010;12:27:00;2861;sem vítima;85;BR-040/RJ;Sul;Choque - Objeto Fixo;1;;;;;;;;;;1;;;;
24/04/2010;10:36:00;2855;sem vítima;88;BR-040/RJ;Norte;Colisão Traseira;2;;;;;;;;;;2;;;;
24/04/2010;11:24:00;2858;com vítima;93;BR-040/RJ;Sul;Choque - Objeto Fixo;1;;;;;;;;;;0;4;;;
24/04/2010;03:52:00;2830;sem vítima;95;BR-040/RJ;Sul;Derrapagem;;;1;;;;;;;;1;;;;
24/04/2010;08:49:00;2848;sem vítima;107;BR-040/RJ;Norte;Capotamento;1;;;;;;;;;;2;;;;
24/04/2010;10:11:00;2850;sem vítima;107;BR-040/RJ;Norte;Colisão Lateral;1;;;;1;;;;;;2;;;;
24/04/2010;17:27:00;2901;sem vítima;108;BR-040/RJ;Sul;Colisão Lateral;1;;;;1;;;;;;2;;;;
24/04/2010;07:41:00;2844;com vítima;114;BR-040/RJ;Sul;Queda de Moto;;;;1;;;;;;;0;1;;;
25/04/2010;17:50:00;3011;sem vítima;4;BR-040/RJ;Sul;Choque - Objeto Fixo;1;;;;;;;;;;1;;;;
25/04/2010;23:08:00;3055;sem vítima;24;BR-040/RJ;Norte;Tombamento;1;;;;;;;;;;1;;;;
25/04/2010;06:29:00;2942;sem vítima;53;BR-040/RJ;Norte;Choque - Objeto Fixo;1;;;;;;;;;;1;;;;
25/04/2010;17:09:00;3005;com vítima;82;BR-040/RJ;Sul;Colisão Frontal;1;;;1;;;;;;;1;;1;;
25/04/2010;18:55:00;3021;sem vítima;83;BR-040/RJ;Sul;Colisão Lateral;1;;1;;;;;;;;2;;;;
25/04/2010;11:41:00;2965;com vítima;815;BR-040/MG;Sul;Capotamento;1;;;;;;;;;;0;5;;;
25/04/2010;16:18:00;2995;sem vítima;104;BR-040/RJ;Sul;Engavetamento;3;;;;;;;;;;3;;;;
25/04/2010;13:34:00;2974;sem vítima;105;BR-040/RJ;Norte;Colisão Traseira;2;;;;;;;;;;2;;;;
25/04/2010;15:52:00;2992;sem vítima;110;BR-040/RJ;Norte;Colisão Traseira;1;;;;1;;;;;;2;;;;
25/04/2010;05:16:00;2939;sem vítima;115;BR-040/RJ;Norte;Derrapagem;1;;;;;;;;;;1;;;;
26/04/2010;14:22:00;3131;sem vítima;80;BR-040/RJ;Sul;Derrapagem;1;;;;;;;;;;1;;;;
26/04/2010;11:19:00;3110;com vítima;780;BR-040/MG;Sul;Choque - Objeto Fixo;1;;;;;;;;;;0;1;;;
26/04/2010;10:49:00;3105;sem vítima;828;BR-040/MG;Norte;Derrapagem;1;;;;;;;;;;1;;;;
26/04/2010;13:09:00;3120;com vítima;97;BR-040/RJ;Norte;Atropelamento - Pedestre;;;;;;1;;;;;1;;1;;
26/04/2010;14:06:00;3128;sem vítima;99;BR-040/RJ;Norte;Derrapagem;1;;;;;;;;;;1;;;;
26/04/2010;14:57:00;3137;com vítima;102;BR-040/RJ;Norte;Atropelamento - Pedestre;;;;;;1;;;;;1;;1;;
26/04/2010;05:00:00;3071;sem vítima;113;BR-040/RJ;Sul;Colisão Lateral;1;;;;;1;;;;;2;;;;
26/04/2010;05:44:00;3073;com vítima;120;BR-040/RJ;Sul;Colisão Lateral;1;;;;1;;;;;;1;1;;;
26/04/2010;09:10:00;3089;sem vítima;124;BR-040/RJ;Sul;Colisão Lateral;1;;1;;;;;;;;2;;;;
26/04/2010;10:16:00;3100;sem vítima;124;BR-040/RJ;Norte;Colisão Traseira;1;;1;;;;;;;;2;;;;
27/04/2010;19:39:00;3292;sem vítima;87;BR-040/RJ;Sul;Choque - Objeto Fixo;;;1;;;;;;;;1;;;;
27/04/2010;23:56:00;3315;sem vítima;98;BR-040/RJ;Sul;Derrapagem;;;1;;;;;;;;1;;;;
27/04/2010;04:02:00;3195;sem vítima;99;BR-040/RJ;Norte;Choque - Objeto Fixo;1;;;;;;;;;;1;;;;
27/04/2010;08:10:00;3206;sem vítima;123;BR-040/RJ;Sul;Colisão Lateral;1;;1;;;;;;;;2;;;;