data;horario;n_da_ocorrencia;tipo_de_ocorrencia;km;trecho;sentido;tipo_de_acidente;automovel;bicicleta;caminhao;moto;onibus;outros;tracao_animal;transporte_de_cargas_especiais;trator_maquinas;utilitarios;ilesos;levemente_feridos;moderadamente_feridos;gravemente_feridos;mortos
27/04/2010;10:06:00;3225;sem vítima;123;BR-040/RJ;Sul;Colisão Lateral;1;;1;;;;;;;;2;;;;
27/04/2010;14:25:00;3257;sem vítima;124;BR-040/RJ;Sul;Colisão Traseira;1;;1;;;;;;;;2;;;;
27/04/2010;15:30:00;3269;sem vítima;124;BR-040/RJ;Sul;Queda de Moto;;;;1;;;;;;;1;;;;
28/04/2010;13:22:00;3369;com vítima;56;BR-040/RJ;Sul;Queda de Moto;;;;1;;;;;;;0;1;1;;
28/04/2010;11:26:00;3349;sem vítima;84;BR-040/RJ;Norte;Choque - Objeto Fixo;1;;;;;;;;;;1;;;;
28/04/2010;16:56:00;3384;sem vítima;91;BR-040/RJ;Norte;Derrapagem;1;;;;;;;;;;1;;;;
28/04/2010;12:30:00;3364;sem vítima;96;BR-040/RJ;Sul;Derrapagem;1;;;;;;;;;;1;;;;
28/04/2010;09:57:00;3347;sem vítima;109;BR-040/RJ;Sul;Engavetamento;4;;;;;;;;;;4;;;;
28/04/2010;10:03:00;3348;sem vítima;124;BR-040/RJ;Sul;Colisão Lateral;1;;1;;;;;;;;2;;;;
28/04/2010;18:10:00;3395;sem vítima;124;BR-040/RJ;Norte;Colisão Lateral;1;;1;;;;;;;;2;;;;
29/04/2010;09:17:00;3459;sem vítima;2;BR-040/RJ;Norte;Choque - Objeto Fixo;1;;;;;;;;;;1;;;;
29/04/2010;18:58:00;3526;sem vítima;22;BR-040/RJ;Sul;Derrapagem;1;;;;;;;;;;1;;;;
29/04/2010;10:21:00;3464;sem vítima;97;BR-040/RJ;Norte;Derrapagem;1;;;;;;;;;;1;;;;
29/04/2010;17:55:00;3516;sem vítima;98;BR-040/RJ;Sul;Choque - Objeto Fixo;1;;;;;;;;;;1;;;;
29/04/2010;20:12:00;3533;sem vítima;110;BR-040/RJ;Norte;Colisão Lateral;2;;;;;;;;;;2;;;;
29/04/2010;06:06:00;3444;sem vítima;114;BR-040/RJ;Norte;Colisão Traseira;3;;;;;;;;;;3;;;;
29/04/2010;06:32:00;3445;sem vítima;114;BR-040/RJ;Norte;Colisão Traseira;2;;;;;;;;;;2;;;;
30/04/2010;22:49:00;3680;com vítima;2;BR-040/RJ;Norte;Capotamento;1;;;;;;;;;;0;1;1;;
30/04/2010;14:48:00;3625;com vítima;13;BR-040/RJ;Norte;Colisão Traseira;2;;;;;;;;;;1;1;;;
30/04/2010;21:17:00;3670;sem vítima;24;BR-040/RJ;Norte;Colisão Lateral;2;;;;;;;;;;2;;;;
30/04/2010;12:06:00;3599;com vítima;74;BR-040/RJ;Norte;Capotamento;1;;;;;;;;;;0;1;;;
30/04/2010;19:10:00;3658;sem vítima;77;BR-040/RJ;Sul;Choque - Objeto Fixo;1;;;;;;;;;;1;;;;
30/04/2010;12:57:00;3611;sem vítima;82;BR-040/RJ;Sul;Choque - Objeto Fixo;1;;;;;;;;;;1;;;;
30/04/2010;12:52:00;3612;sem vítima;782;BR-040/MG;Sul;Derrapagem;1;;;;;;;;;;1;;;;
30/04/2010;02:31:00;3556;sem vítima;86;BR-040/RJ;Norte;Derrapagem;1;;;;;;;;;;1;;;;
30/04/2010;13:38:00;3618;sem vítima;93;BR-040/RJ;Sul;Choque - Objeto Fixo;1;;;;;;;;;;1;;;;
30/04/2010;01:39:00;3555;com vítima;108;BR-040/RJ;Norte;Colisão Traseira;2;;;;;;;;;;0;4;2;;
30/04/2010;20:58:00;3667;sem vítima;119;BR-040/RJ;Norte;Colisão Lateral;2;;;;;;;;;;2;;;;
30/04/2010;21:45:00;3676;sem vítima;121;BR-040/RJ;Sul;Colisão Lateral;;;2;;;;;;;;2;;;;
30/04/2010;22:29:00;3679;sem vítima;121;BR-040/RJ;Norte;Colisão Lateral;;;;1;;1;;;;;3;;;;
30/04/2010;07:05:00;3571;sem vítima;122;BR-040/RJ;Sul;Colisão Traseira;1;;1;;;;;;;;2;;;;
01/05/2010;02:33:00;5;sem vítima;48;BR-040/RJ;Norte;Choque - Objeto Fixo;1;;;;;;;;;;1;;;;
01/05/2010;18:20:00;100;com vítima;57;BR-040/RJ;Sul;Colisão Lateral;2;;;;;;;;;;0;1;5;;
01/05/2010;03:25:00;10;sem vítima;78;BR-040/RJ;Sul;Choque - Objeto Fixo;1;;;;;;;;;;1;;;;
01/05/2010;05:50:00;19;com vítima;78;BR-040/RJ;Sul;Tombamento;;;1;;;;;;;;1;;1;;
01/05/2010;06:23:00;21;com vítima;85;BR-040/RJ;Norte;Choque - Objeto Fixo;1;;;;;;;;;;3;1;;;
01/05/2010;22:19:00;125;sem vítima;85;BR-040/RJ;Norte;Derrapagem;1;;;;;;;;;;1;;;;
01/05/2010;17:31:00;93;com vítima;109;BR-040/RJ;Sul;Colisão Traseira;1;;;;1;;;;;;1;2;;;
01/05/2010;20:12:00;115;com vítima;117;BR-040/RJ;Norte;Colisão Traseira;1;;;;1;;;;;;1;1;;;
02/05/2010;06:57:00;155;com vítima;25;BR-040/RJ;Norte;Capotamento;1;;;;;;;;;;0;1;;;
02/05/2010;00:03:00;133;sem vítima;65;BR-040/RJ;Sul;Derrapagem;1;;;;;;;;;;1;;;;
02/05/2010;18:09:00;227;com vítima;795;BR-040/MG;Sul;Queda de Moto;;;;1;;;;;;;1;;1;;
02/05/2010;22:15:00;242;com vítima;85;BR-040/RJ;Norte;Capotamento;1;;;;;;;;;;0;1;;;
02/05/2010;15:47:00;210;com vítima;92;BR-040/RJ;Sul;Capotamento;1;;;;;;;;;;0;;1;;
02/05/2010;15:11:00;203;com vítima;96;BR-040/RJ;Norte;Tombamento;;;1;;;;;;;;0;1;;;
02/05/2010;01:45:00;142;sem vítima;107;BR-040/RJ;Sul;Choque - Objeto Fixo;1;;;;;;;;;;1;;;;
02/05/2010;13:42:00;190;sem vítima;109;BR-040/RJ;Norte;Colisão Traseira;1;;;1;;;;;;;2;;;;
02/05/2010;18:36:00;229;com vítima;109;BR-040/RJ;Sul;Colisão Lateral;1;;;;;1;;;;;1;;1;;
02/05/2010;18:13:00;228;com vítima;111;BR-040/RJ;Sul;Colisão Traseira;2;;;;;;;;;;1;1;;;
02/05/2010;06:56:00;154;sem vítima;119;BR-040/RJ;Sul;Choque - Objeto Fixo;2;;;;;;;;;;2;;;;
02/05/2010;09:32:00;165;sem vítima;119;BR-040/RJ;Sul;Choque - Objeto Fixo;1;;;;;;;;;;1;;;;
02/05/2010;00:59:00;140;com vítima;121;BR-040/RJ;Sul;Colisão Traseira;2;;;;;;;;;;0;2;;;1
03/05/2010;22:36:00;370;sem vítima;85;BR-040/RJ;Norte;Derrapagem;1;;;;;;;;;;1;;;;
03/05/2010;09:49:00;291;sem vítima;114;BR-040/RJ;Sul;Engavetamento;1;;2;;;;;;;;3;;;;
03/05/2010;18:04:00;339;com vítima;117;BR-040/RJ;Sul;Colisão Traseira;1;;1;1;;;;;;;1;3;;;
03/05/2010;14:49:00;317;com vítima;124;BR-040/RJ;Sul;Colisão Traseira;3;;;;;;;;;;1;3;;;
04/05/2010;19:08:00;468;com vítima;53;BR-040/RJ;Norte;Choque - Objeto Fixo;1;;;;;;;;;;0;2;;;
04/05/2010;08:15:00;396;com vítima;110;BR-040/RJ;Sul;Tombamento;;;1;;;;;;;;0;1;;;
04/05/2010;09:07:00;402;sem vítima;111;BR-040/RJ;Sul;Colisão Lateral;2;;;;;;;;;;2;;;;
04/05/2010;08:00:00;393;sem vítima;113;BR-040/RJ;Sul;Colisão Lateral;1;;1;;;;;;;;2;;;;
04/05/2010;06:00:00;382;com vítima;116;BR-040/RJ;Sul;Engavetamento;5;;;;;;;;;;5;;2;;
04/05/2010;15:40:00;438;sem vítima;118;BR-040/RJ;Sul;Colisão Traseira;2;;;;;;;;;;2;;;;
04/05/2010;07:43:00;392;sem vítima;123;BR-040/RJ;Sul;Colisão Traseira;1;;1;;;;;;;;2;;;;
04/05/2010;06:35:00;385;sem vítima;124;BR-040/RJ;Sul;Colisão Traseira;1;;1;;;;;;;;2;;;;
04/05/2010;07:02:00;390;sem vítima;124;BR-040/RJ;Sul;Colisão Lateral;1;;1;;;;;;;;2;;;;
05/05/2010;02:29:00;496;sem vítima;44;BR-040/RJ;Sul;Colisão Traseira;1;;1;;;;;;;;2;;;;
05/05/2010;12:50:00;575;sem vítima;45;BR-040/RJ;Norte;Colisão Lateral;2;;;;;;;;;;2;;;;
05/05/2010;06:11:00;511;sem vítima;100;BR-040/RJ;Norte;Choque - Objeto Fixo;1;;;;;;;;;;1;;;;
05/05/2010;05:53:00;509;com vítima;110;BR-040/RJ;Sul;Colisão Traseira;;;;;2;;;;;;0;11;1;;
05/05/2010;08:20:00;522;sem vítima;123;BR-040/RJ;Sul;Colisão Lateral;1;;1;;;;;;;;2;;;;
05/05/2010;14:40:00;573;sem vítima;123;BR-040/RJ;Sul;Colisão Lateral;1;;1;;;;;;;;2;;;;
05/05/2010;16:53:00;590;sem vítima;123;BR-040/RJ;Sul;Colisão Lateral;1;;1;;;;;;;;2;;;;
06/05/2010;05:39:00;636;com vítima;66;BR-040/RJ;Sul;Atropelamento - Animal;1;;;;;;;;;;0;1;1;;
06/05/2010;16:23:00;710;sem vítima;75;BR-040/RJ;Norte;Colisão Lateral;2;;;;;;;;;;2;;;;
06/05/2010;08:21:00;649;com vítima;105;BR-040/RJ;Sul;Colisão Traseira;2;;;;;;;;;;0;1;1;;
06/05/2010;15:40:00;706;sem vítima;109;BR-040/RJ;Norte;Colisão Lateral;1;;1;;;;;;;;2;;;;
06/05/2010;18:02:00;721;sem vítima;116;BR-040/RJ;Norte;Colisão Lateral;;;;1;;1;;;;;2;;;;
06/05/2010;23:55:00;745;com vítima;123;BR-040/RJ;Norte;Colisão Traseira;;;1;1;;;;;;;1;;;;1
07/05/2010;03:28:00;750;sem vítima;5;BR-040/RJ;Norte;Tombamento;;;1;;;;;;;;1;;;;
07/05/2010;20:07:00;851;com vítima;54;BR-040/RJ;Norte;Colisão Traseira;2;;;;;;;;;;1;1;;;
07/05/2010;15:35:00;818;sem vítima;65;BR-040/RJ;Norte;Colisão Lateral;1;;1;;;;;;;;2;;;;
07/05/2010;13:51:00;800;sem vítima;92;BR-040/RJ;Norte;Choque - Objeto Fixo;1;;;;;;;;;;1;;;;
07/05/2010;10:09:00;776;sem vítima;100;BR-040/RJ;Norte;Colisão Lateral;1;;1;;;;;;;;2;;;;
07/05/2010;22:51:00;866;sem vítima;100;BR-040/RJ;Sul;Derrapagem;1;;;;;;;;;;1;;;;
07/05/2010;07:36:00;764;sem vítima;105;BR-040/RJ;Norte;Engavetamento;2;;;;1;;;;;;3;;;;
07/05/2010;09:54:00;773;sem vítima;123;BR-040/RJ;Norte;Colisão Lateral;;;2;;;;;;;;2;;;;
07/05/2010;15:48:00;820;sem vítima;124;BR-040/RJ;Sul;Engavetamento;2;;1;;;;;;;;3;;;;
07/05/2010;20:25:00;854;com vítima;124;BR-040/RJ;Norte;Colisão Traseira;1;;;1;;;;;;;1;;1;;
08/05/2010;16:45:00;968;com vítima;22;BR-040/RJ;Norte;Colisão Lateral;;1;;;;1;;;;;1;;1;;
08/05/2010;19:29:00;992;sem vítima;45;BR-040/RJ;Norte;Colisão Lateral;2;;;;;;;;;;2;;;;
08/05/2010;10:30:00;922;sem vítima;73;BR-040/RJ;Norte;Choque - Objeto Fixo;1;;;;;;;;;;1;;;;
08/05/2010;14:52:00;951;sem vítima;797;BR-040/MG;Norte;Choque - Objeto Fixo;1;;;;;;;;;;1;;;;
08/05/2010;20:56:00;1000;sem vítima;85;BR-040/RJ;Norte;Choque - Objeto Fixo;1;;;;;;;;;;2;;;;
08/05/2010;13:36:00;943;com vítima;109;BR-040/RJ;Sul;Colisão Lateral;1;;1;;;;;;;;2;1;;;
08/05/2010;18:27:00;981;sem vítima;110;BR-040/RJ;Norte;Colisão Traseira;1;;;;1;;;;;;2;;;;
08/05/2010;21:39:00;1005;sem vítima;112;BR-040/RJ;Sul;Choque - Objeto Fixo;1;;;;;;;;;;1;;;;
08/05/2010;03:53:00;886;sem vítima;118;BR-040/RJ;Norte;Colisão Traseira;2;;;;;;;;;;2;;;;
08/05/2010;05:41:00;894;sem vítima;119;BR-040/RJ;Norte;Derrapagem;1;;;;;;;;;;1;;;;
08/05/2010;15:15:00;952;sem vítima;119;BR-040/RJ;Sul;Choque - Objeto Fixo;1;;;;;;;;;;1;;;;
08/05/2010;05:09:00;892;com vítima;123;BR-040/RJ;Sul;Choque - Objeto Fixo;1;;;;;;;;;;0;;2;;
08/05/2010;07:27:00;903;com vítima;123;BR-040/RJ;Sul;Colisão Traseira;;;;1;1;;;;;;1;;1;;
08/05/2010;09:13:00;911;sem vítima;124;BR-040/RJ;Sul;Colisão Lateral;1;;1;;;;;;;;2;;;;
09/05/2010;13:29:00;1079;sem vítima;1;BR-040/RJ;Sul;Choque - Objeto Fixo;1;;;;;;;;;;1;;;;
09/05/2010;09:11:00;1054;sem vítima;10;BR-040/RJ;Sul;Choque - Objeto Fixo;1;;;;;;;;;;1;;;;
09/05/2010;09:18:00;1056;sem vítima;12;BR-040/RJ;Norte;Choque - Objeto Fixo;1;;;;;;;;;;1;;;;
09/05/2010;14:44:00;1086;sem vítima;15;BR-040/RJ;Sul;Choque - Objeto Fixo;1;;;;;;;;;;1;;;;
09/05/2010;16:07:00;1094;sem vítima;32;BR-040/RJ;Sul;Choque - Objeto Fixo;1;;;;;;;;;;1;;;;
09/05/2010;11:00:00;1063;sem vítima;34;BR-040/RJ;Norte;Choque - Objeto Fixo;1;;;;;;;;;;1;;;;
09/05/2010;11:00:00;1066;sem vítima;34;BR-040/RJ;Norte;Choque - Objeto Fixo;1;;;;;;;;;;1;;;;
09/05/2010;03:30:00;1028;sem vítima;44;BR-040/RJ;Norte;Choque - Objeto Fixo;;;1;;;;;;;;1;;;;
09/05/2010;05:54:00;1034;com vítima;53;BR-040/RJ;Sul;Choque - Objeto Fixo;1;;;;;;;;;;1;1;1;;
09/05/2010;09:23:00;1055;sem vítima;59;BR-040/RJ;Sul;Capotamento;1;;;;;;;;;;6;;;;
09/05/2010;07:50:00;1043;com vítima;60;BR-040/RJ;Norte;Choque - Objeto Fixo;1;;;;;;;;;;0;;1;;
09/05/2010;13:00:00;1077;sem vítima;73;BR-040/RJ;Sul;Derrapagem;1;;;;;;;;;;1;;;;
09/05/2010;08:29:00;1048;sem vítima;74;BR-040/RJ;Norte;Choque - Objeto Fixo;1;;;;;;;;;;1;;;;
09/05/2010;10:35:00;1062;sem vítima;77;BR-040/RJ;Sul;Choque - Objeto Fixo;1;;;;;;;;;;1;;;;
09/05/2010;06:45:00;1038;sem vítima;78;BR-040/RJ;Sul;Choque - Objeto Fixo;1;;;;;;;;;;1;;;;
09/05/2010;21:38:00;1133;sem vítima;81;BR-040/RJ;Sul;Capotamento;1;;;;;;;;;;1;;;;
09/05/2010;21:44:00;1134;sem vítima;81;BR-040/RJ;Sul;Colisão Traseira;2;;;;;;;;;;2;;;;
09/05/2010;11:35:00;1067;sem vítima;84;BR-040/RJ;Norte;Choque - Objeto Fixo;1;;;;;;;;;;1;;;;
09/05/2010;19:31:00;1122;sem vítima;84;BR-040/RJ;Sul;Choque - Objeto Fixo;1;;;;;;;;;;1;;;;
09/05/2010;07:29:00;1041;sem vítima;783;BR-040/MG;Norte;Derrapagem;1;;;;;;;;;;1;;;;
09/05/2010;08:33:00;1049;sem vítima;786;BR-040/MG;Norte;Derrapagem;1;;;;;;;;;;1;;;;
09/05/2010;10:04:00;1058;sem vítima;786;BR-040/MG;Norte;Choque - Objeto Fixo;1;;;;;;;;;;1;;;;
09/05/2010;16:50:00;1106;sem vítima;799;BR-040/MG;Sul;Derrapagem;1;;;;;;;;;;1;;;;
09/05/2010;17:30:00;1101;com vítima;87;BR-040/RJ;Sul;Colisão Lateral;2;;;;;;;;;;1;4;;;
09/05/2010;12:52:00;1074;com vítima;91;BR-040/RJ;Norte;Derrapagem;1;;;;;;;;;;0;2;;;
09/05/2010;08:35:00;1050;com vítima;92;BR-040/RJ;Sul;Capotamento;1;;;;;;;;;;1;1;;;
09/05/2010;19:17:00;1120;sem vítima;92;BR-040/RJ;Sul;Derrapagem;1;;;;;;;;;;1;;;;
09/05/2010;13:06:00;1075;sem vítima;93;BR-040/RJ;Sul;Derrapagem;1;;;;;;;;;;1;;;;
09/05/2010;22:04:00;1137;sem vítima;93;BR-040/RJ;Norte;Choque - Objeto Fixo;1;;;;;;;;;;1;;;;
09/05/2010;07:52:00;1044;com vítima;94;BR-040/RJ;Sul;Choque - Objeto Fixo;1;;;;;;;;;;0;1;;;
09/05/2010;10:05:00;1059;sem vítima;94;BR-040/RJ;Sul;Choque - Objeto Fixo;1;;;;;;;;;;1;;;;
09/05/2010;11:19:00;1065;sem vítima;94;BR-040/RJ;Norte;Derrapagem;1;;;;;;;;;;1;;;;
09/05/2010;16:40:00;1100;sem vítima;94;BR-040/RJ;Sul;Derrapagem;1;;;;;;;;;;1;;;;
09/05/2010;17:34:00;1103;sem vítima;94;BR-040/RJ;Sul;Choque - Objeto Fixo;1;;;;;;;;;;3;;;;
09/05/2010;12:21:00;1073;sem vítima;95;BR-040/RJ;Sul;Choque - Objeto Fixo;1;;;;;;;;;;1;;;;
09/05/2010;13:08:00;1076;sem vítima;97;BR-040/RJ;Sul;Choque - Objeto Fixo;1;;;;;;;;;;1;;;;
09/05/2010;13:40:00;1081;com vítima;97;BR-040/RJ;Sul;Choque - Objeto Fixo;1;;;;;;;;;;1;1;1;;
09/05/2010;17:41:00;1105;sem vítima;98;BR-040/RJ;Norte;Derrapagem;1;;;;;;;;;;1;;;;
09/05/2010;17:00:00;1107;sem vítima;104;BR-040/RJ;Sul;Colisão Lateral;;;1;;;;;;;;1;;;;
09/05/2010;19:23:00;1121;sem vítima;114;BR-040/RJ;Norte;Colisão Traseira;2;;;;;;;;;;2;;;;
09/05/2010;08:59:00;1052;sem vítima;116;BR-040/RJ;Norte;Derrapagem;1;;;;;;;;;;1;;;;
09/05/2010;22:59:00;1142;sem vítima;116;BR-040/RJ;Sul;Colisão Traseira;2;;;;;;;;;;2;;;;
09/05/2010;00:56:00;1021;sem vítima;119;BR-040/RJ;Norte;Colisão Traseira;1;;1;;;;;;;;2;;;;
09/05/2010;10:24:00;1060;sem vítima;124;BR-040/RJ;Norte;Choque - Objeto Fixo;1;;;;;;;;;;1;;;;
10/05/2010;06:58:00;1171;com vítima;52;BR-040/RJ;Norte;Derrapagem;1;;;;;;;;;;0;1;;;
10/05/2010;07:13:00;1173;sem vítima;52;BR-040/RJ;Norte;Choque - Objeto Fixo;1;;;;;;;;;;3;;;;
10/05/2010;13:27:00;1227;sem vítima;82;BR-040/RJ;Sul;Choque - Objeto Fixo;1;;;;;;;;;;1;;;;
10/05/2010;11:02:00;1208;sem vítima;84;BR-040/RJ;Sul;Choque - Objeto Fixo;1;;;;;;;;;;1;;;;
10/05/2010;03:37:00;1154;sem vítima;777;BR-040/MG;Sul;Atropelamento - Animal;1;;;;;;;;;;1;;;;
10/05/2010;12:21:00;1220;sem vítima;784;BR-040/MG;Norte;Choque - Objeto Fixo;1;;;;;;;;;;1;;;;
10/05/2010;10:56:00;1207;com vítima;85;BR-040/RJ;Norte;Choque - Objeto Fixo;1;;;;;;;;;;0;2;;;
10/05/2010;11:09:00;1209;sem vítima;85;BR-040/RJ;Norte;Choque - Objeto Fixo;1;;;;;;;;;;1;;;;
10/05/2010;08:23:00;1186;com vítima;92;BR-040/RJ;Sul;Choque - Objeto Fixo;1;;;;;;;;;;1;2;;;
10/05/2010;08:37:00;1189;sem vítima;94;BR-040/RJ;Sul;Choque - Objeto Fixo;1;;;;;;;;;;1;;;;
10/05/2010;10:45:00;1204;com vítima;106;BR-040/RJ;Norte;Colisão Frontal;1;1;;;;;;;;;1;;1;;
10/05/2010;21:16:00;1278;com vítima;112;BR-040/RJ;Norte;Atropelamento - Pedestre;;;;;;1;;;;;1;1;;;
10/05/2010;06:07:00;1163;sem vítima;124;BR-040/RJ;Sul;Engavetamento;3;;;;;;;;;;3;;;;
10/05/2010;11:05:00;1206;sem vítima;124;BR-040/RJ;Sul;Colisão Lateral;1;;1;;;;;;;;2;;;;
10/05/2010;11:31:00;1211;sem vítima;124;BR-040/RJ;Sul;Colisão Traseira;1;;1;;;;;;;;2;;;;
11/05/2010;17:34:00;1378;com vítima;62;BR-040/RJ;Sul;Atropelamento - Pedestre;1;;;;;;;;;;1;;1;;
11/05/2010;16:11:00;1371;com vítima;65;BR-040/RJ;Norte;Choque - Objeto Fixo;1;;;;;;;;;;0;2;;;
11/05/2010;13:40:00;1353;sem vítima;109;BR-040/RJ;Norte;Colisão Lateral;1;;1;;;;;;;;2;;;;
11/05/2010;20:14:00;1399;sem vítima;110;BR-040/RJ;Norte;Colisão Traseira;1;;1;;;;;;;;2;;;;
11/05/2010;07:31:00;1306;sem vítima;112;BR-040/RJ;Sul;Colisão Lateral;2;;;;;;;;;;2;;;;
11/05/2010;18:48:00;1388;sem vítima;112;BR-040/RJ;Norte;Colisão Traseira;2;;;;;;;;;;2;;;;
11/05/2010;18:48:00;1394;com vítima;112;BR-040/RJ;Norte;Colisão Traseira;2;;;;;;;;;;0;1;1;;
11/05/2010;19:28:00;1395;com vítima;112;BR-040/RJ;Norte;Engavetamento;3;;;;;;;;;;2;1;;;
11/05/2010;20:44:00;1404;sem vítima;122;BR-040/RJ;Norte;Colisão Lateral;1;;1;;;;;;;;2;;;;
11/05/2010;06:49:00;1301;sem vítima;123;BR-040/RJ;Sul;Colisão Lateral;1;;1;;;;;;;;2;;;;
12/05/2010;14:00:00;1479;sem vítima;24;BR-040/RJ;Norte;Choque - Objeto Fixo;1;;;;;;;;;;1;;;;
12/05/2010;11:24:00;1462;sem vítima;33;BR-040/RJ;Norte;Choque - Objeto Fixo;1;;;;;;;;;;1;;;;
12/05/2010;09:18:00;1448;sem vítima;69;BR-040/RJ;Norte;Choque - Objeto Fixo;1;;;;;;;;;;1;;;;
12/05/2010;13:09:00;1475;sem vítima;69;BR-040/RJ;Norte;Choque - Objeto Fixo;1;;;;;;;;;;1;;;;
12/05/2010;23:42:00;1535;sem vítima;80;BR-040/RJ;Norte;Colisão Lateral;1;;1;;;;;;;;2;;;;
12/05/2010;10:05:00;1454;sem vítima;84;BR-040/RJ;Sul;Choque - Objeto Fixo;1;;;;;;;;;;1;;;;
12/05/2010;20:43:00;1514;sem vítima;784;BR-040/MG;Norte;Colisão Traseira;1;;;;;1;;;;;2;;;;
12/05/2010;12:42:00;1471;sem vítima;792;BR-040/MG;Norte;Choque - Objeto Fixo;1;;;;;;;;;;1;;;;
12/05/2010;14:03:00;1480;sem vítima;815;BR-040/MG;Sul;Choque - Objeto Fixo;1;;;;;;;;;;1;;;;
12/05/2010;17:06:00;1497;sem vítima;87;BR-040/RJ;Sul;Choque - Objeto Fixo;1;;;;;;;;;;1;;;;
12/05/2010;10:56:00;1459;sem vítima;93;BR-040/RJ;Sul;Choque - Objeto Fixo;1;;;;;;;;;;1;;;;
12/05/2010;12:05:00;1468;sem vítima;95;BR-040/RJ;Sul;Choque - Objeto Fixo;1;;;;;;;;;;1;;;;
12/05/2010;12:57:00;1473;com vítima;106;BR-040/RJ;Norte;Atropelamento - Pedestre;1;;;;;;;;;;1;;1;;
12/05/2010;07:15:00;1431;sem vítima;124;BR-040/RJ;Norte;Colisão Traseira;1;;1;;;;;;;;2;;;;
13/05/2010;13:49:00;1605;sem vítima;73;BR-040/RJ;Sul;Derrapagem;1;;;;;;;;;;1;;;;
13/05/2010;19:26:00;1636;sem vítima;102;BR-040/RJ;Sul;Choque - Objeto Fixo;1;;;;;;;;;;1;;;;
13/05/2010;09:45:00;1577;sem vítima;112;BR-040/RJ;Norte;Colisão Lateral;2;;;;;;;;;;2;;;;
13/05/2010;20:25:00;1644;sem vítima;114;BR-040/RJ;Sul;Choque - Objeto Fixo;2;;;;;;;;;;2;;;;
13/05/2010;05:55:00;1546;sem vítima;117;BR-040/RJ;Sul;Colisão Traseira;1;;;;;1;;;;;2;;;;
13/05/2010;15:15:00;1614;sem vítima;122;BR-040/RJ;Sul;Colisão Traseira;2;;;;;;;;;;2;;;;
14/05/2010;11:33:00;1716;sem vítima;45;BR-040/RJ;Sul;Colisão Traseira;2;;;;;;;;;;2;;;;
14/05/2010;00:54:00;1666;sem vítima;96;BR-040/RJ;Norte;Derrapagem;1;;;;;;;;;;1;;;;
14/05/2010;06:53:00;1677;sem vítima;111;BR-040/RJ;Sul;Choque - Objeto Fixo;1;;;;;;;;;;1;;;;
14/05/2010;09:50:00;1705;com vítima;111;BR-040/RJ;Sul;Engavetamento;3;;;;;;;;;;1;2;;;
14/05/2010;12:44:00;1727;com vítima;113;BR-040/RJ;Sul;Colisão Traseira;2;;;;;;;;;;0;4;;;
14/05/2010;22:34:00;1794;com vítima;113;BR-040/RJ;Norte;Colisão Traseira;1;;1;;;;;;;;1;1;;;
14/05/2010;07:40:00;1685;sem vítima;123;BR-040/RJ;Sul;Colisão Lateral;1;;;1;;;;;;;2;;;;
15/05/2010;10:08:00;1833;com vítima;0;BR-040/RJ;Sul;Capotamento;1;;;;;;;;;;0;3;1;;
15/05/2010;20:26:00;1907;sem vítima;784;BR-040/MG;Norte;Derrapagem;1;;;;;;;;;;2;;;;
15/05/2010;04:02:00;1816;com vítima;88;BR-040/RJ;Sul;Tombamento;;;1;;;;;;;;0;4;;;
15/05/2010;13:37:00;1855;sem vítima;98;BR-040/RJ;Norte;Choque - Objeto Fixo;1;;;;;;;;;;1;;;;
15/05/2010;23:49:00;1922;sem vítima;108;BR-040/RJ;Norte;Choque - Objeto Fixo;1;;;;;;;;;;1;;;;
16/05/2010;08:01:00;1938;sem vítima;85;BR-040/RJ;Norte;Choque - Objeto Fixo;1;;;;;;;;;;1;;;;
16/05/2010;04:35:00;1933;com vítima;106;BR-040/RJ;Norte;Colisão Frontal;1;;;1;;;;;;;1;;2;1;
16/05/2010;12:44:00;1960;sem vítima;109;BR-040/RJ;Sul;Colisão Lateral;1;;;;;1;;;;;2;;;;
16/05/2010;04:32:00;1932;sem vítima;113;BR-040/RJ;Norte;Choque - Objeto Fixo;1;;;;;;;;;;1;;;;
16/05/2010;04:25:00;1931;com vítima;118;BR-040/RJ;Sul;Choque - Objeto Fixo;1;;;;;;;;;;0;1;;;
17/05/2010;19:06:00;2124;sem vítima;27;BR-040/RJ;Sul;Choque - Objeto Fixo;1;;;;;;;;;;1;;;;
17/05/2010;00:18:00;2031;sem vítima;57;BR-040/RJ;Sul;Capotamento;1;;;;;;;;;;1;;;;
17/05/2010;17:30:00;2114;sem vítima;90;BR-040/RJ;Norte;Colisão Lateral;1;;;;1;;;;;;2;;;;
17/05/2010;13:46:00;2092;sem vítima;93;BR-040/RJ;Norte;Choque - Objeto Fixo;1;;;;;;;;;;1;;;;
17/05/2010;17:47:00;2118;com vítima;106;BR-040/RJ;Sul;Colisão Frontal;1;;;1;;;;;;;1;;1;;
17/05/2010;07:25:00;2049;sem vítima;122;BR-040/RJ;Sul;Colisão Traseira;1;;;;1;;;;;;2;;;;
17/05/2010;07:58:00;2054;sem vítima;122;BR-040/RJ;Sul;Colisão Traseira;1;;;;1;;;;;;2;;;;
17/05/2010;06:33:00;2046;sem vítima;123;BR-040/RJ;Sul;Colisão Lateral;1;;;;1;;;;;;2;;;;
17/05/2010;10:00:00;2065;sem vítima;124;BR-040/RJ;Norte;Colisão Lateral;1;;1;;;;;;;;2;;;;