data;horario;n_da_ocorrencia;tipo_de_ocorrencia;km;trecho;sentido;tipo_de_acidente;automovel;bicicleta;caminhao;moto;onibus;outros;tracao_animal;transporte_de_cargas_especiais;trator_maquinas;utilitarios;ilesos;levemente_feridos;moderadamente_feridos;gravemente_feridos;mortos
11/06/2010;11:52:00;1334;com vítima;67;BR-040/RJ;Norte;Capotamento;1;;;;;;;;;;0;;1;;
11/06/2010;01:37:00;1293;sem vítima;74;BR-040/RJ;Norte;Choque - Objeto Fixo;1;;;;;;;;;;1;;;;
11/06/2010;00:39:00;1287;com vítima;81;BR-040/RJ;Norte;Queda de Moto;;;;1;;;;;;;0;1;;;
11/06/2010;13:34:00;1346;sem vítima;83;BR-040/RJ;Sul;Choque - Objeto Fixo;1;;;;;;;;;;1;;;;
11/06/2010;00:12:00;1285;sem vítima;84;BR-040/RJ;Norte;Choque - Objeto Fixo;1;;;;;;;;;;1;;;;
11/06/2010;08:56:00;1311;sem vítima;823;BR-040/MG;Norte;Colisão Traseira;1;;1;;;;;;;;2;;;;
11/06/2010;14:11:00;1353;sem vítima;85;BR-040/RJ;Norte;Choque - Objeto Fixo;1;;;;;;;;;;1;;;;
11/06/2010;14:21:00;1356;sem vítima;89;BR-040/RJ;Sul;Choque - Objeto Fixo;1;;;;;;;;;;1;;;;
11/06/2010;10:39:00;1324;sem vítima;92;BR-040/RJ;Sul;Derrapagem;1;;;;;;;;;;1;;;;
11/06/2010;14:05:00;1352;com vítima;92;BR-040/RJ;Sul;Choque - Objeto Fixo;1;;;;;;;;;;0;;1;;
11/06/2010;07:30:00;1305;com vítima;94;BR-040/RJ;Sul;Choque - Objeto Fixo;1;;;;;;;;;;0;1;;;
11/06/2010;12:52:00;1341;sem vítima;94;BR-040/RJ;Sul;Choque - Objeto Fixo;1;;;;;;;;;;1;;;;
11/06/2010;15:41:00;1368;sem vítima;94;BR-040/RJ;Sul;Choque - Objeto Fixo;1;;;;;;;;;;1;;;;
11/06/2010;12:25:00;1338;sem vítima;104;BR-040/RJ;Sul;Colisão Traseira;1;;1;;;;;;;;2;;;;
11/06/2010;20:28:00;1413;sem vítima;105;BR-040/RJ;Sul;Colisão Transversal;;;;2;;;;;;;2;;;;
11/06/2010;06:12:00;1301;com vítima;107;BR-040/RJ;Norte;Engavetamento;2;;;;;1;;;;;2;1;;;
11/06/2010;23:47:00;1433;sem vítima;107;BR-040/RJ;Norte;Choque - Objeto Fixo;1;;;;;;;;;;1;;;;
11/06/2010;12:30:00;1339;sem vítima;109;BR-040/RJ;Sul;Engavetamento;3;;;;;;;;;;3;;;;
11/06/2010;13:38:00;1348;sem vítima;111;BR-040/RJ;Sul;Colisão Lateral;1;;1;;;;;;;;2;;;;
11/06/2010;07:03:00;1303;sem vítima;112;BR-040/RJ;Norte;Colisão Traseira;;;1;;1;;;;;;2;;;;
11/06/2010;23:43:00;1432;com vítima;117;BR-040/RJ;Norte;Capotamento;1;;;;;;;;;;0;;2;;
11/06/2010;07:56:00;1307;com vítima;118;BR-040/RJ;Norte;Colisão Lateral;2;;;;;;;;;;0;3;;;
11/06/2010;17:37:00;1386;sem vítima;122;BR-040/RJ;Sul;Colisão Lateral;;;1;;1;;;;;;2;;;;
11/06/2010;11:20:00;1331;sem vítima;123;BR-040/RJ;Sul;Colisão Lateral;1;;1;;;;;;;;2;;;;
12/06/2010;14:53:00;1503;sem vítima;3;BR-040/RJ;Norte;Colisão Lateral;;;2;;;;;;;;2;;;;
12/06/2010;09:57:00;1473;com vítima;78;BR-040/RJ;Sul;Choque - Objeto Fixo;1;;;;;;;;;;0;2;;;
12/06/2010;08:27:00;1463;com vítima;84;BR-040/RJ;Norte;Choque - Objeto Fixo;1;;;;;;;;;;1;2;;;
12/06/2010;05:53:00;1450;sem vítima;774;BR-040/MG;Norte;Derrapagem;1;;;;;;;;;;1;;;;
12/06/2010;02:50:00;1440;com vítima;804;BR-040/MG;Norte;Colisão Lateral;;;;1;1;;;;;;1;2;;;
12/06/2010;03:35:00;1443;sem vítima;85;BR-040/RJ;Norte;Choque - Objeto Fixo;1;;;;;;;;;;1;;;;
12/06/2010;12:40:00;1493;sem vítima;88;BR-040/RJ;Sul;Choque - Objeto Fixo;1;;;;;;;;;;5;;;;
12/06/2010;09:36:00;1469;sem vítima;93;BR-040/RJ;Norte;Choque - Objeto Fixo;1;;;;;;;;;;1;;;;
12/06/2010;22:38:00;1566;com vítima;112;BR-040/RJ;Norte;Colisão Traseira;2;;;;;;;;;;0;6;2;;
12/06/2010;18:41:00;1536;sem vítima;114;BR-040/RJ;Norte;Choque - Objeto Fixo;1;;;;;;;;;;1;;;;
13/06/2010;17:15:00;1650;sem vítima;12;BR-040/RJ;Norte;Choque - Objeto Fixo;1;;;;;;;;;;1;;;;
13/06/2010;20:06:00;1671;sem vítima;45;BR-040/RJ;Norte;Capotamento;1;;;;;;;;;;1;;;;
13/06/2010;18:55:00;1663;com vítima;48;BR-040/RJ;Norte;Capotamento;1;;;;;;;;;;0;1;;;
13/06/2010;16:02:00;1643;sem vítima;75;BR-040/RJ;Norte;Colisão Traseira;2;;;;;;;;;;2;;;;
13/06/2010;17:21:00;1652;sem vítima;91;BR-040/RJ;Norte;Choque - Objeto Fixo;1;;;;;;;;;;1;;;;
13/06/2010;10:04:00;1603;com vítima;92;BR-040/RJ;Sul;Tombamento;;;1;;;;;;;;0;;1;;
13/06/2010;15:34:00;1640;sem vítima;95;BR-040/RJ;Sul;Derrapagem;1;;;;;;;;;;1;;;;
13/06/2010;18:08:00;1658;sem vítima;109;BR-040/RJ;Sul;Choque - Objeto Fixo;1;;;;;;;;;;1;;;;
13/06/2010;06:18:00;1587;com vítima;113;BR-040/RJ;Sul;Atropelamento - Pedestre;;;;;;1;;;;;1;;;1;
14/06/2010;06:22:00;1694;sem vítima;65;BR-040/RJ;Sul;Choque - Objeto Fixo;;;1;;;;;;;;1;;;;
14/06/2010;10:20:00;1716;sem vítima;66;BR-040/RJ;Sul;Capotamento;1;;;;;;;;;;1;;;;
14/06/2010;18:17:00;1779;com vítima;790;BR-040/MG;Sul;Atropelamento - Animal;1;;;;;;;;;;0;1;;;
14/06/2010;12:08:00;1728;com vítima;87;BR-040/RJ;Norte;Tombamento;1;;;;;;;;;;0;1;;;
14/06/2010;12:09:00;1729;sem vítima;119;BR-040/RJ;Norte;Colisão Lateral;1;;1;;;;;;;;2;;;;
14/06/2010;03:01:00;1689;com vítima;120;BR-040/RJ;Sul;Queda de Moto;;;;1;;;;;;;0;;2;;
15/06/2010;18:05:00;1894;sem vítima;7;BR-040/RJ;Sul;Colisão Lateral;1;;;;;1;;;;;2;;;;
15/06/2010;13:58:00;1871;com vítima;788;BR-040/MG;Sul;Choque - Objeto Fixo;1;;;;;;;;;;0;1;;;
15/06/2010;06:42:00;1821;com vítima;803;BR-040/MG;Norte;Colisão Traseira;;;2;;;;;;;;1;1;;;
15/06/2010;13:16:00;1864;com vítima;105;BR-040/RJ;Norte;Atropelamento - Pedestre;;;;;;1;;;;;1;1;;;
15/06/2010;23:09:00;1917;sem vítima;108;BR-040/RJ;Sul;Colisão Frontal;1;;;1;;;;;;;2;;;;
15/06/2010;05:44:00;1817;sem vítima;110;BR-040/RJ;Sul;Colisão Traseira;1;;;;;1;;;;;2;;;;
15/06/2010;08:04:00;1830;com vítima;118;BR-040/RJ;Sul;Colisão Lateral;;;1;1;;;;;;;1;1;;;
15/06/2010;08:14:00;1832;com vítima;118;BR-040/RJ;Sul;Colisão Lateral;1;;;1;;;;;;;1;2;;;
15/06/2010;06:10:00;1820;sem vítima;121;BR-040/RJ;Sul;Engavetamento;3;;;;;;;;;;3;;;;
15/06/2010;18:40:00;1899;sem vítima;121;BR-040/RJ;Norte;Choque - Objeto Fixo;1;;;;;;;;;;1;;;;
15/06/2010;05:12:00;1816;com vítima;123;BR-040/RJ;Sul;Engavetamento;2;;2;;;;;;;;2;;3;;
15/06/2010;09:59:00;1843;sem vítima;123;BR-040/RJ;Sul;Colisão Lateral;1;;1;;;;;;;;2;;;;
15/06/2010;18:12:00;1895;sem vítima;124;BR-040/RJ;Norte;Outros;1;;1;1;;;;;;;3;;;;
16/06/2010;09:00:00;1946;sem vítima;34;BR-040/RJ;Sul;Colisão Lateral;1;;;;;1;;;;;2;;;;
16/06/2010;07:51:00;1937;sem vítima;62;BR-040/RJ;Sul;Choque - Objeto Fixo;1;;;;;;;;;;1;;;;
16/06/2010;14:24:00;1978;sem vítima;93;BR-040/RJ;Norte;Derrapagem;1;;;;;;;;;;1;;;;
16/06/2010;21:58:00;2030;sem vítima;98;BR-040/RJ;Norte;Colisão Traseira;1;;1;;;;;;;;2;;;;
16/06/2010;19:36:00;2025;com vítima;105;BR-040/RJ;Norte;Colisão Frontal;1;;;1;;;;;;;1;;1;;
16/06/2010;18:22:00;2012;sem vítima;119;BR-040/RJ;Norte;Colisão Lateral;3;;;;;;;;;;3;;;;
16/06/2010;19:25:00;2024;sem vítima;120;BR-040/RJ;Norte;Engavetamento;3;;;;;;;;;;3;;;;
16/06/2010;00:26:00;1921;sem vítima;123;BR-040/RJ;Sul;Choque - Objeto Fixo;1;;;;;;;;;;1;;;;
16/06/2010;10:02:00;1957;sem vítima;124;BR-040/RJ;Sul;Colisão Lateral;1;;1;;;;;;;;2;;;;
17/06/2010;02:37:00;2040;com vítima;0;BR-040/RJ;Norte;Colisão Traseira;1;;1;;;;;;;;1;;1;;
17/06/2010;11:39:00;2083;com vítima;10;BR-040/RJ;Norte;Colisão Traseira;1;;1;;;;;;;;1;1;3;;
17/06/2010;09:13:00;2066;sem vítima;26;BR-040/RJ;Norte;Capotamento;1;;;;;;;;;;1;;;;
17/06/2010;08:46:00;2064;sem vítima;81;BR-040/RJ;Norte;Colisão Lateral;;;1;;1;;;;;;2;;;;
17/06/2010;09:42:00;2070;sem vítima;91;BR-040/RJ;Norte;Tombamento;1;;1;;;;;;;;3;;;;
17/06/2010;14:23:00;2101;com vítima;93;BR-040/RJ;Norte;Queda de Moto;;;;1;;;;;;;0;;1;;
17/06/2010;07:41:00;2057;com vítima;119;BR-040/RJ;Sul;Queda de Moto;;;;1;;;;;;;0;1;;;
17/06/2010;18:41:00;2144;sem vítima;121;BR-040/RJ;Sul;Colisão Lateral;;;1;;1;;;;;;2;;;;
17/06/2010;07:17:00;2053;sem vítima;124;BR-040/RJ;Sul;Colisão Lateral;;;1;;1;;;;;;2;;;;
18/06/2010;20:10:00;2291;com vítima;24;BR-040/RJ;Norte;Tombamento;;;1;;;;;;;;0;1;;;
18/06/2010;16:44:00;2264;sem vítima;84;BR-040/RJ;Sul;Derrapagem;1;;;;;;;;;;1;;;;
18/06/2010;17:31:00;2273;sem vítima;84;BR-040/RJ;Sul;Choque - Objeto Fixo;1;;;;;;;;;;1;;;;
18/06/2010;18:38:00;2282;sem vítima;778;BR-040/MG;Sul;Choque - Objeto Fixo;1;;;;;;;;;;1;;;;
18/06/2010;16:26:00;2262;sem vítima;99;BR-040/RJ;Norte;Choque - Objeto Fixo;1;;;;;;;;;;1;;;;
18/06/2010;16:13:00;2263;sem vítima;102;BR-040/RJ;Norte;Colisão Lateral;1;;1;;;;;;;;2;;;;
18/06/2010;12:31:00;2226;sem vítima;110;BR-040/RJ;Sul;Colisão Traseira;1;;1;;;;;;;;2;;;;
18/06/2010;17:05:00;2266;sem vítima;114;BR-040/RJ;Norte;Engavetamento;1;;;;;2;;;;;3;;;;
18/06/2010;13:09:00;2229;sem vítima;120;BR-040/RJ;Norte;Colisão Lateral;1;;1;;;;;;;;2;;;;
18/06/2010;15:33:00;2253;com vítima;123;BR-040/RJ;Norte;Colisão Traseira;;;2;;;;;;;;1;;1;;
18/06/2010;16:13:00;2260;com vítima;125;BR-040/RJ;Norte;Colisão Traseira;;;2;;;;;;;;1;;1;;
19/06/2010;16:51:00;2396;sem vítima;57;BR-040/RJ;Norte;Choque - Objeto Fixo;1;;;;;;;;;;1;;;;
19/06/2010;14:50:00;2380;sem vítima;105;BR-040/RJ;Sul;Colisão Lateral;1;;;;1;;;;;;2;;;;
19/06/2010;05:22:00;2325;com vítima;111;BR-040/RJ;Norte;Colisão Traseira;2;;;;;;;;;;0;3;;;
19/06/2010;18:04:00;2404;sem vítima;115;BR-040/RJ;Norte;Colisão Traseira;2;;;;;;;;;;2;;;;
19/06/2010;18:04:00;2415;sem vítima;115;BR-040/RJ;Norte;Colisão Traseira;2;;;;;;;;;;2;;;;
19/06/2010;13:08:00;2371;sem vítima;119;BR-040/RJ;Norte;Colisão Traseira;2;;;;;;;;;;2;;;;
20/06/2010;19:33:00;2528;com vítima;40;BR-040/RJ;Sul;Atropelamento - Pedestre;1;;;;;;;;;;1;;;;1
20/06/2010;16:04:00;2503;com vítima;41;BR-040/RJ;Norte;Choque - Objeto Fixo;1;;;;;;;;;;0;3;1;1;
20/06/2010;10:24:00;2471;com vítima;52;BR-040/RJ;Sul;Queda de Moto;;;;1;;;;;;;0;1;;;
20/06/2010;05:39:00;2450;com vítima;812;BR-040/MG;Sul;Capotamento;1;;;;;;;;;;0;6;;;
20/06/2010;01:46:00;2448;sem vítima;111;BR-040/RJ;Sul;Derrapagem;1;;;;;;;;;;1;;;;
20/06/2010;20:13:00;2531;sem vítima;113;BR-040/RJ;Sul;Colisão Traseira;1;;;1;;;;;;;2;;;;
20/06/2010;08:19:00;2461;com vítima;122;BR-040/RJ;Norte;Queda de Moto;;;;1;;;;;;;0;;1;;
21/06/2010;22:11:00;2660;sem vítima;121;BR-040/RJ;Sul;Capotamento;1;;;;;;;;;;1;;;;
21/06/2010;09:50:00;2587;sem vítima;124;BR-040/RJ;Norte;Choque - Objeto Fixo;1;;;;;;;;;;1;;;;
22/06/2010;06:42:00;2676;sem vítima;39;BR-040/RJ;Sul;Derrapagem;1;;;;;;;;;;1;;;;
22/06/2010;13:40:00;2727;sem vítima;83;BR-040/RJ;Norte;Choque - Objeto Fixo;1;;;;;;;;;;1;;;;
22/06/2010;18:46:00;2767;sem vítima;85;BR-040/RJ;Norte;Choque - Objeto Fixo;1;;;;;;;;;;1;;;;
22/06/2010;10:51:00;2712;sem vítima;86;BR-040/RJ;Sul;Choque - Objeto Fixo;;;1;;;;;;;;1;;;;
22/06/2010;17:56:00;2761;sem vítima;119;BR-040/RJ;Norte;Engavetamento;3;;;;;;;;;;3;;;;
22/06/2010;18:38:00;2766;sem vítima;122;BR-040/RJ;Norte;Colisão Traseira;2;;;;;;;;;;2;;;;
23/06/2010;00:36:00;2806;sem vítima;80;BR-040/RJ;Sul;Derrapagem;1;;;;;;;;;;1;;;;
23/06/2010;11:45:00;2839;sem vítima;82;BR-040/RJ;Sul;Choque - Objeto Fixo;1;;;;;;;;;;1;;;;
23/06/2010;18:11:00;2887;com vítima;83;BR-040/RJ;Sul;Colisão Traseira;2;;;;;;;;;;1;;1;;
23/06/2010;12:21:00;2842;sem vítima;85;BR-040/RJ;Norte;Choque - Objeto Fixo;1;;;;;;;;;;1;;;;
23/06/2010;12:58:00;2847;com vítima;92;BR-040/RJ;Sul;Capotamento;1;;;;;;;;;;0;2;;;
23/06/2010;11:06:00;2833;sem vítima;93;BR-040/RJ;Norte;Choque - Objeto Fixo;1;;;;;;;;;;1;;;;
23/06/2010;12:38:00;2845;sem vítima;112;BR-040/RJ;Sul;Colisão Lateral;1;;;;1;;;;;;2;;;;
23/06/2010;01:25:00;2808;sem vítima;114;BR-040/RJ;Norte;Derrapagem;1;;;;;;;;;;1;;;;
23/06/2010;06:39:00;2817;com vítima;122;BR-040/RJ;Sul;Colisão Traseira;1;;;1;;;;;;;1;1;;;
23/06/2010;07:25:00;2821;sem vítima;123;BR-040/RJ;Sul;Colisão Transversal;1;;;;1;;;;;;2;;;;
23/06/2010;22:55:00;2912;sem vítima;123;BR-040/RJ;Sul;Colisão Traseira;1;;1;;;;;;;;2;;;;
23/06/2010;12:13:00;2841;sem vítima;125;BR-040/RJ;Sul;Tombamento;;;1;;;;;;;;1;;;;
24/06/2010;22:47:00;3067;sem vítima;80;BR-040/RJ;Sul;Choque - Objeto Fixo;1;;;;;;;;;;1;;;;
24/06/2010;09:16:00;2952;sem vítima;96;BR-040/RJ;Norte;Colisão Lateral;1;;1;;;;;;;;2;;;;
24/06/2010;17:55:00;3026;sem vítima;105;BR-040/RJ;Sul;Colisão Traseira;1;;1;;;;;;;;2;;;;
24/06/2010;12:25:00;2978;com vítima;106;BR-040/RJ;Sul;Queda de Moto;;;;1;;;;;;;0;1;;;
24/06/2010;12:28:00;2980;sem vítima;106;BR-040/RJ;Sul;Colisão Traseira;2;;;;;;;;;;2;;;;
24/06/2010;22:14:00;3065;sem vítima;122;BR-040/RJ;Sul;Choque - Objeto Fixo;1;;;;;;;;;;1;;;;
24/06/2010;15:03:00;3004;sem vítima;123;BR-040/RJ;Sul;Colisão Traseira;1;;1;;;;;;;;2;;;;
25/06/2010;00:25:00;3073;sem vítima;78;BR-040/RJ;Sul;Derrapagem;1;;;;;;;;;;1;;;;
25/06/2010;06:01:00;3090;com vítima;97;BR-040/RJ;Sul;Tombamento;;;1;;;;;;;;0;1;;;
25/06/2010;11:06:00;3121;com vítima;116;BR-040/RJ;Norte;Engavetamento;4;;;;;;;;;;0;3;3;;
25/06/2010;06:02:00;3091;sem vítima;119;BR-040/RJ;Norte;Derrapagem;1;;;;;;;;;;1;;;;
25/06/2010;06:37:00;3095;sem vítima;123;BR-040/RJ;Sul;Colisão Traseira;1;;;;1;;;;;;2;;;;
26/06/2010;13:56:00;3253;sem vítima;82;BR-040/RJ;Norte;Colisão Frontal;1;;1;;;;;;;;2;;;;
26/06/2010;15:53:00;3271;sem vítima;88;BR-040/RJ;Sul;Choque - Objeto Fixo;1;;;;;;;;;;1;;;;
26/06/2010;08:58:00;3218;com vítima;97;BR-040/RJ;Norte;Queda de Moto;;;;1;;;;;;;0;1;;;
26/06/2010;07:52:00;3211;sem vítima;101;BR-040/RJ;Sul;Colisão Traseira;2;;;;;;;;;;2;;;;
26/06/2010;18:53:00;3302;sem vítima;104;BR-040/RJ;Norte;Colisão Traseira;2;;;;;;;;;;2;;;;
26/06/2010;16:46:00;3281;com vítima;109;BR-040/RJ;Norte;Colisão Traseira;1;;;1;;;;;;;1;1;;;
26/06/2010;08:26:00;3213;sem vítima;121;BR-040/RJ;Norte;Colisão Lateral;1;;1;;;;;;;;2;;;;
27/06/2010;18:18:00;3420;com vítima;6;BR-040/RJ;Sul;Atropelamento - Pedestre;1;;;;;;;;;;1;;;1;
27/06/2010;14:51:00;3389;sem vítima;45;BR-040/RJ;Sul;Colisão Lateral;2;;;;;;;;;;2;;;;
27/06/2010;05:07:00;3341;com vítima;78;BR-040/RJ;Sul;Choque - Objeto Fixo;1;;;;;;;;;;0;2;;;
27/06/2010;02:20:00;3334;sem vítima;85;BR-040/RJ;Norte;Choque - Objeto Fixo;1;;;;;;;;;;1;;;;
28/06/2010;16:40:00;3529;com vítima;14;BR-040/RJ;Norte;Colisão Traseira;1;;1;;;;;;;;1;1;;;
28/06/2010;02:37:00;3445;sem vítima;32;BR-040/RJ;Sul;Choque - Objeto Fixo;1;;;;;;;;;;1;;;;
28/06/2010;10:07:00;3484;sem vítima;78;BR-040/RJ;Sul;Choque - Objeto Fixo;1;;;;;;;;;;1;;;;
28/06/2010;17:42:00;3532;com vítima;78;BR-040/RJ;Sul;Choque - Objeto Fixo;1;;;;;;;;;;2;1;;;
28/06/2010;05:54:00;3451;sem vítima;83;BR-040/RJ;Sul;Choque - Objeto Fixo;1;;;;;;;;;;1;;;;
28/06/2010;10:40:00;3487;com vítima;810;BR-040/MG;Sul;Queda de Moto;;;;1;;;;;;;0;1;;;
28/06/2010;09:36:00;3481;com vítima;93;BR-040/RJ;Norte;Colisão Transversal;2;;;;;;;;;;2;1;;;
28/06/2010;05:55:00;3452;sem vítima;109;BR-040/RJ;Sul;Queda de Moto;1;;;;;;;;;;1;;;;
28/06/2010;06:20:00;3454;sem vítima;109;BR-040/RJ;Sul;Colisão Traseira;1;;1;;;;;;;;2;;;;
28/06/2010;05:55:00;3455;sem vítima;109;BR-040/RJ;Sul;Engavetamento;3;;1;;;;;;;;4;;;;
28/06/2010;05:44:00;3450;sem vítima;111;BR-040/RJ;Sul;Engavetamento;3;;;;;;;;;;3;;;;
28/06/2010;19:20:00;3542;sem vítima;123;BR-040/RJ;Sul;Colisão Lateral;3;;;;;;;;;;3;;;;
29/06/2010;16:50:00;3638;sem vítima;17;BR-040/RJ;Norte;Choque - Objeto Fixo;1;;;;;;;;;;1;;;;
29/06/2010;09:55:00;3591;sem vítima;814;BR-040/MG;Norte;Choque - Objeto Fixo;1;;;;;;;;;;6;;;;
29/06/2010;13:48:00;3621;com vítima;103;BR-040/RJ;Sul;Colisão Lateral;;1;;;1;;;;;;1;1;;;
29/06/2010;18:19:00;3646;com vítima;105;BR-040/RJ;Norte;Colisão Transversal;1;;;1;;;;;;;1;;1;;
29/06/2010;11:40:00;3607;sem vítima;122;BR-040/RJ;Norte;Colisão Lateral;1;;1;;;;;;;;2;;;;
30/06/2010;12:49:00;3727;sem vítima;110;BR-040/RJ;Norte;Choque - Objeto Fixo;;;1;;;;;;;;1;;;;
30/06/2010;10:50:00;3714;sem vítima;124;BR-040/RJ;Sul;Colisão Lateral;;;2;;;;;;;;2;;;;
01/07/2010;23:25:00;138;sem vítima;16;BR-040/RJ;Norte;Colisão Traseira;;;2;;;;;;;;2;;;;
01/07/2010;22:54:00;134;sem vítima;74;BR-040/RJ;Norte;Choque - Objeto Fixo;1;;;;;;;;;;1;;;;
01/07/2010;22:44:00;132;com vítima;781;BR-040/MG;Norte;Colisão Lateral;1;;1;;;;;;;;1;;2;;
01/07/2010;08:41:00;25;sem vítima;85;BR-040/RJ;Norte;Choque - Objeto Fixo;1;;;;;;;;;;1;;;;
01/07/2010;19:34:00;118;com vítima;92;BR-040/RJ;Sul;Tombamento;;;1;;;;;;;;0;;1;;
01/07/2010;09:00:00;29;sem vítima;101;BR-040/RJ;Sul;Engavetamento;1;;2;;;;;;;;3;;;;
02/07/2010;21:18:00;260;sem vítima;18;BR-040/RJ;Sul;Choque - Objeto Fixo;1;;;;;;;;;;1;;;;
02/07/2010;14:41:00;218;com vítima;793;BR-040/MG;Sul;Colisão Lateral;2;;;;;;;;;;0;6;;;
02/07/2010;01:18:00;146;sem vítima;96;BR-040/RJ;Norte;Choque - Objeto Fixo;1;;;;;;;;;;1;;;;
02/07/2010;17:00:00;235;sem vítima;119;BR-040/RJ;Sul;Choque - Objeto Fixo;1;;;;;;;;;;1;;;;
02/07/2010;23:23:00;276;com vítima;119;BR-040/RJ;Sul;Colisão Lateral;;;;1;;;;;;;0;;1;;
03/07/2010;22:00:00;410;sem vítima;58;BR-040/RJ;Sul;Colisão Traseira;2;;;;;;;;;;2;;;;
03/07/2010;10:07:00;327;sem vítima;803;BR-040/MG;Norte;Derrapagem;1;;;;;;;;;;1;;;;
03/07/2010;15:58:00;372;sem vítima;101;BR-040/RJ;Norte;Choque - Objeto Fixo;1;;;;;;;;;;1;;;;
03/07/2010;06:42:00;301;com vítima;106;BR-040/RJ;Sul;Atropelamento - Pedestre;1;;;;;1;;;;;2;;;;1
03/07/2010;10:12:00;328;com vítima;106;BR-040/RJ;Sul;Atropelamento - Pedestre;1;;;;;;;;;;1;;1;;
03/07/2010;13:35:00;355;com vítima;106;BR-040/RJ;Sul;Queda de Moto;;;;1;;;;;;;0;;1;;
03/07/2010;11:59:00;340;sem vítima;109;BR-040/RJ;Sul;Colisão Traseira;1;;1;;;;;;;;2;;;;
03/07/2010;08:57:00;316;com vítima;111;BR-040/RJ;Sul;Tombamento;;;1;;;;;;;;2;1;;;
03/07/2010;11:22:00;336;sem vítima;118;BR-040/RJ;Norte;Engavetamento;3;;;;;;;;;;3;;;;
03/07/2010;11:34:00;337;sem vítima;119;BR-040/RJ;Norte;Queda de Moto;;;;1;;1;;;;;2;;;;
03/07/2010;07:41:00;307;com vítima;122;BR-040/RJ;Norte;Colisão Traseira;1;;;;2;;;;;;2;1;;;
03/07/2010;13:24:00;353;com vítima;123;BR-040/RJ;Sul;Queda de Moto;;;;1;;;;;;;0;2;;;
04/07/2010;17:19:00;493;sem vítima;8;BR-040/RJ;Norte;Derrapagem;1;;;;;;;;;;1;;;;
04/07/2010;08:55:00;440;sem vítima;45;BR-040/RJ;Norte;Colisão Lateral;2;;;;;;;;;;6;;;;
04/07/2010;12:50:00;463;com vítima;78;BR-040/RJ;Sul;Choque - Objeto Fixo;1;;;;;;;;;;0;1;;;
04/07/2010;08:35:00;436;sem vítima;797;BR-040/MG;Sul;Choque - Objeto Fixo;1;;;;;;;;;;1;;;;
04/07/2010;21:13:00;517;com vítima;122;BR-040/RJ;Sul;Choque - Objeto Fixo;1;;;;;;;;;;0;;1;;
04/07/2010;09:50:00;445;sem vítima;123;BR-040/RJ;Norte;Colisão Frontal;1;;;1;;;;;;;2;;;;
04/07/2010;05:02:00;427;sem vítima;124;BR-040/RJ;Sul;Choque - Objeto Fixo;1;;;;;;;;;;1;;;;
05/07/2010;00:16:00;533;sem vítima;84;BR-040/RJ;Norte;Choque - Objeto Fixo;1;;;;;;;;;;1;;;;
05/07/2010;18:34:00;646;sem vítima;782;BR-040/MG;Sul;Atropelamento - Animal;1;;;;;;;;;;1;;;;
05/07/2010;08:43:00;568;sem vítima;828;BR-040/MG;Sul;Choque - Objeto Fixo;1;;;;;;;;;;1;;;;
05/07/2010;07:28:00;561;sem vítima;105;BR-040/RJ;Sul;Colisão Frontal;2;;;;;;;;;;2;;;;
05/07/2010;15:44:00;626;sem vítima;110;BR-040/RJ;Norte;Colisão Lateral;;;;1;;1;;;;;2;;;;
05/07/2010;09:28:00;573;sem vítima;123;BR-040/RJ;Sul;Colisão Traseira;1;;1;;;;;;;;2;;;;
05/07/2010;11:57:00;601;sem vítima;123;BR-040/RJ;Sul;Atropelamento - Pedestre;;;1;;;1;;;;;3;;;;
06/07/2010;19:43:00;767;sem vítima;39;BR-040/RJ;Norte;Choque - Objeto Fixo;1;;;;;;;;;;1;;;;
06/07/2010;15:09:00;742;sem vítima;815;BR-040/MG;Sul;Tombamento;;;1;;;;;;;;1;;;;
06/07/2010;18:48:00;764;sem vítima;119;BR-040/RJ;Norte;Colisão Lateral;1;;1;;;;;;;;2;;;;
06/07/2010;23:30:00;791;com vítima;121;BR-040/RJ;Sul;Atropelamento - Pedestre;;;;;;1;;;;;1;;;;1
06/07/2010;06:04:00;673;sem vítima;124;BR-040/RJ;Sul;Colisão Lateral;1;;1;;;;;;;;2;;;;
06/07/2010;06:51:00;679;sem vítima;124;BR-040/RJ;Sul;Colisão Lateral;;;2;;;;;;;;2;;;;
07/07/2010;16:41:00;892;sem vítima;109;BR-040/RJ;Norte;Engavetamento;3;;;;;;;;;;3;;;;
07/07/2010;16:48:00;893;sem vítima;109;BR-040/RJ;Norte;Colisão Traseira;1;;;;1;;;;;;2;;;;
07/07/2010;18:15:00;903;sem vítima;109;BR-040/RJ;Norte;Colisão Traseira;1;;1;;;;;;;;2;;;;
07/07/2010;14:49:00;886;sem vítima;110;BR-040/RJ;Norte;Colisão Traseira;1;;;;1;;;;;;2;;;;
07/07/2010;19:11:00;916;sem vítima;110;BR-040/RJ;Norte;Engavetamento;3;;;;;;;;;;3;;;;
07/07/2010;13:25:00;865;sem vítima;111;BR-040/RJ;Sul;Colisão Traseira;;;2;;;;;;;;2;;;;
07/07/2010;03:21:00;798;com vítima;118;BR-040/RJ;Sul;Capotamento;1;;;;;;;;;;0;1;;;