data;horario;n_da_ocorrencia;tipo_de_ocorrencia;km;trecho;sentido;tipo_de_acidente;automovel;bicicleta;caminhao;moto;onibus;outros;tracao_animal;transporte_de_cargas_especiais;trator_maquinas;utilitarios;ilesos;levemente_feridos;moderadamente_feridos;gravemente_feridos;mortos
07/07/2010;18:00:00;902;sem vítima;123;BR-040/RJ;Norte;Colisão Traseira;1;;1;;;;;;;;2;;;;
08/07/2010;16:42:00;1042;com vítima;803;BR-040/MG;Norte;Colisão Traseira;;;1;1;;;;;;;1;1;;;
08/07/2010;07:33:00;962;sem vítima;90;BR-040/RJ;Norte;Colisão Lateral;;;1;;1;;;;;;2;;;;
08/07/2010;16:17:00;1039;sem vítima;106;BR-040/RJ;Sul;Colisão Lateral;;;2;;;;;;;;2;;;;
08/07/2010;10:17:00;982;com vítima;121;BR-040/RJ;Sul;Engavetamento;4;;;;;;;;;;3;1;;;
09/07/2010;19:35:00;1215;sem vítima;6;BR-040/RJ;Norte;Choque - Objeto Fixo;1;;;;;;;;;;1;;;;
09/07/2010;03:40:00;1097;com vítima;22;BR-040/RJ;Norte;Tombamento;;;1;;;;;;;;0;1;;;
09/07/2010;23:03:00;1238;sem vítima;58;BR-040/RJ;Norte;Colisão Lateral;2;;;;;;;;;;2;;;;
09/07/2010;17:33:00;1196;sem vítima;84;BR-040/RJ;Norte;Colisão Lateral;2;;;;;;;;;;2;;;;
09/07/2010;08:06:00;1118;com vítima;795;BR-040/MG;Sul;Queda de Moto;;;;1;;;;;;;0;1;1;;
09/07/2010;01:59:00;1092;sem vítima;96;BR-040/RJ;Sul;Choque - Objeto Fixo;;;1;;;;;;;;1;;;;
09/07/2010;11:13:00;1136;sem vítima;104;BR-040/RJ;Norte;Choque - Objeto Fixo;;;1;;;;;;;;1;;;;
09/07/2010;14:56:00;1166;com vítima;113;BR-040/RJ;Norte;Colisão Lateral;2;;;;;;;;;;1;1;;;
09/07/2010;18:05:00;1203;sem vítima;115;BR-040/RJ;Norte;Colisão Traseira;2;;;;;;;;;;2;;;;
09/07/2010;12:53:00;1151;sem vítima;118;BR-040/RJ;Sul;Choque - Objeto Fixo;;;1;;;;;;;;1;;;;
09/07/2010;12:22:00;1146;sem vítima;119;BR-040/RJ;Sul;Engavetamento;3;;;;;1;;;;;4;;;;
09/07/2010;09:11:00;1124;sem vítima;124;BR-040/RJ;Sul;Colisão Lateral;1;;1;;;;;;;;2;;;;
09/07/2010;22:10:00;1232;sem vítima;124;BR-040/RJ;Sul;Choque - Objeto Fixo;1;;;;;;;;;;1;;;;
10/07/2010;23:19:00;1395;com vítima;39;BR-040/RJ;Norte;Queda de Moto;;;;1;;;;;;;0;;;1;
10/07/2010;14:34:00;1339;sem vítima;52;BR-040/RJ;Norte;Choque - Objeto Fixo;1;;;;;;;;;;1;;;;
10/07/2010;15:58:00;1352;com vítima;60;BR-040/RJ;Norte;Capotamento;1;;;;;;;;;;1;1;;;
10/07/2010;08:46:00;1280;sem vítima;76;BR-040/RJ;Norte;Choque - Objeto Fixo;1;;;;;;;;;;3;;;;
10/07/2010;12:43:00;1323;com vítima;815;BR-040/MG;Norte;Choque - Objeto Fixo;1;;;;;;;;;;0;1;;;
10/07/2010;10:04:00;1296;sem vítima;85;BR-040/RJ;Norte;Choque - Objeto Fixo;1;;;;;;;;;;1;;;;
10/07/2010;16:05:00;1354;sem vítima;85;BR-040/RJ;Norte;Choque - Objeto Fixo;1;;;;;;;;;;1;;;;
10/07/2010;17:23:00;1359;sem vítima;85;BR-040/RJ;Norte;Choque - Objeto Fixo;1;;;;;;;;;;1;;;;
10/07/2010;21:35:00;1383;com vítima;91;BR-040/RJ;Sul;Capotamento;1;;;;;;;;;;0;1;;;
10/07/2010;18:30:00;1369;sem vítima;112;BR-040/RJ;Norte;Colisão Lateral;1;;1;;;;;;;;2;;;;
10/07/2010;23:22:00;1397;com vítima;118;BR-040/RJ;Norte;Colisão Traseira;2;;;;;;;;;;1;1;1;;
10/07/2010;06:36:00;1265;sem vítima;119;BR-040/RJ;Norte;Colisão Traseira;1;;;;1;;;;;;2;;;;
10/07/2010;06:39:00;1271;sem vítima;119;BR-040/RJ;Norte;Choque - Objeto Fixo;1;;;;;;;;;;1;;;;
10/07/2010;23:02:00;1392;sem vítima;122;BR-040/RJ;Sul;Choque - Objeto Fixo;1;;;;;;;;;;1;;;;
11/07/2010;12:49:00;1451;com vítima;31;BR-040/RJ;Sul;Choque - Objeto Fixo;1;;;;;;;;;;1;1;;;
11/07/2010;12:36:00;1450;com vítima;32;BR-040/RJ;Norte;Capotamento;1;;;;;;;;;;1;;1;;
11/07/2010;12:00:00;1445;com vítima;34;BR-040/RJ;Norte;Choque - Objeto Fixo;;;;3;;;;;;;1;;2;;
11/07/2010;20:02:00;1503;com vítima;41;BR-040/RJ;Norte;Queda de Moto;;;;1;;;;;;;1;;1;;
11/07/2010;12:50:00;1452;sem vítima;45;BR-040/RJ;Norte;Colisão Lateral;;;1;1;;;;;;;2;;;;
11/07/2010;12:25:00;1449;sem vítima;780;BR-040/MG;Sul;Colisão Lateral;2;;;;;;;;;;2;;;;
11/07/2010;12:03:00;1446;sem vítima;815;BR-040/MG;Norte;Choque - Objeto Fixo;1;;;;;;;;;;2;;;;
11/07/2010;02:17:00;1403;sem vítima;85;BR-040/RJ;Sul;Choque - Objeto Fixo;1;;;;;;;;;;1;;;;
11/07/2010;15:26:00;1468;com vítima;102;BR-040/RJ;Norte;Colisão Lateral;1;;;1;;;;;;;0;2;;;
11/07/2010;05:09:00;1413;com vítima;118;BR-040/RJ;Sul;Queda de Moto;;;;1;;;;;;;0;;;;1
11/07/2010;05:56:00;1418;sem vítima;119;BR-040/RJ;Norte;Choque - Objeto Fixo;1;;;;;;;;;;1;;;;
11/07/2010;22:54:00;1517;com vítima;120;BR-040/RJ;Norte;Colisão Traseira;2;;;;;;;;;;4;1;2;;
12/07/2010;05:58:00;1535;sem vítima;2;BR-040/RJ;Norte;Choque - Objeto Fixo;1;;;;;;;;;;1;;;;
12/07/2010;20:36:00;1659;sem vítima;39;BR-040/RJ;Norte;Choque - Objeto Fixo;1;;;;;;;;;;1;;;;
12/07/2010;22:59:00;1673;sem vítima;60;BR-040/RJ;Sul;Choque - Objeto Fixo;1;;;;;;;;;;1;;;;
12/07/2010;18:38:00;1638;com vítima;63;BR-040/RJ;Sul;Colisão Frontal;2;;;;;;;;;;1;1;;;
12/07/2010;21:16:00;1663;sem vítima;78;BR-040/RJ;Sul;Choque - Objeto Fixo;1;;;;;;;;;;1;;;;
12/07/2010;07:12:00;1547;com vítima;81;BR-040/RJ;Sul;Derrapagem;1;;;;;;;;;;0;1;;;
12/07/2010;06:25:00;1539;sem vítima;85;BR-040/RJ;Norte;Choque - Objeto Fixo;1;;;;;;;;;;1;;;;
12/07/2010;17:30:00;1628;com vítima;99;BR-040/RJ;Norte;Colisão Lateral;1;;;1;;;;;;;1;;1;;
12/07/2010;11:35:00;1585;sem vítima;107;BR-040/RJ;Norte;Engavetamento;3;;;;;;;;;;3;;;;
12/07/2010;21:57:00;1666;sem vítima;110;BR-040/RJ;Sul;Choque - Objeto Fixo;1;;;;;;;;;;1;;;;
12/07/2010;05:38:00;1533;com vítima;111;BR-040/RJ;Sul;Atropelamento - Pedestre;;;;;;1;;;;;1;;;;1
12/07/2010;17:57:00;1631;com vítima;112;BR-040/RJ;Norte;Colisão Traseira;1;;1;;;;;;;;1;;1;;
12/07/2010;09:45:00;1566;sem vítima;119;BR-040/RJ;Sul;Engavetamento;1;;2;;;;;;;;3;;;;
12/07/2010;07:10:00;1546;sem vítima;122;BR-040/RJ;Sul;Colisão Traseira;1;;1;;;;;;;;2;;;;
12/07/2010;03:35:00;1528;sem vítima;123;BR-040/RJ;Sul;Choque - Objeto Fixo;1;;;;;;;;;;1;;;;
12/07/2010;18:05:00;1632;sem vítima;124;BR-040/RJ;Sul;Colisão Traseira;1;;;;;1;;;;;2;;;;
13/07/2010;08:51:00;1721;sem vítima;5;BR-040/RJ;Norte;Choque - Objeto Fixo;1;;1;;;;;;;;2;;;;
13/07/2010;06:56:00;1708;sem vítima;64;BR-040/RJ;Sul;Choque - Objeto Fixo;1;;;;;;;;;;1;;;;
13/07/2010;17:00:00;1780;com vítima;784;BR-040/MG;Norte;Queda de Moto;;;;1;;;;;;;0;;1;;
13/07/2010;00:16:00;1681;sem vítima;787;BR-040/MG;Norte;Choque - Objeto Fixo;;;1;;;;;;;;1;;;;
13/07/2010;04:50:00;1693;com vítima;93;BR-040/RJ;Sul;Tombamento;;;1;;;;;;;;0;2;;;
13/07/2010;12:15:00;1750;com vítima;99;BR-040/RJ;Sul;Colisão Traseira;2;;;;;;;;;;1;1;;;
13/07/2010;10:15:00;1735;sem vítima;109;BR-040/RJ;Norte;Atropelamento - Pedestre;1;1;;;;;;;;;2;;;;
13/07/2010;19:40:00;1804;sem vítima;117;BR-040/RJ;Norte;Atropelamento - Animal;1;;;;;;;;;;1;;;;
13/07/2010;08:03:00;1715;sem vítima;119;BR-040/RJ;Sul;Colisão Lateral;;;1;;1;;;;;;2;;;;
14/07/2010;08:35:00;1872;sem vítima;74;BR-040/RJ;Norte;Choque - Objeto Fixo;1;;;;;;;;;;1;;;;
14/07/2010;15:10:00;1923;sem vítima;85;BR-040/RJ;Norte;Choque - Objeto Fixo;1;;;;;;;;;;1;;;;
14/07/2010;16:59:00;1938;sem vítima;85;BR-040/RJ;Sul;Choque - Objeto Fixo;1;;;;;;;;;;1;;;;
14/07/2010;11:38:00;1896;com vítima;86;BR-040/RJ;Norte;Choque - Objeto Fixo;1;;;;;;;;;;1;;1;;
14/07/2010;05:02:00;1845;sem vítima;87;BR-040/RJ;Norte;Choque - Objeto Fixo;1;;;;;;;;;;1;;;;
14/07/2010;15:09:00;1925;sem vítima;92;BR-040/RJ;Sul;Colisão Lateral;1;;1;;;;;;;;2;;;;
14/07/2010;13:59:00;1915;com vítima;94;BR-040/RJ;Sul;Capotamento;1;;;;;;;;;;0;1;;;
14/07/2010;16:30:00;1934;sem vítima;113;BR-040/RJ;Norte;Colisão Frontal;2;;;;;;;;;;2;;;;
14/07/2010;16:27:00;1933;sem vítima;114;BR-040/RJ;Norte;Colisão Traseira;;;2;;;;;;;;2;;;;
14/07/2010;23:53:00;1986;com vítima;114;BR-040/RJ;Norte;Choque - Objeto Fixo;1;;;;;;;;;;0;1;;;
14/07/2010;18:21:00;1951;com vítima;118;BR-040/RJ;Norte;Engavetamento;4;;1;;;;;;;;4;;1;;
14/07/2010;19:15:00;1956;sem vítima;121;BR-040/RJ;Sul;Engavetamento;2;;1;;;;;;;;3;;;;
14/07/2010;08:12:00;1866;sem vítima;123;BR-040/RJ;Sul;Colisão Traseira;1;;1;;;;;;;;2;;;;
15/07/2010;15:01:00;2058;sem vítima;72;BR-040/RJ;Norte;Choque - Objeto Fixo;1;;;;;;;;;;1;;;;
15/07/2010;15:59:00;2065;com vítima;74;BR-040/RJ;Norte;Choque - Objeto Fixo;1;;;;;;;;;;0;1;;;
15/07/2010;04:00:00;1995;com vítima;783;BR-040/MG;Norte;Tombamento;;;1;;;;;;;;0;;1;;
15/07/2010;08:10:00;2012;com vítima;815;BR-040/MG;Sul;Choque - Objeto Fixo;1;;;;;;;;;;0;;1;;
15/07/2010;10:38:00;2027;com vítima;828;BR-040/MG;Norte;Choque - Objeto Fixo;1;;;;;;;;;;0;2;1;;
15/07/2010;13:32:00;2049;sem vítima;85;BR-040/RJ;Norte;Colisão Lateral;2;;;;;;;;;;2;;;;
15/07/2010;17:45:00;2079;sem vítima;85;BR-040/RJ;Norte;Choque - Objeto Fixo;1;;;;;;;;;;1;;;;
15/07/2010;15:00:00;2057;com vítima;87;BR-040/RJ;Sul;Choque - Objeto Fixo;1;;;;;;;;;;0;2;;;
15/07/2010;10:30:00;2025;sem vítima;90;BR-040/RJ;Sul;Choque - Objeto Fixo;1;;;;;;;;;;1;;;;
15/07/2010;13:10:00;2047;sem vítima;94;BR-040/RJ;Sul;Choque - Objeto Fixo;1;;;;;;;;;;1;;;;
15/07/2010;19:07:00;2087;sem vítima;94;BR-040/RJ;Sul;Colisão Traseira;1;;1;;;;;;;;2;;;;
15/07/2010;14:13:00;2054;sem vítima;95;BR-040/RJ;Sul;Choque - Objeto Fixo;1;;;;;;;;;;1;;;;
15/07/2010;04:20:00;1998;sem vítima;114;BR-040/RJ;Norte;Choque - Objeto Fixo;1;;;;;;;;;;1;;;;
15/07/2010;09:37:00;2021;sem vítima;123;BR-040/RJ;Sul;Colisão Traseira;2;;;;;;;;;;2;;;;
16/07/2010;20:42:00;2237;sem vítima;39;BR-040/RJ;Norte;Derrapagem;1;;;;;;;;;;1;;;;
16/07/2010;19:58:00;2232;sem vítima;43;BR-040/RJ;Sul;Atropelamento - Animal;1;;;;;;;;;;1;;;;
16/07/2010;21:20:00;2239;com vítima;74;BR-040/RJ;Norte;Choque - Objeto Fixo;1;;;;;;;;;;0;;1;;
16/07/2010;21:59:00;2250;sem vítima;83;BR-040/RJ;Sul;Choque - Objeto Fixo;1;;;;;;;;;;1;;;;
16/07/2010;17:47:00;2216;sem vítima;94;BR-040/RJ;Sul;Derrapagem;1;;;;;;;;;;1;;;;
16/07/2010;18:41:00;2225;sem vítima;94;BR-040/RJ;Sul;Colisão Traseira;2;;;;;;;;;;2;;;;
16/07/2010;21:34:00;2246;sem vítima;94;BR-040/RJ;Norte;Choque - Objeto Fixo;1;;;;;;;;;;1;;;;
16/07/2010;18:07:00;2219;sem vítima;109;BR-040/RJ;Norte;Colisão Frontal;1;;1;;;;;;;;2;;;;
16/07/2010;05:46:00;2125;com vítima;111;BR-040/RJ;Sul;Colisão Traseira;2;;;;;;;;;;1;1;;;
16/07/2010;20:41:00;2236;sem vítima;111;BR-040/RJ;Norte;Engavetamento;2;;1;;;;;;;;3;;;;
16/07/2010;17:36:00;2213;sem vítima;112;BR-040/RJ;Norte;Engavetamento;5;;;;;;;;;;5;;;;
16/07/2010;18:59:00;2224;sem vítima;119;BR-040/RJ;Norte;Engavetamento;4;;;;;;;;;;4;;;;
16/07/2010;20:10:00;2233;sem vítima;119;BR-040/RJ;Norte;Colisão Traseira;2;;;;;;;;;;2;;;;
16/07/2010;23:49:00;2261;sem vítima;119;BR-040/RJ;Norte;Colisão Lateral;2;;;;;;;;;;2;;;;
16/07/2010;08:35:00;2132;sem vítima;123;BR-040/RJ;Sul;Colisão Frontal;;;2;;;;;;;;2;;;;
16/07/2010;21:55:00;2249;com vítima;123;BR-040/RJ;Norte;Colisão Frontal;2;;;;;;;;;;0;;2;;
17/07/2010;12:10:00;2326;sem vítima;2;BR-040/RJ;Sul;Choque - Objeto Fixo;1;;;;;;;;;;1;;;;
17/07/2010;15:30:00;2358;com vítima;3;BR-040/RJ;Sul;Choque - Objeto Fixo;1;;;;;;;;;;0;2;;;
17/07/2010;15:26:00;2355;com vítima;31;BR-040/RJ;Sul;Capotamento;1;;;;;;;;;;0;1;;;
17/07/2010;17:36:00;2367;sem vítima;31;BR-040/RJ;Norte;Choque - Objeto Fixo;1;;;;;;;;;;1;;;;
17/07/2010;18:52:00;2375;sem vítima;34;BR-040/RJ;Norte;Choque - Objeto Fixo;1;;;;;;;;;;1;;;;
17/07/2010;13:36:00;2338;sem vítima;54;BR-040/RJ;Sul;Choque - Objeto Fixo;1;;;;;;;;;;1;;;;
17/07/2010;20:05:00;2381;sem vítima;80;BR-040/RJ;Norte;Choque - Objeto Fixo;1;;;;;;;;;;1;;;;
17/07/2010;05:47:00;2279;com vítima;783;BR-040/MG;Norte;Derrapagem;;;;;1;;;;;;0;1;4;2;3
17/07/2010;06:09:00;2283;sem vítima;815;BR-040/MG;Sul;Choque - Objeto Fixo;1;;;;;;;;;;1;;;;
17/07/2010;09:23:00;2304;com vítima;815;BR-040/MG;Sul;Tombamento;;;1;;;;;;;;0;;1;;
17/07/2010;10:56:00;2315;sem vítima;815;BR-040/MG;Norte;Choque - Objeto Fixo;1;;;;;;;;;;1;;;;
17/07/2010;17:20:00;2366;sem vítima;85;BR-040/RJ;Norte;Choque - Objeto Fixo;1;;;;;;;;;;1;;;;
17/07/2010;15:39:00;2357;sem vítima;90;BR-040/RJ;Sul;Choque - Objeto Fixo;1;;;;;;;;;;1;;;;
17/07/2010;14:38:00;2345;sem vítima;91;BR-040/RJ;Norte;Choque - Objeto Fixo;1;;;;;;;;;;1;;;;
17/07/2010;10:52:00;2314;com vítima;92;BR-040/RJ;Sul;Derrapagem;1;;;;;;;;;;0;1;;;
17/07/2010;19:46:00;2378;sem vítima;92;BR-040/RJ;Sul;Choque - Objeto Fixo;1;;;;;;;;;;1;;;;
17/07/2010;21:17:00;2389;sem vítima;95;BR-040/RJ;Sul;Choque - Objeto Fixo;1;;;;;;;;;;1;;;;
17/07/2010;07:53:00;2294;sem vítima;96;BR-040/RJ;Sul;Choque - Objeto Fixo;1;;;;;;;;;;1;;;;
17/07/2010;19:34:00;2377;sem vítima;96;BR-040/RJ;Norte;Choque - Objeto Fixo;1;;;;;;;;;;1;;;;
17/07/2010;21:49:00;2396;com vítima;106;BR-040/RJ;Sul;Colisão Traseira;;1;;;;1;;;;;1;;;1;
17/07/2010;04:06:00;2271;com vítima;114;BR-040/RJ;Sul;Capotamento;1;;;;;;;;;;0;1;;;
17/07/2010;05:31:00;2278;sem vítima;114;BR-040/RJ;Sul;Choque - Objeto Fixo;1;;;;;;;;;;1;;;;
17/07/2010;07:18:00;2293;com vítima;114;BR-040/RJ;Norte;Choque - Objeto Fixo;;;1;;;;;;;;0;;1;;
17/07/2010;09:15:00;2303;com vítima;116;BR-040/RJ;Norte;Tombamento;;;;;1;;;;;;0;3;;;
17/07/2010;07:07:00;2291;sem vítima;117;BR-040/RJ;Sul;Colisão Traseira;2;;;;;;;;;;2;;;;
17/07/2010;14:21:00;2344;sem vítima;118;BR-040/RJ;Norte;Engavetamento;2;;1;;;;;;;;3;;;;
17/07/2010;18:39:00;2374;sem vítima;119;BR-040/RJ;Norte;Colisão Traseira;2;;;;;;;;;;2;;;;
17/07/2010;18:55:00;2376;sem vítima;119;BR-040/RJ;Norte;Colisão Traseira;2;;;;;;;;;;2;;;;
17/07/2010;18:30:00;2380;com vítima;120;BR-040/RJ;Norte;Engavetamento;2;;1;;;;;;;;2;2;1;;
17/07/2010;07:16:00;2292;com vítima;123;BR-040/RJ;Norte;Engavetamento;1;;;;2;;;;;;2;4;;;
17/07/2010;20:16:00;2382;sem vítima;124;BR-040/RJ;Sul;Colisão Lateral;1;;1;;;;;;;;2;;;;
17/07/2010;06:25:00;2287;sem vítima;125;BR-040/RJ;Norte;Choque - Objeto Fixo;1;;;;;;;;;;1;;;;
18/07/2010;04:59:00;2410;com vítima;47;BR-040/RJ;Norte;Choque - Objeto Fixo;1;;;;;;;;;;1;1;;;
18/07/2010;16:23:00;2475;sem vítima;74;BR-040/RJ;Norte;Tombamento;;;1;;;;;;;;1;;;;
18/07/2010;22:12:00;2526;sem vítima;773;BR-040/MG;Sul;Choque - Objeto Fixo;;;1;;;;;;;;1;;;;
18/07/2010;14:47:00;2456;sem vítima;813;BR-040/MG;Sul;Choque - Objeto Fixo;1;;;;;;;;;;1;;;;
18/07/2010;15:38:00;2464;sem vítima;85;BR-040/RJ;Norte;Choque - Objeto Fixo;1;;;;;;;;;;1;;;;
18/07/2010;10:36:00;2438;sem vítima;88;BR-040/RJ;Sul;Choque - Objeto Fixo;1;;;;;;;;;;1;;;;
18/07/2010;17:53:00;2490;com vítima;105;BR-040/RJ;Norte;Atropelamento - Pedestre;;;;;;;;;;;0;;;1;
18/07/2010;05:49:00;2416;sem vítima;118;BR-040/RJ;Norte;Atropelamento - Animal;1;;;;;;;;;;1;;;;
18/07/2010;08:07:00;2423;sem vítima;120;BR-040/RJ;Norte;Colisão Frontal;2;;;;;;;;;;2;;;;
18/07/2010;21:00:00;2514;sem vítima;121;BR-040/RJ;Sul;Colisão Traseira;2;;;;;;;;;;2;;;;
18/07/2010;21:21:00;2518;com vítima;122;BR-040/RJ;Sul;Colisão Transversal;1;;;1;;;;;;;1;1;1;;
19/07/2010;04:42:00;2544;com vítima;45;BR-040/RJ;Sul;Colisão Lateral;1;;1;;;;;;;;1;1;;;
19/07/2010;08:02:00;2563;sem vítima;60;BR-040/RJ;Sul;Atropelamento - Animal;1;;;;;;;;;;1;;;;
19/07/2010;06:25:00;2550;sem vítima;70;BR-040/RJ;Sul;Colisão Traseira;;;2;;;;;;;;2;;;;
19/07/2010;17:17:00;2633;com vítima;806;BR-040/MG;Norte;Atropelamento - Pedestre;;1;;;;1;;;;;1;;;1;
19/07/2010;05:32:00;2547;sem vítima;94;BR-040/RJ;Sul;Choque - Objeto Fixo;1;;;;;;;;;;1;;;;
19/07/2010;11:13:00;2586;com vítima;96;BR-040/RJ;Norte;Tombamento;;;1;;;;;;;;0;1;;;
19/07/2010;17:53:00;2638;sem vítima;112;BR-040/RJ;Sul;Atropelamento - Pedestre;;;;;;1;;;;;2;;;;
19/07/2010;18:11:00;2641;com vítima;116;BR-040/RJ;Norte;Colisão Lateral;2;;;;;;;;;;2;2;;1;
19/07/2010;19:13:00;2646;sem vítima;124;BR-040/RJ;Sul;Colisão Lateral;1;;1;;;;;;;;2;;;;
20/07/2010;04:12:00;2680;sem vítima;84;BR-040/RJ;Sul;Derrapagem;;;1;;;;;;;;1;;;;
20/07/2010;16:49:00;2755;com vítima;103;BR-040/RJ;Norte;Choque - Objeto Fixo;1;;;;;;;;;;0;;1;;
20/07/2010;15:41:00;2744;sem vítima;109;BR-040/RJ;Sul;Colisão Lateral;2;;;;;;;;;;2;;;;
20/07/2010;15:07:00;2740;sem vítima;112;BR-040/RJ;Norte;Colisão Frontal;1;;1;;;;;;;;2;;;;
20/07/2010;15:23:00;2741;com vítima;114;BR-040/RJ;Sul;Capotamento;1;;;;;;;;;;0;1;;;
20/07/2010;08:21:00;2694;sem vítima;119;BR-040/RJ;Sul;Colisão Lateral;1;;1;;;;;;;;2;;;;
20/07/2010;17:20:00;2759;sem vítima;119;BR-040/RJ;Norte;Colisão Traseira;1;;1;;;;;;;;2;;;;
20/07/2010;06:48:00;2688;com vítima;122;BR-040/RJ;Sul;Colisão Frontal;;;;1;;1;;;;;1;;1;;
21/07/2010;14:51:00;2868;com vítima;66;BR-040/RJ;Norte;Queda de Moto;;;;1;;;;;;;0;;1;;
21/07/2010;07:51:00;2826;sem vítima;812;BR-040/MG;Sul;Choque - Objeto Fixo;1;;;;;;;;;;4;;;;
21/07/2010;13:13:00;2859;sem vítima;109;BR-040/RJ;Norte;Colisão Lateral;1;;;;1;;;;;;2;;;;
22/07/2010;15:24:00;3044;com vítima;6;BR-040/RJ;Sul;Derrapagem;;;;1;;;;;;;0;1;1;;
22/07/2010;00:04:00;2941;sem vítima;54;BR-040/RJ;Norte;Atropelamento - Animal;1;;;;;;;;;;1;;;;
22/07/2010;12:11:00;3015;sem vítima;65;BR-040/RJ;Sul;Colisão Frontal;2;;;;;;;;;;2;;;;
22/07/2010;05:48:00;2962;sem vítima;82;BR-040/RJ;Norte;Choque - Objeto Fixo;1;;;;;;;;;;1;;;;
22/07/2010;01:53:00;2949;sem vítima;86;BR-040/RJ;Norte;Choque - Objeto Fixo;;;1;;;;;;;;1;;;;
22/07/2010;14:38:00;3039;com vítima;97;BR-040/RJ;Norte;Colisão Traseira;;;2;;;;;;;;2;;1;;1
22/07/2010;15:33:00;3045;com vítima;102;BR-040/RJ;Norte;Colisão Frontal;;1;;1;;;;;;;0;2;;;
22/07/2010;03:05:00;2951;com vítima;117;BR-040/RJ;Sul;Choque - Objeto Fixo;1;;;;;;;;;;0;1;1;;
22/07/2010;03:27:00;2953;com vítima;121;BR-040/RJ;Norte;Atropelamento - Pedestre;;;1;;;;;;;;1;;;1;
23/07/2010;06:58:00;3118;sem vítima;24;BR-040/RJ;Norte;Tombamento;;;1;;;;;;;;2;;;;
23/07/2010;07:50:00;3126;sem vítima;44;BR-040/RJ;Sul;Choque - Objeto Fixo;1;;;;;;;;;;1;;;;
23/07/2010;13:45:00;3167;com vítima;67;BR-040/RJ;Norte;Engavetamento;1;;1;1;;;;;;;2;;;1;
23/07/2010;13:38:00;3166;sem vítima;815;BR-040/MG;Sul;Choque - Objeto Fixo;1;;;;;;;;;;1;;;;
23/07/2010;20:53:00;3232;sem vítima;815;BR-040/MG;Sul;Choque - Objeto Fixo;1;;;;;;;;;;1;;;;
23/07/2010;19:15:00;3220;sem vítima;88;BR-040/RJ;Norte;Colisão Lateral;;;1;;1;;;;;;2;;;;
23/07/2010;06:57:00;3117;com vítima;90;BR-040/RJ;Norte;Derrapagem;1;;;;;;;;;;0;2;1;;
23/07/2010;21:55:00;3239;com vítima;104;BR-040/RJ;Norte;Queda de Moto;;;;1;;;;;;;0;;1;;
23/07/2010;17:50:00;3208;sem vítima;109;BR-040/RJ;Norte;Colisão Traseira;1;;;;;1;;;;;2;;;;
23/07/2010;15:06:00;3178;sem vítima;119;BR-040/RJ;Sul;Colisão Traseira;2;;;;;;;;;;2;;;;
23/07/2010;07:34:00;3125;sem vítima;123;BR-040/RJ;Sul;Queda de Moto;;;;1;;;;;;;2;;;;
23/07/2010;18:12:00;3210;sem vítima;124;BR-040/RJ;Norte;Choque - Objeto Fixo;;;1;;;;;;;;1;;;;
23/07/2010;18:45:00;3213;sem vítima;124;BR-040/RJ;Sul;Colisão Lateral;1;;1;;;;;;;;2;;;;
24/07/2010;12:43:00;3330;sem vítima;62;BR-040/RJ;Norte;Colisão Transversal;2;;;;;;;;;;2;;;;
24/07/2010;18:08:00;3371;sem vítima;81;BR-040/RJ;Norte;Colisão Traseira;2;;;;;;;;;;2;;;;
24/07/2010;11:38:00;3321;sem vítima;82;BR-040/RJ;Sul;Colisão Frontal;1;;1;;;;;;;;2;;;;
24/07/2010;15:36:00;3355;com vítima;105;BR-040/RJ;Sul;Atropelamento - Pedestre;1;;;;;;;;;;1;;1;;
24/07/2010;07:30:00;3293;sem vítima;114;BR-040/RJ;Sul;Colisão Traseira;2;;;;;;;;;;2;;;;
24/07/2010;13:53:00;3340;com vítima;114;BR-040/RJ;Norte;Derrapagem;;;;1;;;;;;;0;;1;;
24/07/2010;21:55:00;3399;com vítima;114;BR-040/RJ;Sul;Tombamento;;;1;;;;;;;;0;2;;;
24/07/2010;03:58:00;3274;com vítima;123;BR-040/RJ;Norte;Colisão Lateral;;;;1;;1;;;;;1;;2;;
25/07/2010;11:23:00;3458;com vítima;46;BR-040/RJ;Norte;Atropelamento - Pedestre;1;;;;;;;;;;1;;1;;
25/07/2010;23:43:00;3546;sem vítima;68;BR-040/RJ;Sul;Choque - Objeto Fixo;1;;;;;;;;;;1;;;;
25/07/2010;04:23:00;3424;com vítima;73;BR-040/RJ;Sul;Derrapagem;1;;;;;;;;;;0;;3;;
25/07/2010;11:00:00;3456;com vítima;783;BR-040/MG;Norte;Choque - Objeto Fixo;1;;;;;;;;;;0;2;;;
25/07/2010;17:53:00;3514;sem vítima;784;BR-040/MG;Norte;Colisão Lateral;1;;;1;;;;;;;2;;;;
25/07/2010;19:31:00;3529;sem vítima;815;BR-040/MG;Sul;Choque - Objeto Fixo;1;;;;;;;;;;1;;;;
25/07/2010;03:13:00;3418;sem vítima;114;BR-040/RJ;Norte;Choque - Objeto Fixo;1;;;;;;;;;;1;;;;
25/07/2010;04:14:00;3423;com vítima;117;BR-040/RJ;Norte;Choque - Objeto Fixo;1;;;;;;;;;;0;;;2;
25/07/2010;08:51:00;3441;sem vítima;117;BR-040/RJ;Sul;Choque - Objeto Fixo;1;;;;;;;;;;1;;;;