data;horario;n_da_ocorrencia;tipo_de_ocorrencia;km;trecho;sentido;tipo_de_acidente;automovel;bicicleta;caminhao;moto;onibus;outros;tracao_animal;transporte_de_cargas_especiais;trator_maquinas;utilitarios;ilesos;levemente_feridos;moderadamente_feridos;gravemente_feridos;mortos
25/07/2010;18:01:00;3515;sem vítima;122;BR-040/RJ;Norte;Choque - Objeto Fixo;1;;;;;;;;;;1;;;;
26/07/2010;12:45:00;3617;sem vítima;50;BR-040/RJ;Norte;Choque - Objeto Fixo;1;;;;;;;;;;1;;;;
26/07/2010;12:30:00;3616;com vítima;62;BR-040/RJ;Norte;Colisão Traseira;;;2;;;;;;;;1;1;1;;
26/07/2010;08:47:00;3582;sem vítima;69;BR-040/RJ;Sul;Choque - Objeto Fixo;1;;;;;;;;;;1;;;;
26/07/2010;17:47:00;3659;sem vítima;73;BR-040/RJ;Norte;Choque - Objeto Fixo;1;;;;;;;;;;1;;;;
26/07/2010;18:45:00;3665;sem vítima;796;BR-040/MG;Sul;Atropelamento - Animal;1;;;;;;;;;;1;;;;
26/07/2010;13:34:00;3623;sem vítima;87;BR-040/RJ;Sul;Choque - Objeto Fixo;1;;;;;;;;;;1;;;;
26/07/2010;19:55:00;3676;sem vítima;93;BR-040/RJ;Norte;Colisão Traseira;1;;;;;1;;;;;2;;;;
26/07/2010;20:00:00;3677;com vítima;102;BR-040/RJ;Sul;Engavetamento;;1;1;1;;;;;;;2;;1;;
26/07/2010;05:58:00;3565;com vítima;111;BR-040/RJ;Sul;Queda de Moto;;;;1;;;;;;;0;1;;;
26/07/2010;06:08:00;3566;sem vítima;111;BR-040/RJ;Sul;Queda de Moto;;;;1;;;;;;;1;;;;
26/07/2010;06:19:00;3568;sem vítima;111;BR-040/RJ;Sul;Colisão Traseira;2;;;;;;;;;;2;;;;
27/07/2010;20:33:00;3802;sem vítima;82;BR-040/RJ;Sul;Derrapagem;1;;;;;;;;;;1;;;;
27/07/2010;19:15:00;3794;com vítima;84;BR-040/RJ;Sul;Choque - Objeto Fixo;;;1;;;;;;;;0;1;1;;
27/07/2010;19:40:00;3798;sem vítima;85;BR-040/RJ;Sul;Choque - Objeto Fixo;1;;;;;;;;;;1;;;;
27/07/2010;16:21:00;3770;sem vítima;92;BR-040/RJ;Norte;Colisão Lateral;1;;1;;;;;;;;2;;;;
28/07/2010;01:05:00;3821;sem vítima;64;BR-040/RJ;Sul;Derrapagem;1;;;;;;;;;;1;;;;
28/07/2010;22:47:00;3949;sem vítima;82;BR-040/RJ;Sul;Colisão Traseira;1;;1;;;;;;;;2;;;;
28/07/2010;17:45:00;3918;sem vítima;802;BR-040/MG;Norte;Colisão Lateral;1;;1;;;;;;;;2;;;;
28/07/2010;08:12:00;3840;sem vítima;91;BR-040/RJ;Norte;Choque - Objeto Fixo;1;;;;;;;;;;1;;;;
28/07/2010;19:08:00;3929;com vítima;110;BR-040/RJ;Sul;Choque - Objeto Fixo;1;;;;;;;;;;0;;;;1
28/07/2010;05:52:00;3832;sem vítima;111;BR-040/RJ;Sul;Colisão Lateral;1;;1;;;;;;;;2;;;;
28/07/2010;06:46:00;3836;sem vítima;123;BR-040/RJ;Sul;Colisão Traseira;1;;1;;;;;;;;2;;;;
28/07/2010;07:52:00;3839;sem vítima;123;BR-040/RJ;Sul;Colisão Lateral;1;;;;1;;;;;;2;;;;
29/07/2010;18:49:00;4065;com vítima;780;BR-040/MG;Norte;Colisão Lateral;;;;;2;;;;;;0;2;;;
29/07/2010;07:34:00;3974;com vítima;98;BR-040/RJ;Norte;Queda de Moto;;;;1;;;;;;;0;;1;;
29/07/2010;11:14:00;4004;com vítima;112;BR-040/RJ;Sul;Colisão Traseira;;;;;2;;;;;;1;9;;;
30/07/2010;15:24:00;4186;sem vítima;40;BR-040/RJ;Norte;Choque - Objeto Fixo;1;;;;;;;;;;1;;;;
30/07/2010;00:22:00;4101;com vítima;810;BR-040/MG;Sul;Colisão Frontal;2;;;;;;;;;;1;;1;;
30/07/2010;11:05:00;4158;com vítima;110;BR-040/RJ;Norte;Colisão Traseira;;;;;2;;;;;;0;15;3;;
30/07/2010;19:00:00;4217;sem vítima;110;BR-040/RJ;Sul;Atropelamento - Animal;1;;;;;;;;;;1;;;;
30/07/2010;03:30:00;4110;sem vítima;120;BR-040/RJ;Norte;Atropelamento - Animal;1;;;;;;;;;;1;;;;
30/07/2010;08:33:00;4139;sem vítima;122;BR-040/RJ;Sul;Colisão Traseira;2;;;;;;;;;;2;;;;
31/07/2010;19:34:00;4379;com vítima;799;BR-040/MG;Sul;Queda de Moto;;;;1;;;;;;;0;1;;;
31/07/2010;12:45:00;4327;com vítima;803;BR-040/MG;Norte;Choque - Objeto Fixo;1;;1;;;;;;;;1;2;2;;
31/07/2010;12:17:00;4324;sem vítima;94;BR-040/RJ;Norte;Colisão Traseira;2;;;;;;;;;;2;;;;
31/07/2010;13:31:00;4334;sem vítima;96;BR-040/RJ;Norte;Engavetamento;3;;;;;;;;;;3;;;;
31/07/2010;03:23:00;4266;com vítima;100;BR-040/RJ;Norte;Choque - Objeto Fixo;1;;;;;;;;;;0;1;;;
31/07/2010;06:05:00;4277;sem vítima;109;BR-040/RJ;Sul;Choque - Objeto Fixo;1;;;;;;;;;;1;;;;
31/07/2010;02:02:00;4262;sem vítima;111;BR-040/RJ;Sul;Colisão Lateral;1;;;;;1;;;;;2;;;;
31/07/2010;23:28:00;4407;com vítima;120;BR-040/RJ;Norte;Colisão Traseira;1;;;1;;;;;;;1;;;1;
01/08/2010;05:57:00;22;sem vítima;30;BR-040/RJ;Sul;Choque - Objeto Fixo;1;;;;;;;;;;1;;;;
01/08/2010;10:31:00;45;sem vítima;824;BR-040/MG;Norte;Derrapagem;;;;1;;;;;;;1;;;;
01/08/2010;15:19:00;70;sem vítima;94;BR-040/RJ;Norte;Colisão Traseira;1;;;1;;;;;;;2;;;;
01/08/2010;17:16:00;90;com vítima;110;BR-040/RJ;Norte;Colisão Traseira;;;;;2;;;;;;0;;5;;
01/08/2010;04:58:00;19;sem vítima;122;BR-040/RJ;Norte;Atropelamento - Animal;1;;;;;;;;;;1;;;;
01/08/2010;18:14:00;102;sem vítima;122;BR-040/RJ;Sul;Colisão Traseira;3;;;;;;;;;;3;;;;
01/08/2010;10:25:00;44;com vítima;123;BR-040/RJ;Sul;Colisão Traseira;2;;;;;;;;;;1;1;;;
01/08/2010;14:04:00;63;com vítima;124;BR-040/RJ;Sul;Colisão Lateral;1;;1;;;;;;;;1;1;;;
02/08/2010;04:46:00;147;com vítima;31;BR-040/RJ;Sul;Tombamento;;;1;;;;;;;;0;1;;;
02/08/2010;19:33:00;254;com vítima;66;BR-040/RJ;Sul;Atropelamento - Pedestre;;;;1;;;;;;;0;;1;;1
02/08/2010;16:39:00;225;sem vítima;109;BR-040/RJ;Norte;Colisão Lateral;;;1;;;1;;;;;2;;;;
02/08/2010;11:15:00;192;sem vítima;111;BR-040/RJ;Sul;Colisão Lateral;2;;;;;;;;;;2;;;;
02/08/2010;17:05:00;230;sem vítima;112;BR-040/RJ;Norte;Colisão Traseira;;;1;;1;;;;;;2;;;;
02/08/2010;21:48:00;267;com vítima;121;BR-040/RJ;Norte;Capotamento;1;;;1;;;;;;;0;1;1;;
03/08/2010;09:48:00;332;sem vítima;34;BR-040/RJ;Norte;Colisão Lateral;1;;1;;;;;;;;2;;;;
03/08/2010;16:15:00;386;sem vítima;45;BR-040/RJ;Norte;Colisão Lateral;2;;;;;;;;;;2;;;;
03/08/2010;05:28:00;299;sem vítima;63;BR-040/RJ;Norte;Atropelamento - Animal;1;;;;;;;;;;1;;;;
03/08/2010;14:35:00;373;sem vítima;92;BR-040/RJ;Sul;Derrapagem;1;;;;;;;;;;1;;;;
03/08/2010;16:35:00;387;sem vítima;94;BR-040/RJ;Sul;Choque - Objeto Fixo;1;;;;;;;;;;1;;;;
03/08/2010;16:10:00;383;com vítima;99;BR-040/RJ;Norte;Colisão Lateral;;;1;1;;;;;;;1;;;;1
03/08/2010;19:07:00;406;sem vítima;120;BR-040/RJ;Norte;Choque - Objeto Fixo;1;;;;;;;;;;1;;;;
03/08/2010;17:32:00;398;sem vítima;123;BR-040/RJ;Norte;Colisão Lateral;1;;1;;;;;;;;2;;;;
04/08/2010;13:53:00;490;sem vítima;27;BR-040/RJ;Norte;Choque - Objeto Fixo;;;1;;;;;;;;1;;;;
04/08/2010;19:09:00;528;com vítima;84;BR-040/RJ;Norte;Choque - Objeto Fixo;1;;;;;;;;;;2;1;;;
04/08/2010;18:07:00;517;com vítima;798;BR-040/MG;Norte;Engavetamento;3;;;;;;;;;;0;3;1;;
04/08/2010;14:35:00;492;sem vítima;85;BR-040/RJ;Sul;Colisão Traseira;1;;;;;1;;;;;3;;;;
04/08/2010;15:45:00;499;sem vítima;85;BR-040/RJ;Sul;Choque - Objeto Fixo;1;;;;;;;;;;1;;;;
04/08/2010;20:23:00;534;sem vítima;85;BR-040/RJ;Norte;Derrapagem;1;;;;;;;;;;1;;;;
04/08/2010;14:41:00;493;com vítima;92;BR-040/RJ;Sul;Choque - Objeto Fixo;1;;;;;;;;;;0;1;;;
04/08/2010;21:07:00;539;sem vítima;92;BR-040/RJ;Norte;Derrapagem;1;;;;;;;;;;1;;;;
04/08/2010;06:48:00;438;sem vítima;94;BR-040/RJ;Sul;Choque - Objeto Fixo;1;;;;;;;;;;1;;;;
04/08/2010;09:02:00;453;sem vítima;102;BR-040/RJ;Norte;Colisão Lateral;;;1;;1;;;;;;2;;;;
04/08/2010;18:12:00;519;sem vítima;106;BR-040/RJ;Norte;Colisão Frontal;1;;1;;;;;;;;2;;;;
04/08/2010;20:31:00;537;com vítima;107;BR-040/RJ;Sul;Colisão Frontal;2;;;;;;;;;;0;2;;;
04/08/2010;17:57:00;515;sem vítima;110;BR-040/RJ;Norte;Engavetamento;3;;;;;;;;;;3;;;;
04/08/2010;00:14:00;425;sem vítima;114;BR-040/RJ;Sul;Choque - Objeto Fixo;1;;;;;;;;;;1;;;;
04/08/2010;04:56:00;433;sem vítima;119;BR-040/RJ;Sul;Colisão Traseira;1;;;;;1;;;;;2;;;;
04/08/2010;22:36:00;544;sem vítima;120;BR-040/RJ;Sul;Choque - Objeto Fixo;1;;;;;;;;;;1;;;;
04/08/2010;16:00:00;500;sem vítima;121;BR-040/RJ;Norte;Colisão Traseira;1;;1;;;;;;;;2;;;;
05/08/2010;11:33:00;596;com vítima;39;BR-040/RJ;Sul;Colisão Traseira;;;1;1;;;;;;;2;2;;;
05/08/2010;08:20:00;573;com vítima;72;BR-040/RJ;Norte;Choque - Objeto Fixo;1;;;;;;;;;;0;1;;;
05/08/2010;23:07:00;686;sem vítima;80;BR-040/RJ;Norte;Choque - Objeto Fixo;;;1;;;;;;;;1;;;;
05/08/2010;18:44:00;652;sem vítima;85;BR-040/RJ;Norte;Derrapagem;1;;;;;;;;;;1;;;;
05/08/2010;02:10:00;551;sem vítima;86;BR-040/RJ;Norte;Choque - Objeto Fixo;1;;;;;;;;;;1;;;;
05/08/2010;16:47:00;635;com vítima;97;BR-040/RJ;Sul;Queda de Moto;;;;1;;;;;;;0;1;;;
05/08/2010;22:06:00;678;sem vítima;109;BR-040/RJ;Norte;Colisão Traseira;2;;;;;;;;;;2;;;;
05/08/2010;22:08:00;679;com vítima;109;BR-040/RJ;Norte;Engavetamento;3;;;;;;;;;;2;1;;;
05/08/2010;21:04:00;672;com vítima;110;BR-040/RJ;Sul;Capotamento;1;;;;;;;;;;0;1;1;;
05/08/2010;19:30:00;684;sem vítima;110;BR-040/RJ;Sul;Colisão Traseira;1;;;1;;;;;;;2;;;;
06/08/2010;19:13:00;800;com vítima;47;BR-040/RJ;Norte;Atropelamento - Pedestre;1;;;;;;;;;;1;;1;;
06/08/2010;16:25:00;770;com vítima;80;BR-040/RJ;Norte;Tombamento;;;1;;;;;;;;0;;1;;
06/08/2010;22:00:00;821;sem vítima;80;BR-040/RJ;Norte;Colisão Lateral;2;;;;;;;;;;2;;;;
06/08/2010;08:30:00;718;sem vítima;773;BR-040/MG;Norte;Capotamento;1;;;;;;;;;;1;;;;
06/08/2010;07:50:00;713;com vítima;90;BR-040/RJ;Sul;Capotamento;1;;;;;;;;;;0;1;;;
06/08/2010;15:26:00;762;com vítima;93;BR-040/RJ;Norte;Capotamento;1;;;;;;;;;;0;3;;;
06/08/2010;22:12:00;818;sem vítima;113;BR-040/RJ;Sul;Colisão Traseira;2;;;;;;;;;;2;;;;
06/08/2010;23:23:00;828;sem vítima;117;BR-040/RJ;Norte;Capotamento;1;;;;;;;;;;1;;;;
06/08/2010;21:33:00;816;sem vítima;118;BR-040/RJ;Sul;Colisão Lateral;2;;;;;;;;;;2;;;;
06/08/2010;08:28:00;720;sem vítima;122;BR-040/RJ;Sul;Colisão Lateral;1;;;;1;;;;;;2;;;;
06/08/2010;22:12:00;819;com vítima;122;BR-040/RJ;Norte;Atropelamento - Pedestre;;;;;;;;;;;0;;;;1
07/08/2010;17:02:00;940;com vítima;77;BR-040/RJ;Norte;Choque - Objeto Fixo;1;;;;;;;;;;0;3;;;
07/08/2010;21:59:00;977;sem vítima;81;BR-040/RJ;Norte;Derrapagem;1;;;;;;;;;;1;;;;
07/08/2010;03:11:00;842;sem vítima;780;BR-040/MG;Sul;Choque - Objeto Fixo;1;;;;;;;;;;1;;;;
07/08/2010;23:13:00;984;sem vítima;810;BR-040/MG;Norte;Colisão Lateral;2;;;;;;;;;;2;;;;
07/08/2010;02:45:00;839;com vítima;814;BR-040/MG;Norte;Colisão Traseira;1;;;;;1;;;;;1;5;;;
07/08/2010;05:27:00;851;sem vítima;109;BR-040/RJ;Norte;Choque - Objeto Fixo;1;;;;;;;;;;1;;;;
07/08/2010;08:55:00;865;sem vítima;117;BR-040/RJ;Norte;Atropelamento - Animal;1;;;;;;;;;;1;;;;
08/08/2010;19:26:00;1087;sem vítima;24;BR-040/RJ;Norte;Queda de Moto;;;;1;;;;;;;1;;;;
08/08/2010;08:25:00;1013;sem vítima;79;BR-040/RJ;Sul;Choque - Objeto Fixo;1;;;;;;;;;;1;;;;
08/08/2010;06:13:00;1001;com vítima;791;BR-040/MG;Sul;Capotamento;1;;;;;;;;;;0;;1;;
08/08/2010;12:31:00;1037;com vítima;809;BR-040/MG;Norte;Choque - Objeto Fixo;1;;;;;;;;;;0;;1;;1
08/08/2010;20:33:00;1093;com vítima;102;BR-040/RJ;Norte;Atropelamento - Pedestre;1;1;;;;;;;;;1;;;;1
08/08/2010;07:13:00;1004;sem vítima;105;BR-040/RJ;Norte;Choque - Objeto Fixo;1;;;;;;;;;;1;;;;
08/08/2010;19:17:00;1086;com vítima;109;BR-040/RJ;Sul;Engavetamento;3;;;;;;;;;;2;2;1;;
08/08/2010;19:40:00;1090;sem vítima;110;BR-040/RJ;Sul;Engavetamento;2;;1;;;;;;;;3;;;;
09/08/2010;14:11:00;1177;com vítima;819;BR-040/MG;Sul;Derrapagem;1;;;;;;;;;;0;2;1;;
09/08/2010;04:20:00;1119;sem vítima;85;BR-040/RJ;Norte;Choque - Objeto Fixo;1;;;;;;;;;;1;;;;
09/08/2010;22:16:00;1230;com vítima;90;BR-040/RJ;Sul;Derrapagem;1;;;;;;;;;;0;;1;;
09/08/2010;22:38:00;1233;sem vítima;93;BR-040/RJ;Norte;Choque - Objeto Fixo;1;;;;;;;;;;1;;;;
09/08/2010;19:15:00;1214;com vítima;108;BR-040/RJ;Sul;Atropelamento - Pedestre;1;;;;;;;;;;1;;;;1
09/08/2010;10:49:00;1152;com vítima;110;BR-040/RJ;Sul;Colisão Traseira;;;2;;;;;;;;1;1;;;
09/08/2010;11:56:00;1161;sem vítima;111;BR-040/RJ;Norte;Colisão Traseira;1;;1;;;;;;;;2;;;;
09/08/2010;18:14:00;1205;sem vítima;111;BR-040/RJ;Norte;Engavetamento;4;;;;;;;;;;4;;;;
09/08/2010;01:16:00;1113;com vítima;116;BR-040/RJ;Sul;Choque - Objeto Fixo;1;;;;;;;;;;0;3;1;;1
10/08/2010;13:35:00;1293;sem vítima;67;BR-040/RJ;Sul;Choque - Objeto Fixo;;;1;;;;;;;;1;;;;
10/08/2010;14:22:00;1301;sem vítima;72;BR-040/RJ;Norte;Capotamento;1;;;;;;;;;;1;;;;
10/08/2010;14:15:00;1299;sem vítima;78;BR-040/RJ;Sul;Choque - Objeto Fixo;;;1;;;;;;;;1;;;;
10/08/2010;14:15:00;1304;sem vítima;78;BR-040/RJ;Sul;Choque - Objeto Fixo;;;1;;;;;;;;1;;;;
10/08/2010;04:28:00;1242;sem vítima;91;BR-040/RJ;Norte;Choque - Objeto Fixo;1;;;;;;;;;;1;;;;
10/08/2010;16:24:00;1316;com vítima;98;BR-040/RJ;Sul;Choque - Objeto Fixo;1;;;;;;;;;;0;;1;;
10/08/2010;08:35:00;1260;sem vítima;121;BR-040/RJ;Sul;Colisão Lateral;;;2;;;;;;;;2;;;;
10/08/2010;19:01:00;1335;com vítima;122;BR-040/RJ;Sul;Engavetamento;2;;;;;1;;;;;2;1;;;
10/08/2010;17:47:00;1323;sem vítima;123;BR-040/RJ;Norte;Colisão Lateral;2;;;;;;;;;;2;;;;
11/08/2010;01:58:00;1366;sem vítima;69;BR-040/RJ;Sul;Colisão Traseira;;;2;;;;;;;;2;;;;
11/08/2010;07:48:00;1384;com vítima;72;BR-040/RJ;Norte;Choque - Objeto Fixo;1;;;;;;;;;;0;1;;;
11/08/2010;15:56:00;1430;sem vítima;799;BR-040/MG;Norte;Choque - Objeto Fixo;1;;;;;;;;;;1;;;;
11/08/2010;20:24:00;1458;com vítima;810;BR-040/MG;Norte;Colisão Frontal;;;1;1;;;;;;;1;1;;;
11/08/2010;00:07:00;1362;sem vítima;114;BR-040/RJ;Sul;Atropelamento - Animal;1;;;;;;;;;;1;;;;
11/08/2010;16:35:00;1434;com vítima;120;BR-040/RJ;Norte;Colisão Traseira;2;;;;;;;;;;1;1;;;
11/08/2010;18:28:00;1446;sem vítima;121;BR-040/RJ;Norte;Engavetamento;3;;;;;;;;;;3;;;;
11/08/2010;08:45:00;1387;sem vítima;124;BR-040/RJ;Sul;Choque - Objeto Fixo;;;1;;;;;;;;1;;;;
12/08/2010;20:01:00;1591;sem vítima;41;BR-040/RJ;Norte;Derrapagem;1;;;;;;;;;;1;;;;
12/08/2010;16:00:00;1560;sem vítima;82;BR-040/RJ;Norte;Colisão Lateral;2;;;;;;;;;;2;;;;
12/08/2010;12:47:00;1537;sem vítima;104;BR-040/RJ;Norte;Colisão Traseira;;;2;;;;;;;;2;;;;
12/08/2010;19:39:00;1590;sem vítima;115;BR-040/RJ;Norte;Colisão Traseira;1;;;;;1;;;;;2;;;;
12/08/2010;01:11:00;1468;com vítima;117;BR-040/RJ;Norte;Derrapagem;1;;;;;;;;;;0;;;;1
12/08/2010;13:16:00;1541;sem vítima;117;BR-040/RJ;Norte;Colisão Lateral;;;1;;;1;;;;;2;;;;
12/08/2010;16:50:00;1572;sem vítima;119;BR-040/RJ;Norte;Colisão Traseira;;;1;;1;;;;;;2;;;;
12/08/2010;14:55:00;1553;sem vítima;121;BR-040/RJ;Norte;Colisão Lateral;1;;1;;;;;;;;2;;;;
12/08/2010;08:23:00;1497;sem vítima;123;BR-040/RJ;Sul;Colisão Lateral;1;;1;;;;;;;;2;;;;
13/08/2010;04:46:00;1622;sem vítima;21;BR-040/RJ;Norte;Colisão Traseira;;;2;;;;;;;;2;;;;
13/08/2010;07:19:00;1630;com vítima;810;BR-040/MG;Sul;Derrapagem;1;;;;;;;;;;2;1;;;
13/08/2010;18:46:00;1708;com vítima;109;BR-040/RJ;Norte;Colisão Traseira;;;1;;;1;;;;;1;1;;;
13/08/2010;20:20:00;1719;sem vítima;113;BR-040/RJ;Norte;Colisão Traseira;1;;1;;;;;;;;2;;;;
13/08/2010;10:43:00;1652;sem vítima;120;BR-040/RJ;Sul;Colisão Traseira;2;;;;;;;;;;2;;;;
13/08/2010;03:52:00;1620;sem vítima;123;BR-040/RJ;Sul;Choque - Objeto Fixo;1;;;;;;;;;;1;;;;
13/08/2010;07:56:00;1633;sem vítima;123;BR-040/RJ;Sul;Colisão Traseira;1;;;;;1;;;;;2;;;;
13/08/2010;08:09:00;1634;sem vítima;124;BR-040/RJ;Sul;Colisão Lateral;1;;1;;;;;;;;2;;;;
14/08/2010;19:06:00;1851;com vítima;47;BR-040/RJ;Norte;Atropelamento - Pedestre;;1;;;;1;;;;;1;1;;;
14/08/2010;13:49:00;1815;sem vítima;72;BR-040/RJ;Norte;Capotamento;1;;;;;;;;;;1;;;;
14/08/2010;16:00:00;1828;sem vítima;72;BR-040/RJ;Norte;Choque - Objeto Fixo;1;;;;;;;;;;1;;;;
14/08/2010;20:59:00;1869;sem vítima;77;BR-040/RJ;Sul;Derrapagem;1;;;;;;;;;;1;;;;
14/08/2010;21:38:00;1874;sem vítima;81;BR-040/RJ;Norte;Choque - Objeto Fixo;1;;;;;;;;;;1;;;;
14/08/2010;07:55:00;1771;sem vítima;82;BR-040/RJ;Sul;Choque - Objeto Fixo;1;;;;;;;;;;5;;;;
14/08/2010;19:08:00;1853;com vítima;776;BR-040/MG;Sul;Choque - Objeto Fixo;1;;;;;;;;;;0;;1;;
14/08/2010;09:25:00;1783;sem vítima;85;BR-040/RJ;Norte;Choque - Objeto Fixo;1;;;;;;;;;;1;;;;
14/08/2010;10:59:00;1795;sem vítima;85;BR-040/RJ;Sul;Choque - Objeto Fixo;1;;;;;;;;;;1;;;;
14/08/2010;12:32:00;1807;sem vítima;90;BR-040/RJ;Sul;Choque - Objeto Fixo;1;;;;;;;;;;1;;;;
14/08/2010;22:11:00;1879;com vítima;90;BR-040/RJ;Norte;Capotamento;1;;;;;;;;;;0;1;;;
14/08/2010;17:19:00;1833;sem vítima;91;BR-040/RJ;Sul;Choque - Objeto Fixo;1;;;;;;;;;;1;;;;
14/08/2010;18:24:00;1846;com vítima;91;BR-040/RJ;Sul;Colisão Lateral;1;;;1;;;;;;;2;;1;;
14/08/2010;08:51:00;1779;sem vítima;94;BR-040/RJ;Sul;Choque - Objeto Fixo;1;;;;;;;;;;1;;;;
14/08/2010;12:34:00;1808;sem vítima;94;BR-040/RJ;Sul;Choque - Objeto Fixo;1;;;;;;;;;;1;;;;
14/08/2010;15:09:00;1822;sem vítima;94;BR-040/RJ;Sul;Choque - Objeto Fixo;1;;;;;;;;;;1;;;;
14/08/2010;13:25:00;1811;sem vítima;97;BR-040/RJ;Sul;Derrapagem;1;;;;;;;;;;1;;;;
14/08/2010;18:22:00;1845;com vítima;108;BR-040/RJ;Norte;Atropelamento - Pedestre;;1;;;;1;;;;;1;1;;;
14/08/2010;10:36:00;1791;sem vítima;109;BR-040/RJ;Norte;Colisão Traseira;2;;;;;;;;;;2;;;;
14/08/2010;17:21:00;1834;sem vítima;118;BR-040/RJ;Sul;Colisão Traseira;2;;;;;;;;;;2;;;;
15/08/2010;01:09:00;1892;sem vítima;21;BR-040/RJ;Norte;Choque - Objeto Fixo;1;;;;;;;;;;1;;;;
15/08/2010;14:59:00;1943;sem vítima;43;BR-040/RJ;Norte;Atropelamento - Animal;1;;;;;;;;;;1;;;;
15/08/2010;21:19:00;1988;com vítima;52;BR-040/RJ;Norte;Choque - Objeto Fixo;1;;;;;;;;;;3;2;;;
15/08/2010;06:58:00;1907;com vítima;57;BR-040/RJ;Sul;Queda de Moto;;;;1;;;;;;;0;;;1;
15/08/2010;12:10:00;1933;sem vítima;73;BR-040/RJ;Norte;Choque - Objeto Fixo;1;;;;;;;;;;1;;;;
15/08/2010;23:19:00;1999;sem vítima;73;BR-040/RJ;Sul;Choque - Objeto Fixo;1;;;;;;;;;;1;;;;
15/08/2010;12:46:00;1935;com vítima;84;BR-040/RJ;Norte;Choque - Objeto Fixo;1;;;;;;;;;;1;2;;;
15/08/2010;14:14:00;1939;sem vítima;84;BR-040/RJ;Sul;Choque - Objeto Fixo;1;;;;;;;;;;1;;;;
15/08/2010;07:52:00;1909;com vítima;815;BR-040/MG;Sul;Choque - Objeto Fixo;1;;;;;;;;;;0;3;;;
15/08/2010;08:41:00;1917;sem vítima;85;BR-040/RJ;Norte;Derrapagem;1;;;;;;;;;;1;;;;
15/08/2010;20:40:00;1981;sem vítima;88;BR-040/RJ;Norte;Choque - Objeto Fixo;1;;;;;;;;;;1;;;;
15/08/2010;11:10:00;1927;sem vítima;100;BR-040/RJ;Norte;Colisão Lateral;2;;;;;;;;;;2;;;;
15/08/2010;20:32:00;1979;sem vítima;113;BR-040/RJ;Norte;Choque - Objeto Fixo;1;;;;;;;;;;1;;;;
15/08/2010;04:57:00;1901;sem vítima;122;BR-040/RJ;Sul;Colisão Traseira;2;;;;;;;;;;2;;;;
15/08/2010;05:54:00;1903;com vítima;123;BR-040/RJ;Sul;Atropelamento - Pedestre;1;;;;;;;;;;1;;;;1
16/08/2010;23:18:00;2140;com vítima;6;BR-040/RJ;Sul;Choque - Objeto Fixo;1;;;;;;;;;;1;2;;;
16/08/2010;06:22:00;2020;sem vítima;74;BR-040/RJ;Norte;Capotamento;1;;;;;;;;;;2;;;;
16/08/2010;09:50:00;2051;sem vítima;78;BR-040/RJ;Sul;Choque - Objeto Fixo;1;;;;;;;;;;1;;;;
16/08/2010;23:13:00;2139;com vítima;803;BR-040/MG;Norte;Colisão Traseira;;;2;;;;;;;;1;1;1;;
16/08/2010;10:13:00;2055;sem vítima;85;BR-040/RJ;Norte;Choque - Objeto Fixo;1;;;;;;;;;;1;;;;
16/08/2010;18:22:00;2118;sem vítima;110;BR-040/RJ;Sul;Colisão Lateral;1;;;;;1;;;;;2;;;;
16/08/2010;18:09:00;2113;com vítima;111;BR-040/RJ;Sul;Engavetamento;9;;;;;;;;;;12;;3;;
16/08/2010;07:29:00;2032;com vítima;112;BR-040/RJ;Sul;Queda de Moto;;;;1;;;;;;;0;1;;;
16/08/2010;09:22:00;2046;sem vítima;122;BR-040/RJ;Sul;Colisão Traseira;1;;;;;1;;;;;2;;;;
16/08/2010;16:34:00;2103;com vítima;124;BR-040/RJ;Norte;Engavetamento;1;;2;;;;;;;;0;5;;1;
17/08/2010;04:26:00;2153;sem vítima;69;BR-040/RJ;Sul;Choque - Objeto Fixo;1;;;;;;;;;;1;;;;
17/08/2010;11:29:00;2189;sem vítima;101;BR-040/RJ;Norte;Choque - Objeto Fixo;1;;;;;;;;;;1;;;;
17/08/2010;07:04:00;2162;com vítima;122;BR-040/RJ;Sul;Queda de Moto;;;;1;;;;;;;0;2;;;
17/08/2010;07:02:00;2164;com vítima;122;BR-040/RJ;Sul;Queda de Moto;;;;1;;;;;;;0;1;;;
17/08/2010;13:15:00;2202;sem vítima;122;BR-040/RJ;Norte;Colisão Lateral;1;;1;;;;;;;;2;;;;
17/08/2010;09:43:00;2174;sem vítima;123;BR-040/RJ;Sul;Colisão Lateral;1;;1;;;;;;;;2;;;;
18/08/2010;09:18:00;2302;sem vítima;113;BR-040/RJ;Norte;Engavetamento;3;;;;;;;;;;3;;;;
18/08/2010;07:14:00;2284;sem vítima;119;BR-040/RJ;Norte;Colisão Traseira;1;;;;1;;;;;;2;;;;
18/08/2010;18:04:00;2369;sem vítima;120;BR-040/RJ;Norte;Engavetamento;4;;;;;;;;;;4;;;;
18/08/2010;06:08:00;2279;sem vítima;122;BR-040/RJ;Sul;Colisão Transversal;1;;1;;;;;;;;2;;;;
18/08/2010;17:50:00;2365;sem vítima;123;BR-040/RJ;Sul;Colisão Lateral;2;;;;;;;;;;2;;;;
18/08/2010;14:29:00;2344;sem vítima;124;BR-040/RJ;Norte;Colisão Traseira;1;;1;;;;;;;;2;;;;