data;horario;n_da_ocorrencia;tipo_de_ocorrencia;km;trecho;sentido;tipo_de_acidente;automovel;bicicleta;caminhao;moto;onibus;outros;tracao_animal;transporte_de_cargas_especiais;trator_maquinas;utilitarios;ilesos;levemente_feridos;moderadamente_feridos;gravemente_feridos;mortos
11/09/2010;16:10:00;1404;com vítima;114;BR-040/RJ;Norte;Queda de Moto;;;;1;;;;;;;0;;1;;
11/09/2010;10:55:00;1366;sem vítima;124;BR-040/RJ;Norte;Colisão Lateral;2;;1;;;;;;;;3;;;;
12/09/2010;17:46:00;1546;sem vítima;52;BR-040/RJ;Sul;Choque - Objeto Fixo;1;;;;;;;;;;1;;;;
12/09/2010;15:55:00;1530;sem vítima;69;BR-040/RJ;Sul;Choque - Objeto Fixo;1;;;;;1;;;;;2;;;;
12/09/2010;11:32:00;1494;com vítima;81;BR-040/RJ;Sul;Derrapagem;;;;1;;;;;;;0;;;;1
12/09/2010;08:28:00;1478;com vítima;84;BR-040/RJ;Sul;Queda de Moto;;;;1;;;;;;;0;1;;;
12/09/2010;12:38:00;1498;sem vítima;85;BR-040/RJ;Norte;Choque - Objeto Fixo;1;;;;;;;;;;1;;;;
12/09/2010;20:11:00;1562;sem vítima;95;BR-040/RJ;Sul;Choque - Objeto Fixo;1;;;;;;;;;;1;;;;
12/09/2010;16:20:00;1533;com vítima;96;BR-040/RJ;Norte;Queda de Moto;;;;1;;;;;;;0;;2;;
12/09/2010;07:52:00;1477;com vítima;114;BR-040/RJ;Sul;Capotamento;1;;;;;;;;;;0;1;;;
12/09/2010;18:28:00;1550;sem vítima;116;BR-040/RJ;Norte;Choque - Objeto Fixo;1;;;;;;;;;;1;;;;
12/09/2010;16:52:00;1537;sem vítima;118;BR-040/RJ;Norte;Colisão Traseira;1;;;;;;;;;;1;;;;
13/09/2010;08:07:00;1605;com vítima;32;BR-040/RJ;Sul;Tombamento;;;1;;;;;;;;0;1;;;
13/09/2010;07:01:00;1600;sem vítima;90;BR-040/RJ;Norte;Choque - Objeto Fixo;1;;;;;;;;;;1;;;;
13/09/2010;15:56:00;1675;sem vítima;99;BR-040/RJ;Norte;Choque - Objeto Fixo;1;;;;;;;;;;1;;;;
13/09/2010;07:50:00;1603;sem vítima;109;BR-040/RJ;Norte;Colisão Lateral;1;;1;;;;;;;;2;;;;
13/09/2010;14:04:00;1665;com vítima;118;BR-040/RJ;Sul;Queda de Moto;;;;1;;;;;;;0;;1;;
13/09/2010;11:03:00;1635;sem vítima;120;BR-040/RJ;Sul;Colisão Lateral;1;;1;;;;;;;;2;;;;
13/09/2010;08:36:00;1608;sem vítima;121;BR-040/RJ;Sul;Colisão Traseira;1;;1;;;;;;;;2;;;;
13/09/2010;17:20:00;1690;sem vítima;121;BR-040/RJ;Norte;Colisão Lateral;;;1;;;1;;;;;2;;;;
14/09/2010;19:40:00;1835;sem vítima;39;BR-040/RJ;Norte;Choque - Objeto Fixo;1;;;;;;;;;;1;;;;
14/09/2010;10:41:00;1773;sem vítima;105;BR-040/RJ;Sul;Colisão Traseira;1;;1;;;;;;;;2;;;;
14/09/2010;13:07:00;1794;sem vítima;113;BR-040/RJ;Norte;Colisão Transversal;1;;1;;;;;;;;2;;;;
14/09/2010;17:27:00;1820;sem vítima;123;BR-040/RJ;Norte;Colisão Lateral;1;;1;;;;;;;;2;;;;
15/09/2010;01:24:00;1861;sem vítima;11;BR-040/RJ;Sul;Choque - Objeto Fixo;1;;;;;;;;;;1;;;;
15/09/2010;05:07:00;1868;sem vítima;39;BR-040/RJ;Norte;Choque - Objeto Fixo;;;1;;;;;;;;1;;;;
15/09/2010;13:40:00;1933;com vítima;84;BR-040/RJ;Sul;Choque - Objeto Fixo;1;;;;;;;;;;0;1;;;
15/09/2010;14:47:00;1940;sem vítima;808;BR-040/MG;Norte;Choque - Objeto Fixo;1;;;;;;;;;;1;;;;
15/09/2010;09:31:00;1897;com vítima;815;BR-040/MG;Sul;Capotamento;1;;;;;;;;;;0;;3;;
15/09/2010;17:54:00;1965;sem vítima;85;BR-040/RJ;Norte;Choque - Objeto Fixo;;;1;;;;;;;;1;;;;
15/09/2010;18:50:00;1975;com vítima;92;BR-040/RJ;Sul;Capotamento;1;;;;;;;;;;0;1;1;;
15/09/2010;08:49:00;1889;com vítima;111;BR-040/RJ;Sul;Colisão Traseira;1;;;1;;;;;;;1;1;;;
15/09/2010;14:58:00;1951;sem vítima;113;BR-040/RJ;Sul;Colisão Lateral;;;2;;;;;;;;2;;;;
15/09/2010;01:19:00;1860;com vítima;120;BR-040/RJ;Norte;Atropelamento - Pedestre;;;;;;1;;;;;1;;;;1
16/09/2010;17:08:00;2070;sem vítima;28;BR-040/RJ;Norte;Choque - Objeto Fixo;1;;;;;;;;;;3;;;;
16/09/2010;11:16:00;2042;sem vítima;78;BR-040/RJ;Norte;Colisão Traseira;1;;1;;;;;;;;2;;;;
16/09/2010;17:36:00;2075;com vítima;793;BR-040/MG;Sul;Atropelamento - Pedestre;;;;;;1;;;;;1;;;;1
16/09/2010;09:10:00;2031;sem vítima;85;BR-040/RJ;Norte;Choque - Objeto Fixo;1;;;;;;;;;;1;;;;
16/09/2010;13:40:00;2053;com vítima;86;BR-040/RJ;Norte;Choque - Objeto Fixo;1;;;;;;;;;;0;2;;;
16/09/2010;19:23:00;2087;sem vítima;94;BR-040/RJ;Sul;Choque - Objeto Fixo;1;;;;;;;;;;1;;;;
16/09/2010;17:41:00;2076;sem vítima;109;BR-040/RJ;Norte;Colisão Lateral;2;;1;;;;;;;;3;;;;
16/09/2010;16:05:00;2066;sem vítima;111;BR-040/RJ;Sul;Colisão Lateral;;;;;1;1;;;;;2;;;;
16/09/2010;18:20:00;2080;sem vítima;111;BR-040/RJ;Norte;Engavetamento;3;;;;;;;;;;3;;;;
16/09/2010;19:15:00;2086;sem vítima;111;BR-040/RJ;Norte;Colisão Traseira;1;;;;;1;;;;;2;;;;
16/09/2010;18:05:00;2078;sem vítima;112;BR-040/RJ;Norte;Colisão Traseira;2;;;;;;;;;;2;;;;
16/09/2010;05:37:00;2009;com vítima;115;BR-040/RJ;Sul;Engavetamento;3;;;;;;;;;;2;1;;;
16/09/2010;17:18:00;2071;sem vítima;119;BR-040/RJ;Norte;Colisão Traseira;;;1;;1;;;;;;2;;;;
16/09/2010;18:28:00;2083;sem vítima;120;BR-040/RJ;Norte;Colisão Traseira;;;;;2;;;;;;2;;;;
17/09/2010;16:11:00;2189;com vítima;19;BR-040/RJ;Norte;Capotamento;1;;;;;;;;;;1;;1;;
17/09/2010;09:59:00;2145;sem vítima;21;BR-040/RJ;Sul;Choque - Objeto Fixo;;;1;;;;;;;;1;;;;
17/09/2010;21:40:00;2234;sem vítima;775;BR-040/MG;Norte;Atropelamento - Animal;;;1;;;;;;;;1;;;;
17/09/2010;15:56:00;2188;sem vítima;795;BR-040/MG;Sul;Choque - Objeto Fixo;1;;;;;;;;;;1;;;;
17/09/2010;21:54:00;2235;com vítima;109;BR-040/RJ;Norte;Atropelamento - Pedestre;1;;;;;;;;;;1;;1;;
17/09/2010;06:58:00;2123;sem vítima;122;BR-040/RJ;Sul;Colisão Traseira;1;;1;;;;;;;;2;;;;
17/09/2010;07:35:00;2128;sem vítima;122;BR-040/RJ;Sul;Colisão Traseira;2;;;;;;;;;;2;;;;
17/09/2010;17:12:00;2195;com vítima;122;BR-040/RJ;Sul;Choque - Objeto Fixo;1;;;;;;;;;;0;1;1;;
17/09/2010;14:28:00;2179;sem vítima;125;BR-040/RJ;Sul;Tombamento;;;1;;;;;;;;1;;;;
18/09/2010;16:25:00;2324;sem vítima;39;BR-040/RJ;Norte;Choque - Objeto Fixo;1;;;;;;;;;;1;;;;
18/09/2010;20:24:00;2345;com vítima;47;BR-040/RJ;Norte;Tombamento;;;1;;;;;;;;0;1;;;
18/09/2010;18:41:00;2334;sem vítima;80;BR-040/RJ;Sul;Choque - Objeto Fixo;1;;;;;;;;;;1;;;;
18/09/2010;06:29:00;2262;com vítima;92;BR-040/RJ;Sul;Capotamento;1;;;;;;;;;;0;1;;;
18/09/2010;06:41:00;2264;sem vítima;92;BR-040/RJ;Norte;Choque - Objeto Fixo;1;;;;;;;;;;1;;;;
18/09/2010;13:55:00;2311;com vítima;92;BR-040/RJ;Sul;Capotamento;1;;;;;;;;;;0;1;;;
18/09/2010;11:45:00;2297;sem vítima;93;BR-040/RJ;Norte;Choque - Objeto Fixo;1;;;;;;;;;;1;;;;
18/09/2010;14:06:00;2314;com vítima;94;BR-040/RJ;Sul;Engavetamento;4;;;;;;;;;;0;8;;;
18/09/2010;09:58:00;2285;com vítima;97;BR-040/RJ;Sul;Colisão Lateral;2;;;;;;;;;;0;1;1;;
18/09/2010;05:42:00;2259;sem vítima;101;BR-040/RJ;Norte;Derrapagem;1;;1;;;;;;;;2;;;;
18/09/2010;11:57:00;2301;sem vítima;102;BR-040/RJ;Norte;Choque - Objeto Fixo;;;1;;;;;;;;1;;;;
18/09/2010;19:10:00;2341;sem vítima;112;BR-040/RJ;Sul;Colisão Traseira;1;;;;1;;;;;;2;;;;
18/09/2010;03:01:00;2250;com vítima;123;BR-040/RJ;Sul;Colisão Traseira;2;;;;;;;;;;3;1;;;
18/09/2010;01:15:00;2246;sem vítima;124;BR-040/RJ;Norte;Colisão Traseira;2;;;;;;;;;;2;;;;
19/09/2010;19:44:00;2465;sem vítima;41;BR-040/RJ;Norte;Choque - Objeto Fixo;1;;;;;;;;;;1;;;;
19/09/2010;13:47:00;2420;sem vítima;45;BR-040/RJ;Sul;Colisão Traseira;2;;;;;;;;;;2;;;;
19/09/2010;11:52:00;2409;sem vítima;73;BR-040/RJ;Norte;Choque - Objeto Fixo;1;;;;;;;;;;1;;;;
19/09/2010;17:29:00;2446;com vítima;78;BR-040/RJ;Sul;Choque - Objeto Fixo;1;;;;;;;;;;0;4;;;
19/09/2010;20:14:00;2467;com vítima;799;BR-040/MG;Sul;Choque - Objeto Fixo;1;;;;;;;;;;0;1;;;
19/09/2010;03:55:00;2371;sem vítima;91;BR-040/RJ;Sul;Derrapagem;1;;;;;;;;;;1;;;;
19/09/2010;07:57:00;2385;sem vítima;92;BR-040/RJ;Sul;Choque - Objeto Fixo;1;;;;;;;;;;1;;;;
19/09/2010;08:01:00;2386;sem vítima;92;BR-040/RJ;Sul;Derrapagem;1;;;;;;;;;;1;;;;
19/09/2010;08:09:00;2387;sem vítima;97;BR-040/RJ;Norte;Choque - Objeto Fixo;1;;;;;;;;;;1;;;;
19/09/2010;20:16:00;2468;sem vítima;117;BR-040/RJ;Sul;Choque - Objeto Fixo;;;;;1;;;;;;4;;;;
19/09/2010;22:04:00;2477;sem vítima;121;BR-040/RJ;Norte;Choque - Objeto Fixo;1;;;;;;;;;;1;;;;
19/09/2010;22:21:00;2479;sem vítima;121;BR-040/RJ;Norte;Engavetamento;2;;;;;1;;;;;3;;;;
19/09/2010;16:49:00;2439;sem vítima;122;BR-040/RJ;Sul;Colisão Lateral;1;;;;;1;;;;;2;;;;
19/09/2010;11:55:00;2408;com vítima;123;BR-040/RJ;Sul;Choque - Objeto Fixo;2;;;;;1;;;;;2;2;;;
19/09/2010;05:59:00;2379;sem vítima;124;BR-040/RJ;Norte;Choque - Objeto Fixo;1;;;;;;;;;;1;;;;
19/09/2010;06:01:00;2380;sem vítima;124;BR-040/RJ;Norte;Choque - Objeto Fixo;1;;;;;;;;;;1;;;;
20/09/2010;08:29:00;2513;com vítima;92;BR-040/RJ;Sul;Derrapagem;1;;;;;;;;;;0;1;;;
20/09/2010;08:36:00;2515;sem vítima;93;BR-040/RJ;Sul;Choque - Objeto Fixo;1;;;;;;;;;;1;;;;
20/09/2010;09:30:00;2523;com vítima;94;BR-040/RJ;Sul;Capotamento;1;;;;;;;;;;0;1;;;
20/09/2010;07:15:00;2505;sem vítima;123;BR-040/RJ;Sul;Colisão Traseira;1;;1;;;;;;;;2;;;;
20/09/2010;06:53:00;2502;sem vítima;124;BR-040/RJ;Sul;Colisão Lateral;1;;;2;;;;;;;3;;;;
21/09/2010;16:07:00;2676;sem vítima;73;BR-040/RJ;Norte;Colisão Traseira;1;;1;;;;;;;;2;;;;
21/09/2010;11:10:00;2638;sem vítima;104;BR-040/RJ;Sul;Colisão Traseira;1;;1;;;;;;;;2;;;;
21/09/2010;13:15:00;2649;sem vítima;109;BR-040/RJ;Sul;Colisão Traseira;1;;;;1;;;;;;2;;;;
21/09/2010;20:16:00;2707;sem vítima;109;BR-040/RJ;Norte;Colisão Traseira;2;;;;;;;;;;2;;;;
21/09/2010;09:13:00;2624;sem vítima;122;BR-040/RJ;Sul;Colisão Traseira;1;;1;;;;;;;;2;;;;
21/09/2010;04:32:00;2604;com vítima;123;BR-040/RJ;Sul;Queda de Moto;;;;1;;;;;;;0;1;1;;
21/09/2010;07:33:00;2615;sem vítima;123;BR-040/RJ;Sul;Colisão Lateral;1;;1;;;;;;;;2;;;;
21/09/2010;09:25:00;2625;sem vítima;123;BR-040/RJ;Sul;Colisão Lateral;1;;1;;;;;;;;2;;;;
22/09/2010;00:10:00;2726;com vítima;58;BR-040/RJ;Sul;Choque - Objeto Fixo;1;;;;;;;;;;0;1;2;;
22/09/2010;13:25:00;2776;com vítima;73;BR-040/RJ;Norte;Choque - Objeto Fixo;;;1;;;;;;;;0;2;1;;
22/09/2010;19:56:00;2823;sem vítima;81;BR-040/RJ;Sul;Choque - Objeto Fixo;1;;;;;;;;;;1;;;;
22/09/2010;20:26:00;2828;sem vítima;779;BR-040/MG;Sul;Atropelamento - Animal;1;;;;;;;;;;1;;;;
22/09/2010;20:26:00;2838;sem vítima;779;BR-040/MG;Sul;Atropelamento - Animal;1;;;;;;;;;;1;;;;
22/09/2010;10:02:00;2759;sem vítima;86;BR-040/RJ;Sul;Choque - Objeto Fixo;1;;;;;;;;;;1;;;;
22/09/2010;15:16:00;2788;com vítima;114;BR-040/RJ;Sul;Colisão Lateral;;;;1;;1;;;;;1;1;1;;
22/09/2010;16:31:00;2796;sem vítima;124;BR-040/RJ;Norte;Colisão Lateral;1;;1;;;;;;;;2;;;;
23/09/2010;08:55:00;2874;sem vítima;78;BR-040/RJ;Sul;Choque - Objeto Fixo;1;;;;;;;;;;1;;;;
23/09/2010;22:30:00;2982;com vítima;80;BR-040/RJ;Sul;Choque - Objeto Fixo;1;;;;;;;;;;0;1;1;;
23/09/2010;05:52:00;2861;com vítima;794;BR-040/MG;Norte;Tombamento;;;1;;;;;;;;0;1;;;
23/09/2010;04:54:00;2856;com vítima;806;BR-040/MG;Norte;Tombamento;1;;;;;;;;;;0;1;1;;
23/09/2010;05:25:00;2859;com vítima;119;BR-040/RJ;Sul;Colisão Traseira;2;;;;;;;;;;1;1;;;
23/09/2010;11:12:00;2900;sem vítima;122;BR-040/RJ;Sul;Colisão Lateral;2;;;;;;;;;;2;;;;
24/09/2010;21:18:00;3120;sem vítima;2;BR-040/RJ;Norte;Choque - Objeto Fixo;1;;;;;;;;;;1;;;;
24/09/2010;05:15:00;3004;sem vítima;31;BR-040/RJ;Norte;Choque - Objeto Fixo;1;;;;;;;;;;1;;;;
24/09/2010;19:10:00;3107;com vítima;43;BR-040/RJ;Norte;Tombamento;;;1;;;;;;;;0;;2;;
24/09/2010;06:24:00;3006;sem vítima;58;BR-040/RJ;Sul;Choque - Objeto Fixo;;;1;;;;;;;;1;;;;
24/09/2010;13:18:00;3065;com vítima;82;BR-040/RJ;Norte;Atropelamento - Pedestre;;;;1;;1;;;;;1;1;;;
24/09/2010;13:22:00;3066;sem vítima;88;BR-040/RJ;Norte;Choque - Objeto Fixo;1;;;;;;;;;;1;;;;
24/09/2010;16:23:00;3089;com vítima;89;BR-040/RJ;Sul;Choque - Objeto Fixo;1;;;;;;;;;;0;;1;1;
24/09/2010;22:28:00;3124;sem vítima;93;BR-040/RJ;Sul;Derrapagem;1;;;;;;;;;;1;;;;
24/09/2010;13:36:00;3068;sem vítima;99;BR-040/RJ;Norte;Colisão Traseira;1;;1;;;;;;;;2;;;;
24/09/2010;23:53:00;3130;sem vítima;105;BR-040/RJ;Norte;Colisão Lateral;1;;;;;1;;;;;2;;;;
24/09/2010;15:39:00;3083;com vítima;106;BR-040/RJ;Sul;Colisão Lateral;1;;;1;;;;;;;1;;;1;
24/09/2010;23:51:00;3125;com vítima;112;BR-040/RJ;Norte;Colisão Traseira;1;;1;;;;;;;;1;;2;;
24/09/2010;18:50:00;3106;sem vítima;117;BR-040/RJ;Norte;Colisão Traseira;2;;;;;;;;;;2;;;;
24/09/2010;22:45:00;3126;sem vítima;121;BR-040/RJ;Norte;Colisão Traseira;1;;;;1;;;;;;2;;;;
25/09/2010;07:32:00;3155;sem vítima;5;BR-040/RJ;Norte;Choque - Objeto Fixo;1;;;;;;;;;;1;;;;
25/09/2010;14:22:00;3205;com vítima;70;BR-040/RJ;Sul;Choque - Objeto Fixo;1;;;;;;;;;;0;1;;;
25/09/2010;12:35:00;3193;com vítima;73;BR-040/RJ;Sul;Queda de Moto;;;;1;;;;;;;0;1;;;
25/09/2010;02:10:00;3137;sem vítima;74;BR-040/RJ;Norte;Choque - Objeto Fixo;1;;;;;;;;;;1;;;;
25/09/2010;14:11:00;3206;sem vítima;787;BR-040/MG;Norte;Colisão Lateral;1;;1;;;;;;;;2;;;;
25/09/2010;05:31:00;3146;com vítima;815;BR-040/MG;Norte;Choque - Objeto Fixo;1;;;;;;;;;;0;4;;;
25/09/2010;15:06:00;3211;com vítima;815;BR-040/MG;Sul;Queda de Moto;;;;1;;;;;;;0;;;1;
25/09/2010;07:00:00;3152;sem vítima;91;BR-040/RJ;Norte;Choque - Objeto Fixo;1;;;;;;;;;;1;;;;
25/09/2010;18:18:00;3240;sem vítima;91;BR-040/RJ;Sul;Derrapagem;1;;;;;;;;;;1;;;;
25/09/2010;13:29:00;3200;sem vítima;96;BR-040/RJ;Norte;Colisão Traseira;2;;;;;;;;;;2;;;;
25/09/2010;04:18:00;3144;com vítima;105;BR-040/RJ;Norte;Queda de Moto;;;;1;;;;;;;0;1;;;
25/09/2010;06:15:00;3149;sem vítima;111;BR-040/RJ;Norte;Colisão Traseira;2;;;;;;;;;;2;;;;
25/09/2010;02:35:00;3138;com vítima;113;BR-040/RJ;Norte;Atropelamento - Pedestre;;;;;;1;;;;;1;;;;1
26/09/2010;19:31:00;3345;sem vítima;87;BR-040/RJ;Norte;Derrapagem;1;;;;;;;;;;1;;;;
26/09/2010;13:18:00;3314;sem vítima;93;BR-040/RJ;Sul;Choque - Objeto Fixo;1;;;;;;;;;;1;;;;
26/09/2010;04:36:00;3276;com vítima;107;BR-040/RJ;Norte;Choque - Objeto Fixo;1;;;;;;;;;;0;;5;1;
26/09/2010;10:28:00;3304;sem vítima;107;BR-040/RJ;Norte;Choque - Objeto Fixo;1;;;;;;;;;;1;;;;
26/09/2010;06:56:00;3285;sem vítima;109;BR-040/RJ;Norte;Choque - Objeto Fixo;1;;;;;;;;;;1;;;;
26/09/2010;07:56:00;3289;sem vítima;113;BR-040/RJ;Norte;Choque - Objeto Fixo;1;;;;;;;;;;1;;;;
26/09/2010;08:01:00;3290;sem vítima;116;BR-040/RJ;Norte;Colisão Traseira;2;;;;;;;;;;2;;;;
26/09/2010;02:49:00;3273;sem vítima;121;BR-040/RJ;Norte;Choque - Objeto Fixo;1;;;;;;;;;;1;;;;
26/09/2010;20:09:00;3348;sem vítima;121;BR-040/RJ;Norte;Colisão Traseira;2;;;;;;;;;;2;;;;
26/09/2010;19:00:00;3342;com vítima;123;BR-040/RJ;Sul;Engavetamento;3;;1;;;;;;;;3;2;1;;
26/09/2010;05:35:00;3279;com vítima;124;BR-040/RJ;Norte;Choque - Objeto Fixo;1;;;;;;;;;;0;;1;;
26/09/2010;15:40:00;3323;sem vítima;124;BR-040/RJ;Norte;Objeto lançado contra veículo;3;;;;;;;;;;3;;;;
27/09/2010;06:45:00;3390;com vítima;10;BR-040/RJ;Norte;Choque - Objeto Fixo;1;;;;;;;;;;0;1;;;
27/09/2010;08:18:00;3400;sem vítima;22;BR-040/RJ;Norte;Derrapagem;1;;;;;;;;;;1;;;;
27/09/2010;01:32:00;3366;sem vítima;25;BR-040/RJ;Norte;Choque - Objeto Fixo;1;;;;;;;;;;1;;;;
27/09/2010;08:33:00;3402;com vítima;34;BR-040/RJ;Norte;Capotamento;1;;;;;;;;;;1;;1;;
27/09/2010;07:07:00;3392;sem vítima;52;BR-040/RJ;Norte;Derrapagem;1;;;;;;;;;;1;;;;
27/09/2010;06:14:00;3388;com vítima;75;BR-040/RJ;Norte;Choque - Objeto Fixo;1;;;;;;;;;;0;1;;;
27/09/2010;17:30:00;3463;sem vítima;77;BR-040/RJ;Sul;Choque - Objeto Fixo;1;;;;;;;;;;1;;;;
27/09/2010;05:41:00;3380;sem vítima;793;BR-040/MG;Sul;Choque - Objeto Fixo;1;;;;;;;;;;1;;;;
27/09/2010;01:30:00;3365;sem vítima;85;BR-040/RJ;Sul;Choque - Objeto Fixo;1;;;;;;;;;;1;;;;
27/09/2010;08:16:00;3399;sem vítima;88;BR-040/RJ;Norte;Capotamento;1;;;;;;;;;;1;;;;
27/09/2010;16:53:00;3460;sem vítima;89;BR-040/RJ;Sul;Choque - Objeto Fixo;1;;;;;;;;;;1;;;;
27/09/2010;09:02:00;3408;sem vítima;92;BR-040/RJ;Sul;Choque - Objeto Fixo;;;;;;1;;;;;1;;;;
27/09/2010;00:20:00;3361;sem vítima;113;BR-040/RJ;Norte;Choque - Objeto Fixo;1;;;;;;;;;;1;;;;
27/09/2010;01:43:00;3367;sem vítima;113;BR-040/RJ;Norte;Choque - Objeto Fixo;1;;;;;;;;;;1;;;;
27/09/2010;09:10:00;3409;sem vítima;114;BR-040/RJ;Norte;Tombamento;;;1;;;;;;;;1;;;;
27/09/2010;09:52:00;3412;sem vítima;121;BR-040/RJ;Norte;Engavetamento;2;;;1;;;;;;;3;;;;
27/09/2010;11:09:00;3417;sem vítima;122;BR-040/RJ;Sul;Colisão Lateral;1;;1;;;;;;;;2;;;;
27/09/2010;08:43:00;3401;sem vítima;123;BR-040/RJ;Sul;Colisão Lateral;1;;1;;;;;;;;2;;;;
27/09/2010;08:57:00;3407;sem vítima;124;BR-040/RJ;Norte;Choque - Objeto Fixo;1;;;;;;;;;;1;;;;
28/09/2010;07:25:00;3522;sem vítima;0;BR-040/RJ;Norte;Choque - Objeto Fixo;1;;;;;;;;;;1;;;;
28/09/2010;10:06:00;3541;com vítima;1;BR-040/RJ;Norte;Capotamento;1;;;;;;;;;;1;;1;;
28/09/2010;23:00:00;3613;com vítima;22;BR-040/RJ;Sul;Tombamento;;;1;;;;;;;;0;;2;;
28/09/2010;06:24:00;3517;com vítima;32;BR-040/RJ;Norte;Capotamento;1;;;;;;;;;;0;1;;;
28/09/2010;08:07:00;3525;sem vítima;34;BR-040/RJ;Norte;Choque - Objeto Fixo;1;;;;;;;;;;1;;;;
28/09/2010;09:40:00;3536;com vítima;44;BR-040/RJ;Sul;Choque - Objeto Fixo;1;;;;;;;;;;0;1;;;
28/09/2010;07:11:00;3520;sem vítima;75;BR-040/RJ;Sul;Capotamento;1;;;;;;;;;;1;;;;
28/09/2010;09:00:00;3530;sem vítima;84;BR-040/RJ;Sul;Choque - Objeto Fixo;1;;;;;;;;;;1;;;;
28/09/2010;04:24:00;3510;sem vítima;804;BR-040/MG;Sul;Choque - Objeto Fixo;1;;;;;;;;;;1;;;;
28/09/2010;23:17:00;3614;sem vítima;89;BR-040/RJ;Sul;Colisão Traseira;1;;;;;1;;;;;2;;;;
28/09/2010;10:56:00;3544;sem vítima;94;BR-040/RJ;Sul;Choque - Objeto Fixo;1;;;;;;;;;;1;;;;
28/09/2010;20:41:00;3598;sem vítima;99;BR-040/RJ;Norte;Choque - Objeto Fixo;1;;;;;;;;;;1;;;;
28/09/2010;17:06:00;3575;sem vítima;102;BR-040/RJ;Norte;Engavetamento;3;;;;;;;;;;3;;;;
28/09/2010;05:25:00;3512;com vítima;118;BR-040/RJ;Sul;Queda de Moto;;;;1;;;;;;;0;;1;;
28/09/2010;09:33:00;3535;sem vítima;123;BR-040/RJ;Sul;Colisão Lateral;1;;1;;;;;;;;2;;;;
29/09/2010;13:15:00;3663;sem vítima;31;BR-040/RJ;Sul;Choque - Objeto Fixo;1;;;;;;;;;;1;;;;
29/09/2010;07:23:00;3631;sem vítima;83;BR-040/RJ;Norte;Derrapagem;1;;;;;;;;;;1;;;;
29/09/2010;04:34:00;3621;sem vítima;93;BR-040/RJ;Sul;Derrapagem;;;1;;;;;;;;1;;;;
29/09/2010;13:23:00;3665;sem vítima;117;BR-040/RJ;Norte;Choque - Objeto Fixo;1;;;;;;;;;;1;;;;
29/09/2010;19:47:00;3706;com vítima;119;BR-040/RJ;Sul;Colisão Traseira;1;;;;1;;;;;;1;;1;;
29/09/2010;08:30:00;3636;sem vítima;124;BR-040/RJ;Sul;Colisão Lateral;1;;1;;;;;;;;2;;;;
29/09/2010;08:25:00;3637;sem vítima;124;BR-040/RJ;Sul;Colisão Lateral;;;2;;;;;;;;2;;;;
29/09/2010;10:40:00;3653;sem vítima;124;BR-040/RJ;Sul;Engavetamento;1;;2;;;;;;;;3;;;;
30/09/2010;19:09:00;3818;sem vítima;41;BR-040/RJ;Norte;Choque - Objeto Fixo;1;;;;;;;;;;1;;;;
30/09/2010;08:00:00;3747;sem vítima;65;BR-040/RJ;Sul;Choque - Objeto Fixo;1;;;;;;;;;;1;;;;
30/09/2010;19:55:00;3824;com vítima;79;BR-040/RJ;Sul;Choque - Objeto Fixo;1;;;;;;;;;;0;;1;;
30/09/2010;07:37:00;3746;sem vítima;104;BR-040/RJ;Sul;Colisão Traseira;1;;1;;;;;;;;2;;;;
30/09/2010;11:45:00;3773;sem vítima;116;BR-040/RJ;Norte;Capotamento;1;;;;;;;;;;1;;;;
30/09/2010;06:28:00;3739;sem vítima;118;BR-040/RJ;Norte;Colisão Frontal;1;;;;1;;;;;;2;;;;
30/09/2010;08:36:00;3753;sem vítima;124;BR-040/RJ;Sul;Colisão Lateral;1;;1;;;;;;;;2;;;;
30/09/2010;15:12:00;3796;sem vítima;124;BR-040/RJ;Norte;Colisão Lateral;;;1;1;;1;;;;;3;;;;
30/09/2010;16:40:00;3803;sem vítima;124;BR-040/RJ;Sul;Choque - Objeto Fixo;1;;;;;;;;;;1;;;;
01/10/2010;23:07:00;144;sem vítima;8;BR-040/RJ;Norte;Choque - Objeto Fixo;1;;;;;;;;;;1;;;;
01/10/2010;13:00:00;70;com vítima;32;BR-040/RJ;Norte;Tombamento;;;1;;;;;;;;0;;1;;
01/10/2010;10:31:00;46;com vítima;58;BR-040/RJ;Sul;Colisão Traseira;2;;;;;;;;;;1;1;;;
01/10/2010;12:25:00;65;com vítima;58;BR-040/RJ;Sul;Choque - Objeto Fixo;1;;;;;;;;;;0;1;;;
01/10/2010;18:32:00;117;sem vítima;76;BR-040/RJ;Sul;Choque - Objeto Fixo;1;;;;;;;;;;1;;;;
01/10/2010;17:53:00;108;com vítima;84;BR-040/RJ;Sul;Engavetamento;;;1;;;3;;;;;3;;1;;
01/10/2010;18:48:00;121;sem vítima;815;BR-040/MG;Norte;Choque - Objeto Fixo;1;;;;;;;;;;1;;;;
01/10/2010;13:57:00;75;sem vítima;87;BR-040/RJ;Norte;Choque - Objeto Fixo;1;;;;;;;;;;1;;;;
01/10/2010;16:56:00;97;sem vítima;93;BR-040/RJ;Norte;Derrapagem;1;;;;;;;;;;1;;;;
01/10/2010;21:25:00;137;sem vítima;93;BR-040/RJ;Norte;Choque - Objeto Fixo;;;1;;;;;;;;1;;;;
01/10/2010;18:57:00;122;sem vítima;100;BR-040/RJ;Norte;Choque - Objeto Fixo;1;;;;;;;;;;1;;;;