data;horario;n_da_ocorrencia;tipo_de_ocorrencia;km;trecho;sentido;tipo_de_acidente;automovel;bicicleta;caminhao;moto;onibus;outros;tracao_animal;transporte_de_cargas_especiais;trator_maquinas;utilitarios;ilesos;levemente_feridos;moderadamente_feridos;gravemente_feridos;mortos
09/11/2010;11:27:00;1060;sem vítima;124;BR-040/RJ;Sul;Engavetamento;1;;2;;;;;;;;3;;;;
10/11/2010;10:09:00;1172;sem vítima;34;BR-040/RJ;Norte;Choque - Objeto Fixo;1;;;;;;;;;;1;;;;
10/11/2010;18:00:00;1224;sem vítima;45;BR-040/RJ;Norte;Colisão Traseira;1;;1;;;;;;;;2;;;;
10/11/2010;15:55:00;1213;sem vítima;54;BR-040/RJ;Sul;Derrapagem;1;;;;;;;;;;1;;;;
10/11/2010;15:53:00;1209;sem vítima;68;BR-040/RJ;Norte;Derrapagem;1;;;;;;;;;;1;;;;
10/11/2010;16:36:00;1217;sem vítima;69;BR-040/RJ;Norte;Derrapagem;1;;;;;;;;;;1;;;;
10/11/2010;08:08:00;1159;com vítima;80;BR-040/RJ;Norte;Tombamento;;;1;;;;;;;;0;;;;1
10/11/2010;22:33:00;1245;sem vítima;82;BR-040/RJ;Sul;Choque - Objeto Fixo;1;;;;;;;;;;1;;;;
10/11/2010;13:30:00;1195;sem vítima;784;BR-040/MG;Norte;Choque - Objeto Fixo;;;1;;;;;;;;1;;;;
10/11/2010;21:39:00;1242;com vítima;789;BR-040/MG;Norte;Atropelamento - Pedestre;1;;;;;;;;;;1;;;;1
10/11/2010;14:05:00;1196;sem vítima;799;BR-040/MG;Norte;Choque - Objeto Fixo;1;;;;;;;;;;1;;;;
10/11/2010;13:18:00;1194;sem vítima;87;BR-040/RJ;Sul;Choque - Objeto Fixo;1;;;;;;;;;;1;;;;
10/11/2010;13:28:00;1192;com vítima;91;BR-040/RJ;Norte;Capotamento;1;;;;;;;;;;0;1;1;;
10/11/2010;15:58:00;1210;sem vítima;104;BR-040/RJ;Norte;Colisão Traseira;;;2;;;;;;;;2;;;;
10/11/2010;21:46:00;1243;sem vítima;107;BR-040/RJ;Norte;Choque - Objeto Fixo;1;;;;;;;;;;1;;;;
10/11/2010;14:17:00;1198;sem vítima;114;BR-040/RJ;Sul;Derrapagem;1;;;;;;;;;;1;;;;
10/11/2010;19:24:00;1231;com vítima;114;BR-040/RJ;Norte;Queda de Moto;;;;1;;;;;;;0;1;;;
10/11/2010;16:12:00;1211;com vítima;115;BR-040/RJ;Norte;Choque - Objeto Fixo;1;;;;;;;;;;0;;3;;
10/11/2010;03:50:00;1149;sem vítima;120;BR-040/RJ;Sul;Choque - Objeto Fixo;1;;;;;;;;;;1;;;;
11/11/2010;05:50:00;1261;com vítima;78;BR-040/RJ;Sul;Choque - Objeto Fixo;1;;;;;;;;;;0;2;;;
11/11/2010;11:01:00;1290;sem vítima;84;BR-040/RJ;Norte;Choque - Objeto Fixo;1;;;;;;;;;;1;;;;
11/11/2010;18:17:00;1349;com vítima;94;BR-040/RJ;Sul;Choque - Objeto Fixo;1;;;;;;;;;;2;1;;;
11/11/2010;18:31:00;1351;sem vítima;94;BR-040/RJ;Sul;Choque - Objeto Fixo;1;;;;;;;;;;2;;;;
11/11/2010;17:39:00;1346;sem vítima;96;BR-040/RJ;Sul;Choque - Objeto Fixo;1;;;;;;;;;;1;;;;
11/11/2010;14:33:00;1314;sem vítima;118;BR-040/RJ;Sul;Colisão Traseira;1;;;;;1;;;;;2;;;;
11/11/2010;23:14:00;1375;com vítima;122;BR-040/RJ;Sul;Colisão Traseira;2;;;;;;;;;;0;1;2;;
11/11/2010;10:24:00;1285;sem vítima;124;BR-040/RJ;Sul;Colisão Traseira;1;;1;;;;;;;;2;;;;
12/11/2010;13:47:00;1433;sem vítima;24;BR-040/RJ;Norte;Choque - Objeto Fixo;;;1;;;;;;;;0;;;;
12/11/2010;23:00:00;1508;sem vítima;77;BR-040/RJ;Sul;Choque - Objeto Fixo;1;;;;;;;;;;0;;;;
12/11/2010;08:23:00;1396;sem vítima;78;BR-040/RJ;Sul;Choque - Objeto Fixo;1;;;;;;;;;;0;;;;
12/11/2010;17:24:00;1464;sem vítima;83;BR-040/RJ;Sul;Choque - Objeto Fixo;1;;;;;;;;;;0;;;;
12/11/2010;16:39:00;1456;sem vítima;823;BR-040/MG;Norte;Colisão Lateral;1;;1;;;;;;;;0;;;;
12/11/2010;17:40:00;1468;sem vítima;85;BR-040/RJ;Sul;Choque - Objeto Fixo;1;;;;;;;;;;0;;;;
12/11/2010;15:53:00;1450;sem vítima;91;BR-040/RJ;Sul;Choque - Objeto Fixo;1;;;;;;;;;;0;;;;
12/11/2010;11:49:00;1421;com vítima;92;BR-040/RJ;Sul;Tombamento;;;1;;;;;;;;2;;2;;
12/11/2010;15:09:00;1446;sem vítima;92;BR-040/RJ;Sul;Choque - Objeto Fixo;1;;;;;;;;;;2;;;;
12/11/2010;07:39:00;1393;sem vítima;96;BR-040/RJ;Norte;Capotamento;1;;;;;;;;;;1;;;;
12/11/2010;21:29:00;1494;com vítima;107;BR-040/RJ;Sul;Colisão Lateral;;1;;;;1;;;;;1;;1;;
12/11/2010;00:00:00;1510;sem vítima;114;BR-040/RJ;Sul;Capotamento;1;;;;;;;;;;0;;;;
12/11/2010;21:45:00;1495;sem vítima;117;BR-040/RJ;Norte;Engavetamento;3;;;;;;;;;;1;;;;
12/11/2010;07:12:00;1389;sem vítima;118;BR-040/RJ;Sul;Colisão Traseira;2;;;;;;;;;;0;;;;
12/11/2010;19:04:00;1478;sem vítima;118;BR-040/RJ;Norte;Colisão Traseira;1;;;1;;;;;;;1;;;;
12/11/2010;13:50:00;1434;sem vítima;119;BR-040/RJ;Sul;Colisão Traseira;;;1;;1;;;;;;0;;;;
12/11/2010;14:29:00;1440;sem vítima;123;BR-040/RJ;Sul;Colisão Traseira;1;;;;1;;;;;;0;;;;
12/11/2010;20:10:00;1486;sem vítima;123;BR-040/RJ;Sul;Colisão Lateral;1;;1;;;;;;;;0;;;;
13/11/2010;16:59:00;1637;sem vítima;2;BR-040/RJ;Sul;Choque - Objeto Fixo;1;;;;;;;;;;1;;;;
13/11/2010;11:34:00;1581;sem vítima;34;BR-040/RJ;Norte;Choque - Objeto Fixo;1;;;;;;;;;;0;;;;
13/11/2010;12:51:00;1595;sem vítima;44;BR-040/RJ;Norte;Choque - Objeto Fixo;1;;;;;;;;;;3;;;;
13/11/2010;09:48:00;1559;com vítima;73;BR-040/RJ;Sul;Choque - Objeto Fixo;1;;;;;;;;;;2;;2;;
13/11/2010;13:55:00;1605;sem vítima;73;BR-040/RJ;Norte;Choque - Objeto Fixo;1;;;;;;;;;;0;;;;
13/11/2010;12:04:00;1586;sem vítima;82;BR-040/RJ;Sul;Choque - Objeto Fixo;1;;;;;;;;;;0;;;;
13/11/2010;13:01:00;1599;sem vítima;84;BR-040/RJ;Sul;Colisão Lateral;1;;1;;;;;;;;0;;;;
13/11/2010;10:03:00;1562;sem vítima;783;BR-040/MG;Norte;Capotamento;1;;;;;;;;;;3;;;;
13/11/2010;12:29:00;1591;sem vítima;785;BR-040/MG;Norte;Capotamento;1;;;;;;;;;;1;;;;
13/11/2010;10:20:00;1570;sem vítima;799;BR-040/MG;Norte;Choque - Objeto Fixo;1;;;;;;;;;;0;;;;
13/11/2010;09:53:00;1560;sem vítima;825;BR-040/MG;Sul;Choque - Objeto Fixo;1;;;;;;;;;;0;;;;
13/11/2010;18:16:00;1650;com vítima;828;BR-040/MG;Norte;Choque - Objeto Fixo;1;;;;;;;;;;1;;1;;
13/11/2010;12:26:00;1590;com vítima;88;BR-040/RJ;Sul;Colisão Traseira;1;;;;;;;;;;2;;2;;
13/11/2010;10:27:00;1565;sem vítima;91;BR-040/RJ;Sul;Choque - Objeto Fixo;1;;;;;;;;;;0;;;;
13/11/2010;08:15:00;1538;sem vítima;94;BR-040/RJ;Sul;Choque - Objeto Fixo;1;;;;;;;;;;0;;;;
13/11/2010;09:29:00;1554;sem vítima;94;BR-040/RJ;Sul;Choque - Objeto Fixo;1;;;;;;;;;;0;;;;
13/11/2010;07:33:00;1534;sem vítima;101;BR-040/RJ;Norte;Choque - Objeto Fixo;1;;;;;;;;;;0;;;;
13/11/2010;14:34:00;1608;sem vítima;116;BR-040/RJ;Norte;Colisão Traseira;2;;;;;;;;;;0;;;;
13/11/2010;14:53:00;1610;sem vítima;116;BR-040/RJ;Norte;Colisão Traseira;2;;;;;;;;;;0;;;;
13/11/2010;19:49:00;1657;sem vítima;116;BR-040/RJ;Norte;Colisão Traseira;2;;;;;;;;;;0;;;;
14/11/2010;13:54:00;1725;sem vítima;16;BR-040/RJ;Sul;Choque - Objeto Fixo;1;;;;;;;;;;0;;;;
14/11/2010;08:46:00;1700;sem vítima;34;BR-040/RJ;Norte;Choque - Objeto Fixo;1;;;;;;;;;;0;;;;
14/11/2010;09:47:00;1705;sem vítima;34;BR-040/RJ;Norte;Capotamento;1;;;;;;;;;;1;;;;
14/11/2010;16:40:00;1737;sem vítima;34;BR-040/RJ;Norte;Choque - Objeto Fixo;1;;;;;;;;;;0;;;;
14/11/2010;09:32:00;1704;com vítima;43;BR-040/RJ;Norte;Choque - Objeto Fixo;1;;;;;;;;;;5;;2;;
14/11/2010;22:07:00;1770;sem vítima;52;BR-040/RJ;Norte;Choque - Objeto Fixo;2;;;;;;;;;;0;;;;
14/11/2010;16:57:00;1738;sem vítima;73;BR-040/RJ;Sul;Choque - Objeto Fixo;1;;;;;;;;;;0;;;;
14/11/2010;18:43:00;1749;com vítima;73;BR-040/RJ;Norte;Choque - Objeto Fixo;1;;;;;;;;;;2;;;1;
14/11/2010;15:57:00;1733;sem vítima;78;BR-040/RJ;Sul;Choque - Objeto Fixo;1;;;;;;;;;;0;;;;
14/11/2010;10:20:00;1708;sem vítima;784;BR-040/MG;Norte;Choque - Objeto Fixo;1;;;;;;;;;;0;;;;
14/11/2010;18:11:00;1747;sem vítima;792;BR-040/MG;Norte;Choque - Objeto Fixo;1;;;;;;;;;;0;;;;
14/11/2010;14:20:00;1729;sem vítima;801;BR-040/MG;Sul;Choque - Objeto Fixo;1;;;;;;;;;;4;;;;
14/11/2010;17:56:00;1745;com vítima;812;BR-040/MG;Norte;Capotamento;1;;;;;;;;;;2;;;2;
14/11/2010;13:29:00;1724;com vítima;815;BR-040/MG;Sul;Choque - Objeto Fixo;1;;;;;;;;;;4;;1;;
14/11/2010;19:09:00;1752;sem vítima;90;BR-040/RJ;Sul;Choque - Objeto Fixo;1;;;;;;;;;;1;;;;
14/11/2010;16:14:00;1734;com vítima;92;BR-040/RJ;Sul;Colisão Frontal;2;;;;;;;;;;3;;1;;
14/11/2010;00:29:00;1676;sem vítima;111;BR-040/RJ;Sul;Colisão Traseira;2;;;;;;;;;;0;;;;
14/11/2010;19:04:00;1751;sem vítima;118;BR-040/RJ;Norte;Colisão Traseira;1;;;;;1;;;;;0;;;;
14/11/2010;14:17:00;1728;sem vítima;124;BR-040/RJ;Sul;Derrapagem;1;;;;;;;;;;0;;;;
15/11/2010;07:13:00;1791;sem vítima;25;BR-040/RJ;Norte;Choque - Objeto Fixo;1;;;;;;;;;;0;;;;
15/11/2010;16:30:00;1866;sem vítima;45;BR-040/RJ;Sul;Colisão Lateral;1;;1;;;;;;;;0;;;;
15/11/2010;06:00:00;1787;com vítima;54;BR-040/RJ;Norte;Capotamento;1;;;;;;;;;;3;1;;;1
15/11/2010;21:44:00;1917;sem vítima;73;BR-040/RJ;Sul;Choque - Objeto Fixo;1;;;;;;;;;;2;;;;
15/11/2010;17:36:00;1879;sem vítima;110;BR-040/RJ;Norte;Choque - Objeto Fixo;1;;;;;;;;;;0;;;;
15/11/2010;21:19:00;1914;sem vítima;121;BR-040/RJ;Norte;Colisão Lateral;1;;;;1;;;;;;0;;;;
16/11/2010;09:38:00;1980;com vítima;6;BR-040/RJ;Norte;Capotamento;1;;;;;;;;;;0;;1;;
16/11/2010;10:58:00;1992;sem vítima;34;BR-040/RJ;Norte;Choque - Objeto Fixo;1;;;;;;;;;;1;;;;
16/11/2010;16:13:00;2028;sem vítima;59;BR-040/RJ;Sul;Choque - Objeto Fixo;1;;;;;;;;;;1;;;;
16/11/2010;14:30:00;2016;com vítima;74;BR-040/RJ;Norte;Capotamento;1;;;;;;;;;;0;1;;;
16/11/2010;14:11:00;2013;sem vítima;79;BR-040/RJ;Norte;Tombamento;1;;;;;;;;;;1;;;;
16/11/2010;18:35:00;2046;com vítima;79;BR-040/RJ;Sul;Capotamento;1;;;;;;;;;;0;1;;;
16/11/2010;16:53:00;2033;sem vítima;815;BR-040/MG;Sul;Choque - Objeto Fixo;1;;;;;;;;;;1;;;;
16/11/2010;12:31:00;2001;sem vítima;91;BR-040/RJ;Sul;Choque - Objeto Fixo;1;;;;;;;;;;1;;;;
16/11/2010;16:40:00;2031;sem vítima;94;BR-040/RJ;Sul;Derrapagem;1;;;;;;;;;;1;;;;
16/11/2010;22:26:00;2078;sem vítima;96;BR-040/RJ;Sul;Choque - Objeto Fixo;1;;;;;;;;;;1;;;;
16/11/2010;04:40:00;1951;sem vítima;107;BR-040/RJ;Norte;Choque - Objeto Fixo;1;;;;;;;;;;1;;;;
16/11/2010;08:26:00;1970;com vítima;118;BR-040/RJ;Sul;Colisão Traseira;;;1;;1;;;;;;0;2;;;
16/11/2010;16:14:00;2029;sem vítima;118;BR-040/RJ;Sul;Tombamento;1;;;;;;;;;;2;;;;
16/11/2010;04:47:00;1952;sem vítima;123;BR-040/RJ;Norte;Choque - Objeto Fixo;1;;;;;;;;;;1;;;;
16/11/2010;20:28:00;2066;sem vítima;124;BR-040/RJ;Sul;Choque - Objeto Fixo;;;1;;;;;;;;1;;;;
17/11/2010;18:00:00;2179;com vítima;74;BR-040/RJ;Norte;Capotamento;1;;;;;;;;;;0;2;;;
17/11/2010;16:06:00;2167;com vítima;825;BR-040/MG;Sul;Choque - Objeto Fixo;;1;;;;;;;;;0;;1;;
17/11/2010;08:54:00;2118;sem vítima;104;BR-040/RJ;Norte;Colisão Lateral;1;;1;;;;;;;;2;;;;
17/11/2010;05:51:00;2092;com vítima;108;BR-040/RJ;Norte;Atropelamento - Pedestre;;;;1;;;;;;;1;;1;;
17/11/2010;12:15:00;2145;sem vítima;109;BR-040/RJ;Norte;Colisão Lateral;1;;1;;;;;;;;2;;;;
17/11/2010;16:05:00;2173;sem vítima;119;BR-040/RJ;Norte;Colisão Lateral;2;;;;;;;;;;2;;;;
17/11/2010;05:32:00;2090;sem vítima;120;BR-040/RJ;Sul;Capotamento;1;;;;;;;;;;1;;;;
17/11/2010;12:42:00;2146;sem vítima;120;BR-040/RJ;Sul;Colisão Lateral;;;1;1;;;;;;;2;;;;
17/11/2010;17:01:00;2175;sem vítima;122;BR-040/RJ;Norte;Colisão Lateral;;;1;;1;;;;;;2;;;;
17/11/2010;21:18:00;2203;sem vítima;123;BR-040/RJ;Sul;Colisão Lateral;1;;1;;;;;;;;2;;;;
17/11/2010;11:24:00;2137;sem vítima;124;BR-040/RJ;Norte;Colisão Lateral;1;;1;;;;;;;;2;;;;
17/11/2010;14:42:00;2158;sem vítima;124;BR-040/RJ;Sul;Colisão Lateral;1;;1;;;;;;;;2;;;;
17/11/2010;21:19:00;2204;sem vítima;124;BR-040/RJ;Sul;Colisão Lateral;1;;1;;;;;;;;2;;;;
17/11/2010;18:52:00;2190;sem vítima;125;BR-040/RJ;Sul;Tombamento;1;;;;;;;;;;2;;;;
18/11/2010;10:51:00;2259;com vítima;801;BR-040/MG;Sul;Capotamento;1;;;;;;;;;;0;;;1;
18/11/2010;16:04:00;2292;sem vítima;93;BR-040/RJ;Sul;Choque - Objeto Fixo;1;;;;;;;;;;1;;;;
18/11/2010;20:55:00;2337;com vítima;96;BR-040/RJ;Sul;Choque - Objeto Fixo;1;;;;;;;;;;0;2;;;
18/11/2010;21:18:00;2340;sem vítima;97;BR-040/RJ;Sul;Choque - Objeto Fixo;1;;;;;;;;;;1;;;;
18/11/2010;18:00:00;2313;com vítima;105;BR-040/RJ;Norte;Colisão Frontal;2;;;;;;;;;;1;1;;;
18/11/2010;21:28:00;2343;sem vítima;110;BR-040/RJ;Norte;Colisão Lateral;;;;;2;;;;;;2;;;;
18/11/2010;13:48:00;2276;sem vítima;113;BR-040/RJ;Sul;Colisão Lateral;1;;1;;;;;;;;2;;;;
19/11/2010;15:18:00;2429;sem vítima;24;BR-040/RJ;Sul;Colisão Lateral;;;2;;;;;;;;2;;;;
19/11/2010;09:21:00;2388;com vítima;52;BR-040/RJ;Norte;Tombamento;;;1;;;;;;;;0;;1;;
19/11/2010;12:00:00;2407;com vítima;103;BR-040/RJ;Sul;Colisão Frontal;1;1;;;;;;;;;0;1;;;1
19/11/2010;06:51:00;2376;sem vítima;120;BR-040/RJ;Sul;Colisão Frontal;1;;;;1;;;;;;2;;;;
19/11/2010;05:44:00;2370;sem vítima;122;BR-040/RJ;Norte;Colisão Traseira;;;;1;;1;;;;;2;;;;
19/11/2010;11:55:00;2406;sem vítima;124;BR-040/RJ;Sul;Colisão Traseira;;;2;;;;;;;;2;;;;
19/11/2010;18:44:00;2464;sem vítima;124;BR-040/RJ;Sul;Colisão Lateral;1;;1;;;;;;;;2;;;;
19/11/2010;14:09:00;2418;sem vítima;125;BR-040/RJ;Sul;Colisão Lateral;1;;1;;;;;;;;2;;;;
20/11/2010;08:07:00;2523;com vítima;73;BR-040/RJ;Sul;Colisão Traseira;1;;1;;;;;;;;1;4;1;;
20/11/2010;18:20:00;2621;com vítima;76;BR-040/RJ;Norte;Queda de Moto;;;;1;;;;;;;0;;1;;
20/11/2010;12:09:00;2563;com vítima;104;BR-040/RJ;Norte;Colisão Traseira;1;;1;;;;;;;;1;1;;;
20/11/2010;11:07:00;2547;sem vítima;115;BR-040/RJ;Norte;Colisão Traseira;1;;;;;1;;;;;2;;;;
20/11/2010;17:58:00;2616;com vítima;115;BR-040/RJ;Sul;Colisão Lateral;;;;1;;1;;;;;1;;;;1
20/11/2010;22:36:00;2649;com vítima;120;BR-040/RJ;Norte;Queda de Moto;;;;1;;;;;;;0;;1;;
20/11/2010;15:23:00;2590;com vítima;121;BR-040/RJ;Sul;Engavetamento;3;;;;;;;;;;2;;1;;
20/11/2010;21:31:00;2645;sem vítima;123;BR-040/RJ;Sul;Choque - Objeto Fixo;1;;;;;;;;;;1;;;;
21/11/2010;18:43:00;2752;com vítima;8;BR-040/RJ;Norte;Choque - Objeto Fixo;1;;;;;;;;;;1;;1;;
21/11/2010;17:09:00;2738;com vítima;21;BR-040/RJ;Norte;Tombamento;;;1;;;;;;;;0;1;;;
21/11/2010;01:44:00;2663;sem vítima;37;BR-040/RJ;Sul;Choque - Objeto Fixo;1;;;;;;;;;;1;;;;
21/11/2010;02:48:00;2667;com vítima;64;BR-040/RJ;Sul;Queda de Moto;;;;1;;;;;;;1;;1;;1
21/11/2010;11:00:00;2691;com vítima;73;BR-040/RJ;Sul;Queda de Moto;;;;1;;;;;;;1;;2;;
21/11/2010;11:55:00;2703;com vítima;74;BR-040/RJ;Norte;Queda de Moto;;;;1;;;;;;;0;;1;;
21/11/2010;16:39:00;2728;sem vítima;79;BR-040/RJ;Sul;Choque - Objeto Fixo;1;;;;;;;;;;1;;;;
21/11/2010;19:27:00;2763;com vítima;779;BR-040/MG;Sul;Choque - Objeto Fixo;1;;;;;;;;;;0;;2;;
21/11/2010;12:51:00;2707;com vítima;782;BR-040/MG;Norte;Queda de Moto;;;;1;;;;;;;0;;1;;
21/11/2010;16:55:00;2737;com vítima;783;BR-040/MG;Norte;Choque - Objeto Fixo;;;1;;;;;;;;0;1;;;
21/11/2010;16:04:00;2725;sem vítima;790;BR-040/MG;Norte;Choque - Objeto Fixo;1;;;;;;;;;;1;;;;
21/11/2010;15:46:00;2720;sem vítima;809;BR-040/MG;Norte;Choque - Objeto Fixo;1;;;;;;;;;;1;;;;
21/11/2010;17:49:00;2745;sem vítima;92;BR-040/RJ;Sul;Choque - Objeto Fixo;1;;;;;;;;;;1;;;;
21/11/2010;16:44:00;2731;sem vítima;93;BR-040/RJ;Norte;Choque - Objeto Fixo;1;;;;;;;;;;1;;;;
21/11/2010;06:10:00;2672;sem vítima;118;BR-040/RJ;Sul;Colisão Traseira;2;;;;;;;;;;2;;;;
21/11/2010;11:51:00;2702;sem vítima;118;BR-040/RJ;Norte;Colisão Traseira;2;;;;;;;;;;2;;;;
22/11/2010;06:44:00;2805;com vítima;2;BR-040/RJ;Norte;Choque - Objeto Fixo;1;;;;;;;;;;0;2;;;
22/11/2010;12:23:00;2841;sem vítima;52;BR-040/RJ;Norte;Choque - Objeto Fixo;1;;;;;;;;;;1;;;;
22/11/2010;13:01:00;2844;sem vítima;60;BR-040/RJ;Sul;Colisão Lateral;1;;1;;;;;;;;2;;;;
22/11/2010;09:40:00;2823;sem vítima;68;BR-040/RJ;Norte;Choque - Objeto Fixo;1;;;;;;;;;;1;;;;
22/11/2010;21:28:00;2899;com vítima;92;BR-040/RJ;Sul;Choque - Objeto Fixo;1;;;;;;;;;;0;3;;;
22/11/2010;06:33:00;2803;sem vítima;101;BR-040/RJ;Norte;Choque - Objeto Fixo;1;;;;;;;;;;1;;;;
22/11/2010;22:50:00;2905;com vítima;105;BR-040/RJ;Sul;Atropelamento - Pedestre;1;;;;;;;;;;1;;;1;
22/11/2010;14:05:00;2847;sem vítima;112;BR-040/RJ;Sul;Colisão Traseira;2;;;;;;;;;;2;;;;
22/11/2010;22:46:00;2904;sem vítima;112;BR-040/RJ;Sul;Choque - Objeto Fixo;1;;;;;;;;;;1;;;;
22/11/2010;21:14:00;2896;sem vítima;114;BR-040/RJ;Sul;Choque - Objeto Fixo;1;;;;;;;;;;1;;;;
22/11/2010;21:20:00;2900;sem vítima;114;BR-040/RJ;Sul;Capotamento;1;;;;;;;;;;1;;;;
22/11/2010;05:45:00;2800;com vítima;122;BR-040/RJ;Sul;Colisão Traseira;1;;1;;;;;;;;1;;1;1;
22/11/2010;08:38:00;2816;sem vítima;124;BR-040/RJ;Sul;Colisão Lateral;1;;1;;;;;;;;2;;;;
23/11/2010;08:56:00;2943;sem vítima;6;BR-040/RJ;Sul;Colisão Lateral;;;2;;;;;;;;2;;;;
23/11/2010;01:38:00;2914;sem vítima;44;BR-040/RJ;Sul;Colisão Traseira;;;2;;;;;;;;2;;;;
23/11/2010;17:35:00;3009;com vítima;77;BR-040/RJ;Sul;Choque - Objeto Fixo;1;;;;;;;;;;0;1;;;
23/11/2010;14:11:00;2983;sem vítima;84;BR-040/RJ;Sul;Choque - Objeto Fixo;1;;;;;;;;;;1;;;;
23/11/2010;14:35:00;2985;com vítima;93;BR-040/RJ;Sul;Choque - Objeto Fixo;1;;;;;;;;;;0;1;;;
23/11/2010;20:30:00;3034;sem vítima;95;BR-040/RJ;Norte;Colisão Traseira;;;1;;1;;;;;;2;;;;
23/11/2010;11:02:00;2958;com vítima;100;BR-040/RJ;Norte;Tombamento;;;1;;;;;;;;0;;3;;
23/11/2010;21:15:00;3036;sem vítima;115;BR-040/RJ;Norte;Colisão Traseira;2;;;;;;;;;;2;;;;
23/11/2010;18:39:00;3020;sem vítima;116;BR-040/RJ;Norte;Colisão Traseira;2;;;;;;;;;;2;;;;
23/11/2010;20:59:00;3035;sem vítima;116;BR-040/RJ;Norte;Colisão Traseira;2;;;;;;;;;;2;;;;
23/11/2010;00:11:00;2909;sem vítima;120;BR-040/RJ;Sul;Choque - Objeto Fixo;1;;;;;;;;;;1;;;;
23/11/2010;08:10:00;2936;sem vítima;123;BR-040/RJ;Sul;Colisão Lateral;1;;1;;;;;;;;2;;;;
23/11/2010;11:50:00;2967;sem vítima;123;BR-040/RJ;Sul;Choque - Objeto Fixo;1;;;;;;;;;;1;;;;
23/11/2010;03:23:00;2916;sem vítima;124;BR-040/RJ;Sul;Capotamento;1;;;;;;;;;;1;;;;
24/11/2010;12:11:00;3095;com vítima;37;BR-040/RJ;Norte;Choque - Objeto Fixo;1;;;;;;;;;;0;1;;;
24/11/2010;18:11:00;3139;sem vítima;783;BR-040/MG;Norte;Choque - Objeto Fixo;1;;;;;;;;;;5;;;;
24/11/2010;09:11:00;3072;com vítima;91;BR-040/RJ;Sul;Choque - Objeto Fixo;1;;;;;;;;;;0;;1;;
24/11/2010;03:10:00;3053;com vítima;92;BR-040/RJ;Sul;Tombamento;;;1;;;;;;;;0;;;;1
24/11/2010;06:23:00;3058;sem vítima;110;BR-040/RJ;Sul;Colisão Traseira;;;2;;;;;;;;2;;;;
24/11/2010;13:49:00;3108;sem vítima;111;BR-040/RJ;Norte;Colisão Traseira;2;;;;;;;;;;2;;;;
24/11/2010;15:59:00;3120;sem vítima;118;BR-040/RJ;Sul;Colisão Traseira;2;;;;;;;;;;2;;;;
24/11/2010;08:49:00;3070;sem vítima;119;BR-040/RJ;Sul;Colisão Traseira;2;;;;;;;;;;2;;;;
24/11/2010;14:27:00;3111;com vítima;121;BR-040/RJ;Sul;Derrapagem;;;1;;;;;;;;0;1;1;;
25/11/2010;08:26:00;3183;sem vítima;19;BR-040/RJ;Norte;Choque - Objeto Fixo;1;;;;;;;;;;1;;;;
25/11/2010;11:55:00;3208;com vítima;82;BR-040/RJ;Norte;Queda de Moto;;;;1;;;;;;;0;1;;;
25/11/2010;15:27:00;3233;sem vítima;790;BR-040/MG;Norte;Choque - Objeto Fixo;1;;;;;;;;;;1;;;;
25/11/2010;07:00:00;3175;sem vítima;828;BR-040/MG;Sul;Choque - Objeto Fixo;1;;;;;;;;;;1;;;;
25/11/2010;08:28:00;3185;sem vítima;91;BR-040/RJ;Norte;Derrapagem;1;;;;;;;;;;1;;;;
25/11/2010;01:21:00;3161;sem vítima;92;BR-040/RJ;Norte;Choque - Objeto Fixo;1;;;;;;;;;;1;;;;
25/11/2010;09:27:00;3192;sem vítima;94;BR-040/RJ;Norte;Colisão Traseira;2;;;;;;;;;;2;;;;
25/11/2010;17:38:00;3253;sem vítima;96;BR-040/RJ;Norte;Colisão Lateral;1;;1;;;;;;;;2;;;;
25/11/2010;07:57:00;3179;sem vítima;112;BR-040/RJ;Sul;Colisão Traseira;2;;;;;;;;;;2;;;;
25/11/2010;01:04:00;3160;com vítima;113;BR-040/RJ;Sul;Capotamento;1;;;;;;;;;;3;;1;;
25/11/2010;18:50:00;3263;com vítima;113;BR-040/RJ;Norte;Choque - Objeto Fixo;1;;;;;;;;;;3;1;1;;
25/11/2010;06:43:00;3173;com vítima;123;BR-040/RJ;Sul;Colisão Lateral;1;;;1;;;;;;;1;;1;;
25/11/2010;19:05:00;3264;sem vítima;123;BR-040/RJ;Norte;Colisão Lateral;1;;1;;;;;;;;2;;;;
25/11/2010;01:32:00;3162;sem vítima;124;BR-040/RJ;Sul;Tombamento;;;1;;;;;;;;1;;;;
26/11/2010;16:00:00;3367;sem vítima;68;BR-040/RJ;Norte;Colisão Traseira;2;;;;;;;;;;2;;;;
26/11/2010;18:59:00;3387;sem vítima;84;BR-040/RJ;Sul;Choque - Objeto Fixo;1;;;;;;;;;;1;;;;
26/11/2010;15:03:00;3357;com vítima;783;BR-040/MG;Norte;Derrapagem;1;;;;;;;;;;0;1;;;
26/11/2010;16:12:00;3365;sem vítima;826;BR-040/MG;Norte;Derrapagem;1;;;;;;;;;;2;;;;
26/11/2010;17:47:00;3379;com vítima;94;BR-040/RJ;Sul;Queda de Moto;;;;1;;;;;;;0;1;1;;
26/11/2010;07:30:00;3304;sem vítima;96;BR-040/RJ;Norte;Choque - Objeto Fixo;1;;;;;;;;;;1;;;;
26/11/2010;05:49:00;3300;sem vítima;114;BR-040/RJ;Sul;Engavetamento;3;;;;;;;;;;3;;;;