data;horario;n_da_ocorrencia;tipo_de_ocorrencia;km;trecho;sentido;tipo_de_acidente;automovel;bicicleta;caminhao;moto;onibus;outros;tracao_animal;transporte_de_cargas_especiais;trator_maquinas;utilitarios;ilesos;levemente_feridos;moderadamente_feridos;gravemente_feridos;mortos
26/11/2010;04:39:00;3296;com vítima;117;BR-040/RJ;Sul;Choque - Objeto Fixo;1;;;;;;;;;;1;1;2;;
26/11/2010;20:48:00;3403;com vítima;120;BR-040/RJ;Sul;Atropelamento - Pedestre;1;;;;;;;;;;0;1;;;1
26/11/2010;05:42:00;3299;sem vítima;124;BR-040/RJ;Norte;Engavetamento;2;;;;;1;;;;;3;;;;
27/11/2010;11:20:00;3468;com vítima;73;BR-040/RJ;Sul;Choque - Objeto Fixo;1;;;;;;;;;;2;1;;;
27/11/2010;07:32:00;3437;sem vítima;799;BR-040/MG;Sul;Choque - Objeto Fixo;1;;;;;;;;;;1;;;;
27/11/2010;09:15:00;3446;sem vítima;104;BR-040/RJ;Sul;Colisão Traseira;2;;;;;;;;;;2;;;;
27/11/2010;01:05:00;3416;com vítima;108;BR-040/RJ;Sul;Queda de Moto;;;;1;;;;;;;0;;1;1;
27/11/2010;13:15:00;3481;com vítima;109;BR-040/RJ;Norte;Tombamento;;;1;;;;;;;;0;1;;;
27/11/2010;06:02:00;3428;com vítima;113;BR-040/RJ;Norte;Colisão Traseira;2;;;;;;;;;;1;1;;;
27/11/2010;03:51:00;3425;com vítima;121;BR-040/RJ;Sul;Choque - Objeto Fixo;;;;1;;;;;;;0;;1;;
27/11/2010;17:46:00;3517;sem vítima;123;BR-040/RJ;Norte;Colisão Traseira;1;;1;;;;;;;;2;;;;
28/11/2010;18:15:00;3647;com vítima;101;BR-040/RJ;Sul;Choque - Objeto Fixo;1;;;;;;;;;;0;2;;;
28/11/2010;14:59:00;3617;com vítima;115;BR-040/RJ;Sul;Engavetamento;3;;;;;;;;;;2;1;;;
29/11/2010;21:20:00;3807;sem vítima;775;BR-040/MG;Norte;Atropelamento - Animal;1;;;;;;;;;;1;;;;
29/11/2010;16:22:00;3769;com vítima;96;BR-040/RJ;Norte;Tombamento;;;1;;;;;;;;0;;1;;
29/11/2010;14:31:00;3753;sem vítima;109;BR-040/RJ;Norte;Tombamento;;;1;;;;;;;;2;;;;
29/11/2010;04:42:00;3684;sem vítima;124;BR-040/RJ;Sul;Colisão Traseira;2;;;;;;;;;;2;;;;
30/11/2010;16:47:00;3920;sem vítima;0;BR-040/RJ;Sul;Choque - Objeto Fixo;1;;;;;;;;;;1;;;;
30/11/2010;15:08:00;3904;com vítima;39;BR-040/RJ;Sul;Colisão Lateral;1;;1;;;;;;;;3;1;;;
30/11/2010;19:23:00;3946;sem vítima;57;BR-040/RJ;Sul;Choque - Objeto Fixo;1;;;;;;;;;;1;;;;
30/11/2010;14:42:00;3898;sem vítima;784;BR-040/MG;Sul;Capotamento;1;;;;;;;;;;1;;;;
30/11/2010;18:19:00;3936;sem vítima;787;BR-040/MG;Sul;Choque - Objeto Fixo;;;1;;;;;;;;1;;;;
30/11/2010;17:43:00;3929;sem vítima;96;BR-040/RJ;Norte;Choque - Objeto Fixo;1;;;;;1;;;;;2;;;;
30/11/2010;21:48:00;3956;com vítima;110;BR-040/RJ;Sul;Capotamento;1;;;;;;;;;;0;1;;;
30/11/2010;09:26:00;3856;com vítima;123;BR-040/RJ;Sul;Atropelamento - Pedestre;1;;;;;;;;;;1;1;;;
30/11/2010;13:30:00;3888;sem vítima;123;BR-040/RJ;Norte;Engavetamento;3;;;;;;;;;;3;;;;
01/12/2010;06:00:00;16;sem vítima;53;BR-040/RJ;Sul;Choque - Objeto Fixo;1;;;;;;;;;;1;;;;
01/12/2010;00:39:00;3;com vítima;800;BR-040/MG;Sul;Choque - Objeto Fixo;;;1;;;;;;;;1;1;;;
01/12/2010;19:35:00;104;sem vítima;89;BR-040/RJ;Sul;Colisão Traseira;1;;1;;;;;;;;3;;;;
01/12/2010;16:28:00;82;com vítima;92;BR-040/RJ;Sul;Capotamento;1;;;;;;;;;;0;1;;;
01/12/2010;16:34:00;85;com vítima;92;BR-040/RJ;Sul;Capotamento;1;;;;;;;;;;0;1;;;
01/12/2010;21:17:00;116;sem vítima;93;BR-040/RJ;Sul;Derrapagem;1;;;;;;;;;;1;;;;
01/12/2010;15:24:00;75;sem vítima;97;BR-040/RJ;Sul;Choque - Objeto Fixo;;;1;;;;;;;;1;;;;
01/12/2010;17:56:00;89;com vítima;103;BR-040/RJ;Sul;Colisão Traseira;1;;;;;;1;;;;1;1;1;;
01/12/2010;09:13:00;31;com vítima;114;BR-040/RJ;Sul;Colisão Lateral;;;1;1;;;;;;;1;;;1;
01/12/2010;16:19:00;81;com vítima;114;BR-040/RJ;Norte;Colisão Traseira;1;;;1;;;;;;;1;1;;;
01/12/2010;20:03:00;107;sem vítima;119;BR-040/RJ;Sul;Colisão Lateral;1;;1;;;;;;;;2;;;;
01/12/2010;16:53:00;86;com vítima;120;BR-040/RJ;Sul;Choque - Objeto Fixo;;;1;;;;;;;;0;1;;;
01/12/2010;20:48:00;114;sem vítima;123;BR-040/RJ;Norte;Colisão Traseira;1;;1;;;;;;;;2;;;;
02/12/2010;00:48:00;132;sem vítima;16;BR-040/RJ;Norte;Atropelamento - Animal;;;1;;;;;;;;1;;;;
02/12/2010;15:20:00;214;sem vítima;21;BR-040/RJ;Sul;Choque - Objeto Fixo;1;;;;;;;;;;1;;;;
02/12/2010;07:03:00;145;sem vítima;80;BR-040/RJ;Norte;Colisão Lateral;1;;1;;;;;;;;2;;;;
02/12/2010;19:14:00;236;sem vítima;83;BR-040/RJ;Sul;Choque - Objeto Fixo;1;;;;;;;;;;1;;;;
02/12/2010;17:53:00;230;com vítima;800;BR-040/MG;Sul;Choque - Objeto Fixo;1;;;;;;;;;;4;1;;;
02/12/2010;08:28:00;151;sem vítima;812;BR-040/MG;Norte;Choque - Objeto Fixo;1;;;;;;;;;;2;;;;
02/12/2010;16:04:00;215;sem vítima;85;BR-040/RJ;Sul;Derrapagem;1;;;;;;;;;;1;;;;
02/12/2010;14:54:00;206;sem vítima;92;BR-040/RJ;Norte;Colisão Lateral;2;;;;;;;;;;2;;;;
02/12/2010;19:26:00;238;sem vítima;94;BR-040/RJ;Sul;Choque - Objeto Fixo;1;;;;;;;;;;1;;;;
02/12/2010;15:22:00;212;sem vítima;95;BR-040/RJ;Sul;Choque - Objeto Fixo;1;;;;;;;;;;1;;;;
02/12/2010;00:57:00;134;sem vítima;97;BR-040/RJ;Norte;Choque - Objeto Fixo;1;;;;;;;;;;1;;;;
02/12/2010;23:50:00;260;sem vítima;113;BR-040/RJ;Sul;Choque - Objeto Fixo;1;;;;;;;;;;1;;;;
02/12/2010;19:28:00;239;com vítima;118;BR-040/RJ;Sul;Tombamento;;;1;;;;;;;;0;;2;1;
02/12/2010;13:20:00;198;sem vítima;119;BR-040/RJ;Sul;Colisão Lateral;1;;1;;;;;;;;2;;;;
02/12/2010;09:52:00;168;sem vítima;121;BR-040/RJ;Norte;Colisão Lateral;1;;1;;;;;;;;2;;;;
02/12/2010;11:16:00;183;sem vítima;123;BR-040/RJ;Norte;Colisão Lateral;1;;1;;;;;;;;2;;;;
03/12/2010;08:59:00;298;sem vítima;22;BR-040/RJ;Sul;Colisão Traseira;1;;1;;;;;;;;2;;;;
03/12/2010;08:20:00;295;sem vítima;72;BR-040/RJ;Sul;Choque - Objeto Fixo;;;1;;;;;;;;1;;;;
03/12/2010;17:48:00;385;sem vítima;72;BR-040/RJ;Norte;Choque - Objeto Fixo;1;;;;;;;;;;1;;;;
03/12/2010;17:57:00;392;com vítima;72;BR-040/RJ;Norte;Capotamento;1;;;;;;;;;;0;;1;;
03/12/2010;09:41:00;306;sem vítima;75;BR-040/RJ;Sul;Colisão Lateral;2;;;;;;;;;;2;;;;
03/12/2010;05:03:00;272;sem vítima;781;BR-040/MG;Sul;Choque - Objeto Fixo;1;;;;;;;;;;1;;;;
03/12/2010;18:49:00;396;com vítima;799;BR-040/MG;Norte;Choque - Objeto Fixo;1;;;;;;;;;;2;1;;;
03/12/2010;18:51:00;398;com vítima;800;BR-040/MG;Sul;Capotamento;1;;;;;;;;;;0;3;;;
03/12/2010;21:46:00;428;com vítima;804;BR-040/MG;Norte;Colisão Traseira;1;;1;;;;;;;;0;3;1;1;
03/12/2010;07:18:00;285;sem vítima;94;BR-040/RJ;Sul;Choque - Objeto Fixo;1;;;;;;;;;;1;;;;
03/12/2010;06:28:00;281;sem vítima;105;BR-040/RJ;Norte;Choque - Objeto Fixo;1;;;;;;;;;;1;;;;
03/12/2010;17:46:00;383;sem vítima;111;BR-040/RJ;Norte;Colisão Lateral;1;;1;;;;;;;;2;;;;
03/12/2010;05:38:00;277;sem vítima;113;BR-040/RJ;Sul;Colisão Traseira;1;;1;;;;;;;;2;;;;
03/12/2010;13:03:00;339;com vítima;117;BR-040/RJ;Sul;Colisão Traseira;2;;;;;;;;;;1;;1;;
03/12/2010;15:18:00;357;sem vítima;118;BR-040/RJ;Sul;Colisão Lateral;1;;1;;;;;;;;2;;;;
03/12/2010;17:37:00;381;sem vítima;121;BR-040/RJ;Norte;Colisão Lateral;1;;1;;;;;;;;2;;;;
03/12/2010;16:04:00;365;sem vítima;123;BR-040/RJ;Sul;Colisão Lateral;1;;1;;;;;;;;2;;;;
03/12/2010;13:48:00;345;sem vítima;125;BR-040/RJ;Norte;Colisão Transversal;2;;2;;;;;;;;4;;;;
04/12/2010;15:53:00;559;sem vítima;30;BR-040/RJ;Sul;Capotamento;1;;;;;;;;;;4;;;;
04/12/2010;03:04:00;445;sem vítima;815;BR-040/MG;Norte;Choque - Objeto Fixo;1;;;;;;;;;;1;;;;
04/12/2010;04:42:00;451;sem vítima;96;BR-040/RJ;Norte;Choque - Objeto Fixo;;;1;;;;;;;;1;;;;
04/12/2010;21:46:00;604;sem vítima;107;BR-040/RJ;Norte;Engavetamento;3;;;;;;;;;;3;;;;
04/12/2010;11:13:00;518;com vítima;109;BR-040/RJ;Sul;Colisão Lateral;;;1;1;;;;;;;1;;;1;
04/12/2010;11:57:00;524;sem vítima;109;BR-040/RJ;Norte;Colisão Traseira;2;;;;;;;;;;2;;;;
04/12/2010;10:51:00;509;sem vítima;123;BR-040/RJ;Sul;Colisão Lateral;2;;;;;;;;;;2;;;;
05/12/2010;18:56:00;729;sem vítima;34;BR-040/RJ;Norte;Choque - Objeto Fixo;1;;;;;;;;;;1;;;;
05/12/2010;17:46:00;717;sem vítima;52;BR-040/RJ;Norte;Choque - Objeto Fixo;1;;;;;;;;;;1;;;;
05/12/2010;18:42:00;728;com vítima;65;BR-040/RJ;Sul;Choque - Objeto Fixo;2;;;;;;;;;;0;5;;;
05/12/2010;18:29:00;726;sem vítima;73;BR-040/RJ;Sul;Choque - Objeto Fixo;1;;;;;;;;;;1;;;;
05/12/2010;10:13:00;651;com vítima;75;BR-040/RJ;Sul;Queda de Moto;;;;1;;;;;;;0;;1;;
05/12/2010;16:19:00;701;sem vítima;78;BR-040/RJ;Sul;Choque - Objeto Fixo;1;;;;;;;;;;1;;;;
05/12/2010;17:44:00;716;com vítima;80;BR-040/RJ;Sul;Colisão Traseira;2;;;;;;;;;;0;6;;;
05/12/2010;17:55:00;721;com vítima;80;BR-040/RJ;Sul;Derrapagem;1;;;;;;;;;;0;2;;;
05/12/2010;08:29:00;639;com vítima;84;BR-040/RJ;Norte;Choque - Objeto Fixo;1;;;;;;;;;;0;1;;;
05/12/2010;15:02:00;686;sem vítima;806;BR-040/MG;Norte;Choque - Objeto Fixo;1;;;;;;;;;;1;;;;
05/12/2010;12:47:00;670;com vítima;811;BR-040/MG;Sul;Queda de Moto;;;;1;;;;;;;0;;2;;
05/12/2010;04:53:00;624;sem vítima;93;BR-040/RJ;Norte;Choque - Objeto Fixo;1;;;;;;;;;;1;;;;
05/12/2010;17:37:00;715;com vítima;93;BR-040/RJ;Sul;Choque - Objeto Fixo;1;;;;;;;;;;0;1;;;
05/12/2010;16:57:00;708;com vítima;101;BR-040/RJ;Sul;Capotamento;1;;;;;;;;;;0;2;;;
05/12/2010;22:04:00;752;sem vítima;104;BR-040/RJ;Norte;Choque - Objeto Fixo;;;;;1;;;;;;1;;;;
05/12/2010;06:03:00;630;com vítima;109;BR-040/RJ;Norte;Choque - Objeto Fixo;1;;;;;;;;;;0;;1;;
05/12/2010;20:37:00;741;com vítima;114;BR-040/RJ;Sul;Colisão Traseira;2;;;;;;;;;;1;1;;;
05/12/2010;14:18:00;680;com vítima;115;BR-040/RJ;Sul;Colisão Traseira;2;;;;;;;;;;1;1;;;
05/12/2010;18:21:00;725;sem vítima;119;BR-040/RJ;Norte;Choque - Objeto Fixo;1;;;;;;;;;;1;;;;
05/12/2010;22:51:00;763;sem vítima;119;BR-040/RJ;Norte;Choque - Objeto Fixo;1;;;;;;;;;;1;;;;
05/12/2010;00:37:00;619;sem vítima;121;BR-040/RJ;Sul;Colisão Traseira;2;;;;;;;;;;2;;;;
05/12/2010;20:07:00;738;sem vítima;121;BR-040/RJ;Norte;Colisão Traseira;1;;1;;;;;;;;2;;;;
05/12/2010;19:38:00;735;sem vítima;123;BR-040/RJ;Sul;Choque - Objeto Fixo;1;;;;;;;;;;1;;;;
05/12/2010;13:09:00;675;com vítima;125;BR-040/RJ;Norte;Capotamento;1;;;;;;;;;;0;3;2;;
05/12/2010;14:37:00;682;sem vítima;125;BR-040/RJ;Sul;Colisão Lateral;1;;1;;;;;;;;2;;;;
06/12/2010;05:00:00;803;com vítima;6;BR-040/RJ;Norte;Outros;1;;;;;;;;;;0;1;1;;
06/12/2010;04:43:00;801;sem vítima;52;BR-040/RJ;Norte;Colisão Lateral;1;;;;;;;;;;1;;;;
06/12/2010;23:17:00;934;sem vítima;68;BR-040/RJ;Norte;Capotamento;1;;;;;;;;;;1;;;;
06/12/2010;11:37:00;850;com vítima;80;BR-040/RJ;Sul;Capotamento;1;;;;;;;;;;0;;2;;
06/12/2010;18:10:00;905;sem vítima;80;BR-040/RJ;Sul;Choque - Objeto Fixo;1;;;;;;;;;;1;;;;
06/12/2010;07:25:00;811;com vítima;86;BR-040/RJ;Norte;Capotamento;1;;;;;;;;;;0;3;;;
06/12/2010;07:46:00;812;com vítima;88;BR-040/RJ;Norte;Capotamento;1;;;;;;;;;;0;1;;;
06/12/2010;18:41:00;909;com vítima;91;BR-040/RJ;Sul;Capotamento;1;;;;;;;;;;0;1;;;
06/12/2010;01:49:00;787;sem vítima;94;BR-040/RJ;Sul;Choque - Objeto Fixo;1;;;;;;;;;;1;;;;
06/12/2010;21:12:00;923;com vítima;107;BR-040/RJ;Norte;Derrapagem;1;;;;;;;;;;0;;1;;
06/12/2010;05:15:00;805;sem vítima;109;BR-040/RJ;Sul;Atropelamento - Animal;1;;;;;;;;;;1;;;;
06/12/2010;08:27:00;817;sem vítima;120;BR-040/RJ;Norte;Choque - Objeto Fixo;1;;;;;;;;;;1;;;;
07/12/2010;20:35:00;1064;com vítima;61;BR-040/RJ;Norte;Queda de Moto;;;;1;;;;;;;0;1;;;
07/12/2010;13:28:00;1012;com vítima;70;BR-040/RJ;Sul;Queda de Moto;;;;1;;;;;;;0;2;;;
07/12/2010;18:20:00;1047;sem vítima;793;BR-040/MG;Sul;Choque - Objeto Fixo;1;;;;;;;;;;1;;;;
08/12/2010;23:45:00;1232;sem vítima;50;BR-040/RJ;Norte;Queda de Moto;;;;1;;;;;;;1;;;;
08/12/2010;13:45:00;1144;com vítima;62;BR-040/RJ;Norte;Colisão Lateral;;;;1;;1;;;;;1;;1;;
08/12/2010;16:58:00;1169;com vítima;91;BR-040/RJ;Sul;Capotamento;1;;;;;;;;;;0;1;1;;
08/12/2010;17:10:00;1175;sem vítima;91;BR-040/RJ;Sul;Derrapagem;1;;;;;;;;;;1;;;;
08/12/2010;19:58:00;1203;sem vítima;96;BR-040/RJ;Norte;Choque - Objeto Fixo;1;;;;;;;;;;1;;;;
08/12/2010;22:37:00;1223;sem vítima;97;BR-040/RJ;Norte;Choque - Objeto Fixo;1;;;;;;;;;;1;;;;
08/12/2010;16:27:00;1165;sem vítima;117;BR-040/RJ;Norte;Colisão Traseira;1;;1;;;;;;;;2;;;;
08/12/2010;23:17:00;1231;sem vítima;119;BR-040/RJ;Sul;Colisão Lateral;1;;;;1;;;;;;2;;;;
08/12/2010;03:02:00;1087;com vítima;122;BR-040/RJ;Norte;Colisão Frontal;;;1;1;;;;;;;1;;;;1
08/12/2010;08:06:00;1098;sem vítima;124;BR-040/RJ;Sul;Colisão Lateral;1;;1;;;;;;;;2;;;;
09/12/2010;11:33:00;1299;sem vítima;84;BR-040/RJ;Norte;Colisão Lateral;1;;;;;1;;;;;2;;;;
09/12/2010;16:35:00;1350;sem vítima;84;BR-040/RJ;Sul;Choque - Objeto Fixo;1;;;;;;;;;;1;;;;
09/12/2010;23:06:00;1389;sem vítima;822;BR-040/MG;Norte;Colisão Traseira;1;;1;;;;;;;;2;;;;
09/12/2010;19:55:00;1382;sem vítima;93;BR-040/RJ;Sul;Choque - Objeto Fixo;1;;;;;;;;;;1;;;;
09/12/2010;05:52:00;1251;com vítima;95;BR-040/RJ;Sul;Tombamento;;;1;;;;;;;;0;1;;;
09/12/2010;08:37:00;1264;sem vítima;122;BR-040/RJ;Sul;Colisão Lateral;1;;1;;;;;;;;2;;;;
09/12/2010;10:29:00;1284;sem vítima;122;BR-040/RJ;Sul;Colisão Lateral;1;;1;;;;;;;;2;;;;
09/12/2010;07:39:00;1259;com vítima;123;BR-040/RJ;Sul;Colisão Lateral;1;;;1;;;;;;;1;2;;;
09/12/2010;18:59:00;1370;com vítima;123;BR-040/RJ;Norte;Engavetamento;2;;;;2;;;;;;3;3;;;
10/12/2010;01:47:00;1395;sem vítima;23;BR-040/RJ;Norte;Atropelamento - Animal;1;;;;;;;;;;1;;;;
10/12/2010;01:55:00;1396;sem vítima;77;BR-040/RJ;Norte;Choque - Objeto Fixo;1;;;;;;;;;;1;;;;
10/12/2010;12:05:00;1447;sem vítima;84;BR-040/RJ;Sul;Choque - Objeto Fixo;1;;;;;;;;;;1;;;;
10/12/2010;16:07:00;1477;sem vítima;85;BR-040/RJ;Sul;Choque - Objeto Fixo;;;1;;;;;;;;1;;;;
10/12/2010;07:19:00;1411;sem vítima;86;BR-040/RJ;Sul;Choque - Objeto Fixo;;;1;;;;;;;;1;;;;
10/12/2010;18:42:00;1506;sem vítima;91;BR-040/RJ;Norte;Choque - Objeto Fixo;1;;;;;;;;;;1;;;;
10/12/2010;17:10:00;1491;sem vítima;93;BR-040/RJ;Norte;Choque - Objeto Fixo;1;;;;;;;;;;1;;;;
10/12/2010;15:19:00;1470;sem vítima;111;BR-040/RJ;Sul;Choque - Objeto Fixo;1;;;;;;;;;;1;;;;
10/12/2010;06:06:00;1404;sem vítima;113;BR-040/RJ;Sul;Engavetamento;2;;;;;1;;;;;3;;;;
10/12/2010;05:24:00;1403;com vítima;114;BR-040/RJ;Sul;Colisão Traseira;2;;;;;;;;;;2;1;;;
10/12/2010;02:34:00;1400;sem vítima;116;BR-040/RJ;Sul;Outros;1;;;;;;;;;;1;;;;
10/12/2010;10:14:00;1431;sem vítima;119;BR-040/RJ;Norte;Engavetamento;4;;;;1;1;;;;;6;;;;
10/12/2010;14:07:00;1458;sem vítima;121;BR-040/RJ;Norte;Colisão Traseira;2;;;;;;;;;;2;;;;
10/12/2010;18:46:00;1507;sem vítima;124;BR-040/RJ;Sul;Colisão Traseira;1;;;;1;;;;;;2;;;;
10/12/2010;10:40:00;1434;sem vítima;125;BR-040/RJ;Norte;Engavetamento;4;;;;;;;;;;4;;;;
11/12/2010;00:28:00;1555;com vítima;64;BR-040/RJ;Norte;Queda de Moto;;;;1;;;;;;;0;;1;;
11/12/2010;22:38:00;1723;sem vítima;72;BR-040/RJ;Norte;Choque - Objeto Fixo;1;;;;;;;;;;1;;;;
11/12/2010;10:19:00;1602;com vítima;82;BR-040/RJ;Norte;Capotamento;2;;;;;;;;;;1;2;2;;
11/12/2010;01:48:00;1558;sem vítima;84;BR-040/RJ;Norte;Choque - Objeto Fixo;1;;;;;;;;;;1;;;;
11/12/2010;15:06:00;1652;sem vítima;84;BR-040/RJ;Sul;Choque - Objeto Fixo;1;;;;;;;;;;2;;;;
11/12/2010;03:11:00;1562;sem vítima;810;BR-040/MG;Norte;Choque - Objeto Fixo;;;1;;;;;;;;1;;;;
11/12/2010;16:56:00;1670;com vítima;92;BR-040/RJ;Norte;Choque - Objeto Fixo;1;;;;;;;;;;0;1;1;;
11/12/2010;15:18:00;1657;com vítima;101;BR-040/RJ;Norte;Colisão Frontal;2;;;;;;;;;;1;3;;;
11/12/2010;00:27:00;1554;sem vítima;112;BR-040/RJ;Norte;Choque - Objeto Fixo;1;;;;;;;;;;1;;;;
11/12/2010;14:33:00;1648;sem vítima;118;BR-040/RJ;Norte;Engavetamento;3;;;;;;;;;;3;;;;
11/12/2010;15:05:00;1655;sem vítima;118;BR-040/RJ;Norte;Colisão Traseira;1;;;;1;;;;;;2;;;;
11/12/2010;06:03:00;1568;sem vítima;122;BR-040/RJ;Sul;Choque - Objeto Fixo;1;;;;;;;;;;1;;;;
11/12/2010;22:55:00;1724;sem vítima;125;BR-040/RJ;Norte;Choque - Objeto Fixo;1;;;;;;;;;;1;;;;
12/12/2010;10:14:00;1760;com vítima;73;BR-040/RJ;Sul;Queda de Moto;;;;1;;;;;;;0;;1;;
12/12/2010;09:45:00;1753;com vítima;77;BR-040/RJ;Sul;Queda de Moto;;;;1;;;;;;;0;;1;;
12/12/2010;23:08:00;1865;sem vítima;84;BR-040/RJ;Sul;Choque - Objeto Fixo;1;;;;;;;;;;1;;;;
12/12/2010;18:28:00;1836;sem vítima;793;BR-040/MG;Sul;Choque - Objeto Fixo;1;;;;;;;;;;1;;;;
12/12/2010;16:05:00;1803;sem vítima;794;BR-040/MG;Sul;Choque - Objeto Fixo;1;;;;;;;;;;2;;;;
12/12/2010;16:32:00;1808;com vítima;794;BR-040/MG;Sul;Colisão Traseira;2;;;;;;;;;;1;3;;;
12/12/2010;05:31:00;1733;com vítima;114;BR-040/RJ;Sul;Choque - Objeto Fixo;1;;;;;;;;;;0;;1;;
12/12/2010;06:00:00;1735;sem vítima;114;BR-040/RJ;Sul;Derrapagem;1;;;;;;;;;;1;;;;
12/12/2010;10:40:00;1765;com vítima;122;BR-040/RJ;Sul;Engavetamento;1;;2;;;;;;;;2;1;1;;
12/12/2010;10:48:00;1767;com vítima;123;BR-040/RJ;Sul;Queda de Moto;;;;1;;;;;;;0;1;1;;
13/12/2010;17:35:00;1998;com vítima;34;BR-040/RJ;Norte;Capotamento;1;;;;;;;;;;0;1;;;
13/12/2010;17:20:00;1993;sem vítima;822;BR-040/MG;Norte;Choque - Objeto Fixo;1;;;;;;;;;;1;;;;
13/12/2010;21:32:00;2027;com vítima;826;BR-040/MG;Sul;Choque - Objeto Fixo;1;;;;;;;;;;2;1;;;
13/12/2010;07:28:00;1899;sem vítima;86;BR-040/RJ;Norte;Choque - Objeto Fixo;1;;;;;;;;;;1;;;;
13/12/2010;22:00:00;2032;com vítima;107;BR-040/RJ;Norte;Colisão Traseira;1;;1;;;;;;;;1;1;;;
13/12/2010;06:24:00;1891;sem vítima;111;BR-040/RJ;Norte;Colisão Lateral;1;;;;1;;;;;;2;;;;
13/12/2010;20:46:00;2025;sem vítima;119;BR-040/RJ;Sul;Colisão Lateral;2;;;;;;;;;;2;;;;
13/12/2010;15:02:00;1970;sem vítima;123;BR-040/RJ;Sul;Colisão Traseira;1;;;;1;;;;;;2;;;;
13/12/2010;14:50:00;1967;sem vítima;124;BR-040/RJ;Norte;Colisão Lateral;1;;1;;;;;;;;2;;;;
14/12/2010;14:19:00;2106;sem vítima;0;BR-040/RJ;Norte;Choque - Objeto Fixo;1;;;;;;;;;;1;;;;
14/12/2010;14:51:00;2114;sem vítima;22;BR-040/RJ;Norte;Choque - Objeto Fixo;1;;;;;;;;;;1;;;;
14/12/2010;01:13:00;2042;sem vítima;24;BR-040/RJ;Norte;Derrapagem;1;;;;;;;;;;1;;;;
14/12/2010;19:00:00;2148;com vítima;34;BR-040/RJ;Norte;Choque - Objeto Fixo;1;;;;;;;;;;0;1;;;
14/12/2010;16:27:00;2129;sem vítima;72;BR-040/RJ;Sul;Choque - Objeto Fixo;1;;;;;;;;;;1;;;;
14/12/2010;18:35:00;2145;sem vítima;73;BR-040/RJ;Sul;Choque - Objeto Fixo;1;;;;;;;;;;1;;;;
14/12/2010;12:23:00;2093;com vítima;797;BR-040/MG;Norte;Choque - Objeto Fixo;1;;;;;;;;;;0;;1;;
14/12/2010;16:30:00;2131;com vítima;92;BR-040/RJ;Norte;Capotamento;1;;;;;;;;;;0;1;;;
14/12/2010;17:20:00;2135;sem vítima;94;BR-040/RJ;Sul;Choque - Objeto Fixo;;;1;;;;;;;;1;;;;
14/12/2010;14:48:00;2112;sem vítima;104;BR-040/RJ;Sul;Colisão Traseira;1;;1;;;;;;;;2;;;;
14/12/2010;17:25:00;2136;com vítima;109;BR-040/RJ;Norte;Colisão Lateral;1;;1;;;;;;;;1;1;;;
14/12/2010;17:14:00;2134;com vítima;110;BR-040/RJ;Norte;Choque - Objeto Fixo;1;;;;;;;;;;0;;1;;
14/12/2010;12:44:00;2094;com vítima;119;BR-040/RJ;Sul;Atropelamento - Pedestre;1;;;;;;;;;;1;;1;;
14/12/2010;07:43:00;2058;sem vítima;120;BR-040/RJ;Sul;Choque - Objeto Fixo;1;;;;;;;;;;1;;;;
14/12/2010;06:29:00;2051;sem vítima;123;BR-040/RJ;Norte;Capotamento;1;;;;;;;;;;1;;;;
14/12/2010;22:25:00;2159;com vítima;125;BR-040/RJ;Sul;Choque - Objeto Fixo;;;;;1;;;;;;0;1;;;
15/12/2010;08:41:00;2191;sem vítima;2;BR-040/RJ;Sul;Choque - Objeto Fixo;1;;;;;;;;;;2;;;;
15/12/2010;18:00:00;2269;com vítima;5;BR-040/RJ;Sul;Capotamento;1;;;;;;;;;;0;1;;;
15/12/2010;15:19:00;2243;sem vítima;11;BR-040/RJ;Sul;Choque - Objeto Fixo;1;;;;;;;;;;1;;;;
15/12/2010;16:00:00;2248;sem vítima;59;BR-040/RJ;Norte;Choque - Objeto Fixo;1;;;;;;;;;;1;;;;
15/12/2010;16:45:00;2257;sem vítima;61;BR-040/RJ;Norte;Choque - Objeto Fixo;1;;;;;;;;;;1;;;;
15/12/2010;04:44:00;2172;com vítima;77;BR-040/RJ;Sul;Choque - Objeto Fixo;1;;;;;;;;;;0;;1;;
15/12/2010;19:32:00;2288;sem vítima;82;BR-040/RJ;Norte;Colisão Lateral;1;;1;;;;;;;;2;;;;
15/12/2010;06:26:00;2176;sem vítima;84;BR-040/RJ;Sul;Colisão Traseira;1;;1;;;;;;;;2;;;;
15/12/2010;21:07:00;2298;sem vítima;84;BR-040/RJ;Sul;Choque - Objeto Fixo;1;;;;;;;;;;1;;;;
15/12/2010;18:32:00;2275;com vítima;783;BR-040/MG;Norte;Tombamento;;;1;;;;;;;;0;1;;;
15/12/2010;17:40:00;2264;sem vítima;793;BR-040/MG;Sul;Choque - Objeto Fixo;1;;;;;;;;;;1;;;;
15/12/2010;18:18:00;2271;com vítima;85;BR-040/RJ;Norte;Choque - Objeto Fixo;1;;;;;;;;;;0;1;;;
15/12/2010;10:53:00;2212;sem vítima;87;BR-040/RJ;Sul;Choque - Objeto Fixo;1;;;;;;;;;;1;;;;
15/12/2010;14:20:00;2238;com vítima;92;BR-040/RJ;Sul;Choque - Objeto Fixo;1;;;;;;;;;;0;;1;;