data;horario;n_da_ocorrencia;tipo_de_ocorrencia;km;trecho;sentido;tipo_de_acidente;automovel;bicicleta;caminhao;moto;onibus;outros;tracao_animal;transporte_de_cargas_especiais;trator_maquinas;utilitarios;ilesos;levemente_feridos;moderadamente_feridos;gravemente_feridos;mortos
15/12/2010;19:33:00;2289;sem vítima;98;BR-040/RJ;Sul;Choque - Objeto Fixo;1;;;;;;;;;;1;;;;
15/12/2010;16:02:00;2249;sem vítima;101;BR-040/RJ;Sul;Colisão Lateral;2;;;;;;;;;;2;;;;
15/12/2010;17:25:00;2266;sem vítima;104;BR-040/RJ;Norte;Colisão Traseira;1;;1;;;;;;;;2;;;;
15/12/2010;12:54:00;2228;sem vítima;119;BR-040/RJ;Sul;Colisão Lateral;2;;;;;;;;;;2;;;;
15/12/2010;04:51:00;2173;sem vítima;120;BR-040/RJ;Sul;Colisão Traseira;1;;1;;;;;;;;2;;;;
15/12/2010;07:50:00;2183;sem vítima;120;BR-040/RJ;Sul;Colisão Traseira;2;;;;;;;;;;2;;;;
15/12/2010;18:36:00;2276;sem vítima;121;BR-040/RJ;Sul;Colisão Lateral;1;;1;;;;;;;;2;;;;
15/12/2010;05:50:00;2171;sem vítima;123;BR-040/RJ;Sul;Colisão Lateral;1;;1;;;;;;;;2;;;;
15/12/2010;07:06:00;2179;com vítima;123;BR-040/RJ;Sul;Colisão Lateral;;;1;1;;;;;;;1;;1;;
15/12/2010;10:51:00;2211;sem vítima;124;BR-040/RJ;Sul;Engavetamento;2;;;;;1;;;;;3;;;;
15/12/2010;17:19:00;2260;com vítima;125;BR-040/RJ;Sul;Colisão Traseira;;;1;;;;;;;;0;1;;;
16/12/2010;15:23:00;2398;com vítima;43;BR-040/RJ;Sul;Colisão Lateral;1;;1;;;;;;;;1;1;;;
16/12/2010;02:05:00;2319;com vítima;789;BR-040/MG;Norte;Choque - Objeto Fixo;1;;;;;;;;;;0;2;;;
16/12/2010;12:05:00;2371;sem vítima;88;BR-040/RJ;Sul;Colisão Traseira;;;2;;;;;;;;2;;;;
16/12/2010;10:27:00;2358;com vítima;94;BR-040/RJ;Norte;Choque - Objeto Fixo;1;;;;;;;;;;0;1;;;
16/12/2010;09:02:00;2342;sem vítima;111;BR-040/RJ;Norte;Colisão Frontal;1;;;;1;;;;;;2;;;;
16/12/2010;15:24:00;2399;com vítima;112;BR-040/RJ;Norte;Engavetamento;;;3;;;;;;;;2;;;1;
16/12/2010;16:45:00;2409;sem vítima;113;BR-040/RJ;Norte;Choque - Objeto Fixo;;;;;1;;;;;;1;;;;
16/12/2010;08:38:00;2339;sem vítima;114;BR-040/RJ;Norte;Colisão Traseira;2;;;;;;;;;;2;;;;
16/12/2010;09:28:00;2345;com vítima;114;BR-040/RJ;Norte;Engavetamento;3;;;;;;;;;;0;4;;;
16/12/2010;17:32:00;2420;sem vítima;114;BR-040/RJ;Sul;Colisão Traseira;;;1;;;1;;;;;2;;;;
16/12/2010;07:47:00;2332;sem vítima;120;BR-040/RJ;Sul;Colisão Traseira;;;2;;;;;;;;2;;;;
16/12/2010;00:46:00;2317;sem vítima;122;BR-040/RJ;Sul;Choque - Objeto Fixo;1;;;;;;;;;;1;;;;
16/12/2010;23:04:00;2466;sem vítima;124;BR-040/RJ;Sul;Choque - Objeto Fixo;1;;;;;;;;;;1;;;;
17/12/2010;23:17:00;2652;sem vítima;0;BR-040/RJ;Sul;Choque - Objeto Fixo;;;1;;;;;;;;1;;;;
17/12/2010;09:49:00;2510;com vítima;76;BR-040/RJ;Sul;Capotamento;1;;;;;;;;;;0;1;1;;
17/12/2010;21:54:00;2637;com vítima;780;BR-040/MG;Norte;Choque - Objeto Fixo;1;;;;;;;;;;0;;;;1
17/12/2010;14:33:00;2551;com vítima;95;BR-040/RJ;Sul;Colisão Lateral;1;;1;;;;;;;;1;;1;;
17/12/2010;17:29:00;2586;sem vítima;113;BR-040/RJ;Sul;Colisão Traseira;2;;;;;;;;;;2;;;;
17/12/2010;06:03:00;2484;sem vítima;117;BR-040/RJ;Sul;Colisão Traseira;1;;;;1;;;;;;2;;;;
17/12/2010;09:38:00;2509;sem vítima;117;BR-040/RJ;Norte;Colisão Lateral;;;2;;;;;;;;2;;;;
17/12/2010;21:26:00;2633;com vítima;118;BR-040/RJ;Norte;Colisão Traseira;2;;;;;;;;;;1;3;1;;
17/12/2010;20:58:00;2625;sem vítima;120;BR-040/RJ;Norte;Engavetamento;4;;;;;;;;;;4;;;;
17/12/2010;08:10:00;2497;sem vítima;122;BR-040/RJ;Sul;Colisão Traseira;;;1;;;;;;;;1;;;;
17/12/2010;23:42:00;2658;sem vítima;122;BR-040/RJ;Norte;Colisão Traseira;;;2;;;;;;;;2;;;;
17/12/2010;18:04:00;2595;sem vítima;123;BR-040/RJ;Sul;Colisão Lateral;1;;1;;;;;;;;2;;;;
18/12/2010;06:12:00;2684;com vítima;78;BR-040/RJ;Sul;Capotamento;1;;;;;;;;;;0;3;;;
18/12/2010;15:13:00;2765;sem vítima;78;BR-040/RJ;Sul;Choque - Objeto Fixo;1;;;;;;;;;;1;;;;
18/12/2010;15:20:00;2766;sem vítima;78;BR-040/RJ;Sul;Choque - Objeto Fixo;1;;;;;;;;;;1;;;;
18/12/2010;17:05:00;2792;com vítima;78;BR-040/RJ;Sul;Colisão Lateral;2;;;;;;;;;;2;1;1;;
18/12/2010;17:25:00;2794;sem vítima;78;BR-040/RJ;Norte;Choque - Objeto Fixo;;;1;;;;;;;;1;;;;
18/12/2010;17:17:00;2785;sem vítima;80;BR-040/RJ;Norte;Choque - Objeto Fixo;;;1;;;;;;;;1;;;;
18/12/2010;17:35:00;2787;sem vítima;787;BR-040/MG;Norte;Tombamento;;;1;;;;;;;;2;;;;
18/12/2010;12:35:00;2734;com vítima;795;BR-040/MG;Norte;Colisão Traseira;2;;;;;;;;;;0;3;1;;
18/12/2010;21:40:00;2815;com vítima;815;BR-040/MG;Sul;Capotamento;1;;;;;;;;;;1;1;;;
18/12/2010;17:57:00;2790;com vítima;828;BR-040/MG;Sul;Derrapagem;1;;;;;;;;;;0;;;1;1
18/12/2010;16:12:00;2773;sem vítima;92;BR-040/RJ;Sul;Choque - Objeto Fixo;1;;;;;;;;;;1;;;;
18/12/2010;23:18:00;2821;com vítima;98;BR-040/RJ;Sul;Engavetamento;3;;;;;;;;;;5;;1;;
18/12/2010;15:23:00;2769;com vítima;101;BR-040/RJ;Sul;Capotamento;1;;;;;;;;;;0;2;;;
18/12/2010;14:30:00;2761;sem vítima;104;BR-040/RJ;Norte;Colisão Traseira;1;;1;;;;;;;;3;;;;
18/12/2010;20:11:00;2806;com vítima;110;BR-040/RJ;Sul;Engavetamento;2;;1;;;;;;;;2;4;;;
18/12/2010;15:46:00;2770;com vítima;116;BR-040/RJ;Norte;Choque - Objeto Fixo;1;;;;;;;;;;0;2;;;
18/12/2010;13:54:00;2756;sem vítima;117;BR-040/RJ;Norte;Colisão Traseira;2;;;;;;;;;;2;;;;
18/12/2010;00:58:00;2668;sem vítima;124;BR-040/RJ;Sul;Choque - Objeto Fixo;1;;;;;;;;;;1;;;;
18/12/2010;02:40:00;2674;sem vítima;124;BR-040/RJ;Sul;Choque - Objeto Fixo;1;;;;;;;;;;1;;;;
19/12/2010;19:35:00;2966;sem vítima;71;BR-040/RJ;Sul;Choque - Objeto Fixo;1;;;;;1;;;;;2;;;;
19/12/2010;16:03:00;2930;com vítima;73;BR-040/RJ;Sul;Capotamento;1;;;;;;;;;;0;1;;;
19/12/2010;11:47:00;2890;com vítima;84;BR-040/RJ;Sul;Capotamento;1;;;;;;;;;;0;2;;;
19/12/2010;12:30:00;2898;sem vítima;84;BR-040/RJ;Sul;Choque - Objeto Fixo;1;;;;;;;;;;1;;;;
19/12/2010;15:50:00;2925;sem vítima;86;BR-040/RJ;Sul;Choque - Objeto Fixo;1;;;;;;;;;;1;;;;
19/12/2010;14:50:00;2919;com vítima;88;BR-040/RJ;Sul;Capotamento;1;;;;;;;;;;0;1;;;
19/12/2010;01:41:00;2841;sem vítima;90;BR-040/RJ;Norte;Queda de Moto;;;;1;;;;;;;1;;;;
19/12/2010;01:26:00;2837;sem vítima;119;BR-040/RJ;Norte;Choque - Objeto Fixo;1;;;;;;;;;;1;;;;
19/12/2010;17:42:00;2949;com vítima;120;BR-040/RJ;Sul;Choque - Objeto Fixo;1;;;;;;;;;;0;;4;;
19/12/2010;04:03:00;2847;sem vítima;121;BR-040/RJ;Norte;Colisão Frontal;2;;;;;;;;;;5;;;;
19/12/2010;15:13:00;2920;sem vítima;121;BR-040/RJ;Norte;Choque - Objeto Fixo;1;;;;;;;;;;1;;;;
19/12/2010;21:17:00;2979;sem vítima;124;BR-040/RJ;Sul;Colisão Traseira;2;;;;;;;;;;2;;;;
19/12/2010;20:44:00;2974;sem vítima;125;BR-040/RJ;Sul;Colisão Traseira;2;;;;;;;;;;2;;;;
20/12/2010;21:32:00;3133;sem vítima;77;BR-040/RJ;Norte;Choque - Objeto Fixo;1;;;;;;;;;;1;;;;
20/12/2010;22:05:00;3139;sem vítima;77;BR-040/RJ;Norte;Colisão Lateral;1;;;;;;;;;;1;;;;
20/12/2010;13:37:00;3058;sem vítima;798;BR-040/MG;Norte;Colisão Lateral;;;2;;;;;;;;2;;;;
20/12/2010;19:11:00;3113;sem vítima;87;BR-040/RJ;Sul;Choque - Objeto Fixo;1;;;;;;;;;;1;;;;
20/12/2010;08:22:00;3021;sem vítima;95;BR-040/RJ;Norte;Choque - Objeto Fixo;1;;;;;;;;;;1;;;;
20/12/2010;06:48:00;3011;sem vítima;123;BR-040/RJ;Sul;Colisão Lateral;2;;;;;;;;;;2;;;;
20/12/2010;09:26:00;3025;sem vítima;123;BR-040/RJ;Sul;Colisão Traseira;;;1;;;1;;;;;2;;;;
21/12/2010;04:27:00;3152;sem vítima;16;BR-040/RJ;Norte;Tombamento;1;;;;;;;;;;1;;;;
21/12/2010;06:06:00;3156;sem vítima;22;BR-040/RJ;Sul;Choque - Objeto Fixo;1;;;;;;;;;;3;;;;
21/12/2010;11:30:00;3206;sem vítima;72;BR-040/RJ;Sul;Choque - Objeto Fixo;1;;;;;;;;;;1;;;;
21/12/2010;12:45:00;3223;sem vítima;784;BR-040/MG;Norte;Colisão Traseira;2;;;;;;;;;;2;;;;
21/12/2010;16:55:00;3265;com vítima;812;BR-040/MG;Norte;Capotamento;1;;;;;;;;;;0;2;;;
21/12/2010;17:26:00;3267;sem vítima;85;BR-040/RJ;Sul;Choque - Objeto Fixo;1;;;;;;;;;;1;;;;
21/12/2010;14:46:00;3241;com vítima;102;BR-040/RJ;Sul;Queda de Moto;;;;1;;;;;;;0;;1;;
21/12/2010;12:55:00;3228;sem vítima;115;BR-040/RJ;Norte;Colisão Traseira;2;;;;;;;;;;2;;;;
21/12/2010;17:34:00;3268;com vítima;117;BR-040/RJ;Norte;Colisão Lateral;1;;1;;;;;;;;1;2;;;
21/12/2010;21:07:00;3305;sem vítima;124;BR-040/RJ;Sul;Colisão Lateral;1;;1;;;;;;;;2;;;;
21/12/2010;21:10:00;3306;sem vítima;124;BR-040/RJ;Sul;Colisão Lateral;1;;1;;;;;;;;2;;;;
21/12/2010;20:20:00;3301;sem vítima;125;BR-040/RJ;Sul;Tombamento;;;1;;;;;;;;1;;;;
22/12/2010;17:26:00;3448;com vítima;32;BR-040/RJ;Norte;Capotamento;1;;;;;;;;;;0;1;1;;
22/12/2010;15:30:00;3427;com vítima;84;BR-040/RJ;Sul;Queda de Moto;;;;1;;;;;;;0;;1;;
22/12/2010;18:15:00;3453;com vítima;828;BR-040/MG;Norte;Choque - Objeto Fixo;1;;;;;;;;;;1;1;;;
22/12/2010;08:42:00;3359;sem vítima;96;BR-040/RJ;Sul;Choque - Objeto Fixo;1;;;;;;;;;;1;;;;
22/12/2010;17:59:00;3449;sem vítima;109;BR-040/RJ;Norte;Colisão Traseira;2;;;;;;;;;;2;;;;
22/12/2010;21:16:00;3480;com vítima;111;BR-040/RJ;Norte;Atropelamento - Pedestre;;;;;;1;;;;;0;;1;;
22/12/2010;17:21:00;3447;sem vítima;116;BR-040/RJ;Norte;Colisão Traseira;2;;;;;;;;;;2;;;;
22/12/2010;20:25:00;3473;com vítima;117;BR-040/RJ;Sul;Choque - Objeto Fixo;;;1;;;;;;;;0;1;;;
22/12/2010;10:07:00;3374;sem vítima;124;BR-040/RJ;Sul;Colisão Lateral;1;;1;;;;;;;;2;;;;
22/12/2010;10:24:00;3377;sem vítima;124;BR-040/RJ;Sul;Colisão Lateral;1;;1;;;;;;;;2;;;;
23/12/2010;07:08:00;3522;com vítima;12;BR-040/RJ;Sul;Capotamento;1;;;;;;;;;;0;3;1;;
23/12/2010;06:05:00;3520;sem vítima;71;BR-040/RJ;Sul;Colisão Traseira;;;1;;;1;;;;;2;;;;
23/12/2010;09:46:00;3547;com vítima;84;BR-040/RJ;Sul;Capotamento;1;;;;;;;;;;0;1;;;
23/12/2010;16:16:00;3612;sem vítima;783;BR-040/MG;Norte;Choque - Objeto Fixo;1;;;;;;;;;;1;;;;
23/12/2010;16:40:00;3618;com vítima;796;BR-040/MG;Sul;Choque - Objeto Fixo;1;;;;;;;;;;0;1;;;
23/12/2010;22:06:00;3675;com vítima;799;BR-040/MG;Sul;Capotamento;1;;;;;;;;;;0;1;;;
23/12/2010;00:56:00;3492;sem vítima;85;BR-040/RJ;Sul;Choque - Objeto Fixo;1;;;;;;;;;;1;;;;
23/12/2010;11:00:00;3560;com vítima;92;BR-040/RJ;Sul;Capotamento;1;;;;;;;;;;0;1;;;
23/12/2010;21:21:00;3666;com vítima;92;BR-040/RJ;Sul;Tombamento;;;1;;;;;;;;0;1;;;
23/12/2010;20:03:00;3658;sem vítima;97;BR-040/RJ;Norte;Choque - Objeto Fixo;1;;;;;;;;;;1;;;;
23/12/2010;08:38:00;3537;sem vítima;112;BR-040/RJ;Norte;Colisão Traseira;2;;;;;;;;;;2;;;;
23/12/2010;18:32:00;3640;sem vítima;121;BR-040/RJ;Norte;Colisão Traseira;2;;;;;;;;;;2;;;;
23/12/2010;13:30:00;3584;sem vítima;124;BR-040/RJ;Sul;Engavetamento;2;;;;1;;;;;;3;;;;
24/12/2010;12:26:00;3758;sem vítima;22;BR-040/RJ;Sul;Choque - Objeto Fixo;1;;;;;;;;;;1;;;;
24/12/2010;15:11:00;3785;sem vítima;43;BR-040/RJ;Norte;Choque - Objeto Fixo;1;;;;;;;;;;2;;;;
24/12/2010;15:15:00;3793;sem vítima;43;BR-040/RJ;Norte;Choque - Objeto Fixo;1;;;;;;;;;;4;;;;
24/12/2010;14:16:00;3777;com vítima;48;BR-040/RJ;Sul;Choque - Objeto Fixo;1;;;;;;;;;;0;1;;;
24/12/2010;10:40:00;3744;sem vítima;73;BR-040/RJ;Sul;Choque - Objeto Fixo;1;;;;;;;;;;1;;;;
24/12/2010;19:10:00;3827;com vítima;73;BR-040/RJ;Sul;Choque - Objeto Fixo;1;;;;;;;;;;0;1;;;
24/12/2010;19:50:00;3832;sem vítima;78;BR-040/RJ;Sul;Choque - Objeto Fixo;1;;;;;;;;;;1;;;;
24/12/2010;18:10:00;3821;sem vítima;79;BR-040/RJ;Norte;Choque - Objeto Fixo;1;;;;;;;;;;1;;;;
24/12/2010;14:00:00;3773;sem vítima;84;BR-040/RJ;Sul;Choque - Objeto Fixo;1;;;;;;;;;;1;;;;
24/12/2010;15:43:00;3789;sem vítima;778;BR-040/MG;Sul;Choque - Objeto Fixo;1;;;;;;;;;;1;;;;
24/12/2010;20:52:00;3838;sem vítima;781;BR-040/MG;Norte;Colisão Lateral;2;;;;;;;;;;2;;;;
24/12/2010;17:37:00;3813;sem vítima;799;BR-040/MG;Norte;Choque - Objeto Fixo;1;;;;;;;;;;1;;;;
24/12/2010;17:37:00;3814;sem vítima;802;BR-040/MG;Sul;Choque - Objeto Fixo;1;;;;;;;;;;1;;;;
24/12/2010;17:03:00;3806;sem vítima;804;BR-040/MG;Sul;Choque - Objeto Fixo;1;;;;;;;;;;1;;;;
24/12/2010;08:10:00;3720;sem vítima;85;BR-040/RJ;Norte;Choque - Objeto Fixo;1;;;;;;;;;;1;;;;
24/12/2010;16:43:00;3801;sem vítima;88;BR-040/RJ;Norte;Choque - Objeto Fixo;1;;;;;;;;;;1;;;;
24/12/2010;07:51:00;3718;sem vítima;91;BR-040/RJ;Norte;Choque - Objeto Fixo;1;;;;;;;;;;1;;;;
24/12/2010;17:09:00;3811;sem vítima;92;BR-040/RJ;Sul;Choque - Objeto Fixo;1;;;;;;;;;;1;;;;
24/12/2010;09:35:00;3734;sem vítima;93;BR-040/RJ;Sul;Choque - Objeto Fixo;1;;;;;;;;;;1;;;;
24/12/2010;10:25:00;3738;sem vítima;93;BR-040/RJ;Norte;Colisão Lateral;1;;1;;;;;;;;2;;;;
24/12/2010;08:29:00;3724;sem vítima;96;BR-040/RJ;Norte;Choque - Objeto Fixo;1;;;;;;;;;;1;;;;
24/12/2010;12:26:00;3759;com vítima;99;BR-040/RJ;Norte;Choque - Objeto Fixo;1;;;;;;;;;;0;1;;;
24/12/2010;13:42:00;3769;com vítima;102;BR-040/RJ;Sul;Atropelamento de pedestre;;;;;;;;;;;0;1;;;
24/12/2010;09:52:00;3736;sem vítima;105;BR-040/RJ;Norte;Colisão Traseira;2;;;;;;;;;;2;;;;
24/12/2010;17:58:00;3816;sem vítima;105;BR-040/RJ;Norte;Colisão Traseira;2;;;;;;;;;;2;;;;
24/12/2010;08:26:00;3723;sem vítima;115;BR-040/RJ;Norte;Colisão Lateral;1;;1;;;;;;;;2;;;;
24/12/2010;19:34:00;3830;sem vítima;116;BR-040/RJ;Sul;Colisão Traseira;1;;;;;1;;;;;2;;;;
24/12/2010;19:46:00;3833;sem vítima;116;BR-040/RJ;Sul;Colisão Traseira;2;;;;;;;;;;2;;;;
24/12/2010;13:48:00;3774;sem vítima;119;BR-040/RJ;Sul;Colisão Frontal;2;;;;;;;;;;2;;;;
24/12/2010;16:47:00;3805;sem vítima;119;BR-040/RJ;Norte;Colisão Traseira;1;;1;;;;;;;;2;;;;
24/12/2010;08:12:00;3721;sem vítima;124;BR-040/RJ;Sul;Choque - Objeto Fixo;;;1;;;;;;;;1;;;;
25/12/2010;15:33:00;3910;sem vítima;84;BR-040/RJ;Sul;Choque - Objeto Fixo;1;;;;;;;;;;1;;;;
25/12/2010;16:55:00;3921;sem vítima;84;BR-040/RJ;Sul;Choque - Objeto Fixo;1;;;;;;;;;;1;;;;
25/12/2010;20:16:00;3942;sem vítima;783;BR-040/MG;Norte;Choque - Objeto Fixo;1;;;;;;;;;;2;;;;
25/12/2010;15:51:00;3913;com vítima;85;BR-040/RJ;Norte;Capotamento;1;;;;;;;;;;0;1;;;
25/12/2010;18:36:00;3932;com vítima;87;BR-040/RJ;Sul;Choque - Objeto Fixo;1;;;;;;;;;;0;2;;;
25/12/2010;13:23:00;3895;com vítima;101;BR-040/RJ;Sul;Choque - Objeto Fixo;1;;;;;;;;;;0;;2;;
25/12/2010;21:26:00;3948;sem vítima;102;BR-040/RJ;Norte;Choque - Objeto Fixo;1;;;;;;;;;;1;;;;
25/12/2010;19:21:00;3937;sem vítima;114;BR-040/RJ;Sul;Choque - Objeto Fixo;1;;;;;;;;;;1;;;;
25/12/2010;07:21:00;3869;sem vítima;116;BR-040/RJ;Sul;Derrapagem;1;;;;;;;;;;1;;;;
25/12/2010;04:52:00;3864;com vítima;119;BR-040/RJ;Sul;Queda de Moto;;;;1;;;;;;;0;;1;;
25/12/2010;20:50:00;3946;sem vítima;120;BR-040/RJ;Sul;Colisão Traseira;2;;;;;;;;;;2;;;;
25/12/2010;22:40:00;3954;sem vítima;121;BR-040/RJ;Norte;Colisão Traseira;2;;;;;;;;;;2;;;;
25/12/2010;16:21:00;3915;sem vítima;124;BR-040/RJ;Sul;Colisão Lateral;2;;;;;;;;;;2;;;;
26/12/2010;16:33:00;4063;sem vítima;10;BR-040/RJ;Norte;Choque - Objeto Fixo;1;;;;;;;;;;1;;;;
26/12/2010;06:38:00;3973;sem vítima;56;BR-040/RJ;Norte;Queda de Moto;;;;1;;;;;;;1;;;;
26/12/2010;21:09:00;4120;sem vítima;77;BR-040/RJ;Sul;Derrapagem;1;;;;;;;;;;1;;;;
26/12/2010;14:07:00;4033;com vítima;80;BR-040/RJ;Sul;Choque - Objeto Fixo;1;;;;;;;;;;0;;1;;
26/12/2010;19:10:00;4102;sem vítima;80;BR-040/RJ;Sul;Choque - Objeto Fixo;1;;;;;;;;;;1;;;;
26/12/2010;22:40:00;4130;sem vítima;779;BR-040/MG;Norte;Choque - Objeto Fixo;1;;;;;;;;;;1;;;;
26/12/2010;18:00:00;4085;sem vítima;788;BR-040/MG;Norte;Choque - Objeto Fixo;1;;;;;;;;;;1;;;;
26/12/2010;04:53:00;3970;sem vítima;794;BR-040/MG;Sul;Capotamento;1;;;;;;;;;;2;;;;
26/12/2010;17:37:00;4081;com vítima;800;BR-040/MG;Sul;Colisão Traseira;2;;;;;;;;;;3;;1;;
26/12/2010;14:52:00;4042;sem vítima;92;BR-040/RJ;Sul;Choque - Objeto Fixo;1;;;;;;;;;;1;;;;
26/12/2010;21:10:00;4121;sem vítima;92;BR-040/RJ;Sul;Choque - Objeto Fixo;1;;;;;;;;;;1;;;;
26/12/2010;11:43:00;3999;com vítima;94;BR-040/RJ;Sul;Capotamento;1;;;;;;;;;;0;1;3;;
26/12/2010;17:33:00;4080;sem vítima;94;BR-040/RJ;Sul;Choque - Objeto Fixo;1;;;;;;;;;;1;;;;
26/12/2010;18:19:00;4091;sem vítima;94;BR-040/RJ;Norte;Choque - Objeto Fixo;1;;;;;;;;;;1;;;;
26/12/2010;17:20:00;4075;sem vítima;97;BR-040/RJ;Sul;Choque - Objeto Fixo;1;;;;;;;;;;1;;;;
26/12/2010;18:15:00;4088;sem vítima;97;BR-040/RJ;Sul;Colisão Lateral;1;;;;;1;;;;;2;;;;
26/12/2010;18:55:00;4100;com vítima;100;BR-040/RJ;Norte;Colisão Frontal;2;;;;;;;;;;0;3;3;;
26/12/2010;21:53:00;4125;sem vítima;104;BR-040/RJ;Sul;Colisão Lateral;1;;1;;;;;;;;2;;;;
26/12/2010;19:48:00;4110;com vítima;106;BR-040/RJ;Sul;Colisão Traseira;2;;;;;;;;;;1;1;;;
26/12/2010;16:21:00;4060;sem vítima;110;BR-040/RJ;Sul;Engavetamento;3;;;;;;;;;;3;;;;
26/12/2010;17:31:00;4079;sem vítima;123;BR-040/RJ;Sul;Colisão Lateral;1;;;;;1;;;;;2;;;;
27/12/2010;18:57:00;4271;sem vítima;12;BR-040/RJ;Norte;Choque - Objeto Fixo;1;;;;;;;;;;1;;;;
27/12/2010;18:04:00;4259;sem vítima;65;BR-040/RJ;Sul;Colisão Frontal;2;;;;;;;;;;2;;;;
27/12/2010;22:21:00;4288;sem vítima;65;BR-040/RJ;Sul;Choque - Objeto Fixo;1;;;;;;;;;;1;;;;
27/12/2010;22:30:00;4294;sem vítima;65;BR-040/RJ;Sul;Colisão Traseira;2;;;;;;;;;;2;;;;
27/12/2010;02:55:00;4139;sem vítima;67;BR-040/RJ;Sul;Derrapagem;1;;;;;;;;;;1;;;;
27/12/2010;16:48:00;4242;com vítima;68;BR-040/RJ;Norte;Capotamento;1;;;;;;;;;;0;;1;;
27/12/2010;16:50:00;4243;sem vítima;69;BR-040/RJ;Norte;Choque - Objeto Fixo;1;;;;;;;;;;1;;;;
27/12/2010;17:25:00;4249;sem vítima;71;BR-040/RJ;Sul;Choque - Objeto Fixo;1;;;;;;;;;;1;;;;
27/12/2010;15:32:00;4233;com vítima;80;BR-040/RJ;Sul;Choque - Objeto Fixo;1;;;;;;;;;;0;2;;;
27/12/2010;09:24:00;4163;com vítima;84;BR-040/RJ;Sul;Choque - Objeto Fixo;1;;;;;;;;;;0;2;;;
27/12/2010;12:52:00;4205;sem vítima;780;BR-040/MG;Sul;Choque - Objeto Fixo;1;;;;;;;;;;1;;;;
27/12/2010;16:33:00;4239;sem vítima;801;BR-040/MG;Sul;Colisão Lateral;1;;1;;;;;;;;2;;;;
27/12/2010;19:36:00;4276;sem vítima;89;BR-040/RJ;Sul;Colisão Frontal;2;;;;;;;;;;2;;;;
27/12/2010;23:31:00;4297;sem vítima;93;BR-040/RJ;Sul;Derrapagem;1;;;;;;;;;;1;;;;
27/12/2010;00:32:00;4136;com vítima;94;BR-040/RJ;Sul;Tombamento;;;1;;;;;;;;0;;1;1;
27/12/2010;16:33:00;4240;sem vítima;111;BR-040/RJ;Sul;Derrapagem;;;;;1;;;;;;1;;;;
27/12/2010;23:30:00;4296;sem vítima;120;BR-040/RJ;Sul;Tombamento;;;1;;;;;;;;1;;;;
28/12/2010;17:16:00;4397;sem vítima;25;BR-040/RJ;Sul;Choque - Objeto Fixo;1;;;;;;;;;;1;;;;
28/12/2010;11:52:00;4349;com vítima;49;BR-040/RJ;Sul;Capotamento;1;;;;;;;;;;0;2;2;;
28/12/2010;14:11:00;4365;sem vítima;77;BR-040/RJ;Sul;Derrapagem;1;;;;;;;;;;1;;;;
28/12/2010;07:53:00;4322;sem vítima;85;BR-040/RJ;Norte;Choque - Objeto Fixo;1;;;;;;;;;;1;;;;
28/12/2010;15:35:00;4380;sem vítima;92;BR-040/RJ;Sul;Choque - Objeto Fixo;1;;;;;;;;;;1;;;;
28/12/2010;02:38:00;4309;sem vítima;97;BR-040/RJ;Sul;Choque - Objeto Fixo;;;;;1;;;;;;1;;;;
28/12/2010;02:24:00;4308;sem vítima;110;BR-040/RJ;Sul;Choque - Objeto Fixo;1;;;;;;;;;;1;;;;
28/12/2010;08:19:00;4329;sem vítima;115;BR-040/RJ;Sul;Outros;1;;;;;;;;;;1;;;;
28/12/2010;13:26:00;4359;com vítima;118;BR-040/RJ;Norte;Choque - Objeto Fixo;1;;;;;;;;;;0;;1;;
28/12/2010;20:09:00;4418;sem vítima;124;BR-040/RJ;Sul;Choque - Objeto Fixo;;;1;;;;;;;;1;;;;
28/12/2010;21:21:00;4427;com vítima;125;BR-040/RJ;Norte;Queda de Moto;;;;1;;;;;;;0;1;;;
29/12/2010;08:32:00;4465;com vítima;24;BR-040/RJ;Norte;Capotamento;1;;;;;;;;;;0;4;1;;
29/12/2010;12:30:00;4498;com vítima;84;BR-040/RJ;Sul;Capotamento;1;;;;;;;;;;0;1;;;
29/12/2010;11:19:00;4487;sem vítima;85;BR-040/RJ;Norte;Choque - Objeto Fixo;1;;;;;;;;;;1;;;;
29/12/2010;12:22:00;4496;sem vítima;87;BR-040/RJ;Norte;Choque - Objeto Fixo;;;1;;;;;;;;1;;;;
29/12/2010;07:36:00;4458;sem vítima;88;BR-040/RJ;Sul;Choque - Objeto Fixo;1;;;;;;;;;;1;;;;
29/12/2010;11:29:00;4489;sem vítima;111;BR-040/RJ;Sul;Colisão Lateral;1;;;;;1;;;;;2;;;;
29/12/2010;11:34:00;4490;com vítima;123;BR-040/RJ;Sul;Colisão Lateral;1;;;1;;;;;;;1;;1;;
30/12/2010;06:50:00;4613;sem vítima;16;BR-040/RJ;Norte;Choque - Objeto Fixo;1;;;;;;;;;;1;;;;
30/12/2010;17:32:00;4701;sem vítima;41;BR-040/RJ;Norte;Capotamento;1;;;;;;;;;;1;;;;
30/12/2010;08:51:00;4624;sem vítima;71;BR-040/RJ;Sul;Colisão Lateral;2;;;;;;;;;;2;;;;
30/12/2010;19:06:00;4712;sem vítima;778;BR-040/MG;Sul;Choque - Objeto Fixo;1;;;;;;;;;;1;;;;
30/12/2010;16:03:00;4685;com vítima;795;BR-040/MG;Sul;Choque - Objeto Fixo;;;;1;;;;;;;0;;2;;
30/12/2010;12:29:00;4654;sem vítima;92;BR-040/RJ;Sul;Choque - Objeto Fixo;1;;;;;;;;;;1;;;;