data;horario;n_da_ocorrencia;tipo_de_ocorrencia;km;trecho;sentido;tipo_de_acidente;automovel;bicicleta;caminhao;moto;onibus;outros;tracao_animal;transporte_de_cargas_especiais;trator_maquinas;utilitarios;ilesos;levemente_feridos;moderadamente_feridos;gravemente_feridos;mortos
17/01/2011;15:05:00;2490;sem vítima;780;BR-040/MG;Norte;Choque - Objeto Fixo;1;;;;;;;;;;1;;;;
17/01/2011;15:35:00;2502;com vítima;816;BR-040/MG;Norte;Colisão Traseira;2;;;;;;;;;;2;2;;;
17/01/2011;16:31:00;2504;sem vítima;824;BR-040/MG;Sul;Choque - Objeto Fixo;1;;;;;;;;;;1;;;;
17/01/2011;15:49:00;2499;sem vítima;94;BR-040/RJ;Sul;Choque - Objeto Fixo;1;;;;;;;;;;1;;;;
17/01/2011;15:50:00;2500;sem vítima;94;BR-040/RJ;Sul;Derrapagem;1;;;;;;;;;;1;;;;
17/01/2011;11:08:00;2450;sem vítima;109;BR-040/RJ;Norte;Choque - Objeto Fixo;1;;;;;;;;;;1;;;;
17/01/2011;14:00:00;2477;com vítima;110;BR-040/RJ;Sul;Colisão Traseira;;;;;2;;;;;;1;1;;;
17/01/2011;12:22:00;2460;sem vítima;113;BR-040/RJ;Norte;Colisão Traseira;2;;1;;;;;;;;3;;;;
17/01/2011;18:09:00;2522;sem vítima;114;BR-040/RJ;Sul;Colisão Traseira;2;;;;;;;;;;2;;;;
17/01/2011;19:20:00;2535;sem vítima;119;BR-040/RJ;Norte;Colisão Lateral;1;;;;1;;;;;;2;;;;
17/01/2011;14:52:00;2488;com vítima;121;BR-040/RJ;Sul;Colisão Lateral;2;;;;;;;;;;1;1;;;
18/01/2011;16:35:00;2658;sem vítima;90;BR-040/RJ;Sul;Choque - Objeto Fixo;1;;;;;;;;;;1;;;;
18/01/2011;17:02:00;2666;sem vítima;93;BR-040/RJ;Sul;Choque - Objeto Fixo;1;;;;;;;;;;1;;;;
18/01/2011;07:43:00;2587;sem vítima;98;BR-040/RJ;Sul;Colisão Traseira;2;;;;;;;;;;2;;;;
18/01/2011;19:49:00;2687;sem vítima;104;BR-040/RJ;Sul;Colisão Traseira;2;;;;;;;;;;2;;;;
18/01/2011;15:26:00;2647;sem vítima;111;BR-040/RJ;Sul;Engavetamento;2;;;;1;;;;;;3;;;;
18/01/2011;06:43:00;2583;sem vítima;114;BR-040/RJ;Sul;Queda de Moto;;;;1;;;;;;;1;;;;
18/01/2011;00:24:00;2561;com vítima;115;BR-040/RJ;Norte;Choque - Objeto Fixo;1;;;;;;;;;;0;2;;;
18/01/2011;01:50:00;2569;com vítima;115;BR-040/RJ;Norte;Choque - Objeto Fixo;1;;;;;;;;;;0;;;1;1
18/01/2011;18:52:00;2679;com vítima;117;BR-040/RJ;Sul;Atropelamento - Animal;2;;;;;;;;;;4;1;;;
18/01/2011;22:06:00;2698;sem vítima;122;BR-040/RJ;Norte;Colisão Lateral;1;;1;;;;;;;;2;;;;
18/01/2011;18:08:00;2673;sem vítima;123;BR-040/RJ;Sul;Colisão Traseira;1;;1;;;;;;;;2;;;;
19/01/2011;03:10:00;2715;sem vítima;45;BR-040/RJ;Sul;Colisão Traseira;;;2;;;;;;;;2;;;;
19/01/2011;22:16:00;2860;com vítima;65;BR-040/RJ;Sul;Capotamento;1;;;;;;;;;;0;2;;;
19/01/2011;05:48:00;2720;sem vítima;786;BR-040/MG;Sul;Choque - Objeto Fixo;;;1;;;;;;;;1;;;;
19/01/2011;18:18:00;2820;sem vítima;86;BR-040/RJ;Norte;Colisão Traseira;2;;;;;;;;;;2;;;;
19/01/2011;01:30:00;2711;sem vítima;122;BR-040/RJ;Sul;Choque - Objeto Fixo;;;1;;;;;;;;1;;;;
20/01/2011;12:24:00;2926;com vítima;43;BR-040/RJ;Norte;Atropelamento - Pedestre;1;;;;;;;;;;2;;;1;
20/01/2011;18:12:00;2991;com vítima;784;BR-040/MG;Norte;Tombamento;;;1;;;;;;;;0;1;;;
20/01/2011;03:18:00;2876;sem vítima;96;BR-040/RJ;Norte;Choque - Objeto Fixo;1;;;;;;;;;;1;;;;
20/01/2011;23:51:00;3027;com vítima;114;BR-040/RJ;Norte;Queda de Moto;;;;1;;;;;;;0;1;1;;
21/01/2011;14:33:00;3106;com vítima;43;BR-040/RJ;Norte;Colisão Frontal;2;;;;;;;;;;1;1;;;
21/01/2011;02:07:00;3033;sem vítima;79;BR-040/RJ;Norte;Choque - Objeto Fixo;1;;;;;;;;;;1;;;;
21/01/2011;18:27:00;3147;sem vítima;87;BR-040/RJ;Sul;Choque - Objeto Fixo;1;;;;;;;;;;1;;;;
21/01/2011;07:51:00;3054;sem vítima;105;BR-040/RJ;Norte;Colisão Traseira;1;;1;;;;;;;;2;;;;
21/01/2011;09:20:00;3061;sem vítima;109;BR-040/RJ;Sul;Colisão Traseira;1;;;;1;;;;;;2;;;;
21/01/2011;11:33:00;3077;sem vítima;109;BR-040/RJ;Norte;Colisão Traseira;2;;;;;;;;;;2;;;;
21/01/2011;19:41:00;3165;sem vítima;122;BR-040/RJ;Sul;Colisão Lateral;1;;;;1;;;;;;2;;;;
21/01/2011;00:13:00;3029;com vítima;123;BR-040/RJ;Norte;Atropelamento - Pedestre;;;;;;1;;;;;1;;1;;
22/01/2011;18:49:00;3304;sem vítima;6;BR-040/RJ;Sul;Colisão Traseira;2;;;;;;;;;;2;;;;
22/01/2011;06:04:00;3215;com vítima;10;BR-040/RJ;Norte;Choque - Objeto Fixo;1;;;;;;;;;;0;2;;;
22/01/2011;10:41:00;3239;com vítima;34;BR-040/RJ;Norte;Choque - Objeto Fixo;1;;;;;;;;;;0;;2;3;
22/01/2011;02:30:00;3202;com vítima;37;BR-040/RJ;Sul;Choque - Objeto Fixo;1;;;;;;;;;;0;2;;;
22/01/2011;15:51:00;3275;sem vítima;802;BR-040/MG;Sul;Choque - Objeto Fixo;1;;;;;;;;;;1;;;;
22/01/2011;17:49:00;3296;sem vítima;84;BR-040/RJ;Norte;Choque - Objeto Fixo;1;;;;;;;;;;1;;;;
22/01/2011;18:11:00;3298;sem vítima;85;BR-040/RJ;Norte;Choque - Objeto Fixo;1;;;;;;;;;;1;;;;
22/01/2011;20:52:00;3323;sem vítima;115;BR-040/RJ;Norte;Engavetamento;3;;;;;;;;;;3;;;;
23/01/2011;10:35:00;3372;com vítima;39;BR-040/RJ;Norte;Queda de Moto;;;;1;;;;;;;0;;1;;
23/01/2011;17:51:00;3442;sem vítima;794;BR-040/MG;Norte;Colisão Lateral;;1;1;;;;;;;;2;;;;
23/01/2011;06:32:00;3352;sem vítima;94;BR-040/RJ;Sul;Choque - Objeto Fixo;1;;;;;;;;;;1;;;;
23/01/2011;08:07:00;3359;com vítima;121;BR-040/RJ;Norte;Colisão Traseira;1;;;1;;;;;;;1;1;;;
23/01/2011;19:24:00;3456;sem vítima;121;BR-040/RJ;Norte;Colisão Lateral;;;;;2;;;;;;2;;;;
23/01/2011;06:45:00;3353;sem vítima;123;BR-040/RJ;Norte;Choque - Objeto Fixo;1;;;;;;;;;;1;;;;
24/01/2011;17:30:00;3598;sem vítima;71;BR-040/RJ;Sul;Choque - Objeto Fixo;1;;;;;;;;;;1;;;;
24/01/2011;13:57:00;3565;com vítima;92;BR-040/RJ;Sul;Capotamento;1;;;;;;;;;;0;3;;;
24/01/2011;09:20:00;3528;sem vítima;96;BR-040/RJ;Sul;Colisão Lateral;1;;1;;;;;;;;2;;;;
24/01/2011;15:48:00;3576;sem vítima;123;BR-040/RJ;Norte;Colisão Lateral;;;2;;;;;;;;2;;;;
25/01/2011;02:55:00;3628;sem vítima;80;BR-040/RJ;Norte;Choque - Objeto Fixo;1;;;;;;;;;;1;;;;
25/01/2011;04:02:00;3630;sem vítima;101;BR-040/RJ;Sul;Choque - Objeto Fixo;1;;;;;;;;;;1;;;;
25/01/2011;17:16:00;3713;sem vítima;104;BR-040/RJ;Sul;Colisão Traseira;2;;;;;;;;;;2;;;;
25/01/2011;10:19:00;3656;sem vítima;117;BR-040/RJ;Norte;Colisão Lateral;2;;;;;;;;;;2;;;;
26/01/2011;07:26:00;3762;sem vítima;43;BR-040/RJ;Sul;Colisão Lateral;1;;1;;;;;;;;2;;;;
26/01/2011;02:30:00;3754;sem vítima;82;BR-040/RJ;Sul;Choque - Objeto Fixo;1;;;;;;;;;;1;;;;
26/01/2011;01:01:00;3752;sem vítima;85;BR-040/RJ;Norte;Choque - Objeto Fixo;;;1;;;;;;;;1;;;;
26/01/2011;22:52:00;3884;sem vítima;109;BR-040/RJ;Sul;Colisão Lateral;2;;;;;;;;;;2;;;;
26/01/2011;14:37:00;3807;com vítima;111;BR-040/RJ;Sul;Colisão Traseira;1;;1;;;;;;;;1;;1;;
26/01/2011;19:24:00;3855;sem vítima;112;BR-040/RJ;Sul;Colisão Traseira;1;;1;;;;;;;;2;;;;
26/01/2011;20:22:00;3874;sem vítima;118;BR-040/RJ;Norte;Colisão Traseira;1;;1;;;;;;;;2;;;;
26/01/2011;21:44:00;3877;sem vítima;123;BR-040/RJ;Norte;Colisão Lateral;1;;1;;;;;;;;2;;;;
26/01/2011;06:58:00;3761;sem vítima;125;BR-040/RJ;Sul;Colisão Traseira;1;;1;;;;;;;;2;;;;
27/01/2011;15:29:00;3974;sem vítima;35;BR-040/RJ;Sul;Colisão Traseira;2;;;;;;;;;;4;;;;
27/01/2011;14:07:00;3965;com vítima;72;BR-040/RJ;Norte;Queda de Moto;;;;1;;;;;;;0;;1;;
27/01/2011;16:00:00;3983;sem vítima;73;BR-040/RJ;Sul;Choque - Objeto Fixo;1;;;;;;;;;;1;;;;
27/01/2011;12:53:00;3955;com vítima;81;BR-040/RJ;Norte;Choque - Objeto Fixo;1;;;;;;;;;;0;1;;;
27/01/2011;19:17:00;4015;com vítima;94;BR-040/RJ;Sul;Derrapagem;;;1;;;;;;;;0;;2;;
27/01/2011;10:51:00;3936;sem vítima;101;BR-040/RJ;Norte;Colisão Traseira;1;;1;;;;;;;;2;;;;
27/01/2011;20:30:00;4027;sem vítima;102;BR-040/RJ;Norte;Colisão Traseira;;;2;;;;;;;;2;;;;
27/01/2011;18:59:00;4012;sem vítima;119;BR-040/RJ;Sul;Colisão Lateral;1;;1;;;;;;;;2;;;;
28/01/2011;21:07:00;4198;com vítima;20;BR-040/RJ;Sul;Choque - Objeto Fixo;1;;;;;;;;;;1;1;1;;
28/01/2011;06:48:00;4059;sem vítima;43;BR-040/RJ;Sul;Colisão Lateral;1;;1;;;;;;;;3;;;;
28/01/2011;00:25:00;4041;sem vítima;44;BR-040/RJ;Sul;Colisão Traseira;;;2;;;;;;;;2;;;;
28/01/2011;09:08:00;4074;com vítima;784;BR-040/MG;Norte;Tombamento;;;1;;;;;;;;0;1;;;
28/01/2011;01:16:00;4047;sem vítima;111;BR-040/RJ;Norte;Derrapagem;1;;;;;;;;;;1;;;;
28/01/2011;17:32:00;4150;sem vítima;111;BR-040/RJ;Norte;Colisão Traseira;2;;;;;;;;;;2;;;;
28/01/2011;08:15:00;4064;sem vítima;115;BR-040/RJ;Sul;Capotamento;1;;;;;;;;;;1;;;;
28/01/2011;17:52:00;4157;com vítima;116;BR-040/RJ;Norte;Colisão Traseira;1;;;1;;;;;;;1;;2;;
28/01/2011;12:32:00;4096;sem vítima;117;BR-040/RJ;Sul;Engavetamento;3;;;;;;;;;;3;;;;
28/01/2011;20:40:00;4193;com vítima;120;BR-040/RJ;Norte;Engavetamento;3;;;;;1;;;;;3;;1;;
28/01/2011;00:24:00;4040;com vítima;124;BR-040/RJ;Sul;Choque - Objeto Fixo;1;;;;;;;;;;2;1;;;
28/01/2011;12:46:00;4101;sem vítima;124;BR-040/RJ;Norte;Engavetamento;4;;1;;;;;;;;5;;;;
29/01/2011;01:14:00;4224;sem vítima;792;BR-040/MG;Sul;Colisão Lateral;1;;1;;;;;;;;2;;;;
29/01/2011;14:17:00;4297;com vítima;94;BR-040/RJ;Sul;Tombamento;;;1;;;;;;;;0;1;;;
29/01/2011;20:50:00;4359;com vítima;115;BR-040/RJ;Norte;Colisão Lateral;2;;;;;;;;;;1;1;;;
29/01/2011;21:22:00;4365;com vítima;115;BR-040/RJ;Norte;Colisão Traseira;2;;1;;;;;;;;2;1;1;;
29/01/2011;12:45:00;4280;com vítima;123;BR-040/RJ;Norte;Choque - Objeto Fixo;;;1;;;;;;;;0;1;;;
29/01/2011;09:38:00;4255;sem vítima;124;BR-040/RJ;Norte;Choque - Objeto Fixo;1;;;;;;;;;;1;;;;
30/01/2011;12:42:00;4444;com vítima;43;BR-040/RJ;Norte;Colisão Lateral;1;;;1;;;;;;;1;;;1;
30/01/2011;13:36:00;4449;com vítima;73;BR-040/RJ;Sul;Capotamento;1;;;;;;;;;;0;;3;;
30/01/2011;15:45:00;4473;sem vítima;816;BR-040/MG;Norte;Engavetamento;2;;1;;;;;;;;3;;;;
30/01/2011;11:07:00;4434;sem vítima;96;BR-040/RJ;Norte;Choque - Objeto Fixo;1;;;;;;;;;;1;;;;
30/01/2011;18:41:00;4503;com vítima;104;BR-040/RJ;Sul;Capotamento;1;;;;;;;;;;0;4;;;
30/01/2011;01:40:00;4380;sem vítima;109;BR-040/RJ;Sul;Choque - Objeto Fixo;1;;;;;;;;;;1;;;;
30/01/2011;17:28:00;4493;sem vítima;113;BR-040/RJ;Sul;Colisão Traseira;2;;;;;;;;;;2;;;;
30/01/2011;02:53:00;4384;com vítima;122;BR-040/RJ;Norte;Colisão Traseira;1;;1;;;;;;;;1;1;;;
30/01/2011;10:50:00;4429;sem vítima;123;BR-040/RJ;Norte;Colisão Lateral;1;;1;;;;;;;;2;;;;
30/01/2011;12:00:00;4443;sem vítima;123;BR-040/RJ;Norte;Colisão Lateral;1;;1;;;;;;;;2;;;;
31/01/2011;11:20:00;4605;sem vítima;1;BR-040/RJ;Sul;Choque - Objeto Fixo;1;;;;;;;;;;1;;;;
31/01/2011;09:57:00;4592;com vítima;47;BR-040/RJ;Norte;Capotamento;1;;;;;;;;;;1;5;4;;
31/01/2011;04:22:00;4554;sem vítima;74;BR-040/RJ;Sul;Choque - Objeto Fixo;1;;;;;1;;;;;2;;;;
31/01/2011;06:15:00;4561;sem vítima;78;BR-040/RJ;Norte;Choque - Objeto Fixo;1;;;;;;;;;;1;;;;
31/01/2011;23:12:00;4681;sem vítima;82;BR-040/RJ;Norte;Choque - Objeto Fixo;1;;;;;;;;;;1;;;;
31/01/2011;05:08:00;4555;sem vítima;805;BR-040/MG;Norte;Choque - Objeto Fixo;1;;;;;;;;;;1;;;;
31/01/2011;14:16:00;4627;sem vítima;122;BR-040/RJ;Sul;Colisão Lateral;;;1;;1;;;;;;2;;;;
31/01/2011;07:55:00;4567;sem vítima;123;BR-040/RJ;Sul;Colisão Lateral;1;;1;;;;;;;;2;;;;
01/02/2011;08:28:00;26;sem vítima;23;BR-040/RJ;Norte;Choque - Objeto Fixo;1;;;;;;;;;;1;;;;
01/02/2011;17:09:00;88;sem vítima;32;BR-040/RJ;Sul;Choque - Objeto Fixo;1;;;;;;;;;;1;;;;
01/02/2011;18:35:00;101;sem vítima;32;BR-040/RJ;Sul;Choque - Objeto Fixo;1;;;;;;;;;;1;;;;
01/02/2011;13:24:00;60;sem vítima;43;BR-040/RJ;Norte;Colisão Traseira;1;;1;;;;;;;;2;;;;
01/02/2011;10:50:00;44;com vítima;84;BR-040/RJ;Sul;Queda de Moto;;;;1;;1;;;;;1;;1;;
01/02/2011;13:58:00;64;sem vítima;84;BR-040/RJ;Norte;Derrapagem;;;1;;;;;;;;1;;;;
01/02/2011;16:38:00;83;com vítima;90;BR-040/RJ;Sul;Capotamento;1;;;;;;;;;;0;1;2;;
01/02/2011;18:39:00;103;sem vítima;92;BR-040/RJ;Sul;Derrapagem;1;;;;;;;;;;1;;;;
01/02/2011;13:28:00;62;sem vítima;124;BR-040/RJ;Norte;Colisão Lateral;1;;1;;;;;;;;2;;;;
02/02/2011;07:07:00;147;com vítima;24;BR-040/RJ;Norte;Tombamento;;;1;;;;;;;;0;1;;;
02/02/2011;20:54:00;254;com vítima;86;BR-040/RJ;Norte;Queda de Moto;;;;1;;;;;;;0;1;;;
02/02/2011;15:52:00;214;sem vítima;124;BR-040/RJ;Sul;Colisão Traseira;1;;1;;;;;;;;2;;;;
02/02/2011;15:52:00;215;sem vítima;124;BR-040/RJ;Sul;Colisão Traseira;;;1;;1;;;;;;2;;;;
03/02/2011;11:56:00;308;com vítima;0;BR-040/RJ;Norte;Derrapagem;;;1;;;;;;;;0;1;;;
03/02/2011;06:54:00;287;sem vítima;810;BR-040/MG;Norte;Queda de Moto;;;;1;;;;;;;1;;;;
03/02/2011;11:21:00;306;sem vítima;89;BR-040/RJ;Norte;Choque - Objeto Fixo;1;;;;;;;;;;1;;;;
03/02/2011;06:18:00;285;sem vítima;110;BR-040/RJ;Sul;Colisão Traseira;;;1;;1;;;;;;2;;;;
03/02/2011;18:42:00;359;sem vítima;111;BR-040/RJ;Norte;Colisão Lateral;1;;;;1;;;;;;2;;;;
03/02/2011;17:19:00;349;com vítima;113;BR-040/RJ;Norte;Colisão Lateral;1;;;;;1;;;;;1;1;;;
03/02/2011;05:25:00;281;sem vítima;114;BR-040/RJ;Norte;Choque - Objeto Fixo;1;;;;;;;;;;1;;;;
03/02/2011;12:50:00;318;com vítima;115;BR-040/RJ;Norte;Choque - Objeto Fixo;1;;;;;;;;;;0;;1;;
03/02/2011;04:12:00;279;com vítima;122;BR-040/RJ;Sul;Atropelamento - Pedestre;;;;;;1;;;;;1;;;;1
03/02/2011;07:25:00;290;com vítima;123;BR-040/RJ;Sul;Colisão Lateral;;;1;1;;;;;;;1;;1;;
04/02/2011;17:27:00;482;com vítima;33;BR-040/RJ;Norte;Colisão Lateral;1;;;1;;;;;;;1;;;1;
04/02/2011;16:36:00;474;com vítima;65;BR-040/RJ;Sul;Colisão Transversal;1;;1;;;;;;;;1;;1;;
04/02/2011;17:17:00;491;sem vítima;65;BR-040/RJ;Sul;Colisão Lateral;1;;1;;;;;;;;2;;;;
04/02/2011;21:14:00;519;sem vítima;72;BR-040/RJ;Norte;Choque - Objeto Fixo;1;;;;;;;;;;1;;;;
04/02/2011;14:40:00;464;sem vítima;80;BR-040/RJ;Sul;Choque - Objeto Fixo;1;;;;;;;;;;1;;;;
04/02/2011;21:17:00;517;sem vítima;781;BR-040/MG;Norte;Choque - Objeto Fixo;1;;;;;;;;;;1;;;;
04/02/2011;15:57:00;470;sem vítima;88;BR-040/RJ;Norte;Colisão Traseira;2;;;;;;;;;;2;;;;
04/02/2011;23:02:00;533;com vítima;105;BR-040/RJ;Norte;Atropelamento - Pedestre;;;;;;1;;;;;1;;;1;
04/02/2011;13:28:00;451;sem vítima;114;BR-040/RJ;Norte;Engavetamento;2;;1;;;;;;;;3;;;;
04/02/2011;08:33:00;424;com vítima;115;BR-040/RJ;Norte;Choque - Objeto Fixo;1;;;;;;;;;;0;1;;;
04/02/2011;13:42:00;452;sem vítima;115;BR-040/RJ;Norte;Colisão Traseira;1;;;;;1;;;;;2;;;;
04/02/2011;20:28:00;511;sem vítima;117;BR-040/RJ;Norte;Colisão Traseira;1;;1;;;;;;;;2;;;;
04/02/2011;08:15:00;419;sem vítima;122;BR-040/RJ;Sul;Colisão Traseira;1;;1;;;;;;;;2;;;;
05/02/2011;14:59:00;617;com vítima;64;BR-040/RJ;Sul;Choque - Objeto Fixo;1;;;;;;;;;;0;;1;;
05/02/2011;05:28:00;553;sem vítima;67;BR-040/RJ;Norte;Capotamento;1;;;;;;;;;;4;;;;
05/02/2011;09:45:00;571;sem vítima;76;BR-040/RJ;Sul;Derrapagem;;;1;;;;;;;;1;;;;
05/02/2011;21:13:00;676;sem vítima;816;BR-040/MG;Norte;Colisão Traseira;1;;1;;;;;;;;2;;;;
05/02/2011;19:41:00;661;com vítima;98;BR-040/RJ;Sul;Capotamento;1;;;;;;;;;;0;;1;;
05/02/2011;22:22:00;681;sem vítima;104;BR-040/RJ;Norte;Colisão Lateral;1;;;1;;;;;;;2;;;;
05/02/2011;02:35:00;547;sem vítima;124;BR-040/RJ;Norte;Colisão Lateral;1;;1;;;;;;;;2;;;;
06/02/2011;14:55:00;782;sem vítima;28;BR-040/RJ;Sul;Choque - Objeto Fixo;1;;;;;;;;;;1;;;;
06/02/2011;11:54:00;743;com vítima;73;BR-040/RJ;Sul;Choque - Objeto Fixo;;;;1;;;;;;;0;;;;1
06/02/2011;14:30:00;774;sem vítima;803;BR-040/MG;Norte;Choque - Objeto Fixo;1;;;;;;;;;;1;;;;
06/02/2011;17:13:00;804;com vítima;98;BR-040/RJ;Sul;Atropelamento - Pedestre;1;1;;;;;;;;;1;;1;;
06/02/2011;19:10:00;823;sem vítima;109;BR-040/RJ;Norte;Choque - Objeto Fixo;1;;;;;;;;;;1;;;;
06/02/2011;17:35:00;810;sem vítima;112;BR-040/RJ;Sul;Colisão Traseira;2;;;;;;;;;;2;;;;
06/02/2011;06:32:00;711;sem vítima;115;BR-040/RJ;Norte;Choque - Objeto Fixo;1;;;;;;;;;;1;;;;
06/02/2011;16:33:00;799;com vítima;115;BR-040/RJ;Sul;Capotamento;4;;;;1;;;;;;2;9;;;
06/02/2011;12:45:00;756;com vítima;122;BR-040/RJ;Norte;Choque - Objeto Fixo;1;;;;;;;;;;0;;1;;
06/02/2011;04:52:00;707;sem vítima;124;BR-040/RJ;Sul;Choque - Objeto Fixo;1;;;;;;;;;;1;;;;
06/02/2011;11:21:00;739;sem vítima;124;BR-040/RJ;Norte;Colisão Traseira;2;;;;;1;;;;;3;;;;
07/02/2011;10:43:00;899;sem vítima;75;BR-040/RJ;Norte;Colisão Lateral;1;;1;;;;;;;;2;;;;
07/02/2011;10:09:00;896;sem vítima;80;BR-040/RJ;Norte;Capotamento;1;;;;;1;;;;;3;;;;
07/02/2011;16:09:00;944;sem vítima;94;BR-040/RJ;Sul;Choque - Objeto Fixo;1;;;;;;;;;;1;;;;
07/02/2011;16:37:00;951;sem vítima;97;BR-040/RJ;Sul;Choque - Objeto Fixo;1;;;;;;;;;;4;;;;
07/02/2011;17:06:00;954;sem vítima;97;BR-040/RJ;Sul;Choque - Objeto Fixo;1;;;;;;;;;;1;;;;
07/02/2011;08:15:00;880;sem vítima;113;BR-040/RJ;Norte;Capotamento;1;;;;;;;;;;1;;;;
07/02/2011;06:52:00;873;sem vítima;123;BR-040/RJ;Sul;Colisão Lateral;1;;;;1;;;;;;2;;;;
07/02/2011;07:15:00;875;sem vítima;123;BR-040/RJ;Sul;Colisão Lateral;1;;1;;;;;;;;2;;;;
07/02/2011;10:38:00;908;sem vítima;123;BR-040/RJ;Sul;Colisão Traseira;2;;;;;;;;;;2;;;;
07/02/2011;09:49:00;894;sem vítima;124;BR-040/RJ;Sul;Colisão Traseira;1;;1;;;;;;;;2;;;;
08/02/2011;11:32:00;1050;sem vítima;12;BR-040/RJ;Sul;Colisão Traseira;2;;;;;;;;;;2;;;;
08/02/2011;16:23:00;1085;com vítima;53;BR-040/RJ;Norte;Queda de Moto;;;;1;;;;;;;0;;1;;
08/02/2011;10:26:00;1043;sem vítima;69;BR-040/RJ;Sul;Choque - Objeto Fixo;1;;;;;;;;;;1;;;;
08/02/2011;01:42:00;998;com vítima;808;BR-040/MG;Sul;Capotamento;1;;;;;;;;;;0;1;;;
08/02/2011;12:13:00;1054;sem vítima;86;BR-040/RJ;Norte;Colisão Traseira;1;;;;;;;;;;1;;;;
08/02/2011;17:36:00;1102;sem vítima;91;BR-040/RJ;Norte;Colisão Traseira;2;;;;;;;;;;2;;;;
08/02/2011;08:02:00;1022;com vítima;103;BR-040/RJ;Norte;Colisão Traseira;2;;;;;;;;;;0;1;1;;
08/02/2011;07:31:00;1019;sem vítima;121;BR-040/RJ;Norte;Colisão Lateral;1;;1;;;;;;;;2;;;;
08/02/2011;12:05:00;1057;sem vítima;121;BR-040/RJ;Norte;Colisão Lateral;1;;1;;;;;;;;2;;;;
08/02/2011;06:23:00;1014;sem vítima;124;BR-040/RJ;Sul;Colisão Lateral;1;;;;1;;;;;;2;;;;
09/02/2011;18:11:00;1246;sem vítima;24;BR-040/RJ;Norte;Choque - Objeto Fixo;1;;;;;;;;;;1;;;;
09/02/2011;15:58:00;1225;com vítima;29;BR-040/RJ;Norte;Capotamento;1;;;;;;;;;;0;1;;;
09/02/2011;17:35:00;1242;com vítima;61;BR-040/RJ;Norte;Queda de Moto;;;;1;;;;;;;0;1;1;;
09/02/2011;16:20:00;1229;com vítima;82;BR-040/RJ;Sul;Colisão Traseira;2;;;;;;;;;;2;1;;;
09/02/2011;22:17:00;1279;sem vítima;780;BR-040/MG;Sul;Choque - Objeto Fixo;1;;;;;;;;;;1;;;;
09/02/2011;21:10:00;1272;sem vítima;783;BR-040/MG;Norte;Choque - Objeto Fixo;1;;;;;;;;;;1;;;;
09/02/2011;09:25:00;1181;sem vítima;93;BR-040/RJ;Norte;Choque - Objeto Fixo;1;;;;;;;;;;1;;;;
09/02/2011;07:49:00;1167;sem vítima;94;BR-040/RJ;Sul;Choque - Objeto Fixo;1;;;;;;;;;;1;;;;
09/02/2011;11:09:00;1192;com vítima;105;BR-040/RJ;Sul;Colisão Transversal;1;;;1;;;;;;;1;;1;;
09/02/2011;09:52:00;1183;sem vítima;110;BR-040/RJ;Norte;Engavetamento;3;;;;;;;;;;3;;;;
09/02/2011;17:44:00;1243;sem vítima;123;BR-040/RJ;Sul;Colisão Lateral;1;;1;;;;;;;;2;;;;
09/02/2011;15:41:00;1223;sem vítima;124;BR-040/RJ;Sul;Colisão Lateral;1;;1;;;;;;;;2;;;;
10/02/2011;18:42:00;1402;sem vítima;68;BR-040/RJ;Norte;Choque - Objeto Fixo;1;;;;;;;;;;1;;;;
10/02/2011;19:09:00;1406;sem vítima;71;BR-040/RJ;Norte;Derrapagem;1;;;;;;;;;;1;;;;
10/02/2011;19:02:00;1405;sem vítima;85;BR-040/RJ;Norte;Choque - Objeto Fixo;1;;;;;;;;;;1;;;;
10/02/2011;03:41:00;1297;sem vítima;88;BR-040/RJ;Sul;Colisão Traseira;;;2;;;;;;;;2;;;;
10/02/2011;19:32:00;1411;sem vítima;99;BR-040/RJ;Sul;Derrapagem;1;;;;;;;;;;1;;;;
10/02/2011;11:57:00;1345;sem vítima;106;BR-040/RJ;Norte;Colisão Lateral;2;;;;;;;;;;2;;;;
10/02/2011;07:53:00;1312;sem vítima;123;BR-040/RJ;Sul;Colisão Traseira;1;;;;1;;;;;;2;;;;
10/02/2011;13:08:00;1353;com vítima;123;BR-040/RJ;Norte;Choque - Objeto Fixo;1;;;;;;;;;;1;1;;;
11/02/2011;09:50:00;1479;sem vítima;57;BR-040/RJ;Sul;Choque - Objeto Fixo;1;;;;;;;;;;1;;;;
11/02/2011;11:44:00;1499;com vítima;78;BR-040/RJ;Sul;Capotamento;1;;;;;;;;;;0;;1;;
11/02/2011;16:33:00;1538;sem vítima;799;BR-040/MG;Norte;Choque - Objeto Fixo;1;;;;;;;;;;1;;;;
11/02/2011;18:14:00;1561;sem vítima;815;BR-040/MG;Sul;Choque - Objeto Fixo;1;;;;;;;;;;1;;;;
11/02/2011;09:51:00;1477;sem vítima;84;BR-040/RJ;Norte;Colisão Traseira;2;;;;;;;;;;2;;;;
11/02/2011;10:12:00;1482;sem vítima;84;BR-040/RJ;Sul;Choque - Objeto Fixo;1;;;;;;;;;;3;;;;
11/02/2011;16:10:00;1534;sem vítima;91;BR-040/RJ;Norte;Colisão Traseira;2;;;;;;;;;;2;;;;