data;horario;n_da_ocorrencia;tipo_de_ocorrencia;km;trecho;sentido;tipo_de_acidente;automovel;bicicleta;caminhao;moto;onibus;outros;tracao_animal;transporte_de_cargas_especiais;trator_maquinas;utilitarios;ilesos;levemente_feridos;moderadamente_feridos;gravemente_feridos;mortos
11/02/2011;10:15:00;1483;sem vítima;95;BR-040/RJ;Sul;Choque - Objeto Fixo;1;;;;;;;;;;1;;;;
11/02/2011;13:27:00;1510;sem vítima;104;BR-040/RJ;Norte;Choque - Objeto Fixo;;;1;;;;;;;;1;;;;
11/02/2011;15:42:00;1527;sem vítima;115;BR-040/RJ;Norte;Colisão Traseira;;;2;;;;;;;;2;;;;
11/02/2011;20:43:00;1586;sem vítima;115;BR-040/RJ;Norte;Colisão Traseira;;;1;;1;;;;;;2;;;;
11/02/2011;09:07:00;1469;sem vítima;122;BR-040/RJ;Sul;Colisão Lateral;1;;;;1;;;;;;2;;;;
11/02/2011;16:38:00;1540;sem vítima;122;BR-040/RJ;Sul;Colisão Traseira;2;;;;;;;;;;2;;;;
11/02/2011;13:04:00;1508;sem vítima;123;BR-040/RJ;Sul;Colisão Traseira;2;;;;;;;;;;2;;;;
11/02/2011;23:12:00;1605;com vítima;124;BR-040/RJ;Sul;Colisão Lateral;;1;1;;;;;;;;1;;;;1
12/02/2011;15:43:00;1706;sem vítima;96;BR-040/RJ;Norte;Colisão Traseira;1;;1;;;;;;;;2;;;;
12/02/2011;01:13:00;1618;sem vítima;98;BR-040/RJ;Sul;Atropelamento - Animal;1;;;;;;;;;;1;;;;
12/02/2011;06:00:00;1639;com vítima;112;BR-040/RJ;Norte;Engavetamento;1;;1;1;;;;;;;1;;1;;1
12/02/2011;07:11:00;1644;com vítima;117;BR-040/RJ;Sul;Engavetamento;3;;;;;;;;;;1;3;1;;
12/02/2011;02:18:00;1623;sem vítima;119;BR-040/RJ;Sul;Choque - Objeto Fixo;1;;;;;;;;;;1;;;;
13/02/2011;15:43:00;1815;com vítima;102;BR-040/RJ;Sul;Capotamento;1;;;;;;;;;;0;1;2;;
13/02/2011;18:15:00;1844;sem vítima;107;BR-040/RJ;Sul;Choque - Objeto Fixo;1;;;;;;;;;;1;;;;
13/02/2011;18:24:00;1846;sem vítima;109;BR-040/RJ;Sul;Colisão Lateral;2;;;;;;;;;;2;;;;
13/02/2011;05:44:00;1761;com vítima;117;BR-040/RJ;Norte;Capotamento;1;;;;;;;;;;0;1;;;
13/02/2011;09:36:00;1773;com vítima;121;BR-040/RJ;Norte;Colisão Traseira;1;;;1;;;;;;;1;1;;;
13/02/2011;03:16:00;1753;com vítima;123;BR-040/RJ;Sul;Colisão Frontal;2;;;;;;;;;;1;1;;;
13/02/2011;20:41:00;1874;sem vítima;124;BR-040/RJ;Norte;Choque - Objeto Fixo;1;;;;;;;;;;1;;;;
14/02/2011;11:13:00;1946;com vítima;3;BR-040/RJ;Norte;Queda de Moto;;;;1;;;;;;;0;1;;;
14/02/2011;11:20:00;1947;sem vítima;58;BR-040/RJ;Sul;Colisão Traseira;1;;1;;;;;;;;2;;;;
14/02/2011;08:41:00;1924;sem vítima;62;BR-040/RJ;Sul;Choque - Objeto Fixo;1;;;;;;;;;;1;;;;
14/02/2011;11:34:00;1949;sem vítima;73;BR-040/RJ;Sul;Choque - Objeto Fixo;1;;;;;;;;;;1;;;;
14/02/2011;16:35:00;1997;com vítima;73;BR-040/RJ;Sul;Capotamento;1;;;;;;;;;;0;;1;;
14/02/2011;17:45:00;2012;sem vítima;98;BR-040/RJ;Norte;Choque - Objeto Fixo;1;;;;;;;;;;1;;;;
14/02/2011;13:18:00;1968;com vítima;110;BR-040/RJ;Norte;Colisão Lateral;1;;1;;;;;;;;1;;1;;
14/02/2011;06:24:00;1914;com vítima;118;BR-040/RJ;Sul;Engavetamento;2;;;;1;;;;;;2;1;;;
14/02/2011;15:07:00;1984;sem vítima;119;BR-040/RJ;Norte;Engavetamento;3;;;;;;;;;;3;;;;
14/02/2011;09:36:00;1932;sem vítima;120;BR-040/RJ;Sul;Colisão Traseira;1;;;;1;;;;;;2;;;;
14/02/2011;12:50:00;1962;sem vítima;123;BR-040/RJ;Sul;Colisão Traseira;1;;1;;;;;;;;2;;;;
14/02/2011;11:48:00;1954;sem vítima;125;BR-040/RJ;Norte;Colisão Traseira;;;1;;;1;;;;;2;;;;
15/02/2011;16:46:00;2129;sem vítima;22;BR-040/RJ;Sul;Colisão Lateral;;;1;;;;1;;;;2;;;;
15/02/2011;16:59:00;2131;com vítima;102;BR-040/RJ;Norte;Queda de Moto;;;;1;;;;;;;0;;1;;
15/02/2011;04:52:00;2056;com vítima;108;BR-040/RJ;Sul;Colisão Traseira;2;;;;;;;;;;2;1;;;
15/02/2011;23:15:00;2167;sem vítima;111;BR-040/RJ;Norte;Colisão Lateral;1;;1;;;;;;;;2;;;;
15/02/2011;17:33:00;2134;sem vítima;119;BR-040/RJ;Norte;Colisão Traseira;2;;;;;;;;;;2;;;;
15/02/2011;05:09:00;2057;com vítima;123;BR-040/RJ;Sul;Atropelamento - Pedestre;;;;;;1;;;;;1;;;1;
15/02/2011;09:28:00;2073;sem vítima;124;BR-040/RJ;Sul;Colisão Lateral;1;;1;;;;;;;;2;;;;
16/02/2011;17:45:00;2274;sem vítima;43;BR-040/RJ;Norte;Colisão Lateral;2;;;;;;;;;;2;;;;
16/02/2011;07:41:00;2197;sem vítima;50;BR-040/RJ;Sul;Colisão Lateral;1;;1;;;;;;;;2;;;;
16/02/2011;06:37:00;2193;com vítima;90;BR-040/RJ;Sul;Tombamento;;;1;;;;;;;;0;;;1;
16/02/2011;20:14:00;2288;sem vítima;94;BR-040/RJ;Norte;Choque - Objeto Fixo;1;;;;;;;;;;1;;;;
16/02/2011;20:53:00;2291;com vítima;99;BR-040/RJ;Sul;Queda de Moto;;;;1;;;;;;;0;2;;;
16/02/2011;06:20:00;2192;com vítima;101;BR-040/RJ;Norte;Queda de Moto;;;;1;;;;;;;0;1;;;
16/02/2011;08:29:00;2200;sem vítima;108;BR-040/RJ;Sul;Choque - Objeto Fixo;1;;;;;;;;;;1;;;;
16/02/2011;07:07:00;2194;com vítima;111;BR-040/RJ;Sul;Queda de Moto;;;;1;;;;;;;0;1;;;
16/02/2011;16:15:00;2264;sem vítima;118;BR-040/RJ;Sul;Colisão Lateral;2;;;;;;;;;;2;;;;
16/02/2011;22:11:00;2300;com vítima;122;BR-040/RJ;Norte;Queda de Moto;;;;1;;;;;;;0;;1;;
17/02/2011;18:27:00;2406;sem vítima;21;BR-040/RJ;Norte;Derrapagem;1;;;;;;;;;;1;;;;
17/02/2011;00:03:00;2308;sem vítima;806;BR-040/MG;Sul;Choque - Objeto Fixo;;;1;;;;;;;;1;;;;
17/02/2011;01:07:00;2310;sem vítima;821;BR-040/MG;Norte;Colisão Traseira;;;2;;;;;;;;2;;;;
17/02/2011;09:01:00;2336;sem vítima;96;BR-040/RJ;Norte;Choque - Objeto Fixo;1;;;;;;;;;;1;;;;
17/02/2011;20:53:00;2420;com vítima;106;BR-040/RJ;Norte;Colisão Frontal;1;;;1;;;;;;;1;;1;1;
17/02/2011;08:46:00;2331;sem vítima;110;BR-040/RJ;Sul;Choque - Objeto Fixo;1;;;;;;;;;;1;;;;
17/02/2011;17:57:00;2402;com vítima;121;BR-040/RJ;Norte;Atropelamento - Pedestre;;;;;1;;;;;;1;;;1;
17/02/2011;10:04:00;2344;sem vítima;123;BR-040/RJ;Sul;Colisão Lateral;1;;1;;;;;;;;2;;;;
17/02/2011;10:33:00;2346;sem vítima;124;BR-040/RJ;Sul;Colisão Lateral;1;;1;;;;;;;;2;;;;
17/02/2011;10:34:00;2353;sem vítima;124;BR-040/RJ;Sul;Colisão Lateral;1;;1;;;;;;;;2;;;;
17/02/2011;14:14:00;2373;sem vítima;124;BR-040/RJ;Norte;Colisão Lateral;2;;;;;;;;;;2;;;;
18/02/2011;01:48:00;2443;sem vítima;39;BR-040/RJ;Sul;Colisão Traseira;;;2;;;;;;;;2;;;;
18/02/2011;00:16:00;2440;sem vítima;61;BR-040/RJ;Sul;Colisão Traseira;;;2;;;;;;;;2;;;;
18/02/2011;14:25:00;2509;sem vítima;784;BR-040/MG;Norte;Derrapagem;;;1;;;;;;;;1;;;;
18/02/2011;21:40:00;2574;sem vítima;820;BR-040/MG;Norte;Colisão Traseira;1;;1;;;;;;;;2;;;;
18/02/2011;22:08:00;2577;sem vítima;105;BR-040/RJ;Norte;Colisão Frontal;2;;;;;;;;;;2;;;;
18/02/2011;15:18:00;2516;com vítima;109;BR-040/RJ;Norte;Colisão Traseira;1;;;1;;;;;;;1;;1;;
18/02/2011;10:10:00;2480;sem vítima;114;BR-040/RJ;Sul;Choque - Objeto Fixo;1;;;;;;;;;;1;;;;
18/02/2011;09:23:00;2471;sem vítima;124;BR-040/RJ;Sul;Colisão Lateral;1;;1;;;;;;;;2;;;;
19/02/2011;10:18:00;2624;sem vítima;22;BR-040/RJ;Norte;Colisão Lateral;1;;;1;;;;;;;2;;;;
19/02/2011;15:17:00;2668;sem vítima;58;BR-040/RJ;Sul;Choque - Objeto Fixo;1;;;;;;;;;;1;;;;
19/02/2011;04:11:00;2595;sem vítima;61;BR-040/RJ;Sul;Choque - Objeto Fixo;;;;;1;;;;;;1;;;;
19/02/2011;05:31:00;2601;com vítima;68;BR-040/RJ;Norte;Choque - Objeto Fixo;1;;;;;;;;;;0;;;1;1
19/02/2011;15:47:00;2675;com vítima;73;BR-040/RJ;Norte;Capotamento;1;;;;;;;;;;0;1;;;
19/02/2011;15:41:00;2674;com vítima;78;BR-040/RJ;Sul;Choque - Objeto Fixo;1;;;;;;;;;;0;1;;;
19/02/2011;16:24:00;2682;sem vítima;78;BR-040/RJ;Sul;Choque - Objeto Fixo;1;;;;;;;;;;1;;;;
19/02/2011;07:27:00;2606;com vítima;800;BR-040/MG;Norte;Capotamento;1;;;;;;;;;;0;1;;;
19/02/2011;14:25:00;2658;com vítima;824;BR-040/MG;Sul;Colisão Lateral;1;;;1;;;;;;;1;;1;;
19/02/2011;16:12:00;2679;sem vítima;85;BR-040/RJ;Sul;Colisão Lateral;2;;;;;;;;;;2;;;;
19/02/2011;18:33:00;2700;sem vítima;85;BR-040/RJ;Norte;Choque - Objeto Fixo;1;;;;;;;;;;1;;;;
19/02/2011;13:20:00;2649;com vítima;94;BR-040/RJ;Norte;Queda de Moto;;;;1;;;;;;;0;1;;;
19/02/2011;23:30:00;2737;com vítima;105;BR-040/RJ;Norte;Colisão Lateral;1;1;;;;;;;;;1;;1;;
19/02/2011;06:20:00;2604;sem vítima;111;BR-040/RJ;Norte;Colisão Traseira;2;;;;;;;;;;2;;;;
19/02/2011;14:25:00;2659;com vítima;115;BR-040/RJ;Sul;Colisão Frontal;2;;;;;;;;;;0;3;;;
19/02/2011;14:02:00;2653;sem vítima;117;BR-040/RJ;Sul;Derrapagem;;;1;;;;;;;;1;;;;
19/02/2011;14:35:00;2663;sem vítima;117;BR-040/RJ;Sul;Colisão Lateral;1;;1;;;;;;;;2;;;;
19/02/2011;05:11:00;2597;com vítima;123;BR-040/RJ;Norte;Queda de Moto;;;;1;;;;;;;1;1;;;
20/02/2011;11:28:00;2791;com vítima;74;BR-040/RJ;Sul;Queda de Moto;;;;1;;;;;;;0;;1;;
20/02/2011;16:48:00;2821;sem vítima;77;BR-040/RJ;Sul;Choque - Objeto Fixo;1;;;;;;;;;;1;;;;
20/02/2011;16:50:00;2825;com vítima;77;BR-040/RJ;Sul;Choque - Objeto Fixo;1;;;;;;;;;;0;1;;;
20/02/2011;16:38:00;2819;com vítima;78;BR-040/RJ;Sul;Capotamento;1;;;;;;;;;;0;1;1;;
20/02/2011;17:25:00;2832;sem vítima;79;BR-040/RJ;Sul;Capotamento;1;;;;;;;;;;1;;;;
20/02/2011;04:31:00;2760;sem vítima;796;BR-040/MG;Sul;Choque - Objeto Fixo;1;;;;;;;;;;1;;;;
20/02/2011;17:08:00;2824;sem vítima;104;BR-040/RJ;Sul;Colisão Lateral;1;;1;;;;;;;;2;;;;
20/02/2011;09:50:00;2778;sem vítima;109;BR-040/RJ;Norte;Colisão Traseira;1;;;1;;;;;;;2;;;;
20/02/2011;01:41:00;2751;com vítima;120;BR-040/RJ;Norte;Colisão Traseira;2;;;;;;;;;;0;2;;;
20/02/2011;17:17:00;2829;sem vítima;121;BR-040/RJ;Sul;Colisão Traseira;2;;;;;;;;;;2;;;;
20/02/2011;13:03:00;2795;sem vítima;122;BR-040/RJ;Sul;Colisão Traseira;1;;;1;;;;;;;2;;;;
21/02/2011;20:19:00;2981;sem vítima;35;BR-040/RJ;Norte;Choque - Objeto Fixo;1;;;;;;;;;;2;;;;
21/02/2011;18:15:00;2971;com vítima;87;BR-040/RJ;Sul;Choque - Objeto Fixo;;;1;;;;;;;;0;1;1;;
21/02/2011;06:59:00;2897;sem vítima;90;BR-040/RJ;Sul;Choque - Objeto Fixo;1;;;;;;;;;;1;;;;
21/02/2011;16:10:00;2965;com vítima;100;BR-040/RJ;Norte;Tombamento;;;1;;;;;;;;0;1;;;
21/02/2011;09:01:00;2912;sem vítima;114;BR-040/RJ;Sul;Colisão Lateral;2;;;;;;;;;;2;;;;
21/02/2011;10:22:00;2921;sem vítima;122;BR-040/RJ;Sul;Colisão Traseira;;;2;;;;;;;;2;;;;
21/02/2011;23:10:00;2994;com vítima;123;BR-040/RJ;Sul;Colisão Traseira;2;;;;;;;;;;1;1;1;;
21/02/2011;15:02:00;2955;sem vítima;124;BR-040/RJ;Sul;Colisão Traseira;1;;1;;;;;;;;2;;;;
22/02/2011;17:55:00;3107;sem vítima;82;BR-040/RJ;Norte;Capotamento;1;;;;;;;;;;1;;;;
22/02/2011;23:07:00;3134;sem vítima;86;BR-040/RJ;Norte;Choque - Objeto Fixo;;;1;;;;;;;;1;;;;
22/02/2011;16:57:00;3099;sem vítima;90;BR-040/RJ;Norte;Choque - Objeto Fixo;1;;;;;;;;;;1;;;;
22/02/2011;16:54:00;3103;sem vítima;92;BR-040/RJ;Norte;Colisão Lateral;1;;1;;;;;;;;2;;;;
22/02/2011;15:41:00;3088;com vítima;96;BR-040/RJ;Norte;Colisão Lateral;1;;;1;;;;;;;1;1;;;
22/02/2011;20:29:00;3124;sem vítima;97;BR-040/RJ;Norte;Colisão Lateral;2;;;;;;;;;;2;;;;
22/02/2011;10:15:00;3040;sem vítima;122;BR-040/RJ;Sul;Colisão Lateral;2;;;;;;;;;;2;;;;
22/02/2011;05:20:00;3003;sem vítima;124;BR-040/RJ;Sul;Choque - Objeto Fixo;1;;;;;;;;;;1;;;;
22/02/2011;12:46:00;3059;sem vítima;124;BR-040/RJ;Sul;Engavetamento;2;;1;;;;;;;;3;;;;
23/02/2011;13:05:00;3192;com vítima;78;BR-040/RJ;Sul;Capotamento;1;;;;;;;;;;0;1;;;
23/02/2011;15:54:00;3212;sem vítima;109;BR-040/RJ;Norte;Engavetamento;1;;2;;;;;;;;3;;;;
23/02/2011;08:25:00;3154;com vítima;111;BR-040/RJ;Sul;Colisão Traseira;2;;;;;;;;;;1;1;;;
23/02/2011;19:08:00;3244;sem vítima;117;BR-040/RJ;Norte;Colisão Lateral;1;;1;;;;;;;;2;;;;
23/02/2011;03:08:00;3143;sem vítima;123;BR-040/RJ;Sul;Choque - Objeto Fixo;;;1;;;;;;;;1;;;;
23/02/2011;07:58:00;3152;sem vítima;123;BR-040/RJ;Sul;Colisão Lateral;1;;1;;;;;;;;2;;;;
23/02/2011;22:04:00;3274;sem vítima;123;BR-040/RJ;Sul;Colisão Lateral;2;;;;;;;;;;2;;;;
23/02/2011;22:58:00;3284;sem vítima;123;BR-040/RJ;Norte;Colisão Traseira;2;;;;;;;;;;2;;;;
23/02/2011;08:26:00;3155;sem vítima;124;BR-040/RJ;Sul;Colisão Lateral;1;;1;;;;;;;;2;;;;
23/02/2011;14:08:00;3199;sem vítima;125;BR-040/RJ;Sul;Colisão Traseira;;;1;1;;;;;;;2;;;;
24/02/2011;09:00:00;3329;sem vítima;90;BR-040/RJ;Norte;Choque - Objeto Fixo;1;;;;;;;;;;1;;;;
24/02/2011;12:39:00;3350;com vítima;91;BR-040/RJ;Sul;Choque - Objeto Fixo;;;;;1;;;;;;0;1;;;
24/02/2011;10:01:00;3338;sem vítima;123;BR-040/RJ;Sul;Colisão Lateral;1;;1;;;;;;;;2;;;;
24/02/2011;12:21:00;3348;sem vítima;123;BR-040/RJ;Sul;Colisão Traseira;1;;1;;;;;;;;2;;;;
24/02/2011;13:30:00;3358;sem vítima;124;BR-040/RJ;Sul;Colisão Lateral;1;;1;;;;;;;;2;;;;
24/02/2011;14:43:00;3367;sem vítima;124;BR-040/RJ;Sul;Colisão Traseira;1;;;;1;;;;;;2;;;;
25/02/2011;16:17:00;3488;sem vítima;39;BR-040/RJ;Norte;Tombamento;;;1;;;;;;;;1;;;;
25/02/2011;06:34:00;3424;sem vítima;86;BR-040/RJ;Norte;Choque - Objeto Fixo;1;;;;;;;;;;1;;;;
25/02/2011;08:54:00;3443;sem vítima;89;BR-040/RJ;Norte;Choque - Objeto Fixo;1;;;;;;;;;;1;;;;
25/02/2011;12:41:00;3466;sem vítima;91;BR-040/RJ;Norte;Choque - Objeto Fixo;1;;;;;;;;;;1;;;;
25/02/2011;08:15:00;3440;com vítima;109;BR-040/RJ;Sul;Queda de Moto;;;;1;;;;;;;0;1;;;
25/02/2011;16:37:00;3492;sem vítima;117;BR-040/RJ;Norte;Engavetamento;1;;2;;;;;;;;3;;;;
25/02/2011;20:45:00;3522;com vítima;118;BR-040/RJ;Norte;Colisão Traseira;1;;;1;;;;;;;1;1;;;
25/02/2011;06:09:00;3422;sem vítima;121;BR-040/RJ;Sul;Engavetamento;4;;;;;;;;;;4;;;;
25/02/2011;17:00:00;3496;com vítima;122;BR-040/RJ;Norte;Colisão Traseira;1;;;;1;;;;;;1;1;;;
25/02/2011;04:44:00;3417;sem vítima;124;BR-040/RJ;Norte;Choque - Objeto Fixo;1;;;;;;;;;;1;;;;
26/02/2011;09:52:00;3581;sem vítima;87;BR-040/RJ;Norte;Engavetamento;3;;;;;;;;;;3;;;;
26/02/2011;19:06:00;3660;com vítima;96;BR-040/RJ;Sul;Queda de Moto;;;;1;;;;;;;0;1;;;
26/02/2011;16:22:00;3635;com vítima;109;BR-040/RJ;Norte;Queda de Moto;;;;1;;;;;;;0;1;;;
26/02/2011;04:20:00;3553;com vítima;113;BR-040/RJ;Sul;Colisão Traseira;2;;;;;;;;;;0;1;1;;
26/02/2011;13:33:00;3613;sem vítima;113;BR-040/RJ;Sul;Colisão Lateral;2;;;;;;;;;;2;;;;
27/02/2011;18:55:00;3777;sem vítima;19;BR-040/RJ;Norte;Choque - Objeto Fixo;1;;;;;;;;;;1;;;;
27/02/2011;00:28:00;3679;sem vítima;68;BR-040/RJ;Norte;Choque - Objeto Fixo;1;;;;;;;;;;1;;;;
27/02/2011;11:30:00;3708;com vítima;72;BR-040/RJ;Sul;Queda de Moto;;;;1;;;;;;;0;1;1;;
27/02/2011;19:29:00;3781;com vítima;75;BR-040/RJ;Norte;Colisão Frontal;2;;;;;;;;;;2;1;;;
27/02/2011;12:11:00;3712;com vítima;79;BR-040/RJ;Sul;Derrapagem;1;;;;;;;;;;0;;2;;
27/02/2011;17:43:00;3766;sem vítima;80;BR-040/RJ;Sul;Choque - Objeto Fixo;1;;;;;;;;;;1;;;;
27/02/2011;16:48:00;3757;sem vítima;84;BR-040/RJ;Sul;Choque - Objeto Fixo;1;;;;;;;;;;1;;;;
27/02/2011;17:20:00;3762;sem vítima;85;BR-040/RJ;Sul;Colisão Traseira;1;;;;;;;;;;1;;;;
27/02/2011;17:36:00;3765;sem vítima;85;BR-040/RJ;Sul;Choque - Objeto Fixo;1;;;;;;;;;;1;;;;
27/02/2011;16:40:00;3755;com vítima;92;BR-040/RJ;Sul;Choque - Objeto Fixo;1;;;;;;;;;;0;2;;;
27/02/2011;16:40:00;3760;com vítima;92;BR-040/RJ;Sul;Colisão Traseira;1;;;;;;;;;;0;2;;;
27/02/2011;19:49:00;3786;sem vítima;114;BR-040/RJ;Norte;Colisão Lateral;1;;1;;;;;;;;2;;;;
27/02/2011;04:14:00;3684;sem vítima;123;BR-040/RJ;Sul;Choque - Objeto Fixo;1;;;;;;;;;;1;;;;
27/02/2011;12:09:00;3711;sem vítima;124;BR-040/RJ;Sul;Derrapagem;1;;;;;;;;;;1;;;;
27/02/2011;20:49:00;3794;sem vítima;124;BR-040/RJ;Sul;Choque - Objeto Fixo;1;;1;;;;;;;;2;;;;
28/02/2011;07:31:00;3841;sem vítima;2;BR-040/RJ;Sul;Choque - Objeto Fixo;1;;;;;;;;;;1;;;;
28/02/2011;06:03:00;3834;sem vítima;31;BR-040/RJ;Norte;Choque - Objeto Fixo;1;;;;;;;;;;1;;;;
28/02/2011;07:55:00;3843;sem vítima;32;BR-040/RJ;Norte;Choque - Objeto Fixo;1;;;;;;;;;;1;;;;
28/02/2011;18:59:00;3939;sem vítima;33;BR-040/RJ;Sul;Choque - Objeto Fixo;1;;;;;;;;;;1;;;;
28/02/2011;03:21:00;3824;sem vítima;34;BR-040/RJ;Sul;Capotamento;1;;;;;;;;;;1;;;;
28/02/2011;12:30:00;3893;com vítima;39;BR-040/RJ;Sul;Capotamento;1;;;;;;;;;;0;;1;;
28/02/2011;10:08:00;3869;sem vítima;44;BR-040/RJ;Sul;Colisão Traseira;2;;;;;;;;;;2;;;;
28/02/2011;08:30:00;3849;sem vítima;81;BR-040/RJ;Norte;Choque - Objeto Fixo;1;;;;;;;;;;1;;;;
28/02/2011;21:03:00;3958;com vítima;779;BR-040/MG;Sul;Choque - Objeto Fixo;1;;;;;;;;;;0;1;;;
28/02/2011;17:43:00;3930;sem vítima;783;BR-040/MG;Norte;Choque - Objeto Fixo;1;;;;;;;;;;1;;;;
28/02/2011;19:59:00;3948;com vítima;787;BR-040/MG;Norte;Choque - Objeto Fixo;1;;;;;;;;;;0;2;;;
28/02/2011;10:09:00;3868;com vítima;827;BR-040/MG;Norte;Queda de Moto;;;;1;;;;;;;0;;1;;
28/02/2011;08:20:00;3852;sem vítima;91;BR-040/RJ;Norte;Choque - Objeto Fixo;1;;;;;;;;;;1;;;;
28/02/2011;03:09:00;3822;sem vítima;92;BR-040/RJ;Sul;Choque - Objeto Fixo;1;;;;;;;;;;1;;;;
28/02/2011;06:04:00;3835;com vítima;92;BR-040/RJ;Sul;Capotamento;1;;;;;;;;;;0;2;;;
28/02/2011;07:58:00;3845;sem vítima;92;BR-040/RJ;Norte;Choque - Objeto Fixo;;;;;1;;;;;;1;;;;
28/02/2011;08:19:00;3847;sem vítima;94;BR-040/RJ;Norte;Choque - Objeto Fixo;1;;;;;;;;;;1;;;;
28/02/2011;14:31:00;3908;sem vítima;96;BR-040/RJ;Norte;Choque - Objeto Fixo;1;;;;;;;;;;1;;;;
28/02/2011;19:45:00;3945;com vítima;96;BR-040/RJ;Norte;Derrapagem;;;1;;;;;;;;0;1;;;
28/02/2011;18:08:00;3935;sem vítima;109;BR-040/RJ;Norte;Colisão Lateral;1;;1;;;;;;;;2;;;;
28/02/2011;03:11:00;3823;sem vítima;114;BR-040/RJ;Norte;Choque - Objeto Fixo;1;;;;;;;;;;1;;;;
28/02/2011;07:56:00;3844;sem vítima;114;BR-040/RJ;Sul;Colisão Traseira;;;2;;;;;;;;2;;;;
28/02/2011;09:02:00;3854;sem vítima;123;BR-040/RJ;Sul;Colisão Lateral;1;;1;;;;;;;;2;;;;
28/02/2011;15:32:00;3917;com vítima;124;BR-040/RJ;Sul;Colisão Traseira;1;;;1;;;;;;;1;1;;;
01/03/2011;05:20:00;6;com vítima;78;BR-040/RJ;Sul;Derrapagem;1;;;;;;;;;;0;1;;;
01/03/2011;19:50:00;109;sem vítima;820;BR-040/MG;Norte;Derrapagem;1;;;;;;;;;;1;;;;
01/03/2011;17:47:00;92;sem vítima;109;BR-040/RJ;Norte;Colisão Lateral;1;;1;;;;;;;;2;;;;
01/03/2011;17:24:00;88;com vítima;110;BR-040/RJ;Norte;Colisão Lateral;2;;;1;;;;;;;2;1;;;
01/03/2011;10:47:00;32;sem vítima;115;BR-040/RJ;Norte;Colisão Traseira;;;1;;1;;;;;;2;;;;
01/03/2011;14:02:00;57;sem vítima;125;BR-040/RJ;Sul;Colisão Lateral;1;;1;;;;;;;;2;;;;
01/03/2011;14:02:00;65;sem vítima;125;BR-040/RJ;Sul;Colisão Lateral;1;;1;;;;;;;;2;;;;
02/03/2011;12:10:00;206;sem vítima;78;BR-040/RJ;Sul;Choque - Objeto Fixo;1;;;;;;;;;;1;;;;
02/03/2011;12:11:00;207;sem vítima;78;BR-040/RJ;Sul;Choque - Objeto Fixo;1;;;;;;;;;;1;;;;
02/03/2011;15:09:00;232;sem vítima;783;BR-040/MG;Norte;Colisão Lateral;2;;;;;;;;;;2;;;;
02/03/2011;16:36:00;244;sem vítima;783;BR-040/MG;Norte;Choque - Objeto Fixo;;;1;;;;;;;;1;;;;
02/03/2011;03:56:00;151;sem vítima;784;BR-040/MG;Norte;Choque - Objeto Fixo;1;;;;;;;;;;1;;;;
02/03/2011;17:01:00;248;sem vítima;784;BR-040/MG;Norte;Choque - Objeto Fixo;1;;;;;;;;;;1;;;;
02/03/2011;15:38:00;238;com vítima;785;BR-040/MG;Norte;Capotamento;1;;;;;;;;;;0;1;;;
02/03/2011;07:07:00;161;com vítima;815;BR-040/MG;Norte;Choque - Objeto Fixo;1;;;;;;;;;;1;2;1;;
02/03/2011;08:35:00;167;com vítima;85;BR-040/RJ;Norte;Capotamento;1;;;;;;;;;;0;1;;;
02/03/2011;15:21:00;239;sem vítima;86;BR-040/RJ;Norte;Choque - Objeto Fixo;1;;;;;;;;;;1;;;;
02/03/2011;12:58:00;212;sem vítima;90;BR-040/RJ;Sul;Derrapagem;1;;;;;;;;;;1;;;;
02/03/2011;14:43:00;230;sem vítima;92;BR-040/RJ;Sul;Colisão Traseira;1;;1;;;;;;;;2;;;;
02/03/2011;21:03:00;273;sem vítima;92;BR-040/RJ;Norte;Choque - Objeto Fixo;1;;;;;;;;;;1;;;;
02/03/2011;14:16:00;223;sem vítima;93;BR-040/RJ;Sul;Choque - Objeto Fixo;1;;;;;;;;;;1;;;;
02/03/2011;14:24:00;225;sem vítima;98;BR-040/RJ;Norte;Choque - Objeto Fixo;1;;;;;;;;;;1;;;;
02/03/2011;13:35:00;216;sem vítima;123;BR-040/RJ;Sul;Colisão Lateral;1;;1;;;;;;;;2;;;;
03/03/2011;15:44:00;363;sem vítima;56;BR-040/RJ;Sul;Colisão Traseira;;;2;;;;;;;;2;;;;
03/03/2011;17:12:00;382;sem vítima;75;BR-040/RJ;Sul;Tombamento;1;;;;;;;;;;1;;;;
03/03/2011;07:36:00;311;com vítima;81;BR-040/RJ;Norte;Queda de Moto;;;;2;;;;;;;1;1;;;
03/03/2011;11:12:00;334;sem vítima;825;BR-040/MG;Sul;Choque - Objeto Fixo;1;;;;;;;;;;1;;;;
03/03/2011;09:38:00;323;com vítima;84;BR-040/RJ;Sul;Choque - Objeto Fixo;1;;;;;;;;;;2;1;;;
03/03/2011;16:36:00;374;sem vítima;87;BR-040/RJ;Sul;Choque - Objeto Fixo;1;;;;;;;;;;1;;;;
03/03/2011;06:30:00;300;sem vítima;90;BR-040/RJ;Sul;Choque - Objeto Fixo;1;;;;;;;;;;1;;;;
03/03/2011;16:14:00;368;sem vítima;92;BR-040/RJ;Sul;Choque - Objeto Fixo;1;;;;;;;;;;1;;;;
03/03/2011;06:52:00;304;sem vítima;94;BR-040/RJ;Sul;Choque - Objeto Fixo;1;;;;;;;;;;1;;;;