data;horario;n_da_ocorrencia;tipo_de_ocorrencia;km;trecho;sentido;tipo_de_acidente;automovel;bicicleta;caminhao;moto;onibus;outros;tracao_animal;transporte_de_cargas_especiais;trator_maquinas;utilitarios;ilesos;levemente_feridos;moderadamente_feridos;gravemente_feridos;mortos
03/03/2011;09:40:00;324;com vítima;105;BR-040/RJ;Norte;Queda de Moto;;;;1;;;;;;;0;2;;;
03/03/2011;17:44:00;391;sem vítima;105;BR-040/RJ;Norte;Colisão Traseira;1;;1;;;;;;;;2;;;;
03/03/2011;20:33:00;416;com vítima;108;BR-040/RJ;Norte;Atropelamento - Pedestre;1;;;;;;;;;;1;;1;;
03/03/2011;04:53:00;296;com vítima;113;BR-040/RJ;Norte;Choque - Objeto Fixo;1;;;;;;;;;;0;1;;;
03/03/2011;05:35:00;299;sem vítima;113;BR-040/RJ;Sul;Engavetamento;3;;;;;;;;;;3;;;;
03/03/2011;06:58:00;307;com vítima;113;BR-040/RJ;Sul;Engavetamento;4;;1;;;;;;;;1;10;;2;
03/03/2011;17:26:00;386;com vítima;117;BR-040/RJ;Norte;Atropelamento - Pedestre;1;;;;;;;;;;1;1;;;
03/03/2011;23:23:00;442;sem vítima;120;BR-040/RJ;Norte;Colisão Traseira;2;;;;;;;;;;2;;;;
03/03/2011;04:57:00;297;sem vítima;121;BR-040/RJ;Sul;Colisão Traseira;2;;;;;;;;;;2;;;;
03/03/2011;06:55:00;306;sem vítima;123;BR-040/RJ;Sul;Colisão Traseira;1;;1;;;;;;;;2;;;;
03/03/2011;15:18:00;360;sem vítima;123;BR-040/RJ;Sul;Colisão Lateral;1;;1;;;;;;;;2;;;;
03/03/2011;15:18:00;361;sem vítima;123;BR-040/RJ;Sul;Colisão Lateral;1;;1;;;;;;;;2;;;;
04/03/2011;18:14:00;580;sem vítima;33;BR-040/RJ;Norte;Derrapagem;1;;;;;;;;;;1;;;;
04/03/2011;05:05:00;461;sem vítima;52;BR-040/RJ;Norte;Capotamento;1;;;;;;;;;;3;;;;
04/03/2011;16:49:00;568;sem vítima;60;BR-040/RJ;Norte;Choque - Objeto Fixo;1;;;;;;;;;;1;;;;
04/03/2011;12:32:00;512;com vítima;77;BR-040/RJ;Sul;Choque - Objeto Fixo;1;;;;;;;;;;0;2;;;
04/03/2011;17:10:00;569;com vítima;78;BR-040/RJ;Norte;Derrapagem;1;;;;;;;;;;0;1;;;
04/03/2011;20:34:00;598;sem vítima;83;BR-040/RJ;Sul;Choque - Objeto Fixo;1;;;;;;;;;;1;;;;
04/03/2011;16:09:00;559;sem vítima;781;BR-040/MG;Sul;Choque - Objeto Fixo;1;;;;;;;;;;1;;;;
04/03/2011;16:20:00;567;sem vítima;781;BR-040/MG;Sul;Choque - Objeto Fixo;1;;;;;;;;;;1;;;;
04/03/2011;20:38:00;599;sem vítima;784;BR-040/MG;Norte;Colisão Traseira;2;;;;;;;;;;2;;;;
04/03/2011;15:30:00;551;sem vítima;787;BR-040/MG;Norte;Choque - Objeto Fixo;1;;;;;;;;;;1;;;;
04/03/2011;06:14:00;471;sem vítima;815;BR-040/MG;Norte;Derrapagem;1;;;;;;;;;;1;;;;
04/03/2011;12:33:00;513;sem vítima;822;BR-040/MG;Sul;Choque - Objeto Fixo;1;;;;;;;;;;1;;;;
04/03/2011;04:39:00;460;com vítima;88;BR-040/RJ;Sul;Colisão Traseira;;;1;;1;;;;;;1;19;;1;
04/03/2011;15:10:00;546;sem vítima;89;BR-040/RJ;Sul;Tombamento;1;;;;;;;;;;1;;;;
04/03/2011;19:06:00;588;sem vítima;92;BR-040/RJ;Sul;Capotamento;1;;;;;;;;;;5;;;;
04/03/2011;19:26:00;591;sem vítima;92;BR-040/RJ;Sul;Capotamento;1;;;;;;;;;;1;;;;
04/03/2011;19:58:00;596;sem vítima;96;BR-040/RJ;Sul;Choque - Objeto Fixo;1;;;;;;;;;;1;;;;
04/03/2011;05:42:00;468;sem vítima;99;BR-040/RJ;Norte;Queda de Moto;;;;1;;;;;;;1;;;;
04/03/2011;06:17:00;472;sem vítima;113;BR-040/RJ;Sul;Engavetamento;3;;;;;;;;;;3;;;;
04/03/2011;01:19:00;449;com vítima;121;BR-040/RJ;Norte;Colisão Lateral;1;;;1;;;;;;;1;1;;;
04/03/2011;05:56:00;469;sem vítima;122;BR-040/RJ;Sul;Engavetamento;2;;;;1;;;;;;3;;;;
04/03/2011;08:46:00;479;sem vítima;123;BR-040/RJ;Sul;Colisão Lateral;1;;1;;;;;;;;2;;;;
05/03/2011;10:43:00;712;com vítima;3;BR-040/RJ;Sul;Atropelamento - Pedestre;1;;;;;;;;;;0;;2;;1
05/03/2011;10:02:00;698;sem vítima;24;BR-040/RJ;Norte;Choque - Objeto Fixo;1;;;;;;;;;;1;;;;
05/03/2011;07:19:00;657;sem vítima;31;BR-040/RJ;Norte;Choque - Objeto Fixo;1;;;;;;;;;;1;;;;
05/03/2011;07:46:00;665;sem vítima;31;BR-040/RJ;Norte;Choque - Objeto Fixo;1;;;;;;;;;;1;;;;
05/03/2011;23:15:00;823;com vítima;36;BR-040/RJ;Norte;Choque - Objeto Fixo;1;;;;;;;;;;0;4;;;
05/03/2011;11:37:00;725;sem vítima;39;BR-040/RJ;Sul;Choque - Objeto Fixo;1;;;;;;;;;;1;;;;
05/03/2011;17:08:00;775;sem vítima;39;BR-040/RJ;Norte;Colisão Traseira;1;;;;1;;;;;;2;;;;
05/03/2011;05:43:00;646;sem vítima;41;BR-040/RJ;Norte;Choque - Objeto Fixo;1;;;;;;;;;;1;;;;
05/03/2011;11:55:00;723;com vítima;74;BR-040/RJ;Sul;Capotamento;1;;;;;;;;;;0;2;;;
05/03/2011;12:36:00;730;sem vítima;74;BR-040/RJ;Norte;Choque - Objeto Fixo;1;;;;;;;;;;1;;;;
05/03/2011;07:05:00;655;com vítima;75;BR-040/RJ;Sul;Capotamento;1;;;;;;;;;;0;3;;;
05/03/2011;01:06:00;623;sem vítima;77;BR-040/RJ;Sul;Choque - Objeto Fixo;1;;;;;;;;;;1;;;;
05/03/2011;02:20:00;631;com vítima;77;BR-040/RJ;Sul;Colisão Traseira;2;;1;;;;;;;;2;3;;;
05/03/2011;10:10:00;708;com vítima;77;BR-040/RJ;Sul;Capotamento;1;;;;;;;;;;0;2;;;
05/03/2011;20:09:00;803;sem vítima;77;BR-040/RJ;Sul;Choque - Objeto Fixo;1;;;;;;;;;;1;;;;
05/03/2011;05:08:00;644;sem vítima;776;BR-040/MG;Sul;Choque - Objeto Fixo;1;;;;;;;;;;1;;;;
05/03/2011;18:19:00;788;sem vítima;778;BR-040/MG;Sul;Choque - Objeto Fixo;1;;;;;;;;;;1;;;;
05/03/2011;13:13:00;736;sem vítima;783;BR-040/MG;Norte;Derrapagem;1;;;;;;;;;;1;;;;
05/03/2011;14:46:00;756;sem vítima;799;BR-040/MG;Sul;Choque - Objeto Fixo;1;;;;;;;;;;2;;;;
05/03/2011;13:36:00;743;sem vítima;806;BR-040/MG;Norte;Choque - Objeto Fixo;1;;;;;;;;;;1;;;;
05/03/2011;07:37:00;662;sem vítima;815;BR-040/MG;Sul;Choque - Objeto Fixo;1;;;;;;;;;;3;;;;
05/03/2011;10:03:00;699;sem vítima;815;BR-040/MG;Sul;Choque - Objeto Fixo;1;;;;;;;;;;1;;;;
05/03/2011;08:23:00;667;sem vítima;816;BR-040/MG;Sul;Colisão Traseira;1;;1;;;;;;;;2;;;;
05/03/2011;08:48:00;674;com vítima;822;BR-040/MG;Sul;Capotamento;1;;;;;;;;;;1;1;2;;
05/03/2011;04:56:00;641;sem vítima;91;BR-040/RJ;Norte;Choque - Objeto Fixo;1;;;;;;;;;;1;;;;
05/03/2011;09:17:00;678;sem vítima;92;BR-040/RJ;Sul;Choque - Objeto Fixo;1;;;;;;;;;;1;;;;
05/03/2011;01:23:00;626;sem vítima;93;BR-040/RJ;Sul;Choque - Objeto Fixo;1;;;;;;;;;;1;;;;
05/03/2011;06:54:00;652;sem vítima;94;BR-040/RJ;Sul;Choque - Objeto Fixo;1;;;;;;;;;;1;;;;
05/03/2011;11:11:00;717;sem vítima;100;BR-040/RJ;Norte;Colisão Traseira;1;;1;;;;;;;;2;;;;
05/03/2011;09:52:00;700;sem vítima;109;BR-040/RJ;Norte;Colisão Traseira;1;;;;;1;;;;;2;;;;
05/03/2011;15:54:00;764;sem vítima;123;BR-040/RJ;Norte;Colisão Lateral;1;;;;1;;;;;;2;;;;
05/03/2011;21:45:00;814;sem vítima;123;BR-040/RJ;Norte;Engavetamento;2;;;;1;;;;;;3;;;;
06/03/2011;15:05:00;890;com vítima;4;BR-040/RJ;Norte;Capotamento;1;;;;;;;;;;0;2;;;
06/03/2011;20:54:00;919;sem vítima;25;BR-040/RJ;Norte;Queda de moto;;;;1;;;;;;;1;;;;
06/03/2011;18:04:00;908;sem vítima;38;BR-040/RJ;Norte;Derrapagem;1;;;;;;;;;;1;;;;
06/03/2011;09:23:00;858;com vítima;781;BR-040/MG;Sul;Capotamento;1;;;;;;;;;;0;2;;;
06/03/2011;06:25:00;844;sem vítima;815;BR-040/MG;Sul;Choque - Objeto Fixo;1;;;;;;;;;;1;;;;
06/03/2011;23:25:00;932;sem vítima;86;BR-040/RJ;Sul;Choque - Objeto Fixo;1;;;;;;;;;;1;;;;
06/03/2011;11:18:00;867;com vítima;90;BR-040/RJ;Sul;Capotamento;1;;;;;;;;;;0;4;;;
06/03/2011;22:53:00;930;sem vítima;93;BR-040/RJ;Norte;Choque - Objeto Fixo;1;;;;;;;;;;1;;;;
06/03/2011;07:02:00;845;sem vítima;94;BR-040/RJ;Sul;Derrapagem;1;;;;;;;;;;1;;;;
06/03/2011;14:28:00;883;sem vítima;94;BR-040/RJ;Sul;Choque - Objeto Fixo;1;;;;;;;;;;1;;;;
06/03/2011;14:52:00;888;sem vítima;96;BR-040/RJ;Sul;Choque - Objeto Fixo;1;;;;;;;;;;1;;;;
06/03/2011;03:47:00;838;sem vítima;113;BR-040/RJ;Norte;Capotamento;1;;;;;;;;;;1;;;;
06/03/2011;16:21:00;895;com vítima;119;BR-040/RJ;Norte;Choque - Objeto Fixo;1;;;;;;;;;;0;;1;;
06/03/2011;21:12:00;921;com vítima;119;BR-040/RJ;Norte;Choque - Objeto Fixo;1;;;;;;;;;;0;3;;;
06/03/2011;05:26:00;841;sem vítima;122;BR-040/RJ;Sul;Choque - Objeto Fixo;1;;;;;;;;;;1;;;;
07/03/2011;02:08:00;938;sem vítima;8;BR-040/RJ;Sul;Choque - Objeto Fixo;;;1;;;;;;;;1;;;;
07/03/2011;18:14:00;1014;com vítima;71;BR-040/RJ;Sul;Queda de Moto;;;;1;;;;;;;0;2;;;
07/03/2011;14:34:00;990;sem vítima;74;BR-040/RJ;Norte;Choque - Objeto Fixo;1;;;;;;;;;;1;;;;
07/03/2011;14:28:00;989;sem vítima;89;BR-040/RJ;Sul;Choque - Objeto Fixo;1;;;;;;;;;;1;;;;
08/03/2011;06:29:00;1045;com vítima;25;BR-040/RJ;Norte;Capotamento;1;;;;;;;;;;0;3;;;
08/03/2011;09:00:00;1056;com vítima;35;BR-040/RJ;Norte;Derrapagem;1;;;;;;;;;;0;2;;;
08/03/2011;05:09:00;1041;sem vítima;43;BR-040/RJ;Sul;Choque - Objeto Fixo;1;;;;;;;;;;1;;;;
08/03/2011;15:21:00;1100;com vítima;76;BR-040/RJ;Norte;Choque - Objeto Fixo;1;;;;;;;;;;0;;2;;
08/03/2011;09:00:00;1057;sem vítima;82;BR-040/RJ;Norte;Choque - Objeto Fixo;1;;;;;;;;;;1;;;;
08/03/2011;14:42:00;1093;sem vítima;83;BR-040/RJ;Norte;Derrapagem;1;;;;;;;;;;1;;;;
08/03/2011;23:08:00;1143;sem vítima;83;BR-040/RJ;Sul;Derrapagem;1;;;;;;;;;;1;;;;
08/03/2011;21:25:00;1137;sem vítima;90;BR-040/RJ;Sul;Capotamento;1;;;;;;;;;;2;;;;
08/03/2011;13:01:00;1080;sem vítima;92;BR-040/RJ;Norte;Choque - Objeto Fixo;1;;;;;;;;;;1;;;;
08/03/2011;12:15:00;1074;sem vítima;93;BR-040/RJ;Sul;Derrapagem;1;;;;;;;;;;1;;;;
08/03/2011;10:45:00;1062;sem vítima;95;BR-040/RJ;Sul;Choque - Objeto Fixo;1;;;;;;;;;;1;;;;
08/03/2011;17:33:00;1117;sem vítima;99;BR-040/RJ;Norte;Choque - Objeto Fixo;1;;;;;;;;;;1;;;;
08/03/2011;19:02:00;1123;com vítima;111;BR-040/RJ;Sul;Colisão Lateral;;;;1;;1;;;;;1;1;;;
09/03/2011;23:38:00;1309;sem vítima;32;BR-040/RJ;Sul;Tombamento;;;1;;;;;;;;1;;;;
09/03/2011;08:25:00;1175;sem vítima;79;BR-040/RJ;Sul;Choque - Objeto Fixo;1;;;;;;;;;;1;;;;
09/03/2011;17:17:00;1271;sem vítima;83;BR-040/RJ;Norte;Derrapagem;1;;;;;;;;;;1;;;;
09/03/2011;23:49:00;1310;sem vítima;780;BR-040/MG;Norte;Choque - Objeto Fixo;1;;;;;;;;;;1;;;;
09/03/2011;17:41:00;1274;sem vítima;787;BR-040/MG;Norte;Choque - Objeto Fixo;1;;;;;;;;;;1;;;;
09/03/2011;18:01:00;1278;com vítima;790;BR-040/MG;Norte;Colisão Traseira;2;;;;;;;;;;4;1;;;
09/03/2011;20:48:00;1294;sem vítima;800;BR-040/MG;Norte;Colisão Lateral;1;;1;;;;;;;;2;;;;
09/03/2011;16:00:00;1260;com vítima;822;BR-040/MG;Norte;Colisão Lateral;2;;;;;;;;;;1;1;;;
09/03/2011;05:32:00;1165;sem vítima;84;BR-040/RJ;Sul;Choque - Objeto Fixo;1;;;;;;;;;;1;;;;
09/03/2011;15:35:00;1253;sem vítima;90;BR-040/RJ;Sul;Derrapagem;1;;;;;;;;;;1;;;;
09/03/2011;22:55:00;1303;com vítima;105;BR-040/RJ;Norte;Queda de Moto;;;;1;;;;;;;0;1;;;
09/03/2011;13:39:00;1229;com vítima;117;BR-040/RJ;Sul;Colisão Traseira;;;1;1;;;;;;;1;1;;1;
09/03/2011;23:27:00;1307;com vítima;118;BR-040/RJ;Norte;Tombamento;1;;;;1;;;;;;29;3;1;;
09/03/2011;03:00:00;1156;com vítima;119;BR-040/RJ;Sul;Colisão Frontal;2;;;;;;;;;;0;3;;;
10/03/2011;15:57:00;1411;sem vítima;32;BR-040/RJ;Norte;Choque - Objeto Fixo;1;;;;;;;;;;1;;;;
10/03/2011;14:56:00;1405;sem vítima;74;BR-040/RJ;Norte;Capotamento;1;;;;;;;;;;2;;;;
10/03/2011;16:41:00;1417;com vítima;808;BR-040/MG;Sul;Choque - Objeto Fixo;1;;;;;;;;;;0;1;;;
10/03/2011;09:44:00;1361;sem vítima;87;BR-040/RJ;Norte;Colisão traseira;1;;1;;;;;;;;2;;;;
10/03/2011;02:51:00;1321;sem vítima;90;BR-040/RJ;Sul;Choque - Objeto Fixo;1;;;;;;;;;;1;;;;
10/03/2011;09:21:00;1359;sem vítima;91;BR-040/RJ;Norte;Choque - Objeto Fixo;1;;;;;;;;;;1;;;;
10/03/2011;15:10:00;1406;com vítima;91;BR-040/RJ;Sul;Engavetamento;11;;3;;;;;;;;7;13;2;1;1
10/03/2011;09:05:00;1357;sem vítima;94;BR-040/RJ;Norte;Choque - Objeto Fixo;1;;;;;;;;;;1;;;;
10/03/2011;12:59:00;1391;com vítima;95;BR-040/RJ;Sul;Tombamento;;;1;;;;;;;;0;;;;1
10/03/2011;08:44:00;1353;sem vítima;97;BR-040/RJ;Norte;Choque - Objeto Fixo;1;;;;;;;;;;1;;;;
10/03/2011;15:29:00;1407;com vítima;105;BR-040/RJ;Norte;Atropelamento - Pedestre;1;;;;;;;;;;1;;1;;
10/03/2011;22:36:00;1448;sem vítima;111;BR-040/RJ;Norte;Queda de Moto;;;;1;;;;;;;1;;;;
10/03/2011;02:48:00;1320;sem vítima;118;BR-040/RJ;Norte;Colisão Traseira;1;;;;;1;;;;;2;;;;
10/03/2011;18:24:00;1429;sem vítima;121;BR-040/RJ;Norte;Outros;1;;;;;;;;;;1;;;;
10/03/2011;01:41:00;1316;com vítima;124;BR-040/RJ;Sul;Choque - Objeto Fixo;1;;;;;;;;;;0;3;;;
10/03/2011;11:04:00;1368;sem vítima;124;BR-040/RJ;Sul;Colisão Lateral;;;1;;1;;;;;;2;;;;
11/03/2011;19:00:00;1575;com vítima;87;BR-040/RJ;Sul;Derrapagem;;;;;1;;;;;;9;4;;;
11/03/2011;23:32:00;1601;sem vítima;91;BR-040/RJ;Sul;Colisão Traseira;1;;;;;;;;;;4;;;;
11/03/2011;16:59:00;1559;sem vítima;94;BR-040/RJ;Sul;Choque - Objeto Fixo;1;;;;;;;;;;1;;;;
11/03/2011;19:05:00;1576;com vítima;96;BR-040/RJ;Norte;Tombamento;;;1;;;;;;;;0;2;;;
11/03/2011;15:11:00;1544;sem vítima;105;BR-040/RJ;Norte;Derrapagem;1;;;;;;;;;;1;;;;
11/03/2011;22:59:00;1599;com vítima;106;BR-040/RJ;Norte;Choque - Objeto Fixo;1;;;;;;;;;;0;;1;;
11/03/2011;08:37:00;1488;sem vítima;109;BR-040/RJ;Sul;Colisão Lateral;1;;1;;;;;;;;2;;;;
11/03/2011;05:45:00;1466;sem vítima;113;BR-040/RJ;Norte;Choque - Objeto Fixo;1;;;;;;;;;;1;;;;
11/03/2011;11:53:00;1517;sem vítima;118;BR-040/RJ;Sul;Colisão Traseira;2;;;;;;;;;;2;;;;
11/03/2011;00:03:00;1455;com vítima;119;BR-040/RJ;Sul;Colisão Lateral;2;;;;;;;;;;0;2;;1;
11/03/2011;19:10:00;1574;sem vítima;121;BR-040/RJ;Norte;Colisão Lateral;1;;;;1;;;;;;2;;;;
12/03/2011;11:58:00;1658;sem vítima;9;BR-040/RJ;Norte;Colisão Traseira;2;;;;;;;;;;2;;;;
12/03/2011;14:32:00;1678;sem vítima;65;BR-040/RJ;Norte;Choque - Objeto Fixo;1;;;;;;;;;;1;;;;
12/03/2011;10:25:00;1646;sem vítima;84;BR-040/RJ;Sul;Choque - Objeto Fixo;1;;;;;;;;;;1;;;;
12/03/2011;21:20:00;1715;sem vítima;113;BR-040/RJ;Norte;Colisão Lateral;1;;1;;;;;;;;2;;;;
12/03/2011;17:27:00;1697;com vítima;122;BR-040/RJ;Sul;Capotamento;1;;;;;;;;;;0;1;;;
12/03/2011;20:03:00;1710;com vítima;124;BR-040/RJ;Norte;Colisão Traseira;3;;1;;1;;;;;;3;12;;;
13/03/2011;22:03:00;1835;sem vítima;21;BR-040/RJ;Norte;Queda de Moto;;;;1;;;;;;;1;;;;
13/03/2011;20:36:00;1824;sem vítima;62;BR-040/RJ;Norte;Colisão Lateral;1;;;1;;;;;;;2;;;;
13/03/2011;17:01:00;1801;sem vítima;786;BR-040/MG;Norte;Choque - Objeto Fixo;1;;;;;;;;;;1;;;;
13/03/2011;18:00:00;1807;sem vítima;787;BR-040/MG;Norte;Choque - Objeto Fixo;1;;;;;;;;;;1;;;;
13/03/2011;11:23:00;1762;sem vítima;85;BR-040/RJ;Sul;Choque - Objeto Fixo;1;;;;;;;;;;1;;;;
13/03/2011;11:00:00;1758;com vítima;93;BR-040/RJ;Sul;Capotamento;1;;;;;;;;;;0;2;2;;
13/03/2011;13:32:00;1775;sem vítima;101;BR-040/RJ;Norte;Colisão Traseira;2;;;;;;;;;;2;;;;
14/03/2011;14:58:00;1930;com vítima;30;BR-040/RJ;Sul;Choque - Objeto Fixo;;;1;;;;;;;;0;;3;;
14/03/2011;10:10:00;1897;sem vítima;81;BR-040/RJ;Norte;Colisão Traseira;2;;;;;;;;;;2;;;;
14/03/2011;03:57:00;1854;sem vítima;87;BR-040/RJ;Sul;Derrapagem;;;1;;;;;;;;1;;;;
14/03/2011;16:36:00;1941;com vítima;87;BR-040/RJ;Sul;Derrapagem;;;1;;;;;;;;0;;1;;
14/03/2011;12:04:00;1911;sem vítima;93;BR-040/RJ;Norte;Choque - Objeto Fixo;1;;;;;;;;;;1;;;;
14/03/2011;08:20:00;1878;sem vítima;95;BR-040/RJ;Norte;Choque - Objeto Fixo;1;;;;;;;;;;1;;;;
14/03/2011;16:53:00;1943;com vítima;109;BR-040/RJ;Norte;Colisão Lateral;1;;1;;;;;;;;1;;2;;
14/03/2011;14:09:00;1923;com vítima;113;BR-040/RJ;Norte;Engavetamento;2;;1;1;;;;;;;3;1;;;
14/03/2011;11:06:00;1903;com vítima;121;BR-040/RJ;Sul;Queda de Moto;;;;1;;;;;;;0;1;;;
15/03/2011;09:25:00;2020;sem vítima;21;BR-040/RJ;Norte;Tombamento;;;1;;;;;;;;1;;;;
15/03/2011;06:31:00;1996;sem vítima;85;BR-040/RJ;Sul;Choque - Objeto Fixo;1;;;;;;;;;;1;;;;
15/03/2011;14:49:00;2060;com vítima;85;BR-040/RJ;Sul;Capotamento;1;;;;;;;;;;0;1;;;
15/03/2011;21:43:00;2117;sem vítima;94;BR-040/RJ;Sul;Derrapagem;1;;;;;;;;;;1;;;;
15/03/2011;08:25:00;2012;sem vítima;105;BR-040/RJ;Norte;Colisão Traseira;1;;;1;;;;;;;2;;;;
15/03/2011;08:56:00;2016;sem vítima;105;BR-040/RJ;Sul;Colisão Traseira;2;;;;;;;;;;2;;;;
15/03/2011;09:59:00;2029;sem vítima;120;BR-040/RJ;Norte;Queda de Moto;;;;1;;;;;;;1;;;;
15/03/2011;14:27:00;2058;sem vítima;124;BR-040/RJ;Sul;Colisão Lateral;1;;;;;1;;;;;2;;;;
16/03/2011;13:30:00;2201;com vítima;32;BR-040/RJ;Sul;Derrapagem;1;;;;;;;;;;0;;1;;
16/03/2011;08:17:00;2155;sem vítima;92;BR-040/RJ;Sul;Choque - Objeto Fixo;1;;;;;;;;;;1;;;;
16/03/2011;21:03:00;2257;sem vítima;96;BR-040/RJ;Norte;Choque - Objeto Fixo;1;;;;;;;;;;1;;;;
16/03/2011;14:32:00;2208;sem vítima;105;BR-040/RJ;Norte;Colisão Lateral;2;;;;;;;;;;2;;;;
16/03/2011;17:21:00;2226;com vítima;105;BR-040/RJ;Norte;Atropelamento - Pedestre;1;;;;;;;;;;1;;;1;
16/03/2011;03:34:00;2142;sem vítima;115;BR-040/RJ;Sul;Choque - Objeto Fixo;1;;;;;;;;;;1;;;;
16/03/2011;06:23:00;2150;sem vítima;118;BR-040/RJ;Sul;Colisão Traseira;;;;1;1;;;;;;2;;;;
16/03/2011;13:20:00;2199;sem vítima;121;BR-040/RJ;Sul;Colisão Lateral;1;;1;;;;;;;;2;;;;
16/03/2011;20:30:00;2254;sem vítima;122;BR-040/RJ;Sul;Colisão Lateral;1;;1;;;;;;;;2;;;;
16/03/2011;15:39:00;2217;sem vítima;123;BR-040/RJ;Sul;Colisão Lateral;1;;1;;;;;;;;2;;;;
17/03/2011;15:42:00;2347;sem vítima;56;BR-040/RJ;Sul;Choque - Objeto Fixo;1;;;;;;;;;;1;;;;
17/03/2011;08:58:00;2301;com vítima;78;BR-040/RJ;Sul;Capotamento;1;;;;;;;;;;0;;1;;
17/03/2011;08:23:00;2295;sem vítima;85;BR-040/RJ;Norte;Choque - Objeto Fixo;1;;;;;;;;;;1;;;;
17/03/2011;06:34:00;2283;sem vítima;109;BR-040/RJ;Sul;Colisão Traseira;1;;1;;;;;;;;2;;;;
17/03/2011;20:27:00;2390;sem vítima;114;BR-040/RJ;Norte;Choque - Objeto Fixo;1;;;;;;;;;;1;;;;
17/03/2011;21:05:00;2398;sem vítima;122;BR-040/RJ;Sul;Colisão Lateral;;;1;;1;;;;;;2;;;;
17/03/2011;16:55:00;2355;sem vítima;124;BR-040/RJ;Sul;Colisão Lateral;1;;1;;;;;;;;2;;;;
17/03/2011;16:55:00;2364;sem vítima;124;BR-040/RJ;Sul;Colisão Traseira;1;;1;;;;;;;;2;;;;
17/03/2011;17:55:00;2371;sem vítima;124;BR-040/RJ;Norte;Colisão Lateral;1;;1;;;;;;;;2;;;;
18/03/2011;22:58:00;2560;com vítima;71;BR-040/RJ;Norte;Choque - Objeto Fixo;1;;;;;;;;;;0;;1;;1
18/03/2011;17:15:00;2521;com vítima;76;BR-040/RJ;Norte;Colisão Traseira;;;;1;;1;;;;;1;;1;;
18/03/2011;15:34:00;2497;com vítima;90;BR-040/RJ;Sul;Derrapagem;;;1;;;;;;;;0;;1;;
18/03/2011;14:52:00;2487;com vítima;114;BR-040/RJ;Norte;Queda de Moto;;;;1;;;;;;;0;1;;;
18/03/2011;06:34:00;2428;sem vítima;121;BR-040/RJ;Sul;Colisão Lateral;;;2;;;;;;;;2;;;;
18/03/2011;06:07:00;2426;sem vítima;123;BR-040/RJ;Sul;Colisão Lateral;1;;1;;;;;;;;2;;;;
18/03/2011;17:13:00;2520;sem vítima;123;BR-040/RJ;Sul;Colisão Lateral;1;;1;;;;;;;;2;;;;
18/03/2011;07:14:00;2434;sem vítima;124;BR-040/RJ;Sul;Colisão Lateral;1;;1;;;;;;;;2;;;;
18/03/2011;15:39:00;2499;sem vítima;124;BR-040/RJ;Sul;Colisão Lateral;1;;1;;;;;;;;2;;;;
18/03/2011;16:23:00;2510;sem vítima;124;BR-040/RJ;Sul;Colisão Lateral;1;;1;;;;;;;;2;;;;
18/03/2011;16:35:00;2516;sem vítima;124;BR-040/RJ;Sul;Colisão Traseira;1;;;;;1;;;;;2;;;;
18/03/2011;19:38:00;2542;sem vítima;124;BR-040/RJ;Norte;Engavetamento;3;;;;;;;;;;3;;;;
19/03/2011;22:58:00;2721;sem vítima;783;BR-040/MG;Norte;Capotamento;1;;;;;;;;;;1;;;;
19/03/2011;13:51:00;2629;com vítima;84;BR-040/RJ;Sul;Capotamento;1;;;;;;;;;;0;1;;;
19/03/2011;10:34:00;2606;com vítima;108;BR-040/RJ;Sul;Capotamento;1;;;;;;;;;;0;3;;;
19/03/2011;06:31:00;2576;sem vítima;109;BR-040/RJ;Norte;Colisão Traseira;1;;;;;1;;;;;2;;;;
19/03/2011;20:24:00;2698;sem vítima;116;BR-040/RJ;Norte;Colisão Traseira;1;;1;;;;;;;;2;;;;
19/03/2011;21:44:00;2710;sem vítima;116;BR-040/RJ;Norte;Colisão Traseira;2;;;;;;;;;;2;;;;
20/03/2011;00:41:00;2729;sem vítima;25;BR-040/RJ;Norte;Colisão Traseira;1;;1;;;;;;;;2;;;;
20/03/2011;22:13:00;2825;com vítima;71;BR-040/RJ;Sul;Colisão Lateral;2;;;;;;;;;;0;;4;;
20/03/2011;21:14:00;2815;sem vítima;804;BR-040/MG;Sul;Capotamento;1;;;;;;;;;;1;;;;
20/03/2011;04:39:00;2735;sem vítima;90;BR-040/RJ;Norte;Choque - Objeto Fixo;1;;;;;;;;;;1;;;;
20/03/2011;10:42:00;2758;com vítima;100;BR-040/RJ;Sul;Queda de Moto;;;;1;;;;;;;0;;;1;
21/03/2011;16:37:00;2910;sem vítima;34;BR-040/RJ;Norte;Choque - Objeto Fixo;1;;;;;;;;;;2;;;;
21/03/2011;09:11:00;2854;sem vítima;56;BR-040/RJ;Norte;Derrapagem;1;;;;;;;;;;1;;;;
21/03/2011;21:20:00;2946;com vítima;821;BR-040/MG;Norte;Choque - Objeto Fixo;1;;;;;;;;;;0;1;;;
21/03/2011;20:31:00;2938;sem vítima;85;BR-040/RJ;Sul;Colisão Lateral;1;;1;;;;;;;;2;;;;
21/03/2011;17:29:00;2918;sem vítima;93;BR-040/RJ;Sul;Capotamento;1;;;;;;;;;;1;;;;
21/03/2011;12:05:00;2878;com vítima;106;BR-040/RJ;Norte;Colisão Lateral;1;;;1;;;;;;;1;1;;;
21/03/2011;21:08:00;2945;com vítima;106;BR-040/RJ;Norte;Colisão Frontal;2;;;;;;;;;;0;2;;;