data;horario;n_da_ocorrencia;tipo_de_ocorrencia;km;trecho;sentido;tipo_de_acidente;automovel;bicicleta;caminhao;moto;onibus;outros;tracao_animal;transporte_de_cargas_especiais;trator_maquinas;utilitarios;ilesos;levemente_feridos;moderadamente_feridos;gravemente_feridos;mortos
11/06/2011;08:10:00;1769;com vítima;92;BR-040/RJ;Sul;Choque - Objeto Fixo;1;;;;;;;;;;0;;1;;
11/06/2011;13:39:00;1813;com vítima;96;BR-040/RJ;Norte;Tombamento;;;1;;;;;;;;0;;1;;
11/06/2011;15:29:00;1829;sem vítima;96;BR-040/RJ;Norte;Colisão Lateral;1;;1;;;;;;;;2;;;;
11/06/2011;18:52:00;1865;sem vítima;110;BR-040/RJ;Norte;Colisão Lateral;2;;;;;;;;;;2;;;;
11/06/2011;18:24:00;1858;com vítima;113;BR-040/RJ;Sul;Choque - Objeto Fixo;1;;;;;;;;;;0;1;;;
11/06/2011;11:36:00;1798;sem vítima;118;BR-040/RJ;Norte;Colisão Traseira;1;;;;1;;;;;;2;;;;
11/06/2011;10:36:00;1787;com vítima;119;BR-040/RJ;Norte;Colisão Traseira;1;;;1;;;;;;;1;1;;;
11/06/2011;06:18:00;1754;sem vítima;121;BR-040/RJ;Norte;Choque - Objeto Fixo;1;;;;;;;;;;1;;;;
11/06/2011;09:55:00;1781;sem vítima;123;BR-040/RJ;Norte;Colisão Lateral;2;;;;;;;;;;2;;;;
12/06/2011;11:42:00;1941;com vítima;38;BR-040/RJ;Sul;Colisão Traseira;1;;;1;;;;;;;1;;1;;
12/06/2011;06:00:00;1916;sem vítima;68;BR-040/RJ;Sul;Choque - Objeto Fixo;1;;;;;;;;;;1;;;;
12/06/2011;18:36:00;2004;sem vítima;815;BR-040/MG;Sul;Choque - Objeto Fixo;1;;;;;;;;;;1;;;;
12/06/2011;15:08:00;1970;sem vítima;84;BR-040/RJ;Sul;Choque - Objeto Fixo;1;;;;;;;;;;1;;;;
12/06/2011;05:35:00;1915;sem vítima;118;BR-040/RJ;Sul;Choque - Objeto Fixo;1;;;;;;;;;;1;;;;
12/06/2011;19:26:00;2010;sem vítima;120;BR-040/RJ;Sul;Colisão Lateral;2;;;;;;;;;;2;;;;
13/06/2011;12:11:00;2100;com vítima;24;BR-040/RJ;Norte;Tombamento;;;1;;;;;;;;0;1;;;
13/06/2011;16:22:00;2131;com vítima;80;BR-040/RJ;Sul;Capotamento;1;;;;;;;;;;1;1;;;
13/06/2011;19:57:00;2161;sem vítima;93;BR-040/RJ;Sul;Choque - Objeto Fixo;;;1;;;;;;;;1;;;;
13/06/2011;01:27:00;2041;sem vítima;95;BR-040/RJ;Sul;Choque - Objeto Fixo;1;;;;;;;;;;1;;;;
13/06/2011;15:10:00;2118;sem vítima;96;BR-040/RJ;Sul;Choque - Objeto Fixo;1;;;;;;;;;;1;;;;
13/06/2011;15:50:00;2124;sem vítima;110;BR-040/RJ;Norte;Colisão Traseira;;;1;;;1;;;;;2;;;;
13/06/2011;20:36:00;2167;com vítima;110;BR-040/RJ;Sul;Colisão Frontal;;;1;1;;;;;;;1;;1;;
13/06/2011;01:44:00;2043;com vítima;118;BR-040/RJ;Norte;Colisão Traseira;2;;;;;;;;;;0;2;;;
14/06/2011;02:36:00;2192;com vítima;32;BR-040/RJ;Sul;Tombamento;;;1;;;;;;;;0;1;;;
14/06/2011;07:59:00;2215;sem vítima;777;BR-040/MG;Sul;Choque - Objeto Fixo;1;;;;;;;;;;1;;;;
14/06/2011;10:04:00;2236;com vítima;786;BR-040/MG;Norte;Capotamento;1;;;;;;;;;;1;;;;1
14/06/2011;18:11:00;2312;com vítima;88;BR-040/RJ;Sul;Colisão Traseira;1;;1;;;;;;;;1;1;1;;
14/06/2011;06:00:00;2203;com vítima;113;BR-040/RJ;Norte;Choque - Objeto Fixo;1;;;;;;;;;;0;1;;;
14/06/2011;22:49:00;2345;com vítima;114;BR-040/RJ;Norte;Capotamento;1;;;;;;;;;;0;1;;;
14/06/2011;22:25:00;2342;com vítima;119;BR-040/RJ;Sul;Choque - Objeto Fixo;;;1;;;;;;;;0;2;;;
14/06/2011;00:01:00;2185;sem vítima;123;BR-040/RJ;Sul;Choque - Objeto Fixo;1;;;;;;;;;;1;;;;
14/06/2011;06:55:00;2206;sem vítima;123;BR-040/RJ;Sul;Colisão Lateral;1;;1;;;;;;;;2;;;;
15/06/2011;10:32:00;2398;sem vítima;45;BR-040/RJ;Norte;Choque - Objeto Fixo;1;;;;;;;;;;1;;;;
15/06/2011;08:45:00;2382;sem vítima;84;BR-040/RJ;Norte;Choque - Objeto Fixo;1;;;;;;;;;;1;;;;
15/06/2011;06:48:00;2366;sem vítima;89;BR-040/RJ;Norte;Colisão Traseira;1;;;;;1;;;;;2;;;;
15/06/2011;18:24:00;2476;sem vítima;92;BR-040/RJ;Norte;Colisão Traseira;2;;;;;;;;;;2;;;;
15/06/2011;19:30:00;2487;sem vítima;120;BR-040/RJ;Norte;Choque - Objeto Fixo;1;;;;;;;;;;1;;;;
16/06/2011;21:32:00;2645;com vítima;778;BR-040/MG;Norte;Choque - Objeto Fixo;1;;;;;;;;;;0;;1;;
16/06/2011;17:00:00;2607;sem vítima;124;BR-040/RJ;Sul;Colisão Lateral;1;;1;;;;;;;;2;;;;
17/06/2011;05:22:00;2672;sem vítima;67;BR-040/RJ;Sul;Choque - Objeto Fixo;1;;;;;;;;;;1;;;;
17/06/2011;06:47:00;2680;sem vítima;812;BR-040/MG;Sul;Capotamento;1;;;;;;;;;;1;;;;
17/06/2011;18:08:00;2805;sem vítima;84;BR-040/RJ;Norte;Colisão Traseira;2;;;;;;;;;;2;;;;
17/06/2011;20:46:00;2842;sem vítima;87;BR-040/RJ;Sul;Tombamento;;;1;;;;;;;;1;;;;
17/06/2011;11:36:00;2730;com vítima;105;BR-040/RJ;Norte;Atropelamento - Pedestre;;1;;1;;;;;;;0;;2;;
17/06/2011;17:38:00;2798;sem vítima;118;BR-040/RJ;Norte;Colisão Lateral;1;;1;;;;;;;;2;;;;
17/06/2011;04:39:00;2670;sem vítima;122;BR-040/RJ;Sul;Colisão Traseira;2;;;;;;;;;;2;;;;
17/06/2011;06:21:00;2676;sem vítima;122;BR-040/RJ;Sul;Colisão Lateral;2;;;1;;;;;;;3;;;;
17/06/2011;07:27:00;2686;sem vítima;124;BR-040/RJ;Sul;Colisão Lateral;1;;;;;1;;;;;2;;;;
17/06/2011;10:25:00;2723;sem vítima;124;BR-040/RJ;Sul;Engavetamento;1;;1;;1;;;;;;3;;;;
18/06/2011;03:11:00;2872;com vítima;52;BR-040/RJ;Sul;Choque - Objeto Fixo;1;;;;;;;;;;0;1;;;
18/06/2011;09:18:00;2911;com vítima;85;BR-040/RJ;Sul;Capotamento;1;;;;;;;;;;0;3;;;
18/06/2011;16:58:00;2973;sem vítima;89;BR-040/RJ;Norte;Choque - Objeto Fixo;1;;;;;;;;;;1;;;;
18/06/2011;17:55:00;2985;sem vítima;89;BR-040/RJ;Norte;Colisão Lateral;1;;1;;;;;;;;2;;;;
18/06/2011;15:45:00;2958;com vítima;93;BR-040/RJ;Sul;Choque - Objeto Fixo;;;1;;;;;;;;0;1;1;;
18/06/2011;04:43:00;2880;com vítima;96;BR-040/RJ;Norte;Choque - Objeto Fixo;1;;;;;;;;;;0;;1;;
18/06/2011;17:11:00;2978;sem vítima;116;BR-040/RJ;Sul;Derrapagem;1;;;;;;;;;;1;;;;
18/06/2011;12:02:00;2929;com vítima;121;BR-040/RJ;Norte;Colisão Lateral;2;;1;;;1;;;;;3;1;;;
18/06/2011;21:08:00;3007;sem vítima;121;BR-040/RJ;Sul;Colisão Lateral;1;;1;;;;;;;;2;;;;
18/06/2011;04:01:00;2877;sem vítima;124;BR-040/RJ;Norte;Choque - Objeto Fixo;;;;1;;;;;;;1;;;;
19/06/2011;19:40:00;3136;sem vítima;49;BR-040/RJ;Norte;Choque - Objeto Fixo;1;;;;;;;;;;1;;;;
19/06/2011;19:22:00;3132;com vítima;78;BR-040/RJ;Sul;Capotamento;1;;;;;;;;;;0;3;;;
19/06/2011;21:03:00;3148;com vítima;98;BR-040/RJ;Sul;Capotamento;1;;;;;;;;;;0;1;;;
19/06/2011;21:28:00;3153;com vítima;109;BR-040/RJ;Norte;Colisão Traseira;1;;;;1;;;;;;1;2;;;
19/06/2011;23:00:00;3161;com vítima;110;BR-040/RJ;Sul;Choque - Objeto Fixo;3;;;;;;;;;;1;5;3;;
19/06/2011;07:28:00;3042;sem vítima;113;BR-040/RJ;Sul;Colisão Lateral;;;;1;;1;;;;;2;;;;
19/06/2011;11:10:00;3065;sem vítima;119;BR-040/RJ;Sul;Choque - Objeto Fixo;1;;;;;;;;;;1;;;;
20/06/2011;19:28:00;3293;com vítima;32;BR-040/RJ;Sul;Outros;;1;;1;;;;;;;0;;2;;
20/06/2011;09:13:00;3200;com vítima;43;BR-040/RJ;Sul;Choque - Objeto Fixo;1;;;;;;;;;;0;1;;;
20/06/2011;19:04:00;3290;sem vítima;780;BR-040/MG;Sul;Colisão Lateral;1;;1;;;;;;;;2;;;;
20/06/2011;14:21:00;3236;sem vítima;98;BR-040/RJ;Norte;Colisão Lateral;;;1;;1;;;;;;2;;;;
21/06/2011;18:47:00;3457;sem vítima;43;BR-040/RJ;Sul;Colisão Lateral;1;;1;;;;;;;;2;;;;
21/06/2011;15:30:00;3423;com vítima;68;BR-040/RJ;Norte;Capotamento;1;;;;;;;;;;0;;1;;
21/06/2011;09:00:00;3358;com vítima;77;BR-040/RJ;Sul;Choque - Objeto Fixo;1;;;;;;;;;;0;1;;;
21/06/2011;12:43:00;3401;sem vítima;83;BR-040/RJ;Norte;Choque - Objeto Fixo;1;;;;;;;;;;1;;;;
21/06/2011;19:08:00;3460;sem vítima;111;BR-040/RJ;Norte;Colisão Traseira;1;;;;1;;;;;;2;;;;
21/06/2011;10:49:00;3379;sem vítima;114;BR-040/RJ;Sul;Choque - Objeto Fixo;1;;;;;;;;;;1;;;;
21/06/2011;10:05:00;3371;sem vítima;118;BR-040/RJ;Sul;Choque - Objeto Fixo;;;1;;;;;;;;3;;;;
21/06/2011;11:14:00;3386;com vítima;124;BR-040/RJ;Sul;Queda de Moto;;;;1;;;;;;;0;1;;;
22/06/2011;23:05:00;3678;com vítima;24;BR-040/RJ;Norte;Tombamento;;;1;;;;;;;;1;1;;;
22/06/2011;15:28:00;3600;com vítima;804;BR-040/MG;Norte;Colisão Traseira;1;;1;;;;;;;;1;2;;;
22/06/2011;22:07:00;3671;sem vítima;814;BR-040/MG;Norte;Choque - Objeto Fixo;1;;;;;;;;;;1;;;;
22/06/2011;04:30:00;3506;sem vítima;87;BR-040/RJ;Norte;Choque - Objeto Fixo;1;;;;;;;;;;1;;;;
22/06/2011;20:25:00;3655;com vítima;96;BR-040/RJ;Norte;Choque - Objeto Fixo;1;;;;;;;;;;0;1;;;
22/06/2011;19:14:00;3642;com vítima;101;BR-040/RJ;Norte;Atropelamento - Pedestre;1;;;;;;;;;;1;1;;;
22/06/2011;12:45:00;3572;sem vítima;105;BR-040/RJ;Norte;Colisão Traseira;2;;;;;;;;;;2;;;;
22/06/2011;15:04:00;3595;com vítima;119;BR-040/RJ;Norte;Engavetamento;4;;;;;;;;;;3;2;;;
22/06/2011;23:02:00;3677;com vítima;119;BR-040/RJ;Sul;Choque - Objeto Fixo;1;;;;;;;;;;0;1;;;
23/06/2011;05:01:00;3701;sem vítima;37;BR-040/RJ;Sul;Choque - Objeto Fixo;1;;;;;;;;;;1;;;;
23/06/2011;07:33:00;3712;sem vítima;78;BR-040/RJ;Sul;Choque - Objeto Fixo;1;;;;;;;;;;1;;;;
23/06/2011;08:09:00;3716;sem vítima;80;BR-040/RJ;Sul;Choque - Objeto Fixo;1;;;;;;;;;;1;;;;
23/06/2011;08:18:00;3718;sem vítima;80;BR-040/RJ;Sul;Choque - Objeto Fixo;1;;;;;;;;;;1;;;;
23/06/2011;04:55:00;3699;com vítima;804;BR-040/MG;Norte;Colisão Traseira;1;;1;;;;;;;;2;1;;;
23/06/2011;00:45:00;3688;sem vítima;84;BR-040/RJ;Sul;Choque - Objeto Fixo;1;;;;;;;;;;1;;;;
23/06/2011;01:51:00;3689;sem vítima;84;BR-040/RJ;Sul;Choque - Objeto Fixo;1;;;;;;;;;;1;;;;
23/06/2011;07:38:00;3713;sem vítima;84;BR-040/RJ;Norte;Choque - Objeto Fixo;1;;;;;;;;;;1;;;;
23/06/2011;02:28:00;3691;sem vítima;85;BR-040/RJ;Norte;Choque - Objeto Fixo;;;1;;;;;;;;1;;;;
23/06/2011;10:09:00;3729;sem vítima;87;BR-040/RJ;Norte;Choque - Objeto Fixo;1;;;;;;;;;;1;;;;
23/06/2011;11:09:00;3743;sem vítima;89;BR-040/RJ;Norte;Choque - Objeto Fixo;1;;;;;;;;;;1;;;;
23/06/2011;07:15:00;3708;sem vítima;90;BR-040/RJ;Norte;Choque - Objeto Fixo;1;;;;;;;;;;1;;;;
23/06/2011;12:03:00;3755;com vítima;93;BR-040/RJ;Sul;Choque - Objeto Fixo;1;;;;;;;;;;0;3;1;;
23/06/2011;11:43:00;3750;sem vítima;96;BR-040/RJ;Norte;Colisão Traseira;2;;;;;;;;;;2;;;;
23/06/2011;15:10:00;3774;sem vítima;111;BR-040/RJ;Norte;Colisão Traseira;1;;1;;;;;;;;2;;;;
23/06/2011;22:51:00;3844;com vítima;118;BR-040/RJ;Norte;Choque - Objeto Fixo;1;;;;;;;;;;1;;;;1
23/06/2011;14:51:00;3773;com vítima;120;BR-040/RJ;Sul;Capotamento;1;;;;;;;;;;0;1;;;
23/06/2011;23:45:00;3847;sem vítima;122;BR-040/RJ;Sul;Colisão Traseira;2;;;;;;;;;;2;;;;
23/06/2011;10:41:00;3736;sem vítima;123;BR-040/RJ;Norte;Colisão Lateral;1;;;1;;;;;;;2;;;;
24/06/2011;16:10:00;3950;com vítima;5;BR-040/RJ;Norte;Tombamento;;;1;;;1;;;;;1;1;;;
24/06/2011;10:37:00;3893;com vítima;46;BR-040/RJ;Norte;Capotamento;1;;;;;;;;;;0;1;;;
24/06/2011;16:53:00;3958;com vítima;78;BR-040/RJ;Sul;Choque - Objeto Fixo;1;;;;;;;;;;0;1;;;
24/06/2011;18:07:00;3970;com vítima;78;BR-040/RJ;Sul;Colisão Traseira;2;;;;;;;;;;0;2;;;
24/06/2011;18:40:00;3978;com vítima;78;BR-040/RJ;Sul;Choque - Objeto Fixo;1;;;;;;;;;;0;1;;;
24/06/2011;22:08:00;4005;sem vítima;85;BR-040/RJ;Norte;Choque - Objeto Fixo;1;;;;;;;;;;1;;;;
24/06/2011;19:26:00;3981;sem vítima;98;BR-040/RJ;Norte;Colisão Lateral;1;;1;;;;;;;;2;;;;
24/06/2011;04:45:00;3861;sem vítima;110;BR-040/RJ;Norte;Choque - Objeto Fixo;1;;;;;;;;;;1;;;;
24/06/2011;06:16:00;3868;com vítima;110;BR-040/RJ;Norte;Choque - Objeto Fixo;1;;;;;;;;;;0;1;;;
24/06/2011;11:26:00;3899;sem vítima;123;BR-040/RJ;Norte;Colisão Traseira;1;;1;;;;;;;;2;;;;
25/06/2011;15:06:00;4106;com vítima;818;BR-040/MG;Sul;Colisão Lateral;1;1;;;;;;;;;1;1;;;
25/06/2011;02:12:00;4020;sem vítima;84;BR-040/RJ;Norte;Choque - Objeto Fixo;1;;;;;;;;;;1;;;;
25/06/2011;07:39:00;4040;sem vítima;85;BR-040/RJ;Norte;Choque - Objeto Fixo;1;;;;;;;;;;1;;;;
25/06/2011;11:00:00;4069;sem vítima;94;BR-040/RJ;Norte;Colisão Traseira;1;;;;;1;;;;;2;;;;
25/06/2011;18:14:00;4144;sem vítima;109;BR-040/RJ;Sul;Colisão Traseira;2;;;;;;;;;;2;;;;
25/06/2011;19:03:00;4151;com vítima;110;BR-040/RJ;Sul;Capotamento;1;;;;1;;;;;;1;2;;;
25/06/2011;08:01:00;4038;sem vítima;118;BR-040/RJ;Norte;Colisão Lateral;2;;;;;;;;;;2;;;;
25/06/2011;06:20:00;4032;sem vítima;123;BR-040/RJ;Norte;Colisão Traseira;1;;1;;;;;;;;2;;;;
26/06/2011;18:29:00;4306;com vítima;53;BR-040/RJ;Sul;Engavetamento;3;;;;;;;;;;2;;2;;
26/06/2011;19:29:00;4316;com vítima;53;BR-040/RJ;Norte;Atropelamento - Pedestre;1;;;;;;;;;;0;1;;;1
26/06/2011;15:48:00;4272;com vítima;65;BR-040/RJ;Sul;Colisão Traseira;1;;;1;;;;;;;1;;1;;
26/06/2011;07:47:00;4208;sem vítima;78;BR-040/RJ;Sul;Choque - Objeto Fixo;1;;;;;;;;;;1;;;;
26/06/2011;21:42:00;4346;com vítima;82;BR-040/RJ;Norte;Colisão Frontal;1;1;;;;;;;;;0;1;1;;
26/06/2011;11:53:00;4240;sem vítima;815;BR-040/MG;Sul;Choque - Objeto Fixo;1;;;;;;;;;;1;;;;
26/06/2011;23:50:00;4361;sem vítima;104;BR-040/RJ;Sul;Choque - Objeto Fixo;;;;;1;;;;;;1;;;;
26/06/2011;03:05:00;4187;com vítima;106;BR-040/RJ;Norte;Atropelamento - Pedestre;;;;;;1;;;;;1;;;1;
26/06/2011;19:03:00;4311;com vítima;106;BR-040/RJ;Norte;Queda de Moto;;;;1;;;;;;;0;1;;;
26/06/2011;22:38:00;4353;sem vítima;106;BR-040/RJ;Sul;Colisão Traseira;2;;;;;;;;;;2;;;;
26/06/2011;02:59:00;4186;com vítima;107;BR-040/RJ;Sul;Colisão Traseira;1;;;1;;;;;;;0;4;;;
26/06/2011;06:10:00;4200;com vítima;115;BR-040/RJ;Sul;Choque - Objeto Fixo;1;;;;;;;;;;0;1;;;
26/06/2011;15:20:00;4266;com vítima;122;BR-040/RJ;Sul;Colisão Traseira;2;;;;;;;;;;0;5;;;
26/06/2011;14:11:00;4258;com vítima;123;BR-040/RJ;Sul;Colisão Traseira;1;;;;1;;;;;;0;5;;;
27/06/2011;02:02:00;4370;com vítima;19;BR-040/RJ;Norte;Atropelamento - Animal;1;;;;;;;;;;0;2;;;
27/06/2011;00:01:00;4363;sem vítima;79;BR-040/RJ;Norte;Choque - Objeto Fixo;1;;;;;;;;;;1;;;;
27/06/2011;14:30:00;4458;com vítima;787;BR-040/MG;Norte;Capotamento;1;;;;;;;;;;0;;1;1;1
27/06/2011;13:17:00;4453;sem vítima;84;BR-040/RJ;Norte;Choque - Objeto Fixo;1;;;;;;;;;;1;;;;
27/06/2011;11:10:00;4432;sem vítima;85;BR-040/RJ;Norte;Choque - Objeto Fixo;1;;;;;;;;;;1;;;;
27/06/2011;12:45:00;4446;com vítima;86;BR-040/RJ;Sul;Choque - Objeto Fixo;1;;;;;;;;;;0;1;;;
27/06/2011;16:12:00;4475;sem vítima;90;BR-040/RJ;Norte;Choque - Objeto Fixo;1;;;;;;;;;;1;;;;
27/06/2011;07:51:00;4401;sem vítima;91;BR-040/RJ;Norte;Derrapagem;1;;;;;;;;;;1;;;;
27/06/2011;05:57:00;4387;sem vítima;93;BR-040/RJ;Norte;Choque - Objeto Fixo;1;;;;;;;;;;1;;;;
27/06/2011;12:29:00;4444;com vítima;93;BR-040/RJ;Sul;Capotamento;1;;;;;;;;;;0;1;;;
27/06/2011;00:08:00;4364;sem vítima;94;BR-040/RJ;Norte;Choque - Objeto Fixo;1;;;;;;;;;;1;;;;
27/06/2011;01:46:00;4369;com vítima;95;BR-040/RJ;Norte;Queda de Moto;;;;1;;;;;;;0;1;;;
27/06/2011;06:18:00;4388;sem vítima;96;BR-040/RJ;Norte;Choque - Objeto Fixo;1;;;;;;;;;;1;;;;
27/06/2011;23:30:00;4519;com vítima;97;BR-040/RJ;Sul;Choque - Objeto Fixo;1;;;;;;;;;;0;;2;;
28/06/2011;10:41:00;4571;com vítima;39;BR-040/RJ;Norte;Tombamento;;;1;;;;;;;;0;1;;;
28/06/2011;16:35:00;4617;sem vítima;45;BR-040/RJ;Norte;Colisão Traseira;2;;;;;;;;;;2;;;;
28/06/2011;12:50:00;4587;com vítima;68;BR-040/RJ;Norte;Colisão Lateral;1;;1;;;;;;;;1;2;;;
28/06/2011;14:26:00;4593;sem vítima;79;BR-040/RJ;Sul;Choque - Objeto Fixo;1;;;;;;;;;;1;;;;
28/06/2011;21:19:00;4655;sem vítima;83;BR-040/RJ;Norte;Choque - Objeto Fixo;1;;;;;;;;;;1;;;;
28/06/2011;18:05:00;4634;sem vítima;91;BR-040/RJ;Sul;Colisão Traseira;1;;1;;;;;;;;2;;;;
28/06/2011;17:35:00;4628;sem vítima;107;BR-040/RJ;Norte;Colisão Lateral;1;;1;;;;;;;;2;;;;
29/06/2011;03:09:00;4674;com vítima;43;BR-040/RJ;Norte;Choque - Objeto Fixo;1;;;;;;;;;;0;2;;;
29/06/2011;17:40:00;4790;sem vítima;77;BR-040/RJ;Sul;Choque - Objeto Fixo;1;;;;;;;;;;1;;;;
29/06/2011;16:13:00;4775;com vítima;78;BR-040/RJ;Sul;Capotamento;1;;;;;;;;;;0;1;;;
29/06/2011;09:35:00;4716;sem vítima;816;BR-040/MG;Norte;Engavetamento;2;;1;;;;;;;;3;;;;
29/06/2011;20:27:00;4804;sem vítima;109;BR-040/RJ;Norte;Colisão Traseira;2;;;;;;;;;;2;;;;
29/06/2011;09:56:00;4718;com vítima;110;BR-040/RJ;Sul;Engavetamento;1;;1;;1;;;;;;1;7;3;;
29/06/2011;15:13:00;4764;sem vítima;116;BR-040/RJ;Norte;Colisão Lateral;1;;;;;1;;;;;2;;;;
29/06/2011;10:54:00;4728;sem vítima;123;BR-040/RJ;Sul;Colisão Lateral;2;;;;;;;;;;2;;;;
29/06/2011;18:05:00;4792;sem vítima;123;BR-040/RJ;Sul;Colisão Lateral;1;;1;;;;;;;;2;;;;
30/06/2011;08:23:00;4853;sem vítima;79;BR-040/RJ;Norte;Derrapagem;1;;;;;;;;;;1;;;;
30/06/2011;02:07:00;4819;sem vítima;800;BR-040/MG;Sul;Choque - Objeto Fixo;;;1;;;;;;;;1;;;;
30/06/2011;05:18:00;4830;com vítima;86;BR-040/RJ;Norte;Choque - Objeto Fixo;1;;;;;;;;;;0;2;;;
30/06/2011;07:32:00;4842;sem vítima;112;BR-040/RJ;Sul;Choque - Objeto Fixo;1;;;;;;;;;;1;;;;
30/06/2011;07:37:00;4843;com vítima;112;BR-040/RJ;Sul;Colisão Lateral;1;;;1;;;;;;;1;1;;;
30/06/2011;22:02:00;4964;com vítima;116;BR-040/RJ;Norte;Choque - Objeto Fixo;1;;1;;;;;;;;1;3;;;
01/07/2011;08:12:00;32;sem vítima;69;BR-040/RJ;Norte;Choque - Objeto Fixo;1;;;;;;;;;;1;;;;
01/07/2011;07:25:00;27;sem vítima;780;BR-040/MG;Norte;Choque - Objeto Fixo;1;;;;;;;;;;1;;;;
01/07/2011;20:33:00;144;com vítima;792;BR-040/MG;Norte;Queda de Moto;;;;1;;;;;;;0;1;;;
01/07/2011;11:20:00;63;com vítima;823;BR-040/MG;Norte;Colisão Traseira;;;1;1;;;;;;;1;1;;;
01/07/2011;12:50:00;74;sem vítima;86;BR-040/RJ;Norte;Colisão Traseira;;;1;;;1;;;;;2;;;;
01/07/2011;14:50:00;94;com vítima;87;BR-040/RJ;Norte;Choque - Objeto Fixo;1;;;;;;;;;;0;1;;;
01/07/2011;14:34:00;89;sem vítima;89;BR-040/RJ;Sul;Derrapagem;;;1;;;;;;;;1;;;;
01/07/2011;08:19:00;37;com vítima;98;BR-040/RJ;Norte;Queda de Moto;;;;1;;;;;;;0;1;;;
01/07/2011;10:24:00;55;sem vítima;98;BR-040/RJ;Norte;Queda de Moto;1;;;;;;;;;;1;;;;
01/07/2011;10:31:00;56;sem vítima;98;BR-040/RJ;Norte;Queda de Moto;1;;;;;;;;;;1;;;;
01/07/2011;07:27:00;28;sem vítima;105;BR-040/RJ;Sul;Colisão Lateral;;;1;;1;;;;;;2;;;;
01/07/2011;18:03:00;128;sem vítima;109;BR-040/RJ;Norte;Colisão Lateral;1;;1;;;;;;;;2;;;;
01/07/2011;19:50:00;139;sem vítima;110;BR-040/RJ;Norte;Colisão Traseira;1;;;;;1;;;;;2;;;;
01/07/2011;04:36:00;12;com vítima;119;BR-040/RJ;Sul;Capotamento;1;;;;;;;;;;0;1;1;;1
01/07/2011;12:41:00;72;com vítima;122;BR-040/RJ;Sul;Atropelamento - Pedestre;1;;;;;;;;;;1;;1;;
01/07/2011;20:28:00;142;sem vítima;123;BR-040/RJ;Norte;Colisão Lateral;1;;1;;;;;;;;2;;;;
01/07/2011;16:35:00;117;sem vítima;124;BR-040/RJ;Norte;Engavetamento;3;;;;;;;;;;3;;;;
01/07/2011;18:51:00;136;com vítima;124;BR-040/RJ;Norte;Engavetamento;3;;1;;1;;;;;;4;1;;;
02/07/2011;06:07:00;181;sem vítima;26;BR-040/RJ;Norte;Choque - Objeto Fixo;1;;;;;;;;;;1;;;;
02/07/2011;01:25:00;165;sem vítima;49;BR-040/RJ;Norte;Choque - Objeto Fixo;1;;;;;;;;;;1;;;;
02/07/2011;15:20:00;246;com vítima;59;BR-040/RJ;Sul;Queda de Moto;;;;1;;;;;;;0;;1;;
02/07/2011;08:30:00;197;sem vítima;78;BR-040/RJ;Norte;Colisão Traseira;2;;;;;;;;;;2;;;;
02/07/2011;10:47:00;210;com vítima;78;BR-040/RJ;Sul;Capotamento;1;;;;;;;;;;0;1;;;
02/07/2011;12:06:00;224;com vítima;78;BR-040/RJ;Sul;Capotamento;1;;;;;;;;;;0;1;;;
02/07/2011;15:28:00;249;sem vítima;78;BR-040/RJ;Norte;Colisão Traseira;;;1;;;1;;;;;2;;;;
02/07/2011;22:29:00;295;sem vítima;782;BR-040/MG;Sul;Atropelamento - Animal;1;;;;;;;;;;1;;;;
02/07/2011;17:51:00;268;com vítima;801;BR-040/MG;Norte;Derrapagem;1;;;;;;;;;;3;2;2;;
02/07/2011;08:06:00;194;com vítima;806;BR-040/MG;Norte;Queda de Moto;;;;1;;;;;;;0;;2;;
02/07/2011;11:00:00;212;com vítima;814;BR-040/MG;Norte;Choque - Objeto Fixo;;;;1;;;;;;;0;;;1;
02/07/2011;13:28:00;234;com vítima;822;BR-040/MG;Norte;Colisão Lateral;;1;;1;;;;;;;0;1;;1;
02/07/2011;04:40:00;176;sem vítima;85;BR-040/RJ;Norte;Choque - Objeto Fixo;1;;;;;;;;;;1;;;;
02/07/2011;10:26:00;208;com vítima;105;BR-040/RJ;Norte;Colisão Lateral;1;;;1;;;;;;;1;2;;;
02/07/2011;03:16:00;170;com vítima;111;BR-040/RJ;Norte;Capotamento;1;;;;;;;;;;0;;1;;
02/07/2011;05:02:00;177;com vítima;116;BR-040/RJ;Sul;Derrapagem;1;;;;;;;;;;0;1;1;1;
03/07/2011;19:32:00;411;com vítima;17;BR-040/RJ;Norte;Atropelamento - Animal;1;;;;;;;;;;0;5;;;
03/07/2011;19:32:00;418;com vítima;17;BR-040/RJ;Norte;Atropelamento - Animal;1;;;;;;;;;;0;5;;;
03/07/2011;11:28:00;355;com vítima;72;BR-040/RJ;Sul;Choque - Objeto Fixo;1;;;;;;;;;;0;1;;;
03/07/2011;03:17:00;318;sem vítima;78;BR-040/RJ;Sul;Choque - Objeto Fixo;1;;;;;;;;;;1;;;;
03/07/2011;13:36:00;378;com vítima;793;BR-040/MG;Sul;Queda de Moto;;;;1;;;;;;;0;;;1;
03/07/2011;10:15:00;344;sem vítima;816;BR-040/MG;Norte;Colisão Traseira;2;;;;;;;;;;2;;;;