data;horario;n_da_ocorrencia;tipo_de_ocorrencia;km;trecho;sentido;tipo_de_acidente;automovel;bicicleta;caminhao;moto;onibus;outros;tracao_animal;transporte_de_cargas_especiais;trator_maquinas;utilitarios;ilesos;levemente_feridos;moderadamente_feridos;gravemente_feridos;mortos
03/07/2011;10:32:00;345;com vítima;85;BR-040/RJ;Norte;Capotamento;1;;;;;;;;;;0;1;;;
03/07/2011;04:15:00;322;sem vítima;92;BR-040/RJ;Sul;Choque - Objeto Fixo;1;;;;;;;;;;1;;;;
03/07/2011;22:07:00;430;sem vítima;92;BR-040/RJ;Sul;Choque - Objeto Fixo;1;;;;;;;;;;1;;;;
03/07/2011;20:31:00;421;sem vítima;94;BR-040/RJ;Sul;Capotamento;1;;;;;;;;;;3;;;;
03/07/2011;21:35:00;428;sem vítima;97;BR-040/RJ;Norte;Choque - Objeto Fixo;1;;;;;;;;;;1;;;;
03/07/2011;23:01:00;435;sem vítima;105;BR-040/RJ;Norte;Derrapagem;1;;;;;;;;;;1;;;;
03/07/2011;15:51:00;392;com vítima;109;BR-040/RJ;Norte;Colisão Lateral;1;;;1;;;;;;;1;;1;;
04/07/2011;14:18:00;515;com vítima;43;BR-040/RJ;Norte;Atropelamento - Pedestre;;;1;;;;;;;;1;;1;;
04/07/2011;16:44:00;544;sem vítima;45;BR-040/RJ;Norte;Colisão Transversal;1;;1;;;;;;;;2;;;;
04/07/2011;14:54:00;522;sem vítima;72;BR-040/RJ;Norte;Choque - Objeto Fixo;1;;;;;;;;;;1;;;;
04/07/2011;07:35:00;463;sem vítima;85;BR-040/RJ;Norte;Derrapagem;1;;;;;;;;;;1;;;;
04/07/2011;10:24:00;486;sem vítima;85;BR-040/RJ;Norte;Choque - Objeto Fixo;1;;;;;;;;;;1;;;;
04/07/2011;12:09:00;502;sem vítima;85;BR-040/RJ;Norte;Choque - Objeto Fixo;1;;;;;;;;;;1;;;;
04/07/2011;22:03:00;577;com vítima;86;BR-040/RJ;Sul;Queda de Moto;;;;1;;;;;;;0;1;;;
04/07/2011;00:45:00;443;com vítima;90;BR-040/RJ;Norte;Choque - Objeto Fixo;1;;;;;;;;;;0;2;;;
04/07/2011;12:12:00;504;com vítima;92;BR-040/RJ;Sul;Choque - Objeto Fixo;1;;;;;;;;;;4;3;;;
04/07/2011;08:37:00;473;sem vítima;93;BR-040/RJ;Sul;Choque - Objeto Fixo;1;;;;;;;;;;1;;;;
04/07/2011;11:20:00;494;sem vítima;93;BR-040/RJ;Sul;Choque - Objeto Fixo;1;;;;;;;;;;1;;;;
04/07/2011;05:57:00;457;sem vítima;94;BR-040/RJ;Sul;Choque - Objeto Fixo;1;;;;;;;;;;1;;;;
04/07/2011;10:36:00;487;sem vítima;94;BR-040/RJ;Sul;Choque - Objeto Fixo;1;;;;;;;;;;1;;;;
04/07/2011;15:53:00;530;sem vítima;97;BR-040/RJ;Sul;Choque - Objeto Fixo;1;;;;;;;;;;1;;;;
04/07/2011;13:54:00;513;com vítima;105;BR-040/RJ;Sul;Colisão Lateral;;;1;1;;;;;;;1;1;;;
04/07/2011;06:30:00;460;sem vítima;113;BR-040/RJ;Sul;Derrapagem;1;;;;;;;;;;1;;;;
04/07/2011;18:49:00;561;com vítima;114;BR-040/RJ;Norte;Queda de Moto;;;;1;;;;;;;0;;1;;
04/07/2011;03:28:00;449;sem vítima;116;BR-040/RJ;Sul;Colisão Traseira;1;;;;;1;;;;;2;;;;
04/07/2011;22:57:00;578;com vítima;119;BR-040/RJ;Norte;Queda de Moto;;;;1;;;;;;;0;;1;;
04/07/2011;08:13:00;470;sem vítima;123;BR-040/RJ;Sul;Colisão Lateral;1;;1;;;;;;;;2;;;;
04/07/2011;14:00:00;514;com vítima;123;BR-040/RJ;Norte;Engavetamento;1;;;;2;;;;;;2;2;;;
04/07/2011;14:30:00;518;sem vítima;123;BR-040/RJ;Norte;Colisão Lateral;1;;1;;;;;;;;2;;;;
05/07/2011;12:47:00;644;com vítima;49;BR-040/RJ;Norte;Colisão Traseira;2;;;;;;;;;;0;;5;;
05/07/2011;07:12:00;596;sem vítima;79;BR-040/RJ;Norte;Capotamento;1;;;;;;;;;;3;;;;
05/07/2011;16:40:00;680;com vítima;87;BR-040/RJ;Sul;Queda de Moto;;;;1;;;;;;;0;;;1;
05/07/2011;11:42:00;634;sem vítima;90;BR-040/RJ;Norte;Derrapagem;;;;1;;;;;;;1;;;;
05/07/2011;00:26:00;582;com vítima;91;BR-040/RJ;Sul;Colisão Traseira;;;2;;;;;;;;1;1;;;
05/07/2011;11:52:00;635;sem vítima;91;BR-040/RJ;Sul;Colisão Traseira;;;2;;;;;;;;3;;;;
05/07/2011;18:20:00;695;sem vítima;109;BR-040/RJ;Sul;Colisão Traseira;1;;1;;;;;;;;2;;;;
05/07/2011;07:19:00;597;sem vítima;110;BR-040/RJ;Sul;Engavetamento;4;;;;;;;;;;4;;;;
05/07/2011;07:21:00;599;sem vítima;113;BR-040/RJ;Norte;Choque - Objeto Fixo;1;;;;;;;;;;1;;;;
05/07/2011;18:40:00;697;sem vítima;122;BR-040/RJ;Norte;Colisão Lateral;;;2;;;;;;;;2;;;;
05/07/2011;07:25:00;600;com vítima;123;BR-040/RJ;Sul;Colisão Lateral;1;;1;;;;;;;;1;1;;;
05/07/2011;19:59:00;711;sem vítima;124;BR-040/RJ;Norte;Colisão Lateral;1;;;;;1;;;;;2;;;;
06/07/2011;20:52:00;885;com vítima;5;BR-040/RJ;Sul;Atropelamento - Pedestre;1;1;;;;;;;;;1;;;;1
06/07/2011;21:30:00;889;sem vítima;72;BR-040/RJ;Sul;Choque - Objeto Fixo;1;;;;;;;;;;1;;;;
06/07/2011;08:12:00;777;com vítima;106;BR-040/RJ;Norte;Capotamento;1;;;;;;;;;;0;1;;;
06/07/2011;13:41:00;816;sem vítima;120;BR-040/RJ;Sul;Colisão Lateral;1;;;;;1;;;;;2;;;;
06/07/2011;07:28:00;763;com vítima;122;BR-040/RJ;Norte;Colisão Lateral;1;;;;;1;;;;;1;1;;;
06/07/2011;15:06:00;828;sem vítima;122;BR-040/RJ;Norte;Colisão Traseira;1;;;;1;;;;;;2;;;;
06/07/2011;15:47:00;839;sem vítima;123;BR-040/RJ;Sul;Engavetamento;2;;1;;;;;;;;3;;;;
07/07/2011;13:15:00;974;sem vítima;825;BR-040/MG;Norte;Choque - Objeto Fixo;1;;;;;;;;;;1;;;;
07/07/2011;09:07:00;949;com vítima;86;BR-040/RJ;Norte;Choque - Objeto Fixo;1;;;;;;;;;;0;1;;;
07/07/2011;16:49:00;1006;sem vítima;92;BR-040/RJ;Sul;Derrapagem;1;;;;;;;;;;1;;;;
07/07/2011;16:56:00;1007;com vítima;92;BR-040/RJ;Sul;Capotamento;1;;;;;;;;;;1;1;;;
07/07/2011;15:42:00;995;sem vítima;93;BR-040/RJ;Sul;Choque - Objeto Fixo;1;;;;;;;;;;1;;;;
07/07/2011;07:11:00;932;sem vítima;94;BR-040/RJ;Sul;Derrapagem;1;;;;;;;;;;1;;;;
07/07/2011;04:06:00;913;sem vítima;105;BR-040/RJ;Norte;Choque - Objeto Fixo;1;;;;;;;;;;1;;;;
07/07/2011;04:57:00;917;sem vítima;107;BR-040/RJ;Norte;Choque - Objeto Fixo;1;;;;;;;;;;1;;;;
07/07/2011;02:32:00;911;com vítima;109;BR-040/RJ;Sul;Capotamento;1;;;;;;;;;;0;;1;;
07/07/2011;15:53:00;996;com vítima;111;BR-040/RJ;Norte;Colisão Traseira;1;;;;1;;;;;;7;1;;;
07/07/2011;06:19:00;927;sem vítima;123;BR-040/RJ;Sul;Queda de Moto;;;1;1;;;;;;;2;;;;
07/07/2011;11:05:00;964;sem vítima;123;BR-040/RJ;Sul;Colisão Traseira;2;;;;;;;;;;2;;;;
07/07/2011;07:57:00;939;sem vítima;124;BR-040/RJ;Norte;Engavetamento;3;;;;;;;;;;3;;;;
07/07/2011;08:05:00;941;sem vítima;124;BR-040/RJ;Norte;Colisão Lateral;1;;1;;;;;;;;2;;;;
08/07/2011;09:08:00;1096;com vítima;45;BR-040/RJ;Sul;Engavetamento;2;;;1;;;;;;;6;3;;;
08/07/2011;17:51:00;1182;com vítima;73;BR-040/RJ;Sul;Queda de Moto;;;;1;;;;;;;0;2;;;
08/07/2011;17:14:00;1180;com vítima;78;BR-040/RJ;Sul;Capotamento;1;;;;;;;;;;0;1;;;
08/07/2011;23:00:00;1228;sem vítima;78;BR-040/RJ;Sul;Choque - Objeto Fixo;1;;;;;;;;;;1;;;;
08/07/2011;03:16:00;1055;sem vítima;810;BR-040/MG;Sul;Atropelamento - Animal;;;1;;;;;;;;1;;;;
08/07/2011;22:58:00;1226;sem vítima;814;BR-040/MG;Norte;Choque - Objeto Fixo;1;;;;;;;;;;1;;;;
08/07/2011;23:16:00;1229;sem vítima;85;BR-040/RJ;Norte;Colisão Traseira;1;;;;;1;;;;;2;;;;
08/07/2011;18:17:00;1187;sem vítima;96;BR-040/RJ;Norte;Colisão Traseira;2;;;;;;;;;;2;;;;
08/07/2011;09:11:00;1098;com vítima;112;BR-040/RJ;Norte;Queda de Moto;;;;1;;;;;;;0;1;;;
08/07/2011;15:45:00;1164;com vítima;114;BR-040/RJ;Sul;Queda de Moto;;;;1;;;;;;;0;1;;;
08/07/2011;18:10:00;1186;sem vítima;114;BR-040/RJ;Sul;Colisão Traseira;1;;;;;1;;;;;2;;;;
08/07/2011;06:32:00;1070;sem vítima;120;BR-040/RJ;Norte;Colisão Traseira;;;;1;1;;;;;;3;;;;
08/07/2011;14:53:00;1156;sem vítima;122;BR-040/RJ;Sul;Colisão Traseira;2;;;;;;;;;;2;;;;
08/07/2011;22:31:00;1223;com vítima;122;BR-040/RJ;Norte;Atropelamento - Pedestre;;;;1;;;;;;;1;;1;;
08/07/2011;16:51:00;1178;sem vítima;123;BR-040/RJ;Sul;Colisão Lateral;1;;1;;;;;;;;2;;;;
08/07/2011;23:48:00;1231;com vítima;123;BR-040/RJ;Norte;Atropelamento - Pedestre;;;;;;1;;;;;1;;;;1
08/07/2011;09:09:00;1097;sem vítima;124;BR-040/RJ;Sul;Colisão Traseira;;;;1;;1;;;;;2;;;;
08/07/2011;13:37:00;1147;sem vítima;124;BR-040/RJ;Norte;Engavetamento;2;;;;;1;;;;;3;;;;
09/07/2011;15:05:00;1362;com vítima;802;BR-040/MG;Sul;Engavetamento;1;1;;1;;;;;;;1;1;1;;
09/07/2011;03:12:00;1250;sem vítima;815;BR-040/MG;Sul;Tombamento;;;1;;;;;;;;1;;;;
09/07/2011;04:08:00;1254;sem vítima;107;BR-040/RJ;Norte;Choque - Objeto Fixo;1;;;;;;;;;;1;;;;
09/07/2011;21:58:00;1430;com vítima;111;BR-040/RJ;Norte;Choque - Objeto Fixo;1;;;;;;;;;;0;2;;;
09/07/2011;22:00:00;1432;com vítima;111;BR-040/RJ;Norte;Colisão Traseira;2;;;;;;;;;;0;2;;;
10/07/2011;12:41:00;1517;com vítima;72;BR-040/RJ;Sul;Colisão Lateral;;;;2;;;;;;;0;;2;;
10/07/2011;11:10:00;1508;com vítima;790;BR-040/MG;Sul;Colisão Lateral;1;;;1;;;;;;;1;;1;;
10/07/2011;18:22:00;1564;com vítima;109;BR-040/RJ;Sul;Engavetamento;4;;;;;;;;;;3;1;;;
10/07/2011;05:30:00;1467;com vítima;121;BR-040/RJ;Sul;Choque - Objeto Fixo;1;;;;;;;;;;1;1;;;
11/07/2011;01:02:00;1604;com vítima;17;BR-040/RJ;Sul;Choque - Objeto Fixo;1;;;;;;;;;;0;;1;;1
11/07/2011;14:31:00;1695;sem vítima;58;BR-040/RJ;Norte;Choque - Objeto Fixo;1;;;;;;;;;;1;;;;
11/07/2011;07:02:00;1627;sem vítima;72;BR-040/RJ;Sul;Choque - Objeto Fixo;1;;;;;;;;;;1;;;;
11/07/2011;11:42:00;1671;sem vítima;93;BR-040/RJ;Norte;Colisão Lateral;;;2;;;;;;;;2;;;;
11/07/2011;19:30:00;1751;sem vítima;109;BR-040/RJ;Norte;Colisão Traseira;2;;;;;;;;;;2;;;;
11/07/2011;02:15:00;1606;com vítima;110;BR-040/RJ;Sul;Capotamento;1;;;;;;;;;;0;;2;1;1
11/07/2011;10:35:00;1668;com vítima;117;BR-040/RJ;Sul;Engavetamento;3;;;;;;;;;;1;5;;;
11/07/2011;18:45:00;1742;com vítima;119;BR-040/RJ;Norte;Engavetamento;3;;;;;;;;;;2;1;;;
11/07/2011;20:44:00;1766;sem vítima;122;BR-040/RJ;Sul;Choque - Objeto Fixo;1;;;;;1;;;;;2;;;;
12/07/2011;11:12:00;1842;sem vítima;22;BR-040/RJ;Sul;Choque - Objeto Fixo;1;;;;;;;;;;1;;;;
12/07/2011;16:40:00;1905;com vítima;43;BR-040/RJ;Sul;Colisão Lateral;1;;1;;;;;;;;1;;;1;
12/07/2011;17:38:00;1918;sem vítima;78;BR-040/RJ;Sul;Choque - Objeto Fixo;1;;;;;;;;;;1;;;;
12/07/2011;19:06:00;1931;com vítima;804;BR-040/MG;Norte;Colisão Traseira;1;;1;;;;;;;;1;;1;;
12/07/2011;09:53:00;1827;sem vítima;92;BR-040/RJ;Norte;Choque - Objeto Fixo;1;;;;;;;;;;1;;;;
12/07/2011;14:36:00;1881;sem vítima;102;BR-040/RJ;Norte;Colisão Traseira;1;;;;;1;;;;;2;;;;
12/07/2011;07:48:00;1809;sem vítima;109;BR-040/RJ;Norte;Colisão Lateral;2;;1;;;;;;;;3;;;;
12/07/2011;12:39:00;1864;sem vítima;109;BR-040/RJ;Norte;Choque - Objeto Fixo;;;1;;;;;;;;1;;;;
12/07/2011;18:40:00;1930;sem vítima;109;BR-040/RJ;Norte;Colisão Traseira;2;;;;;;;;;;2;;;;
12/07/2011;11:52:00;1853;sem vítima;110;BR-040/RJ;Sul;Colisão Lateral;1;;1;;;;;;;;2;;;;
12/07/2011;21:14:00;1949;com vítima;113;BR-040/RJ;Sul;Choque - Objeto Fixo;1;;;;;;;;;;0;;;1;
12/07/2011;21:04:00;1947;sem vítima;121;BR-040/RJ;Sul;Colisão Lateral;2;;;;;;;;;;2;;;;
13/07/2011;13:26:00;2030;sem vítima;12;BR-040/RJ;Norte;Choque - Objeto Fixo;1;;;;;;;;;;1;;;;
13/07/2011;23:05:00;2112;sem vítima;14;BR-040/RJ;Norte;Colisão Traseira;;;2;;;;;;;;2;;;;
13/07/2011;10:20:00;2001;sem vítima;98;BR-040/RJ;Norte;Colisão Lateral;1;;;;1;;;;;;2;;;;
13/07/2011;15:51:00;2050;sem vítima;104;BR-040/RJ;Norte;Colisão Traseira;2;;;;;;;;;;2;;;;
13/07/2011;06:40:00;1970;com vítima;108;BR-040/RJ;Sul;Colisão Traseira;;;2;;;;;;;;0;;3;;
13/07/2011;09:18:00;1990;sem vítima;108;BR-040/RJ;Sul;Colisão Traseira;1;;1;;;;;;;;2;;;;
13/07/2011;17:22:00;2071;sem vítima;110;BR-040/RJ;Norte;Colisão Lateral;1;;1;;;;;;;;2;;;;
14/07/2011;13:05:00;2210;com vítima;76;BR-040/RJ;Sul;Capotamento;1;;;;;;;;;;0;;2;;
14/07/2011;15:52:00;2232;sem vítima;80;BR-040/RJ;Sul;Choque - Objeto Fixo;1;;;;;;;;;;1;;;;
14/07/2011;20:11:00;2275;sem vítima;800;BR-040/MG;Norte;Choque - Objeto Fixo;1;;;;;;;;;;1;;;;
14/07/2011;09:53:00;2181;com vítima;806;BR-040/MG;Sul;Choque - Objeto Fixo;;;1;;;;;;;;0;;;;1
14/07/2011;23:42:00;2292;com vítima;822;BR-040/MG;Norte;Colisão Traseira;;;2;;;;;;;;1;;2;;
14/07/2011;18:07:00;2256;com vítima;103;BR-040/RJ;Sul;Capotamento;2;;;;;;;;;;3;1;;;
14/07/2011;13:30:00;2213;sem vítima;105;BR-040/RJ;Norte;Colisão Lateral;1;;1;;;;;;;;2;;;;
14/07/2011;00:12:00;2119;sem vítima;110;BR-040/RJ;Norte;Colisão Transversal;1;;;;1;;;;;;2;;;;
14/07/2011;10:33:00;2188;sem vítima;120;BR-040/RJ;Norte;Colisão Lateral;;;1;;1;;;;;;2;;;;
14/07/2011;19:11:00;2269;sem vítima;121;BR-040/RJ;Sul;Colisão Traseira;1;;;;1;;;;;;2;;;;
15/07/2011;06:45:00;2311;sem vítima;38;BR-040/RJ;Sul;Choque - Objeto Fixo;1;;;;;;;;;;1;;;;
15/07/2011;03:37:00;2300;com vítima;56;BR-040/RJ;Sul;Capotamento;1;;;;;;;;;;0;;1;;
15/07/2011;09:55:00;2343;sem vítima;78;BR-040/RJ;Sul;Choque - Objeto Fixo;1;;;;;;;;;;1;;;;
15/07/2011;15:39:00;2394;sem vítima;78;BR-040/RJ;Sul;Choque - Objeto Fixo;1;;;;;;;;;;2;;;;
15/07/2011;21:08:00;2454;sem vítima;780;BR-040/MG;Norte;Choque - Objeto Fixo;1;;;;;;;;;;1;;;;
15/07/2011;08:09:00;2325;sem vítima;805;BR-040/MG;Norte;Colisão Traseira;1;;1;;;;;;;;2;;;;
15/07/2011;18:10:00;2428;sem vítima;815;BR-040/MG;Sul;Choque - Objeto Fixo;1;;;;;;;;;;1;;;;
15/07/2011;11:48:00;2354;sem vítima;91;BR-040/RJ;Norte;Colisão Lateral;1;;1;;;;;;;;2;;;;
15/07/2011;18:38:00;2435;sem vítima;93;BR-040/RJ;Norte;Colisão Traseira;1;;;;;1;;;;;2;;;;
15/07/2011;08:40:00;2330;sem vítima;109;BR-040/RJ;Sul;Engavetamento;3;;;;;;;;;;3;;;;
15/07/2011;08:40:00;2337;sem vítima;109;BR-040/RJ;Sul;Colisão Traseira;1;;1;;;;;;;;2;;;;
15/07/2011;12:58:00;2369;sem vítima;109;BR-040/RJ;Norte;Colisão Lateral;1;;1;;;;;;;;2;;;;
15/07/2011;23:22:00;2465;com vítima;109;BR-040/RJ;Norte;Colisão Traseira;1;;;;1;;;;;;1;1;;;
15/07/2011;07:02:00;2315;com vítima;110;BR-040/RJ;Norte;Tombamento;;;1;;;;;;;;0;4;;;
15/07/2011;08:05:00;2324;sem vítima;111;BR-040/RJ;Norte;Colisão Lateral;2;;;;;;;;;;2;;;;
15/07/2011;10:36:00;2348;sem vítima;114;BR-040/RJ;Sul;Choque - Objeto Fixo;1;;;;;;;;;;1;;;;
15/07/2011;21:00:00;2451;sem vítima;115;BR-040/RJ;Sul;Choque - Objeto Fixo;1;;;;;;;;;;1;;;;
15/07/2011;04:14:00;2303;com vítima;117;BR-040/RJ;Norte;Choque - Objeto Fixo;1;;;;;;;;;;2;3;;;
15/07/2011;15:28:00;2392;sem vítima;117;BR-040/RJ;Norte;Colisão Traseira;1;;1;;;;;;;;2;;;;
15/07/2011;16:07:00;2400;sem vítima;119;BR-040/RJ;Norte;Engavetamento;1;;;;;2;;;;;3;;;;
15/07/2011;09:18:00;2338;sem vítima;121;BR-040/RJ;Sul;Colisão Traseira;2;;;;;;;;;;2;;;;
15/07/2011;09:18:00;2345;sem vítima;121;BR-040/RJ;Sul;Colisão Traseira;1;;1;;;;;;;;2;;;;
15/07/2011;14:09:00;2377;com vítima;123;BR-040/RJ;Norte;Colisão Lateral;;;;1;;1;;;;;1;;2;;
16/07/2011;09:18:00;2525;com vítima;2;BR-040/RJ;Sul;Capotamento;1;;;;;;;;;;1;1;;;
16/07/2011;07:12:00;2496;sem vítima;69;BR-040/RJ;Norte;Choque - Objeto Fixo;1;;;;;;;;;;1;;;;
16/07/2011;12:17:00;2554;sem vítima;74;BR-040/RJ;Norte;Colisão Traseira;2;;;;;;;;;;2;;;;
16/07/2011;22:05:00;2650;sem vítima;75;BR-040/RJ;Sul;Choque - Objeto Fixo;1;;;;;;;;;;1;;;;
16/07/2011;07:52:00;2505;sem vítima;78;BR-040/RJ;Sul;Choque - Objeto Fixo;1;;;;;;;;;;1;;;;
16/07/2011;16:37:00;2607;sem vítima;78;BR-040/RJ;Norte;Colisão Traseira;1;;;;1;;;;;;2;;;;
16/07/2011;18:46:00;2623;sem vítima;82;BR-040/RJ;Norte;Colisão Lateral;2;;;;;;;;;;2;;;;
16/07/2011;07:48:00;2502;sem vítima;780;BR-040/MG;Sul;Choque - Objeto Fixo;1;;;;;;;;;;1;;;;
16/07/2011;18:41:00;2622;sem vítima;801;BR-040/MG;Norte;Choque - Objeto Fixo;1;;;;;;;;;;1;;;;
16/07/2011;06:46:00;2494;sem vítima;109;BR-040/RJ;Sul;Colisão Traseira;;;1;;1;;;;;;2;;;;
16/07/2011;04:29:00;2484;sem vítima;121;BR-040/RJ;Sul;Choque - Objeto Fixo;1;;;;;;;;;;1;;;;
16/07/2011;15:22:00;2593;sem vítima;121;BR-040/RJ;Sul;Engavetamento;3;;;;;;;;;;3;;;;
16/07/2011;17:01:00;2612;com vítima;124;BR-040/RJ;Sul;Colisão Traseira;2;;;;;;;;;;0;3;;;
17/07/2011;06:49:00;2698;sem vítima;58;BR-040/RJ;Norte;Atropelamento - Animal;1;;;;;;;;;;1;;;;
17/07/2011;18:35:00;2817;com vítima;62;BR-040/RJ;Sul;Colisão Traseira;;;;1;;1;;;;;1;;1;;
17/07/2011;01:42:00;2676;sem vítima;778;BR-040/MG;Norte;Capotamento;1;;;;;;;;;;1;;;;
17/07/2011;17:54:00;2815;com vítima;99;BR-040/RJ;Sul;Colisão Lateral;2;;;;;;;;;;1;1;1;;
17/07/2011;05:31:00;2689;sem vítima;109;BR-040/RJ;Norte;Colisão Traseira;1;;;;;1;;;;;2;;;;
17/07/2011;05:48:00;2690;sem vítima;109;BR-040/RJ;Sul;Choque - Objeto Fixo;1;;;;;;;;;;1;;;;
17/07/2011;02:08:00;2678;sem vítima;115;BR-040/RJ;Sul;Choque - Objeto Fixo;1;;;;;;;;;;1;;;;
17/07/2011;22:04:00;2853;com vítima;118;BR-040/RJ;Norte;Queda de Moto;;;;1;;;;;;;0;;;1;
17/07/2011;20:43:00;2840;sem vítima;119;BR-040/RJ;Norte;Colisão Traseira;2;;;;;;;;;;2;;;;
17/07/2011;14:22:00;2766;com vítima;120;BR-040/RJ;Norte;Capotamento;1;;;;;;;;;;0;1;1;;
17/07/2011;17:40:00;2811;sem vítima;122;BR-040/RJ;Norte;Colisão Lateral;1;;;;;1;;;;;2;;;;
17/07/2011;03:20:00;2682;com vítima;124;BR-040/RJ;Sul;Colisão Traseira;2;;;;;;;;;;0;1;2;;
18/07/2011;00:43:00;2866;sem vítima;21;BR-040/RJ;Sul;Atropelamento - Animal;;;1;;;;;;;;1;;;;
18/07/2011;06:42:00;2891;sem vítima;78;BR-040/RJ;Sul;Choque - Objeto Fixo;1;;;;;;;;;;1;;;;
18/07/2011;16:07:00;2985;sem vítima;780;BR-040/MG;Sul;Derrapagem;1;;;;;;;;;;1;;;;
18/07/2011;10:20:00;2917;sem vítima;816;BR-040/MG;Norte;Colisão Lateral;1;;1;;;;;;;;2;;;;
18/07/2011;18:30:00;3015;sem vítima;99;BR-040/RJ;Norte;Choque - Objeto Fixo;1;;;;;;;;;;1;;;;
18/07/2011;23:41:00;3048;sem vítima;113;BR-040/RJ;Sul;Choque - Objeto Fixo;1;;;;;;;;;;1;;;;
18/07/2011;00:57:00;2867;com vítima;116;BR-040/RJ;Norte;Capotamento;1;;;;;;;;;;0;;1;;
18/07/2011;06:40:00;2890;sem vítima;123;BR-040/RJ;Sul;Colisão Traseira;2;;;;;;;;;;2;;;;
18/07/2011;08:36:00;2907;com vítima;124;BR-040/RJ;Sul;Atropelamento - Pedestre;;;1;;;;;;;;1;1;;;
18/07/2011;15:18:00;2977;com vítima;124;BR-040/RJ;Sul;Colisão Lateral;1;;;1;;;;;;;1;1;;;
19/07/2011;05:08:00;3071;com vítima;77;BR-040/RJ;Norte;Queda de Moto;;;;1;;;;;;;0;1;;;
19/07/2011;02:24:00;3064;sem vítima;78;BR-040/RJ;Sul;Choque - Objeto Fixo;1;;;;;;;;;;1;;;;
19/07/2011;10:14:00;3118;sem vítima;83;BR-040/RJ;Norte;Choque - Objeto Fixo;1;;;;;;;;;;1;;;;
19/07/2011;11:27:00;3127;sem vítima;83;BR-040/RJ;Norte;Colisão Lateral;1;;1;;;;;;;;2;;;;
19/07/2011;05:42:00;3073;sem vítima;799;BR-040/MG;Norte;Choque - Objeto Fixo;1;;;;;;;;;;1;;;;
19/07/2011;22:52:00;3219;sem vítima;84;BR-040/RJ;Norte;Choque - Objeto Fixo;1;;;;;;;;;;1;;;;
19/07/2011;22:55:00;3220;sem vítima;84;BR-040/RJ;Norte;Choque - Objeto Fixo;1;;;;;;;;;;1;;;;
19/07/2011;14:31:00;3149;com vítima;85;BR-040/RJ;Norte;Capotamento;1;;;;;;;;;;0;2;;;
19/07/2011;13:41:00;3142;sem vítima;113;BR-040/RJ;Sul;Colisão Lateral;1;;1;;;;;;;;2;;;;
19/07/2011;06:32:00;3078;sem vítima;120;BR-040/RJ;Sul;Colisão Lateral;1;;1;;;;;;;;2;;;;
19/07/2011;08:05:00;3090;com vítima;123;BR-040/RJ;Norte;Queda de Moto;;;;1;;;;;;;0;;1;;
19/07/2011;17:16:00;3184;sem vítima;124;BR-040/RJ;Norte;Engavetamento;2;;;;;1;;;;;3;;;;
20/07/2011;08:01:00;3258;com vítima;825;BR-040/MG;Sul;Capotamento;1;;;;;;;;;;0;1;;;
20/07/2011;06:13:00;3246;sem vítima;85;BR-040/RJ;Norte;Choque - Objeto Fixo;1;;;;;;;;;;1;;;;
20/07/2011;18:23:00;3387;sem vítima;111;BR-040/RJ;Sul;Colisão Traseira;1;;1;;;;;;;;2;;;;
21/07/2011;02:21:00;3439;sem vítima;110;BR-040/RJ;Sul;Colisão Traseira;1;;;;;;;;;;1;;;;
21/07/2011;07:37:00;3463;sem vítima;122;BR-040/RJ;Norte;Engavetamento;1;;2;;;;;;;;3;;;;
21/07/2011;08:01:00;3469;sem vítima;123;BR-040/RJ;Sul;Colisão Traseira;1;;1;;;;;;;;2;;;;
21/07/2011;08:17:00;3471;sem vítima;124;BR-040/RJ;Sul;Colisão Traseira;2;;;;;;;;;;2;;;;
22/07/2011;07:12:00;3655;com vítima;73;BR-040/RJ;Sul;Tombamento;;;1;;;;;;;;0;1;;;
22/07/2011;16:16:00;3746;sem vítima;75;BR-040/RJ;Sul;Choque - Objeto Fixo;1;;;;;;;;;;1;;;;
22/07/2011;06:04:00;3648;sem vítima;77;BR-040/RJ;Sul;Colisão Traseira;1;;1;;;;;;;;4;;;;
22/07/2011;15:33:00;3739;sem vítima;82;BR-040/RJ;Sul;Choque - Objeto Fixo;1;;;;;;;;;;1;;;;
22/07/2011;09:24:00;3673;com vítima;778;BR-040/MG;Norte;Engavetamento;3;;;;1;;;;;;14;1;1;;
22/07/2011;07:35:00;3658;sem vítima;780;BR-040/MG;Norte;Derrapagem;1;;;;;;;;;;1;;;;
22/07/2011;22:36:00;3800;sem vítima;780;BR-040/MG;Norte;Choque - Objeto Fixo;1;;;;;;;;;;1;;;;
22/07/2011;21:44:00;3794;sem vítima;87;BR-040/RJ;Norte;Choque - Objeto Fixo;1;;;;;;;;;;1;;;;
22/07/2011;19:00:00;3769;sem vítima;89;BR-040/RJ;Norte;Choque - Objeto Fixo;1;;;;;;;;;;1;;;;
22/07/2011;22:23:00;3796;sem vítima;91;BR-040/RJ;Sul;Choque - Objeto Fixo;1;;;;;;;;;;1;;;;
22/07/2011;18:50:00;3767;sem vítima;93;BR-040/RJ;Sul;Derrapagem;1;;;;;;;;;;1;;;;
22/07/2011;22:38:00;3801;sem vítima;94;BR-040/RJ;Sul;Colisão Lateral;2;;;;;;;;;;2;;;;