data;horario;n_da_ocorrencia;tipo_de_ocorrencia;km;trecho;sentido;tipo_de_acidente;automovel;bicicleta;caminhao;moto;onibus;outros;tracao_animal;transporte_de_cargas_especiais;trator_maquinas;utilitarios;ilesos;levemente_feridos;moderadamente_feridos;gravemente_feridos;mortos
22/07/2011;15:22:00;3734;com vítima;114;BR-040/RJ;Norte;Queda de Moto;;;;1;;;;;;;0;1;;;
22/07/2011;05:11:00;3644;sem vítima;120;BR-040/RJ;Sul;Colisão Traseira;2;;;;;;;;;;2;;;;
23/07/2011;14:04:00;3903;sem vítima;0;BR-040/RJ;Norte;Choque - Objeto Fixo;1;;;;;;;;;;1;;;;
23/07/2011;07:57:00;3854;com vítima;34;BR-040/RJ;Norte;Capotamento;1;;;;;;;;;;1;1;;;
23/07/2011;17:42:00;3941;sem vítima;50;BR-040/RJ;Sul;Choque - Objeto Fixo;;;1;;;;;;;;1;;;;
23/07/2011;00:42:00;3811;com vítima;54;BR-040/RJ;Sul;Colisão Traseira;2;;;;;;;;;;2;1;;;
23/07/2011;22:51:00;3967;sem vítima;64;BR-040/RJ;Sul;Choque - Objeto Fixo;1;;;;;;;;;;1;;;;
23/07/2011;14:01:00;3902;com vítima;73;BR-040/RJ;Sul;Colisão Traseira;1;;1;;;;;;;;2;1;;;
23/07/2011;12:54:00;3896;sem vítima;77;BR-040/RJ;Sul;Choque - Objeto Fixo;1;;;;;;;;;;1;;;;
23/07/2011;08:20:00;3859;sem vítima;78;BR-040/RJ;Sul;Choque - Objeto Fixo;1;;;;;;;;;;1;;;;
23/07/2011;07:34:00;3845;sem vítima;81;BR-040/RJ;Sul;Choque - Objeto Fixo;1;;;;;;;;;;1;;;;
23/07/2011;11:06:00;3875;sem vítima;82;BR-040/RJ;Sul;Choque - Objeto Fixo;1;;;;;;;;;;1;;;;
23/07/2011;11:40:00;3879;sem vítima;82;BR-040/RJ;Sul;Choque - Objeto Fixo;1;;;;;;;;;;1;;;;
23/07/2011;06:45:00;3842;sem vítima;781;BR-040/MG;Norte;Choque - Objeto Fixo;1;;;;;;;;;;1;;;;
23/07/2011;09:37:00;3864;com vítima;783;BR-040/MG;Norte;Colisão Traseira;1;;1;;;;;;;;1;;1;;
23/07/2011;12:36:00;3889;sem vítima;84;BR-040/RJ;Sul;Choque - Objeto Fixo;1;;;;;;;;;;1;;;;
23/07/2011;14:22:00;3905;sem vítima;85;BR-040/RJ;Norte;Choque - Objeto Fixo;1;;;;;;;;;;1;;;;
23/07/2011;15:33:00;3922;sem vítima;85;BR-040/RJ;Norte;Choque - Objeto Fixo;1;;;;;;;;;;1;;;;
23/07/2011;05:39:00;3835;sem vítima;90;BR-040/RJ;Sul;Choque - Objeto Fixo;1;;;;;;;;;;1;;;;
23/07/2011;12:19:00;3884;sem vítima;90;BR-040/RJ;Sul;Choque - Objeto Fixo;1;;;;;;;;;;1;;;;
23/07/2011;14:40:00;3912;sem vítima;92;BR-040/RJ;Norte;Choque - Objeto Fixo;1;;;;;;;;;;1;;;;
23/07/2011;17:10:00;3939;com vítima;92;BR-040/RJ;Sul;Choque - Objeto Fixo;1;;;;;;;;;;0;4;1;;
23/07/2011;08:18:00;3857;com vítima;94;BR-040/RJ;Sul;Capotamento;1;;;;;;;;;;0;4;;;
23/07/2011;21:37:00;3963;sem vítima;95;BR-040/RJ;Norte;Choque - Objeto Fixo;1;;;;;;;;;;1;;;;
23/07/2011;05:27:00;3834;sem vítima;96;BR-040/RJ;Norte;Choque - Objeto Fixo;1;;;;;;;;;;1;;;;
23/07/2011;14:34:00;3908;com vítima;102;BR-040/RJ;Norte;Derrapagem;;;1;;;;;;;;0;;1;;
23/07/2011;14:10:00;3904;sem vítima;105;BR-040/RJ;Norte;Colisão Traseira;1;;;;;1;;;;;2;;;;
23/07/2011;02:31:00;3815;sem vítima;112;BR-040/RJ;Sul;Choque - Objeto Fixo;1;;;;;;;;;;1;;;;
23/07/2011;16:22:00;3929;sem vítima;112;BR-040/RJ;Norte;Colisão Traseira;2;;;;;;;;;;2;;;;
23/07/2011;07:18:00;3844;com vítima;117;BR-040/RJ;Sul;Choque - Objeto Fixo;;;1;;;;;;;;0;1;;;
23/07/2011;07:55:00;3852;sem vítima;117;BR-040/RJ;Norte;Engavetamento;4;;;;;;;;;;4;;;;
23/07/2011;00:45:00;3812;com vítima;119;BR-040/RJ;Sul;Choque - Objeto Fixo;1;;;;;;;;;;0;1;;;
23/07/2011;00:15:00;3807;sem vítima;121;BR-040/RJ;Sul;Colisão Traseira;2;;;;;;;;;;2;;;;
24/07/2011;13:08:00;4040;sem vítima;25;BR-040/RJ;Norte;Choque - Objeto Fixo;1;;;;;;;;;;1;;;;
24/07/2011;13:35:00;4043;sem vítima;72;BR-040/RJ;Sul;Choque - Objeto Fixo;1;;;;;;;;;;1;;;;
24/07/2011;14:53:00;4052;sem vítima;783;BR-040/MG;Norte;Colisão Lateral;2;;;;;;;;;;2;;;;
24/07/2011;07:50:00;4009;sem vítima;813;BR-040/MG;Norte;Choque - Objeto Fixo;1;;;;;;;;;;1;;;;
24/07/2011;16:04:00;4068;sem vítima;96;BR-040/RJ;Norte;Choque - Objeto Fixo;1;;;;;;;;;;1;;;;
24/07/2011;21:33:00;4119;com vítima;101;BR-040/RJ;Sul;Colisão Traseira;1;;;1;;;;;;;1;;;2;
24/07/2011;21:39:00;4120;sem vítima;101;BR-040/RJ;Sul;Choque - Objeto Fixo;1;;;;;;;;;;1;;;;
24/07/2011;09:10:00;4015;com vítima;109;BR-040/RJ;Sul;Choque - Objeto Fixo;1;;;;;;;;;;0;;3;2;
24/07/2011;04:12:00;3995;com vítima;110;BR-040/RJ;Sul;Choque - Objeto Fixo;1;;;;;;;;;;0;1;;;
24/07/2011;03:06:00;3985;com vítima;120;BR-040/RJ;Norte;Atropelamento - Pedestre;1;;;;;;;;;;1;;;1;
25/07/2011;08:21:00;4177;com vítima;21;BR-040/RJ;Norte;Tombamento;;;1;;;;;;;;0;1;;;
25/07/2011;14:53:00;4246;com vítima;37;BR-040/RJ;Sul;Capotamento;1;;;;;;;;;;0;1;;;
25/07/2011;19:13:00;4299;sem vítima;71;BR-040/RJ;Sul;Colisão Frontal;2;;;;;;;;;;2;;;;
25/07/2011;10:04:00;4201;sem vítima;75;BR-040/RJ;Norte;Choque - Objeto Fixo;;;1;;;;;;;;1;;;;
25/07/2011;19:12:00;4297;sem vítima;780;BR-040/MG;Norte;Choque - Objeto Fixo;1;;;;;;;;;;1;;;;
25/07/2011;11:34:00;4215;sem vítima;784;BR-040/MG;Sul;Queda de Moto;;;;1;;;;;;;1;;;;
25/07/2011;14:23:00;4239;com vítima;810;BR-040/MG;Norte;Colisão Lateral;1;;;1;;;;;;;1;1;;;
25/07/2011;01:26:00;4136;sem vítima;820;BR-040/MG;Sul;Capotamento;1;;;;;;;;;;1;;;;
25/07/2011;14:40:00;4243;sem vítima;94;BR-040/RJ;Norte;Choque - Objeto Fixo;1;;;;;;;;;;1;;;;
25/07/2011;14:07:00;4238;sem vítima;104;BR-040/RJ;Norte;Colisão Traseira;1;;1;;;;;;;;2;;;;
25/07/2011;15:17:00;4254;sem vítima;114;BR-040/RJ;Sul;Colisão Lateral;1;;1;;;;;;;;2;;;;
25/07/2011;07:37:00;4167;sem vítima;123;BR-040/RJ;Norte;Colisão Traseira;1;;;;;1;;;;;2;;;;
25/07/2011;14:58:00;4247;sem vítima;123;BR-040/RJ;Sul;Colisão Lateral;2;;;;;;;;;;2;;;;
25/07/2011;15:08:00;4252;com vítima;123;BR-040/RJ;Sul;Atropelamento - Pedestre;1;;;;;;;;;;1;1;;;
25/07/2011;15:51:00;4260;com vítima;124;BR-040/RJ;Norte;Colisão Frontal;;1;;1;;;;;;;1;1;;;
26/07/2011;08:09:00;4345;com vítima;70;BR-040/RJ;Norte;Tombamento;;;1;;;;;;;;0;1;;;
26/07/2011;16:27:00;4405;com vítima;96;BR-040/RJ;Norte;Tombamento;;;1;;;;;;;;0;;1;;
26/07/2011;22:30:00;4445;sem vítima;109;BR-040/RJ;Sul;Choque - Objeto Fixo;1;;;;;;;;;;1;;;;
26/07/2011;15:26:00;4397;com vítima;114;BR-040/RJ;Sul;Queda de Moto;;;;1;;;;;;;0;1;;;
26/07/2011;06:51:00;4333;sem vítima;123;BR-040/RJ;Sul;Colisão Lateral;2;;;1;;;;;;;3;;;;
27/07/2011;07:43:00;4482;com vítima;80;BR-040/RJ;Norte;Tombamento;;;1;;;;;;;;1;1;;;
27/07/2011;16:30:00;4569;sem vítima;109;BR-040/RJ;Sul;Colisão Traseira;2;;;;;;;;;;5;;;;
27/07/2011;18:45:00;4592;sem vítima;109;BR-040/RJ;Norte;Colisão Lateral;1;;1;;;;;;;;2;;;;
27/07/2011;19:39:00;4604;sem vítima;121;BR-040/RJ;Norte;Colisão Traseira;2;;;;;;;;;;2;;;;
27/07/2011;01:17:00;4461;sem vítima;122;BR-040/RJ;Sul;Colisão Traseira;2;;;;;;;;;;2;;;;
27/07/2011;16:39:00;4571;sem vítima;122;BR-040/RJ;Norte;Engavetamento;3;;;;;;;;;;3;;;;
27/07/2011;08:35:00;4492;sem vítima;124;BR-040/RJ;Sul;Colisão Traseira;2;;;;;;;;;;2;;;;
28/07/2011;15:52:00;4731;com vítima;73;BR-040/RJ;Sul;Capotamento;1;;;;;;;;;;0;1;;;
28/07/2011;06:49:00;4642;com vítima;74;BR-040/RJ;Norte;Tombamento;;;1;;;;;;;;0;;;1;
28/07/2011;10:32:00;4678;sem vítima;89;BR-040/RJ;Sul;Colisão Traseira;2;;;;;;;;;;2;;;;
28/07/2011;16:05:00;4735;sem vítima;104;BR-040/RJ;Norte;Colisão Lateral;;;1;;1;;;;;;2;;;;
28/07/2011;16:34:00;4740;sem vítima;107;BR-040/RJ;Sul;Colisão Traseira;1;;;;;1;;;;;2;;;;
28/07/2011;19:00:00;4771;sem vítima;109;BR-040/RJ;Norte;Capotamento;2;;;;;;;;;;2;;;;
28/07/2011;18:34:00;4764;sem vítima;111;BR-040/RJ;Norte;Engavetamento;2;;1;;;;;;;;3;;;;
28/07/2011;18:53:00;4770;sem vítima;112;BR-040/RJ;Norte;Engavetamento;3;;;;;;;;;;3;;;;
29/07/2011;15:42:00;4916;sem vítima;56;BR-040/RJ;Norte;Colisão Traseira;1;;1;;;;;;;;2;;;;
29/07/2011;07:50:00;4831;com vítima;75;BR-040/RJ;Sul;Capotamento;1;;;;;;;;;;0;;1;;
29/07/2011;16:50:00;4930;sem vítima;82;BR-040/RJ;Norte;Colisão Traseira;2;;;;;;;;;;2;;;;
29/07/2011;16:43:00;4927;sem vítima;799;BR-040/MG;Norte;Choque - Objeto Fixo;1;;;;;;;;;;1;;;;
29/07/2011;21:36:00;4991;sem vítima;96;BR-040/RJ;Norte;Choque - Objeto Fixo;1;;;;;;;;;;1;;;;
29/07/2011;03:25:00;4807;com vítima;101;BR-040/RJ;Sul;Choque - Objeto Fixo;1;;;;;;;;;;0;1;;;
29/07/2011;05:05:00;4811;com vítima;119;BR-040/RJ;Sul;Colisão Lateral;2;;;1;;;;;;;2;2;;;
29/07/2011;13:34:00;4892;sem vítima;121;BR-040/RJ;Sul;Colisão Traseira;2;;;;;;;;;;2;;;;
29/07/2011;06:11:00;4817;sem vítima;122;BR-040/RJ;Sul;Choque - Objeto Fixo;;;1;;;;;;;;1;;;;
29/07/2011;06:50:00;4823;sem vítima;122;BR-040/RJ;Sul;Choque - Objeto Fixo;1;;;;;;;;;;1;;;;
29/07/2011;06:50:00;4824;sem vítima;122;BR-040/RJ;Sul;Choque - Objeto Fixo;1;;;;;;;;;;1;;;;
29/07/2011;09:26:00;4843;sem vítima;123;BR-040/RJ;Norte;Colisão Lateral;1;;1;;;;;;;;2;;;;
29/07/2011;07:49:00;4830;sem vítima;124;BR-040/RJ;Sul;Colisão Lateral;2;;;;;;;;;;2;;;;
30/07/2011;19:34:00;5151;com vítima;54;BR-040/RJ;Sul;Colisão Traseira;1;;;1;;;;;;;1;;1;;
30/07/2011;15:14:00;5114;com vítima;55;BR-040/RJ;Sul;Atropelamento - Pedestre;;;;;;1;;;;;1;1;;;1
30/07/2011;18:18:00;5147;com vítima;784;BR-040/MG;Norte;Colisão Lateral;1;;1;;;;;;;;4;1;;;
30/07/2011;19:34:00;5149;sem vítima;796;BR-040/MG;Sul;Choque - Objeto Fixo;1;;;;;;;;;;1;;;;
30/07/2011;08:36:00;5039;sem vítima;805;BR-040/MG;Norte;Colisão Lateral;1;;1;;;;;;;;2;;;;
30/07/2011;19:10:00;5150;sem vítima;89;BR-040/RJ;Sul;Colisão Traseira;2;;;;;;;;;;2;;;;
30/07/2011;21:41:00;5161;com vítima;107;BR-040/RJ;Norte;Colisão Frontal;1;;;1;;;;;;;1;;1;;
30/07/2011;13:10:00;5093;sem vítima;109;BR-040/RJ;Norte;Colisão Lateral;1;;1;;;;;;;;2;;;;
30/07/2011;05:59:00;5022;sem vítima;110;BR-040/RJ;Norte;Choque - Objeto Fixo;;;;;;1;;;;;1;;;;
30/07/2011;10:40:00;5065;sem vítima;121;BR-040/RJ;Sul;Choque - Objeto Fixo;1;;;;;;;;;;1;;;;
30/07/2011;17:46:00;5139;sem vítima;121;BR-040/RJ;Norte;Colisão Lateral;3;;1;;;;;;;;4;;;;
30/07/2011;04:09:00;5014;sem vítima;124;BR-040/RJ;Sul;Colisão Traseira;1;;;1;;;;;;;2;;;;
31/07/2011;20:55:00;5392;sem vítima;14;BR-040/RJ;Sul;Capotamento;1;;;;;;;;;;1;;;;
31/07/2011;17:03:00;5350;com vítima;17;BR-040/RJ;Norte;Atropelamento - Pedestre;;;1;;;;;;;;1;1;;;
31/07/2011;21:59:00;5399;sem vítima;33;BR-040/RJ;Sul;Choque - Objeto Fixo;1;;;;;;;;;;1;;;;
31/07/2011;05:42:00;5239;sem vítima;67;BR-040/RJ;Sul;Choque - Objeto Fixo;1;;;;;;;;;;1;;;;
31/07/2011;02:50:00;5222;sem vítima;74;BR-040/RJ;Norte;Choque - Objeto Fixo;1;;;;;;;;;;1;;;;
31/07/2011;17:34:00;5356;com vítima;88;BR-040/RJ;Norte;Queda de Moto;;;;1;;;;;;;0;2;;;
31/07/2011;14:15:00;5311;sem vítima;93;BR-040/RJ;Norte;Choque - Objeto Fixo;1;;;;;;;;;;1;;;;
31/07/2011;08:18:00;5254;sem vítima;100;BR-040/RJ;Norte;Choque - Objeto Fixo;1;;;;;;;;;;1;;;;
31/07/2011;06:19:00;5242;com vítima;104;BR-040/RJ;Norte;Choque - Objeto Fixo;;;;1;;;;;;;0;1;;;
31/07/2011;22:11:00;5400;sem vítima;104;BR-040/RJ;Sul;Choque - Objeto Fixo;;;1;;;;;;;;1;;;;
01/08/2011;16:16:00;122;com vítima;6;BR-040/RJ;Sul;Tombamento;1;;;;;;;;;;0;1;;;
01/08/2011;14:52:00;107;com vítima;29;BR-040/RJ;Norte;Queda de Moto;;;;1;;;;;;;0;;1;;
01/08/2011;16:25:00;126;sem vítima;45;BR-040/RJ;Norte;Colisão Traseira;2;;;;;;;;;;2;;;;
01/08/2011;21:17:00;173;sem vítima;77;BR-040/RJ;Sul;Choque - Objeto Fixo;1;;;;;;;;;;1;;;;
01/08/2011;16:57:00;131;com vítima;83;BR-040/RJ;Sul;Tombamento;1;;;;;;;;;;0;2;1;;
01/08/2011;05:57:00;28;com vítima;783;BR-040/MG;Norte;Colisão Traseira;2;;;;;;;;;;0;1;2;;
01/08/2011;19:22:00;155;sem vítima;803;BR-040/MG;Norte;Colisão Traseira;1;;1;;;;;;;;2;;;;
01/08/2011;17:19:00;136;com vítima;96;BR-040/RJ;Norte;Tombamento;;;1;;;;;;;;0;1;;;
01/08/2011;13:37:00;98;sem vítima;106;BR-040/RJ;Sul;Colisão Traseira;1;;1;;;;;;;;2;;;;
01/08/2011;15:05:00;110;sem vítima;117;BR-040/RJ;Norte;Choque - Objeto Fixo;1;;;;;1;;;;;2;;;;
02/08/2011;07:16:00;210;sem vítima;123;BR-040/RJ;Sul;Colisão Traseira;;;1;1;;;;;;;2;;;;
02/08/2011;07:57:00;218;sem vítima;123;BR-040/RJ;Sul;Colisão Lateral;1;;1;;;;;;;;2;;;;
02/08/2011;07:40:00;214;sem vítima;124;BR-040/RJ;Sul;Colisão Lateral;1;;;;;1;;;;;2;;;;
03/08/2011;15:08:00;461;sem vítima;43;BR-040/RJ;Sul;Choque - Objeto Fixo;1;;;;;;;;;;1;;;;
03/08/2011;18:28:00;489;sem vítima;45;BR-040/RJ;Norte;Colisão Lateral;1;;1;;;;;;;;2;;;;
03/08/2011;13:04:00;439;sem vítima;784;BR-040/MG;Sul;Colisão Lateral;2;;;;;;;;;;2;;;;
03/08/2011;21:14:00;509;sem vítima;101;BR-040/RJ;Norte;Engavetamento;2;;;;1;;;;;;3;;;;
03/08/2011;17:32:00;485;sem vítima;108;BR-040/RJ;Sul;Colisão Lateral;1;;1;;;;;;;;2;;;;
03/08/2011;16:15:00;472;sem vítima;116;BR-040/RJ;Norte;Queda de Moto;;;;1;;;;;;;1;;;;
03/08/2011;10:59:00;410;sem vítima;118;BR-040/RJ;Sul;Colisão Traseira;2;;;;;;;;;;2;;;;
03/08/2011;12:47:00;434;sem vítima;119;BR-040/RJ;Sul;Colisão Traseira;1;;1;;;;;;;;2;;;;
03/08/2011;19:10:00;497;sem vítima;124;BR-040/RJ;Sul;Colisão Traseira;2;;;;;;;;;;2;;;;
03/08/2011;04:23:00;365;com vítima;125;BR-040/RJ;Norte;Choque - Objeto Fixo;1;;;;;;;;;;0;;1;;
04/08/2011;04:16:00;530;sem vítima;38;BR-040/RJ;Norte;Choque - Objeto Fixo;1;;;;;;;;;;1;;;;
04/08/2011;07:05:00;544;sem vítima;81;BR-040/RJ;Sul;Colisão Traseira;1;;1;;;;;;;;2;;;;
04/08/2011;05:31:00;535;sem vítima;798;BR-040/MG;Sul;Choque - Objeto Fixo;;;1;;;;;;;;1;;;;
04/08/2011;22:10:00;707;sem vítima;801;BR-040/MG;Sul;Choque - Objeto Fixo;1;;;;;;;;;;1;;;;
04/08/2011;05:00:00;532;com vítima;84;BR-040/RJ;Sul;Colisão Traseira;;;3;;;;;;;;2;;;1;
04/08/2011;16:23:00;642;com vítima;87;BR-040/RJ;Sul;Capotamento;1;;;;;;;;;;0;1;;;
04/08/2011;00:30:00;522;sem vítima;94;BR-040/RJ;Norte;Choque - Objeto Fixo;1;;;;;;;;;;1;;;;
04/08/2011;00:15:00;521;sem vítima;109;BR-040/RJ;Sul;Choque - Objeto Fixo;;;1;;;;;;;;1;;;;
04/08/2011;11:45:00;592;com vítima;109;BR-040/RJ;Sul;Queda de Moto;;;;1;;;;;;;0;1;;;
04/08/2011;11:04:00;584;sem vítima;120;BR-040/RJ;Norte;Colisão Traseira;2;;;;;;;;;;2;;;;
04/08/2011;12:50:00;604;sem vítima;124;BR-040/RJ;Norte;Engavetamento;3;;;;;;;;;;3;;;;
04/08/2011;14:20:00;613;sem vítima;124;BR-040/RJ;Sul;Engavetamento;1;;1;;1;;;;;;3;;;;
05/08/2011;05:35:00;731;com vítima;38;BR-040/RJ;Norte;Choque - Objeto Fixo;1;;;;;;;;;;0;1;;;
05/08/2011;11:42:00;785;com vítima;43;BR-040/RJ;Norte;Colisão Lateral;;;2;;;;;;;;0;4;;;
05/08/2011;07:11:00;740;com vítima;804;BR-040/MG;Norte;Derrapagem;1;;;;;;;;;;0;10;3;;
05/08/2011;08:19:00;750;sem vítima;805;BR-040/MG;Norte;Choque - Objeto Fixo;1;;;;;;;;;;1;;;;
05/08/2011;20:36:00;875;sem vítima;93;BR-040/RJ;Norte;Choque - Objeto Fixo;1;;;;;;;;;;1;;;;
05/08/2011;17:17:00;838;sem vítima;104;BR-040/RJ;Sul;Colisão Lateral;1;;1;;;;;;;;2;;;;
05/08/2011;17:37:00;843;sem vítima;115;BR-040/RJ;Sul;Colisão Traseira;2;;;;;;;;;;2;;;;
05/08/2011;09:33:00;765;sem vítima;121;BR-040/RJ;Norte;Choque - Objeto Fixo;2;;;;;;;;;;2;;;;
05/08/2011;15:32:00;815;sem vítima;121;BR-040/RJ;Sul;Colisão Traseira;2;;;;;;;;;;2;;;;
05/08/2011;19:47:00;869;sem vítima;123;BR-040/RJ;Norte;Colisão Traseira;1;;1;;;;;;;;2;;;;
05/08/2011;08:31:00;753;sem vítima;124;BR-040/RJ;Sul;Colisão Lateral;1;;;;1;;;;;;2;;;;
05/08/2011;13:34:00;803;sem vítima;124;BR-040/RJ;Norte;Colisão Traseira;2;;;;;;;;;;2;;;;
05/08/2011;19:41:00;868;sem vítima;124;BR-040/RJ;Sul;Colisão Lateral;1;;;;;1;;;;;2;;;;
06/08/2011;17:47:00;1035;sem vítima;5;BR-040/RJ;Sul;Colisão Traseira;2;;;;;;;;;;2;;;;
06/08/2011;04:32:00;913;com vítima;35;BR-040/RJ;Sul;Capotamento;1;;;;;;;;;;0;3;;;
06/08/2011;19:12:00;1051;com vítima;68;BR-040/RJ;Norte;Capotamento;1;;;;;;;;;;0;1;;;
06/08/2011;07:35:00;926;com vítima;78;BR-040/RJ;Sul;Choque - Objeto Fixo;1;;;;;;;;;;0;1;;;
06/08/2011;12:07:00;993;sem vítima;81;BR-040/RJ;Sul;Choque - Objeto Fixo;1;;;;;;;;;;1;;;;
06/08/2011;05:22:00;916;com vítima;794;BR-040/MG;Sul;Choque - Objeto Fixo;1;;;;;;;;;;0;;;2;
06/08/2011;05:52:00;918;sem vítima;796;BR-040/MG;Sul;Choque - Objeto Fixo;1;;;;;;;;;;1;;;;
06/08/2011;09:05:00;944;sem vítima;94;BR-040/RJ;Norte;Choque - Objeto Fixo;1;;;;;;;;;;1;;;;
06/08/2011;05:18:00;915;sem vítima;100;BR-040/RJ;Norte;Choque - Objeto Fixo;1;;;;;;;;;;1;;;;
06/08/2011;07:21:00;922;sem vítima;102;BR-040/RJ;Norte;Colisão Lateral;1;;1;;;;;;;;2;;;;
06/08/2011;02:20:00;904;com vítima;104;BR-040/RJ;Norte;Queda de Moto;;;;1;;;;;;;0;1;;;
06/08/2011;18:55:00;1049;sem vítima;104;BR-040/RJ;Sul;Colisão Lateral;1;;1;;;;;;;;2;;;;
06/08/2011;21:33:00;1065;com vítima;104;BR-040/RJ;Sul;Colisão Traseira;2;;;;;;;;;;1;1;;;
06/08/2011;00:00:00;898;com vítima;106;BR-040/RJ;Norte;Engavetamento;3;;;;;;;;;;2;1;;;
06/08/2011;01:08:00;901;sem vítima;114;BR-040/RJ;Norte;Colisão Lateral;1;;;;;1;;;;;2;;;;
06/08/2011;02:29:00;906;sem vítima;114;BR-040/RJ;Norte;Choque - Objeto Fixo;1;;;;;;;;;;1;;;;
06/08/2011;03:41:00;911;com vítima;122;BR-040/RJ;Sul;Queda de Moto;;;;1;;;;;;;0;;1;1;
06/08/2011;15:31:00;1018;com vítima;123;BR-040/RJ;Sul;Capotamento;2;;;;;;;;;;1;2;;;
07/08/2011;03:57:00;1095;com vítima;12;BR-040/RJ;Sul;Choque - Objeto Fixo;1;;;;;;;;;;0;2;1;;
07/08/2011;03:35:00;1093;com vítima;45;BR-040/RJ;Norte;Colisão Traseira;2;;;;;;;;;;1;6;;;
07/08/2011;07:15:00;1104;sem vítima;77;BR-040/RJ;Sul;Choque - Objeto Fixo;1;;;;;;;;;;1;;;;
07/08/2011;10:00:00;1127;sem vítima;85;BR-040/RJ;Norte;Choque - Objeto Fixo;1;;;;;;;;;;1;;;;
07/08/2011;14:13:00;1157;sem vítima;89;BR-040/RJ;Sul;Choque - Objeto Fixo;1;;;;;;;;;;1;;;;
07/08/2011;04:23:00;1098;com vítima;120;BR-040/RJ;Sul;Queda de Moto;;;;1;;;;;;;0;;1;;
07/08/2011;07:22:00;1107;sem vítima;121;BR-040/RJ;Sul;Choque - Objeto Fixo;1;;;;;;;;;;1;;;;
07/08/2011;08:18:00;1116;com vítima;121;BR-040/RJ;Sul;Choque - Objeto Fixo;1;;;;;;;;;;0;1;;;
07/08/2011;23:55:00;1252;sem vítima;121;BR-040/RJ;Sul;choque - Objeto Fixo;1;;;;;;;;;;1;;;;
07/08/2011;23:42:00;1249;sem vítima;123;BR-040/RJ;Norte;Colisão Lateral;1;;1;;;;;;;;2;;;;
08/08/2011;04:40:00;1272;sem vítima;27;BR-040/RJ;Sul;Choque - Objeto Fixo;;;1;;;;;;;;1;;;;
08/08/2011;16:47:00;1380;com vítima;102;BR-040/RJ;Norte;Queda de Moto;;;;1;;;;;;;0;1;1;;
09/08/2011;06:56:00;1438;sem vítima;3;BR-040/RJ;Sul;Choque - Objeto Fixo;1;;;;;;;;;;1;;;;
09/08/2011;07:25:00;1443;com vítima;37;BR-040/RJ;Sul;Choque - Objeto Fixo;1;;;;;;;;;;0;2;;;
09/08/2011;17:20:00;1538;sem vítima;45;BR-040/RJ;Sul;Colisão Traseira;2;;;;;;;;;;2;;;;
09/08/2011;16:37:00;1527;com vítima;784;BR-040/MG;Sul;Capotamento;1;;;;;;;;;;0;;1;;
09/08/2011;07:30:00;1446;sem vítima;821;BR-040/MG;Norte;Choque - Objeto Fixo;;;1;;;;;;;;1;;;;
09/08/2011;16:47:00;1531;com vítima;105;BR-040/RJ;Norte;Atropelamento - Pedestre;;;;1;;;;;;;1;1;;;
09/08/2011;08:59:00;1453;com vítima;107;BR-040/RJ;Sul;Engavetamento;2;;;;1;;;;;;1;2;;;
09/08/2011;06:02:00;1434;sem vítima;114;BR-040/RJ;Sul;Queda de Moto;;;;1;;;;;;;1;;;;
10/08/2011;06:15:00;1594;com vítima;27;BR-040/RJ;Sul;Capotamento;1;;;;;;;;;;0;;1;;
10/08/2011;15:27:00;1688;com vítima;72;BR-040/RJ;Sul;Capotamento;1;;;;;;;;;;0;2;;;
10/08/2011;17:35:00;1717;com vítima;72;BR-040/RJ;Sul;Capotamento;1;;;;;;;;;;0;1;;;
10/08/2011;17:21:00;1713;sem vítima;77;BR-040/RJ;Sul;Choque - Objeto Fixo;1;;;;;;;;;;1;;;;
10/08/2011;10:35:00;1642;com vítima;84;BR-040/RJ;Norte;Queda de Moto;;;;1;;;;;;;0;2;;;
10/08/2011;12:53:00;1663;sem vítima;84;BR-040/RJ;Sul;Choque - Objeto Fixo;1;;;;;;;;;;1;;;;
10/08/2011;13:34:00;1669;sem vítima;84;BR-040/RJ;Sul;Choque - Objeto Fixo;1;;;;;;;;;;1;;;;
10/08/2011;07:54:00;1606;sem vítima;87;BR-040/RJ;Sul;Choque - Objeto Fixo;1;;;;;;;;;;1;;;;
10/08/2011;15:13:00;1686;sem vítima;91;BR-040/RJ;Sul;Colisão Traseira;1;;;;;1;;;;;2;;;;
10/08/2011;07:47:00;1605;sem vítima;93;BR-040/RJ;Sul;Choque - Objeto Fixo;1;;;;;;;;;;1;;;;
10/08/2011;19:25:00;1731;sem vítima;94;BR-040/RJ;Sul;Derrapagem;1;;;;;;;;;;1;;;;
10/08/2011;17:47:00;1720;sem vítima;99;BR-040/RJ;Norte;Derrapagem;1;;;;;;;;;;1;;;;
10/08/2011;23:24:00;1761;com vítima;105;BR-040/RJ;Norte;Colisão Lateral;2;;;;;;;;;;1;2;1;;
10/08/2011;18:05:00;1721;sem vítima;110;BR-040/RJ;Norte;Colisão Traseira;2;;;;;;;;;;2;;;;
10/08/2011;12:37:00;1658;sem vítima;114;BR-040/RJ;Sul;Colisão Traseira;2;;;;;;;;;;2;;;;
10/08/2011;05:57:00;1592;sem vítima;122;BR-040/RJ;Sul;Colisão Traseira;2;;;;;;;;;;2;;;;
10/08/2011;22:52:00;1755;com vítima;122;BR-040/RJ;Norte;Atropelamento - Pedestre;;;;;;1;;;;;1;;1;;