data;horario;n_da_ocorrencia;tipo_de_ocorrencia;km;trecho;sentido;tipo_de_acidente;automovel;bicicleta;caminhao;moto;onibus;outros;tracao_animal;transporte_de_cargas_especiais;trator_maquinas;utilitarios;ilesos;levemente_feridos;moderadamente_feridos;gravemente_feridos;mortos
11/08/2011;22:31:00;1915;sem vítima;54;BR-040/RJ;Norte;Choque - Objeto Fixo;1;;;;;;;;;;1;;;;
11/08/2011;22:40:00;1922;sem vítima;54;BR-040/RJ;Norte;Colisão Traseira;2;;;;;;;;;;2;;;;
11/08/2011;23:08:00;1926;com vítima;79;BR-040/RJ;Norte;Queda de Moto;;;;1;;;;;;;0;;;1;
11/08/2011;19:12:00;1894;sem vítima;84;BR-040/RJ;Norte;Objeto lançado contra veículo;1;;;;;;;;;;1;;;;
11/08/2011;21:41:00;1911;sem vítima;87;BR-040/RJ;Norte;Derrapagem;1;;;;;;;;;;1;;;;
11/08/2011;17:20:00;1874;sem vítima;89;BR-040/RJ;Norte;Choque - Objeto Fixo;1;;;;;;;;;;1;;;;
11/08/2011;13:00:00;1838;sem vítima;95;BR-040/RJ;Norte;Choque - Objeto Fixo;1;;;;;;;;;;1;;;;
11/08/2011;23:57:00;1931;sem vítima;99;BR-040/RJ;Sul;Atropelamento - Animal;1;;;;;;;;;;1;;;;
11/08/2011;11:55:00;1826;sem vítima;104;BR-040/RJ;Norte;Colisão Traseira;1;;1;;;;;;;;2;;;;
11/08/2011;07:18:00;1791;com vítima;113;BR-040/RJ;Sul;Queda de Moto;;;;1;;;;;;;0;;2;;
11/08/2011;18:30:00;1888;sem vítima;113;BR-040/RJ;Norte;Colisão Traseira;1;;;;1;;;;;;2;;;;
11/08/2011;17:48:00;1880;sem vítima;124;BR-040/RJ;Norte;Colisão Traseira;1;;;;1;;;;;;2;;;;
12/08/2011;14:33:00;2046;com vítima;34;BR-040/RJ;Norte;Tombamento;;;1;;;;;;;;0;;1;;
12/08/2011;23:58:00;2154;sem vítima;37;BR-040/RJ;Norte;Choque - Objeto Fixo;;;1;;;;;;;;1;;;;
12/08/2011;09:43:00;1991;sem vítima;43;BR-040/RJ;Norte;Colisão Traseira;1;;1;;;;;;;;2;;;;
12/08/2011;15:18:00;2056;sem vítima;73;BR-040/RJ;Sul;Derrapagem;1;;;;;;;;;;1;;;;
12/08/2011;18:48:00;2110;com vítima;807;BR-040/MG;Sul;Queda de Moto;;;;1;;;;;;;0;1;;;
12/08/2011;22:20:00;2143;sem vítima;90;BR-040/RJ;Norte;Colisão Lateral;;;1;;1;;;;;;2;;;;
12/08/2011;09:13:00;1987;sem vítima;91;BR-040/RJ;Norte;Colisão Traseira;2;;;;;;;;;;2;;;;
12/08/2011;18:12:00;2101;sem vítima;97;BR-040/RJ;Norte;Choque - Objeto Fixo;1;;;;;;;;;;1;;;;
12/08/2011;07:42:00;1972;sem vítima;109;BR-040/RJ;Sul;Colisão Traseira;2;;;;;;;;;;2;;;;
12/08/2011;17:43:00;2097;sem vítima;109;BR-040/RJ;Norte;Engavetamento;3;;;;;;;;;;3;;;;
12/08/2011;14:31:00;2048;sem vítima;110;BR-040/RJ;Sul;Colisão Traseira;1;;1;;;;;;;;2;;;;
12/08/2011;19:10:00;2117;com vítima;119;BR-040/RJ;Norte;Queda de Moto;;;;1;;;;;;;0;;1;;
12/08/2011;22:46:00;2146;com vítima;121;BR-040/RJ;Sul;Colisão Traseira;1;;1;;;;;;;;1;2;;;
12/08/2011;17:28:00;2096;sem vítima;122;BR-040/RJ;Sul;Colisão Lateral;1;;;;1;;;;;;2;;;;
12/08/2011;09:36:00;1990;sem vítima;123;BR-040/RJ;Sul;Colisão Lateral;1;;1;;;;;;;;2;;;;
13/08/2011;07:15:00;2187;sem vítima;29;BR-040/RJ;Sul;Choque - Objeto Fixo;1;;;;;;;;;;1;;;;
13/08/2011;03:30:00;2165;sem vítima;67;BR-040/RJ;Sul;Choque - Objeto Fixo;1;;;;;;;;;;1;;;;
13/08/2011;13:24:00;2245;com vítima;73;BR-040/RJ;Norte;Queda de Moto;;;;1;;;;;;;0;1;;;
13/08/2011;07:36:00;2191;sem vítima;78;BR-040/RJ;Sul;Capotamento;1;;;;;;;;;;1;;;;
13/08/2011;08:22:00;2197;sem vítima;78;BR-040/RJ;Sul;Choque - Objeto Fixo;1;;;;;;;;;;1;;;;
13/08/2011;06:50:00;2183;sem vítima;84;BR-040/RJ;Norte;Colisão Traseira;1;;1;;;;;;;;2;;;;
13/08/2011;13:51:00;2249;sem vítima;108;BR-040/RJ;Norte;Colisão Traseira;;;;;1;1;;;;;2;;;;
13/08/2011;19:38:00;2310;sem vítima;108;BR-040/RJ;Norte;Choque - Objeto Fixo;1;;;;;;;;;;1;;;;
13/08/2011;02:27:00;2162;sem vítima;110;BR-040/RJ;Sul;Choque - Objeto Fixo;1;;;;;;;;;;1;;;;
13/08/2011;07:49:00;2194;sem vítima;113;BR-040/RJ;Norte;Capotamento;2;;;;;;;;;;3;;;;
14/08/2011;06:58:00;2375;com vítima;52;BR-040/RJ;Sul;Choque - Objeto Fixo;1;;;;;;;;;;2;1;2;;
14/08/2011;21:48:00;2510;sem vítima;72;BR-040/RJ;Norte;Choque - Objeto Fixo;1;;;;;;;;;;1;;;;
14/08/2011;20:24:00;2497;sem vítima;78;BR-040/RJ;Sul;Choque - Objeto Fixo;1;;;;;;;;;;1;;;;
14/08/2011;20:20:00;2496;com vítima;784;BR-040/MG;Norte;Queda de Moto;;;;1;;;;;;;0;1;;;
14/08/2011;18:05:00;2481;sem vítima;816;BR-040/MG;Norte;Colisão Traseira;2;;;;;;;;;;2;;;;
14/08/2011;20:57:00;2503;sem vítima;84;BR-040/RJ;Norte;Choque - Objeto Fixo;1;;;;;;;;;;1;;;;
14/08/2011;11:51:00;2411;sem vítima;105;BR-040/RJ;Norte;Colisão Traseira;2;;;;;;;;;;2;;;;
14/08/2011;03:26:00;2359;com vítima;113;BR-040/RJ;Norte;Capotamento;1;;;;;;;;;;0;2;;;
14/08/2011;10:01:00;2396;com vítima;115;BR-040/RJ;Norte;Capotamento;2;;;;;;;;;;1;3;;;
14/08/2011;14:53:00;2440;com vítima;115;BR-040/RJ;Norte;Queda de Moto;;;;1;;;;;;;0;;2;;
14/08/2011;17:21:00;2465;com vítima;117;BR-040/RJ;Sul;Colisão Traseira;1;;;;1;;;;;;1;1;;;
14/08/2011;03:36:00;2360;sem vítima;118;BR-040/RJ;Sul;Choque - Objeto Fixo;1;;;;;;;;;;1;;;;
15/08/2011;01:47:00;2527;sem vítima;25;BR-040/RJ;Sul;Choque - Objeto Fixo;1;;;;;;;;;;1;;;;
15/08/2011;03:53:00;2534;sem vítima;33;BR-040/RJ;Sul;Choque - Objeto Fixo;1;;;;;;;;;;1;;;;
15/08/2011;16:39:00;2659;com vítima;80;BR-040/RJ;Sul;Capotamento;1;;;;;;;;;;0;1;;;
15/08/2011;00:05:00;2522;sem vítima;92;BR-040/RJ;Sul;Choque - Objeto Fixo;1;;;;;;;;;;3;;;;
15/08/2011;08:45:00;2573;sem vítima;109;BR-040/RJ;Norte;Colisão Lateral;1;;1;;;;;;;;2;;;;
15/08/2011;19:31:00;2681;com vítima;116;BR-040/RJ;Sul;Colisão Lateral;1;;;1;;;;;;;1;;1;;
15/08/2011;07:40:00;2562;sem vítima;124;BR-040/RJ;Sul;Engavetamento;3;;1;;;;;;;;4;;;;
15/08/2011;20:11:00;2685;sem vítima;124;BR-040/RJ;Norte;Colisão Traseira;2;;;;;;;;;;2;;;;
16/08/2011;04:39:00;2718;sem vítima;24;BR-040/RJ;Norte;Tombamento;;;1;;;;;;;;1;;;;
16/08/2011;03:29:00;2715;sem vítima;68;BR-040/RJ;Sul;Choque - Objeto Fixo;1;;;;;;;;;;2;;;;
16/08/2011;04:08:00;2717;com vítima;79;BR-040/RJ;Sul;Colisão Traseira;;;2;;;;;;;;1;;1;1;
16/08/2011;09:42:00;2762;com vítima;111;BR-040/RJ;Sul;Choque - Objeto Fixo;2;;;;;;;;;;0;2;;;
16/08/2011;10:01:00;2772;com vítima;111;BR-040/RJ;Sul;Engavetamento;3;;2;;;;;;;;3;3;;;
16/08/2011;10:48:00;2782;sem vítima;111;BR-040/RJ;Sul;Colisão Traseira;2;;;;;;;;;;2;;;;
16/08/2011;21:29:00;2884;com vítima;111;BR-040/RJ;Sul;Choque - Objeto Fixo;1;;;;;1;;;;;1;;1;;
16/08/2011;05:37:00;2719;sem vítima;123;BR-040/RJ;Sul;Colisão Traseira;2;;;;;;;;;;2;;;;
16/08/2011;18:43:00;2868;sem vítima;124;BR-040/RJ;Sul;Colisão Traseira;1;;1;;;;;;;;2;;;;
17/08/2011;01:36:00;2909;com vítima;66;BR-040/RJ;Sul;Choque - Objeto Fixo;1;;;;;;;;;;0;;;1;
17/08/2011;20:13:00;3062;com vítima;72;BR-040/RJ;Sul;Queda de Moto;;;;1;;;;;;;0;;1;;
17/08/2011;21:05:00;3070;com vítima;794;BR-040/MG;Norte;Choque - Objeto Fixo;1;;;;;;;;;;0;1;;;
17/08/2011;09:14:00;2949;sem vítima;820;BR-040/MG;Sul;Choque - Objeto Fixo;1;;;;;;;;;;1;;;;
17/08/2011;18:30:00;3049;com vítima;110;BR-040/RJ;Norte;Engavetamento;2;;1;;;;;;;;2;;1;;
17/08/2011;08:10:00;2936;sem vítima;112;BR-040/RJ;Sul;Colisão Traseira;2;;;;;;;;;;2;;;;
17/08/2011;16:10:00;3025;sem vítima;112;BR-040/RJ;Norte;Colisão Traseira;2;;;;;;;;;;2;;;;
17/08/2011;13:16:00;2991;sem vítima;113;BR-040/RJ;Sul;Colisão Traseira;1;;1;;;;;;;;2;;;;
17/08/2011;11:52:00;2980;com vítima;117;BR-040/RJ;Sul;Colisão Lateral;;;1;1;;;;;;;1;;;1;
17/08/2011;10:02:00;2960;sem vítima;120;BR-040/RJ;Norte;Colisão Lateral;1;;1;;;;;;;;2;;;;
17/08/2011;18:45:00;3051;com vítima;120;BR-040/RJ;Norte;Colisão Traseira;1;;;;;1;;;;;1;1;1;;
17/08/2011;19:52:00;3058;sem vítima;121;BR-040/RJ;Sul;Colisão Traseira;2;;;;;;;;;;2;;;;
17/08/2011;06:42:00;2923;sem vítima;123;BR-040/RJ;Sul;Colisão Traseira;2;;;;;;;;;;2;;;;
18/08/2011;19:24:00;3244;com vítima;1;BR-040/RJ;Sul;Capotamento;1;;;;;;;;;;0;1;;;
18/08/2011;11:54:00;3160;sem vítima;83;BR-040/RJ;Norte;Colisão Lateral;;;2;;;;;;;;2;;;;
18/08/2011;19:38:00;3247;sem vítima;89;BR-040/RJ;Norte;Colisão Lateral;;;2;;;;;;;;2;;;;
18/08/2011;19:35:00;3245;com vítima;99;BR-040/RJ;Sul;Atropelamento - Pedestre;1;;;;;;;;;;0;;;2;
18/08/2011;17:10:00;3218;com vítima;109;BR-040/RJ;Sul;Colisão Traseira;2;;;;;1;;;;;4;1;2;;
18/08/2011;08:20:00;3111;sem vítima;120;BR-040/RJ;Sul;Colisão Traseira;1;;1;;;;;;;;2;;;;
18/08/2011;06:32:00;3095;sem vítima;121;BR-040/RJ;Sul;Colisão Traseira;1;;;;;1;;;;;2;;;;
19/08/2011;14:44:00;3398;com vítima;38;BR-040/RJ;Norte;Tombamento;1;;;;;;;;;;0;1;;;
19/08/2011;15:09:00;3405;sem vítima;61;BR-040/RJ;Norte;Choque - Objeto Fixo;1;;;;;;;;;;1;;;;
19/08/2011;07:27:00;3307;com vítima;72;BR-040/RJ;Sul;Colisão Traseira;;;2;;;;;;;;1;;1;;
19/08/2011;16:43:00;3430;sem vítima;78;BR-040/RJ;Sul;Choque - Objeto Fixo;1;;;;;;;;;;1;;;;
19/08/2011;03:57:00;3291;sem vítima;792;BR-040/MG;Sul;Colisão Traseira;1;;1;;;;;;;;2;;;;
19/08/2011;16:28:00;3424;sem vítima;824;BR-040/MG;Sul;Choque - Objeto Fixo;1;;;;;;;;;;1;;;;
19/08/2011;15:59:00;3415;com vítima;105;BR-040/RJ;Norte;Colisão Lateral;;;1;1;;;;;;;1;;1;;
19/08/2011;10:01:00;3341;sem vítima;107;BR-040/RJ;Norte;Choque - Objeto Fixo;1;;;;;;;;;;1;;;;
19/08/2011;05:40:00;3298;sem vítima;109;BR-040/RJ;Norte;Colisão Lateral;2;;;;;;;;;;2;;;;
19/08/2011;08:31:00;3320;sem vítima;123;BR-040/RJ;Sul;Colisão Lateral;1;;1;;;;;;;;2;;;;
19/08/2011;19:09:00;3455;com vítima;123;BR-040/RJ;Sul;Colisão Lateral;1;;;1;;1;;;;;2;1;;;
19/08/2011;20:07:00;3468;sem vítima;124;BR-040/RJ;Sul;Colisão Lateral;1;;1;;;;;;;;2;;;;
20/08/2011;04:17:00;3508;com vítima;63;BR-040/RJ;Norte;Choque - Objeto Fixo;;;1;;;;;;;;0;1;;;
20/08/2011;10:08:00;3557;com vítima;63;BR-040/RJ;Norte;Colisão Traseira;1;;;1;;;;;;;4;1;;;
20/08/2011;20:14:00;3665;com vítima;78;BR-040/RJ;Sul;Derrapagem;1;;;;;;;;;;0;1;1;;
20/08/2011;05:42:00;3517;sem vítima;815;BR-040/MG;Norte;Choque - Objeto Fixo;1;;;;;;;;;;1;;;;
20/08/2011;09:54:00;3553;sem vítima;86;BR-040/RJ;Sul;Colisão Traseira;1;;;;1;;;;;;2;;;;
20/08/2011;14:16:00;3596;sem vítima;86;BR-040/RJ;Sul;Choque - Objeto Fixo;1;;;;;;;;;;1;;;;
20/08/2011;17:44:00;3635;sem vítima;92;BR-040/RJ;Sul;Choque - Objeto Fixo;1;;;;;;;;;;1;;;;
20/08/2011;23:31:00;3680;com vítima;92;BR-040/RJ;Sul;Choque - Objeto Fixo;1;;;;;;;;;;0;2;;;
20/08/2011;19:09:00;3653;sem vítima;93;BR-040/RJ;Sul;Choque - Objeto Fixo;1;;;;;;;;;;1;;;;
20/08/2011;19:51:00;3660;sem vítima;93;BR-040/RJ;Norte;Choque - Objeto Fixo;1;;;;;;;;;;1;;;;
20/08/2011;19:52:00;3661;sem vítima;93;BR-040/RJ;Norte;Derrapagem;1;;;;;;;;;;1;;;;
20/08/2011;09:47:00;3552;com vítima;111;BR-040/RJ;Sul;Colisão Traseira;2;;;;;;;;;;1;2;;;
20/08/2011;18:27:00;3645;sem vítima;119;BR-040/RJ;Norte;Colisão Lateral;1;;;;1;;;;;;2;;;;
20/08/2011;23:30:00;3679;sem vítima;121;BR-040/RJ;Sul;Colisão Lateral;2;;;;;;;;;;2;;;;
21/08/2011;04:22:00;3702;sem vítima;53;BR-040/RJ;Norte;Choque - Objeto Fixo;1;;;;;;;;;;1;;;;
21/08/2011;07:30:00;3717;sem vítima;72;BR-040/RJ;Sul;Choque - Objeto Fixo;1;;;;;;;;;;1;;;;
21/08/2011;04:54:00;3705;com vítima;78;BR-040/RJ;Sul;Choque - Objeto Fixo;1;;;;;;;;;;0;;2;;
21/08/2011;13:42:00;3759;com vítima;80;BR-040/RJ;Sul;Choque - Objeto Fixo;1;;;;;;;;;;0;1;;;
21/08/2011;15:47:00;3780;sem vítima;81;BR-040/RJ;Sul;Choque - Objeto Fixo;1;;;;;;;;;;1;;;;
21/08/2011;12:15:00;3750;sem vítima;83;BR-040/RJ;Sul;Choque - Objeto Fixo;1;;;;;;;;;;1;;;;
21/08/2011;15:46:00;3779;sem vítima;83;BR-040/RJ;Norte;Colisão Lateral;2;;;;;;;;;;2;;;;
21/08/2011;06:55:00;3710;sem vítima;799;BR-040/MG;Norte;Colisão Traseira;1;;;;;1;;;;;2;;;;
21/08/2011;19:16:00;3815;com vítima;815;BR-040/MG;Sul;Choque - Objeto Fixo;1;;;;;;;;;;4;;1;;
21/08/2011;00:10:00;3686;sem vítima;84;BR-040/RJ;Sul;Choque - Objeto Fixo;1;;;;;;;;;;1;;;;
21/08/2011;14:31:00;3765;sem vítima;85;BR-040/RJ;Norte;Choque - Objeto Fixo;1;;;;;;;;;;1;;;;
21/08/2011;14:53:00;3770;sem vítima;85;BR-040/RJ;Norte;Choque - Objeto Fixo;1;;;;;;;;;;1;;;;
21/08/2011;09:37:00;3726;sem vítima;87;BR-040/RJ;Sul;Derrapagem;1;;;;;;;;;;1;;;;
21/08/2011;10:29:00;3736;sem vítima;92;BR-040/RJ;Sul;Derrapagem;1;;;;;;;;;;1;;;;
21/08/2011;10:47:00;3739;sem vítima;92;BR-040/RJ;Norte;Choque - Objeto Fixo;1;;;;;;;;;;1;;;;
21/08/2011;11:55:00;3746;com vítima;92;BR-040/RJ;Sul;Choque - Objeto Fixo;1;;;;;;;;;;0;1;;;
21/08/2011;15:38:00;3777;com vítima;92;BR-040/RJ;Sul;Choque - Objeto Fixo;1;;;;;;;;;;0;1;;;
21/08/2011;16:32:00;3791;sem vítima;92;BR-040/RJ;Sul;Choque - Objeto Fixo;1;;;;;;;;;;1;;;;
21/08/2011;16:47:00;3792;com vítima;92;BR-040/RJ;Sul;Choque - Objeto Fixo;1;;;;;;;;;;0;1;;;
21/08/2011;16:52:00;3796;com vítima;92;BR-040/RJ;Sul;Capotamento;1;;;;;;;;;;0;2;;;
21/08/2011;13:12:00;3755;com vítima;93;BR-040/RJ;Sul;Capotamento;1;;;;;;;;;;0;1;1;;
21/08/2011;14:43:00;3767;com vítima;93;BR-040/RJ;Sul;Derrapagem;2;;;;;;;;;;1;2;2;;
21/08/2011;15:45:00;3778;sem vítima;93;BR-040/RJ;Norte;Choque - Objeto Fixo;1;;;;;;;;;;1;;;;
21/08/2011;11:23:00;3745;sem vítima;94;BR-040/RJ;Sul;Choque - Objeto Fixo;1;;;;;;;;;;1;;;;
21/08/2011;07:59:00;3721;sem vítima;96;BR-040/RJ;Norte;Derrapagem;1;;;;;;;;;;1;;;;
21/08/2011;18:19:00;3808;sem vítima;96;BR-040/RJ;Sul;Choque - Objeto Fixo;1;;;;;;;;;;1;;;;
21/08/2011;22:35:00;3835;sem vítima;102;BR-040/RJ;Norte;Choque - Objeto Fixo;1;;;;;;;;;;1;;;;
21/08/2011;21:32:00;3829;com vítima;105;BR-040/RJ;Sul;Atropelamento - Pedestre;;;;1;;;;;;;1;1;;;
21/08/2011;23:50:00;3845;com vítima;105;BR-040/RJ;Norte;Queda de Moto;;;;1;;;;;;;0;1;1;;
21/08/2011;02:20:00;3694;sem vítima;109;BR-040/RJ;Sul;Colisão Traseira;1;;1;;;;;;;;2;;;;
21/08/2011;02:20:00;3695;sem vítima;109;BR-040/RJ;Sul;Colisão Traseira;1;;1;;;;;;;;2;;;;
21/08/2011;16:32:00;3790;sem vítima;112;BR-040/RJ;Norte;Colisão Lateral;1;;;;;1;;;;;2;;;;
21/08/2011;00:02:00;3684;sem vítima;119;BR-040/RJ;Sul;Choque - Objeto Fixo;1;;;;;;;;;;1;;;;
22/08/2011;09:16:00;3916;com vítima;43;BR-040/RJ;Sul;Capotamento;1;;;;;;;;;;0;2;1;;
22/08/2011;21:34:00;4021;sem vítima;84;BR-040/RJ;Sul;Choque - Objeto Fixo;1;;;;;;;;;;1;;;;
22/08/2011;19:50:00;4011;com vítima;96;BR-040/RJ;Norte;Tombamento;;;1;;;;;;;;0;1;;;
22/08/2011;14:36:00;3969;com vítima;99;BR-040/RJ;Sul;Capotamento;2;;;;;;;;;;3;1;;;
22/08/2011;12:19:00;3955;sem vítima;101;BR-040/RJ;Sul;Colisão Lateral;2;;;;;;;;;;2;;;;
22/08/2011;04:25:00;3861;com vítima;108;BR-040/RJ;Sul;Colisão Traseira;2;;;;;;;;;;1;1;;;
22/08/2011;07:35:00;3893;com vítima;109;BR-040/RJ;Sul;Capotamento;1;;;;;;;;;;0;1;;;
22/08/2011;13:33:00;3963;sem vítima;112;BR-040/RJ;Sul;Colisão Traseira;1;;;;1;;;;;;2;;;;
22/08/2011;02:13:00;3849;sem vítima;113;BR-040/RJ;Sul;Derrapagem;1;;;;;;;;;;1;;;;
22/08/2011;09:55:00;3927;com vítima;116;BR-040/RJ;Sul;Colisão Traseira;;;2;;;;;;;;2;1;;;
22/08/2011;18:33:00;4001;sem vítima;121;BR-040/RJ;Sul;Engavetamento;1;;2;;;;;;;;3;;;;
22/08/2011;09:15:00;3915;sem vítima;123;BR-040/RJ;Sul;Colisão Traseira;;;1;;1;;;;;;2;;;;
23/08/2011;10:22:00;4103;sem vítima;59;BR-040/RJ;Sul;Choque - Objeto Fixo;1;;;;;;;;;;1;;;;
23/08/2011;23:41:00;4228;sem vítima;779;BR-040/MG;Norte;Choque - Objeto Fixo;1;;;;;;;;;;1;;;;
23/08/2011;10:03:00;4098;com vítima;787;BR-040/MG;Sul;Capotamento;1;;;;;;;;;;0;1;;;
23/08/2011;07:16:00;4068;com vítima;821;BR-040/MG;Norte;Colisão Traseira;1;;1;;;;;;;;1;;1;;
23/08/2011;13:10:00;4134;sem vítima;85;BR-040/RJ;Norte;Choque - Objeto Fixo;;;1;;;;;;;;1;;;;
23/08/2011;18:12:00;4182;sem vítima;89;BR-040/RJ;Norte;Colisão Traseira;;;1;;1;;;;;;2;;;;
23/08/2011;15:04:00;4147;com vítima;109;BR-040/RJ;Norte;Queda de Moto;;;;1;;;;;;;0;2;;;
23/08/2011;18:37:00;4184;sem vítima;110;BR-040/RJ;Norte;Colisão Traseira;1;;1;;;;;;;;2;;;;
23/08/2011;18:11:00;4181;sem vítima;112;BR-040/RJ;Norte;Colisão Traseira;2;;;;;1;;;;;3;;;;
23/08/2011;10:19:00;4101;com vítima;113;BR-040/RJ;Sul;Colisão Traseira;2;;;;;;;;;;1;1;;;
24/08/2011;16:30:00;4360;sem vítima;51;BR-040/RJ;Norte;Colisão Traseira;1;;;;;1;;;;;2;;;;
24/08/2011;12:39:00;4322;com vítima;55;BR-040/RJ;Norte;Capotamento;1;;;;;;;;;;0;2;;;
24/08/2011;23:37:00;4416;sem vítima;82;BR-040/RJ;Sul;Choque - Objeto Fixo;1;;;;;;;;;;1;;;;
24/08/2011;16:37:00;4363;com vítima;94;BR-040/RJ;Sul;Capotamento;1;;;;;;;;;;0;2;;;
24/08/2011;11:30:00;4313;sem vítima;104;BR-040/RJ;Norte;Colisão Lateral;1;;1;;;;;;;;2;;;;
24/08/2011;08:30:00;4268;sem vítima;105;BR-040/RJ;Norte;Atropelamento - Animal;;;1;;;;;;;;1;;;;
24/08/2011;23:19:00;4413;sem vítima;114;BR-040/RJ;Norte;Choque - Objeto Fixo;1;;;;;;;;;;1;;;;
24/08/2011;11:10:00;4309;sem vítima;118;BR-040/RJ;Sul;Colisão Lateral;1;;1;;;;;;;;2;;;;
24/08/2011;10:55:00;4301;sem vítima;122;BR-040/RJ;Norte;Colisão Lateral;1;;1;;;;;;;;2;;;;
24/08/2011;05:35:00;4246;sem vítima;123;BR-040/RJ;Sul;Colisão Traseira;1;;1;;;;;;;;2;;;;
25/08/2011;15:20:00;4525;sem vítima;72;BR-040/RJ;Sul;Colisão Lateral;2;;;;;;;;;;2;;;;
25/08/2011;09:11:00;4463;sem vítima;799;BR-040/MG;Norte;Colisão Lateral;2;;;;;;;;;;2;;;;
25/08/2011;15:18:00;4524;sem vítima;113;BR-040/RJ;Sul;Colisão Traseira;1;;;;1;;;;;;2;;;;
26/08/2011;15:00:00;4697;sem vítima;39;BR-040/RJ;Norte;Colisão Traseira;2;;;;;;;;;;3;;;;
26/08/2011;11:47:00;4664;sem vítima;45;BR-040/RJ;Norte;Colisão Lateral;2;;;;;;;;;;2;;;;
26/08/2011;18:31:00;4729;com vítima;72;BR-040/RJ;Sul;Choque - Objeto Fixo;1;;;;;;;;;;0;1;;;
26/08/2011;18:00:00;4726;sem vítima;83;BR-040/RJ;Norte;Colisão Traseira;2;;;;;;;;;;2;;;;
26/08/2011;15:43:00;4702;sem vítima;777;BR-040/MG;Norte;Choque - Objeto Fixo;1;;;;;;;;;;1;;;;
26/08/2011;01:08:00;4604;sem vítima;85;BR-040/RJ;Norte;Colisão Traseira;1;;1;;;;;;;;2;;;;
26/08/2011;19:07:00;4733;sem vítima;87;BR-040/RJ;Sul;Choque - Objeto Fixo;1;;;;;;;;;;1;;;;
26/08/2011;12:16:00;4669;sem vítima;88;BR-040/RJ;Norte;Choque - Objeto Fixo;;;1;;;;;;;;1;;;;
26/08/2011;10:22:00;4652;com vítima;94;BR-040/RJ;Sul;Capotamento;1;;;;;;;;;;0;1;;;
26/08/2011;11:03:00;4655;com vítima;94;BR-040/RJ;Sul;Queda de Moto;;;;1;;;;;;;0;;1;1;
26/08/2011;14:39:00;4693;sem vítima;109;BR-040/RJ;Norte;Colisão Traseira;1;;;;1;;;;;;2;;;;
26/08/2011;16:49:00;4713;sem vítima;109;BR-040/RJ;Sul;Colisão Traseira;2;;;;;;;;;;2;;;;
26/08/2011;03:50:00;4607;com vítima;110;BR-040/RJ;Sul;Atropelamento - Pedestre;;;1;;;;;;;;1;;1;;
26/08/2011;23:33:00;4772;sem vítima;110;BR-040/RJ;Norte;Choque - Objeto Fixo;1;;;;;;;;;;1;;;;
26/08/2011;08:34:00;4641;sem vítima;116;BR-040/RJ;Norte;Derrapagem;1;;;;;;;;;;1;;;;
26/08/2011;14:29:00;4690;com vítima;119;BR-040/RJ;Norte;Tombamento;;;1;;;;;;;;0;1;;;
26/08/2011;22:46:00;4767;sem vítima;119;BR-040/RJ;Norte;Engavetamento;3;;;;;;;;;;3;;;;
26/08/2011;07:15:00;4625;sem vítima;122;BR-040/RJ;Sul;Colisão Traseira;1;;1;;;;;;;;2;;;;
26/08/2011;12:38:00;4671;sem vítima;124;BR-040/RJ;Sul;Colisão Lateral;1;;1;;;;;;;;2;;;;
27/08/2011;15:08:00;4871;sem vítima;63;BR-040/RJ;Norte;Colisão Lateral;1;;;;;1;;;;;2;;;;
27/08/2011;15:24:00;4873;com vítima;74;BR-040/RJ;Norte;Tombamento;;;1;;;;;;;;0;1;;;
27/08/2011;08:51:00;4816;sem vítima;84;BR-040/RJ;Sul;Choque - Objeto Fixo;1;;;;;;;;;;1;;;;
27/08/2011;08:36:00;4815;sem vítima;92;BR-040/RJ;Sul;Choque - Objeto Fixo;1;;;;;;;;;;1;;;;
27/08/2011;07:17:00;4803;sem vítima;94;BR-040/RJ;Norte;Choque - Objeto Fixo;1;;;;;;;;;;3;;;;
27/08/2011;00:44:00;4778;sem vítima;101;BR-040/RJ;Sul;Derrapagem;1;;;;;;;;;;1;;;;
27/08/2011;00:52:00;4779;sem vítima;110;BR-040/RJ;Norte;Colisão Traseira;1;;;;;1;;;;;2;;;;
27/08/2011;13:05:00;4857;sem vítima;121;BR-040/RJ;Norte;Engavetamento;3;;;;;;;;;;3;;;;
27/08/2011;11:31:00;4835;sem vítima;125;BR-040/RJ;Sul;Choque - Objeto Fixo;1;;;;;;;;;;1;;;;
28/08/2011;08:24:00;4953;sem vítima;53;BR-040/RJ;Norte;Choque - Objeto Fixo;1;;;;;;;;;;1;;;;
28/08/2011;12:58:00;4988;com vítima;55;BR-040/RJ;Sul;Choque - Objeto Fixo;1;;;;;;;;;;0;1;1;1;
28/08/2011;04:40:00;4941;sem vítima;69;BR-040/RJ;Norte;Colisão Lateral;1;;1;;;;;;;;2;;;;
28/08/2011;05:11:00;4942;sem vítima;77;BR-040/RJ;Sul;Choque - Objeto Fixo;1;;;;;;;;;;3;;;;
28/08/2011;15:50:00;5021;sem vítima;77;BR-040/RJ;Sul;Derrapagem;1;;;;;;;;;;1;;;;
28/08/2011;11:05:00;4972;com vítima;78;BR-040/RJ;Sul;Queda de Moto;;;;1;;;;;;;0;;1;;
28/08/2011;17:31:00;5043;com vítima;83;BR-040/RJ;Norte;Derrapagem;1;;;;;;;;;;0;2;;;