data;horario;n_da_ocorrencia;tipo_de_ocorrencia;km;trecho;sentido;tipo_de_acidente;automovel;bicicleta;caminhao;moto;onibus;outros;tracao_animal;transporte_de_cargas_especiais;trator_maquinas;utilitarios;ilesos;levemente_feridos;moderadamente_feridos;gravemente_feridos;mortos
28/08/2011;17:36:00;5044;sem vítima;792;BR-040/MG;Norte;Derrapagem;1;;;;;;;;;;1;;;;
28/08/2011;11:59:00;4983;sem vítima;800;BR-040/MG;Sul;Choque - Objeto Fixo;1;;;;;;;;;;1;;;;
28/08/2011;06:23:00;4943;com vítima;808;BR-040/MG;Sul;Derrapagem;1;;;;;;;;;;0;2;;;
28/08/2011;02:11:00;4932;sem vítima;111;BR-040/RJ;Sul;Capotamento;1;;;;;;;;;;1;;;;
28/08/2011;18:37:00;5051;com vítima;115;BR-040/RJ;Sul;Capotamento;1;;;;;;;;;;0;1;;;
29/08/2011;22:41:00;5296;com vítima;78;BR-040/RJ;Sul;Capotamento;1;;;;;;;;;;0;2;;;
29/08/2011;04:12:00;5108;sem vítima;106;BR-040/RJ;Sul;Choque - Objeto Fixo;1;;;;;;;;;;1;;;;
29/08/2011;17:42:00;5255;com vítima;109;BR-040/RJ;Norte;Colisão Traseira;1;;1;;;;;;;;0;2;;;
29/08/2011;20:45:00;5286;com vítima;109;BR-040/RJ;Norte;Colisão Traseira;1;;1;;;;;;;;1;1;;;
29/08/2011;09:36:00;5150;com vítima;113;BR-040/RJ;Sul;Queda de Moto;;;;1;;;;;;;0;1;;;
29/08/2011;20:03:00;5281;sem vítima;114;BR-040/RJ;Norte;Colisão Traseira;1;;;;;1;;;;;2;;;;
29/08/2011;15:21:00;5219;sem vítima;120;BR-040/RJ;Sul;Colisão Lateral;1;;;;1;;;;;;2;;;;
29/08/2011;08:30:00;5136;sem vítima;123;BR-040/RJ;Sul;Colisão Lateral;2;;1;;;;;;;;3;;;;
29/08/2011;11:15:00;5165;sem vítima;124;BR-040/RJ;Sul;Colisão Lateral;1;;1;;;;;;;;2;;;;
29/08/2011;03:35:00;5107;com vítima;125;BR-040/RJ;Sul;Tombamento;;;1;;;;;;;;0;1;;;
30/08/2011;14:46:00;5394;sem vítima;783;BR-040/MG;Norte;Tombamento;;;1;;;;;;;;1;;;;
30/08/2011;07:47:00;5328;com vítima;784;BR-040/MG;Norte;Colisão Lateral;;;1;;1;;;;;;2;1;;;
30/08/2011;23:29:00;5462;com vítima;111;BR-040/RJ;Sul;Choque - Objeto Fixo;1;;;;;;;;;;0;2;;;
30/08/2011;10:20:00;5351;sem vítima;121;BR-040/RJ;Sul;Engavetamento;2;;1;;;;;;;;3;;;;
30/08/2011;16:00:00;5409;com vítima;121;BR-040/RJ;Sul;Choque - Objeto Fixo;1;;;;;;;;;;0;1;;;
30/08/2011;09:27:00;5344;sem vítima;122;BR-040/RJ;Sul;Colisão Lateral;1;;1;;;;;;;;2;;;;
30/08/2011;07:19:00;5322;sem vítima;123;BR-040/RJ;Sul;Colisão Lateral;1;;;;1;;;;;;2;;;;
30/08/2011;07:25:00;5323;sem vítima;123;BR-040/RJ;Sul;Colisão Lateral;1;;1;;;;;;;;2;;;;
30/08/2011;16:49:00;5417;sem vítima;123;BR-040/RJ;Sul;Colisão Lateral;1;;1;;;;;;;;2;;;;
30/08/2011;11:00:00;5359;com vítima;124;BR-040/RJ;Norte;Capotamento;1;;;;;;;;;;0;2;;;
30/08/2011;15:53:00;5406;sem vítima;125;BR-040/RJ;Sul;Choque - Objeto Fixo;1;;;;;;;;;;1;;;;
31/08/2011;13:24:00;5552;com vítima;5;BR-040/RJ;Norte;Queda de Moto;;;;1;;;;;;;0;2;;;
31/08/2011;03:42:00;5479;sem vítima;44;BR-040/RJ;Sul;Choque - Objeto Fixo;;;1;;;;;;;;1;;;;
31/08/2011;19:08:00;5593;sem vítima;784;BR-040/MG;Norte;Choque - Objeto Fixo;1;;;;;;;;;;1;;;;
31/08/2011;16:18:00;5571;sem vítima;92;BR-040/RJ;Sul;Derrapagem;1;;;;;;;;;;1;;;;
31/08/2011;19:34:00;5597;sem vítima;94;BR-040/RJ;Sul;choque - Objeto Fixo;1;;;;;;;;;;1;;;;
31/08/2011;01:39:00;5469;com vítima;106;BR-040/RJ;Norte;Capotamento;1;;;;;;;;;;0;1;1;;
31/08/2011;09:53:00;5517;sem vítima;118;BR-040/RJ;Sul;Colisão Lateral;1;;1;;;;;;;;2;;;;
31/08/2011;17:21:00;5580;com vítima;123;BR-040/RJ;Norte;Colisão Lateral;1;;;1;;;;;;;1;;1;;
01/09/2011;16:42:00;102;sem vítima;23;BR-040/RJ;Norte;Colisão Traseira;1;;;;;1;;;;;2;;;;
01/09/2011;07:35:00;32;com vítima;34;BR-040/RJ;Norte;Tombamento;;;1;;;;;;;;0;1;;;
01/09/2011;17:53:00;111;sem vítima;794;BR-040/MG;Norte;Choque - Objeto Fixo;1;;;;;;;;;;1;;;;
01/09/2011;19:07:00;130;com vítima;810;BR-040/MG;Norte;Colisão Traseira;1;;;1;;;;;;;1;1;1;;
01/09/2011;10:40:00;57;sem vítima;96;BR-040/RJ;Sul;Choque - Objeto Fixo;;;1;;;;;;;;1;;;;
01/09/2011;22:35:00;159;com vítima;108;BR-040/RJ;Norte;Capotamento;1;;;;;;;;;;0;;3;;
01/09/2011;06:51:00;26;sem vítima;113;BR-040/RJ;Sul;Colisão Traseira;2;;;;;1;;;;;3;;;;
01/09/2011;00:21:00;4;sem vítima;122;BR-040/RJ;Sul;Choque - Objeto Fixo;;;1;;;;;;;;1;;;;
01/09/2011;02:42:00;10;sem vítima;123;BR-040/RJ;Sul;Choque - Objeto Fixo;1;;;;;;;;;;1;;;;
02/09/2011;06:25:00;187;sem vítima;0;BR-040/RJ;Sul;Choque - Objeto Fixo;1;;;;;;;;;;1;;;;
02/09/2011;07:45:00;194;sem vítima;4;BR-040/RJ;Sul;Capotamento;1;;;;;;;;;;1;;;;
02/09/2011;14:35:00;248;sem vítima;12;BR-040/RJ;Norte;Colisão Lateral;1;;1;;;;;;;;2;;;;
02/09/2011;19:25:00;307;sem vítima;72;BR-040/RJ;Sul;Derrapagem;1;;;;;;;;;;1;;;;
02/09/2011;06:44:00;189;sem vítima;805;BR-040/MG;Norte;Colisão Traseira;1;;1;;;;;;;;2;;;;
02/09/2011;12:56:00;238;sem vítima;95;BR-040/RJ;Sul;Choque - Objeto Fixo;1;;;;;;;;;;1;;;;
02/09/2011;18:54:00;301;sem vítima;104;BR-040/RJ;Norte;Colisão Traseira;2;;;;;;;;;;2;;;;
02/09/2011;08:17:00;200;sem vítima;123;BR-040/RJ;Sul;Colisão Lateral;1;;1;;;;;;;;2;;;;
02/09/2011;15:35:00;262;sem vítima;124;BR-040/RJ;Sul;Colisão Lateral;1;;1;;;;;;;;2;;;;
02/09/2011;20:00:00;315;sem vítima;124;BR-040/RJ;Sul;Colisão Lateral;1;;1;;;;;;;;2;;;;
02/09/2011;22:31:00;334;sem vítima;124;BR-040/RJ;Sul;Colisão Lateral;2;;;;;;;;;;2;;;;
03/09/2011;04:34:00;362;sem vítima;25;BR-040/RJ;Sul;Derrapagem;1;;;;;;;;;;1;;;;
03/09/2011;10:20:00;395;com vítima;34;BR-040/RJ;Norte;Choque - Objeto Fixo;1;;;;;;;;;;0;1;;;
03/09/2011;18:54:00;472;com vítima;73;BR-040/RJ;Sul;Atropelamento - Pedestre;1;;;;;;;;;;1;;;1;
03/09/2011;16:11:00;446;com vítima;80;BR-040/RJ;Norte;Queda de Moto;;;;1;;;;;;;0;1;;;
03/09/2011;05:00:00;364;sem vítima;815;BR-040/MG;Sul;Derrapagem;1;;;;;;;;;;1;;;;
03/09/2011;10:12:00;393;com vítima;96;BR-040/RJ;Norte;Tombamento;1;;1;;;;;;;;0;4;;;
03/09/2011;20:05:00;487;com vítima;102;BR-040/RJ;Sul;Atropelamento - Pedestre;1;;;;;;;;;;1;;;;1
03/09/2011;21:01:00;495;sem vítima;104;BR-040/RJ;Sul;Colisão Traseira;2;;;;;;;;;;2;;;;
03/09/2011;10:17:00;394;com vítima;110;BR-040/RJ;Norte;Colisão Traseira;;;2;;;;;;;;1;1;;;
03/09/2011;15:46:00;442;com vítima;111;BR-040/RJ;Norte;Capotamento;1;;;;;1;;;;;1;2;;;
03/09/2011;15:42:00;441;com vítima;117;BR-040/RJ;Norte;Derrapagem;1;;;;;;;;;;0;1;;;
03/09/2011;18:34:00;469;sem vítima;120;BR-040/RJ;Sul;Colisão Lateral;1;;1;;;;;;;;2;;;;
04/09/2011;05:07:00;544;sem vítima;22;BR-040/RJ;Sul;Choque - Objeto Fixo;1;;;;;;;;;;1;;;;
04/09/2011;16:32:00;637;sem vítima;37;BR-040/RJ;Norte;Choque - Objeto Fixo;1;;;;;;;;;;1;;;;
04/09/2011;14:13:00;615;com vítima;59;BR-040/RJ;Sul;Atropelamento - Pedestre;;1;;;;1;;;;;1;;1;;
04/09/2011;19:16:00;672;sem vítima;796;BR-040/MG;Sul;Choque - Objeto Fixo;1;;;;;;;;;;4;;;;
04/09/2011;22:54:00;695;com vítima;810;BR-040/MG;Sul;Queda de Moto;;;;1;;;;;;;0;;;1;
04/09/2011;07:16:00;556;sem vítima;815;BR-040/MG;Sul;Choque - Objeto Fixo;1;;;;;;;;;;1;;;;
04/09/2011;06:24:00;549;com vítima;103;BR-040/RJ;Sul;Choque - Objeto Fixo;1;;;;;;;;;;0;;;1;
04/09/2011;04:29:00;542;sem vítima;107;BR-040/RJ;Sul;Choque - Objeto Fixo;1;;;;;;;;;;1;;;;
04/09/2011;05:13:00;547;sem vítima;112;BR-040/RJ;Norte;Queda de Moto;;;;1;;;;;;;1;;;;
04/09/2011;12:17:00;597;sem vítima;119;BR-040/RJ;Sul;Choque - Objeto Fixo;1;;;;;;;;;;1;;;;
05/09/2011;11:28:00;789;com vítima;74;BR-040/RJ;Sul;Colisão Traseira;1;;1;;;;;;;;3;2;;;
05/09/2011;11:28:00;790;sem vítima;104;BR-040/RJ;Norte;Choque - Objeto Fixo;1;;;;;;;;;;1;;;;
05/09/2011;07:47:00;737;com vítima;122;BR-040/RJ;Sul;Atropelamento - Pedestre;1;;;;;;;;;;1;1;;;
05/09/2011;14:49:00;810;sem vítima;122;BR-040/RJ;Norte;Colisão Traseira;2;;;;;;;;;;2;;;;
05/09/2011;07:44:00;735;sem vítima;123;BR-040/RJ;Norte;Colisão Lateral;1;;1;;;;;;;;2;;;;
06/09/2011;13:00:00;987;com vítima;56;BR-040/RJ;Sul;Choque - Objeto Fixo;1;;;;;;;;;;0;;1;;
06/09/2011;13:18:00;991;sem vítima;82;BR-040/RJ;Norte;Choque - Objeto Fixo;1;;;;;;;;;;1;;;;
06/09/2011;21:36:00;1066;sem vítima;790;BR-040/MG;Sul;Choque - Objeto Fixo;1;;;;;;;;;;1;;;;
06/09/2011;18:24:00;1042;sem vítima;89;BR-040/RJ;Norte;Choque - Objeto Fixo;1;;;;;;;;;;1;;;;
06/09/2011;19:01:00;1049;com vítima;101;BR-040/RJ;Norte;Colisão Lateral;1;;;1;;;;;;;1;1;;1;
06/09/2011;21:13:00;1063;sem vítima;113;BR-040/RJ;Sul;Derrapagem;1;;;;;;;;;;1;;;;
06/09/2011;17:22:00;1027;sem vítima;117;BR-040/RJ;Norte;Colisão Lateral;1;;;;;1;;;;;2;;;;
07/09/2011;02:56:00;1100;sem vítima;28;BR-040/RJ;Norte;Derrapagem;1;;;;;;;;;;1;;;;
07/09/2011;21:11:00;1240;sem vítima;62;BR-040/RJ;Norte;Choque - Objeto Fixo;1;;;;;;;;;;1;;;;
07/09/2011;01:13:00;1096;com vítima;72;BR-040/RJ;Norte;Choque - Objeto Fixo;1;;;;;;;;;;1;1;;;
07/09/2011;15:51:00;1198;com vítima;78;BR-040/RJ;Norte;Atropelamento - Pedestre;;;;1;;;;;;;0;;;2;
07/09/2011;09:19:00;1134;sem vítima;815;BR-040/MG;Sul;Choque - Objeto Fixo;1;;;;;;;;;;3;;;;
07/09/2011;19:13:00;1221;com vítima;104;BR-040/RJ;Norte;Colisão Lateral;2;;;;;;;;;;0;4;;;
07/09/2011;18:40:00;1218;sem vítima;105;BR-040/RJ;Norte;Colisão Lateral;;;;2;;;;;;;2;;;;
07/09/2011;04:42:00;1109;com vítima;109;BR-040/RJ;Norte;Colisão Traseira;2;;;;;;;;;;0;2;1;;
07/09/2011;19:46:00;1226;sem vítima;111;BR-040/RJ;Sul;Colisão Lateral;1;;;1;;;;;;;2;;;;
07/09/2011;19:29:00;1225;sem vítima;122;BR-040/RJ;Norte;Colisão Lateral;;;;;2;;;;;;2;;;;
07/09/2011;06:29:00;1117;com vítima;124;BR-040/RJ;Sul;Tombamento;;;1;;;;;;;;0;;;;1
08/09/2011;01:47:00;1256;sem vítima;41;BR-040/RJ;Sul;Derrapagem;1;;;;;;;;;;1;;;;
08/09/2011;17:58:00;1382;sem vítima;67;BR-040/RJ;Sul;Colisão Traseira;2;;;;;;;;;;2;;;;
08/09/2011;22:29:00;1418;sem vítima;95;BR-040/RJ;Norte;Colisão Lateral;;;1;;1;;;;;;2;;;;
08/09/2011;22:55:00;1421;com vítima;96;BR-040/RJ;Sul;Choque - Objeto Fixo;1;;;;;;;;;;0;;1;;
08/09/2011;04:24:00;1263;sem vítima;109;BR-040/RJ;Sul;Choque - Objeto Fixo;1;;;;;;;;;;1;;;;
08/09/2011;07:34:00;1279;com vítima;122;BR-040/RJ;Sul;Engavetamento;1;;4;;;;;;;;3;1;1;;
08/09/2011;14:53:00;1341;sem vítima;122;BR-040/RJ;Norte;Colisão Traseira;2;;;;;;;;;;2;;;;
08/09/2011;10:39:00;1303;sem vítima;123;BR-040/RJ;Norte;Colisão Lateral;1;;1;;;;;;;;2;;;;
08/09/2011;09:16:00;1292;sem vítima;124;BR-040/RJ;Norte;Colisão Lateral;1;;1;;;;;;;;2;;;;
09/09/2011;08:36:00;1463;com vítima;815;BR-040/MG;Sul;Capotamento;1;;;;;;;;;;0;2;;;
09/09/2011;22:05:00;1599;sem vítima;90;BR-040/RJ;Norte;Colisão Lateral;;;2;;;;;;;;2;;;;
09/09/2011;06:28:00;1450;com vítima;93;BR-040/RJ;Sul;Capotamento;1;;;;;1;;;;;1;1;1;;
09/09/2011;14:50:00;1528;com vítima;94;BR-040/RJ;Sul;Tombamento;;;1;;;;;;;;0;;1;;
09/09/2011;19:19:00;1578;sem vítima;100;BR-040/RJ;Norte;Colisão Traseira;2;;;;;;;;;;2;;;;
09/09/2011;08:45:00;1467;com vítima;105;BR-040/RJ;Norte;Choque - Objeto Fixo;1;;;;;;;;;;0;1;;;
09/09/2011;00:33:00;1434;sem vítima;106;BR-040/RJ;Norte;Choque - Objeto Fixo;1;;;;;;;;;;1;;;;
09/09/2011;17:26:00;1553;com vítima;109;BR-040/RJ;Sul;Capotamento;1;;;;;;;;;;0;2;;;
09/09/2011;18:23:00;1567;sem vítima;111;BR-040/RJ;Norte;Colisão Traseira;1;;1;;;;;;;;2;;;;
09/09/2011;14:45:00;1527;com vítima;113;BR-040/RJ;Sul;Queda de Moto;;;;1;;;;;;;0;1;;;
09/09/2011;06:37:00;1451;com vítima;122;BR-040/RJ;Sul;Atropelamento - Pedestre;1;;;;;;;;;;1;1;;;
09/09/2011;08:46:00;1466;sem vítima;122;BR-040/RJ;Sul;Colisão Lateral;;;1;;1;;;;;;2;;;;
09/09/2011;12:10:00;1503;com vítima;122;BR-040/RJ;Norte;Colisão Lateral;;;1;;1;;;;;;1;;1;;
09/09/2011;04:02:00;1442;sem vítima;124;BR-040/RJ;Norte;Choque - Objeto Fixo;1;;;;;;;;;;1;;;;
10/09/2011;01:59:00;1620;com vítima;793;BR-040/MG;Norte;Capotamento;1;;;;;;;;;;0;1;;;
10/09/2011;09:57:00;1678;sem vítima;104;BR-040/RJ;Norte;Colisão Traseira;2;;;;;;;;;;2;;;;
10/09/2011;19:07:00;1756;com vítima;111;BR-040/RJ;Norte;Engavetamento;2;;;;1;;;;;;2;1;;;
10/09/2011;19:35:00;1761;sem vítima;111;BR-040/RJ;Norte;Engavetamento;3;;;;;;;;;;3;;;;
10/09/2011;10:09:00;1680;sem vítima;113;BR-040/RJ;Norte;Choque - Objeto Fixo;1;;;;;;;;;;1;;;;
10/09/2011;03:40:00;1624;sem vítima;119;BR-040/RJ;Sul;Colisão Traseira;2;;;;;;;;;;3;;;;
10/09/2011;12:23:00;1697;com vítima;125;BR-040/RJ;Sul;Tombamento;;;1;;;;;;;;0;;1;;
10/09/2011;15:53:00;1733;sem vítima;125;BR-040/RJ;Sul;Colisão Transversal;1;;1;;;;;;;;2;;;;
11/09/2011;03:21:00;1791;com vítima;19;BR-040/RJ;Norte;Capotamento;1;;;;;;;;;;0;;1;;
11/09/2011;04:33:00;1793;sem vítima;66;BR-040/RJ;Norte;Choque - Objeto Fixo;1;;;;;;;;;;1;;;;
11/09/2011;19:20:00;1900;sem vítima;78;BR-040/RJ;Sul;Choque - Objeto Fixo;1;;;;;;;;;;1;;;;
11/09/2011;08:22:00;1812;sem vítima;80;BR-040/RJ;Sul;Colisão Traseira;1;;1;;;;;;;;2;;;;
11/09/2011;07:23:00;1805;sem vítima;84;BR-040/RJ;Norte;Choque - Objeto Fixo;1;;;;;;;;;;1;;;;
11/09/2011;09:58:00;1824;sem vítima;91;BR-040/RJ;Sul;Choque - Objeto Fixo;1;;;;;;;;;;1;;;;
11/09/2011;15:25:00;1862;com vítima;93;BR-040/RJ;Sul;Derrapagem;1;;;;;;;;;;0;12;2;;
11/09/2011;08:41:00;1815;com vítima;94;BR-040/RJ;Norte;Choque - Objeto Fixo;1;;;;;;;;;;0;4;;;
11/09/2011;07:27:00;1806;sem vítima;108;BR-040/RJ;Norte;Choque - Objeto Fixo;1;;;;;;;;;;1;;;;
11/09/2011;06:55:00;1801;sem vítima;113;BR-040/RJ;Sul;Choque - Objeto Fixo;1;;;;;;;;;;1;;;;
11/09/2011;19:54:00;1907;sem vítima;114;BR-040/RJ;Norte;Choque - Objeto Fixo;1;;;;;;;;;;1;;;;
11/09/2011;06:13:00;1798;com vítima;115;BR-040/RJ;Sul;Queda de Moto;;;;1;;;;;;;0;1;;;
11/09/2011;19:16:00;1901;sem vítima;118;BR-040/RJ;Sul;Colisão Lateral;2;;;;;;;;;;2;;;;
12/09/2011;17:25:00;2072;sem vítima;13;BR-040/RJ;Sul;Choque - Objeto Fixo;1;;;;;;;;;;1;;;;
12/09/2011;20:00:00;2096;com vítima;58;BR-040/RJ;Sul;Atropelamento - Pedestre;1;1;;;;;;;;;1;;1;;
12/09/2011;18:17:00;2081;sem vítima;62;BR-040/RJ;Sul;Choque - Objeto Fixo;1;;;;;;;;;;1;;;;
12/09/2011;10:05:00;1987;com vítima;73;BR-040/RJ;Norte;Choque - Objeto Fixo;1;;;;;;;;;;2;1;;;
12/09/2011;10:20:00;1998;sem vítima;74;BR-040/RJ;Norte;Colisão Lateral;;;2;;;;;;;;2;;;;
12/09/2011;07:20:00;1966;sem vítima;76;BR-040/RJ;Sul;Choque - Objeto Fixo;;;1;;;;;;;;1;;;;
12/09/2011;07:17:00;1964;sem vítima;84;BR-040/RJ;Norte;Choque - Objeto Fixo;1;;;;;;;;;;1;;;;
12/09/2011;08:37:00;1976;com vítima;84;BR-040/RJ;Norte;Choque - Objeto Fixo;1;;;;;;;;;;0;2;;;
12/09/2011;10:24:00;1993;sem vítima;84;BR-040/RJ;Norte;Choque - Objeto Fixo;1;;;;;;;;;;1;;;;
12/09/2011;09:02:00;1981;sem vítima;92;BR-040/RJ;Sul;Choque - Objeto Fixo;1;;;;;;;;;;2;;;;
12/09/2011;15:45:00;2047;com vítima;92;BR-040/RJ;Sul;Choque - Objeto Fixo;1;;;;;;;;;;0;1;;;
12/09/2011;16:15:00;2055;sem vítima;92;BR-040/RJ;Norte;Choque - Objeto Fixo;1;;;;;;;;;;1;;;;
12/09/2011;17:20:00;2071;com vítima;92;BR-040/RJ;Norte;Choque - Objeto Fixo;1;;;;;;;;;;0;1;;;
12/09/2011;08:55:00;1979;sem vítima;93;BR-040/RJ;Norte;Choque - Objeto Fixo;1;;;;;;;;;;1;;;;
12/09/2011;08:23:00;1972;com vítima;94;BR-040/RJ;Sul;Choque - Objeto Fixo;1;;;;;;;;;;1;2;;;
12/09/2011;19:03:00;2088;com vítima;94;BR-040/RJ;Norte;Choque - Objeto Fixo;1;;;;;;;;;;0;2;;;
12/09/2011;16:45:00;2065;sem vítima;95;BR-040/RJ;Sul;Choque - Objeto Fixo;1;;;;;;;;;;1;;;;
12/09/2011;13:03:00;2017;com vítima;105;BR-040/RJ;Norte;Colisão Lateral;1;;;1;;;;;;;1;2;;;
12/09/2011;17:49:00;2077;com vítima;105;BR-040/RJ;Norte;Colisão Frontal;1;;;1;;;;;;;0;3;1;;
12/09/2011;11:40:00;2005;com vítima;111;BR-040/RJ;Norte;Colisão Traseira;;;;;2;;;;;;1;4;;;
12/09/2011;05:27:00;1952;com vítima;113;BR-040/RJ;Norte;Colisão Traseira;2;;;;;;;;;;1;2;;;
12/09/2011;08:11:00;1971;sem vítima;114;BR-040/RJ;Norte;Choque - Objeto Fixo;1;;;;;;;;;;1;;;;
12/09/2011;11:46:00;2007;sem vítima;119;BR-040/RJ;Norte;Colisão Traseira;;;1;1;;;;;;;2;;;;
12/09/2011;18:30:00;2084;sem vítima;124;BR-040/RJ;Sul;Colisão Traseira;1;;1;;;;;;;;2;;;;
13/09/2011;12:25:00;2197;com vítima;82;BR-040/RJ;Norte;Derrapagem;1;;;;;;;;;;0;1;;;
13/09/2011;04:52:00;2119;sem vítima;785;BR-040/MG;Sul;Choque - Objeto Fixo;;;1;;;;;;;;1;;;;
13/09/2011;17:59:00;2246;sem vítima;111;BR-040/RJ;Norte;Outros;2;;;;;;;;;;2;;;;
13/09/2011;18:58:00;2253;sem vítima;120;BR-040/RJ;Norte;Capotamento;1;;;;;;;;;;1;;;;
13/09/2011;07:09:00;2139;sem vítima;122;BR-040/RJ;Sul;Colisão Traseira;1;;1;;;;;;;;2;;;;
14/09/2011;12:46:00;2360;com vítima;16;BR-040/RJ;Sul;Queda de Moto;;;;1;;;;;;;0;1;;;
14/09/2011;09:05:00;2324;sem vítima;36;BR-040/RJ;Sul;Choque - Objeto Fixo;1;;;;;;;;;;1;;;;
14/09/2011;12:31:00;2356;sem vítima;74;BR-040/RJ;Norte;Capotamento;1;;;;;;;;;;1;;;;
14/09/2011;12:08:00;2354;sem vítima;78;BR-040/RJ;Sul;Choque - Objeto Fixo;1;;;;;;;;;;1;;;;
14/09/2011;12:57:00;2362;sem vítima;78;BR-040/RJ;Sul;Choque - Objeto Fixo;1;;;;;;;;;;1;;;;
14/09/2011;05:33:00;2299;sem vítima;784;BR-040/MG;Norte;Choque - Objeto Fixo;;;;;1;;;;;;7;;;;
14/09/2011;06:15:00;2300;com vítima;92;BR-040/RJ;Sul;Capotamento;1;;;;;;;;;;0;1;;;
14/09/2011;14:59:00;2374;sem vítima;92;BR-040/RJ;Sul;Colisão Lateral;1;;;;;1;;;;;2;;;;
14/09/2011;16:00:00;2384;com vítima;92;BR-040/RJ;Sul;Capotamento;1;;;;;;;;;;0;4;;;
14/09/2011;14:27:00;2369;sem vítima;93;BR-040/RJ;Sul;Choque - Objeto Fixo;1;;;;;;;;;;1;;;;
14/09/2011;12:39:00;2359;com vítima;94;BR-040/RJ;Sul;Choque - Objeto Fixo;1;;;;;;;;;;0;1;;;
14/09/2011;14:52:00;2371;sem vítima;96;BR-040/RJ;Norte;Choque - Objeto Fixo;1;;;;;;;;;;1;;;;
14/09/2011;17:23:00;2404;sem vítima;98;BR-040/RJ;Norte;Choque - Objeto Fixo;1;;;;;;;;;;1;;;;
14/09/2011;21:49:00;2444;sem vítima;108;BR-040/RJ;Sul;Colisão Lateral;1;;1;;;;;;;;2;;;;
14/09/2011;12:13:00;2355;com vítima;113;BR-040/RJ;Sul;Colisão Traseira;1;;1;;;;;;;;0;2;;;
14/09/2011;19:48:00;2429;sem vítima;113;BR-040/RJ;Norte;Colisão Traseira;2;;;;;1;;;;;3;;;;
14/09/2011;20:35:00;2436;sem vítima;113;BR-040/RJ;Norte;Colisão Lateral;1;;1;;;;;;;;2;;;;
14/09/2011;17:38:00;2406;sem vítima;114;BR-040/RJ;Sul;Colisão Traseira;1;;;;;1;;;;;2;;;;
14/09/2011;04:12:00;2293;sem vítima;122;BR-040/RJ;Sul;Derrapagem;1;;;;;;;;;;1;;;;
14/09/2011;03:35:00;2292;sem vítima;124;BR-040/RJ;Sul;Choque - Objeto Fixo;1;;;;;;;;;;1;;;;
15/09/2011;10:22:00;2515;com vítima;82;BR-040/RJ;Sul;Capotamento;1;;;;;;;;;;0;3;;;
15/09/2011;16:09:00;2563;sem vítima;804;BR-040/MG;Norte;Colisão Lateral;1;;1;;;;;;;;2;;;;
15/09/2011;04:38:00;2475;sem vítima;90;BR-040/RJ;Norte;Derrapagem;1;;;;;;;;;;1;;;;
15/09/2011;16:00:00;2560;sem vítima;91;BR-040/RJ;Norte;Choque - Objeto Fixo;1;;;;;;;;;;1;;;;
15/09/2011;10:39:00;2519;sem vítima;93;BR-040/RJ;Sul;Choque - Objeto Fixo;1;;;;;;;;;;1;;;;
15/09/2011;18:24:00;2587;com vítima;106;BR-040/RJ;Norte;Atropelamento - Pedestre;;;;1;;;;;;;1;;1;;
15/09/2011;11:28:00;2525;sem vítima;114;BR-040/RJ;Norte;Colisão Traseira;1;;1;;;;;;;;2;;;;
15/09/2011;04:22:00;2473;sem vítima;124;BR-040/RJ;Sul;Choque - Objeto Fixo;1;;;;;;;;;;1;;;;
16/09/2011;18:55:00;2776;sem vítima;18;BR-040/RJ;Sul;Atropelamento - Animal;;;1;;;;;;;;1;;;;
16/09/2011;20:56:00;2794;sem vítima;784;BR-040/MG;Norte;Colisão Lateral;2;;;;;;;;;;2;;;;
16/09/2011;04:56:00;2634;com vítima;786;BR-040/MG;Norte;Capotamento;1;;;;;;;;;;0;1;;;
16/09/2011;07:36:00;2651;sem vítima;815;BR-040/MG;Norte;Choque - Objeto Fixo;1;;;;;;;;;;5;;;;
16/09/2011;07:54:00;2654;com vítima;815;BR-040/MG;Sul;Choque - Objeto Fixo;1;;;;;;;;;;0;4;;;
16/09/2011;08:24:00;2659;com vítima;87;BR-040/RJ;Sul;Choque - Objeto Fixo;1;;;;;;;;;;0;1;;;
16/09/2011;08:27:00;2660;sem vítima;92;BR-040/RJ;Sul;Choque - Objeto Fixo;1;;;;;;;;;;1;;;;
16/09/2011;20:13:00;2790;sem vítima;94;BR-040/RJ;Norte;Colisão Lateral;1;;2;;;;;;;;3;;;;
16/09/2011;12:04:00;2691;com vítima;109;BR-040/RJ;Sul;Colisão Traseira;;;;1;;1;;;;;1;1;1;;
16/09/2011;18:40:00;2772;sem vítima;109;BR-040/RJ;Norte;Colisão Traseira;2;;;;;;;;;;2;;;;
16/09/2011;12:04:00;2692;sem vítima;121;BR-040/RJ;Norte;Colisão Lateral;1;;1;;;;;;;;2;;;;
16/09/2011;13:29:00;2705;com vítima;124;BR-040/RJ;Sul;Colisão Traseira;;;1;1;;;;;;;1;1;;;
16/09/2011;18:22:00;2769;sem vítima;124;BR-040/RJ;Norte;Colisão Traseira;2;;;;;;;;;;2;;;;
17/09/2011;05:47:00;2839;sem vítima;39;BR-040/RJ;Norte;Derrapagem;1;;;;;;;;;;1;;;;
17/09/2011;13:15:00;2892;sem vítima;45;BR-040/RJ;Norte;Colisão Lateral;2;;;;;;;;;;2;;;;
17/09/2011;05:16:00;2834;sem vítima;72;BR-040/RJ;Sul;Capotamento;1;;;;;;;;;;1;;;;