data;horario;n_da_ocorrencia;tipo_de_ocorrencia;km;trecho;sentido;tipo_de_acidente;automovel;bicicleta;caminhao;moto;onibus;outros;tracao_animal;transporte_de_cargas_especiais;trator_maquinas;utilitarios;ilesos;levemente_feridos;moderadamente_feridos;gravemente_feridos;mortos
17/09/2011;19:55:00;2951;sem vítima;781;BR-040/MG;Sul;Choque - Objeto Fixo;1;;;;;;;;;;1;;;;
17/09/2011;00:32:00;2815;com vítima;787;BR-040/MG;Norte;Choque - Objeto Fixo;1;;;;;;;;;;0;;1;;
17/09/2011;19:33:00;2950;sem vítima;804;BR-040/MG;Sul;Choque - Objeto Fixo;1;;;1;;;;;;;2;;;;
17/09/2011;14:31:00;2899;sem vítima;106;BR-040/RJ;Sul;Choque - Objeto Fixo;1;;;;;;;;;;1;;;;
18/09/2011;17:09:00;3094;com vítima;7;BR-040/RJ;Sul;Atropelamento - Pedestre;1;;;;;;;;;;1;;;;1
18/09/2011;10:03:00;3037;com vítima;13;BR-040/RJ;Norte;Capotamento;1;;;;;;;;;;1;2;1;;
18/09/2011;09:55:00;3033;com vítima;31;BR-040/RJ;Norte;Capotamento;1;;;;;;;;;;0;4;;;
18/09/2011;12:58:00;3059;sem vítima;34;BR-040/RJ;Norte;Choque - Objeto Fixo;1;;;;;;;;;;1;;;;
18/09/2011;22:00:00;3135;sem vítima;38;BR-040/RJ;Sul;Atropelamento - Animal;1;;;;;;;;;;1;;;;
18/09/2011;22:10:00;3136;com vítima;57;BR-040/RJ;Sul;Capotamento;1;;;;;;;;;;0;1;;;
18/09/2011;23:34:00;3145;sem vítima;57;BR-040/RJ;Sul;Colisão Lateral;;;2;;;;;;;;2;;;;
18/09/2011;14:05:00;3070;com vítima;70;BR-040/RJ;Sul;Colisão Transversal;1;;1;;;;;;;;1;1;2;;
18/09/2011;18:38:00;3106;com vítima;799;BR-040/MG;Norte;Choque - Objeto Fixo;1;;;;;;;;;;0;2;1;;
18/09/2011;23:48:00;3147;com vítima;86;BR-040/RJ;Norte;Choque - Objeto Fixo;1;;;;;;;;;;0;1;;;
18/09/2011;18:06:00;3104;com vítima;89;BR-040/RJ;Sul;Choque - Objeto Fixo;;;1;;;;;;;;0;;;;1
18/09/2011;09:02:00;3026;com vítima;97;BR-040/RJ;Sul;Colisão Traseira;1;;;1;;;;;;;1;2;;;
18/09/2011;04:38:00;2991;sem vítima;109;BR-040/RJ;Norte;Choque - Objeto Fixo;1;;;;;;;;;;1;;;;
18/09/2011;20:19:00;3121;com vítima;109;BR-040/RJ;Norte;Atropelamento - Pedestre;1;;;;;;;;;;1;;;1;
18/09/2011;22:32:00;3139;com vítima;110;BR-040/RJ;Norte;Capotamento;1;;;;;;;;;;0;1;;;
18/09/2011;21:23:00;3133;com vítima;112;BR-040/RJ;Sul;Capotamento;1;;;;;;;;;;0;1;;;
18/09/2011;03:09:00;2986;com vítima;117;BR-040/RJ;Sul;Derrapagem;1;;;;;;;;;;0;;1;;
19/09/2011;14:40:00;3260;com vítima;39;BR-040/RJ;Sul;Colisão Traseira;1;;1;;;;;;;;1;;1;;1
19/09/2011;16:42:00;3287;sem vítima;55;BR-040/RJ;Norte;Derrapagem;;;1;;;;;;;;1;;;;
19/09/2011;17:24:00;3297;sem vítima;71;BR-040/RJ;Sul;Choque - Objeto Fixo;1;;;;;;;;;;1;;;;
19/09/2011;17:38:00;3299;sem vítima;99;BR-040/RJ;Norte;Choque - Objeto Fixo;1;;;;;;;;;;1;;;;
19/09/2011;19:57:00;3322;com vítima;101;BR-040/RJ;Sul;Colisão Transversal;;1;;1;;;;;;;1;2;;;
19/09/2011;14:27:00;3258;sem vítima;109;BR-040/RJ;Norte;Colisão Traseira;;;2;;;;;;;;2;;;;
19/09/2011;14:57:00;3262;sem vítima;109;BR-040/RJ;Norte;Colisão Lateral;1;;1;;;;;;;;2;;;;
19/09/2011;07:10:00;3185;com vítima;122;BR-040/RJ;Sul;Colisão Lateral;;;;1;;1;;;;;1;;1;;
19/09/2011;17:59:00;3302;sem vítima;124;BR-040/RJ;Norte;Colisão Lateral;;;1;;;1;;;;;2;;;;
20/09/2011;20:28:00;3506;com vítima;60;BR-040/RJ;Norte;Colisão Traseira;1;;;1;;;;;;;0;1;;1;
20/09/2011;03:53:00;3359;com vítima;68;BR-040/RJ;Norte;Tombamento;;;1;;;;;;;;0;2;;;
20/09/2011;14:12:00;3445;sem vítima;783;BR-040/MG;Sul;Capotamento;1;;;;;;;;;;1;;;;
20/09/2011;18:33:00;3486;com vítima;798;BR-040/MG;Sul;Atropelamento - Pedestre;3;;;;;;;;;;1;2;;;1
20/09/2011;20:12:00;3502;sem vítima;90;BR-040/RJ;Norte;Colisão Lateral;;;1;;1;;;;;;2;;;;
20/09/2011;11:46:00;3423;com vítima;91;BR-040/RJ;Norte;Choque - Objeto Fixo;1;;;;;;;;;;0;1;;;
20/09/2011;21:38:00;3510;sem vítima;93;BR-040/RJ;Norte;Choque - Objeto Fixo;;;2;;;;;;;;2;;;;
20/09/2011;10:13:00;3408;com vítima;94;BR-040/RJ;Norte;Queda de Moto;;;;1;;;;;;;0;1;;;
20/09/2011;03:17:00;3356;sem vítima;96;BR-040/RJ;Norte;Choque - Objeto Fixo;1;;;;;;;;;;1;;;;
20/09/2011;08:25:00;3387;com vítima;105;BR-040/RJ;Norte;Colisão Frontal;;1;;1;;;;;;;0;1;1;;
20/09/2011;07:33:00;3380;sem vítima;118;BR-040/RJ;Norte;Colisão Traseira;1;;;;1;;;;;;2;;;;
20/09/2011;17:12:00;3467;sem vítima;119;BR-040/RJ;Norte;Colisão Lateral;1;;1;;;;;;;;2;;;;
20/09/2011;12:29:00;3427;com vítima;123;BR-040/RJ;Norte;Colisão Frontal;2;;;;;;;;;;1;1;;;
21/09/2011;11:30:00;3587;sem vítima;90;BR-040/RJ;Norte;Choque - Objeto Fixo;1;;;;;;;;;;1;;;;
21/09/2011;18:52:00;3665;sem vítima;101;BR-040/RJ;Norte;Choque - Objeto Fixo;1;;;;;;;;;;1;;;;
21/09/2011;12:16:00;3598;com vítima;106;BR-040/RJ;Norte;Colisão Frontal;2;;;;;;;;;;3;2;;;
21/09/2011;18:31:00;3659;com vítima;125;BR-040/RJ;Norte;Colisão Lateral;1;;;1;;;;;;;1;;1;;
22/09/2011;06:54:00;3735;sem vítima;2;BR-040/RJ;Sul;Choque - Objeto Fixo;1;;;;;;;;;;1;;;;
22/09/2011;14:03:00;3800;com vítima;38;BR-040/RJ;Sul;Choque - Objeto Fixo;1;;;;;;;;;;0;1;;;
22/09/2011;07:22:00;3742;sem vítima;54;BR-040/RJ;Sul;Colisão Traseira;2;;;;;;;;;;2;;;;
22/09/2011;11:25:00;3778;sem vítima;62;BR-040/RJ;Norte;Colisão Lateral;2;;;;;;;;;;2;;;;
22/09/2011;17:19:00;3845;com vítima;85;BR-040/RJ;Norte;Capotamento;1;;;;;;;;;;1;;1;;
22/09/2011;07:44:00;3746;sem vítima;88;BR-040/RJ;Norte;Choque - Objeto Fixo;1;;;;;;;;;;1;;;;
22/09/2011;19:50:00;3883;com vítima;109;BR-040/RJ;Sul;Queda de Moto;;;;1;;;;;;;0;1;;;
22/09/2011;08:42:00;3755;sem vítima;114;BR-040/RJ;Sul;Choque - Objeto Fixo;1;;;;;;;;;;1;;;;
22/09/2011;07:51:00;3748;sem vítima;119;BR-040/RJ;Sul;Colisão Lateral;1;;1;;;;;;;;2;;;;
22/09/2011;10:30:00;3771;sem vítima;119;BR-040/RJ;Sul;Colisão Lateral;2;;;;;;;;;;2;;;;
22/09/2011;14:12:00;3803;sem vítima;121;BR-040/RJ;Norte;Colisão Lateral;2;;;;;;;;;;2;;;;
22/09/2011;04:10:00;3717;sem vítima;124;BR-040/RJ;Norte;Queda de Moto;;;;1;;;;;;;1;;;;
22/09/2011;08:20:00;3750;sem vítima;124;BR-040/RJ;Sul;Engavetamento;1;;2;;;;;;;;3;;;;
22/09/2011;17:48:00;3855;sem vítima;124;BR-040/RJ;Sul;Colisão Traseira;1;;1;;;;;;;;2;;;;
23/09/2011;12:10:00;3990;sem vítima;45;BR-040/RJ;Sul;Colisão Traseira;2;;;;;;;;;;2;;;;
23/09/2011;18:18:00;4067;sem vítima;109;BR-040/RJ;Norte;Capotamento;2;;;;;;;;;;2;;;;
23/09/2011;09:48:00;3957;sem vítima;112;BR-040/RJ;Norte;Colisão Lateral;1;;1;;;;;;;;2;;;;
23/09/2011;08:51:00;3945;sem vítima;124;BR-040/RJ;Sul;Colisão Lateral;1;;1;;;;;;;;2;;;;
24/09/2011;14:16:00;4232;sem vítima;31;BR-040/RJ;Sul;Choque - Objeto Fixo;1;;;;;;;;;;1;;;;
24/09/2011;14:50:00;4239;sem vítima;34;BR-040/RJ;Norte;Choque - Objeto Fixo;1;;;;;;;;;;1;;;;
24/09/2011;15:18:00;4243;sem vítima;42;BR-040/RJ;Norte;Queda de Moto;;;;1;;;;;;;1;;;;
24/09/2011;13:39:00;4224;sem vítima;43;BR-040/RJ;Norte;Choque - Objeto Fixo;1;;;;;;;;;;1;;;;
24/09/2011;14:38:00;4236;com vítima;68;BR-040/RJ;Norte;Capotamento;1;;;;;;;;;;0;;2;1;
24/09/2011;20:17:00;4287;com vítima;73;BR-040/RJ;Sul;Capotamento;1;;;;;;;;;;0;1;;;
24/09/2011;12:38:00;4212;sem vítima;76;BR-040/RJ;Sul;Choque - Objeto Fixo;1;;;;;;;;;;1;;;;
24/09/2011;12:45:00;4215;sem vítima;76;BR-040/RJ;Sul;Choque - Objeto Fixo;1;;;;;;;;;;1;;;;
24/09/2011;10:17:00;4188;sem vítima;77;BR-040/RJ;Sul;Choque - Objeto Fixo;1;;;;;;;;;;1;;;;
24/09/2011;10:25:00;4189;sem vítima;82;BR-040/RJ;Norte;Colisão Lateral;1;;1;;;;;;;;2;;;;
24/09/2011;20:35:00;4293;com vítima;791;BR-040/MG;Sul;Capotamento;1;;;;;;;;;;0;;1;;
24/09/2011;14:55:00;4242;sem vítima;799;BR-040/MG;Norte;Choque - Objeto Fixo;1;;;;;;;;;;1;;;;
24/09/2011;16:04:00;4249;sem vítima;799;BR-040/MG;Sul;Choque - Objeto Fixo;1;;;;;;;;;;1;;;;
24/09/2011;14:02:00;4227;sem vítima;815;BR-040/MG;Sul;Choque - Objeto Fixo;1;;;;;;;;;;1;;;;
24/09/2011;12:34:00;4210;sem vítima;84;BR-040/RJ;Sul;Choque - Objeto Fixo;1;;;;;;;;;;1;;;;
24/09/2011;12:54:00;4217;sem vítima;84;BR-040/RJ;Sul;Choque - Objeto Fixo;1;;;;;;;;;;1;;;;
24/09/2011;17:47:00;4268;sem vítima;85;BR-040/RJ;Norte;Choque - Objeto Fixo;1;;;;;;;;;;1;;;;
24/09/2011;19:57:00;4284;sem vítima;85;BR-040/RJ;Norte;Choque - Objeto Fixo;1;;;;;;;;;;1;;;;
24/09/2011;13:30:00;4222;sem vítima;89;BR-040/RJ;Sul;Choque - Objeto Fixo;1;;;;;;;;;;1;;;;
24/09/2011;20:59:00;4294;com vítima;90;BR-040/RJ;Sul;Capotamento;1;;;;;;;;;;0;1;2;;
24/09/2011;19:52:00;4285;sem vítima;92;BR-040/RJ;Sul;Choque - Objeto Fixo;1;;;;;;;;;;1;;;;
24/09/2011;09:27:00;4179;sem vítima;93;BR-040/RJ;Sul;Choque - Objeto Fixo;1;;;;;;;;;;1;;;;
24/09/2011;11:48:00;4201;com vítima;93;BR-040/RJ;Sul;Capotamento;1;;;;;;;;;;0;1;;;
24/09/2011;15:59:00;4247;com vítima;96;BR-040/RJ;Norte;Choque - Objeto Fixo;1;;;;;;;;;;0;1;;;
24/09/2011;12:36:00;4211;sem vítima;97;BR-040/RJ;Sul;Colisão Traseira;2;;;;;;;;;;2;;;;
24/09/2011;16:48:00;4252;sem vítima;97;BR-040/RJ;Norte;Choque - Objeto Fixo;1;;;;;;;;;;1;;;;
24/09/2011;19:16:00;4281;sem vítima;97;BR-040/RJ;Norte;Choque - Objeto Fixo;1;;;;;;;;;;1;;;;
24/09/2011;20:27:00;4291;sem vítima;97;BR-040/RJ;Sul;Choque - Objeto Fixo;1;;;;;;;;;;1;;;;
24/09/2011;17:40:00;4265;sem vítima;100;BR-040/RJ;Sul;Choque - Objeto Fixo;1;;;;;;;;;;1;;;;
24/09/2011;04:41:00;4151;com vítima;109;BR-040/RJ;Sul;Capotamento;1;;;;;;;;;;0;;3;;
24/09/2011;09:08:00;4175;sem vítima;109;BR-040/RJ;Sul;Colisão Traseira;2;;;;;;;;;;2;;;;
24/09/2011;23:54:00;4312;sem vítima;114;BR-040/RJ;Norte;Capotamento;1;;;;;;;;;;1;;;;
25/09/2011;06:47:00;4332;sem vítima;39;BR-040/RJ;Norte;Choque - Objeto Fixo;1;;;;;;;;;;1;;;;
25/09/2011;17:39:00;4427;com vítima;72;BR-040/RJ;Norte;Queda de Moto;;;;1;;;;;;;0;;1;;
25/09/2011;17:40:00;4428;com vítima;79;BR-040/RJ;Sul;Choque - Objeto Fixo;1;;;;;;;;;;0;2;;;
25/09/2011;16:55:00;4422;com vítima;80;BR-040/RJ;Norte;Choque - Objeto Fixo;1;;;;;;;;;;0;4;;;
25/09/2011;12:33:00;4376;com vítima;83;BR-040/RJ;Sul;Colisão Traseira;1;;;;;1;;;;;1;1;;;
25/09/2011;12:31:00;4382;com vítima;83;BR-040/RJ;Sul;Choque - Objeto Fixo;1;;;;;;;;;;0;1;;;
25/09/2011;13:07:00;4381;com vítima;789;BR-040/MG;Norte;Colisão Traseira;2;;;;;;;;;;0;1;1;;
25/09/2011;05:43:00;4328;sem vítima;812;BR-040/MG;Norte;Derrapagem;1;;;;;;;;;;1;;;;
25/09/2011;13:45:00;4389;com vítima;815;BR-040/MG;Sul;Tombamento;;;1;;;;;;;;0;;1;;
25/09/2011;10:42:00;4358;sem vítima;84;BR-040/RJ;Sul;Choque - Objeto Fixo;1;;;;;;;;;;1;;;;
25/09/2011;10:53:00;4361;sem vítima;84;BR-040/RJ;Sul;Choque - Objeto Fixo;1;;;;;;;;;;1;;;;
25/09/2011;16:03:00;4414;com vítima;85;BR-040/RJ;Norte;Choque - Objeto Fixo;1;;;;;;;;;;0;1;1;;
25/09/2011;16:23:00;4418;com vítima;90;BR-040/RJ;Sul;Choque - Objeto Fixo;1;;;;;;;;;;0;;1;;
25/09/2011;14:45:00;4396;sem vítima;91;BR-040/RJ;Sul;Choque - Objeto Fixo;1;;;;;;;;;;1;;;;
25/09/2011;14:47:00;4402;sem vítima;91;BR-040/RJ;Norte;Choque - Objeto Fixo;1;;;;;;;;;;1;;;;
25/09/2011;15:44:00;4408;com vítima;91;BR-040/RJ;Sul;Choque - Objeto Fixo;1;;;;;;;;;;0;1;;;
25/09/2011;16:04:00;4421;sem vítima;91;BR-040/RJ;Sul;Choque - Objeto Fixo;1;;;;;;;;;;1;;;;
25/09/2011;12:31:00;4374;sem vítima;93;BR-040/RJ;Sul;Derrapagem;1;;;;;;;;;;1;;;;
25/09/2011;17:06:00;4423;com vítima;94;BR-040/RJ;Sul;Choque - Objeto Fixo;1;;;;;;;;;;0;3;;;
25/09/2011;18:56:00;4435;sem vítima;111;BR-040/RJ;Sul;Colisão Traseira;2;;;;;;;;;;2;;;;
25/09/2011;00:43:00;4315;sem vítima;114;BR-040/RJ;Norte;Derrapagem;1;;;;;;;;;;1;;;;
26/09/2011;18:22:00;4610;com vítima;60;BR-040/RJ;Sul;Atropelamento - Pedestre;1;;;;;;;;;;1;2;;;
26/09/2011;06:35:00;4500;com vítima;62;BR-040/RJ;Sul;Tombamento;;;1;;;;;;;;0;1;;;
26/09/2011;10:52:00;4536;sem vítima;68;BR-040/RJ;Norte;Engavetamento;1;;2;;;;;;;;3;;;;
26/09/2011;09:45:00;4530;com vítima;69;BR-040/RJ;Norte;Capotamento;1;;;;;;;;;;0;1;;;
26/09/2011;08:13:00;4513;sem vítima;799;BR-040/MG;Norte;Choque - Objeto Fixo;1;;;;;;;;;;1;;;;
26/09/2011;14:49:00;4575;sem vítima;815;BR-040/MG;Sul;Choque - Objeto Fixo;1;;;;;;;;;;2;;;;
26/09/2011;18:24:00;4611;sem vítima;88;BR-040/RJ;Sul;Colisão Traseira;;;2;;;;;;;;2;;;;
26/09/2011;01:01:00;4479;sem vítima;89;BR-040/RJ;Sul;Choque - Objeto Fixo;1;;;;;;;;;;1;;;;
26/09/2011;08:11:00;4512;com vítima;113;BR-040/RJ;Sul;Choque - Objeto Fixo;1;;;;;;;;;;0;2;;;
26/09/2011;13:22:00;4560;sem vítima;117;BR-040/RJ;Sul;Colisão Traseira;;;2;;;;;;;;2;;;;
26/09/2011;17:52:00;4607;com vítima;121;BR-040/RJ;Sul;Atropelamento - Pedestre;1;;;;;;;;;;1;;1;;
27/09/2011;09:38:00;4698;sem vítima;62;BR-040/RJ;Sul;Outros;;;1;;;;;;;;1;;;;
27/09/2011;19:40:00;4794;com vítima;789;BR-040/MG;Norte;Capotamento;1;;;;;;;;;;0;3;1;;
27/09/2011;22:13:00;4819;sem vítima;107;BR-040/RJ;Norte;Colisão Traseira;1;;;;1;;;;;;2;;;;
27/09/2011;15:38:00;4753;com vítima;112;BR-040/RJ;Norte;Colisão Traseira;1;;;1;;;;;;;1;2;;;
27/09/2011;11:21:00;4714;sem vítima;121;BR-040/RJ;Sul;Engavetamento;3;;;;;;;;;;3;;;;
27/09/2011;10:37:00;4705;sem vítima;124;BR-040/RJ;Sul;Colisão Lateral;1;;1;;;;;;;;2;;;;
27/09/2011;19:17:00;4789;sem vítima;124;BR-040/RJ;Sul;Engavetamento;1;;2;;;;;;;;3;;;;
28/09/2011;22:17:00;4994;com vítima;31;BR-040/RJ;Norte;Tombamento;1;;1;;;;;;;;2;;1;;
28/09/2011;06:43:00;4852;com vítima;38;BR-040/RJ;Sul;Choque - Objeto Fixo;1;;;;;;;;;;0;1;;;
28/09/2011;19:52:00;4976;com vítima;51;BR-040/RJ;Sul;Engavetamento;3;;;;;;;;;;1;1;1;;
28/09/2011;07:17:00;4861;sem vítima;93;BR-040/RJ;Norte;Colisão Traseira;1;;1;;;;;;;;2;;;;
28/09/2011;16:43:00;4953;sem vítima;105;BR-040/RJ;Norte;Colisão Lateral;1;;1;;;;;;;;2;;;;
28/09/2011;16:22:00;4950;com vítima;106;BR-040/RJ;Norte;Colisão Traseira;2;;;;;;;;;;1;2;;;
28/09/2011;11:36:00;4901;sem vítima;123;BR-040/RJ;Norte;Colisão Lateral;1;;1;;;;;;;;2;;;;
28/09/2011;10:26:00;4892;sem vítima;124;BR-040/RJ;Sul;Colisão Lateral;1;;1;;;;;;;;2;;;;
28/09/2011;11:01:00;4900;sem vítima;124;BR-040/RJ;Sul;Colisão Traseira;2;;;;;;;;;;2;;;;
29/09/2011;06:25:00;5024;sem vítima;83;BR-040/RJ;Sul;Colisão Traseira;;;3;;;;;;;;3;;;;
29/09/2011;13:07:00;5081;com vítima;83;BR-040/RJ;Norte;Choque - Objeto Fixo;;;1;;;;;;;;0;2;1;;
29/09/2011;02:43:00;5012;sem vítima;105;BR-040/RJ;Norte;Choque - Objeto Fixo;1;;;;;;;;;;1;;;;
29/09/2011;19:04:00;5130;com vítima;109;BR-040/RJ;Sul;Colisão Traseira;1;;;;1;;;;;;1;1;;;
29/09/2011;18:49:00;5127;sem vítima;121;BR-040/RJ;Norte;Colisão Lateral;1;;1;;;;;;;;2;;;;
29/09/2011;07:14:00;5029;sem vítima;122;BR-040/RJ;Sul;Colisão Traseira;1;;;1;;;;;;;2;;;;
29/09/2011;12:23:00;5075;com vítima;122;BR-040/RJ;Norte;Colisão Lateral;;;;1;1;;;;;;1;1;;;
29/09/2011;22:32:00;5155;com vítima;123;BR-040/RJ;Norte;Engavetamento;1;;1;;1;;;;;;2;1;1;;
30/09/2011;20:22:00;5351;com vítima;6;BR-040/RJ;Norte;Atropelamento - Pedestre;;;1;;;;;;;;0;1;;;1
30/09/2011;00:04:00;5161;sem vítima;75;BR-040/RJ;Sul;Choque - Objeto Fixo;1;;;;;;;;;;1;;;;
30/09/2011;14:21:00;5251;sem vítima;82;BR-040/RJ;Norte;Colisão Lateral;1;;1;;;;;;;;2;;;;
30/09/2011;21:40:00;5368;sem vítima;82;BR-040/RJ;Norte;Colisão Lateral;1;;1;;;;;;;;2;;;;
30/09/2011;19:59:00;5342;com vítima;815;BR-040/MG;Norte;Queda de Moto;;;;1;;;;;;;0;;2;;
30/09/2011;20:13:00;5346;com vítima;102;BR-040/RJ;Sul;Colisão Transversal;1;;;1;;;;;;;1;;2;;
30/09/2011;14:35:00;5254;com vítima;109;BR-040/RJ;Norte;Tombamento;;;1;;;;;;;;0;1;;;
30/09/2011;15:43:00;5273;sem vítima;110;BR-040/RJ;Norte;Colisão Traseira;1;;;;1;;;;;;2;;;;
30/09/2011;23:39:00;5384;sem vítima;111;BR-040/RJ;Sul;Colisão Lateral;2;;;;;;;;;;2;;;;
30/09/2011;09:26:00;5213;sem vítima;119;BR-040/RJ;Norte;Choque - Objeto Fixo;1;;;;;;;;;;1;;;;
30/09/2011;11:31:00;5228;sem vítima;120;BR-040/RJ;Norte;Colisão Traseira;2;;;;;;;;;;2;;;;
30/09/2011;07:45:00;5192;sem vítima;122;BR-040/RJ;Sul;Colisão Lateral;1;;1;;;;;;;;2;;;;
30/09/2011;17:54:00;5310;sem vítima;122;BR-040/RJ;Norte;Colisão Traseira;1;;1;;;;;;;;2;;;;
01/10/2011;07:17:00;38;sem vítima;13;BR-040/RJ;Norte;Capotamento;1;;;;;;;;;;1;;;;
01/10/2011;02:00:00;14;com vítima;14;BR-040/RJ;Norte;Choque - Objeto Fixo;1;;;;;;;;;;0;1;;;
01/10/2011;08:06:00;34;sem vítima;21;BR-040/RJ;Norte;Colisão Lateral;;;2;;;;;;;;2;;;;
01/10/2011;07:48:00;31;sem vítima;26;BR-040/RJ;Norte;Choque - Objeto Fixo;1;;;;;;;;;;1;;;;
01/10/2011;06:33:00;32;com vítima;34;BR-040/RJ;Norte;Capotamento;1;;;;;;;;;;0;1;;;
01/10/2011;06:33:00;42;com vítima;34;BR-040/RJ;Norte;Choque - Objeto Fixo;;;;1;;;;;;;0;1;;;
01/10/2011;10:05:00;68;sem vítima;89;BR-040/RJ;Norte;Colisão Traseira;2;;;;;;;;;;2;;;;
01/10/2011;11:07:00;80;sem vítima;93;BR-040/RJ;Norte;Engavetamento;5;;;;;;;;;;5;;;;
01/10/2011;16:24:00;153;sem vítima;110;BR-040/RJ;Norte;Choque - Objeto Fixo;1;;;;;;;;;;1;;;;
01/10/2011;17:50:00;1844;sem vítima;114;BR-040/RJ;Norte;Colisão Traseira;1;;;;;1;;;;;2;;;;
01/10/2011;04:50:00;23;com vítima;806;BR-040/MG;Sul;Derrapagem;;;1;;;;;;;;0;1;;;
01/10/2011;00:57:00;7;sem vítima;119;BR-040/RJ;Sul;Choque - Objeto Fixo;1;;;;;;;;;;1;;;;
02/10/2011;15:09:00;320;com vítima;41;BR-040/RJ;Norte;Atropelamento - Pedestre;;1;;;;;;;;;0;;1;;
02/10/2011;19:45:00;370;sem vítima;51;BR-040/RJ;Sul;Choque - Objeto Fixo;1;;;;;;;;;;1;;;;
02/10/2011;02:05:00;215;com vítima;74;BR-040/RJ;Sul;Derrapagem;1;;;;;;;;;;0;1;;;
02/10/2011;17:55:00;349;sem vítima;78;BR-040/RJ;Sul;Choque - Objeto Fixo;1;;;;;;;;;;1;;;;
02/10/2011;17:13:00;346;sem vítima;80;BR-040/RJ;Sul;Choque - Objeto Fixo;1;;;;;;;;;;1;;;;
02/10/2011;18:26:00;360;sem vítima;82;BR-040/RJ;Sul;Engavetamento;3;;;;;;;;;;3;;;;
02/10/2011;17:58:00;352;sem vítima;85;BR-040/RJ;Norte;Choque - Objeto Fixo;1;;;;;;;;;;1;;;;
02/10/2011;14:45:00;293;sem vítima;94;BR-040/RJ;Norte;Choque - Objeto Fixo;1;;;;;;;;;;1;;;;
02/10/2011;11:05:00;279;com vítima;101;BR-040/RJ;Norte;Queda de Moto;;;;1;;;;;;;0;;1;;
02/10/2011;14:59:00;315;sem vítima;110;BR-040/RJ;Sul;Colisão Lateral;1;;1;;;;;;;;2;;;;
02/10/2011;16:26:00;335;sem vítima;112;BR-040/RJ;Sul;Capotamento;1;;;;;;;;;;1;;;;
02/10/2011;11:03:00;277;sem vítima;113;BR-040/RJ;Sul;Colisão Traseira;2;;;;;;;;;;2;;;;
02/10/2011;13:35:00;304;sem vítima;122;BR-040/RJ;Sul;Choque - Objeto Fixo;1;;;;;;;;;;1;;;;
02/10/2011;19:07:00;363;com vítima;122;BR-040/RJ;Sul;Atropelamento - Pedestre;1;;;;;;;;;;1;;;;1
03/10/2011;11:08:00;468;sem vítima;1;BR-040/RJ;Sul;Choque - Objeto Fixo;1;;;;;;;;;;1;;;;
03/10/2011;11:00:00;471;com vítima;3;BR-040/RJ;Sul;Choque - Objeto Fixo;1;;;;;;;;;;0;1;;;
03/10/2011;11:40:00;480;com vítima;3;BR-040/RJ;Norte;Choque - Objeto Fixo;1;;;;;;;;;;2;1;;;
03/10/2011;16:19:00;515;sem vítima;8;BR-040/RJ;Sul;Derrapagem;1;;;;;;;;;;1;;;;
03/10/2011;10:17:00;464;sem vítima;32;BR-040/RJ;Norte;Derrapagem;1;;;;;;;;;;1;;;;
03/10/2011;06:03:00;413;sem vítima;34;BR-040/RJ;Norte;Choque - Objeto Fixo;1;;;;;;;;;;1;;;;
03/10/2011;11:50:00;479;sem vítima;34;BR-040/RJ;Norte;Derrapagem;1;;;;;;;;;;1;;;;
03/10/2011;08:00:00;432;sem vítima;36;BR-040/RJ;Sul;Choque - Objeto Fixo;1;;;;;;;;;;1;;;;
03/10/2011;06:30:00;414;sem vítima;52;BR-040/RJ;Norte;Choque - Objeto Fixo;1;;;;;;;;;;1;;;;
03/10/2011;07:02:00;420;sem vítima;52;BR-040/RJ;Norte;Derrapagem;1;;;;;;;;;;2;;;;
03/10/2011;13:35:00;496;sem vítima;53;BR-040/RJ;Sul;Choque - Objeto Fixo;1;;;;;;;;;;1;;;;
03/10/2011;18:26:00;534;com vítima;68;BR-040/RJ;Norte;Atropelamento - Pedestre;;;;;;1;;;;;1;;1;;
03/10/2011;09:20:00;452;sem vítima;72;BR-040/RJ;Sul;Choque - Objeto Fixo;1;;;;;;;;;;1;;;;
03/10/2011;15:13:00;509;com vítima;79;BR-040/RJ;Sul;Choque - Objeto Fixo;1;;;;;;;;;;0;1;;;
03/10/2011;08:40:00;440;sem vítima;82;BR-040/RJ;Sul;Capotamento;1;;;;;;;;;;1;;;;
03/10/2011;10:10:00;436;sem vítima;83;BR-040/RJ;Norte;Derrapagem;1;;;;;;;;;;1;;;;
03/10/2011;19:40:00;543;sem vítima;84;BR-040/RJ;Norte;Derrapagem;1;;;;;;;;;;1;;;;
03/10/2011;05:29:00;407;sem vítima;85;BR-040/RJ;Sul;Choque - Objeto Fixo;1;;;;;;;;;;1;;;;
03/10/2011;10:35:00;460;sem vítima;87;BR-040/RJ;Norte;Choque - Objeto Fixo;1;;;;;;;;;;1;;;;
03/10/2011;09:30:00;453;com vítima;92;BR-040/RJ;Sul;Choque - Objeto Fixo;1;;;;;;;;;;0;3;3;;
03/10/2011;19:12:00;542;sem vítima;92;BR-040/RJ;Sul;Derrapagem;1;;;;;;;;;;4;;;;
03/10/2011;08:23:00;431;sem vítima;93;BR-040/RJ;Sul;Choque - Objeto Fixo;1;;;;;;;;;;1;;;;
03/10/2011;13:20:00;497;com vítima;108;BR-040/RJ;Sul;Atropelamento - Pedestre;1;;;;;;;;;;1;1;;;
03/10/2011;00:13:00;394;sem vítima;114;BR-040/RJ;Norte;Colisão Lateral;1;;1;;;;;;;;2;;;;