data;horario;n_da_ocorrencia;tipo_de_ocorrencia;km;trecho;sentido;tipo_de_acidente;automovel;bicicleta;caminhao;moto;onibus;outros;tracao_animal;transporte_de_cargas_especiais;trator_maquinas;utilitarios;ilesos;levemente_feridos;moderadamente_feridos;gravemente_feridos;mortos
03/10/2011;09:32:00;446;sem vítima;778;BR-040/MG;Norte;Choque - Objeto Fixo;1;;;;;;;;;;1;;;;
03/10/2011;08:25:00;435;sem vítima;782;BR-040/MG;Norte;Choque - Objeto Fixo;1;;;;;;;;;;1;;;;
03/10/2011;09:03:00;447;sem vítima;784;BR-040/MG;Sul;Choque - Objeto Fixo;1;;;;;1;;;;;2;;;;
03/10/2011;08:42:00;438;sem vítima;786;BR-040/MG;Norte;Choque - Objeto Fixo;1;;;;;;;;;;1;;;;
03/10/2011;19:00:00;540;sem vítima;786;BR-040/MG;Norte;Choque - Objeto Fixo;1;;;;;;;;;;1;;;;
03/10/2011;08:20:00;433;sem vítima;787;BR-040/MG;Norte;Choque - Objeto Fixo;1;;;;;;;;;;1;;;;
03/10/2011;20:39:00;551;sem vítima;118;BR-040/RJ;Norte;Colisão Lateral;;;3;;;;;;;;3;;;;
03/10/2011;09:00:00;439;sem vítima;802;BR-040/MG;Sul;Colisão Transversal;2;;;;;;;;;;2;;;;
03/10/2011;08:38:00;441;sem vítima;815;BR-040/MG;Sul;Choque - Objeto Fixo;1;;;;;;;;;;2;;;;
03/10/2011;08:52:00;443;sem vítima;819;BR-040/MG;Norte;Choque - Objeto Fixo;1;;;;;;;;;;1;;;;
03/10/2011;10:15:00;463;sem vítima;120;BR-040/RJ;Sul;Colisão Traseira;;;2;;;;;;;;2;;;;
03/10/2011;18:00:00;530;com vítima;121;BR-040/RJ;Norte;Engavetamento;2;;;1;;;;;;;2;1;;;
04/10/2011;06:55:00;587;sem vítima;78;BR-040/RJ;Sul;Choque - Objeto Fixo;1;;;;;;;;;;1;;;;
04/10/2011;06:20:00;586;com vítima;84;BR-040/RJ;Sul;Choque - Objeto Fixo;1;;;;;;;;;;0;1;;;
04/10/2011;16:30:00;678;sem vítima;84;BR-040/RJ;Sul;Choque - Objeto Fixo;1;;;;;;;;;;1;;;;
04/10/2011;13:21:00;652;sem vítima;85;BR-040/RJ;Norte;Choque - Objeto Fixo;1;;;;;;;;;;1;;;;
04/10/2011;15:49:00;674;com vítima;92;BR-040/RJ;Sul;Capotamento;1;;;;;;;;;;0;3;;;
04/10/2011;10:10:00;618;sem vítima;93;BR-040/RJ;Norte;Choque - Objeto Fixo;1;;;;;;;;;;1;;;;
04/10/2011;12:00:00;637;sem vítima;93;BR-040/RJ;Sul;Derrapagem;1;;;;;;;;;;1;;;;
04/10/2011;12:20:00;639;com vítima;93;BR-040/RJ;Sul;Engavetamento;3;;;;;;;;;;2;1;;;
04/10/2011;15:55:00;690;sem vítima;106;BR-040/RJ;Sul;Colisão Frontal;1;;;;;1;;;;;2;;;;
04/10/2011;06:47:00;588;com vítima;115;BR-040/RJ;Norte;Capotamento;1;;;;;;;;;;0;1;;;
05/10/2011;15:04:00;851;sem vítima;70;BR-040/RJ;Sul;Choque - Objeto Fixo;1;;;;;;;;;;1;;;;
05/10/2011;16:57:00;872;sem vítima;94;BR-040/RJ;Sul;Derrapagem;1;;;;;;;;;;1;;;;
05/10/2011;18:37:00;890;sem vítima;94;BR-040/RJ;Norte;Choque - Objeto Fixo;1;;;;;;;;;;1;;;;
05/10/2011;12:19:00;822;sem vítima;108;BR-040/RJ;Norte;Colisão Traseira;2;;;;;;;;;;2;;;;
05/10/2011;06:30:00;764;sem vítima;123;BR-040/RJ;Sul;Colisão Lateral;2;;;;;;;;;;2;;;;
05/10/2011;08:01:00;783;sem vítima;123;BR-040/RJ;Sul;Colisão Traseira;1;;1;;;;;;;;2;;;;
05/10/2011;08:08:00;785;sem vítima;123;BR-040/RJ;Sul;Colisão Traseira;1;;;;;1;;;;;2;;;;
06/10/2011;01:48:00;921;sem vítima;94;BR-040/RJ;Norte;Tombamento;;;;;;;;;;;0;;;;
06/10/2011;05:20:00;936;sem vítima;114;BR-040/RJ;Sul;Choque - Objeto Fixo;1;;1;;;;;;;;2;;;;
06/10/2011;16:36:00;1054;com vítima;777;BR-040/MG;Sul;Capotamento;1;;;;;;;;;;0;1;;;
06/10/2011;16:36:00;1059;com vítima;777;BR-040/MG;Sul;Choque - Objeto Fixo;1;;;;;;;;;;0;1;;;
06/10/2011;11:35:00;997;com vítima;780;BR-040/MG;Norte;Atropelamento - Pedestre;;;1;;;;;;;;0;1;;;1
06/10/2011;22:49:00;1107;sem vítima;791;BR-040/MG;Sul;Colisão Traseira;1;;1;;;;;;;;2;;;;
06/10/2011;05:54:00;941;com vítima;803;BR-040/MG;Sul;Colisão Traseira;;;2;;;;;;;;1;2;;;
06/10/2011;10:28:00;990;sem vítima;123;BR-040/RJ;Sul;Colisão Lateral;1;;1;;;;;;;;2;;;;
07/10/2011;22:10:00;1326;com vítima;61;BR-040/RJ;Sul;Derrapagem;1;;;;;;;;;;0;2;;;
07/10/2011;13:53:00;1222;sem vítima;82;BR-040/RJ;Norte;Choque - Objeto Fixo;1;;;;;;;;;;1;;;;
07/10/2011;17:41:00;1267;sem vítima;82;BR-040/RJ;Norte;Colisão Transversal;1;;1;;;;;;;;2;;;;
07/10/2011;15:53:00;1243;sem vítima;107;BR-040/RJ;Norte;Engavetamento;1;;2;;;;;;;;3;;;;
07/10/2011;22:20:00;1327;com vítima;108;BR-040/RJ;Norte;Queda de Moto;;;;1;;;;;;;0;1;;;
08/10/2011;09:01:00;1384;com vítima;24;BR-040/RJ;Sul;Capotamento;1;;;;;;;;;;0;1;;;
08/10/2011;18:06:00;1494;sem vítima;39;BR-040/RJ;Sul;Choque - Objeto Fixo;1;;;;;;;;;;1;;;;
08/10/2011;23:58:00;1338;sem vítima;72;BR-040/RJ;Norte;Choque - Objeto Fixo;1;;;;;;;;;;1;;;;
08/10/2011;05:15:00;1145;com vítima;76;BR-040/RJ;Sul;Colisão Traseira;1;;1;;;;;;;;2;1;;;
08/10/2011;16:10:00;1467;sem vítima;82;BR-040/RJ;Norte;Colisão Lateral;1;;1;;;;;;;;2;;;;
08/10/2011;11:13:00;1400;sem vítima;83;BR-040/RJ;Norte;Engavetamento;3;;;;;;;;;;3;;;;
08/10/2011;13:44:00;1428;sem vítima;84;BR-040/RJ;Norte;Engavetamento;3;;;;;;;;;;3;;;;
08/10/2011;12:06:00;1413;sem vítima;88;BR-040/RJ;Norte;Colisão Lateral;1;;1;;;;;;;;2;;;;
08/10/2011;08:52:00;1171;com vítima;96;BR-040/RJ;Norte;Queda de Moto;;;;1;;;;;;;0;;1;;
08/10/2011;05:48:00;1361;com vítima;98;BR-040/RJ;Sul;Derrapagem;1;;;;;;;;;;0;;;1;
08/10/2011;23:04:00;1527;sem vítima;99;BR-040/RJ;Sul;Derrapagem;1;;;;;;;;;;1;;;;
08/10/2011;06:35:00;1152;sem vítima;102;BR-040/RJ;Norte;Colisão Lateral;1;;1;;;;;;;;2;;;;
08/10/2011;19:00:00;1504;com vítima;112;BR-040/RJ;Norte;Choque - Objeto Fixo;1;;;;;;;;;;0;1;;;
08/10/2011;07:01:00;1365;com vítima;799;BR-040/MG;Sul;Queda de Moto;;;;1;;;;;;;0;;1;;
08/10/2011;07:15:00;1367;sem vítima;119;BR-040/RJ;Sul;Colisão Lateral;1;;1;;;;;;;;2;;;;
08/10/2011;14:54:00;1442;sem vítima;119;BR-040/RJ;Sul;Choque - Objeto Fixo;1;;;;;;;;;;1;;;;
08/10/2011;10:58:00;1193;sem vítima;122;BR-040/RJ;Sul;Colisão Traseira;2;;;;;;;;;;2;;;;
08/10/2011;13:36:00;1423;sem vítima;124;BR-040/RJ;Norte;Colisão Lateral;1;;1;;;;;;;;2;;;;
09/10/2011;19:39:00;1706;com vítima;27;BR-040/RJ;Norte;Atropelamento - Pedestre;;;;;;1;;;;;1;;1;;
09/10/2011;18:00:00;1689;com vítima;78;BR-040/RJ;Sul;Choque - Objeto Fixo;1;;;;;;;;;;0;2;;;
09/10/2011;18:53:00;1700;sem vítima;82;BR-040/RJ;Sul;Choque - Objeto Fixo;1;;;;;;;;;;1;;;;
09/10/2011;15:26:00;1656;sem vítima;93;BR-040/RJ;Norte;Colisão Traseira;2;;;;;;;;;;2;;;;
09/10/2011;07:31:00;1573;sem vítima;94;BR-040/RJ;Sul;Derrapagem;;;;1;;;;;;;1;;;;
09/10/2011;15:35:00;1657;sem vítima;104;BR-040/RJ;Sul;Colisão Traseira;2;;;;;;;;;;2;;;;
09/10/2011;12:43:00;1638;sem vítima;105;BR-040/RJ;Norte;Colisão Lateral;1;;;1;;;;;;;2;;;;
09/10/2011;14:31:00;1649;sem vítima;109;BR-040/RJ;Norte;Colisão Transversal;1;;1;;;;;;;;2;;;;
09/10/2011;15:46:00;1660;com vítima;780;BR-040/MG;Norte;Capotamento;1;;;;;;;;;;0;;;1;
09/10/2011;05:56:00;1561;sem vítima;804;BR-040/MG;Norte;Choque - Objeto Fixo;1;;;;;;;;;;1;;;;
09/10/2011;03:23:00;1555;sem vítima;815;BR-040/MG;Sul;Choque - Objeto Fixo;1;;;;;;;;;;1;;;;
09/10/2011;17:48:00;1681;sem vítima;815;BR-040/MG;Sul;Choque - Objeto Fixo;1;;;;;;;;;;1;;;;
09/10/2011;06:23:00;1566;com vítima;119;BR-040/RJ;Norte;Colisão Traseira;1;;;;;;;;;;1;1;;;
10/10/2011;19:49:00;1925;com vítima;37;BR-040/RJ;Norte;Queda de Moto;;;;1;;;;;;;0;;2;;
10/10/2011;08:32:00;1793;sem vítima;84;BR-040/RJ;Sul;Colisão Traseira;;;1;;;;;;;;1;;;;
10/10/2011;17:01:00;1897;sem vítima;84;BR-040/RJ;Norte;Queda de Moto;;;;1;;;;;;;1;;;;
10/10/2011;02:41:00;1744;sem vítima;85;BR-040/RJ;Norte;Choque - Objeto Fixo;1;;;;;;;;;;1;;;;
10/10/2011;18:54:00;1907;sem vítima;85;BR-040/RJ;Sul;Colisão Traseira;;;2;;;;;;;;2;;;;
10/10/2011;18:13:00;1903;sem vítima;114;BR-040/RJ;Sul;Derrapagem;1;;;;;;;;;;1;;;;
10/10/2011;07:19:00;1770;sem vítima;120;BR-040/RJ;Sul;Colisão Lateral;1;;1;;;;;;;;2;;;;
10/10/2011;05:48:00;1761;sem vítima;123;BR-040/RJ;Sul;Colisão Traseira;1;;1;;;;;;;;2;;;;
11/10/2011;07:27:00;1990;sem vítima;3;BR-040/RJ;Sul;Capotamento;1;;;;;;;;;;1;;;;
11/10/2011;06:12:00;1974;sem vítima;5;BR-040/RJ;Norte;Choque - Objeto Fixo;1;;;;;;;;;;1;;;;
11/10/2011;13:16:00;2053;com vítima;22;BR-040/RJ;Norte;Capotamento;1;;;;;;;;;;0;1;;;
11/10/2011;06:56:00;2172;sem vítima;39;BR-040/RJ;Sul;Capotamento;1;;;;;;;;;;1;;;;
11/10/2011;11:15:00;2039;com vítima;72;BR-040/RJ;Sul;Choque - Objeto Fixo;1;;;;;;;;;;0;1;;;
11/10/2011;20:10:00;2119;sem vítima;75;BR-040/RJ;Sul;Choque - Objeto Fixo;1;;;;;;;;;;1;;;;
11/10/2011;10:15:00;2023;sem vítima;78;BR-040/RJ;Sul;Choque - Objeto Fixo;1;;;;;;;;;;1;;;;
11/10/2011;08:32:00;2010;sem vítima;84;BR-040/RJ;Norte;Choque - Objeto Fixo;1;;;;;;;;;;1;;;;
11/10/2011;08:32:00;2014;sem vítima;84;BR-040/RJ;Norte;Colisão Traseira;1;;;;;;;;;;1;;;;
11/10/2011;00:30:00;1952;com vítima;85;BR-040/RJ;Norte;Choque - Objeto Fixo;1;;;;;;;;;;0;2;;;
11/10/2011;18:06:00;2103;com vítima;87;BR-040/RJ;Sul;Colisão Lateral;1;;1;;;;;;;;1;1;;;
11/10/2011;20:30:00;2120;sem vítima;87;BR-040/RJ;Sul;Choque - Objeto Fixo;1;;;;;;;;;;1;;;;
11/10/2011;19:12:00;2112;sem vítima;93;BR-040/RJ;Sul;Choque - Objeto Fixo;1;;;;;;;;;;1;;;;
11/10/2011;22:38:00;2135;sem vítima;93;BR-040/RJ;Norte;Choque - Objeto Fixo;1;;;;;;;;;;1;;;;
11/10/2011;06:39:00;1976;sem vítima;94;BR-040/RJ;Sul;Choque - Objeto Fixo;1;;;;;;;;;;1;;;;
11/10/2011;19:10:00;2115;com vítima;94;BR-040/RJ;Sul;Choque - Objeto Fixo;1;;;;;;;;;;0;5;;;
11/10/2011;17:38:00;2097;sem vítima;109;BR-040/RJ;Norte;Colisão Traseira;;;2;;;;;;;;2;;;;
11/10/2011;18:39:00;2107;com vítima;110;BR-040/RJ;Norte;Colisão Lateral;;;1;1;;;;;;;1;1;;;
11/10/2011;19:15:00;2116;sem vítima;111;BR-040/RJ;Norte;Engavetamento;4;;;;;;;;;;4;;;;
11/10/2011;12:56:00;2050;com vítima;113;BR-040/RJ;Norte;Colisão Traseira;1;;1;;;;;;;;1;1;;;
11/10/2011;12:53:00;2049;sem vítima;119;BR-040/RJ;Norte;Colisão Lateral;1;;1;;;;;;;;2;;;;
11/10/2011;06:41:00;1979;sem vítima;824;BR-040/MG;Sul;Derrapagem;1;;;;;;;;;;1;;;;
11/10/2011;19:51:00;2117;sem vítima;120;BR-040/RJ;Norte;Engavetamento;3;;;;;;;;;;3;;;;
11/10/2011;10:27:00;2030;sem vítima;121;BR-040/RJ;Norte;Colisão Frontal;2;;;;;;;;;;2;;;;
11/10/2011;06:05:00;1970;sem vítima;122;BR-040/RJ;Sul;Derrapagem;;;1;;;;;;;;1;;;;
11/10/2011;08:22:00;1994;sem vítima;124;BR-040/RJ;Norte;Choque - Objeto Fixo;1;;;;;;;;;;1;;;;
11/10/2011;17:44:00;2102;sem vítima;124;BR-040/RJ;Sul;Colisão Lateral;1;;1;;;;;;;;2;;;;
12/10/2011;06:34:00;2172;com vítima;39;BR-040/RJ;Sul;Capotamento;1;;;;;;;;;;0;;1;1;
12/10/2011;12:19:00;2225;com vítima;83;BR-040/RJ;Sul;Queda de Moto;;;;1;;;;;;;0;1;;;
12/10/2011;20:47:00;47;com vítima;92;BR-040/RJ;Sul;Capotamento;1;;;;;;;;;;0;1;;;
12/10/2011;19:11:00;2212;com vítima;94;BR-040/RJ;Sul;Choque - Objeto Fixo;1;;;;;;;;;;0;1;;;
12/10/2011;15:29:00;11;sem vítima;112;BR-040/RJ;Sul;Colisão Lateral;2;;;;;;;;;;2;;;;
12/10/2011;17:55:00;34;sem vítima;112;BR-040/RJ;Norte;Colisão Traseira;2;;;;;;;;;;2;;;;
12/10/2011;08:48:00;2192;sem vítima;813;BR-040/MG;Norte;Capotamento;1;;;;;;;;;;1;;;;
12/10/2011;01:07:00;2150;sem vítima;120;BR-040/RJ;Norte;Choque - Objeto Fixo;1;;;;;;;;;;1;;;;
13/10/2011;20:52:00;226;sem vítima;24;BR-040/RJ;Norte;Choque - Objeto Fixo;1;;;;;;;;;;1;;;;
13/10/2011;15:07:00;180;com vítima;40;BR-040/RJ;Sul;Capotamento;1;;;;;;;;;;0;1;;;
13/10/2011;17:20:00;196;com vítima;51;BR-040/RJ;Norte;Queda de Moto;;;;1;;;;;;;0;1;;;
13/10/2011;14:30:00;177;sem vítima;69;BR-040/RJ;Sul;Choque - Objeto Fixo;1;;;;;;;;;;1;;;;
13/10/2011;14:15:00;173;sem vítima;74;BR-040/RJ;Norte;Choque - Objeto Fixo;1;;;;;;;;;;1;;;;
13/10/2011;04:55:00;252;com vítima;74;BR-040/RJ;Sul;Choque - Objeto Fixo;1;;;;;;;;;;1;1;;;
13/10/2011;15:02:00;179;sem vítima;77;BR-040/RJ;Sul;Choque - Objeto Fixo;1;;;;;;;;;;1;;;;
13/10/2011;19:48:00;220;sem vítima;78;BR-040/RJ;Sul;Choque - Objeto Fixo;1;;;;;;;;;;1;;;;
13/10/2011;00:03:00;238;sem vítima;84;BR-040/RJ;Sul;Choque - Objeto Fixo;1;;;;;;;;;;1;;;;
13/10/2011;05:33:00;93;com vítima;112;BR-040/RJ;Norte;Atropelamento - Pedestre;;;1;;;;;;;;1;;1;;
13/10/2011;06:28:00;97;sem vítima;114;BR-040/RJ;Sul;Colisão Lateral;1;;1;;;;;;;;2;;;;
13/10/2011;22:17:00;231;sem vítima;787;BR-040/MG;Sul;Choque - Objeto Fixo;1;;;;;;;;;;1;;;;
13/10/2011;13:00:00;162;com vítima;815;BR-040/MG;Norte;Choque - Objeto Fixo;1;;;;;;;;;;0;1;;;
13/10/2011;07:35:00;111;sem vítima;120;BR-040/RJ;Sul;Colisão Lateral;1;;1;;;;;;;;2;;;;
13/10/2011;13:35:00;168;sem vítima;121;BR-040/RJ;Norte;Engavetamento;3;;;;;;;;;;3;;;;
13/10/2011;16:41:00;191;com vítima;121;BR-040/RJ;Sul;Colisão Lateral;;;;1;1;;;;;;1;;;1;
13/10/2011;16:10:00;192;sem vítima;124;BR-040/RJ;Sul;Colisão Lateral;;;1;;;1;;;;;2;;;;
14/10/2011;07:04:00;263;sem vítima;2;BR-040/RJ;Sul;Choque - Objeto Fixo;1;;;;;;;;;;1;;;;
14/10/2011;19:14:00;380;sem vítima;17;BR-040/RJ;Sul;Choque - Objeto Fixo;1;;1;;;;;;;;2;;;;
14/10/2011;09:00:00;280;com vítima;52;BR-040/RJ;Norte;Choque - Objeto Fixo;1;;;;;;;;;;0;3;;;
14/10/2011;21:33:00;405;sem vítima;67;BR-040/RJ;Norte;Colisão Lateral;1;;1;;;;;;;;2;;;;
14/10/2011;11:28:00;302;sem vítima;73;BR-040/RJ;Sul;Choque - Objeto Fixo;1;;;;;;;;;;2;;;;
14/10/2011;16:12:00;347;sem vítima;117;BR-040/RJ;Sul;Colisão Traseira;2;;;;;;;;;;2;;;;
14/10/2011;13:34:00;322;sem vítima;123;BR-040/RJ;Sul;Colisão Lateral;1;;1;;;;;;;;2;;;;
14/10/2011;15:25:00;341;sem vítima;123;BR-040/RJ;Norte;Colisão Lateral;1;;1;;;;;;;;2;;;;
14/10/2011;18:00:00;367;sem vítima;123;BR-040/RJ;Sul;Colisão Traseira;1;;1;;;;;;;;2;;;;
14/10/2011;08:35:00;275;sem vítima;124;BR-040/RJ;Sul;Colisão Lateral;1;;;1;;;;;;;2;;;;
14/10/2011;18:50:00;374;sem vítima;124;BR-040/RJ;Sul;Colisão Lateral;1;;1;;;;;;;;2;;;;
15/10/2011;17:05:00;523;sem vítima;34;BR-040/RJ;Norte;Choque - Objeto Fixo;1;;;;;;;;;;1;;;;
15/10/2011;23:41:00;566;com vítima;52;BR-040/RJ;Norte;Choque - Objeto Fixo;1;;;;;;;;;;0;2;;;
15/10/2011;16:08:00;515;sem vítima;53;BR-040/RJ;Norte;Choque - Objeto Fixo;1;;;;;;;;;;1;;;;
15/10/2011;16:08:00;514;sem vítima;68;BR-040/RJ;Norte;Choque - Objeto Fixo;1;;;;;;;;;;1;;;;
15/10/2011;17:38:00;531;sem vítima;73;BR-040/RJ;Sul;Choque - Objeto Fixo;1;;;;;;;;;;1;;;;
15/10/2011;07:45:00;455;sem vítima;78;BR-040/RJ;Sul;Choque - Objeto Fixo;1;;;;;;;;;;1;;;;
15/10/2011;13:05:00;493;sem vítima;82;BR-040/RJ;Sul;Choque - Objeto Fixo;1;;;;;;;;;;1;;;;
15/10/2011;13:20:00;496;sem vítima;87;BR-040/RJ;Norte;Choque - Objeto Fixo;1;;;;;;;;;;1;;;;
15/10/2011;05:12:00;441;sem vítima;90;BR-040/RJ;Norte;Choque - Objeto Fixo;1;;;;;;;;;;1;;;;
15/10/2011;13:53:00;501;sem vítima;91;BR-040/RJ;Norte;Choque - Objeto Fixo;1;;;;;;;;;;1;;;;
15/10/2011;20:16:00;546;sem vítima;91;BR-040/RJ;Norte;Choque - Objeto Fixo;1;;;;;;;;;;1;;;;
15/10/2011;17:30:00;527;sem vítima;92;BR-040/RJ;Sul;Derrapagem;1;;;;;;;;;;1;;;;
15/10/2011;14:30:00;504;sem vítima;93;BR-040/RJ;Sul;Choque - Objeto Fixo;1;;;;;;;;;;1;;;;
15/10/2011;11:27:00;479;sem vítima;94;BR-040/RJ;Sul;Choque - Objeto Fixo;1;;;;;;;;;;1;;;;
15/10/2011;21:32:00;551;sem vítima;94;BR-040/RJ;Sul;Choque - Objeto Fixo;1;;;;;;;;;;1;;;;
15/10/2011;15:31:00;509;sem vítima;98;BR-040/RJ;Sul;Derrapagem;1;;;;;;;;;;1;;;;
15/10/2011;18:15:00;534;com vítima;110;BR-040/RJ;Sul;Engavetamento;4;;;;;;;;;;1;6;;;
15/10/2011;16:52:00;522;sem vítima;111;BR-040/RJ;Sul;Colisão Lateral;1;;1;;;;;;;;2;;;;
15/10/2011;17:55:00;530;sem vítima;111;BR-040/RJ;Sul;Engavetamento;3;;;;;;;;;;3;;;;
15/10/2011;21:22:00;549;com vítima;114;BR-040/RJ;Sul;Choque - Objeto Fixo;1;;;;;;;;;;0;1;;;
15/10/2011;02:55:00;437;sem vítima;784;BR-040/MG;Norte;Colisão Traseira;1;;1;;;;;;;;2;;;;
15/10/2011;19:20:00;538;sem vítima;791;BR-040/MG;Norte;Derrapagem;1;;;;;;;;;;1;;;;
15/10/2011;14:53:00;506;sem vítima;815;BR-040/MG;Sul;Choque - Objeto Fixo;1;;;;;;;;;;1;;;;
15/10/2011;05:36:00;444;com vítima;120;BR-040/RJ;Sul;Capotamento;1;;;;;;;;;;0;;1;;
15/10/2011;05:04:00;581;sem vítima;123;BR-040/RJ;Sul;Choque - Objeto Fixo;1;;;;;;;;;;1;;;;
16/10/2011;17:40:00;668;sem vítima;2;BR-040/RJ;Norte;Choque - Objeto Fixo;1;;;;;;;;;;1;;;;
16/10/2011;22:27:00;701;sem vítima;90;BR-040/RJ;Sul;Derrapagem;1;;;;;;;;;;1;;;;
16/10/2011;16:13:00;654;sem vítima;92;BR-040/RJ;Sul;Derrapagem;1;;;;;;;;;;1;;;;
16/10/2011;22:00:00;699;sem vítima;92;BR-040/RJ;Sul;Derrapagem;1;;;;;;;;;;1;;;;
16/10/2011;19:33:00;682;sem vítima;96;BR-040/RJ;Norte;Choque - Objeto Fixo;1;;;;;;;;;;1;;;;
16/10/2011;07:58:00;598;com vítima;110;BR-040/RJ;Norte;Colisão Lateral;1;;;;1;;;;;;1;;1;1;
16/10/2011;16:44:00;659;sem vítima;777;BR-040/MG;Norte;Derrapagem;1;;;;;;;;;;1;;;;
16/10/2011;18:20:00;677;sem vítima;799;BR-040/MG;Norte;Colisão Traseira;1;;;;;;;;;;1;;;;
16/10/2011;07:45:00;595;com vítima;120;BR-040/RJ;Sul;Colisão Lateral;2;;;;;;;;;;1;2;;;
16/10/2011;22:00:00;700;sem vítima;120;BR-040/RJ;Norte;Choque - Objeto Fixo;1;;;;;;;;;;1;;;;
16/10/2011;07:59:00;599;sem vítima;123;BR-040/RJ;Sul;Choque - Objeto Fixo;1;;;;;;;;;;1;;;;
17/10/2011;06:51:00;735;sem vítima;14;BR-040/RJ;Sul;Choque - Objeto Fixo;1;;;;;;;;;;1;;;;
17/10/2011;07:28:00;742;sem vítima;34;BR-040/RJ;Norte;Choque - Objeto Fixo;1;;;;;;;;;;1;;;;
17/10/2011;06:35:00;733;com vítima;58;BR-040/RJ;Sul;Choque - Objeto Fixo;1;;;;;;;;;;0;1;;;
17/10/2011;05:26:00;730;sem vítima;94;BR-040/RJ;Sul;Choque - Objeto Fixo;1;;;;;;;;;;1;;;;
17/10/2011;18:35:00;839;com vítima;101;BR-040/RJ;Sul;Choque - Objeto Fixo;1;;;;;;;;;;0;;1;2;
17/10/2011;08:36:00;744;sem vítima;105;BR-040/RJ;Sul;Colisão Frontal;2;;;;;;;;;;2;;;;
17/10/2011;18:35:00;838;sem vítima;105;BR-040/RJ;Norte;Choque - Objeto Fixo;1;;;;;;;;;;1;;;;
17/10/2011;02:16:00;715;sem vítima;109;BR-040/RJ;Norte;Choque - Objeto Fixo;1;;;;;;;;;;1;;;;
17/10/2011;15:29:00;809;sem vítima;111;BR-040/RJ;Sul;Colisão Traseira;1;;;;1;;;;;;2;;;;
17/10/2011;17:36:00;829;sem vítima;799;BR-040/MG;Norte;Choque - Objeto Fixo;1;;;;;;;;;;1;;;;
17/10/2011;06:20:00;732;sem vítima;123;BR-040/RJ;Sul;Colisão Traseira;2;;;;;;;;;;2;;;;
18/10/2011;06:44:00;888;com vítima;51;BR-040/RJ;Norte;Tombamento;;;1;;;;;;;;0;;2;;
18/10/2011;15:30:00;953;sem vítima;93;BR-040/RJ;Norte;Colisão Traseira;2;;;;;;;;;;2;;;;
18/10/2011;11:28:00;935;sem vítima;98;BR-040/RJ;Norte;Choque - Objeto Fixo;1;;;;;;;;;;1;;;;
18/10/2011;15:09:00;949;sem vítima;119;BR-040/RJ;Sul;Colisão Lateral;;;1;;1;;;;;;2;;;;
18/10/2011;18:07:00;978;sem vítima;119;BR-040/RJ;Norte;Colisão Lateral;2;;;;;;;;;;2;;;;
18/10/2011;13:18:00;940;sem vítima;121;BR-040/RJ;Sul;Colisão Lateral;1;;1;;;;;;;;2;;;;
18/10/2011;12:14:00;928;sem vítima;123;BR-040/RJ;Sul;Colisão Lateral;1;;1;;;;;;;;2;;;;
19/10/2011;22:40:00;1159;sem vítima;22;BR-040/RJ;Sul;Choque - Objeto Fixo;1;;;;;;;;;;1;;;;
19/10/2011;17:21:00;1123;sem vítima;84;BR-040/RJ;Norte;Derrapagem;1;;;;;;;;;;1;;;;
19/10/2011;17:42:00;1126;sem vítima;86;BR-040/RJ;Norte;Choque - Objeto Fixo;1;;;;;;;;;;1;;;;
19/10/2011;15:10:00;1101;sem vítima;87;BR-040/RJ;Norte;Colisão Frontal;2;;;;;;;;;;2;;;;
19/10/2011;08:48:00;1051;sem vítima;98;BR-040/RJ;Sul;Choque - Objeto Fixo;1;;;;;;;;;;1;;;;
19/10/2011;12:53:00;1085;sem vítima;112;BR-040/RJ;Norte;Colisão Lateral;1;;;1;;;;;;;2;;;;
19/10/2011;09:19:00;1057;sem vítima;124;BR-040/RJ;Sul;Colisão Lateral;1;;1;;;;;;;;2;;;;
20/10/2011;04:30:00;1186;com vítima;114;BR-040/RJ;Norte;Choque - Objeto Fixo;1;;;;;;;;;;0;3;1;;
20/10/2011;10:35:00;1233;com vítima;117;BR-040/RJ;Sul;Colisão Traseira;;;1;1;;;;;;;1;;;;1
20/10/2011;11:30:00;1248;sem vítima;816;BR-040/MG;Norte;Colisão Traseira;1;;1;;;;;;;;2;;;;
20/10/2011;16:58:00;1290;sem vítima;816;BR-040/MG;Sul;Colisão Traseira;2;;;;;;;;;;2;;;;
20/10/2011;18:52:00;1309;com vítima;119;BR-040/RJ;Norte;Choque - Objeto Fixo;1;;;;;;;;;;0;1;;;
20/10/2011;12:50:00;1256;sem vítima;120;BR-040/RJ;Sul;Colisão Lateral;2;;;;;;;;;;2;;;;
20/10/2011;13:18:00;1258;sem vítima;120;BR-040/RJ;Norte;Colisão Lateral;1;;1;;;;;;;;2;;;;
20/10/2011;07:34:00;1202;sem vítima;123;BR-040/RJ;Sul;Colisão Lateral;1;;1;;;;;;;;2;;;;
20/10/2011;07:58:00;1206;sem vítima;123;BR-040/RJ;Sul;Colisão Lateral;1;;;;1;;;;;;2;;;;
21/10/2011;19:41:00;66;com vítima;62;BR-040/RJ;Sul;Colisão Frontal;1;;;1;;;;;;;1;1;;;
21/10/2011;10:25:00;1405;sem vítima;80;BR-040/RJ;Sul;Choque - Objeto Fixo;1;;;;;;;;;;1;;;;