data;horario;n_da_ocorrencia;tipo_de_ocorrencia;km;trecho;sentido;tipo_de_acidente;automovel;bicicleta;caminhao;moto;onibus;outros;tracao_animal;transporte_de_cargas_especiais;trator_maquinas;utilitarios;ilesos;levemente_feridos;moderadamente_feridos;gravemente_feridos;mortos
11/11/2011;12:27:00;1881;sem vítima;87;BR-040/RJ;Sul;Choque - Objeto Fixo;;;1;;;;;;;;1;;;;
11/11/2011;13:43:00;1899;sem vítima;90;BR-040/RJ;Sul;Choque - Objeto Fixo;;;1;;;;;;;;1;;;;
11/11/2011;23:23:00;2016;sem vítima;105;BR-040/RJ;Norte;Queda de Moto;;;;1;;;;;;;1;;;;
11/11/2011;05:40:00;1803;sem vítima;109;BR-040/RJ;Norte;Colisão Traseira;;;1;;1;;;;;;2;;;;
11/11/2011;16:18:00;1936;sem vítima;113;BR-040/RJ;Norte;Colisão Lateral;;;1;;1;;;;;;2;;;;
11/11/2011;17:00:00;1948;com vítima;114;BR-040/RJ;Norte;Atropelamento - Pedestre;;;;1;;;;;;;0;1;;1;
11/11/2011;13:45:00;1898;com vítima;116;BR-040/RJ;Sul;Queda de Moto;;;;1;;;;;;;0;2;;;
11/11/2011;18:07:00;1964;sem vítima;124;BR-040/RJ;Norte;Colisão Traseira;1;;1;;;;;;;;2;;;;
12/11/2011;19:30:00;2190;com vítima;2;BR-040/RJ;Sul;Choque - Objeto Fixo;1;;;;;;;;;;4;1;;;
12/11/2011;21:17:00;2205;sem vítima;6;BR-040/RJ;Norte;Choque - Objeto Fixo;1;;;;;;;;;;1;;;;
12/11/2011;13:33:00;2124;sem vítima;23;BR-040/RJ;Norte;Choque - Objeto Fixo;1;;;;;;;;;;1;;;;
12/11/2011;14:07:00;2131;com vítima;33;BR-040/RJ;Norte;Capotamento;1;;;;;;;;;;0;1;1;;
12/11/2011;22:24:00;2210;com vítima;34;BR-040/RJ;Norte;Atropelamento - Animal;1;;;;;;;;;;1;2;1;;
12/11/2011;06:46:00;2052;sem vítima;787;BR-040/MG;Norte;Choque - Objeto Fixo;1;;;;;;;;;;1;;;;
12/11/2011;04:40:00;2040;com vítima;84;BR-040/RJ;Sul;Tombamento;;;1;;;;;;;;0;;1;;
12/11/2011;07:14:00;2054;sem vítima;84;BR-040/RJ;Sul;Colisão Lateral;1;;;1;;;;;;;2;;;;
12/11/2011;00:26:00;2024;sem vítima;91;BR-040/RJ;Norte;Colisão Lateral;1;;;;;1;;;;;2;;;;
12/11/2011;15:31:00;2146;com vítima;93;BR-040/RJ;Norte;Atropelamento - Pedestre;;;1;;;;;;;;1;;;;1
12/11/2011;13:44:00;2127;sem vítima;102;BR-040/RJ;Norte;Engavetamento;1;;2;;;;;;;;3;;;;
12/11/2011;17:33:00;2174;com vítima;102;BR-040/RJ;Norte;Derrapagem;1;;;;;;;;;;0;1;;;
12/11/2011;18:50:00;2186;com vítima;109;BR-040/RJ;Norte;Colisão Traseira;2;;;;;;;;;;1;4;;;
12/11/2011;09:20:00;2083;sem vítima;111;BR-040/RJ;Norte;Colisão Lateral;1;;;;1;;;;;;2;;;;
12/11/2011;17:04:00;2171;sem vítima;114;BR-040/RJ;Sul;Choque - Objeto Fixo;1;;;;;;;;;;1;;;;
13/11/2011;01:30:00;2228;sem vítima;83;BR-040/RJ;Norte;Choque - Objeto Fixo;1;;;;;;;;;;1;;;;
13/11/2011;17:40:00;2322;sem vítima;784;BR-040/MG;Norte;Colisão Lateral;1;;;;1;;;;;;2;;;;
13/11/2011;22:08:00;2360;com vítima;92;BR-040/RJ;Sul;Choque - Objeto Fixo;1;;;;;;;;;;1;2;;;
13/11/2011;23:11:00;2369;sem vítima;99;BR-040/RJ;Norte;Choque - Objeto Fixo;1;;;;;;;;;;1;;;;
13/11/2011;02:21:00;2231;com vítima;102;BR-040/RJ;Norte;Atropelamento - Pedestre;;;;;;1;;;;;1;;;;1
13/11/2011;16:36:00;2311;sem vítima;109;BR-040/RJ;Norte;Colisão Traseira;1;;1;;;;;;;;2;;;;
13/11/2011;06:32:00;2238;com vítima;113;BR-040/RJ;Sul;Queda de Moto;;;;1;;;;;;;0;1;;;
13/11/2011;00:21:00;2224;com vítima;114;BR-040/RJ;Norte;Capotamento;1;;;;;;;;;;0;;;2;
14/11/2011;21:54:00;2559;sem vítima;75;BR-040/RJ;Sul;Choque - Objeto Fixo;1;;;;;;;;;;1;;;;
14/11/2011;20:21:00;2547;sem vítima;79;BR-040/RJ;Sul;Choque - Objeto Fixo;1;;;;;;;;;;1;;;;
14/11/2011;15:45:00;2496;com vítima;786;BR-040/MG;Norte;Capotamento;1;;;;;;;;;;1;3;;;
14/11/2011;18:12:00;2518;sem vítima;806;BR-040/MG;Sul;Choque - Objeto Fixo;1;;;;;;;;;;1;;;;
14/11/2011;16:35:00;2504;sem vítima;816;BR-040/MG;Norte;Colisão Traseira;2;;;;;;;;;;2;;;;
14/11/2011;17:08:00;2509;com vítima;828;BR-040/MG;Norte;Capotamento;1;;;;;;;;;;0;4;;;
14/11/2011;18:42:00;2521;com vítima;85;BR-040/RJ;Sul;Choque - Objeto Fixo;1;;;;;;;;;;0;1;;;
14/11/2011;17:21:00;2511;sem vítima;86;BR-040/RJ;Norte;Choque - Objeto Fixo;1;;;;;;;;;;1;;;;
14/11/2011;20:13:00;2544;sem vítima;86;BR-040/RJ;Norte;Choque - Objeto Fixo;1;;;;;;;;;;1;;;;
14/11/2011;00:13:00;2382;sem vítima;90;BR-040/RJ;Norte;Choque - Objeto Fixo;1;;;;;;;;;;1;;;;
14/11/2011;17:42:00;2514;sem vítima;91;BR-040/RJ;Norte;Choque - Objeto Fixo;1;;;;;;;;;;1;;;;
14/11/2011;22:05:00;2561;com vítima;92;BR-040/RJ;Sul;Choque - Objeto Fixo;1;;;;;;;;;;0;1;;;
14/11/2011;21:18:00;2552;sem vítima;93;BR-040/RJ;Sul;Choque - Objeto Fixo;1;;;;;;;;;;1;;;;
14/11/2011;05:32:00;2401;sem vítima;97;BR-040/RJ;Norte;Choque - Objeto Fixo;1;;;;;;;;;;1;;;;
14/11/2011;17:57:00;2516;sem vítima;98;BR-040/RJ;Norte;Choque - Objeto Fixo;1;;;;;;;;;;1;;;;
14/11/2011;22:18:00;2563;sem vítima;99;BR-040/RJ;Norte;Colisão Traseira;1;;;;;1;;;;;2;;;;
14/11/2011;22:18:00;2567;sem vítima;99;BR-040/RJ;Norte;Colisão Traseira;1;;;;;1;;;;;2;;;;
14/11/2011;04:58:00;2400;com vítima;104;BR-040/RJ;Sul;Queda de Moto;;;;1;;;;;;;0;2;;;
14/11/2011;02:57:00;2394;sem vítima;114;BR-040/RJ;Norte;Derrapagem;;;1;;;;;;;;1;;;;
14/11/2011;07:37:00;2418;sem vítima;120;BR-040/RJ;Norte;Engavetamento;2;;;;1;;;;;;3;;;;
14/11/2011;19:08:00;2529;sem vítima;124;BR-040/RJ;Norte;Choque - Objeto Fixo;1;;;;;;;;;;1;;;;
15/11/2011;10:17:00;2611;com vítima;1;BR-040/RJ;Sul;Capotamento;1;;;;;;;;;;0;2;;;
15/11/2011;10:27:00;2614;com vítima;1;BR-040/RJ;Norte;Colisão Traseira;2;;;;;;;;;;1;2;;;
15/11/2011;05:08:00;2584;sem vítima;2;BR-040/RJ;Sul;Choque - Objeto Fixo;1;;;;;;;;;;1;;;;
15/11/2011;07:35:00;2594;com vítima;2;BR-040/RJ;Sul;Capotamento;1;;;;;;;;;;0;;1;;
15/11/2011;14:09:00;2639;sem vítima;3;BR-040/RJ;Sul;Choque - Objeto Fixo;1;;;;;;;;;;2;;;;
15/11/2011;14:47:00;2646;sem vítima;24;BR-040/RJ;Norte;Choque - Objeto Fixo;1;;;;;;;;;;1;;;;
15/11/2011;14:54:00;2648;sem vítima;24;BR-040/RJ;Norte;Choque - Objeto Fixo;1;;;;;;;;;;1;;;;
15/11/2011;14:24:00;2650;sem vítima;24;BR-040/RJ;Norte;Choque - Objeto Fixo;1;;;;;;;;;;1;;;;
15/11/2011;20:51:00;2706;sem vítima;24;BR-040/RJ;Norte;Choque - Objeto Fixo;1;;;;;;;;;;1;;;;
15/11/2011;14:53:00;2649;sem vítima;25;BR-040/RJ;Sul;Choque - Objeto Fixo;1;;;;;;;;;;1;;;;
15/11/2011;09:25:00;2607;com vítima;33;BR-040/RJ;Norte;Capotamento;1;;;;;;;;;;0;3;;;
15/11/2011;06:44:00;2586;com vítima;34;BR-040/RJ;Norte;Choque - Objeto Fixo;1;;;;;;;;;;0;3;;;
15/11/2011;15:06:00;2653;sem vítima;34;BR-040/RJ;Norte;Choque - Objeto Fixo;1;;;;;;;;;;1;;;;
15/11/2011;14:41:00;2643;com vítima;42;BR-040/RJ;Norte;Capotamento;1;;;;;;;;;;0;1;2;;
15/11/2011;22:38:00;2722;com vítima;53;BR-040/RJ;Norte;Capotamento;1;;;;;;;;;;0;2;;;
15/11/2011;16:35:00;2668;com vítima;65;BR-040/RJ;Sul;Choque - Objeto Fixo;1;;;;;;;;;;0;1;;;
15/11/2011;15:22:00;2657;sem vítima;78;BR-040/RJ;Sul;Choque - Objeto Fixo;1;;;;;;;;;;1;;;;
15/11/2011;15:59:00;2661;sem vítima;78;BR-040/RJ;Sul;Choque - Objeto Fixo;1;;;;;;;;;;1;;;;
15/11/2011;20:40:00;2703;sem vítima;78;BR-040/RJ;Sul;Choque - Objeto Fixo;1;;;;;;;;;;1;;;;
15/11/2011;18:03:00;2682;com vítima;79;BR-040/RJ;Sul;Colisão Traseira;1;;;;;1;;;;;1;2;;;
15/11/2011;21:24:00;2715;com vítima;81;BR-040/RJ;Sul;Colisão Lateral;2;;;;;;;;;;0;4;;;
15/11/2011;20:24:00;2701;sem vítima;83;BR-040/RJ;Sul;Choque - Objeto Fixo;1;;;;;;;;;;1;;;;
15/11/2011;21:56:00;2717;sem vítima;83;BR-040/RJ;Sul;Choque - Objeto Fixo;1;;;;;;;;;;1;;;;
15/11/2011;16:58:00;2672;sem vítima;777;BR-040/MG;Sul;Colisão Lateral;1;;1;;;;;;;;2;;;;
15/11/2011;18:33:00;2687;sem vítima;785;BR-040/MG;Norte;Choque - Objeto Fixo;1;;;;;;;;;;1;;;;
15/11/2011;18:29:00;2688;sem vítima;790;BR-040/MG;Norte;Choque - Objeto Fixo;1;;;;;;;;;;1;;;;
15/11/2011;17:38:00;2680;com vítima;793;BR-040/MG;Sul;Choque - Objeto Fixo;1;;;;;;;;;;1;1;;;
15/11/2011;10:11:00;2610;sem vítima;825;BR-040/MG;Norte;Choque - Objeto Fixo;1;;;;;;;;;;1;;;;
15/11/2011;09:00:00;2603;sem vítima;94;BR-040/RJ;Norte;Colisão Lateral;1;;;;1;;;;;;2;;;;
15/11/2011;18:28:00;2686;sem vítima;96;BR-040/RJ;Norte;Choque - Objeto Fixo;1;;;;;;;;;;1;;;;
15/11/2011;18:22:00;2685;com vítima;97;BR-040/RJ;Sul;Capotamento;1;;;;;;;;;;0;5;;;
15/11/2011;00:13:00;2568;sem vítima;110;BR-040/RJ;Sul;Choque - Objeto Fixo;1;;;;;;;;;;1;;;;
15/11/2011;04:02:00;2582;sem vítima;120;BR-040/RJ;Norte;Colisão Frontal;2;;;;;;;;;;2;;;;
15/11/2011;13:54:00;2637;sem vítima;120;BR-040/RJ;Sul;Colisão Traseira;2;;;;;;;;;;2;;;;
16/11/2011;16:48:00;2846;sem vítima;31;BR-040/RJ;Norte;Choque - Objeto Fixo;1;;;;;;;;;;1;;;;
16/11/2011;11:23:00;2798;sem vítima;74;BR-040/RJ;Norte;Choque - Objeto Fixo;1;;;;;;;;;;1;;;;
16/11/2011;07:37:00;2762;sem vítima;78;BR-040/RJ;Sul;Choque - Objeto Fixo;1;;;;;;;;;;1;;;;
16/11/2011;12:38:00;2810;sem vítima;84;BR-040/RJ;Norte;Choque - Objeto Fixo;1;;;;;;;;;;1;;;;
16/11/2011;21:29:00;2885;sem vítima;91;BR-040/RJ;Sul;Capotamento;1;;;;;;;;;;1;;;;
16/11/2011;13:37:00;2818;sem vítima;92;BR-040/RJ;Sul;Choque - Objeto Fixo;1;;;;;;;;;;1;;;;
16/11/2011;10:15:00;2788;sem vítima;93;BR-040/RJ;Norte;Choque - Objeto Fixo;1;;;;;;;;;;1;;;;
16/11/2011;16:19:00;2842;sem vítima;104;BR-040/RJ;Norte;Choque - Objeto Fixo;;;1;;;;;;;;1;;;;
16/11/2011;12:57:00;2814;sem vítima;109;BR-040/RJ;Norte;Colisão Lateral;1;;1;;;;;;;;2;;;;
16/11/2011;17:01:00;2848;sem vítima;111;BR-040/RJ;Norte;Colisão Traseira;1;;1;;;;;;;;2;;;;
16/11/2011;02:24:00;2740;sem vítima;114;BR-040/RJ;Sul;Capotamento;1;;;;;;;;;;1;;;;
16/11/2011;07:00:00;2756;com vítima;121;BR-040/RJ;Sul;Colisão Lateral;;;;2;;;;;;;1;1;;;
16/11/2011;13:45:00;2822;sem vítima;121;BR-040/RJ;Sul;Colisão Traseira;2;;;;;;;;;;2;;;;
16/11/2011;15:37:00;2833;com vítima;121;BR-040/RJ;Sul;Engavetamento;3;;;;;;;;;;2;;1;;
16/11/2011;09:17:00;2782;com vítima;124;BR-040/RJ;Norte;Colisão Lateral;2;;;;;;;;;;0;1;1;;
17/11/2011;14:08:00;2972;com vítima;72;BR-040/RJ;Norte;Tombamento;;;1;;;;;;;;0;1;;;
17/11/2011;16:56:00;3008;sem vítima;84;BR-040/RJ;Sul;Choque - Objeto Fixo;1;;;;;;;;;;1;;;;
17/11/2011;21:11:00;3046;sem vítima;84;BR-040/RJ;Sul;Colisão Traseira;1;;1;;;;;;;;2;;;;
17/11/2011;19:10:00;3033;com vítima;85;BR-040/RJ;Sul;Choque - Objeto Fixo;1;;;;;;;;;;0;1;;;
17/11/2011;18:40:00;3028;sem vítima;96;BR-040/RJ;Sul;Choque - Objeto Fixo;1;;;;;;;;;;1;;;;
17/11/2011;10:24:00;2942;sem vítima;109;BR-040/RJ;Norte;Colisão Lateral;2;;;;;;;;;;2;;;;
17/11/2011;09:56:00;2938;com vítima;119;BR-040/RJ;Norte;Colisão Lateral;2;;1;;;;;;;;2;1;1;;
18/11/2011;16:48:00;3186;sem vítima;72;BR-040/RJ;Sul;Choque - Objeto Fixo;1;;;;;;;;;;1;;;;
18/11/2011;19:06:00;3209;sem vítima;75;BR-040/RJ;Sul;Choque - Objeto Fixo;1;;;;;;;;;;1;;;;
18/11/2011;17:38:00;3197;sem vítima;91;BR-040/RJ;Sul;Choque - Objeto Fixo;1;;;;;;;;;;1;;;;
18/11/2011;15:04:00;3165;sem vítima;92;BR-040/RJ;Sul;Choque - Objeto Fixo;1;;;;;;;;;;1;;;;
18/11/2011;16:10:00;3176;com vítima;93;BR-040/RJ;Sul;Capotamento;1;;;;;;;;;;0;3;;;
18/11/2011;16:43:00;3185;sem vítima;97;BR-040/RJ;Sul;Capotamento;1;;;;;;;;;;2;;;;
18/11/2011;15:11:00;3167;sem vítima;109;BR-040/RJ;Norte;Colisão Lateral;1;;1;;;;;;;;2;;;;
18/11/2011;16:30:00;3180;sem vítima;109;BR-040/RJ;Sul;Colisão Lateral;1;;;;;1;;;;;2;;;;
18/11/2011;15:20:00;3164;sem vítima;123;BR-040/RJ;Norte;Colisão Lateral;1;;1;;1;;;;;;3;;;;
18/11/2011;11:37:00;3135;com vítima;124;BR-040/RJ;Norte;Colisão Lateral;1;;1;;;;;;;;1;;1;;
19/11/2011;19:20:00;3392;com vítima;0;BR-040/RJ;Norte;Choque - Objeto Fixo;1;;;;;;;;;;0;1;;;
19/11/2011;02:54:00;3259;com vítima;60;BR-040/RJ;Norte;Choque - Objeto Fixo;1;;;;;;;;;;1;1;1;;
19/11/2011;09:15:00;3299;sem vítima;74;BR-040/RJ;Norte;Choque - Objeto Fixo;1;;;;;;;;;;1;;;;
19/11/2011;11:45:00;3327;sem vítima;778;BR-040/MG;Sul;Choque - Objeto Fixo;1;;;;;;;;;;1;;;;
19/11/2011;15:01:00;3356;com vítima;787;BR-040/MG;Norte;Choque - Objeto Fixo;1;;;;;;;;;;0;;;1;
19/11/2011;09:06:00;3298;sem vítima;84;BR-040/RJ;Sul;Choque - Objeto Fixo;1;;;;;;;;;;1;;;;
19/11/2011;09:51:00;3304;sem vítima;85;BR-040/RJ;Sul;Choque - Objeto Fixo;1;;;;;;;;;;1;;;;
19/11/2011;16:42:00;3368;sem vítima;86;BR-040/RJ;Sul;Choque - Objeto Fixo;;;1;;;;;;;;1;;;;
19/11/2011;09:02:00;3297;sem vítima;92;BR-040/RJ;Sul;Choque - Objeto Fixo;1;;;;;;;;;;1;;;;
19/11/2011;16:42:00;3367;com vítima;101;BR-040/RJ;Sul;Colisão Lateral;;;1;;;1;;;;;1;1;;;
19/11/2011;10:26:00;3311;com vítima;104;BR-040/RJ;Norte;Colisão Lateral;2;;;;;;;;;;1;1;;;
19/11/2011;14:36:00;3352;sem vítima;109;BR-040/RJ;Sul;Colisão Lateral;2;;;;;;;;;;2;;;;
19/11/2011;21:56:00;3411;sem vítima;117;BR-040/RJ;Norte;Colisão Transversal;3;;;;;;;;;;3;;;;
19/11/2011;10:03:00;3306;sem vítima;124;BR-040/RJ;Sul;Colisão Lateral;1;;1;;;;;;;;2;;;;
20/11/2011;03:10:00;3429;com vítima;48;BR-040/RJ;Sul;Choque - Objeto Fixo;1;;;;;;;;;;0;;1;;
20/11/2011;05:31:00;3435;com vítima;51;BR-040/RJ;Norte;Colisão Transversal;2;;;;;;;;;;1;1;1;;
20/11/2011;19:40:00;3511;com vítima;74;BR-040/RJ;Norte;Capotamento;1;;;;;;;;;;0;;1;;
20/11/2011;14:30:00;3468;com vítima;780;BR-040/MG;Sul;Colisão Traseira;2;;;;;;;;;;0;7;;;
20/11/2011;04:43:00;3431;com vítima;91;BR-040/RJ;Norte;Choque - Objeto Fixo;1;;;;;;;;;;0;2;;;
20/11/2011;20:39:00;3519;com vítima;109;BR-040/RJ;Norte;Colisão Lateral;1;1;;;;;;;;;1;;1;;
20/11/2011;14:49:00;3473;com vítima;110;BR-040/RJ;Norte;Colisão Traseira;2;;;;;;;;;;0;;1;3;1
20/11/2011;21:35:00;3524;com vítima;111;BR-040/RJ;Norte;Capotamento;2;;;;;;;;;;1;3;3;;
20/11/2011;21:12:00;3522;sem vítima;114;BR-040/RJ;Norte;Choque - Objeto Fixo;1;;;;;;;;;;1;;;;
20/11/2011;16:13:00;3486;com vítima;117;BR-040/RJ;Norte;Colisão Traseira;2;;;;;;;;;;0;4;;;
20/11/2011;16:16:00;3491;sem vítima;117;BR-040/RJ;Norte;Colisão Lateral;2;;;;;;;;;;2;;;;
20/11/2011;20:20:00;3515;sem vítima;119;BR-040/RJ;Norte;Colisão Lateral;;;1;;1;;;;;;2;;;;
21/11/2011;01:12:00;3541;sem vítima;59;BR-040/RJ;Norte;Choque - Objeto Fixo;1;;;;;;;;;;1;;;;
21/11/2011;10:10:00;3595;com vítima;93;BR-040/RJ;Sul;Capotamento;1;;;;;;;;;;0;1;;;
21/11/2011;10:10:00;3594;com vítima;110;BR-040/RJ;Sul;Queda de Moto;;;;1;;;;;;;0;1;;;
21/11/2011;06:28:00;3560;sem vítima;111;BR-040/RJ;Sul;Engavetamento;4;;;;;;;;;;4;;;;
21/11/2011;08:17:00;3575;com vítima;122;BR-040/RJ;Sul;Colisão Traseira;1;;;1;;;;;;;1;;1;;
21/11/2011;19:18:00;3682;sem vítima;124;BR-040/RJ;Norte;Colisão Lateral;1;;1;;;;;;;;2;;;;
22/11/2011;21:12:00;3881;sem vítima;1;BR-040/RJ;Norte;Capotamento;1;;;;;;;;;;1;;;;
22/11/2011;17:19:00;3850;com vítima;58;BR-040/RJ;Norte;Colisão Traseira;1;;;1;;;;;;;1;1;;;
22/11/2011;20:14:00;3872;com vítima;58;BR-040/RJ;Sul;Capotamento;1;;;;;;;;;;0;;1;;
22/11/2011;11:06:00;3784;sem vítima;62;BR-040/RJ;Sul;Colisão Lateral;2;;;;;;;;;;2;;;;
22/11/2011;13:12:00;3803;com vítima;74;BR-040/RJ;Norte;Queda de Moto;;;;1;;;;;;;0;;2;;
22/11/2011;14:00:00;3810;sem vítima;93;BR-040/RJ;Norte;Choque - Objeto Fixo;1;;;;;;;;;;1;;;;
22/11/2011;20:19:00;3874;sem vítima;94;BR-040/RJ;Norte;Colisão Lateral;1;;;;;1;;;;;2;;;;
22/11/2011;09:00:00;3765;com vítima;104;BR-040/RJ;Sul;Choque - Objeto Fixo;1;;;;;;;;;;0;2;;;
22/11/2011;06:44:00;3742;sem vítima;121;BR-040/RJ;Sul;Colisão Traseira;1;;1;;;;;;;;2;;;;
22/11/2011;08:47:00;3761;sem vítima;123;BR-040/RJ;Sul;Colisão Lateral;1;;;;1;;;;;;2;;;;
23/11/2011;16:32:00;4004;com vítima;14;BR-040/RJ;Norte;Capotamento;1;;;;;;;;;;0;1;;;
23/11/2011;12:14:00;3966;com vítima;32;BR-040/RJ;Sul;Capotamento;1;;;;;;;;;;0;1;;;
23/11/2011;05:58:00;3911;sem vítima;65;BR-040/RJ;Norte;Choque - Objeto Fixo;1;;;;;;;;;;1;;;;
23/11/2011;09:35:00;3952;sem vítima;70;BR-040/RJ;Norte;Colisão Lateral;1;;1;;;;;;;;2;;;;
23/11/2011;08:02:00;3929;sem vítima;83;BR-040/RJ;Sul;Colisão Traseira;2;;;;;;;;;;2;;;;
23/11/2011;13:36:00;3974;com vítima;783;BR-040/MG;Norte;Tombamento;;;1;;;;;;;;0;1;;;
23/11/2011;09:56:00;3953;com vítima;788;BR-040/MG;Sul;Capotamento;1;;;;;;;;;;0;1;;;
23/11/2011;15:10:00;3983;sem vítima;824;BR-040/MG;Norte;Choque - Objeto Fixo;1;;;;;;;;;;1;;;;
23/11/2011;17:50:00;4020;com vítima;92;BR-040/RJ;Sul;Capotamento;1;;;;;;;;;;0;;1;;
23/11/2011;10:21:00;3956;sem vítima;94;BR-040/RJ;Sul;Choque - Objeto Fixo;1;;;;;;;;;;1;;;;
23/11/2011;14:13:00;3977;sem vítima;94;BR-040/RJ;Sul;Choque - Objeto Fixo;1;;;;;;;;;;1;;;;
23/11/2011;14:58:00;3982;sem vítima;94;BR-040/RJ;Sul;Choque - Objeto Fixo;1;;;;;;;;;;1;;;;
23/11/2011;09:40:00;3949;sem vítima;97;BR-040/RJ;Sul;Choque - Objeto Fixo;1;;;;;;;;;;1;;;;
23/11/2011;11:56:00;3965;sem vítima;121;BR-040/RJ;Sul;Colisão Lateral;1;;1;;;;;;;;2;;;;
23/11/2011;04:22:00;3903;sem vítima;124;BR-040/RJ;Sul;Choque - Objeto Fixo;1;;;;;;;;;;1;;;;
24/11/2011;23:02:00;4210;com vítima;0;BR-040/RJ;Sul;Tombamento;;;1;;;;;;;;0;1;;;
24/11/2011;13:04:00;4121;sem vítima;72;BR-040/RJ;Sul;Choque - Objeto Fixo;1;;;;;;;;;;1;;;;
24/11/2011;16:03:00;4149;sem vítima;96;BR-040/RJ;Sul;Choque - Objeto Fixo;1;;;;;;;;;;1;;;;
24/11/2011;17:54:00;4171;sem vítima;103;BR-040/RJ;Sul;Atropelamento - Animal;1;;;;;;;;;;1;;;;
24/11/2011;15:56:00;4145;sem vítima;109;BR-040/RJ;Sul;Colisão Lateral;;;;;1;1;;;;;2;;;;
24/11/2011;17:22:00;4166;com vítima;112;BR-040/RJ;Norte;Choque - Objeto Fixo;;;1;;;;;;;;3;4;1;;
24/11/2011;23:23:00;4215;sem vítima;112;BR-040/RJ;Norte;Choque - Objeto Fixo;1;;;;;;;;;;1;;;;
24/11/2011;12:25:00;4114;sem vítima;121;BR-040/RJ;Norte;Colisão Traseira;1;;1;;;;;;;;2;;;;
24/11/2011;09:19:00;4094;com vítima;124;BR-040/RJ;Norte;Atropelamento - Pedestre;;;1;;;;;;;;1;;;1;
25/11/2011;23:49:00;4401;sem vítima;84;BR-040/RJ;Sul;Choque - Objeto Fixo;1;;;;;;;;;;1;;;;
25/11/2011;22:09:00;4382;sem vítima;87;BR-040/RJ;Sul;Choque - Objeto Fixo;1;;;;;;;;;;1;;;;
25/11/2011;21:02:00;4372;sem vítima;91;BR-040/RJ;Norte;Choque - Objeto Fixo;1;;;;;;;;;;1;;;;
25/11/2011;21:39:00;4378;sem vítima;92;BR-040/RJ;Norte;Choque em objeto fixo;1;;;;;;;;;;1;;;;
25/11/2011;16:18:00;4329;sem vítima;93;BR-040/RJ;Norte;Engavetamento;3;;1;;;;;;;;4;;;;
25/11/2011;16:07:00;4325;sem vítima;97;BR-040/RJ;Sul;Choque - Objeto Fixo;1;;;;;;;;;;1;;;;
25/11/2011;07:26:00;4242;sem vítima;105;BR-040/RJ;Sul;Queda de Moto;;;;1;;;;;;;1;;;;
25/11/2011;08:54:00;4253;com vítima;111;BR-040/RJ;Norte;Tombamento;1;;1;;;;;;;;0;;4;;
25/11/2011;09:07:00;4256;com vítima;111;BR-040/RJ;Norte;Capotamento;1;;;;;;;;;;0;;2;;
25/11/2011;10:18:00;4269;com vítima;118;BR-040/RJ;Sul;Engavetamento;3;;;;;;;;;;1;1;1;;
26/11/2011;09:50:00;4463;sem vítima;1;BR-040/RJ;Sul;Choque - Objeto Fixo;1;;;;;;;;;;1;;;;
26/11/2011;09:49:00;4461;sem vítima;2;BR-040/RJ;Sul;Choque - Objeto Fixo;1;;;;;;;;;;1;;;;
26/11/2011;14:18:00;4515;sem vítima;3;BR-040/RJ;Sul;Choque - Objeto Fixo;1;;;;;;;;;;1;;;;
26/11/2011;15:32:00;4529;sem vítima;4;BR-040/RJ;Norte;Choque - Objeto Fixo;1;;;;;;;;;;1;;;;
26/11/2011;10:27:00;4469;sem vítima;5;BR-040/RJ;Sul;Choque - Objeto Fixo;1;;;;;;;;;;1;;;;
26/11/2011;12:54:00;4493;sem vítima;11;BR-040/RJ;Sul;Choque - Objeto Fixo;1;;;;;;;;;;1;;;;
26/11/2011;07:53:00;4443;sem vítima;13;BR-040/RJ;Norte;Choque - Objeto Fixo;1;;;;;;;;;;1;;;;
26/11/2011;16:08:00;4532;sem vítima;13;BR-040/RJ;Norte;Choque - Objeto Fixo;1;;;;;;;;;;1;;;;
26/11/2011;09:40:00;4459;sem vítima;24;BR-040/RJ;Norte;Choque - Objeto Fixo;1;;;;;;;;;;1;;;;
26/11/2011;10:08:00;4467;com vítima;24;BR-040/RJ;Norte;Choque - Objeto Fixo;1;;;;;;;;;;0;1;;;
26/11/2011;09:50:00;4480;com vítima;24;BR-040/RJ;Norte;Choque - Objeto Fixo;1;;;;;;;;;;0;1;;;
26/11/2011;21:45:00;4582;sem vítima;26;BR-040/RJ;Sul;Choque - Objeto Fixo;1;;;;;;;;;;1;;;;
26/11/2011;12:51:00;4492;sem vítima;34;BR-040/RJ;Norte;Choque - Objeto Fixo;1;;;;;;;;;;1;;;;
26/11/2011;13:18:00;4501;sem vítima;60;BR-040/RJ;Norte;Capotamento;1;;;;;;;;;;1;;;;
26/11/2011;15:24:00;4525;com vítima;66;BR-040/RJ;Norte;Capotamento;1;;;;;;;;;;0;1;;;
26/11/2011;14:13:00;4512;com vítima;72;BR-040/RJ;Norte;Choque - Objeto Fixo;1;;;;;;;;;;0;1;;;
26/11/2011;15:22:00;4524;sem vítima;72;BR-040/RJ;Sul;Choque - Objeto Fixo;1;;;;;;;;;;1;;;;
26/11/2011;10:05:00;4466;sem vítima;77;BR-040/RJ;Sul;Choque - Objeto Fixo;1;;;;;;;;;;1;;;;
26/11/2011;20:19:00;4569;sem vítima;77;BR-040/RJ;Sul;Choque - Objeto Fixo;1;;;;;;;;;;1;;;;
26/11/2011;09:31:00;4456;sem vítima;82;BR-040/RJ;Sul;Choque - Objeto Fixo;1;;;;;;;;;;1;;;;