data;horario;n_da_ocorrencia;tipo_de_ocorrencia;km;trecho;sentido;tipo_de_acidente;automovel;bicicleta;caminhao;moto;onibus;outros;tracao_animal;transporte_de_cargas_especiais;trator_maquinas;utilitarios;ilesos;levemente_feridos;moderadamente_feridos;gravemente_feridos;mortos
26/11/2011;13:49:00;4507;com vítima;83;BR-040/RJ;Sul;Choque - Objeto Fixo;1;;;;;;;;;;1;1;;;
26/11/2011;20:39:00;4575;sem vítima;776;BR-040/MG;Sul;Choque - Objeto Fixo;1;;;;;;;;;;1;;;;
26/11/2011;14:16:00;4513;com vítima;778;BR-040/MG;Sul;Choque - Objeto Fixo;1;;;;;;;;;;0;1;;;
26/11/2011;15:21:00;4523;sem vítima;800;BR-040/MG;Sul;Choque - Objeto Fixo;1;;;;;;;;;;1;;;;
26/11/2011;11:52:00;4481;sem vítima;825;BR-040/MG;Sul;Choque - Objeto Fixo;1;;;;;;;;;;1;;;;
26/11/2011;12:56:00;4495;sem vítima;93;BR-040/RJ;Sul;Capotamento;1;;;;;;;;;;1;;;;
26/11/2011;14:06:00;4509;sem vítima;93;BR-040/RJ;Norte;Choque - Objeto Fixo;;;1;;;;;;;;1;;;;
26/11/2011;11:09:00;4477;sem vítima;94;BR-040/RJ;Sul;Choque - Objeto Fixo;1;;;;;;;;;;1;;;;
26/11/2011;09:19:00;4455;sem vítima;96;BR-040/RJ;Sul;Choque - Objeto Fixo;1;;;;;;;;;;1;;;;
26/11/2011;11:56:00;4485;sem vítima;96;BR-040/RJ;Norte;Choque - Objeto Fixo;1;;;;;;;;;;1;;;;
26/11/2011;12:15:00;4487;sem vítima;96;BR-040/RJ;Sul;Choque - Objeto Fixo;1;;;;;;;;;;1;;;;
26/11/2011;13:30:00;4505;sem vítima;96;BR-040/RJ;Sul;Choque - Objeto Fixo;1;;;;;;;;;;1;;;;
26/11/2011;11:52:00;4484;sem vítima;102;BR-040/RJ;Norte;Colisão Traseira;2;;;;;;;;;;2;;;;
26/11/2011;12:36:00;4489;sem vítima;109;BR-040/RJ;Norte;Colisão Lateral;1;;1;;;;;;;;2;;;;
26/11/2011;16:55:00;4537;sem vítima;118;BR-040/RJ;Sul;Choque - Objeto Fixo;;;1;;;;;;;;1;;;;
26/11/2011;17:50:00;4546;com vítima;118;BR-040/RJ;Sul;Queda de Moto;;;;1;;;;;;;0;2;;;
26/11/2011;19:34:00;4560;sem vítima;121;BR-040/RJ;Norte;Colisão Lateral;;;1;;1;;;;;;2;;;;
26/11/2011;11:12:00;4478;sem vítima;124;BR-040/RJ;Sul;Colisão Lateral;1;;1;;;;;;;;2;;;;
27/11/2011;18:59:00;4730;sem vítima;3;BR-040/RJ;Sul;Choque - Objeto Fixo;1;;;;;;;;;;1;;;;
27/11/2011;18:04:00;4723;sem vítima;33;BR-040/RJ;Norte;Choque - Objeto Fixo;1;;;;;;;;;;4;;;;
27/11/2011;16:37:00;4705;com vítima;43;BR-040/RJ;Norte;Choque - Objeto Fixo;1;;;;;;;;;;0;;1;;
27/11/2011;19:56:00;4738;com vítima;44;BR-040/RJ;Norte;Colisão Frontal;1;;;;;1;;;;;1;;2;;
27/11/2011;21:48:00;4764;sem vítima;51;BR-040/RJ;Norte;Colisão Traseira;2;;;;;;;;;;2;;;;
27/11/2011;00:12:00;4596;sem vítima;64;BR-040/RJ;Sul;Choque - Objeto Fixo;1;;;;;;;;;;1;;;;
27/11/2011;19:25:00;4735;com vítima;72;BR-040/RJ;Sul;Choque - Objeto Fixo;1;;;;;;;;;;0;3;;;
27/11/2011;12:53:00;4673;sem vítima;78;BR-040/RJ;Sul;Choque - Objeto Fixo;1;;;;;;;;;;1;;;;
27/11/2011;00:26:00;4598;sem vítima;80;BR-040/RJ;Sul;Choque - Objeto Fixo;1;;;;;;;;;;1;;;;
27/11/2011;13:58:00;4680;sem vítima;80;BR-040/RJ;Norte;Choque - Objeto Fixo;1;;;;;;;;;;1;;;;
27/11/2011;14:38:00;4683;sem vítima;80;BR-040/RJ;Sul;Choque em objeto fixo;1;;;;;;;;;;1;;;;
27/11/2011;08:25:00;4641;com vítima;81;BR-040/RJ;Sul;Capotamento;1;;;;;;;;;;0;1;;;
27/11/2011;12:57:00;4674;sem vítima;81;BR-040/RJ;Sul;Choque - Objeto Fixo;1;;;;;;;;;;1;;;;
27/11/2011;13:10:00;4675;sem vítima;82;BR-040/RJ;Sul;Choque - Objeto Fixo;1;;;;;;;;;;1;;;;
27/11/2011;14:26:00;4682;sem vítima;776;BR-040/MG;Sul;Choque - Objeto Fixo;1;;;;;;;;;;1;;;;
27/11/2011;12:28:00;4670;com vítima;783;BR-040/MG;Sul;Choque - Objeto Fixo;1;;;;;;;;;;0;1;;;
27/11/2011;15:18:00;4690;sem vítima;799;BR-040/MG;Norte;Choque - Objeto Fixo;1;;;;;;;;;;1;;;;
27/11/2011;12:07:00;4664;com vítima;825;BR-040/MG;Sul;Choque - Objeto Fixo;1;;;;;;;;;;1;1;1;;
27/11/2011;16:42:00;4707;sem vítima;825;BR-040/MG;Sul;Choque - Objeto Fixo;1;;;;;;;;;;1;;;;
27/11/2011;17:05:00;4711;com vítima;84;BR-040/RJ;Sul;Colisão Traseira;2;;;;;;;;;;1;6;;;
27/11/2011;19:39:00;4737;sem vítima;84;BR-040/RJ;Sul;Choque - Objeto Fixo;1;;;;;;;;;;1;;;;
27/11/2011;21:21:00;4752;sem vítima;84;BR-040/RJ;Sul;Choque - Objeto Fixo;1;;;;;;;;;;1;;;;
27/11/2011;06:12:00;4623;sem vítima;85;BR-040/RJ;Norte;Choque - Objeto Fixo;1;;;;;;;;;;1;;;;
27/11/2011;08:23:00;4640;com vítima;85;BR-040/RJ;Norte;Capotamento;1;;;;;;;;;;0;1;;;
27/11/2011;09:29:00;4649;com vítima;85;BR-040/RJ;Norte;Capotamento;1;;;;;;;;;;0;3;;;
27/11/2011;09:53:00;4653;sem vítima;85;BR-040/RJ;Norte;Choque - Objeto Fixo;1;;;;;;;;;;1;;;;
27/11/2011;12:07:00;4665;com vítima;87;BR-040/RJ;Sul;Colisão Transversal;1;;;;;;;;;;0;1;;;
27/11/2011;12:48:00;4672;sem vítima;87;BR-040/RJ;Norte;Choque - Objeto Fixo;1;;;;;;;;;;1;;;;
27/11/2011;17:45:00;4716;sem vítima;91;BR-040/RJ;Sul;Choque - Objeto Fixo;1;;;;;;;;;;1;;;;
27/11/2011;19:40:00;4741;sem vítima;91;BR-040/RJ;Sul;Choque - Objeto Fixo;1;;;;;;;;;;1;;;;
27/11/2011;05:56:00;4621;com vítima;92;BR-040/RJ;Sul;Capotamento;1;;;;;;;;;;0;1;;;
27/11/2011;11:08:00;4661;sem vítima;92;BR-040/RJ;Sul;Colisão Lateral;1;;1;;;;;;;;2;;;;
27/11/2011;17:14:00;4713;sem vítima;93;BR-040/RJ;Sul;Derrapagem;;;;;;1;;;;;1;;;;
27/11/2011;18:12:00;4724;sem vítima;93;BR-040/RJ;Sul;Choque - Objeto Fixo;1;;;;;;;;;;1;;;;
27/11/2011;06:39:00;4627;com vítima;94;BR-040/RJ;Sul;Capotamento;1;;;;;;;;;;0;1;;;
27/11/2011;17:08:00;4714;sem vítima;99;BR-040/RJ;Norte;Choque - Objeto Fixo;1;;;;;;;;;;1;;;;
27/11/2011;15:41:00;4695;sem vítima;104;BR-040/RJ;Norte;Colisão Lateral;1;;;;;1;;;;;2;;;;
27/11/2011;21:38:00;4761;sem vítima;111;BR-040/RJ;Sul;Colisão Lateral;1;;;;1;;;;;;2;;;;
27/11/2011;06:00:00;4622;sem vítima;114;BR-040/RJ;Sul;Choque - Objeto Fixo;1;;;;;;;;;;1;;;;
27/11/2011;17:02:00;4710;com vítima;117;BR-040/RJ;Norte;Colisão Traseira;2;;;;;;;;;;1;3;1;;
28/11/2011;23:37:00;4921;com vítima;31;BR-040/RJ;Norte;Tombamento;1;;1;;;;;;;;1;1;;;
28/11/2011;05:00:00;4783;com vítima;82;BR-040/RJ;Sul;Capotamento;1;;;;;;;;;;0;1;;;
28/11/2011;14:45:00;4858;sem vítima;783;BR-040/MG;Sul;Derrapagem;1;;;;;;;;;;1;;;;
28/11/2011;10:56:00;4825;com vítima;784;BR-040/MG;Norte;Derrapagem;1;;;;;;;;;;0;4;;;
28/11/2011;10:29:00;4822;sem vítima;799;BR-040/MG;Norte;Choque - Objeto Fixo;1;;;;;;;;;;1;;;;
28/11/2011;11:03:00;4827;com vítima;812;BR-040/MG;Norte;Choque - Objeto Fixo;1;;;;;;;;;;0;1;;;
28/11/2011;13:05:00;4847;sem vítima;84;BR-040/RJ;Sul;Choque - Objeto Fixo;1;;;;;;;;;;1;;;;
28/11/2011;10:00:00;4818;sem vítima;92;BR-040/RJ;Norte;Derrapagem;1;;;;;;;;;;1;;;;
28/11/2011;08:12:00;4806;sem vítima;102;BR-040/RJ;Sul;Derrapagem;;;1;;;;;;;;1;;;;
28/11/2011;10:18:00;4821;sem vítima;109;BR-040/RJ;Norte;Choque - Objeto Fixo;;;1;;;;;;;;1;;;;
28/11/2011;20:22:00;4906;sem vítima;110;BR-040/RJ;Sul;Choque - Objeto Fixo;1;;;;;;;;;;1;;;;
28/11/2011;05:32:00;4786;sem vítima;113;BR-040/RJ;Sul;Colisão Lateral;2;;;;;;;;;;2;;;;
28/11/2011;18:04:00;4892;com vítima;113;BR-040/RJ;Sul;Capotamento;1;;;;;;;;;;1;1;;;
28/11/2011;18:39:00;4898;sem vítima;113;BR-040/RJ;Sul;Choque - Objeto Fixo;1;;;;;;;;;;1;;;;
28/11/2011;03:59:00;4780;com vítima;117;BR-040/RJ;Sul;Colisão Traseira;;;2;;;;;;;;0;3;;;
28/11/2011;07:36:00;4802;sem vítima;119;BR-040/RJ;Sul;Colisão Traseira;2;;;;;;;;;;2;;;;
28/11/2011;06:42:00;4796;sem vítima;120;BR-040/RJ;Sul;Queda de Moto;;;;1;;;;;;;1;;;;
29/11/2011;03:31:00;4929;sem vítima;808;BR-040/MG;Sul;Choque - Objeto Fixo;;;1;;;;;;;;1;;;;
29/11/2011;17:48:00;5043;sem vítima;85;BR-040/RJ;Norte;Choque - Objeto Fixo;1;;;;;;;;;;1;;;;
29/11/2011;21:57:00;5066;sem vítima;89;BR-040/RJ;Norte;Colisão Lateral;1;;1;;;;;;;;2;;;;
29/11/2011;13:38:00;5003;sem vítima;105;BR-040/RJ;Sul;Engavetamento;2;;;;;1;;;;;3;;;;
29/11/2011;07:23:00;4951;sem vítima;116;BR-040/RJ;Norte;Colisão Traseira;1;;;;;1;;;;;2;;;;
30/11/2011;18:38:00;5239;sem vítima;82;BR-040/RJ;Norte;Colisão Lateral;1;;1;;;;;;;;2;;;;
30/11/2011;10:20:00;5141;sem vítima;814;BR-040/MG;Norte;Choque - Objeto Fixo;1;;;;;;;;;;1;;;;
30/11/2011;11:19:00;5163;sem vítima;816;BR-040/MG;Norte;Colisão Lateral;1;;;;;1;;;;;2;;;;
30/11/2011;13:06:00;5181;sem vítima;109;BR-040/RJ;Norte;Colisão Lateral;1;;1;;;;;;;;2;;;;
30/11/2011;08:22:00;5116;sem vítima;110;BR-040/RJ;Sul;Colisão Lateral;1;;1;;;;;;;;2;;;;
30/11/2011;18:37:00;5238;sem vítima;112;BR-040/RJ;Norte;Engavetamento;1;;1;;1;;;;;;3;;;;
01/12/2011;18:31:00;134;com vítima;13;BR-040/RJ;Norte;Choque - Objeto Fixo;1;;;;;;;;;;0;2;;;
01/12/2011;12:36:00;117;com vítima;45;BR-040/RJ;Norte;Colisão Traseira;;;1;1;;;;;;;1;2;;;
01/12/2011;16:38:00;109;sem vítima;77;BR-040/RJ;Norte;Choque - Objeto Fixo;1;;;;;;;;;;1;;;;
01/12/2011;17:34:00;123;sem vítima;89;BR-040/RJ;Sul;Colisão Lateral;1;;;;;1;;;;;2;;;;
01/12/2011;16:14:00;106;sem vítima;92;BR-040/RJ;Norte;Choque - Objeto Fixo;1;;;;;;;;;;1;;;;
01/12/2011;16:48:00;110;sem vítima;96;BR-040/RJ;Norte;Choque - Objeto Fixo;;;1;;;;;;;;1;;;;
01/12/2011;18:09:00;131;sem vítima;109;BR-040/RJ;Norte;Colisão Traseira;1;;1;;;;;;;;2;;;;
01/12/2011;22:50:00;170;sem vítima;117;BR-040/RJ;Sul;Engavetamento;2;;1;;;;;;;;3;;;;
01/12/2011;21:25:00;159;com vítima;118;BR-040/RJ;Sul;Tombamento;1;;2;;;;;;;;5;1;1;;
01/12/2011;21:25:00;160;sem vítima;118;BR-040/RJ;Norte;Engavetamento;4;;;;;;;;;;4;;;;
01/12/2011;02:56:00;9;sem vítima;119;BR-040/RJ;Norte;Choque - Objeto Fixo;1;;;;;;;;;;1;;;;
01/12/2011;15:27:00;94;sem vítima;120;BR-040/RJ;Norte;Engavetamento;3;;;;;1;;;;;4;;;;
01/12/2011;20:48:00;152;sem vítima;120;BR-040/RJ;Sul;Colisão Traseira;2;;;;;;;;;;2;;;;
01/12/2011;21:04:00;156;sem vítima;120;BR-040/RJ;Norte;Colisão Lateral;1;;;1;;;;;;;2;;;;
01/12/2011;22:10:00;168;com vítima;120;BR-040/RJ;Norte;Colisão Traseira;2;;;;;;;;;;2;1;;;
01/12/2011;19:36:00;144;sem vítima;121;BR-040/RJ;Norte;Colisão Traseira;1;;;;1;;;;;;2;;;;
01/12/2011;16:29:00;108;sem vítima;123;BR-040/RJ;Sul;Colisão Lateral;1;;1;;;;;;;;2;;;;
02/12/2011;19:01:00;313;sem vítima;6;BR-040/RJ;Sul;Colisão Lateral;1;;;;;1;;;;;2;;;;
02/12/2011;12:16:00;238;sem vítima;82;BR-040/RJ;Sul;Capotamento;1;;;;;;;;;;1;;;;
02/12/2011;11:00:00;228;sem vítima;83;BR-040/RJ;Sul;Choque - Objeto Fixo;;;1;;;;;;;;1;;;;
02/12/2011;09:07:00;217;com vítima;787;BR-040/MG;Norte;Tombamento;;;1;;;;;;;;0;;1;;
02/12/2011;18:40:00;307;sem vítima;85;BR-040/RJ;Sul;Queda de Moto;;;;1;;;;;;;1;;;;
02/12/2011;17:29:00;295;sem vítima;87;BR-040/RJ;Norte;Colisão Traseira;2;;;;;;;;;;2;;;;
02/12/2011;14:38:00;261;sem vítima;93;BR-040/RJ;Sul;Choque - Objeto Fixo;1;;;;;;;;;;1;;;;
02/12/2011;21:40:00;332;sem vítima;108;BR-040/RJ;Norte;Colisão Traseira;;;;;1;1;;;;;2;;;;
02/12/2011;17:41:00;297;sem vítima;119;BR-040/RJ;Norte;Colisão Traseira;2;;;;;;;;;;2;;;;
02/12/2011;19:13:00;315;com vítima;119;BR-040/RJ;Sul;Colisão Traseira;2;;;;;;;;;;1;1;;;
03/12/2011;19:23:00;494;com vítima;789;BR-040/MG;Sul;Queda de Moto;;;;1;;;;;;;0;2;;;
03/12/2011;23:03:00;518;com vítima;805;BR-040/MG;Sul;Capotamento;1;;;;;;;;;;0;1;;;
03/12/2011;23:03:00;526;com vítima;805;BR-040/MG;Sul;Choque - Objeto Fixo;1;;;;;;;;;;0;1;;;
03/12/2011;13:25:00;430;com vítima;815;BR-040/MG;Sul;Queda de Moto;;;;1;;;;;;;0;;;1;
03/12/2011;16:27:00;459;com vítima;815;BR-040/MG;Sul;Choque - Objeto Fixo;1;;;;;;;;;;3;1;;;
03/12/2011;00:51:00;351;sem vítima;84;BR-040/RJ;Norte;Colisão Traseira;2;;;;;;;;;;2;;;;
03/12/2011;20:21:00;503;sem vítima;84;BR-040/RJ;Norte;Choque - Objeto Fixo;1;;;;;;;;;;1;;;;
03/12/2011;00:41:00;349;sem vítima;95;BR-040/RJ;Norte;Colisão Lateral;;;2;;;;;;;;2;;;;
03/12/2011;10:33:00;405;sem vítima;95;BR-040/RJ;Norte;Choque - Objeto Fixo;1;;;;;;;;;;1;;;;
03/12/2011;23:08:00;521;com vítima;102;BR-040/RJ;Norte;Colisão Frontal;1;;;1;;;;;;;1;1;;;
03/12/2011;18:40:00;489;sem vítima;104;BR-040/RJ;Norte;Choque - Objeto Fixo;;;1;;;;;;;;1;;;;
03/12/2011;17:12:00;470;com vítima;105;BR-040/RJ;Norte;Colisão Lateral;1;;;1;;;;;;;1;1;;;
03/12/2011;04:46:00;361;sem vítima;110;BR-040/RJ;Sul;Colisão Transversal;1;;1;;;;;;;;2;;;;
03/12/2011;09:01:00;390;com vítima;115;BR-040/RJ;Sul;Engavetamento;5;;;;;;;;;;6;4;;;
03/12/2011;17:36:00;476;sem vítima;119;BR-040/RJ;Sul;Colisão Traseira;2;;;;;;;;;;2;;;;
03/12/2011;19:19:00;493;com vítima;120;BR-040/RJ;Norte;Capotamento;1;;;;;;;;;;0;;1;;
03/12/2011;19:46:00;498;com vítima;121;BR-040/RJ;Norte;Engavetamento;3;;;;;;;;;;2;4;;;
03/12/2011;20:00:00;499;com vítima;121;BR-040/RJ;Norte;Colisão Traseira;2;;;;;;;;;;2;1;;;
03/12/2011;08:07:00;381;sem vítima;123;BR-040/RJ;Sul;Colisão Lateral;1;;;;1;;;;;;2;;;;
04/12/2011;00:49:00;532;sem vítima;85;BR-040/RJ;Sul;Choque - Objeto Fixo;1;;;;;;;;;;1;;;;
04/12/2011;07:35:00;556;com vítima;89;BR-040/RJ;Norte;Queda de Moto;;;;1;;;;;;;0;2;;;
04/12/2011;15:46:00;622;sem vítima;89;BR-040/RJ;Sul;Tombamento;;;1;;;;;;;;1;;;;
04/12/2011;04:37:00;548;sem vítima;96;BR-040/RJ;Norte;Choque - Objeto Fixo;1;;;;;;;;;;1;;;;
04/12/2011;11:58:00;590;sem vítima;100;BR-040/RJ;Norte;Choque - Objeto Fixo;1;;;;;;;;;;1;;;;
04/12/2011;17:29:00;637;sem vítima;104;BR-040/RJ;Sul;Colisão Traseira;1;;;;1;;;;;;2;;;;
04/12/2011;09:11:00;566;com vítima;105;BR-040/RJ;Norte;Atropelamento - Pedestre;;;;1;;;;;;;0;1;1;;
04/12/2011;16:31:00;630;sem vítima;105;BR-040/RJ;Norte;Colisão Traseira;1;;;;;1;;;;;2;;;;
04/12/2011;17:12:00;634;sem vítima;106;BR-040/RJ;Sul;Colisão Lateral;2;;;;;;;;;;2;;;;
04/12/2011;21:20:00;662;sem vítima;109;BR-040/RJ;Sul;Colisão Lateral;1;;1;;;;;;;;2;;;;
04/12/2011;13:25:00;599;sem vítima;110;BR-040/RJ;Sul;Choque - Objeto Fixo;1;;;;;;;;;;1;;;;
04/12/2011;14:37:00;611;sem vítima;110;BR-040/RJ;Sul;Engavetamento;2;;;1;;;;;;;3;;;;
04/12/2011;14:45:00;612;sem vítima;110;BR-040/RJ;Sul;Engavetamento;3;;;;;;;;;;3;;;;
04/12/2011;20:05:00;656;sem vítima;111;BR-040/RJ;Sul;Colisão Traseira;1;;;;1;;;;;;2;;;;
04/12/2011;20:10:00;660;sem vítima;113;BR-040/RJ;Sul;Choque - Objeto Fixo;1;;;;;;;;;;1;;;;
04/12/2011;07:49:00;558;com vítima;114;BR-040/RJ;Norte;Colisão Traseira;2;;;;;;;;;;0;;3;;
04/12/2011;22:56:00;671;com vítima;115;BR-040/RJ;Norte;Colisão Lateral;1;;;1;;;;;;;1;;2;;
04/12/2011;15:36:00;620;sem vítima;120;BR-040/RJ;Sul;Colisão Lateral;1;;1;;;;;;;;2;;;;
04/12/2011;23:00:00;673;sem vítima;121;BR-040/RJ;Norte;Queda de Moto;;;;1;;;;;;;1;;;;
04/12/2011;23:11:00;674;sem vítima;121;BR-040/RJ;Norte;Colisão Traseira;2;;;;;;;;;;2;;;;
04/12/2011;05:18:00;551;com vítima;124;BR-040/RJ;Norte;Choque - Objeto Fixo;1;;;;;;;;;;0;2;;;
04/12/2011;13:38:00;603;sem vítima;124;BR-040/RJ;Sul;Colisão Lateral;1;;1;;;;;;;;2;;;;
04/12/2011;08:51:00;564;sem vítima;125;BR-040/RJ;Sul;Tombamento;;;1;;;;;;;;1;;;;
05/12/2011;04:45:00;690;sem vítima;81;BR-040/RJ;Norte;Choque - Objeto Fixo;1;;;;;;;;;;1;;;;
05/12/2011;05:22:00;698;com vítima;804;BR-040/MG;Norte;Colisão Traseira;;;1;;;1;;;;;3;1;;;
05/12/2011;19:06:00;824;sem vítima;88;BR-040/RJ;Sul;Choque - Objeto Fixo;;;1;;;;;;;;1;;;;
05/12/2011;17:07:00;804;com vítima;105;BR-040/RJ;Norte;Engavetamento;1;;;2;;;;;;;1;2;;;
05/12/2011;12:35:00;754;com vítima;109;BR-040/RJ;Norte;Colisão Traseira;;;1;;1;;;;;;1;1;;;
05/12/2011;15:20:00;783;sem vítima;109;BR-040/RJ;Norte;Colisão Lateral;1;;1;;;;;;;;2;;;;
05/12/2011;12:45:00;757;sem vítima;113;BR-040/RJ;Norte;Choque - Objeto Fixo;1;;;;;;;;;;1;;;;
05/12/2011;17:56:00;814;sem vítima;120;BR-040/RJ;Norte;Colisão Traseira;1;;;;;1;;;;;2;;;;
05/12/2011;19:47:00;830;sem vítima;124;BR-040/RJ;Norte;Engavetamento;1;;2;;;;;;;;3;;;;
06/12/2011;14:34:00;951;sem vítima;71;BR-040/RJ;Sul;Choque - Objeto Fixo;;;1;;;;;;;;1;;;;
06/12/2011;18:15:00;989;sem vítima;77;BR-040/RJ;Sul;Choque - Objeto Fixo;1;;;;;;;;;;1;;;;
06/12/2011;15:34:00;962;sem vítima;805;BR-040/MG;Norte;Colisão Lateral;1;;1;;;;;;;;2;;;;
06/12/2011;23:37:00;1036;sem vítima;86;BR-040/RJ;Sul;Choque - Objeto Fixo;1;;;;;;;;;;1;;;;
06/12/2011;14:48:00;953;sem vítima;108;BR-040/RJ;Sul;Engavetamento;2;;;;;1;;;;;3;;;;
06/12/2011;11:46:00;933;com vítima;111;BR-040/RJ;Sul;Colisão Lateral;;;1;;1;;;;;;0;10;1;;
06/12/2011;08:45:00;902;sem vítima;122;BR-040/RJ;Norte;Colisão Traseira;2;;;;;;;;;;2;;;;
06/12/2011;15:31:00;961;sem vítima;123;BR-040/RJ;Sul;Colisão Lateral;1;;1;;;;;;;;2;;;;
06/12/2011;15:49:00;963;sem vítima;123;BR-040/RJ;Sul;Colisão Lateral;1;;1;;;;;;;;2;;;;
07/12/2011;14:57:00;1149;sem vítima;22;BR-040/RJ;Norte;Colisão Lateral;;;2;;;;;;;;2;;;;
07/12/2011;09:34:00;1093;sem vítima;41;BR-040/RJ;Sul;Colisão Lateral;;;2;;;;;;;;2;;;;
07/12/2011;23:51:00;1217;sem vítima;84;BR-040/RJ;Norte;Choque - Objeto Fixo;1;;;;;;;;;;1;;;;
07/12/2011;15:02:00;1152;sem vítima;97;BR-040/RJ;Norte;Colisão Traseira;2;;;;;;;;;;2;;;;
07/12/2011;23:13:00;1213;com vítima;112;BR-040/RJ;Norte;Choque - Objeto Fixo;1;;;;;;;;;;0;;1;;
07/12/2011;07:30:00;1071;com vítima;114;BR-040/RJ;Sul;Colisão Lateral;1;;;;;1;;;;;1;1;;;
07/12/2011;13:37:00;1133;com vítima;115;BR-040/RJ;Norte;Colisão Lateral;1;;;1;;;;;;;1;;1;;
07/12/2011;21:10:00;1203;sem vítima;120;BR-040/RJ;Norte;Colisão Traseira;1;;;;1;;;;;;2;;;;
07/12/2011;08:54:00;1083;sem vítima;121;BR-040/RJ;Sul;Colisão Traseira;1;;;;1;;;;;;2;;;;
07/12/2011;12:14:00;1122;sem vítima;122;BR-040/RJ;Sul;Colisão Traseira;1;;1;;;;;;;;2;;;;
07/12/2011;12:12:00;1121;sem vítima;123;BR-040/RJ;Norte;Colisão Lateral;;;1;;1;;;;;;2;;;;
08/12/2011;18:08:00;1364;sem vítima;2;BR-040/RJ;Norte;Choque - Objeto Fixo;1;;;;;;;;;;1;;;;
08/12/2011;17:43:00;1359;com vítima;34;BR-040/RJ;Sul;Capotamento;1;;;;;;;;;;1;1;;;
08/12/2011;17:40:00;1361;com vítima;37;BR-040/RJ;Sul;Capotamento;1;;;;;;;;;;0;1;;;
08/12/2011;15:51:00;1340;sem vítima;78;BR-040/RJ;Norte;Choque - Objeto Fixo;1;;;;;;;;;;1;;;;
08/12/2011;16:25:00;1347;sem vítima;78;BR-040/RJ;Sul;Capotamento;1;;;;;;;;;;1;;;;
08/12/2011;19:54:00;1374;sem vítima;82;BR-040/RJ;Sul;Choque - Objeto Fixo;1;;;;;;;;;;1;;;;
08/12/2011;15:39:00;1336;sem vítima;84;BR-040/RJ;Sul;Colisão Lateral;2;;;;;;;;;;2;;;;
08/12/2011;01:34:00;1222;sem vítima;91;BR-040/RJ;Sul;Choque - Objeto Fixo;1;;;;;;;;;;1;;;;
08/12/2011;18:19:00;1365;com vítima;91;BR-040/RJ;Sul;Capotamento;1;;;;;;;;;;0;2;;;
08/12/2011;21:23:00;1393;sem vítima;109;BR-040/RJ;Sul;Colisão Lateral;1;;1;;;;;;;;2;;;;
08/12/2011;16:09:00;1344;sem vítima;112;BR-040/RJ;Norte;Colisão Traseira;2;;;;;;;;;;2;;;;
08/12/2011;07:03:00;1247;com vítima;119;BR-040/RJ;Norte;Colisão Traseira;2;;;;;;;;;;0;2;;;
08/12/2011;20:03:00;1376;sem vítima;121;BR-040/RJ;Norte;Colisão Traseira;1;;1;;;;;;;;2;;;;
08/12/2011;10:54:00;1285;sem vítima;124;BR-040/RJ;Norte;Colisão Lateral;;;2;;;;;;;;2;;;;
09/12/2011;19:16:00;1578;com vítima;1;BR-040/RJ;Norte;Choque - Objeto Fixo;1;;;;;;;;;;0;1;;;
09/12/2011;17:21:00;1558;sem vítima;2;BR-040/RJ;Sul;Choque - Objeto Fixo;1;;;;;;;;;;1;;;;
09/12/2011;18:43:00;1575;sem vítima;8;BR-040/RJ;Norte;Choque - Objeto Fixo;1;;;;;;;;;;1;;;;
09/12/2011;21:54:00;1600;com vítima;24;BR-040/RJ;Norte;Choque - Objeto Fixo;1;;;;;;;;;;0;1;;;
09/12/2011;08:37:00;1459;sem vítima;52;BR-040/RJ;Norte;Choque - Objeto Fixo;1;;;;;;;;;;1;;;;
09/12/2011;18:06:00;1566;sem vítima;55;BR-040/RJ;Norte;Choque - Objeto Fixo;1;;;;;;;;;;1;;;;
09/12/2011;22:11:00;1602;sem vítima;60;BR-040/RJ;Sul;Colisão Lateral;1;;;;;1;;;;;2;;;;
09/12/2011;01:12:00;1416;sem vítima;75;BR-040/RJ;Sul;Choque - Objeto Fixo;1;;;;;;;;;;1;;;;
09/12/2011;15:44:00;1540;sem vítima;77;BR-040/RJ;Sul;Choque - Objeto Fixo;1;;;;;;;;;;1;;;;
09/12/2011;08:41:00;1460;com vítima;78;BR-040/RJ;Sul;Choque - Objeto Fixo;1;;;;;;;;;;0;1;;;
09/12/2011;08:51:00;1462;com vítima;78;BR-040/RJ;Sul;Choque - Objeto Fixo;1;;;;;;;;;;0;1;;;
09/12/2011;08:51:00;1467;com vítima;78;BR-040/RJ;Sul;Choque - Objeto Fixo;1;;;;;;;;;;0;3;1;;
09/12/2011;11:51:00;1495;sem vítima;785;BR-040/MG;Norte;Choque - Objeto Fixo;1;;;;;;;;;;1;;;;
09/12/2011;13:42:00;1515;sem vítima;92;BR-040/RJ;Sul;Choque - Objeto Fixo;1;;;;;;;;;;1;;;;
09/12/2011;12:43:00;1506;sem vítima;94;BR-040/RJ;Norte;Colisão Lateral;1;;1;;;;;;;;2;;;;
09/12/2011;20:20:00;1591;com vítima;120;BR-040/RJ;Norte;Engavetamento;4;;;;;;;;;;3;;1;;
09/12/2011;20:24:00;1592;com vítima;123;BR-040/RJ;Norte;Colisão Traseira;1;;2;;;;;;;;2;;1;;
09/12/2011;20:20:00;1597;sem vítima;123;BR-040/RJ;Norte;Colisão Traseira;2;;;;;;;;;;2;;;;