data;horario;n_da_ocorrencia;tipo_de_ocorrencia;km;trecho;sentido;tipo_de_acidente;automovel;bicicleta;caminhao;moto;onibus;outros;tracao_animal;transporte_de_cargas_especiais;trator_maquinas;utilitarios;ilesos;levemente_feridos;moderadamente_feridos;gravemente_feridos;mortos
09/12/2011;17:46:00;1563;com vítima;124;BR-040/RJ;Norte;Engavetamento;;;2;;;1;;;;;2;1;;;
10/12/2011;16:28:00;1719;com vítima;32;BR-040/RJ;Norte;Capotamento;1;;;;;;;;;;0;2;;;
10/12/2011;06:05:00;1632;sem vítima;57;BR-040/RJ;Sul;Choque - Objeto Fixo;1;;;;;;;;;;1;;;;
10/12/2011;15:39:00;1707;sem vítima;61;BR-040/RJ;Sul;Choque - Objeto Fixo;1;;;;;;;;;;1;;;;
10/12/2011;08:43:00;1652;sem vítima;77;BR-040/RJ;Sul;Choque - Objeto Fixo;1;;;;;;;;;;1;;;;
10/12/2011;18:46:00;1740;sem vítima;77;BR-040/RJ;Sul;Choque - Objeto Fixo;1;;;;;;;;;;1;;;;
10/12/2011;22:01:00;1756;sem vítima;78;BR-040/RJ;Sul;Choque - Objeto Fixo;1;;;;;;;;;;1;;;;
10/12/2011;05:44:00;1630;sem vítima;79;BR-040/RJ;Norte;Choque - Objeto Fixo;1;;;;;;;;;;1;;;;
10/12/2011;01:16:00;1618;com vítima;81;BR-040/RJ;Sul;Colisão Frontal;2;;;;;;;;;;0;4;;;
10/12/2011;09:49:00;1667;sem vítima;786;BR-040/MG;Norte;Choque - Objeto Fixo;1;;;;;;;;;;1;;;;
10/12/2011;14:36:00;1694;sem vítima;794;BR-040/MG;Norte;Choque - Objeto Fixo;1;;;;;;;;;;1;;;;
10/12/2011;16:50:00;1724;sem vítima;823;BR-040/MG;Sul;Choque - Objeto Fixo;1;;;;;;;;;;1;;;;
10/12/2011;07:30:00;1642;com vítima;84;BR-040/RJ;Sul;Capotamento;1;;;;;;;;;;0;1;;;
10/12/2011;19:07:00;1743;sem vítima;84;BR-040/RJ;Norte;Choque - Objeto Fixo;1;;;;;;;;;;1;;;;
10/12/2011;18:41:00;1738;sem vítima;92;BR-040/RJ;Sul;Choque - Objeto Fixo;1;;;;;;;;;;1;;;;
10/12/2011;18:13:00;1733;com vítima;93;BR-040/RJ;Sul;Capotamento;1;;;;;;;;;;0;3;;;
10/12/2011;14:53:00;1698;com vítima;94;BR-040/RJ;Sul;Capotamento;1;;;;;;;;;;0;;1;;
10/12/2011;19:16:00;1744;com vítima;99;BR-040/RJ;Norte;Choque - Objeto Fixo;1;;;;;;;;;;0;1;;;
10/12/2011;21:50:00;1755;com vítima;104;BR-040/RJ;Norte;Atropelamento - Pedestre;1;;;;;;;;;;1;;1;;
10/12/2011;18:56:00;1742;sem vítima;106;BR-040/RJ;Sul;Colisão Lateral;1;;;;;1;;;;;2;;;;
10/12/2011;01:22:00;1619;com vítima;110;BR-040/RJ;Sul;Colisão Traseira;2;;;;;;;;;;1;;1;;
10/12/2011;04:27:00;1626;sem vítima;111;BR-040/RJ;Norte;Choque - Objeto Fixo;1;;;;;;;;;;1;;;;
10/12/2011;12:22:00;1683;sem vítima;111;BR-040/RJ;Norte;Colisão Lateral;1;;1;;;;;;;;2;;;;
10/12/2011;18:15:00;1735;sem vítima;114;BR-040/RJ;Norte;Choque - Objeto Fixo;1;;;;;;;;;;1;;;;
10/12/2011;04:50:00;1628;sem vítima;117;BR-040/RJ;Norte;Colisão Traseira;2;;;;;;;;;;2;;;;
10/12/2011;22:58:00;1765;com vítima;121;BR-040/RJ;Sul;Atropelamento - Pedestre;1;;;;;;;;;;1;;1;;
10/12/2011;07:01:00;1636;sem vítima;123;BR-040/RJ;Sul;Colisão Traseira;1;;;;1;;;;;;2;;;;
11/12/2011;13:56:00;1842;sem vítima;45;BR-040/RJ;Norte;Colisão Lateral;1;;;1;;;;;;;2;;;;
11/12/2011;17:10:00;1882;com vítima;787;BR-040/MG;Norte;Choque - Objeto Fixo;1;;;;;;;;;;0;;2;2;
11/12/2011;07:13:00;1796;sem vítima;85;BR-040/RJ;Sul;Choque - Objeto Fixo;1;;;;;;;;;;1;;;;
11/12/2011;05:24:00;1788;sem vítima;93;BR-040/RJ;Sul;Choque - Objeto Fixo;1;;;;;;;;;;1;;;;
11/12/2011;01:00:00;1780;sem vítima;97;BR-040/RJ;Sul;Choque - Objeto Fixo;1;;;;;;;;;;1;;;;
11/12/2011;04:02:00;1784;sem vítima;108;BR-040/RJ;Norte;Colisão Traseira;2;;;;;;;;;;2;;;;
11/12/2011;17:48:00;1890;sem vítima;109;BR-040/RJ;Sul;Colisão Traseira;2;;;;;;;;;;2;;;;
11/12/2011;18:50:00;1905;com vítima;109;BR-040/RJ;Norte;Colisão Lateral;2;;;;;;;;;;0;2;;;
11/12/2011;21:32:00;1922;com vítima;109;BR-040/RJ;Norte;Queda de Moto;;;;1;;;;;;;0;1;;;
11/12/2011;09:43:00;1816;com vítima;114;BR-040/RJ;Sul;Colisão Lateral;2;;;;;;;;;;1;1;;;
11/12/2011;12:05:00;1827;com vítima;114;BR-040/RJ;Norte;Colisão Traseira;2;;;;;;;;;;1;;1;;
11/12/2011;21:18:00;1920;sem vítima;121;BR-040/RJ;Sul;Engavetamento;3;;;;;;;;;;3;;;;
11/12/2011;23:49:00;1934;sem vítima;121;BR-040/RJ;Sul;Choque - Objeto Fixo;1;;;;;;;;;;1;;;;
12/12/2011;10:37:00;2022;com vítima;54;BR-040/RJ;Sul;Queda de Moto;;;;1;;;;;;;0;;2;;
12/12/2011;02:00:00;1945;sem vítima;789;BR-040/MG;Sul;Choque - Objeto Fixo;;;1;;;;;;;;1;;;;
12/12/2011;14:40:00;2059;com vítima;824;BR-040/MG;Norte;Choque - Objeto Fixo;1;;;;;;;;;;0;4;;;
12/12/2011;15:23:00;2064;com vítima;112;BR-040/RJ;Norte;Queda de Moto;;;;1;;;;;;;0;1;;;
12/12/2011;07:44:00;1982;sem vítima;113;BR-040/RJ;Sul;Colisão Traseira;;;1;;1;1;;;;;3;;;;
12/12/2011;05:42:00;1965;com vítima;115;BR-040/RJ;Sul;Capotamento;1;;;;;;;;;;0;1;;;
12/12/2011;00:40:00;1937;sem vítima;123;BR-040/RJ;Norte;Colisão Traseira;1;;;;1;;;;;;2;;;;
13/12/2011;06:33:00;2173;com vítima;24;BR-040/RJ;Norte;Capotamento;1;;;;;;;;;;1;1;1;;
13/12/2011;00:51:00;2151;sem vítima;36;BR-040/RJ;Norte;Atropelamento de animal;1;;;;;;;;;;1;;;;
13/12/2011;05:37:00;2171;sem vítima;61;BR-040/RJ;Sul;Colisão Lateral;1;;;;;;;;;;1;;;;
13/12/2011;09:26:00;2202;com vítima;805;BR-040/MG;Norte;Colisão Traseira;;;1;;1;;;;;;2;3;;;
13/12/2011;05:10:00;2169;com vítima;810;BR-040/MG;Sul;Colisão Traseira;1;;2;;;;;;;;1;2;;;1
13/12/2011;17:44:00;2283;sem vítima;90;BR-040/RJ;Norte;Colisão Lateral;1;;1;;;;;;;;2;;;;
13/12/2011;17:43:00;2282;com vítima;98;BR-040/RJ;Norte;Colisão Lateral;1;;;1;;;;;;;1;1;;;
13/12/2011;06:58:00;2178;com vítima;104;BR-040/RJ;Norte;Colisão Lateral;1;;;1;;;;;;;1;2;;;
13/12/2011;05:18:00;2170;com vítima;107;BR-040/RJ;Norte;Choque - Objeto Fixo;;;;1;;;;;;;0;;;1;1
13/12/2011;12:01:00;2226;sem vítima;109;BR-040/RJ;Norte;Colisão Lateral;1;;1;;;;;;;;2;;;;
13/12/2011;18:15:00;2287;sem vítima;109;BR-040/RJ;Norte;Colisão Lateral;1;;1;;;;;;;;2;;;;
13/12/2011;18:42:00;2295;sem vítima;111;BR-040/RJ;Norte;Engavetamento;4;;;;;1;;;;;5;;;;
13/12/2011;05:07:00;2168;sem vítima;114;BR-040/RJ;Norte;Choque - Objeto Fixo;;;1;;;;;;;;1;;;;
13/12/2011;21:44:00;2322;com vítima;118;BR-040/RJ;Sul;Colisão Traseira;;;1;;1;;;;;;2;2;;;
13/12/2011;06:52:00;2177;sem vítima;119;BR-040/RJ;Norte;Colisão Traseira;1;;1;;;;;;;;2;;;;
13/12/2011;18:16:00;2288;com vítima;121;BR-040/RJ;Norte;Colisão Lateral;1;;1;;;;;;;;2;1;;;
13/12/2011;20:22:00;2311;sem vítima;124;BR-040/RJ;Norte;Colisão Lateral;1;;1;;;;;;;;2;;;;
14/12/2011;21:14:00;2517;com vítima;14;BR-040/RJ;Norte;Capotamento;1;;;;;;;;;;5;3;;;
14/12/2011;19:28:00;2505;com vítima;58;BR-040/RJ;Sul;Capotamento;1;;;;;;;;;;0;1;;;
14/12/2011;16:16:00;2463;sem vítima;63;BR-040/RJ;Sul;Colisão Traseira;2;;;;;;;;;;2;;;;
14/12/2011;18:45:00;2492;com vítima;82;BR-040/RJ;Sul;Capotamento;1;;;;;;;;;;0;1;;;
14/12/2011;17:14:00;2479;sem vítima;83;BR-040/RJ;Sul;Choque - Objeto Fixo;1;;;;;;;;;;1;;;;
14/12/2011;12:55:00;2424;sem vítima;84;BR-040/RJ;Sul;Choque - Objeto Fixo;1;;;;;;;;;;1;;;;
14/12/2011;18:25:00;2490;com vítima;84;BR-040/RJ;Sul;Capotamento;1;;;;;;;;;;0;2;;;
14/12/2011;23:20:00;2527;sem vítima;89;BR-040/RJ;Norte;Colisão Lateral;;;2;;;;;;;;2;;;;
14/12/2011;18:49:00;2495;com vítima;94;BR-040/RJ;Sul;Choque - Objeto Fixo;;;1;;;;;;;;0;;1;;
14/12/2011;17:48:00;2484;com vítima;109;BR-040/RJ;Norte;Colisão Lateral;1;;;1;;;;;;;1;1;;;
14/12/2011;19:27:00;2504;com vítima;116;BR-040/RJ;Sul;Derrapagem;1;;;;;;;;;;4;3;;;
14/12/2011;16:27:00;2469;sem vítima;118;BR-040/RJ;Norte;Colisão Lateral;1;;1;;;;;;;;2;;;;
14/12/2011;14:15:00;2435;sem vítima;123;BR-040/RJ;Sul;Colisão Lateral;1;;1;;;;;;;;2;;;;
14/12/2011;15:00:00;2445;sem vítima;123;BR-040/RJ;Sul;Colisão Lateral;1;;;;1;;;;;;2;;;;
14/12/2011;08:25:00;2371;sem vítima;124;BR-040/RJ;Norte;Colisão Traseira;1;;1;;;;;;;;2;;;;
15/12/2011;05:38:00;2546;sem vítima;25;BR-040/RJ;Sul;Choque - Objeto Fixo;1;;;;;;;;;;1;;;;
15/12/2011;09:21:00;2571;sem vítima;34;BR-040/RJ;Norte;Choque - Objeto Fixo;1;;;;;;;;;;4;;;;
15/12/2011;11:10:00;2589;sem vítima;64;BR-040/RJ;Sul;Choque - Objeto Fixo;1;;;;;;;;;;1;;;;
15/12/2011;15:41:00;2626;com vítima;67;BR-040/RJ;Sul;Capotamento;1;;;;;;;;;;0;1;;;
15/12/2011;11:33:00;2593;sem vítima;79;BR-040/RJ;Norte;Choque - Objeto Fixo;1;;;;;;;;;;1;;;;
15/12/2011;11:09:00;2588;sem vítima;81;BR-040/RJ;Sul;Choque - Objeto Fixo;1;;;;;;;;;;1;;;;
15/12/2011;08:15:00;2561;sem vítima;83;BR-040/RJ;Norte;Choque - Objeto Fixo;1;;;;;;;;;;1;;;;
15/12/2011;15:42:00;2627;com vítima;781;BR-040/MG;Sul;Capotamento;1;;;;;;;;;;0;1;;;
15/12/2011;17:08:00;2648;com vítima;781;BR-040/MG;Sul;Colisão Traseira;2;;;;;;;;;;1;1;;;
15/12/2011;11:42:00;2597;com vítima;801;BR-040/MG;Sul;Choque - Objeto Fixo;1;;;;;;;;;;0;1;;;
15/12/2011;09:05:00;2570;sem vítima;84;BR-040/RJ;Norte;Choque - Objeto Fixo;1;;;;;;;;;;0;;;;
15/12/2011;13:19:00;2612;com vítima;85;BR-040/RJ;Norte;Choque - Objeto Fixo;1;;;;;;;;;;0;2;;;
15/12/2011;19:27:00;2681;sem vítima;89;BR-040/RJ;Norte;Engavetamento;5;;;;;1;;;;;6;;;;
15/12/2011;14:18:00;2619;sem vítima;92;BR-040/RJ;Sul;Choque - Objeto Fixo;1;;;;;;;;;;1;;;;
15/12/2011;21:44:00;2699;sem vítima;92;BR-040/RJ;Norte;Choque - Objeto Fixo;1;;;;;;;;;;1;;;;
15/12/2011;15:27:00;2625;sem vítima;93;BR-040/RJ;Sul;Choque - Objeto Fixo;1;;;;;;;;;;1;;;;
15/12/2011;18:14:00;2662;com vítima;93;BR-040/RJ;Sul;Choque - Objeto Fixo;1;;;;;;;;;;0;1;;;
15/12/2011;19:00:00;2672;com vítima;111;BR-040/RJ;Norte;Colisão Traseira;2;;;;;;;;;;1;1;;;
15/12/2011;16:59:00;2645;sem vítima;116;BR-040/RJ;Sul;Derrapagem;1;;;;;;;;;;1;;;;
15/12/2011;18:31:00;2665;sem vítima;119;BR-040/RJ;Sul;Queda de Moto;;;;1;;;;;;;1;;;;
15/12/2011;08:04:00;2558;sem vítima;123;BR-040/RJ;Sul;Colisão Lateral;1;;;;1;;;;;;2;;;;
15/12/2011;13:20:00;2613;com vítima;123;BR-040/RJ;Sul;Colisão Frontal;1;;;1;;;;;;;1;1;;;
15/12/2011;16:53:00;2641;sem vítima;124;BR-040/RJ;Sul;Colisão Lateral;1;;1;;;;;;;;2;;;;
16/12/2011;21:31:00;2905;com vítima;15;BR-040/RJ;Norte;Choque - Objeto Fixo;1;;;;;;;;;;0;3;;;
16/12/2011;03:57:00;2726;com vítima;45;BR-040/RJ;Sul;Colisão Traseira;;;2;;;;;;;;1;1;;;
16/12/2011;16:05:00;2843;com vítima;52;BR-040/RJ;Norte;Choque - Objeto Fixo;1;;;;;;;;;;0;3;;;
16/12/2011;06:33:00;2743;com vítima;69;BR-040/RJ;Sul;Tombamento;;;;;1;;;;;;0;44;13;;
16/12/2011;22:07:00;2911;com vítima;74;BR-040/RJ;Norte;Colisão Traseira;1;;1;;;;;;;;4;2;;;
16/12/2011;16:23:00;2849;sem vítima;821;BR-040/MG;Norte;Choque - Objeto Fixo;1;;;;;;;;;;1;;;;
16/12/2011;12:14:00;2799;com vítima;84;BR-040/RJ;Sul;Capotamento;1;;;;;;;;;;0;1;;;
16/12/2011;16:01:00;2841;com vítima;84;BR-040/RJ;Sul;Colisão Traseira;1;;;;;;;;;;0;1;;;
16/12/2011;16:51:00;2853;sem vítima;84;BR-040/RJ;Sul;Colisão Lateral;1;;;;;1;;;;;2;;;;
16/12/2011;15:45:00;2837;com vítima;90;BR-040/RJ;Sul;Choque - Objeto Fixo;1;;;;;;;;;;1;2;;;
16/12/2011;16:10:00;2847;sem vítima;92;BR-040/RJ;Sul;Tombamento;1;;;;;;;;;;2;;;;
16/12/2011;15:34:00;2834;sem vítima;93;BR-040/RJ;Sul;Choque - Objeto Fixo;1;;;;;;;;;;1;;;;
16/12/2011;00:22:00;2714;sem vítima;108;BR-040/RJ;Norte;Derrapagem;1;;;;;;;;;;1;;;;
16/12/2011;06:13:00;2742;sem vítima;108;BR-040/RJ;Norte;Colisão Lateral;1;;1;;;;;;;;2;;;;
16/12/2011;18:38:00;2871;com vítima;108;BR-040/RJ;Norte;Engavetamento;3;;;;;;;;;;2;1;1;;
16/12/2011;10:15:00;2772;sem vítima;109;BR-040/RJ;Norte;Colisão Traseira;2;;;;;;;;;;2;;;;
16/12/2011;10:48:00;2776;sem vítima;109;BR-040/RJ;Norte;Colisão Lateral;1;;1;;;;;;;;2;;;;
16/12/2011;19:31:00;2882;sem vítima;109;BR-040/RJ;Sul;Colisão Traseira;;;1;;1;;;;;;2;;;;
16/12/2011;07:10:00;2749;sem vítima;110;BR-040/RJ;Sul;Choque - Objeto Fixo;1;;;;;;;;;;1;;;;
16/12/2011;12:26:00;2801;sem vítima;111;BR-040/RJ;Norte;Colisão Traseira;1;;1;;;;;;;;2;;;;
16/12/2011;22:59:00;2916;sem vítima;114;BR-040/RJ;Norte;Choque - Objeto Fixo;1;;;;;;;;;;1;;;;
16/12/2011;04:39:00;2732;sem vítima;119;BR-040/RJ;Norte;Choque - Objeto Fixo;1;;;;;;;;;;1;;;;
16/12/2011;12:15:00;2800;com vítima;119;BR-040/RJ;Sul;Colisão Frontal;1;;;1;;;;;;;1;;1;;
16/12/2011;21:25:00;2903;sem vítima;122;BR-040/RJ;Norte;Colisão Lateral;1;;1;;;;;;;;2;;;;
16/12/2011;15:35:00;2836;sem vítima;123;BR-040/RJ;Sul;Colisão Traseira;1;;1;;;;;;;;2;;;;
16/12/2011;22:21:00;2914;sem vítima;123;BR-040/RJ;Norte;Engavetamento;2;;;;1;;;;;;3;;;;
17/12/2011;18:06:00;3102;sem vítima;0;BR-040/RJ;Sul;Choque - Objeto Fixo;1;;;;;;;;;;1;;;;
17/12/2011;16:37:00;3080;sem vítima;21;BR-040/RJ;Norte;Choque - Objeto Fixo;1;;;;;;;;;;1;;;;
17/12/2011;18:10:00;3103;sem vítima;46;BR-040/RJ;Norte;Choque - Objeto Fixo;1;;;;;;;;;;1;;;;
17/12/2011;15:44:00;3068;sem vítima;82;BR-040/RJ;Sul;Choque - Objeto Fixo;1;;;;;;;;;;1;;;;
17/12/2011;17:44:00;3096;sem vítima;786;BR-040/MG;Norte;Choque - Objeto Fixo;1;;;;;;;;;;1;;;;
17/12/2011;17:27:00;3091;sem vítima;800;BR-040/MG;Sul;Tombamento;1;;;;;;;;;;1;;;;
17/12/2011;13:11:00;3039;com vítima;817;BR-040/MG;Norte;Capotamento;1;;;;;;;;;;0;1;;;
17/12/2011;17:13:00;3088;sem vítima;823;BR-040/MG;Sul;Choque - Objeto Fixo;1;;;;;;;;;;1;;;;
17/12/2011;12:20:00;3032;sem vítima;87;BR-040/RJ;Norte;Colisão Lateral;1;;1;;;;;;;;2;;;;
17/12/2011;16:16:00;3076;com vítima;93;BR-040/RJ;Sul;Capotamento;1;;;;;;;;;;0;2;1;;
17/12/2011;21:32:00;3137;sem vítima;101;BR-040/RJ;Norte;Colisão Lateral;1;;;;1;;;;;;2;;;;
17/12/2011;11:55:00;3028;sem vítima;105;BR-040/RJ;Norte;Choque - Objeto Fixo;1;;;;;;;;;;1;;;;
17/12/2011;17:38:00;3095;sem vítima;107;BR-040/RJ;Norte;Colisão Lateral;2;;;;;;;;;;2;;;;
17/12/2011;09:28:00;2994;sem vítima;109;BR-040/RJ;Sul;Colisão Lateral;1;;1;;;;;;;;2;;;;
17/12/2011;23:52:00;3154;com vítima;111;BR-040/RJ;Sul;Capotamento;1;;;;;;;;;;0;1;;;
17/12/2011;23:55:00;3155;sem vítima;111;BR-040/RJ;Sul;Colisão Traseira;2;;;;;;;;;;2;;;;
17/12/2011;13:37:00;3044;sem vítima;112;BR-040/RJ;Sul;Colisão Lateral;1;;1;;;;;;;;2;;;;
17/12/2011;14:01:00;3049;sem vítima;112;BR-040/RJ;Sul;Colisão Lateral;1;;1;;;;;;;;2;;;;
17/12/2011;03:01:00;2943;com vítima;117;BR-040/RJ;Sul;Choque - Objeto Fixo;1;;;;;;;;;;0;;2;;
17/12/2011;04:33:00;2951;sem vítima;119;BR-040/RJ;Sul;Choque - Objeto Fixo;1;;;;;;;;;;1;;;;
17/12/2011;13:53:00;3046;com vítima;119;BR-040/RJ;Norte;Colisão Frontal;1;;;1;;;;;;;0;4;;;
17/12/2011;15:35:00;3067;sem vítima;119;BR-040/RJ;Norte;Colisão Traseira;2;;;;;;;;;;2;;;;
18/12/2011;17:11:00;3273;com vítima;21;BR-040/RJ;Sul;Colisão Traseira;1;1;;;;;;;;;1;;;;1
18/12/2011;11:29:00;3220;com vítima;24;BR-040/RJ;Norte;Choque - Objeto Fixo;1;;;;;;;;;;0;2;1;;
18/12/2011;01:55:00;3164;sem vítima;51;BR-040/RJ;Norte;Choque - Objeto Fixo;1;;;;;;;;;;1;;;;
18/12/2011;16:54:00;3268;com vítima;76;BR-040/RJ;Sul;Choque - Objeto Fixo;1;;;;;;;;;;0;4;1;;
18/12/2011;07:25:00;3187;sem vítima;78;BR-040/RJ;Sul;Choque - Objeto Fixo;1;;;;;;;;;;1;;;;
18/12/2011;07:58:00;3192;sem vítima;78;BR-040/RJ;Sul;Colisão Traseira;1;;1;;;;;;;;2;;;;
18/12/2011;10:46:00;3213;com vítima;82;BR-040/RJ;Sul;Choque - Objeto Fixo;1;;;;;;;;;;0;1;2;;
18/12/2011;19:13:00;3288;sem vítima;776;BR-040/MG;Sul;Choque - Objeto Fixo;1;;;;;;;;;;1;;;;
18/12/2011;11:34:00;3222;sem vítima;84;BR-040/RJ;Norte;Choque - Objeto Fixo;1;;;;;;;;;;1;;;;
18/12/2011;09:51:00;3207;sem vítima;85;BR-040/RJ;Sul;Choque - Objeto Fixo;1;;;;;;;;;;1;;;;
18/12/2011;09:58:00;3208;sem vítima;92;BR-040/RJ;Sul;Choque - Objeto Fixo;1;;;;;;;;;;1;;;;
18/12/2011;09:11:00;3200;sem vítima;93;BR-040/RJ;Norte;Colisão Lateral;1;;1;;;;;;;;2;;;;
18/12/2011;09:33:00;3203;sem vítima;93;BR-040/RJ;Sul;Choque - Objeto Fixo;1;;;;;;;;;;1;;;;
18/12/2011;18:06:00;3279;sem vítima;104;BR-040/RJ;Sul;Colisão Traseira;2;;;;;;;;;;2;;;;
18/12/2011;16:40:00;3266;com vítima;111;BR-040/RJ;Sul;Engavetamento;7;;;;;;;;;;4;7;1;;
18/12/2011;06:32:00;3183;com vítima;113;BR-040/RJ;Norte;Choque - Objeto Fixo;1;;;;;;;;;;0;3;;;
18/12/2011;08:01:00;3193;sem vítima;113;BR-040/RJ;Sul;Choque - Objeto Fixo;1;;;;;;;;;;1;;;;
18/12/2011;04:18:00;3174;sem vítima;119;BR-040/RJ;Sul;Colisão Traseira;2;;;;;;;;;;2;;;;
18/12/2011;23:27:00;3335;sem vítima;119;BR-040/RJ;Norte;Choque - Objeto Fixo;1;;;;;;;;;;1;;;;
19/12/2011;07:15:00;3383;sem vítima;43;BR-040/RJ;Norte;Choque - Objeto Fixo;1;;;;;;;;;;1;;;;
19/12/2011;07:07:00;3381;sem vítima;75;BR-040/RJ;Sul;Choque - Objeto Fixo;;;1;;;;;;;;1;;;;
19/12/2011;11:04:00;3422;sem vítima;84;BR-040/RJ;Sul;Colisão Traseira;2;;;;;;;;;;2;;;;
19/12/2011;20:19:00;3508;com vítima;108;BR-040/RJ;Norte;Atropelamento - Pedestre;;;;;;1;;;;;1;;2;;
19/12/2011;15:19:00;3457;sem vítima;109;BR-040/RJ;Sul;Colisão Lateral;1;;1;;;;;;;;2;;;;
19/12/2011;11:46:00;3432;sem vítima;112;BR-040/RJ;Norte;Colisão Traseira;;;2;;;;;;;;2;;;;
19/12/2011;05:55:00;3374;sem vítima;114;BR-040/RJ;Norte;Colisão Traseira;2;;;;;;;;;;2;;;;
19/12/2011;03:21:00;3361;com vítima;119;BR-040/RJ;Sul;Queda de Moto;;;;1;;;;;;;0;;1;;
19/12/2011;04:35:00;3364;sem vítima;119;BR-040/RJ;Sul;Colisão Lateral;1;;1;;;;;;;;2;;;;
19/12/2011;21:55:00;3520;sem vítima;119;BR-040/RJ;Sul;Choque - Objeto Fixo;1;;;;;;;;;;1;;;;
19/12/2011;00:36:00;3345;sem vítima;120;BR-040/RJ;Sul;Choque - Objeto Fixo;1;;;;;;;;;;1;;;;
19/12/2011;01:25:00;3349;com vítima;120;BR-040/RJ;Sul;Atropelamento - Pedestre;1;;;;;;;;;;1;1;;;
19/12/2011;18:31:00;3494;sem vítima;124;BR-040/RJ;Sul;Colisão Lateral;1;;1;;;;;;;;2;;;;
20/12/2011;13:17:00;3622;sem vítima;90;BR-040/RJ;Norte;Choque - Objeto Fixo;1;;;;;;;;;;1;;;;
20/12/2011;20:49:00;3713;sem vítima;119;BR-040/RJ;Sul;Choque - Objeto Fixo;1;;;;;;;;;;1;;;;
20/12/2011;19:12:00;3703;sem vítima;122;BR-040/RJ;Sul;Colisão Traseira;1;;1;;;;;;;;2;;;;
20/12/2011;20:01:00;3709;com vítima;122;BR-040/RJ;Sul;Colisão Traseira;1;;1;;;;;;;;1;1;;;
20/12/2011;07:16:00;3549;sem vítima;124;BR-040/RJ;Norte;Colisão Traseira;1;;;;;1;;;;;2;;;;
21/12/2011;23:15:00;3929;sem vítima;81;BR-040/RJ;Norte;Choque - Objeto Fixo;1;;;;;;;;;;1;;;;
21/12/2011;23:18:00;3930;sem vítima;83;BR-040/RJ;Norte;Choque - Objeto Fixo;1;;;;;;;;;;1;;;;
21/12/2011;15:52:00;3846;sem vítima;777;BR-040/MG;Sul;Choque - Objeto Fixo;1;;;;;;;;;;1;;;;
21/12/2011;13:28:00;3818;com vítima;790;BR-040/MG;Sul;Queda de Moto;;;;1;;;;;;;0;1;;;
21/12/2011;14:13:00;3825;com vítima;100;BR-040/RJ;Sul;Capotamento;1;;;;;;;;;;0;;;1;
21/12/2011;05:29:00;3752;sem vítima;112;BR-040/RJ;Sul;Colisão Traseira;1;;1;;;;;;;;2;;;;
21/12/2011;09:13:00;3778;com vítima;117;BR-040/RJ;Sul;Colisão Traseira;1;;;1;;;;;;;1;1;;;
21/12/2011;17:19:00;3869;com vítima;122;BR-040/RJ;Sul;Atropelamento - Pedestre;1;;;;;;;;;;1;;1;;
21/12/2011;18:34:00;3887;sem vítima;123;BR-040/RJ;Norte;Colisão Lateral;1;;1;;;;;;;;2;;;;
21/12/2011;19:06:00;3892;sem vítima;123;BR-040/RJ;Sul;Colisão Lateral;1;;1;;;;;;;;2;;;;
21/12/2011;19:39:00;3903;sem vítima;123;BR-040/RJ;Sul;Colisão Lateral;1;;1;;;;;;;;2;;;;
22/12/2011;05:04:00;3954;sem vítima;17;BR-040/RJ;Norte;Choque - Objeto Fixo;;;1;;;;;;;;1;;;;
22/12/2011;12:59:00;4035;sem vítima;69;BR-040/RJ;Norte;Choque - Objeto Fixo;1;;;;;;;;;;1;;;;
22/12/2011;13:06:00;4039;sem vítima;69;BR-040/RJ;Norte;Choque - Objeto Fixo;1;;;;;;;;;;1;;;;
22/12/2011;17:20:00;4098;sem vítima;81;BR-040/RJ;Norte;Colisão Lateral;2;;;;;;;;;;2;;;;
22/12/2011;23:08:00;4168;sem vítima;802;BR-040/MG;Norte;Colisão Traseira;;;2;;;;;;;;2;;;;
22/12/2011;07:34:00;3971;sem vítima;100;BR-040/RJ;Norte;Colisão Lateral;1;;;;;1;;;;;2;;;;
22/12/2011;09:40:00;3996;com vítima;100;BR-040/RJ;Norte;Choque - Objeto Fixo;1;;;;;;;;;;0;1;;;
22/12/2011;20:51:00;4148;com vítima;101;BR-040/RJ;Sul;Atropelamento - Pedestre;;;;;;1;;;;;1;1;;;
22/12/2011;19:18:00;4127;sem vítima;109;BR-040/RJ;Norte;Colisão Lateral;1;;1;;;;;;;;2;;;;
22/12/2011;11:59:00;4025;sem vítima;115;BR-040/RJ;Sul;Colisão Lateral;1;;;;;1;;;;;2;;;;
22/12/2011;07:57:00;3975;sem vítima;117;BR-040/RJ;Norte;Colisão Traseira;1;;1;;;;;;;;2;;;;
22/12/2011;16:25:00;4081;com vítima;119;BR-040/RJ;Norte;Colisão Frontal;1;;1;;;;;;;;1;;1;;
22/12/2011;18:41:00;4118;com vítima;119;BR-040/RJ;Sul;Queda de Moto;;;;1;;1;;;;;1;1;;;
22/12/2011;06:11:00;3962;sem vítima;120;BR-040/RJ;Sul;Choque - Objeto Fixo;;;;;1;;;;;;1;;;;
22/12/2011;14:51:00;4053;com vítima;120;BR-040/RJ;Sul;Colisão Lateral;2;;;;;;;;;;1;1;;;
22/12/2011;16:45:00;4087;sem vítima;124;BR-040/RJ;Norte;Colisão Lateral;1;;1;;;;;;;;2;;;;