data;horario;n_da_ocorrencia;tipo_de_ocorrencia;km;trecho;sentido;tipo_de_acidente;automovel;bicicleta;caminhao;moto;onibus;outros;tracao_animal;transporte_de_cargas_especiais;trator_maquinas;utilitarios;ilesos;levemente_feridos;moderadamente_feridos;gravemente_feridos;mortos
03/01/2012;06:00:00;413;sem vítima;105;BR-040/RJ;Norte;Outros;1;;;;;;;;;;1;;;;
03/01/2012;08:55:00;437;com vítima;115;BR-040/RJ;Norte;Colisão Transversal;2;;1;;;;;;;;1;2;;;
03/01/2012;18:55:00;543;sem vítima;115;BR-040/RJ;Sul;Choque - Objeto Fixo;1;;;;;;;;;;1;;;;
03/01/2012;07:30:00;423;com vítima;124;BR-040/RJ;Norte;Atropelamento - Pedestre;1;;;;;;;;;;1;;1;;
03/01/2012;13:40:00;483;com vítima;124;BR-040/RJ;Sul;Derrapagem;1;;;;;;;;;;0;1;;;
04/01/2012;12:00:00;660;com vítima;23;BR-040/RJ;Sul;Queda de Moto;;;;1;;;;;;;0;1;;;
04/01/2012;17:39:00;739;com vítima;32;BR-040/RJ;Sul;Capotamento;1;;;;;;;;;;0;2;;;
04/01/2012;14:27:00;689;sem vítima;78;BR-040/RJ;Sul;Choque - Objeto Fixo;1;;;;;;;;;;1;;;;
04/01/2012;14:12:00;688;sem vítima;80;BR-040/RJ;Sul;Choque - Objeto Fixo;1;;;;;;;;;;1;;;;
04/01/2012;14:40:00;691;sem vítima;91;BR-040/RJ;Sul;Colisão Traseira;;;1;;;1;;;;;2;;;;
04/01/2012;11:05:00;655;com vítima;105;BR-040/RJ;Norte;Colisão Lateral;;1;;1;;;;;;;1;1;1;;
04/01/2012;20:34:00;777;sem vítima;125;BR-040/RJ;Norte;Colisão Traseira;1;;;;;1;;;;;2;;;;
05/01/2012;23:12:00;944;sem vítima;72;BR-040/RJ;Norte;Derrapagem;;;1;;;;;;;;1;;;;
05/01/2012;10:17:00;845;sem vítima;77;BR-040/RJ;Norte;Choque - Objeto Fixo;1;;;;;;;;;;1;;;;
05/01/2012;05:56:00;811;com vítima;85;BR-040/RJ;Sul;Tombamento;;;1;;;;;;;;1;;1;;
05/01/2012;11:43:00;863;com vítima;91;BR-040/RJ;Norte;Choque - Objeto Fixo;1;;;;;;;;;;0;3;;;
05/01/2012;16:23:00;908;sem vítima;109;BR-040/RJ;Norte;Colisão Lateral;1;;1;;;;;;;;2;;;;
05/01/2012;17:26:00;919;com vítima;119;BR-040/RJ;Norte;Engavetamento;2;;;;;1;;;;;2;1;;;
06/01/2012;17:54:00;1082;com vítima;0;BR-040/RJ;Sul;Choque - Objeto Fixo;1;;;;;;;;;;2;2;;;
06/01/2012;21:30:00;1110;sem vítima;43;BR-040/RJ;Sul;Choque - Objeto Fixo;1;;;;;;;;;;1;;;;
06/01/2012;17:08:00;1077;sem vítima;44;BR-040/RJ;Norte;Choque - Objeto Fixo;;;1;;;;;;;;1;;;;
06/01/2012;15:58:00;1064;com vítima;77;BR-040/RJ;Sul;Capotamento;1;;;;;;;;;;0;3;;;
06/01/2012;16:25:00;1065;sem vítima;782;BR-040/MG;Norte;Colisão Lateral;2;;;;;;;;;;2;;;;
06/01/2012;16:38:00;1069;sem vítima;785;BR-040/MG;Norte;Choque - Objeto Fixo;1;;;;;;;;;;1;;;;
06/01/2012;19:58:00;1098;sem vítima;85;BR-040/RJ;Norte;Colisão Lateral;1;;1;;;;;;;;2;;;;
06/01/2012;21:15:00;1106;sem vítima;85;BR-040/RJ;Sul;Choque - Objeto Fixo;1;;;;;;;;;;1;;;;
06/01/2012;22:33:00;1114;sem vítima;85;BR-040/RJ;Norte;Choque - Objeto Fixo;1;;;;;;;;;;1;;;;
06/01/2012;20:24:00;1101;com vítima;93;BR-040/RJ;Sul;Capotamento;1;;;;;;;;;;0;1;;;
06/01/2012;23:17:00;1118;sem vítima;93;BR-040/RJ;Norte;Choque - Objeto Fixo;1;;;;;;;;;;1;;;;
06/01/2012;16:58:00;1074;sem vítima;109;BR-040/RJ;Norte;Colisão Lateral;1;;1;;;;;;;;2;;;;
07/01/2012;19:05:00;1282;sem vítima;2;BR-040/RJ;Sul;Choque - Objeto Fixo;1;;;;;;;;;;3;;;;
07/01/2012;14:25:00;1227;com vítima;13;BR-040/RJ;Norte;Capotamento;1;;;;;;;;;;0;3;;;
07/01/2012;18:24:00;1275;com vítima;13;BR-040/RJ;Norte;Choque - Objeto Fixo;1;;;;;;;;;;0;2;;;
07/01/2012;17:07:00;1259;com vítima;25;BR-040/RJ;Norte;Capotamento;1;;;;;;;;;;0;1;;;
07/01/2012;18:34:00;1278;com vítima;31;BR-040/RJ;Sul;Derrapagem;1;;;;;;;;;;0;2;;;
07/01/2012;19:56:00;1288;com vítima;34;BR-040/RJ;Norte;Choque - Objeto Fixo;1;;;;;;;;;;0;2;;;
07/01/2012;16:04:00;1246;com vítima;41;BR-040/RJ;Norte;Choque - Objeto Fixo;1;;;;;;;;;;3;2;;;
07/01/2012;17:53:00;1269;sem vítima;65;BR-040/RJ;Norte;Choque - Objeto Fixo;1;;;;;;;;;;1;;;;
07/01/2012;15:13:00;1234;sem vítima;78;BR-040/RJ;Sul;Tombamento;1;;;;;;;;;;3;;;;
07/01/2012;08:51:00;1160;com vítima;823;BR-040/MG;Norte;Choque - Objeto Fixo;1;;;;;;;;;;2;2;1;;
07/01/2012;16:22:00;1254;sem vítima;826;BR-040/MG;Norte;Choque - Objeto Fixo;1;;;;;;;;;;3;;;;
07/01/2012;15:24:00;1240;sem vítima;84;BR-040/RJ;Sul;Queda de Moto;;;;1;;;;;;;1;;;;
07/01/2012;11:07:00;1185;sem vítima;86;BR-040/RJ;Norte;Engavetamento;3;;;;;;;;;;3;;;;
07/01/2012;17:31:00;1265;sem vítima;91;BR-040/RJ;Sul;Choque - Objeto Fixo;1;;;;;;;;;;1;;;;
07/01/2012;18:08:00;1272;sem vítima;91;BR-040/RJ;Norte;Choque - Objeto Fixo;1;;;;;;;;;;1;;;;
07/01/2012;18:01:00;1271;com vítima;92;BR-040/RJ;Sul;Capotamento;1;;;;;;;;;;0;1;;;
07/01/2012;10:29:00;1178;sem vítima;101;BR-040/RJ;Norte;Colisão Lateral;2;;;;;;;;;;2;;;;
07/01/2012;10:30:00;1179;sem vítima;104;BR-040/RJ;Norte;Colisão Traseira;1;;;;1;;;;;;2;;;;
07/01/2012;13:26:00;1211;com vítima;110;BR-040/RJ;Norte;Atropelamento - Pedestre;1;;;;;;;;;;0;1;;1;
07/01/2012;13:45:00;1225;sem vítima;111;BR-040/RJ;Norte;Colisão Traseira;2;;;;;;;;;;2;;;;
07/01/2012;01:50:00;1128;sem vítima;121;BR-040/RJ;Norte;Choque - Objeto Fixo;1;;;;;;;;;;1;;;;
07/01/2012;01:00:00;1124;com vítima;124;BR-040/RJ;Norte;Choque - Objeto Fixo;1;;;;;;;;;;0;1;;;
08/01/2012;16:35:00;1412;sem vítima;11;BR-040/RJ;Norte;Choque - Objeto Fixo;1;;;;;;;;;;1;;;;
08/01/2012;14:17:00;1386;sem vítima;81;BR-040/RJ;Norte;Choque - Objeto Fixo;1;;;;;;;;;;1;;;;
08/01/2012;15:30:00;1403;sem vítima;776;BR-040/MG;Sul;Choque - Objeto Fixo;1;;;;;;;;;;2;;;;
08/01/2012;15:43:00;1404;sem vítima;782;BR-040/MG;Norte;Choque - Objeto Fixo;1;;;;;;;;;;1;;;;
08/01/2012;17:26:00;1420;sem vítima;782;BR-040/MG;Norte;Choque - Objeto Fixo;1;;;;;;;;;;1;;;;
08/01/2012;13:00:00;1376;sem vítima;787;BR-040/MG;Norte;Choque - Objeto Fixo;1;;;;;;;;;;1;;;;
08/01/2012;14:46:00;1392;sem vítima;787;BR-040/MG;Norte;Choque - Objeto Fixo;1;;;;;;;;;;1;;;;
08/01/2012;13:25:00;1378;sem vítima;85;BR-040/RJ;Norte;Choque - Objeto Fixo;1;;;;;;;;;;1;;;;
08/01/2012;20:44:00;1443;sem vítima;85;BR-040/RJ;Sul;Choque - Objeto Fixo;1;;;;;;;;;;1;;;;
08/01/2012;14:54:00;1393;com vítima;91;BR-040/RJ;Sul;Colisão Traseira;2;;;;;;;;;;0;3;1;;
08/01/2012;15:10:00;1405;sem vítima;91;BR-040/RJ;Sul;Choque - Objeto Fixo;1;;;;;;;;;;1;;;;
08/01/2012;15:14:00;1397;sem vítima;92;BR-040/RJ;Norte;Choque - Objeto Fixo;1;;;;;;;;;;1;;;;
08/01/2012;13:52:00;1384;sem vítima;94;BR-040/RJ;Sul;Choque - Objeto Fixo;1;;;;;;;;;;1;;;;
08/01/2012;15:23:00;1400;sem vítima;96;BR-040/RJ;Sul;Choque - Objeto Fixo;1;;;;;;;;;;1;;;;
08/01/2012;18:42:00;1431;sem vítima;105;BR-040/RJ;Sul;Colisão Lateral;2;;;;;;;;;;2;;;;
08/01/2012;14:46:00;1391;sem vítima;114;BR-040/RJ;Sul;Colisão Lateral;1;;1;;;;;;;;2;;;;
08/01/2012;16:43:00;1413;com vítima;117;BR-040/RJ;Sul;Choque - Objeto Fixo;1;;;;;;;;;;0;;1;;
08/01/2012;21:36:00;1452;sem vítima;121;BR-040/RJ;Norte;Colisão Lateral;2;;;;;;;;;;2;;;;
09/01/2012;19:20:00;1670;com vítima;2;BR-040/RJ;Norte;Derrapagem;1;;;;;;;;;;0;3;;;
09/01/2012;00:30:00;1485;com vítima;9;BR-040/RJ;Norte;Queda de Moto;;;;1;;;;;;;0;2;;;
09/01/2012;16:14:00;1624;sem vítima;35;BR-040/RJ;Norte;Colisão Lateral;2;;;;;;;;;;2;;;;
09/01/2012;18:28:00;1657;com vítima;43;BR-040/RJ;Sul;Choque - Objeto Fixo;;;1;;;;;;;;0;1;;;
09/01/2012;11:06:00;1569;sem vítima;60;BR-040/RJ;Norte;Choque - Objeto Fixo;1;;;;;;;;;;1;;;;
09/01/2012;16:38:00;1629;sem vítima;80;BR-040/RJ;Sul;Choque - Objeto Fixo;1;;;;;;;;;;1;;;;
09/01/2012;07:57:00;1530;com vítima;81;BR-040/RJ;Sul;Choque - Objeto Fixo;1;;;;;;;;;;0;1;;1;
09/01/2012;08:20:00;1534;sem vítima;784;BR-040/MG;Sul;Choque - Objeto Fixo;1;;;;;;;;;;1;;;;
09/01/2012;18:02:00;1652;com vítima;793;BR-040/MG;Norte;Capotamento;1;;;;;;;;;;0;4;;;
09/01/2012;14:47:00;1606;com vítima;84;BR-040/RJ;Sul;Colisão Lateral;2;;;;;;;;;;4;1;;;
09/01/2012;07:05:00;1516;sem vítima;85;BR-040/RJ;Norte;Choque - Objeto Fixo;1;;;;;;;;;;1;;;;
09/01/2012;09:47:00;1554;sem vítima;85;BR-040/RJ;Norte;Choque - Objeto Fixo;1;;;;;;;;;;1;;;;
09/01/2012;11:56:00;1574;sem vítima;91;BR-040/RJ;Norte;Derrapagem;1;;;;;;;;;;1;;;;
09/01/2012;11:28:00;1573;com vítima;92;BR-040/RJ;Sul;Capotamento;1;;;;;;;;;;0;;1;;
09/01/2012;07:12:00;1517;sem vítima;113;BR-040/RJ;Sul;Outros;1;;;;;;;;;;1;;;;
09/01/2012;15:00:00;1608;sem vítima;122;BR-040/RJ;Sul;Choque - Objeto Fixo;1;;;;;;;;;;1;;;;
09/01/2012;16:06:00;1622;sem vítima;123;BR-040/RJ;Sul;Colisão Lateral;1;;1;;;;;;;;2;;;;
09/01/2012;13:11:00;1585;sem vítima;124;BR-040/RJ;Sul;Colisão Lateral;;;1;1;;;;;;;2;;;;
10/01/2012;22:17:00;1848;sem vítima;85;BR-040/RJ;Sul;Choque - Objeto Fixo;1;;;;;;;;;;1;;;;
10/01/2012;17:05:00;1807;com vítima;94;BR-040/RJ;Sul;Choque - Objeto Fixo;1;;;;;;;;;;0;1;;;
10/01/2012;18:06:00;1819;com vítima;105;BR-040/RJ;Sul;Colisão Traseira;2;;;;;;;;;;0;3;;;
10/01/2012;02:32:00;1699;com vítima;109;BR-040/RJ;Norte;Capotamento;1;;;;;;;;;;0;1;;;
10/01/2012;15:31:00;1783;sem vítima;114;BR-040/RJ;Sul;Colisão Lateral;;;1;;1;;;;;;2;;;;
10/01/2012;09:08:00;1731;com vítima;119;BR-040/RJ;Sul;Colisão Lateral;;;2;;;;;;;;0;3;;;
10/01/2012;11:35:00;1750;sem vítima;124;BR-040/RJ;Sul;Colisão Lateral;;;1;;;1;;;;;2;;;;
11/01/2012;09:48:00;1895;sem vítima;71;BR-040/RJ;Sul;Choque - Objeto Fixo;1;;;;;;;;;;1;;;;
11/01/2012;13:16:00;1929;com vítima;83;BR-040/RJ;Sul;Capotamento;1;;;;;;;;;;0;1;;;
11/01/2012;17:50:00;1986;com vítima;87;BR-040/RJ;Sul;Choque - Objeto Fixo;1;;;;;;;;;;0;1;;;
11/01/2012;18:20:00;1993;sem vítima;105;BR-040/RJ;Norte;Choque - Objeto Fixo;1;;;;;;;;;;1;;;;
11/01/2012;11:38:00;1911;sem vítima;122;BR-040/RJ;Sul;Colisão Lateral;1;;;;1;;;;;;2;;;;
12/01/2012;07:27:00;2073;com vítima;0;BR-040/RJ;Norte;Tombamento;;;1;;;1;;;;;1;;;1;
12/01/2012;15:05:00;2139;com vítima;55;BR-040/RJ;Norte;Queda de Moto;;;;1;;;;;;;0;2;;;
12/01/2012;09:38:00;2092;com vítima;87;BR-040/RJ;Sul;Tombamento;;;1;;;;;;;;0;3;;;
12/01/2012;18:32:00;2195;sem vítima;91;BR-040/RJ;Norte;Queda de Moto;;;;1;;;;;;;1;;;;
12/01/2012;10:47:00;2101;com vítima;96;BR-040/RJ;Norte;Queda de Moto;;;;1;;;;;;;0;2;;;
12/01/2012;11:48:00;2111;com vítima;105;BR-040/RJ;Norte;Colisão Traseira;1;;;1;;;;;;;1;;1;;
12/01/2012;12:32:00;2122;com vítima;110;BR-040/RJ;Sul;Colisão Lateral;;;1;1;;;;;;;1;;1;;
12/01/2012;21:46:00;2229;com vítima;110;BR-040/RJ;Sul;Colisão Traseira;;;2;;;;;;;;1;;1;;
12/01/2012;05:24:00;2063;com vítima;114;BR-040/RJ;Norte;Queda de Moto;;;;1;;;;;;;0;;1;;
12/01/2012;21:28:00;2225;sem vítima;123;BR-040/RJ;Norte;Colisão Traseira;1;;;;1;;;;;;2;;;;
13/01/2012;17:03:00;2372;com vítima;38;BR-040/RJ;Sul;Choque - Objeto Fixo;1;;;;;;;;;;0;;1;;
13/01/2012;11:50:00;2303;com vítima;48;BR-040/RJ;Norte;Tombamento;;;1;;1;;;;;;1;1;;;
13/01/2012;12:06:00;2310;com vítima;779;BR-040/MG;Norte;Queda de Moto;;;;1;;;;;;;0;2;;;
13/01/2012;13:10:00;2318;com vítima;796;BR-040/MG;Sul;Colisão Traseira;1;;1;;;;;;;;2;1;;;
13/01/2012;18:15:00;2385;sem vítima;801;BR-040/MG;Norte;Colisão Traseira;2;;;;;;;;;;2;;;;
13/01/2012;05:19:00;2254;com vítima;815;BR-040/MG;Sul;Tombamento;;;1;;;;;;;;0;1;;;
13/01/2012;16:00:00;2354;com vítima;90;BR-040/RJ;Sul;Queda de Moto;;;;1;;;;;;;0;1;;;
13/01/2012;22:01:00;2433;sem vítima;93;BR-040/RJ;Norte;Choque - Objeto Fixo;1;;;;;;;;;;1;;;;
13/01/2012;20:51:00;2417;sem vítima;98;BR-040/RJ;Norte;Engavetamento;2;;;;;1;;;;;3;;;;
13/01/2012;18:15:00;2386;sem vítima;109;BR-040/RJ;Norte;Choque - Objeto Fixo;1;;;;;;;;;;1;;;;
13/01/2012;16:52:00;2367;sem vítima;120;BR-040/RJ;Norte;Choque - Objeto Fixo;1;;;;;;;;;;1;;;;
13/01/2012;05:38:00;2256;sem vítima;121;BR-040/RJ;Norte;Choque - Objeto Fixo;;;1;;;;;;;;1;;;;
13/01/2012;12:03:00;2306;com vítima;121;BR-040/RJ;Norte;Colisão Lateral;1;;;1;;;;;;;1;1;;;
13/01/2012;15:37:00;2351;sem vítima;121;BR-040/RJ;Norte;Engavetamento;1;;1;;;1;;;;;3;;;;
13/01/2012;23:26:00;2444;com vítima;121;BR-040/RJ;Norte;Colisão Lateral;2;;;;;;;;;;0;;2;;
13/01/2012;08:46:00;2277;sem vítima;122;BR-040/RJ;Sul;Colisão Traseira;1;;1;;;;;;;;2;;;;
13/01/2012;17:49:00;2381;sem vítima;124;BR-040/RJ;Norte;Colisão Traseira;1;;1;;;;;;;;2;;;;
13/01/2012;09:32:00;2281;sem vítima;125;BR-040/RJ;Norte;Colisão Lateral;1;;1;;;;;;;;2;;;;
13/01/2012;18:24:00;2387;sem vítima;125;BR-040/RJ;Norte;Colisão Lateral;1;;1;;;;;;;;2;;;;
14/01/2012;11:13:00;2507;sem vítima;51;BR-040/RJ;Norte;Choque - Objeto Fixo;1;;;;;;;;;;1;;;;
14/01/2012;20:45:00;2619;com vítima;796;BR-040/MG;Sul;Choque - Objeto Fixo;1;;;;;;;;;;0;1;;;
14/01/2012;09:45:00;2496;sem vítima;92;BR-040/RJ;Norte;Choque - Objeto Fixo;1;;;;;;;;;;1;;;;
14/01/2012;21:22:00;2626;sem vítima;105;BR-040/RJ;Norte;Colisão Traseira;2;;;;;;;;;;2;;;;
14/01/2012;16:50:00;2569;sem vítima;106;BR-040/RJ;Sul;Colisão Traseira;2;;;;;;;;;;2;;;;
14/01/2012;20:27:00;2617;com vítima;107;BR-040/RJ;Sul;Colisão Frontal;1;1;;;;;;;;;0;2;;;
14/01/2012;04:31:00;2470;sem vítima;112;BR-040/RJ;Norte;Colisão Lateral;1;;;;;1;;;;;2;;;;
14/01/2012;00:00:00;2447;sem vítima;120;BR-040/RJ;Sul;Choque - Objeto Fixo;1;;;;;;;;;;1;;;;
15/01/2012;12:22:00;2702;com vítima;21;BR-040/RJ;Norte;Tombamento;;;1;;;;;;;;0;;1;;
15/01/2012;01:29:00;2650;sem vítima;73;BR-040/RJ;Sul;Choque - Objeto Fixo;1;;;;;;;;;;1;;;;
15/01/2012;17:27:00;2750;sem vítima;75;BR-040/RJ;Sul;Tombamento;1;;;;;;;;;;4;;;;
15/01/2012;16:54:00;2744;sem vítima;82;BR-040/RJ;Sul;Choque - Objeto Fixo;1;;;;;;;;;;1;;;;
15/01/2012;17:45:00;2755;sem vítima;83;BR-040/RJ;Sul;Choque - Objeto Fixo;1;;;;;;;;;;1;;;;
15/01/2012;19:18:00;2764;com vítima;776;BR-040/MG;Sul;Choque - Objeto Fixo;1;;;;;;;;;;0;;1;;
15/01/2012;22:47:00;2787;com vítima;817;BR-040/MG;Norte;Queda de Moto;;;;1;;;;;;;0;1;;;
15/01/2012;00:25:00;2645;sem vítima;84;BR-040/RJ;Sul;Choque - Objeto Fixo;1;;;;;;;;;;1;;;;
15/01/2012;17:57:00;2756;sem vítima;84;BR-040/RJ;Sul;Choque - Objeto Fixo;1;;;;;;;;;;2;;;;
15/01/2012;18:32:00;2758;com vítima;92;BR-040/RJ;Sul;Choque - Objeto Fixo;1;;;;;;;;;;1;1;;;
15/01/2012;16:34:00;2743;sem vítima;94;BR-040/RJ;Sul;Choque - Objeto Fixo;1;;;;;;;;;;5;;;;
15/01/2012;17:12:00;2749;sem vítima;94;BR-040/RJ;Norte;Choque - Objeto Fixo;1;;;;;;;;;;1;;;;
15/01/2012;19:17:00;2763;sem vítima;99;BR-040/RJ;Norte;Choque - Objeto Fixo;1;;;;;;;;;;1;;;;
15/01/2012;06:14:00;2670;com vítima;109;BR-040/RJ;Norte;Atropelamento - Pedestre;1;1;;;;;;;;;1;1;;;
15/01/2012;10:05:00;2694;sem vítima;109;BR-040/RJ;Sul;Choque - Objeto Fixo;1;;;;;;;;;;1;;;;
15/01/2012;17:36:00;2753;com vítima;111;BR-040/RJ;Sul;Engavetamento;3;;;;;1;;;;;3;5;;;
15/01/2012;22:38:00;2786;com vítima;120;BR-040/RJ;Norte;Colisão Traseira;2;;;;;;;;;;0;2;;;
15/01/2012;05:19:00;2667;sem vítima;121;BR-040/RJ;Sul;Queda de Moto;;;;1;;;;;;;1;;;;
16/01/2012;18:38:00;2941;com vítima;10;BR-040/RJ;Norte;Choque - Objeto Fixo;1;;;;;;;;;;0;1;;;
16/01/2012;18:04:00;2933;com vítima;65;BR-040/RJ;Sul;Tombamento;;;1;;;;;;;;0;2;1;;
16/01/2012;11:23:00;2874;sem vítima;91;BR-040/RJ;Norte;Choque - Objeto Fixo;1;;;;;;;;;;1;;;;
16/01/2012;15:54:00;2912;sem vítima;92;BR-040/RJ;Sul;Choque - Objeto Fixo;1;;;;;;;;;;1;;;;
16/01/2012;15:01:00;2904;com vítima;93;BR-040/RJ;Sul;Capotamento;1;;;;;;;;;;0;1;;;
16/01/2012;21:36:00;2956;com vítima;99;BR-040/RJ;Sul;Atropelamento - Pedestre;;;;1;;;;;;;0;1;1;;
16/01/2012;11:46:00;2876;com vítima;111;BR-040/RJ;Norte;Colisão Traseira;1;;1;;;;;;;;1;3;;;
16/01/2012;12:25:00;2884;sem vítima;111;BR-040/RJ;Norte;Colisão Lateral;1;;1;;;;;;;;2;;;;
16/01/2012;08:17:00;2841;sem vítima;112;BR-040/RJ;Norte;Colisão Traseira;1;;;;;1;;;;;2;;;;
16/01/2012;06:33:00;2819;sem vítima;118;BR-040/RJ;Sul;Colisão Lateral;2;;;;;;;;;;2;;;;
16/01/2012;07:19:00;2827;sem vítima;123;BR-040/RJ;Sul;Colisão Traseira;;;2;;;;;;;;2;;;;
16/01/2012;11:09:00;2871;sem vítima;125;BR-040/RJ;Norte;Colisão Lateral;1;;1;;;;;;;;2;;;;
17/01/2012;16:56:00;3080;com vítima;82;BR-040/RJ;Sul;Choque - Objeto Fixo;;;1;;;;;;;;0;1;;;
17/01/2012;13:20:00;3044;sem vítima;84;BR-040/RJ;Sul;Choque - Objeto Fixo;1;;;;;;;;;;1;;;;
17/01/2012;19:21:00;3105;sem vítima;84;BR-040/RJ;Sul;Queda de Moto;;;;1;;;;;;;1;;;;
17/01/2012;08:07:00;3001;com vítima;101;BR-040/RJ;Sul;Choque - Objeto Fixo;1;;;;;;;;;;0;1;;;
17/01/2012;17:43:00;3092;sem vítima;110;BR-040/RJ;Sul;Colisão Lateral;1;;1;;;;;;;;2;;;;
17/01/2012;07:55:00;2999;sem vítima;114;BR-040/RJ;Norte;Colisão Traseira;1;;;;1;;;;;;2;;;;
17/01/2012;14:12:00;3049;sem vítima;120;BR-040/RJ;Sul;Colisão Traseira;1;;1;;;;;;;;2;;;;
17/01/2012;16:06:00;3068;sem vítima;121;BR-040/RJ;Sul;Colisão Traseira;;;1;;;1;;;;;2;;;;
17/01/2012;12:13:00;3032;sem vítima;122;BR-040/RJ;Sul;Colisão Traseira;1;;1;;;;;;;;2;;;;
17/01/2012;16:20:00;3071;sem vítima;122;BR-040/RJ;Sul;Colisão Lateral;1;;1;;;;;;;;2;;;;
17/01/2012;11:05:00;3024;sem vítima;123;BR-040/RJ;Sul;Colisão Lateral;1;;1;;;;;;;;2;;;;
17/01/2012;12:50:00;3036;sem vítima;123;BR-040/RJ;Sul;Colisão Traseira;1;;;;1;;;;;;2;;;;
18/01/2012;22:43:00;3298;sem vítima;780;BR-040/MG;Sul;Choque - Objeto Fixo;1;;;;;;;;;;1;;;;
18/01/2012;18:31:00;3270;sem vítima;787;BR-040/MG;Sul;Choque - Objeto Fixo;1;;;;;;;;;;1;;;;
18/01/2012;18:17:00;3265;sem vítima;85;BR-040/RJ;Sul;Choque - Objeto Fixo;1;;;;;;;;;;1;;;;
18/01/2012;14:47:00;3231;com vítima;110;BR-040/RJ;Norte;Choque - Objeto Fixo;1;;;;;;;;;;0;1;1;;
18/01/2012;16:27:00;3250;com vítima;110;BR-040/RJ;Norte;Colisão Traseira;1;;;1;;;;;;;1;1;1;;
18/01/2012;03:28:00;3147;sem vítima;121;BR-040/RJ;Sul;Atropelamento - Animal;1;;;;;;;;;;1;;;;
18/01/2012;11:28:00;3209;sem vítima;124;BR-040/RJ;Norte;Colisão Lateral;1;;1;;;;;;;;2;;;;
19/01/2012;04:08:00;3326;sem vítima;61;BR-040/RJ;Sul;Colisão Traseira;;;2;;;;;;;;2;;;;
19/01/2012;00:50:00;3311;sem vítima;99;BR-040/RJ;Sul;Atropelamento - Animal;1;;;;;;;;;;1;;;;
19/01/2012;20:53:00;3526;sem vítima;105;BR-040/RJ;Norte;Colisão Lateral;2;;;;;;;;;;2;;;;
19/01/2012;15:30:00;3466;sem vítima;109;BR-040/RJ;Norte;Colisão Lateral;1;;1;;;;;;;;2;;;;
19/01/2012;22:05:00;3540;com vítima;110;BR-040/RJ;Norte;Colisão Lateral;2;;;;;;;;;;3;2;;;
19/01/2012;13:19:00;3430;sem vítima;111;BR-040/RJ;Sul;Colisão Lateral;1;;;;1;;;;;;2;;;;
19/01/2012;16:51:00;3483;sem vítima;121;BR-040/RJ;Norte;Colisão Lateral;1;;1;;;;;;;;2;;;;
19/01/2012;07:55:00;3360;com vítima;123;BR-040/RJ;Sul;Queda de Moto;;;;1;;;;;;;0;1;;;
19/01/2012;09:02:00;3373;sem vítima;123;BR-040/RJ;Sul;Colisão Traseira;1;;1;;;;;;;;2;;;;
19/01/2012;15:05:00;3455;sem vítima;123;BR-040/RJ;Sul;Colisão Lateral;;;2;;;;;;;;2;;;;
19/01/2012;17:44:00;3490;sem vítima;123;BR-040/RJ;Sul;Colisão Lateral;1;;1;;;;;;;;2;;;;
20/01/2012;11:42:00;3658;sem vítima;3;BR-040/RJ;Norte;Choque - Objeto Fixo;1;;;;;;;;;;1;;;;
20/01/2012;17:08:00;3724;com vítima;41;BR-040/RJ;Norte;Colisão Traseira;2;;;;;;;;;;1;;1;;
20/01/2012;10:38:00;3643;sem vítima;49;BR-040/RJ;Norte;Choque - Objeto Fixo;1;;;;;;;;;;1;;;;
20/01/2012;15:44:00;3703;sem vítima;70;BR-040/RJ;Sul;Choque - Objeto Fixo;1;;;;;;;;;;1;;;;
20/01/2012;18:04:00;3734;com vítima;82;BR-040/RJ;Norte;Colisão Traseira;1;;;1;;;;;;;1;1;;;
20/01/2012;16:37:00;3714;sem vítima;83;BR-040/RJ;Norte;Choque - Objeto Fixo;1;;;;;;;;;;1;;;;
20/01/2012;17:17:00;3725;sem vítima;798;BR-040/MG;Sul;Choque - Objeto Fixo;1;;;;;;;;;;2;;;;
20/01/2012;15:13:00;3698;sem vítima;85;BR-040/RJ;Norte;Colisão Traseira;2;;;;;;;;;;2;;;;
20/01/2012;15:21:00;3699;com vítima;91;BR-040/RJ;Sul;Capotamento;1;;;;;;;;;;0;4;1;;
20/01/2012;09:58:00;3632;com vítima;97;BR-040/RJ;Norte;Engavetamento;3;;;;;;;;;;3;;1;;
20/01/2012;14:25:00;3686;sem vítima;104;BR-040/RJ;Norte;Choque - Objeto Fixo;;;1;;;;;;;;1;;;;
20/01/2012;20:33:00;3748;sem vítima;104;BR-040/RJ;Norte;Colisão Traseira;1;;;;;1;;;;;2;;;;
20/01/2012;08:20:00;3617;com vítima;105;BR-040/RJ;Norte;Colisão Traseira;2;;;;;;;;;;3;1;;;
20/01/2012;18:56:00;3742;sem vítima;105;BR-040/RJ;Norte;Colisão Traseira;1;;;1;;;;;;;2;;;;
20/01/2012;16:25:00;3709;sem vítima;109;BR-040/RJ;Sul;Colisão Traseira;2;;;;;;;;;;2;;;;
20/01/2012;23:32:00;3763;com vítima;112;BR-040/RJ;Norte;Capotamento;1;;;;;;;;;;0;;4;;
20/01/2012;23:35:00;3764;com vítima;112;BR-040/RJ;Norte;Colisão Traseira;2;;;;;;;;;;1;;1;;