data;horario;n_da_ocorrencia;tipo_de_ocorrencia;km;trecho;sentido;tipo_de_acidente;automovel;bicicleta;caminhao;moto;onibus;outros;tracao_animal;transporte_de_cargas_especiais;trator_maquinas;utilitarios;ilesos;levemente_feridos;moderadamente_feridos;gravemente_feridos;mortos
06/02/2012;08:04:00;1137;sem vítima;93;BR-040/RJ;Sul;Colisão Lateral;1;;1;;;;;;;;2;;;;
06/02/2012;01:05:00;1101;com vítima;102;BR-040/RJ;Sul;Atropelamento - Animal;1;;;;;;;;;;0;1;1;;
06/02/2012;18:45:00;1263;sem vítima;111;BR-040/RJ;Sul;Colisão Traseira;2;;;;;;;;;;2;;;;
06/02/2012;23:59:00;1089;com vítima;112;BR-040/RJ;Norte;Colisão Frontal;;;;2;;;;;;;0;;1;1;1
06/02/2012;18:44:00;1262;sem vítima;113;BR-040/RJ;Norte;Choque - Objeto Fixo;1;;;;;;;;;;1;;;;
06/02/2012;23:55:00;1316;sem vítima;789;BR-040/MG;Sul;Choque - Objeto Fixo;1;;;;;;;;;;1;;;;
06/02/2012;08:32:00;1140;sem vítima;120;BR-040/RJ;Sul;Colisão Lateral;1;;1;;;;;;;;2;;;;
06/02/2012;07:06:00;1130;sem vítima;121;BR-040/RJ;Sul;Colisão Lateral;1;;;1;;;;;;;2;;;;
06/02/2012;08:37:00;1142;sem vítima;121;BR-040/RJ;Sul;Colisão Lateral;1;;;1;;;;;;;2;;;;
06/02/2012;08:34:00;1141;sem vítima;122;BR-040/RJ;Sul;Colisão Lateral;1;;1;;;;;;;;2;;;;
06/02/2012;09:20:00;1149;sem vítima;122;BR-040/RJ;Sul;Colisão Traseira;1;;1;;;;;;;;2;;;;
06/02/2012;16:25:00;1227;sem vítima;123;BR-040/RJ;Norte;Colisão Traseira;2;;;;;;;;;;2;;;;
06/02/2012;18:07:00;1254;sem vítima;123;BR-040/RJ;Norte;Colisão Traseira;1;;;;1;;;;;;2;;;;
06/02/2012;18:58:00;1265;com vítima;123;BR-040/RJ;Norte;Colisão Frontal;2;;;;;;;;;;0;2;1;;
06/02/2012;10:30:00;1164;sem vítima;124;BR-040/RJ;Sul;Colisão Traseira;;;2;;;;;;;;2;;;;
07/02/2012;22:20:00;1540;sem vítima;17;BR-040/RJ;Norte;Choque - Objeto Fixo;;;1;;;;;;;;1;;;;
07/02/2012;03:13:00;1326;sem vítima;72;BR-040/RJ;Norte;Choque - Objeto Fixo;1;;;;;;;;;;1;;;;
07/02/2012;20:01:00;1527;com vítima;104;BR-040/RJ;Norte;Colisão Lateral;1;;;;;1;;;;;1;2;;;
07/02/2012;01:21:00;1320;sem vítima;119;BR-040/RJ;Norte;Colisão Traseira;2;;;;;;;;;;2;;;;
07/02/2012;20:36:00;1530;sem vítima;123;BR-040/RJ;Norte;Colisão Lateral;1;;1;;;;;;;;2;;;;
08/02/2012;11:05:00;1630;sem vítima;91;BR-040/RJ;Norte;Colisão Lateral;1;;1;;;;;;;;2;;;;
08/02/2012;20:15:00;1731;sem vítima;102;BR-040/RJ;Norte;Colisão Lateral;1;;1;;;;;;;;2;;;;
08/02/2012;12:39:00;1648;sem vítima;103;BR-040/RJ;Norte;Colisão Lateral;1;;1;;;;;;;;2;;;;
08/02/2012;19:31:00;1722;sem vítima;104;BR-040/RJ;Norte;Choque - Objeto Fixo;1;;;;;;;;;;1;;;;
08/02/2012;17:42:00;1700;sem vítima;117;BR-040/RJ;Norte;Colisão Traseira;;;2;;;;;;;;2;;;;
08/02/2012;23:34:00;1757;sem vítima;119;BR-040/RJ;Norte;Choque - Objeto Fixo;1;;;;;;;;;;1;;;;
08/02/2012;09:10:00;1611;sem vítima;123;BR-040/RJ;Sul;Colisão Lateral;1;;1;;;;;;;;2;;;;
08/02/2012;09:41:00;1621;sem vítima;123;BR-040/RJ;Sul;Colisão Lateral;1;;1;;;;;;;;2;;;;
09/02/2012;12:37:00;1872;sem vítima;21;BR-040/RJ;Norte;Choque - Objeto Fixo;1;;;;;;;;;;1;;;;
09/02/2012;19:13:00;1945;sem vítima;66;BR-040/RJ;Sul;Choque - Objeto Fixo;1;;;;;;;;;;1;;;;
09/02/2012;09:54:00;1843;sem vítima;105;BR-040/RJ;Sul;Colisão Lateral;;;;;1;1;;;;;2;;;;
09/02/2012;18:00:00;1932;com vítima;112;BR-040/RJ;Norte;Colisão Lateral;2;;;2;;;;;;;3;2;;;
09/02/2012;09:47:00;1841;sem vítima;121;BR-040/RJ;Norte;Colisão Lateral;1;;;;;;;;;;1;;;;
09/02/2012;06:26:00;1798;sem vítima;123;BR-040/RJ;Sul;Colisão Traseira;1;;1;;;;;;;;2;;;;
09/02/2012;14:47:00;1897;sem vítima;123;BR-040/RJ;Norte;Colisão Transversal;1;;1;;;;;;;;2;;;;
10/02/2012;20:04:00;2143;com vítima;2;BR-040/RJ;Sul;Choque - Objeto Fixo;1;;;;;;;;;;0;3;;;
10/02/2012;01:54:00;1981;com vítima;15;BR-040/RJ;Norte;Atropelamento - Animal;;;;;1;;;;;;0;1;;;
10/02/2012;14:54:00;2076;sem vítima;16;BR-040/RJ;Norte;Colisão Traseira;2;;;;;;;;;;2;;;;
10/02/2012;18:31:00;2127;sem vítima;78;BR-040/RJ;Sul;Choque - Objeto Fixo;1;;;;;;;;;;1;;;;
10/02/2012;19:24:00;2138;sem vítima;85;BR-040/RJ;Sul;Choque - Objeto Fixo;;;1;;;;;;;;1;;;;
10/02/2012;18:48:00;2130;sem vítima;93;BR-040/RJ;Sul;Choque - Objeto Fixo;1;;;;;;;;;;1;;;;
10/02/2012;06:26:00;1990;com vítima;95;BR-040/RJ;Norte;Queda de Moto;;;;1;;;;;;;0;1;1;;
10/02/2012;12:14:00;2052;sem vítima;98;BR-040/RJ;Sul;Atropelamento - Animal;1;;;;;;;;;;1;;;;
10/02/2012;03:32:00;1983;sem vítima;104;BR-040/RJ;Sul;Colisão Traseira;1;;1;;;;;;;;2;;;;
10/02/2012;19:00:00;2132;sem vítima;106;BR-040/RJ;Norte;Colisão Traseira;2;;;;;1;;;;;3;;;;
10/02/2012;18:56:00;2133;sem vítima;114;BR-040/RJ;Norte;Colisão Lateral;1;;1;;;;;;;;2;;;;
10/02/2012;22:33:00;2162;sem vítima;118;BR-040/RJ;Norte;Colisão Traseira;2;;;;;;;;;;2;;;;
10/02/2012;18:21:00;2125;sem vítima;816;BR-040/MG;Norte;Colisão Traseira;1;;1;;;;;;;;2;;;;
10/02/2012;21:45:00;2154;sem vítima;120;BR-040/RJ;Sul;Choque - Objeto Fixo;1;;;;;;;;;;1;;;;
10/02/2012;15:23:00;2085;com vítima;124;BR-040/RJ;Norte;Atropelamento - Pedestre;1;;;;;;;;;;1;;1;;
10/02/2012;22:34:00;2160;sem vítima;124;BR-040/RJ;Norte;Colisão Traseira;1;;1;;;;;;;;2;;;;
10/02/2012;23:10:00;2168;sem vítima;124;BR-040/RJ;Norte;Colisão Traseira;1;;1;;;;;;;;2;;;;
11/02/2012;03:40:00;2187;com vítima;25;BR-040/RJ;Norte;Capotamento;1;;;;;;;;;;0;;2;;
11/02/2012;20:34:00;2331;sem vítima;73;BR-040/RJ;Norte;Choque - Objeto Fixo;1;;;;;;;;;;1;;;;
11/02/2012;20:09:00;2329;sem vítima;82;BR-040/RJ;Norte;Choque - Objeto Fixo;1;;;;;;;;;;1;;;;
11/02/2012;16:05:00;2287;com vítima;112;BR-040/RJ;Norte;Queda de Moto;;;;1;;;;;;;0;1;;;
11/02/2012;21:50:00;2344;sem vítima;113;BR-040/RJ;Norte;Choque - Objeto Fixo;1;;;;;;;;;;1;;;;
11/02/2012;13:55:00;2270;com vítima;115;BR-040/RJ;Norte;Choque - Objeto Fixo;1;;;;;;;;;;0;;2;;
11/02/2012;15:37:00;2281;sem vítima;782;BR-040/MG;Sul;Choque - Objeto Fixo;1;;;;;;;;;;1;;;;
11/02/2012;15:13:00;2278;sem vítima;783;BR-040/MG;Norte;Choque - Objeto Fixo;1;;;;;;;;;;1;;;;
11/02/2012;04:24:00;2191;sem vítima;794;BR-040/MG;Norte;Derrapagem;;;1;;;;;;;;1;;;;
11/02/2012;16:21:00;2289;sem vítima;799;BR-040/MG;Sul;Choque - Objeto Fixo;1;;;;;;;;;;1;;;;
12/02/2012;00:52:00;2364;sem vítima;22;BR-040/RJ;Norte;Choque - Objeto Fixo;1;;;;;;;;;;1;;;;
12/02/2012;21:55:00;2517;com vítima;45;BR-040/RJ;Sul;Colisão Traseira;;;1;1;;;;;;;1;;;;1
12/02/2012;01:51:00;2368;sem vítima;74;BR-040/RJ;Norte;Choque - Objeto Fixo;1;;;;;;;;;;1;;;;
12/02/2012;12:18:00;2425;sem vítima;84;BR-040/RJ;Norte;Choque - Objeto Fixo;1;;;;;;;;;;1;;;;
12/02/2012;01:36:00;2367;sem vítima;87;BR-040/RJ;Norte;Choque - Objeto Fixo;1;;;;;;;;;;1;;;;
12/02/2012;16:59:00;2462;sem vítima;89;BR-040/RJ;Norte;Choque - Objeto Fixo;1;;;;;;;;;;1;;;;
12/02/2012;10:04:00;2411;sem vítima;90;BR-040/RJ;Norte;Choque - Objeto Fixo;1;;;;;;;;;;1;;;;
12/02/2012;07:43:00;2400;com vítima;94;BR-040/RJ;Sul;Capotamento;1;;;;;;;;;;0;3;;;
12/02/2012;04:50:00;2383;sem vítima;95;BR-040/RJ;Norte;Choque - Objeto Fixo;1;;;;;;;;;;1;;;;
12/02/2012;04:37:00;2382;sem vítima;109;BR-040/RJ;Norte;Choque - Objeto Fixo;1;;;;;;;;;;1;;;;
12/02/2012;06:53:00;2394;sem vítima;112;BR-040/RJ;Sul;Colisão Lateral;2;;;;;;;;;;2;;;;
12/02/2012;22:56:00;2525;sem vítima;113;BR-040/RJ;Sul;Choque - Objeto Fixo;1;;;;;;;;;;1;;;;
12/02/2012;20:10:00;2499;sem vítima;784;BR-040/MG;Norte;Choque - Objeto Fixo;1;;;;;;;;;;1;;;;
12/02/2012;03:40:00;2377;sem vítima;119;BR-040/RJ;Norte;Choque - Objeto Fixo;1;;;;;;;;;;1;;;;
12/02/2012;02:35:00;2369;sem vítima;122;BR-040/RJ;Sul;Choque - Objeto Fixo;;;1;;;;;;;;1;;;;
12/02/2012;08:08:00;2402;sem vítima;123;BR-040/RJ;Sul;Colisão Lateral;1;;;;1;;;;;;2;;;;
12/02/2012;10:03:00;2410;com vítima;124;BR-040/RJ;Sul;Queda de Moto;;;;1;;;;;;;0;1;;;
13/02/2012;14:34:00;2610;com vítima;75;BR-040/RJ;Norte;Colisão Traseira;1;;1;;;;;;;;1;1;;;
13/02/2012;18:42:00;2655;sem vítima;92;BR-040/RJ;Sul;Choque - Objeto Fixo;1;;;;;;;;;;1;;;;
13/02/2012;16:27:00;2630;sem vítima;109;BR-040/RJ;Norte;Colisão Traseira;;;2;;;;;;;;2;;;;
13/02/2012;17:41:00;2645;sem vítima;109;BR-040/RJ;Norte;Colisão Lateral;1;;1;;;;;;;;2;;;;
13/02/2012;05:06:00;2550;sem vítima;110;BR-040/RJ;Norte;Choque - Objeto Fixo;1;;;;;;;;;;1;;;;
13/02/2012;20:49:00;2668;com vítima;112;BR-040/RJ;Sul;Colisão Lateral;1;;;1;;;;;;;1;1;;;
13/02/2012;14:25:00;2608;com vítima;780;BR-040/MG;Norte;Tombamento;;;1;;;;;;;;0;1;;;
13/02/2012;21:32:00;2672;sem vítima;119;BR-040/RJ;Norte;Colisão Traseira;1;;1;;;;;;;;2;;;;
13/02/2012;09:33:00;2576;sem vítima;123;BR-040/RJ;Sul;Colisão Lateral;1;;1;;;;;;;;2;;;;
14/02/2012;06:06:00;2710;com vítima;1;BR-040/RJ;Norte;Choque - Objeto Fixo;;;1;;;;;;;;0;1;;;
14/02/2012;15:01:00;2789;sem vítima;87;BR-040/RJ;Norte;Choque - Objeto Fixo;1;;;;;;;;;;1;;;;
14/02/2012;14:25:00;2780;sem vítima;114;BR-040/RJ;Norte;Choque - Objeto Fixo;1;;;;;;;;;;1;;;;
14/02/2012;07:14:00;2715;sem vítima;117;BR-040/RJ;Sul;Colisão Traseira;2;;;;;;;;;;2;;;;
14/02/2012;11:13:00;2752;com vítima;816;BR-040/MG;Sul;Colisão Traseira;2;;;;;;;;;;0;3;;;
14/02/2012;07:31:00;2716;sem vítima;119;BR-040/RJ;Sul;Colisão Lateral;1;;1;;;;;;;;2;;;;
14/02/2012;09:23:00;2733;sem vítima;123;BR-040/RJ;Sul;Colisão Lateral;1;;1;;;;;;;;2;;;;
15/02/2012;19:00:00;2983;sem vítima;77;BR-040/RJ;Sul;Choque - Objeto Fixo;1;;;;;;;;;;1;;;;
15/02/2012;19:54:00;2995;com vítima;79;BR-040/RJ;Norte;Colisão Traseira;1;;;;;1;;;;;1;2;;;
15/02/2012;17:50:00;2975;com vítima;112;BR-040/RJ;Norte;Engavetamento;3;;;;;;;;;;2;1;;;
15/02/2012;13:35:00;2930;com vítima;794;BR-040/MG;Norte;Tombamento;;;1;;;;;;;;0;1;;;
16/02/2012;05:20:00;3056;com vítima;38;BR-040/RJ;Sul;Tombamento;;;1;;;;;;;;0;;1;;
16/02/2012;10:37:00;3110;sem vítima;39;BR-040/RJ;Norte;Colisão Traseira;1;;1;;;;;;;;2;;;;
16/02/2012;17:13:00;3189;sem vítima;82;BR-040/RJ;Sul;Colisão Traseira;2;;;;;;;;;;2;;;;
16/02/2012;09:27:00;3096;com vítima;96;BR-040/RJ;Norte;Tombamento;;;1;;;;;;;;0;2;;;
16/02/2012;19:48:00;3213;com vítima;99;BR-040/RJ;Norte;Queda de Moto;;;;1;;;;;;;0;2;;;
16/02/2012;11:34:00;3122;sem vítima;117;BR-040/RJ;Sul;Colisão Lateral;;;2;;;;;;;;2;;;;
16/02/2012;09:53:00;3100;sem vítima;791;BR-040/MG;Norte;Derrapagem;;;1;;;;;;;;1;;;;
16/02/2012;13:53:00;3153;sem vítima;119;BR-040/RJ;Norte;Colisão Lateral;;;;1;;1;;;;;2;;;;
17/02/2012;13:41:00;3344;sem vítima;5;BR-040/RJ;Sul;Choque - Objeto Fixo;1;;;;;;;;;;1;;;;
17/02/2012;05:10:00;3257;com vítima;42;BR-040/RJ;Sul;Colisão Traseira;;;1;;1;;;;;;49;;1;;
17/02/2012;19:04:00;3432;sem vítima;75;BR-040/RJ;Norte;Colisão Traseira;2;;;;;;;;;;2;;;;
17/02/2012;10:34:00;3300;sem vítima;109;BR-040/RJ;Norte;Colisão Traseira;1;;1;;;;;;;;2;;;;
17/02/2012;12:43:00;3330;sem vítima;109;BR-040/RJ;Norte;Colisão Lateral;1;;1;;;;;;;;2;;;;
17/02/2012;15:34:00;3368;sem vítima;117;BR-040/RJ;Norte;Colisão Lateral;1;;;1;;;;;;;2;;;;
17/02/2012;15:34:00;3379;sem vítima;117;BR-040/RJ;Norte;Colisão Traseira;2;;;;;;;;;;2;;;;
17/02/2012;11:22:00;3309;com vítima;787;BR-040/MG;Norte;Capotamento;1;;;;;;;;;;0;3;;;
17/02/2012;11:09:00;3305;com vítima;816;BR-040/MG;Sul;Colisão Lateral;2;;;;;;;;;;2;2;;;
17/02/2012;23:25:00;3475;sem vítima;827;BR-040/MG;Sul;Choque - Objeto Fixo;1;;;;;;;;;;1;;;;
17/02/2012;00:10:00;3238;com vítima;120;BR-040/RJ;Sul;Atropelamento - Pedestre;;;;;1;;;;;;1;1;;;
17/02/2012;22:45:00;3468;sem vítima;120;BR-040/RJ;Norte;Choque - Objeto Fixo;1;;;;;;;;;;1;;;;
17/02/2012;09:47:00;3296;sem vítima;121;BR-040/RJ;Sul;Colisão Lateral;;;;1;;1;;;;;2;;;;
18/02/2012;05:25:00;3524;sem vítima;40;BR-040/RJ;Sul;Choque - Objeto Fixo;1;;;;;;;;;;1;;;;
18/02/2012;05:16:00;3523;com vítima;56;BR-040/RJ;Sul;Atropelamento - Pedestre;;;;;;1;;;;;1;;1;;
18/02/2012;17:39:00;3693;sem vítima;69;BR-040/RJ;Sul;Outros;;1;;;;;;;;;1;;;;
18/02/2012;15:50:00;3670;com vítima;94;BR-040/RJ;Norte;Capotamento;1;;;;;;;;;;0;1;;;
18/02/2012;15:50:00;3671;sem vítima;94;BR-040/RJ;Sul;Choque - Objeto Fixo;1;;;;;;;;;;1;;;;
18/02/2012;03:08:00;3506;com vítima;105;BR-040/RJ;Norte;Atropelamento - Pedestre;1;;;;;;;;;;1;;;;1
18/02/2012;01:35:00;3497;com vítima;108;BR-040/RJ;Norte;Atropelamento - Pedestre;;1;;;1;;;;;;1;;2;;
18/02/2012;17:16:00;3687;com vítima;784;BR-040/MG;Norte;Queda de Moto;;;;1;;;;;;;0;2;;;
18/02/2012;11:16:00;3605;com vítima;788;BR-040/MG;Norte;Choque - Objeto Fixo;;;1;;;;;;;;0;1;;;
18/02/2012;22:28:00;3735;com vítima;120;BR-040/RJ;Norte;Atropelamento - Pedestre;2;;;;;;;;;;2;;1;;
19/02/2012;16:10:00;3859;com vítima;50;BR-040/RJ;Norte;Colisão Lateral;1;;1;;;;;;;;1;2;;;
19/02/2012;05:47:00;3766;sem vítima;101;BR-040/RJ;Sul;Capotamento;1;;;;;;;;;;1;;;;
19/02/2012;09:04:00;3793;com vítima;109;BR-040/RJ;Sul;Queda de Moto;;;;1;;;;;;;0;1;;;
19/02/2012;19:36:00;3892;sem vítima;109;BR-040/RJ;Sul;Capotamento;1;;;;;;;;;;1;;;;
19/02/2012;06:45:00;3769;com vítima;111;BR-040/RJ;Sul;Capotamento;1;;;;;;;;;;0;1;;;
19/02/2012;21:04:00;3908;com vítima;111;BR-040/RJ;Sul;Choque - Objeto Fixo;1;;;;;;;;;;0;2;;;
19/02/2012;05:30:00;3764;com vítima;113;BR-040/RJ;Norte;Atropelamento - Pedestre;1;1;;;;;;;;;1;;;;1
19/02/2012;07:38:00;3773;sem vítima;813;BR-040/MG;Norte;Choque - Objeto Fixo;1;;;;;;;;;;3;;;;
19/02/2012;02:11:00;3751;sem vítima;123;BR-040/RJ;Sul;Choque - Objeto Fixo;1;;;;;;;;;;1;;;;
20/02/2012;08:45:00;3958;com vítima;88;BR-040/RJ;Sul;Choque - Objeto Fixo;;;;;1;;;;;;0;6;8;1;1
21/02/2012;11:56:00;4124;com vítima;1;BR-040/RJ;Norte;Queda de Moto;;;;1;;;;;;;0;1;;;
21/02/2012;04:02:00;4081;sem vítima;55;BR-040/RJ;Norte;Choque - Objeto Fixo;1;;;;;;;;;;1;;;;
21/02/2012;16:15:00;4151;sem vítima;107;BR-040/RJ;Sul;Colisão Lateral;1;;;1;;;;;;;2;;;;
21/02/2012;11:22:00;4120;com vítima;109;BR-040/RJ;Norte;Colisão Traseira;2;;;;;;;;;;1;2;;;
22/02/2012;10:57:00;4272;sem vítima;0;BR-040/RJ;Sul;Tombamento;;;1;;;1;;;;;2;;;;
22/02/2012;20:09:00;4382;com vítima;41;BR-040/RJ;Norte;Choque - Objeto Fixo;1;;;;;;;;;;4;1;;;
22/02/2012;06:32:00;4234;com vítima;54;BR-040/RJ;Sul;Atropelamento - Pedestre;;;;;;1;;;;;1;;;;1
22/02/2012;18:09:00;4359;sem vítima;77;BR-040/RJ;Sul;Choque - Objeto Fixo;1;;;;;;;;;;1;;;;
22/02/2012;08:49:00;4251;sem vítima;82;BR-040/RJ;Norte;Colisão Traseira;2;;;;;;;;;;2;;;;
22/02/2012;02:19:00;4219;sem vítima;99;BR-040/RJ;Sul;Derrapagem;1;;;;;;;;;;1;;;;
22/02/2012;00:23:00;4210;sem vítima;105;BR-040/RJ;Sul;Colisão Frontal;1;;;1;;;;;;;2;;;;
22/02/2012;08:29:00;4247;com vítima;109;BR-040/RJ;Norte;Colisão Traseira;1;;;1;;;;;;;2;;1;;
22/02/2012;14:53:00;4314;com vítima;779;BR-040/MG;Sul;Choque - Objeto Fixo;;;1;;;;;;;;0;1;;;
22/02/2012;17:55:00;4357;com vítima;783;BR-040/MG;Norte;Colisão Lateral;1;;1;;;;;;;;0;6;;;
22/02/2012;19:00:00;4369;sem vítima;785;BR-040/MG;Norte;Choque - Objeto Fixo;1;;;;;;;;;;1;;;;
22/02/2012;21:35:00;4394;sem vítima;800;BR-040/MG;Sul;Choque - Objeto Fixo;1;;;;;;;;;;1;;;;
22/02/2012;12:12:00;4291;com vítima;123;BR-040/RJ;Norte;Colisão Traseira;1;;1;;;;;;;;1;3;1;;
23/02/2012;03:39:00;4423;sem vítima;34;BR-040/RJ;Norte;Atropelamento - Animal;1;;;;;;;;;;1;;;;
23/02/2012;04:13:00;4427;com vítima;35;BR-040/RJ;Norte;Atropelamento - Animal;2;;;;;;;;;;1;;;1;
23/02/2012;21:46:00;4588;sem vítima;80;BR-040/RJ;Norte;Colisão Lateral;1;;1;;;;;;;;2;;;;
23/02/2012;02:43:00;4419;sem vítima;116;BR-040/RJ;Sul;Colisão Lateral;1;;1;;;;;;;;2;;;;
23/02/2012;01:02:00;4413;sem vítima;789;BR-040/MG;Sul;Atropelamento - Animal;;;1;;;;;;;;1;;;;
23/02/2012;16:05:00;4538;com vítima;123;BR-040/RJ;Norte;Tombamento;1;;1;;;;;;;;1;1;;;
24/02/2012;12:48:00;4699;sem vítima;109;BR-040/RJ;Norte;Colisão Traseira;1;;1;;;;;;;;2;;;;
24/02/2012;16:25:00;4731;sem vítima;116;BR-040/RJ;Norte;Colisão Traseira;1;;;;;1;;;;;2;;;;
24/02/2012;17:47:00;4743;com vítima;825;BR-040/MG;Norte;Colisão Traseira;1;;1;;;;;;;;1;2;;;
25/02/2012;22:33:00;4956;sem vítima;67;BR-040/RJ;Sul;Choque - Objeto Fixo;1;;;;;;;;;;1;;;;
25/02/2012;09:20:00;4838;sem vítima;82;BR-040/RJ;Norte;Choque - Objeto Fixo;1;;;;;;;;;;1;;;;
25/02/2012;13:22:00;4882;com vítima;87;BR-040/RJ;Norte;Tombamento;;;1;;;;;;;;0;;1;;
25/02/2012;15:08:00;4896;sem vítima;121;BR-040/RJ;Sul;Choque - Objeto Fixo;1;;;;;;;;;;1;;;;
25/02/2012;14:58:00;4892;sem vítima;122;BR-040/RJ;Sul;Colisão Traseira;2;;;;;;;;;;2;;;;
26/02/2012;14:54:00;5082;com vítima;5;BR-040/RJ;Norte;Colisão Lateral;1;;;1;;;;;;;1;;1;;
26/02/2012;11:18:00;5038;com vítima;47;BR-040/RJ;Norte;Colisão Traseira;1;;;1;;;;;;;1;1;;;
26/02/2012;10:09:00;5027;com vítima;105;BR-040/RJ;Norte;Colisão Traseira;1;;;1;;;;;;;1;1;;;
26/02/2012;18:17:00;5122;com vítima;109;BR-040/RJ;Sul;Capotamento;1;;;;;;;;;;0;3;1;;
26/02/2012;21:37:00;5158;com vítima;121;BR-040/RJ;Sul;Capotamento;1;;;;;;;;;;0;2;;;
27/02/2012;16:06:00;5317;com vítima;105;BR-040/RJ;Norte;Colisão Lateral;1;;;1;;;;;;;1;2;;;
27/02/2012;16:55:00;5322;sem vítima;110;BR-040/RJ;Norte;Choque - Objeto Fixo;2;;;;;;;;;;2;;;;
27/02/2012;09:42:00;5234;sem vítima;823;BR-040/MG;Norte;Colisão Traseira;1;;1;;;;;;;;2;;;;
27/02/2012;06:57:00;5198;com vítima;123;BR-040/RJ;Sul;Colisão Traseira;;;1;1;;;;;;;1;;1;;
27/02/2012;07:32:00;5205;com vítima;123;BR-040/RJ;Sul;Colisão Lateral;1;;;1;;;;;;;1;1;;;
27/02/2012;09:50:00;5237;sem vítima;124;BR-040/RJ;Sul;Colisão Lateral;1;;1;;;;;;;;2;;;;
28/02/2012;14:40:00;5460;com vítima;21;BR-040/RJ;Norte;Capotamento;1;;;;;;;;;;0;1;1;;
28/02/2012;08:47:00;5411;sem vítima;30;BR-040/RJ;Sul;Choque - Objeto Fixo;1;;;;;;;;;;1;;;;
28/02/2012;17:59:00;5485;com vítima;94;BR-040/RJ;Sul;Tombamento;;;1;;;;;;;;1;;1;;
28/02/2012;16:52:00;5476;com vítima;102;BR-040/RJ;Norte;Capotamento;1;;;;;;;;;;0;1;;;
28/02/2012;22:34:00;5515;com vítima;102;BR-040/RJ;Norte;Colisão Frontal;1;;;1;;;;;;;1;;1;;
28/02/2012;12:45:00;5437;sem vítima;109;BR-040/RJ;Norte;Colisão Lateral;2;;;;;;;;;;2;;;;
28/02/2012;23:51:00;5526;com vítima;113;BR-040/RJ;Norte;Atropelamento - Pedestre;1;;;;;;;;;;1;;1;;
28/02/2012;06:39:00;5394;com vítima;118;BR-040/RJ;Norte;Capotamento;1;;;;;;;;;;0;1;;;
28/02/2012;17:38:00;5483;sem vítima;119;BR-040/RJ;Norte;Colisão Traseira;1;;1;;;;;;;;2;;;;
28/02/2012;13:30:00;5448;sem vítima;121;BR-040/RJ;Sul;Colisão Lateral;1;;1;;;;;;;;2;;;;
28/02/2012;14:44:00;5462;sem vítima;122;BR-040/RJ;Sul;Colisão Traseira;2;;;;;;;;;;2;;;;
28/02/2012;08:32:00;5409;sem vítima;123;BR-040/RJ;Sul;Colisão Lateral;1;;1;;;;;;;;2;;;;
29/02/2012;17:58:00;5669;sem vítima;39;BR-040/RJ;Sul;Tombamento;;;1;;;;;;;;1;;;;
29/02/2012;14:57:00;5632;sem vítima;87;BR-040/RJ;Sul;Choque - Objeto Fixo;1;;;;;;;;;;1;;;;
29/02/2012;05:47:00;5547;com vítima;780;BR-040/MG;Norte;Tombamento;;;1;;;;;;;;0;1;;;
29/02/2012;08:15:00;5567;sem vítima;119;BR-040/RJ;Sul;Colisão Traseira;;;2;;;;;;;;2;;;;
01/03/2012;07:26:00;34;com vítima;91;BR-040/RJ;Sul;Colisão Traseira;;;2;;;;;;;;1;;1;;
01/03/2012;09:02:00;54;sem vítima;105;BR-040/RJ;Norte;Colisão Traseira;2;;;;;;;;;;2;;;;
01/03/2012;16:40:00;128;sem vítima;111;BR-040/RJ;Sul;Colisão Traseira;;;1;;1;;;;;;2;;;;
01/03/2012;21:36:00;175;sem vítima;112;BR-040/RJ;Norte;Choque - Objeto Fixo;1;;;;;;;;;;1;;;;
02/03/2012;16:22:00;309;sem vítima;58;BR-040/RJ;Norte;Colisão Traseira;2;;;;;;;;;;2;;;;
02/03/2012;11:04:00;251;sem vítima;87;BR-040/RJ;Norte;Choque - Objeto Fixo;1;;;;;;;;;;1;;;;
02/03/2012;12:12:00;262;sem vítima;105;BR-040/RJ;Norte;Colisão Traseira;2;;;;;;;;;;2;;;;
02/03/2012;08:36:00;230;sem vítima;109;BR-040/RJ;Norte;Colisão Lateral;2;;;;;;;;;;2;;;;
02/03/2012;20:00:00;361;sem vítima;112;BR-040/RJ;Sul;Colisão Traseira;1;;1;;;;;;;;2;;;;
02/03/2012;18:30:00;345;sem vítima;113;BR-040/RJ;Sul;Colisão Traseira;;;2;;;;;;;;2;;;;
02/03/2012;20:09:00;362;sem vítima;114;BR-040/RJ;Norte;Colisão Traseira;2;;;;;;;;;;2;;;;
02/03/2012;21:40:00;377;sem vítima;813;BR-040/MG;Norte;Atropelamento - Animal;1;;;;;;;;;;1;;;;
02/03/2012;22:29:00;383;com vítima;120;BR-040/RJ;Norte;Engavetamento;2;;1;;2;;;;;;2;7;1;;
02/03/2012;16:20:00;315;sem vítima;123;BR-040/RJ;Norte;Colisão Traseira;1;;;;;1;;;;;2;;;;
03/03/2012;07:35:00;433;com vítima;39;BR-040/RJ;Sul;Choque - Objeto Fixo;1;;;;;;;;;;0;;1;;
03/03/2012;13:15:00;468;sem vítima;84;BR-040/RJ;Sul;Choque - Objeto Fixo;1;;;;;;;;;;1;;;;