data;horario;n_da_ocorrencia;tipo_de_ocorrencia;km;trecho;sentido;tipo_de_acidente;automovel;bicicleta;caminhao;moto;onibus;outros;tracao_animal;transporte_de_cargas_especiais;trator_maquinas;utilitarios;ilesos;levemente_feridos;moderadamente_feridos;gravemente_feridos;mortos
19/03/2012;07:55:00;3395;sem vítima;116;BR-040/RJ;Sul;Engavetamento;3;;;;;;;;;;3;;;;
19/03/2012;05:04:00;3369;com vítima;117;BR-040/RJ;Norte;Choque - Objeto Fixo;1;;;;;;;;;;0;;;1;
19/03/2012;18:29:00;3517;sem vítima;786;BR-040/MG;Norte;Choque - Objeto Fixo;1;;;;;;;;;;1;;;;
19/03/2012;22:18:00;3543;sem vítima;791;BR-040/MG;Norte;Choque - Objeto Fixo;1;;;;;;;;;;1;;;;
19/03/2012;01:29:00;3356;com vítima;121;BR-040/RJ;Norte;Capotamento;1;;;;;;;;;;0;;1;;
19/03/2012;08:39:00;3409;sem vítima;121;BR-040/RJ;Sul;Colisão Traseira;;;2;;;;;;;;2;;;;
19/03/2012;03:47:00;3362;com vítima;123;BR-040/RJ;Sul;Atropelamento - Pedestre;1;;;;;;;;;;1;;;;1
20/03/2012;06:52:00;3577;sem vítima;96;BR-040/RJ;Norte;Tombamento;;;1;;;;;;;;1;;;;
20/03/2012;12:13:00;3635;sem vítima;101;BR-040/RJ;Sul;Choque - Objeto Fixo;1;;;;;;;;;;1;;;;
20/03/2012;23:37:00;3709;com vítima;105;BR-040/RJ;Sul;Atropelamento - Pedestre;1;;;;;;;;;;1;1;;;
20/03/2012;18:46:00;3688;com vítima;122;BR-040/RJ;Norte;Capotamento;1;;1;;;;;;;;1;1;;;
20/03/2012;20:51:00;3697;com vítima;122;BR-040/RJ;Norte;Colisão Traseira;;;1;;1;;;;;;1;3;;;
21/03/2012;13:29:00;3808;sem vítima;82;BR-040/RJ;Norte;Colisão Traseira;1;;1;;;;;;;;2;;;;
21/03/2012;15:54:00;3830;sem vítima;93;BR-040/RJ;Norte;Colisão Traseira;1;;;;;1;;;;;2;;;;
21/03/2012;12:56:00;3804;sem vítima;96;BR-040/RJ;Sul;Choque - Objeto Fixo;1;;;;;;;;;;1;;;;
21/03/2012;13:06:00;3807;com vítima;98;BR-040/RJ;Norte;Engavetamento;2;;;;;1;;;;;2;1;;;
21/03/2012;11:05:00;3788;sem vítima;109;BR-040/RJ;Norte;Colisão Lateral;1;;;;;1;;;;;2;;;;
21/03/2012;13:34:00;3810;com vítima;117;BR-040/RJ;Sul;Colisão Lateral;;;1;;1;;;;;;1;8;;;
21/03/2012;12:09:00;3797;com vítima;123;BR-040/RJ;Sul;Colisão Traseira;;;;1;;1;;;;;1;1;;;
21/03/2012;15:05:00;3820;sem vítima;123;BR-040/RJ;Sul;Colisão Traseira;2;;;;;;;;;;2;;;;
21/03/2012;21:16:00;3878;sem vítima;125;BR-040/RJ;Sul;Colisão Traseira;;;;1;1;;;;;;2;;;;
22/03/2012;20:14:00;4078;sem vítima;43;BR-040/RJ;Sul;Choque - Objeto Fixo;1;;;;;;;;;;1;;;;
22/03/2012;20:19:00;4079;sem vítima;67;BR-040/RJ;Sul;Choque - Objeto Fixo;1;;;;;;;;;;1;;;;
22/03/2012;22:39:00;4093;sem vítima;74;BR-040/RJ;Norte;Derrapagem;1;;;;;;;;;;1;;;;
22/03/2012;20:41:00;4082;sem vítima;110;BR-040/RJ;Sul;Choque - Objeto Fixo;1;;;;;;;;;;1;;;;
22/03/2012;08:59:00;3945;sem vítima;113;BR-040/RJ;Sul;Queda de Moto;;;;1;;;;;;;1;;;;
22/03/2012;10:36:00;3967;sem vítima;123;BR-040/RJ;Sul;Colisão Lateral;1;;1;;;;;;;;2;;;;
22/03/2012;16:15:00;4033;sem vítima;123;BR-040/RJ;Sul;Colisão Lateral;2;;;;;;;;;;2;;;;
22/03/2012;13:42:00;4004;sem vítima;124;BR-040/RJ;Sul;Colisão Lateral;1;;1;;;;;;;;2;;;;
23/03/2012;08:15:00;4165;sem vítima;11;BR-040/RJ;Norte;Choque - Objeto Fixo;1;;;;;;;;;;1;;;;
23/03/2012;03:45:00;4129;sem vítima;80;BR-040/RJ;Norte;Choque - Objeto Fixo;1;;;;;;;;;;1;;;;
23/03/2012;07:10:00;4152;sem vítima;80;BR-040/RJ;Sul;Choque - Objeto Fixo;1;;;;;;;;;;1;;;;
23/03/2012;03:34:00;4125;sem vítima;82;BR-040/RJ;Norte;Capotamento;1;;;;;;;;;;1;;;;
23/03/2012;14:26:00;4226;com vítima;93;BR-040/RJ;Norte;Choque - Objeto Fixo;1;;;;;;;;;;0;;1;;
23/03/2012;17:26:00;4261;com vítima;94;BR-040/RJ;Sul;Choque - Objeto Fixo;1;;;;;;;;;;0;1;1;;
23/03/2012;02:11:00;4120;sem vítima;96;BR-040/RJ;Norte;Derrapagem;1;;;;;;;;;;1;;;;
23/03/2012;18:50:00;4281;sem vítima;777;BR-040/MG;Norte;Colisão Lateral;2;;;;;;;;;;2;;;;
23/03/2012;05:42:00;4141;sem vítima;122;BR-040/RJ;Sul;Colisão Traseira;2;;;;;;;;;;2;;;;
23/03/2012;18:30:00;4279;sem vítima;123;BR-040/RJ;Norte;Engavetamento;4;;;;;;;;;;4;;;;
24/03/2012;19:23:00;4457;com vítima;37;BR-040/RJ;Norte;Choque - Objeto Fixo;1;;;;;;;;;;0;;1;;
24/03/2012;23:56:00;4492;sem vítima;73;BR-040/RJ;Sul;Choque - Objeto Fixo;1;;;;;;;;;;1;;;;
24/03/2012;07:11:00;4347;sem vítima;78;BR-040/RJ;Sul;Choque - Objeto Fixo;1;;;;;;;;;;1;;;;
24/03/2012;20:26:00;4466;sem vítima;82;BR-040/RJ;Norte;Derrapagem;1;;;;;;;;;;1;;;;
24/03/2012;11:44:00;4380;sem vítima;83;BR-040/RJ;Sul;Colisão Traseira;2;;;;;;;;;;2;;;;
24/03/2012;11:10:00;4378;sem vítima;84;BR-040/RJ;Norte;Colisão Lateral;1;;1;;;;;;;;2;;;;
24/03/2012;21:28:00;4474;sem vítima;85;BR-040/RJ;Norte;Derrapagem;1;;;;;;;;;;1;;;;
24/03/2012;20:43:00;4469;com vítima;91;BR-040/RJ;Norte;Choque - Objeto Fixo;1;;;;;;;;;;0;2;;;
24/03/2012;15:11:00;4414;com vítima;93;BR-040/RJ;Norte;Queda de Moto;;;;1;;;;;;;0;1;;;
24/03/2012;08:41:00;4355;com vítima;110;BR-040/RJ;Norte;Engavetamento;3;;;;;;;;;;0;4;1;;
24/03/2012;04:39:00;4331;sem vítima;113;BR-040/RJ;Norte;Choque - Objeto Fixo;1;;;;;;;;;;1;;;;
24/03/2012;15:16:00;4415;sem vítima;785;BR-040/MG;Norte;Colisão Traseira;2;;;;;;;;;;2;;;;
24/03/2012;18:34:00;4447;sem vítima;119;BR-040/RJ;Norte;Colisão Lateral;1;;1;;;;;;;;2;;;;
24/03/2012;13:26:00;4395;com vítima;120;BR-040/RJ;Sul;Colisão Lateral;2;;1;;;;;;;;0;6;;;
24/03/2012;05:12:00;4333;com vítima;123;BR-040/RJ;Sul;Colisão Frontal;2;;;;;;;;;;1;1;;;
24/03/2012;05:55:00;4334;sem vítima;124;BR-040/RJ;Norte;Colisão Traseira;2;;;;;;;;;;2;;;;
24/03/2012;09:23:00;4361;com vítima;124;BR-040/RJ;Norte;Colisão Lateral;1;;1;;;;;;;;1;4;;;
24/03/2012;21:08:00;4472;sem vítima;124;BR-040/RJ;Norte;Colisão Traseira;1;;1;;;;;;;;2;;;;
25/03/2012;00:28:00;4495;sem vítima;18;BR-040/RJ;Norte;Queda de Moto;;;;1;;;;;;;1;;;;
25/03/2012;07:09:00;4521;com vítima;73;BR-040/RJ;Sul;Queda de Moto;;;;1;;;;;;;0;2;;;
25/03/2012;12:43:00;4559;sem vítima;84;BR-040/RJ;Sul;Choque - Objeto Fixo;1;;;;;;;;;;1;;;;
25/03/2012;23:37:00;4650;sem vítima;104;BR-040/RJ;Sul;Colisão Traseira;2;;;;;;;;;;2;;;;
25/03/2012;07:02:00;4519;sem vítima;803;BR-040/MG;Norte;Colisão Traseira;2;;;;;;;;;;2;;;;
25/03/2012;07:44:00;4527;com vítima;119;BR-040/RJ;Norte;Engavetamento;3;;;;;;;;;;1;3;;;
25/03/2012;05:20:00;4510;sem vítima;120;BR-040/RJ;Sul;Colisão Lateral;2;;;;;;;;;;2;;;;
26/03/2012;11:19:00;4724;com vítima;34;BR-040/RJ;Norte;Capotamento;1;;;;;;;;;;0;;1;;
26/03/2012;22:42:00;4840;com vítima;63;BR-040/RJ;Sul;Capotamento;1;;;;;;;;;;0;;;1;
26/03/2012;21:27:00;4832;sem vítima;85;BR-040/RJ;Norte;Choque - Objeto Fixo;1;;;;;;;;;;1;;;;
26/03/2012;22:01:00;4835;sem vítima;94;BR-040/RJ;Norte;Colisão Lateral;;;2;;;;;;;;2;;;;
26/03/2012;12:20:00;4733;sem vítima;110;BR-040/RJ;Sul;Colisão Traseira;2;;;;;;;;;;2;;;;
26/03/2012;19:03:00;4813;com vítima;110;BR-040/RJ;Norte;Engavetamento;3;;;;;;;;;;2;1;;;
26/03/2012;21:35:00;4833;sem vítima;775;BR-040/MG;Sul;Atropelamento - Animal;1;;;;;;;;;;1;;;;
26/03/2012;14:11:00;4748;sem vítima;117;BR-040/RJ;Norte;Colisão Traseira;1;;1;;;;;;;;2;;;;
26/03/2012;07:33:00;4683;sem vítima;121;BR-040/RJ;Sul;Colisão Traseira;1;;1;;;;;;;;2;;;;
26/03/2012;09:27:00;4703;sem vítima;124;BR-040/RJ;Sul;Colisão Lateral;1;;1;;;;;;;;2;;;;
26/03/2012;11:47:00;4730;sem vítima;124;BR-040/RJ;Sul;Colisão Traseira;1;;1;;;;;;;;2;;;;
27/03/2012;01:13:00;4853;sem vítima;87;BR-040/RJ;Sul;Tombamento;;;1;;;;;;;;1;;;;
27/03/2012;20:43:00;5017;com vítima;87;BR-040/RJ;Sul;Tombamento;;;1;;;;;;;;0;;;1;
27/03/2012;12:48:00;4933;com vítima;100;BR-040/RJ;Norte;Queda de Moto;;;;1;;;;;;;0;1;;;
27/03/2012;11:43:00;4917;sem vítima;110;BR-040/RJ;Sul;Colisão Lateral;1;;1;;;;;;;;2;;;;
27/03/2012;21:24:00;5021;com vítima;113;BR-040/RJ;Norte;Colisão Lateral;1;;1;;;;;;;;1;1;;;
27/03/2012;07:11:00;4873;com vítima;122;BR-040/RJ;Sul;Engavetamento;2;;1;;;;;;;;2;1;;;
27/03/2012;06:46:00;4867;sem vítima;123;BR-040/RJ;Sul;Colisão Lateral;1;;1;;;;;;;;2;;;;
27/03/2012;07:22:00;4874;sem vítima;123;BR-040/RJ;Sul;Colisão Lateral;1;;1;;;;;;;;2;;;;
27/03/2012;22:38:00;5029;com vítima;123;BR-040/RJ;Norte;Colisão Traseira;1;;;;1;;;;;;1;1;;;
28/03/2012;15:28:00;5168;com vítima;12;BR-040/RJ;Norte;Choque - Objeto Fixo;;;1;;;;;;;;0;1;;;
28/03/2012;17:11:00;5185;com vítima;34;BR-040/RJ;Sul;Choque - Objeto Fixo;1;;;;;;;;;;0;1;;;
28/03/2012;19:43:00;5203;com vítima;44;BR-040/RJ;Sul;Colisão Traseira;;;1;1;;;;;;;1;;1;;
28/03/2012;15:45:00;5173;com vítima;60;BR-040/RJ;Norte;Choque - Objeto Fixo;1;;;;;;;;;;0;2;;;
28/03/2012;16:36:00;5181;sem vítima;62;BR-040/RJ;Norte;Engavetamento;3;;;;;;;;;;3;;;;
28/03/2012;11:13:00;5126;sem vítima;68;BR-040/RJ;Sul;Choque - Objeto Fixo;1;;;;;;;;;;1;;;;
28/03/2012;11:40:00;5129;com vítima;82;BR-040/RJ;Norte;Queda de Moto;;;;1;;;;;;;0;1;;;
28/03/2012;15:42:00;5172;sem vítima;82;BR-040/RJ;Sul;Choque - Objeto Fixo;;;1;;;;;;;;1;;;;
28/03/2012;16:47:00;5182;sem vítima;82;BR-040/RJ;Sul;Colisão Traseira;2;;;;;;;;;;2;;;;
28/03/2012;04:58:00;5061;sem vítima;85;BR-040/RJ;Sul;Colisão Traseira;1;;1;;;;;;;;2;;;;
28/03/2012;09:40:00;5104;sem vítima;85;BR-040/RJ;Norte;Colisão Lateral;;;1;;1;;;;;;2;;;;
28/03/2012;16:29:00;5179;com vítima;91;BR-040/RJ;Sul;Choque - Objeto Fixo;1;;;;;;;;;;0;2;;;
28/03/2012;13:23:00;5149;com vítima;95;BR-040/RJ;Norte;Atropelamento - Pedestre;;;;;;1;;;;;1;;1;;
28/03/2012;17:23:00;5189;com vítima;96;BR-040/RJ;Sul;Choque - Objeto Fixo;1;;;;;;;;;;1;2;;;
28/03/2012;14:42:00;5161;sem vítima;109;BR-040/RJ;Norte;Colisão Lateral;1;;1;;;;;;;;2;;;;
28/03/2012;21:22:00;5214;sem vítima;109;BR-040/RJ;Norte;Colisão Lateral;1;;;;1;;;;;;2;;;;
28/03/2012;13:20:00;5146;com vítima;116;BR-040/RJ;Norte;Colisão Lateral;2;;;;;;;;;;1;1;;;
28/03/2012;15:35:00;5170;sem vítima;117;BR-040/RJ;Norte;Colisão Lateral;2;;;;;;;;;;2;;;;
28/03/2012;14:08:00;5154;sem vítima;786;BR-040/MG;Sul;Choque - Objeto Fixo;;;1;;;;;;;;1;;;;
28/03/2012;12:53:00;5138;sem vítima;800;BR-040/MG;Sul;Choque - Objeto Fixo;1;;;;;;;;;;1;;;;
28/03/2012;19:01:00;5200;com vítima;121;BR-040/RJ;Norte;Colisão Lateral;1;;;1;;;;;;;1;1;;;
28/03/2012;05:02:00;5062;sem vítima;123;BR-040/RJ;Sul;Colisão Lateral;1;;;;;1;;;;;2;;;;
28/03/2012;19:47:00;5205;sem vítima;124;BR-040/RJ;Norte;Engavetamento;2;;;;1;;;;;;3;;;;
28/03/2012;21:04:00;5212;sem vítima;124;BR-040/RJ;Norte;Colisão Traseira;1;;1;;;;;;;;2;;;;
29/03/2012;16:13:00;5331;sem vítima;45;BR-040/RJ;Sul;Colisão Lateral;1;;1;;;;;;;;2;;;;
29/03/2012;19:20:00;5362;sem vítima;90;BR-040/RJ;Sul;Choque - Objeto Fixo;;;1;;;;;;;;1;;;;
29/03/2012;12:05:00;5288;sem vítima;91;BR-040/RJ;Norte;Choque - Objeto Fixo;1;;;;;;;;;;1;;;;
29/03/2012;09:53:00;5279;sem vítima;93;BR-040/RJ;Sul;Derrapagem;1;;;;;;;;;;1;;;;
29/03/2012;12:51:00;5299;sem vítima;94;BR-040/RJ;Sul;Capotamento;1;;;;;;;;;;3;;;;
29/03/2012;13:22:00;5305;sem vítima;95;BR-040/RJ;Sul;Capotamento;1;;;;;;;;;;2;;;;
29/03/2012;20:23:00;5374;sem vítima;95;BR-040/RJ;Sul;Choque - Objeto Fixo;;;1;;;;;;;;1;;;;
29/03/2012;09:35:00;5277;com vítima;100;BR-040/RJ;Norte;Colisão Lateral;1;;;;1;;;;;;0;3;;;
29/03/2012;16:41:00;5339;sem vítima;110;BR-040/RJ;Norte;Colisão Lateral;;;1;;1;;;;;;2;;;;
29/03/2012;12:19:00;5293;com vítima;797;BR-040/MG;Norte;Colisão Traseira;2;;;;;;;;;;0;2;;;
29/03/2012;12:07:00;5289;sem vítima;118;BR-040/RJ;Norte;Choque - Objeto Fixo;1;;;;;;;;;;1;;;;
29/03/2012;08:07:00;5265;sem vítima;800;BR-040/MG;Sul;Colisão Lateral;2;;;;;;;;;;2;;;;
29/03/2012;19:03:00;5257;sem vítima;816;BR-040/MG;Sul;Colisão Traseira;2;;;;;;;;;;2;;;;
29/03/2012;20:00:00;5369;sem vítima;121;BR-040/RJ;Norte;Colisão Traseira;2;;;;;;;;;;2;;;;
29/03/2012;08:40:00;5270;sem vítima;123;BR-040/RJ;Sul;Colisão Traseira;1;;;;1;;;;;;2;;;;
29/03/2012;12:03:00;5286;sem vítima;123;BR-040/RJ;Sul;Colisão Lateral;1;;1;;;;;;;;2;;;;
29/03/2012;07:02:00;5252;sem vítima;124;BR-040/RJ;Norte;Colisão Traseira;2;;;;;;;;;;2;;;;
30/03/2012;15:42:00;5494;com vítima;52;BR-040/RJ;Sul;Choque - Objeto Fixo;1;;;;;;;;;;0;;;1;
30/03/2012;07:19:00;5420;com vítima;86;BR-040/RJ;Sul;Choque - Objeto Fixo;;;1;;;;;;;;0;2;;;
30/03/2012;14:42:00;5485;com vítima;105;BR-040/RJ;Sul;Atropelamento - Pedestre;1;;;;;;;;;;1;;1;;
30/03/2012;15:12:00;5490;com vítima;778;BR-040/MG;Norte;Queda de Moto;;;;1;;;;;;;0;;2;;
30/03/2012;10:37:00;5450;com vítima;119;BR-040/RJ;Norte;Queda de Moto;;;;1;;;;;;;0;;2;;
30/03/2012;19:53:00;5539;sem vítima;122;BR-040/RJ;Norte;Colisão Lateral;1;;1;;;;;;;;2;;;;
31/03/2012;06:58:00;5615;sem vítima;70;BR-040/RJ;Norte;Choque - Objeto Fixo;1;;;;;;;;;;1;;;;
31/03/2012;13:43:00;5696;sem vítima;71;BR-040/RJ;Norte;Choque - Objeto Fixo;1;;;;;;;;;;1;;;;
31/03/2012;13:16:00;5687;sem vítima;78;BR-040/RJ;Sul;Choque - Objeto Fixo;1;;;;;;;;;;1;;;;
31/03/2012;13:30:00;5691;sem vítima;84;BR-040/RJ;Norte;Choque - Objeto Fixo;1;;;;;;;;;;1;;;;
31/03/2012;02:38:00;5592;com vítima;85;BR-040/RJ;Sul;Choque - Objeto Fixo;;;1;;;;;;;;0;1;;;
31/03/2012;12:55:00;5680;com vítima;90;BR-040/RJ;Norte;Engavetamento;4;;;;;;;;;;2;3;;;
31/03/2012;14:37:00;5707;sem vítima;90;BR-040/RJ;Norte;Choque - Objeto Fixo;1;;;;;;;;;;1;;;;
31/03/2012;15:58:00;5724;sem vítima;91;BR-040/RJ;Sul;Choque - Objeto Fixo;1;;;;;;;;;;2;;;;
31/03/2012;15:27:00;5717;sem vítima;92;BR-040/RJ;Norte;Choque - Objeto Fixo;1;;;;;;;;;;1;;;;
31/03/2012;16:25:00;5734;com vítima;94;BR-040/RJ;Sul;Queda de Moto;;;;1;;;;;;;0;;1;;
31/03/2012;16:00:00;5725;com vítima;107;BR-040/RJ;Norte;Colisão Traseira;1;1;;;;;;;;;1;;1;;
31/03/2012;17:56:00;5752;sem vítima;113;BR-040/RJ;Norte;Engavetamento;2;;;1;;;;;;;3;;;;
31/03/2012;18:08:00;5753;sem vítima;113;BR-040/RJ;Sul;Choque - Objeto Fixo;1;;;;;;;;;;1;;;;
31/03/2012;05:13:00;5604;com vítima;114;BR-040/RJ;Norte;Choque - Objeto Fixo;1;;;;;;;;;;1;;3;;
31/03/2012;20:04:00;5767;sem vítima;116;BR-040/RJ;Sul;Capotamento;1;;;;;;;;;;1;;;;
31/03/2012;21:42:00;5783;com vítima;118;BR-040/RJ;Sul;Colisão Traseira;2;;;;;;;;;;0;2;;;
31/03/2012;19:27:00;5763;sem vítima;119;BR-040/RJ;Sul;Colisão Traseira;1;;1;;;;;;;;2;;;;
31/03/2012;00:31:00;5582;com vítima;124;BR-040/RJ;Norte;Colisão Lateral;;1;1;;;;;;;;1;;1;;
01/04/2012;16:42:00;111;sem vítima;52;BR-040/RJ;Norte;Choque - Objeto Fixo;1;;;;;;;;;;1;;;;
01/04/2012;19:20:00;134;sem vítima;82;BR-040/RJ;Norte;Choque - Objeto Fixo;1;;;;;;;;;;1;;;;
01/04/2012;12:54:00;70;com vítima;96;BR-040/RJ;Sul;Choque - Objeto Fixo;;;;1;;;;;;;0;1;;;
01/04/2012;00:34:00;5;sem vítima;109;BR-040/RJ;Norte;Choque - Objeto Fixo;1;;;;;;;;;;1;;;;
01/04/2012;11:01:00;63;sem vítima;113;BR-040/RJ;Sul;Choque - Objeto Fixo;1;;;;;;;;;;1;;;;
01/04/2012;19:55:00;141;sem vítima;115;BR-040/RJ;Norte;Colisão Lateral;2;;;;;;;;;;6;;;;
01/04/2012;09:28:00;51;com vítima;779;BR-040/MG;Sul;Colisão Lateral;2;;;;;;;;;;0;2;;;
01/04/2012;22:41:00;156;sem vítima;810;BR-040/MG;Norte;Choque - Objeto Fixo;1;;;;;;;;;;1;;;;
01/04/2012;07:30:00;35;sem vítima;123;BR-040/RJ;Norte;Colisão Lateral;1;;;;;1;;;;;2;;;;
02/04/2012;20:37:00;333;sem vítima;79;BR-040/RJ;Norte;Colisão Lateral;1;;;;;1;;;;;2;;;;
02/04/2012;11:26:00;223;sem vítima;104;BR-040/RJ;Sul;Colisão Traseira;2;;;;;;;;;;2;;;;
02/04/2012;04:48:00;175;com vítima;105;BR-040/RJ;Norte;Queda de Moto;;;;1;;;;;;;0;1;;;
02/04/2012;13:42:00;245;sem vítima;112;BR-040/RJ;Norte;Colisão Lateral;1;;1;;;;;;;;2;;;;
02/04/2012;08:43:00;202;com vítima;121;BR-040/RJ;Sul;Colisão Traseira;1;;1;;;;;;;;1;1;;;
02/04/2012;06:16:00;180;sem vítima;122;BR-040/RJ;Sul;Colisão Lateral;1;;1;;;;;;;;2;;;;
02/04/2012;19:54:00;327;sem vítima;125;BR-040/RJ;Sul;Colisão Traseira;;;1;;1;;;;;;2;;;;
03/04/2012;17:09:00;486;com vítima;79;BR-040/RJ;Norte;Queda de Moto;;;;1;;;;;;;0;2;;;
03/04/2012;10:26:00;417;sem vítima;84;BR-040/RJ;Sul;Choque - Objeto Fixo;1;;;;;;;;;;1;;;;
03/04/2012;20:01:00;521;com vítima;86;BR-040/RJ;Norte;Derrapagem;1;;;;;;;;;;0;2;;;
03/04/2012;11:57:00;436;com vítima;95;BR-040/RJ;Sul;Capotamento;1;;;;;;;;;;0;2;;;
03/04/2012;01:14:00;355;sem vítima;111;BR-040/RJ;Norte;Atropelamento - Animal;1;;;;;;;;;;1;;;;
03/04/2012;15:53:00;471;sem vítima;113;BR-040/RJ;Norte;Choque - Objeto Fixo;1;;;;;;;;;;1;;;;
03/04/2012;19:26:00;516;sem vítima;113;BR-040/RJ;Norte;Colisão Traseira;2;;;;;;;;;;2;;;;
03/04/2012;08:25:00;398;sem vítima;123;BR-040/RJ;Sul;Colisão Lateral;1;;1;;;;;;;;2;;;;
03/04/2012;17:51:00;497;sem vítima;123;BR-040/RJ;Sul;Colisão Lateral;1;;1;;;;;;;;2;;;;
03/04/2012;08:48:00;404;sem vítima;124;BR-040/RJ;Sul;Colisão Lateral;1;;1;;;;;;;;2;;;;
04/04/2012;12:28:00;637;com vítima;21;BR-040/RJ;Norte;Tombamento;;;1;;;;;;;;0;1;;;
04/04/2012;22:28:00;732;sem vítima;82;BR-040/RJ;Norte;Colisão Traseira;1;;1;;;;;;;;2;;;;
04/04/2012;06:57:00;575;sem vítima;93;BR-040/RJ;Sul;Choque - Objeto Fixo;;;1;;;;;;;;1;;;;
04/04/2012;10:17:00;612;sem vítima;97;BR-040/RJ;Norte;Colisão Lateral;1;;1;;;;;;;;2;;;;
04/04/2012;13:41:00;648;sem vítima;109;BR-040/RJ;Norte;Colisão Lateral;1;;1;;;;;;;;2;;;;
04/04/2012;16:01:00;669;sem vítima;110;BR-040/RJ;Sul;Choque - Objeto Fixo;;;1;;;;;;;;1;;;;
04/04/2012;07:56:00;584;sem vítima;113;BR-040/RJ;Sul;Colisão Lateral;1;;1;;;;;;;;2;;;;
04/04/2012;19:20:00;703;sem vítima;114;BR-040/RJ;Norte;Engavetamento;3;;;;;;;;;;3;;;;
04/04/2012;00:53:00;544;com vítima;117;BR-040/RJ;Norte;Choque - Objeto Fixo;1;;;;;;;;;;0;1;;;
04/04/2012;22:16:00;730;com vítima;117;BR-040/RJ;Norte;Atropelamento - Pedestre;1;;;;;;;;;;1;;1;;
04/04/2012;08:14:00;586;sem vítima;119;BR-040/RJ;Norte;Colisão Lateral;2;;;;;;;;;;2;;;;
04/04/2012;06:48:00;572;com vítima;120;BR-040/RJ;Sul;Colisão Traseira;1;;;1;;;;;;;3;2;;;
04/04/2012;06:15:00;569;sem vítima;121;BR-040/RJ;Sul;Colisão Lateral;1;;1;;;;;;;;2;;;;
04/04/2012;20:15:00;715;sem vítima;124;BR-040/RJ;Sul;Choque - Objeto Fixo;1;;;;;;;;;;1;;;;
05/04/2012;09:06:00;802;sem vítima;34;BR-040/RJ;Sul;Colisão Lateral;1;;1;;;;;;;;2;;;;
05/04/2012;05:52:00;770;sem vítima;52;BR-040/RJ;Norte;Choque - Objeto Fixo;1;;;;;;;;;;1;;;;
05/04/2012;14:35:00;870;com vítima;105;BR-040/RJ;Norte;Colisão Lateral;1;;1;;;;;;;;0;1;1;;
05/04/2012;19:10:00;931;sem vítima;105;BR-040/RJ;Norte;Engavetamento;3;;;;;;;;;;3;;;;
05/04/2012;13:54:00;865;sem vítima;108;BR-040/RJ;Norte;Colisão Traseira;2;;;;;;;;;;2;;;;
05/04/2012;17:35:00;910;com vítima;112;BR-040/RJ;Norte;Colisão Lateral;1;;1;;;;;;;;1;1;;;
05/04/2012;09:23:00;810;sem vítima;117;BR-040/RJ;Sul;Colisão Traseira;1;;;;1;;;;;;2;;;;
05/04/2012;11:52:00;840;com vítima;787;BR-040/MG;Norte;Capotamento;;;1;;;;;;;;0;1;;;
05/04/2012;12:16:00;844;com vítima;801;BR-040/MG;Norte;Queda de Moto;;;;1;;;;;;;0;;1;;
05/04/2012;09:43:00;813;com vítima;119;BR-040/RJ;Sul;Colisão Traseira;1;;;1;;;;;;;1;1;;;
05/04/2012;19:40:00;933;sem vítima;119;BR-040/RJ;Norte;Choque - Objeto Fixo;1;;;;;;;;;;1;;;;
05/04/2012;11:29:00;835;com vítima;122;BR-040/RJ;Sul;Colisão Traseira;1;;1;;;;;;;;2;1;;;
05/04/2012;07:37:00;779;sem vítima;123;BR-040/RJ;Sul;Colisão Lateral;1;;1;;;;;;;;2;;;;
05/04/2012;09:56:00;819;sem vítima;123;BR-040/RJ;Sul;Colisão Lateral;1;;1;;;;;;;;2;;;;
06/04/2012;04:10:00;1012;com vítima;4;BR-040/RJ;Norte;Choque - Objeto Fixo;1;;;;;;;;;;0;1;1;2;1
06/04/2012;16:04:00;1133;com vítima;43;BR-040/RJ;Norte;Queda de Moto;;;;1;;;;;;;0;1;;;
06/04/2012;18:55:00;1158;sem vítima;65;BR-040/RJ;Sul;Choque - Objeto Fixo;1;;;;;;;;;;1;;;;
06/04/2012;20:13:00;1168;sem vítima;84;BR-040/RJ;Norte;Choque - Objeto Fixo;1;;;;;;;;;;1;;;;
06/04/2012;00:05:00;982;sem vítima;86;BR-040/RJ;Sul;Choque - Objeto Fixo;1;;;;;;;;;;1;;;;
06/04/2012;00:42:00;992;sem vítima;93;BR-040/RJ;Sul;Choque - Objeto Fixo;1;;;;;;;;;;1;;;;
06/04/2012;05:59:00;1018;com vítima;110;BR-040/RJ;Sul;Choque - Objeto Fixo;1;;;;;;;;;;0;1;;;
06/04/2012;10:34:00;1058;com vítima;775;BR-040/MG;Sul;Queda de Moto;;;;1;;;;;;;0;2;;;
06/04/2012;08:48:00;1038;com vítima;824;BR-040/MG;Norte;Queda de Moto;;;;1;;;;;;;0;1;1;;
06/04/2012;10:04:00;1054;sem vítima;120;BR-040/RJ;Norte;Colisão Lateral;2;;;;;;;;;;2;;;;
06/04/2012;12:11:00;1079;com vítima;122;BR-040/RJ;Norte;Queda de Moto;;;;1;;;;;;;0;1;1;;
07/04/2012;23:03:00;1323;com vítima;39;BR-040/RJ;Norte;Atropelamento - Pedestre;;;;1;;;;;;;0;;1;1;