data;horario;n_da_ocorrencia;tipo_de_ocorrencia;km;trecho;sentido;tipo_de_acidente;automovel;bicicleta;caminhao;moto;onibus;outros;tracao_animal;transporte_de_cargas_especiais;trator_maquinas;utilitarios;ilesos;levemente_feridos;moderadamente_feridos;gravemente_feridos;mortos
07/04/2012;15:23:00;1269;sem vítima;65;BR-040/RJ;Norte;Choque - Objeto Fixo;1;;;;;;;;;;1;;;;
07/04/2012;12:29:00;1248;sem vítima;75;BR-040/RJ;Sul;Choque - Objeto Fixo;1;;;;;;;;;;1;;;;
07/04/2012;19:02:00;1300;com vítima;79;BR-040/RJ;Sul;Atropelamento - Pedestre;1;;;;;;;;;;0;1;;;1
07/04/2012;16:12:00;1276;sem vítima;88;BR-040/RJ;Sul;Choque - Objeto Fixo;1;;;;;;;;;;2;;;;
07/04/2012;11:10:00;1237;sem vítima;109;BR-040/RJ;Norte;Colisão Lateral;1;;1;;;;;;;;2;;;;
07/04/2012;19:04:00;1301;com vítima;111;BR-040/RJ;Sul;Engavetamento;2;;;;;1;;;;;2;;1;;
07/04/2012;21:10:00;1316;com vítima;116;BR-040/RJ;Sul;Colisão Lateral;2;;;;;;;;;;1;1;;;
07/04/2012;01:16:00;1192;sem vítima;124;BR-040/RJ;Sul;Colisão Traseira;2;;;;;;;;;;2;;;;
08/04/2012;19:35:00;1489;com vítima;88;BR-040/RJ;Sul;Tombamento;;;1;;;;;;;;0;2;2;;
08/04/2012;15:29:00;1419;sem vítima;90;BR-040/RJ;Norte;Choque - Objeto Fixo;;;1;;;;;;;;1;;;;
08/04/2012;19:00:00;1478;com vítima;93;BR-040/RJ;Norte;Queda de Moto;;;;1;;;;;;;0;;1;;
08/04/2012;19:22:00;1488;sem vítima;105;BR-040/RJ;Norte;Engavetamento;3;;;;;;;;;;3;;;;
08/04/2012;18:17:00;1465;com vítima;780;BR-040/MG;Sul;Colisão Lateral;2;;;;;;;;;;0;4;;;
08/04/2012;21:49:00;1504;sem vítima;782;BR-040/MG;Norte;Atropelamento - Animal;1;;;;;;;;;;1;;;;
08/04/2012;16:08:00;1427;com vítima;806;BR-040/MG;Norte;Colisão Lateral;1;;;1;;;;;;;1;;2;;
08/04/2012;17:55:00;1460;com vítima;122;BR-040/RJ;Norte;Colisão Traseira;1;;;;1;;;;;;1;;1;;
09/04/2012;16:47:00;1643;com vítima;24;BR-040/RJ;Norte;Colisão Lateral;2;;;;;;;;;;1;1;;;
09/04/2012;17:35:00;1662;com vítima;34;BR-040/RJ;Norte;Capotamento;1;;;;;;;;;;0;2;;;
09/04/2012;14:35:00;1621;sem vítima;57;BR-040/RJ;Norte;Choque - Objeto Fixo;1;;;;;;;;;;1;;;;
09/04/2012;08:39:00;1567;com vítima;73;BR-040/RJ;Sul;Capotamento;1;;;;;;;;;;0;2;;;
09/04/2012;15:59:00;1637;sem vítima;74;BR-040/RJ;Sul;Colisão Lateral;1;;;;;;;;;;1;;;;
09/04/2012;12:51:00;1608;com vítima;75;BR-040/RJ;Sul;Engavetamento;2;;;;1;;;;;;2;3;1;;
09/04/2012;16:22:00;1639;com vítima;78;BR-040/RJ;Sul;Choque - Objeto Fixo;1;;;;;;;;;;0;1;;;
09/04/2012;17:10:00;1656;sem vítima;80;BR-040/RJ;Sul;Choque - Objeto Fixo;1;;;;;;;;;;1;;;;
09/04/2012;12:44:00;1605;sem vítima;83;BR-040/RJ;Norte;Choque - Objeto Fixo;1;;;;;;;;;;1;;;;
09/04/2012;12:47:00;1606;com vítima;84;BR-040/RJ;Sul;Choque - Objeto Fixo;1;;;;;;;;;;0;1;;;
09/04/2012;18:40:00;1675;sem vítima;87;BR-040/RJ;Sul;Choque - Objeto Fixo;1;;;;;;;;;;1;;;;
09/04/2012;13:11:00;1613;sem vítima;93;BR-040/RJ;Norte;Engavetamento;3;;;;;;;;;;3;;;;
09/04/2012;15:07:00;1627;sem vítima;94;BR-040/RJ;Sul;Capotamento;1;;;;;;;;;;1;;;;
09/04/2012;17:09:00;1653;sem vítima;94;BR-040/RJ;Sul;Choque - Objeto Fixo;1;;;;;;;;;;1;;;;
09/04/2012;09:20:00;1572;com vítima;111;BR-040/RJ;Norte;Colisão Traseira;2;;;;;;;;;;0;2;;;
09/04/2012;21:06:00;1693;sem vítima;780;BR-040/MG;Sul;Choque - Objeto Fixo;;;1;;;;;;;;1;;;;
09/04/2012;17:13:00;1655;sem vítima;118;BR-040/RJ;Norte;Colisão Traseira;2;;;;;;;;;;2;;;;
09/04/2012;17:00:00;1649;sem vítima;120;BR-040/RJ;Norte;Colisão Lateral;;;2;;;;;;;;2;;;;
09/04/2012;21:23:00;1697;sem vítima;120;BR-040/RJ;Sul;Choque - Objeto Fixo;;;1;;;;;;;;1;;;;
09/04/2012;16:39:00;1642;sem vítima;121;BR-040/RJ;Norte;Colisão Traseira;1;;1;;;;;;;;2;;;;
09/04/2012;16:39:00;1641;sem vítima;124;BR-040/RJ;Norte;Colisão Lateral;1;;1;;;;;;;;2;;;;
09/04/2012;17:58:00;1669;com vítima;124;BR-040/RJ;Sul;Engavetamento;1;;2;;;;;;;;3;1;;;
10/04/2012;11:56:00;1786;com vítima;10;BR-040/RJ;Sul;Choque - Objeto Fixo;1;;;;;;;;;;0;1;;;
10/04/2012;19:10:00;1857;com vítima;74;BR-040/RJ;Norte;Capotamento;1;;;;;;;;;;0;2;;;
10/04/2012;16:01:00;1822;sem vítima;77;BR-040/RJ;Sul;Choque - Objeto Fixo;1;;;;;;;;;;1;;;;
10/04/2012;20:06:00;1866;sem vítima;78;BR-040/RJ;Sul;Choque - Objeto Fixo;1;;;;;;;;;;1;;;;
10/04/2012;15:57:00;1820;com vítima;79;BR-040/RJ;Norte;Choque - Objeto Fixo;1;;;;;;;;;;0;5;;;
10/04/2012;20:23:00;1869;com vítima;84;BR-040/RJ;Sul;Choque - Objeto Fixo;1;;;;;;;;;;0;1;;;
10/04/2012;17:22:00;1834;com vítima;94;BR-040/RJ;Sul;Tombamento;1;;;;;;;;;;0;2;;;
10/04/2012;19:26:00;1860;sem vítima;94;BR-040/RJ;Sul;Choque - Objeto Fixo;1;;;;;;;;;;1;;;;
10/04/2012;16:13:00;1826;sem vítima;96;BR-040/RJ;Sul;Choque - Objeto Fixo;1;;;;;;;;;;1;;;;
10/04/2012;11:51:00;1785;sem vítima;105;BR-040/RJ;Norte;Colisão Traseira;2;;;;;;;;;;2;;;;
10/04/2012;09:00:00;1752;sem vítima;109;BR-040/RJ;Sul;Colisão Lateral;1;;;;;1;;;;;2;;;;
10/04/2012;09:25:00;1757;sem vítima;111;BR-040/RJ;Sul;Colisão Traseira;2;;;;;;;;;;2;;;;
10/04/2012;05:55:00;1732;sem vítima;121;BR-040/RJ;Sul;Colisão Traseira;1;;;;;1;;;;;2;;;;
10/04/2012;06:42:00;1736;sem vítima;123;BR-040/RJ;Sul;Colisão Lateral;1;;1;;;;;;;;2;;;;
10/04/2012;17:39:00;1840;com vítima;123;BR-040/RJ;Norte;Colisão Lateral;;1;;1;;;;;;;0;2;;;
11/04/2012;13:44:00;1976;sem vítima;13;BR-040/RJ;Norte;Choque - Objeto Fixo;1;;;;;;;;;;1;;;;
11/04/2012;16:53:00;2015;sem vítima;50;BR-040/RJ;Norte;Choque - Objeto Fixo;1;;;;;;;;;;1;;;;
11/04/2012;05:05:00;1898;sem vítima;109;BR-040/RJ;Sul;Colisão Traseira;1;;1;;;;;;;;2;;;;
11/04/2012;08:29:00;1923;com vítima;109;BR-040/RJ;Norte;Choque - Objeto Fixo;1;;;;;;;;;;0;;1;;
11/04/2012;20:19:00;2047;sem vítima;109;BR-040/RJ;Norte;Choque - Objeto Fixo;1;;;;;;;;;;1;;;;
12/04/2012;22:23:00;2249;sem vítima;85;BR-040/RJ;Norte;Choque - Objeto Fixo;1;;;;;;;;;;1;;;;
12/04/2012;00:32:00;2078;sem vítima;87;BR-040/RJ;Norte;Choque - Objeto Fixo;1;;;;;;;;;;1;;;;
12/04/2012;16:44:00;2196;sem vítima;94;BR-040/RJ;Norte;Colisão Traseira;2;;;;;;;;;;2;;;;
12/04/2012;15:15:00;2177;sem vítima;123;BR-040/RJ;Norte;Colisão Lateral;1;;1;;;;;;;;2;;;;
13/04/2012;18:47:00;2418;com vítima;79;BR-040/RJ;Norte;Colisão Lateral;1;;;1;;;;;;;1;2;;;
13/04/2012;10:45:00;2322;sem vítima;84;BR-040/RJ;Sul;Derrapagem;1;;;;;;;;;;1;;;;
13/04/2012;10:52:00;2326;com vítima;87;BR-040/RJ;Sul;Derrapagem;1;;;;;;;;;;0;2;;;
13/04/2012;16:08:00;2382;sem vítima;96;BR-040/RJ;Norte;Tombamento;;;1;;;;;;;;1;;;;
13/04/2012;22:02:00;2447;sem vítima;102;BR-040/RJ;Sul;Colisão Traseira;2;;;;;;;;;;2;;;;
13/04/2012;20:43:00;2436;sem vítima;111;BR-040/RJ;Norte;Colisão Traseira;2;;;;;;;;;;2;;;;
13/04/2012;04:40:00;2266;com vítima;112;BR-040/RJ;Norte;Capotamento;1;;;;;;;;;;1;1;;;1
13/04/2012;04:58:00;2267;sem vítima;112;BR-040/RJ;Norte;Engavetamento;3;;;;;;;;;;3;;;;
13/04/2012;09:57:00;2313;sem vítima;812;BR-040/MG;Norte;Choque - Objeto Fixo;1;;;;;;;;;;1;;;;
13/04/2012;15:55:00;2377;sem vítima;120;BR-040/RJ;Sul;Colisão Lateral;1;;1;;;;;;;;2;;;;
13/04/2012;08:08:00;2295;sem vítima;121;BR-040/RJ;Sul;Colisão Lateral;1;;1;;;;;;;;2;;;;
13/04/2012;10:52:00;2325;sem vítima;121;BR-040/RJ;Sul;Colisão Traseira;2;;;;;;;;;;2;;;;
13/04/2012;20:27:00;2435;sem vítima;122;BR-040/RJ;Norte;Colisão Traseira;2;;;;;;;;;;2;;;;
13/04/2012;05:10:00;2269;sem vítima;123;BR-040/RJ;Sul;Atropelamento - Pedestre;;;;1;;;;;;;2;;;;
13/04/2012;05:10:00;2270;com vítima;123;BR-040/RJ;Sul;Colisão Traseira;1;;;1;;;;;;;1;;;;1
13/04/2012;11:52:00;2340;sem vítima;123;BR-040/RJ;Sul;Colisão Traseira;1;;1;;;;;;;;2;;;;
14/04/2012;19:02:00;2627;sem vítima;78;BR-040/RJ;Sul;Colisão Traseira;2;;;;;;;;;;2;;;;
14/04/2012;14:09:00;2584;sem vítima;87;BR-040/RJ;Norte;Choque - Objeto Fixo;1;;;;;;;;;;1;;;;
14/04/2012;06:10:00;2493;sem vítima;88;BR-040/RJ;Norte;Colisão Traseira;;;2;;;;;;;;2;;;;
14/04/2012;15:00:00;2589;com vítima;94;BR-040/RJ;Norte;Capotamento;1;;;;;;;;;;0;4;;;
14/04/2012;07:42:00;2505;com vítima;99;BR-040/RJ;Norte;Queda de Moto;;;;1;;;;;;;0;1;;;
14/04/2012;16:34:00;2606;sem vítima;105;BR-040/RJ;Norte;Engavetamento;3;;;;;;;;;;3;;;;
14/04/2012;15:50:00;2599;sem vítima;113;BR-040/RJ;Sul;Engavetamento;3;;;;;;;;;;3;;;;
14/04/2012;20:35:00;2640;com vítima;116;BR-040/RJ;Norte;Colisão Traseira;2;;;;;;;;;;1;1;;;
14/04/2012;10:17:00;2527;sem vítima;118;BR-040/RJ;Sul;Colisão Lateral;1;;1;;;;;;;;2;;;;
14/04/2012;10:21:00;2532;sem vítima;118;BR-040/RJ;Sul;Colisão Lateral;1;;1;;;;;;;;2;;;;
14/04/2012;11:24:00;2548;com vítima;118;BR-040/RJ;Sul;Colisão Traseira;2;;;;;;;;;;1;1;;;
14/04/2012;09:34:00;2521;com vítima;119;BR-040/RJ;Norte;Colisão Traseira;1;;;;1;;;;;;1;;1;;
15/04/2012;17:33:00;2787;com vítima;68;BR-040/RJ;Norte;Capotamento;1;;;;;;;;;;2;1;1;;
15/04/2012;06:39:00;2692;com vítima;72;BR-040/RJ;Sul;Capotamento;1;;;;;;;;;;0;2;;;
15/04/2012;05:19:00;2683;sem vítima;73;BR-040/RJ;Sul;Choque - Objeto Fixo;1;;;;;;;;;;1;;;;
15/04/2012;09:43:00;2711;com vítima;73;BR-040/RJ;Sul;Queda de Moto;;;;1;;;;;;;0;;1;;
15/04/2012;09:43:00;2717;com vítima;73;BR-040/RJ;Sul;Queda de Moto;;;;1;;;;;;;0;1;;;
15/04/2012;19:05:00;2802;sem vítima;78;BR-040/RJ;Sul;Choque - Objeto Fixo;1;;;;;;;;;;1;;;;
15/04/2012;20:40:00;2819;sem vítima;81;BR-040/RJ;Norte;Choque - Objeto Fixo;1;;;;;;;;;;1;;;;
15/04/2012;20:40:00;2820;sem vítima;81;BR-040/RJ;Norte;Choque - Objeto Fixo;1;;;;;;;;;;1;;;;
15/04/2012;20:22:00;2817;com vítima;93;BR-040/RJ;Norte;Choque - Objeto Fixo;1;;;;;;;;;;0;1;;;
15/04/2012;21:11:00;2825;com vítima;93;BR-040/RJ;Norte;Choque - Objeto Fixo;1;;;;;;;;;;0;1;;;
15/04/2012;17:53:00;2792;com vítima;105;BR-040/RJ;Norte;Colisão Frontal;1;;;1;;;;;;;1;1;;;
15/04/2012;22:46:00;2834;sem vítima;109;BR-040/RJ;Norte;Choque - Objeto Fixo;1;;;;;;;;;;2;;;;
15/04/2012;13:45:00;2737;com vítima;112;BR-040/RJ;Norte;Capotamento;1;;;;;;;;;;0;1;;;
15/04/2012;14:11:00;2741;com vítima;115;BR-040/RJ;Sul;Capotamento;1;;;;;;;;;;0;2;;;
15/04/2012;20:59:00;2823;com vítima;787;BR-040/MG;Norte;Choque - Objeto Fixo;1;;;;;;;;;;0;;2;;
15/04/2012;06:25:00;2690;com vítima;797;BR-040/MG;Norte;Choque - Objeto Fixo;1;;;;;;;;;;3;2;;;
15/04/2012;06:09:00;2689;com vítima;800;BR-040/MG;Norte;Choque - Objeto Fixo;1;;;;;;;;;;1;;1;;
15/04/2012;22:10:00;2830;com vítima;123;BR-040/RJ;Sul;Colisão Traseira;1;;1;;;;;;;;1;1;;;
16/04/2012;09:25:00;2890;sem vítima;5;BR-040/RJ;Norte;Colisão Traseira;2;;;;;;;;;;2;;;;
16/04/2012;05:35:00;2865;com vítima;52;BR-040/RJ;Norte;Capotamento;1;;;;;;;;;;1;1;;;
16/04/2012;11:07:00;2903;sem vítima;82;BR-040/RJ;Sul;Choque - Objeto Fixo;1;;;;;;;;;;1;;;;
16/04/2012;07:30:00;2876;sem vítima;84;BR-040/RJ;Norte;Choque - Objeto Fixo;1;;;;;;;;;;1;;;;
16/04/2012;11:38:00;2909;sem vítima;84;BR-040/RJ;Sul;Choque - Objeto Fixo;1;;;;;;;;;;1;;;;
16/04/2012;12:12:00;2917;sem vítima;84;BR-040/RJ;Norte;Choque - Objeto Fixo;1;;;;;;;;;;1;;;;
16/04/2012;11:10:00;2904;sem vítima;85;BR-040/RJ;Sul;Choque - Objeto Fixo;1;;;;;;;;;;1;;;;
16/04/2012;17:27:00;2962;sem vítima;92;BR-040/RJ;Sul;Choque - Objeto Fixo;1;;;;;;;;;;1;;;;
16/04/2012;01:53:00;2849;com vítima;108;BR-040/RJ;Norte;Capotamento;1;;;;;1;;;;;1;1;2;;
16/04/2012;05:32:00;2864;sem vítima;110;BR-040/RJ;Sul;Colisão Traseira;2;;;;;;;;;;2;;;;
16/04/2012;06:08:00;2868;sem vítima;110;BR-040/RJ;Sul;Colisão Traseira;2;;;;;;;;;;2;;;;
16/04/2012;05:53:00;2866;sem vítima;111;BR-040/RJ;Sul;Engavetamento;4;;;;;;;;;;4;;;;
16/04/2012;08:59:00;2886;sem vítima;116;BR-040/RJ;Sul;Colisão Traseira;1;;1;;;;;;;;2;;;;
16/04/2012;01:32:00;2847;sem vítima;796;BR-040/MG;Norte;Choque - Objeto Fixo;;;1;;;;;;;;1;;;;
16/04/2012;06:59:00;2870;sem vítima;122;BR-040/RJ;Sul;Colisão Lateral;1;;1;;;;;;;;2;;;;
16/04/2012;04:15:00;2861;com vítima;124;BR-040/RJ;Sul;Colisão Traseira;2;;2;;;;;;;;3;1;;;
17/04/2012;06:51:00;3039;sem vítima;93;BR-040/RJ;Norte;Choque - Objeto Fixo;1;;;;;;;;;;1;;;;
17/04/2012;19:02:00;3175;com vítima;106;BR-040/RJ;Sul;Atropelamento - Pedestre;;;;;;1;;;;;1;1;;;
17/04/2012;11:15:00;3091;com vítima;110;BR-040/RJ;Norte;Colisão Lateral;2;;;;;;;;;;0;2;;;
17/04/2012;15:38:00;3142;sem vítima;112;BR-040/RJ;Sul;Colisão Traseira;;;1;;1;;;;;;2;;;;
17/04/2012;18:01:00;3166;sem vítima;784;BR-040/MG;Norte;Choque - Objeto Fixo;;;1;;;;;;;;1;;;;
18/04/2012;06:48:00;3231;com vítima;2;BR-040/RJ;Norte;Queda de Moto;;;;1;;;;;;;0;1;;;
18/04/2012;16:17:00;3331;sem vítima;13;BR-040/RJ;Norte;Choque - Objeto Fixo;1;;;;;;;;;;1;;;;
18/04/2012;07:08:00;3234;com vítima;25;BR-040/RJ;Sul;Queda de Moto;;;;;;1;;;;;0;1;;;
18/04/2012;10:54:00;3273;com vítima;81;BR-040/RJ;Norte;Queda de Moto;;;;1;;;;;;;0;1;;;
18/04/2012;10:17:00;3268;sem vítima;92;BR-040/RJ;Norte;Derrapagem;1;;;;;;;;;;1;;;;
18/04/2012;18:04:00;3351;sem vítima;105;BR-040/RJ;Norte;Colisão Lateral;1;;1;;;;;;;;2;;;;
18/04/2012;21:20:00;3387;com vítima;791;BR-040/MG;Sul;Atropelamento - Pedestre;1;;;;;;;;;;0;5;;;1
18/04/2012;07:28:00;3235;sem vítima;793;BR-040/MG;Sul;Choque - Objeto Fixo;1;;;;;;;;;;1;;;;
19/04/2012;05:35:00;3422;sem vítima;89;BR-040/RJ;Sul;Colisão Lateral;;;2;;;;;;;;2;;;;
19/04/2012;18:44:00;3540;com vítima;113;BR-040/RJ;Norte;Queda de Moto;;;;1;;;;;;;0;2;;;
19/04/2012;16:23:00;3522;sem vítima;114;BR-040/RJ;Sul;Colisão Lateral;1;;1;;;;;;;;2;;;;
20/04/2012;15:13:00;3718;com vítima;83;BR-040/RJ;Sul;Queda de Moto;;;;1;;;;;;;0;;;1;
20/04/2012;09:24:00;3658;sem vítima;84;BR-040/RJ;Norte;Colisão Lateral;;;1;;;1;;;;;2;;;;
20/04/2012;17:58:00;3756;sem vítima;89;BR-040/RJ;Norte;Choque - Objeto Fixo;1;;;;;;;;;;1;;;;
20/04/2012;07:35:00;3641;sem vítima;101;BR-040/RJ;Sul;Colisão Traseira;2;;;;;;;;;;2;;;;
20/04/2012;06:51:00;3633;com vítima;102;BR-040/RJ;Norte;Colisão Lateral;2;;;;;;;;;;1;1;;;
20/04/2012;22:38:00;3804;sem vítima;104;BR-040/RJ;Norte;Colisão Traseira;1;;;;;1;;;;;2;;;;
20/04/2012;20:41:00;3783;sem vítima;105;BR-040/RJ;Norte;Colisão Traseira;2;;;;;;;;;;2;;;;
20/04/2012;07:32:00;3640;sem vítima;109;BR-040/RJ;Sul;Colisão Traseira;1;;;;;;;;;;1;;;;
20/04/2012;23:23:00;3810;sem vítima;799;BR-040/MG;Sul;Choque - Objeto Fixo;1;;;;;;;;;;1;;;;
20/04/2012;17:34:00;3745;com vítima;800;BR-040/MG;Sul;Atropelamento - Pedestre;1;;;;;;;;;;1;;;1;
20/04/2012;17:35:00;3771;sem vítima;800;BR-040/MG;Sul;Choque - Objeto Fixo;1;;;;;;;;;;1;;;;
20/04/2012;14:13:00;3707;sem vítima;121;BR-040/RJ;Sul;Colisão Traseira;2;;;;;;;;;;2;;;;
20/04/2012;05:33:00;3614;sem vítima;122;BR-040/RJ;Sul;Colisão Traseira;1;;;;;1;;;;;2;;;;
20/04/2012;15:42:00;3724;sem vítima;124;BR-040/RJ;Sul;Colisão Traseira;2;;;;;;;;;;2;;;;
21/04/2012;19:48:00;3984;com vítima;34;BR-040/RJ;Sul;Choque - Objeto Fixo;1;;;;;;;;;;1;5;;;
21/04/2012;13:41:00;3930;com vítima;39;BR-040/RJ;Sul;Queda de Moto;;;;1;;;;;;;0;;1;;
21/04/2012;21:11:00;3992;sem vítima;77;BR-040/RJ;Sul;Choque - Objeto Fixo;1;;;;;;;;;;1;;;;
21/04/2012;23:12:00;4003;com vítima;78;BR-040/RJ;Sul;Capotamento;1;;;;;;;;;;0;2;1;1;1
21/04/2012;18:48:00;3979;sem vítima;84;BR-040/RJ;Norte;Choque - Objeto Fixo;1;;;;;;;;;;1;;;;
21/04/2012;01:17:00;3822;sem vítima;91;BR-040/RJ;Norte;Capotamento;1;;;;;;;;;;1;;;;
21/04/2012;16:08:00;3956;sem vítima;91;BR-040/RJ;Norte;Colisão Traseira;2;;;;;;;;;;2;;;;
21/04/2012;06:22:00;3853;sem vítima;105;BR-040/RJ;Norte;Colisão Traseira;2;;;;;;;;;;2;;;;
21/04/2012;18:16:00;3974;com vítima;105;BR-040/RJ;Norte;Colisão Transversal;1;1;;;;;;;;;1;;1;;
21/04/2012;01:24:00;3823;com vítima;109;BR-040/RJ;Sul;Choque - Objeto Fixo;1;;;;;;;;;;0;;1;;
21/04/2012;03:51:00;3835;com vítima;111;BR-040/RJ;Sul;Queda de Moto;;;;1;;;;;;;0;1;;;
21/04/2012;11:19:00;3908;com vítima;113;BR-040/RJ;Norte;Queda de Moto;;;;1;;;;;;;0;2;;;
21/04/2012;19:45:00;3983;sem vítima;801;BR-040/MG;Sul;Choque - Objeto Fixo;1;;;;;;;;;;1;;;;
21/04/2012;20:18:00;3988;sem vítima;124;BR-040/RJ;Norte;Colisão Lateral;2;;1;;;;;;;;3;;;;
22/04/2012;12:38:00;4083;com vítima;57;BR-040/RJ;Sul;Capotamento;1;;;;;;;;;;0;1;;;
22/04/2012;15:00:00;4106;com vítima;62;BR-040/RJ;Sul;Capotamento;1;;;;;;;;;;0;1;;;
22/04/2012;16:32:00;4117;sem vítima;72;BR-040/RJ;Sul;Choque - Objeto Fixo;1;;;;;;;;;;1;;;;
22/04/2012;12:47:00;4087;sem vítima;77;BR-040/RJ;Sul;Choque - Objeto Fixo;1;;;;;;;;;;1;;;;
22/04/2012;20:35:00;4172;sem vítima;83;BR-040/RJ;Norte;Choque - Objeto Fixo;1;;;;;;;;;;1;;;;
22/04/2012;14:18:00;4101;sem vítima;84;BR-040/RJ;Norte;Choque - Objeto Fixo;1;;;;;;;;;;1;;;;
22/04/2012;23:20:00;4182;com vítima;91;BR-040/RJ;Sul;Capotamento;1;;;;;;;;;;0;2;;;
22/04/2012;12:41:00;4084;sem vítima;92;BR-040/RJ;Sul;Choque - Objeto Fixo;1;;;;;;;;;;1;;;;
22/04/2012;11:55:00;4079;sem vítima;93;BR-040/RJ;Norte;Choque - Objeto Fixo;1;;;;;;;;;;1;;;;
22/04/2012;13:32:00;4096;sem vítima;93;BR-040/RJ;Norte;Choque - Objeto Fixo;1;;;;;;;;;;1;;;;
22/04/2012;13:22:00;4094;sem vítima;94;BR-040/RJ;Sul;Derrapagem;1;;;;;;;;;;1;;;;
22/04/2012;13:52:00;4102;sem vítima;94;BR-040/RJ;Sul;Colisão Traseira;2;;;;;;;;;;2;;;;
22/04/2012;18:25:00;4139;sem vítima;94;BR-040/RJ;Norte;Choque - Objeto Fixo;1;;;;;;;;;;1;;;;
22/04/2012;07:39:00;4044;com vítima;109;BR-040/RJ;Sul;Colisão Lateral;2;;;;;;;;;;1;3;;;
22/04/2012;18:05:00;4138;com vítima;111;BR-040/RJ;Norte;Colisão Traseira;1;;;1;;;;;;;2;1;1;;
22/04/2012;01:18:00;4018;sem vítima;784;BR-040/MG;Norte;Choque - Objeto Fixo;1;;;;;;;;;;1;;;;
22/04/2012;15:54:00;4111;sem vítima;119;BR-040/RJ;Norte;Colisão Lateral;1;;1;;;;;;;;2;;;;
22/04/2012;04:44:00;4029;sem vítima;120;BR-040/RJ;Norte;Choque - Objeto Fixo;1;;;;;;;;;;1;;;;
23/04/2012;09:03:00;4224;sem vítima;29;BR-040/RJ;Norte;Choque - Objeto Fixo;1;;;;;;;;;;1;;;;
23/04/2012;18:25:00;4294;sem vítima;94;BR-040/RJ;Sul;Choque - Objeto Fixo;1;;;;;;;;;;1;;;;
23/04/2012;15:50:00;4272;com vítima;111;BR-040/RJ;Sul;Colisão Traseira;2;;;;;;;;;;0;2;;;
23/04/2012;15:50:00;4275;sem vítima;111;BR-040/RJ;Sul;Colisão Traseira;2;;;;;;;;;;2;;;;
23/04/2012;18:53:00;4300;com vítima;114;BR-040/RJ;Sul;Choque - Objeto Fixo;1;;;;;;;;;;0;2;;;
23/04/2012;14:18:00;4258;com vítima;820;BR-040/MG;Sul;Colisão Traseira;2;;;;;;;;;;2;4;1;;
24/04/2012;00:31:00;4334;com vítima;3;BR-040/RJ;Sul;Engavetamento;1;;2;;;;;;;;2;1;1;;
24/04/2012;00:02:00;4329;sem vítima;7;BR-040/RJ;Sul;Choque - Objeto Fixo;1;;;;;;;;;;1;;;;
24/04/2012;04:54:00;4344;sem vítima;40;BR-040/RJ;Sul;Colisão Traseira;;;2;;;;;;;;3;;;;
24/04/2012;07:51:00;4360;com vítima;76;BR-040/RJ;Sul;Engavetamento;3;;;;;;;;;;2;1;;;
24/04/2012;21:51:00;4505;com vítima;86;BR-040/RJ;Sul;Queda de Moto;;;;1;;;;;;;0;1;;;
24/04/2012;18:25:00;4476;com vítima;114;BR-040/RJ;Norte;Engavetamento;2;;1;;;;;;;;4;1;1;;
24/04/2012;07:19:00;4354;sem vítima;122;BR-040/RJ;Sul;Colisão Traseira;;;;1;;1;;;;;2;;;;
24/04/2012;19:33:00;4485;sem vítima;122;BR-040/RJ;Norte;Colisão Lateral;2;;;;;;;;;;2;;;;
24/04/2012;10:22:00;4386;sem vítima;123;BR-040/RJ;Sul;Colisão Traseira;;;2;;;;;;;;2;;;;
24/04/2012;15:24:00;4445;sem vítima;123;BR-040/RJ;Sul;Colisão Lateral;1;;;;1;;;;;;2;;;;
25/04/2012;08:09:00;4555;com vítima;102;BR-040/RJ;Norte;Atropelamento - Pedestre;1;;;;;;;;;;1;;1;;
25/04/2012;13:39:00;4615;sem vítima;109;BR-040/RJ;Norte;Colisão Traseira;1;;1;;;;;;;;2;;;;
25/04/2012;03:39:00;4522;sem vítima;791;BR-040/MG;Sul;Choque - Objeto Fixo;1;;;;;;;;;;1;;;;
25/04/2012;16:54:00;4646;com vítima;803;BR-040/MG;Sul;Colisão Traseira;2;;;;;;;;;;0;3;;;
25/04/2012;19:39:00;4672;sem vítima;804;BR-040/MG;Norte;Colisão Traseira;1;;1;;;;;;;;2;;;;
25/04/2012;18:32:00;4664;sem vítima;122;BR-040/RJ;Sul;Colisão Lateral;1;;;;1;;;;;;2;;;;
25/04/2012;15:00:00;4627;sem vítima;124;BR-040/RJ;Sul;Colisão Lateral;1;;1;;;;;;;;2;;;;
25/04/2012;16:06:00;4639;sem vítima;124;BR-040/RJ;Sul;Colisão Lateral;1;;1;;;;;;;;2;;;;
26/04/2012;11:57:00;4783;sem vítima;109;BR-040/RJ;Norte;Colisão Traseira;2;;;;;;;;;;2;;;;
26/04/2012;05:33:00;4715;sem vítima;791;BR-040/MG;Sul;Choque - Objeto Fixo;1;;;;;;;;;;1;;;;
26/04/2012;07:29:00;4734;sem vítima;123;BR-040/RJ;Sul;Colisão Lateral;1;;;;1;;;;;;2;;;;
27/04/2012;02:55:00;4917;sem vítima;35;BR-040/RJ;Norte;Choque - Objeto Fixo;1;;;;;;;;;;1;;;;
27/04/2012;14:36:00;5018;com vítima;80;BR-040/RJ;Norte;Colisão Transversal;1;;;;1;;;;;;1;;1;;