data;horario;n_da_ocorrencia;tipo_de_ocorrencia;km;trecho;sentido;tipo_de_acidente;automovel;bicicleta;caminhao;moto;onibus;outros;tracao_animal;transporte_de_cargas_especiais;trator_maquinas;utilitarios;ilesos;levemente_feridos;moderadamente_feridos;gravemente_feridos;mortos
27/04/2012;05:57:00;4929;com vítima;81;BR-040/RJ;Norte;Queda de Moto;;;;1;;;;;;;0;1;;;
27/04/2012;18:22:00;5065;sem vítima;83;BR-040/RJ;Sul;Choque - Objeto Fixo;1;;;;;;;;;;1;;;;
27/04/2012;17:30:00;5067;sem vítima;83;BR-040/RJ;Norte;Colisão Lateral;1;;;;;;;;;;1;;;;
27/04/2012;11:03:00;4981;sem vítima;90;BR-040/RJ;Norte;Choque - Objeto Fixo;1;;;;;;;;;;1;;;;
27/04/2012;20:06:00;5079;sem vítima;91;BR-040/RJ;Norte;Choque - Objeto Fixo;1;;;;;;;;;;1;;;;
27/04/2012;16:42:00;5037;sem vítima;92;BR-040/RJ;Sul;Derrapagem;1;;;;;;;;;;1;;;;
27/04/2012;03:25:00;4920;sem vítima;94;BR-040/RJ;Norte;Choque - Objeto Fixo;1;;;;;;;;;;1;;;;
27/04/2012;17:50:00;5054;sem vítima;94;BR-040/RJ;Sul;Derrapagem;1;;;;;;;;;;1;;;;
27/04/2012;23:39:00;5108;sem vítima;94;BR-040/RJ;Sul;Choque - Objeto Fixo;1;;;;;;;;;;1;;;;
27/04/2012;17:11:00;5045;com vítima;97;BR-040/RJ;Sul;Derrapagem;1;;;;;;;;;;0;1;;;
27/04/2012;17:22:00;5046;com vítima;97;BR-040/RJ;Sul;Colisão Lateral;2;;;;;;;;;;0;2;;;
27/04/2012;19:36:00;5076;sem vítima;112;BR-040/RJ;Sul;Colisão Traseira;2;;;;;;;;;;2;;;;
27/04/2012;18:13:00;5061;sem vítima;114;BR-040/RJ;Sul;Colisão Traseira;2;;;;;;;;;;2;;;;
27/04/2012;18:37:00;5066;sem vítima;114;BR-040/RJ;Sul;Colisão Traseira;1;;;;;1;;;;;2;;;;
27/04/2012;03:10:00;4918;sem vítima;786;BR-040/MG;Norte;Choque - Objeto Fixo;1;;;;;;;;;;1;;;;
27/04/2012;23:42:00;5110;sem vítima;120;BR-040/RJ;Norte;Colisão Traseira;1;;;;;;;;;;1;;;;
27/04/2012;06:12:00;4933;sem vítima;123;BR-040/RJ;Sul;Colisão Lateral;1;;1;;;;;;;;2;;;;
27/04/2012;06:54:00;4938;sem vítima;123;BR-040/RJ;Sul;Colisão Lateral;1;;1;;;;;;;;2;;;;
27/04/2012;15:15:00;5022;sem vítima;123;BR-040/RJ;Sul;Colisão Lateral;;;2;;;;;;;;2;;;;
28/04/2012;06:31:00;5143;com vítima;73;BR-040/RJ;Sul;Capotamento;1;;;;;;;;;;0;1;1;1;
28/04/2012;09:49:00;5190;com vítima;78;BR-040/RJ;Sul;Choque - Objeto Fixo;1;;;;;;;;;;0;1;;;
28/04/2012;01:33:00;5127;sem vítima;92;BR-040/RJ;Sul;Choque - Objeto Fixo;1;;;;;;;;;;1;;;;
28/04/2012;09:22:00;5187;sem vítima;104;BR-040/RJ;Sul;Colisão Lateral;2;;;;;;;;;;2;;;;
28/04/2012;10:55:00;5200;com vítima;105;BR-040/RJ;Norte;Colisão Frontal;1;;;1;;;;;;;1;1;;;
28/04/2012;12:52:00;5220;com vítima;105;BR-040/RJ;Sul;Queda de Moto;;;;1;;;;;;;0;1;;;
28/04/2012;19:44:00;5291;com vítima;120;BR-040/RJ;Norte;Engavetamento;4;;;;;;;;;;3;1;1;;
28/04/2012;04:01:00;5136;com vítima;122;BR-040/RJ;Sul;Engavetamento;3;;;;;;;;;;1;1;2;;
29/04/2012;10:18:00;5364;sem vítima;5;BR-040/RJ;Sul;Choque - Objeto Fixo;1;;;;;;;;;;1;;;;
29/04/2012;10:58:00;5370;com vítima;5;BR-040/RJ;Norte;Choque - Objeto Fixo;1;;;;;;;;;;0;1;;;
29/04/2012;17:40:00;5420;sem vítima;34;BR-040/RJ;Norte;Choque - Objeto Fixo;1;;;;;;;;;;1;;;;
29/04/2012;16:58:00;5416;com vítima;43;BR-040/RJ;Sul;Choque - Objeto Fixo;1;;;;;;;;;;0;1;;;
29/04/2012;08:37:00;5350;com vítima;49;BR-040/RJ;Norte;Capotamento;1;;;;;;;;;;0;1;;;
29/04/2012;12:09:00;5381;com vítima;60;BR-040/RJ;Sul;Capotamento;1;;;;;;;;;;3;;1;;
29/04/2012;06:48:00;5332;com vítima;67;BR-040/RJ;Sul;Capotamento;1;;;;;;;;;;0;1;3;;
29/04/2012;08:59:00;5356;sem vítima;78;BR-040/RJ;Sul;Choque - Objeto Fixo;1;;;;;;;;;;1;;;;
29/04/2012;12:08:00;5380;sem vítima;78;BR-040/RJ;Sul;Capotamento;2;;;;;;;;;;2;;;;
29/04/2012;11:22:00;5375;sem vítima;82;BR-040/RJ;Sul;Choque - Objeto Fixo;1;;;;;;;;;;3;;;;
29/04/2012;11:10:00;5372;sem vítima;83;BR-040/RJ;Sul;Derrapagem;1;;;;;;;;;;1;;;;
29/04/2012;08:27:00;5349;sem vítima;91;BR-040/RJ;Norte;Choque - Objeto Fixo;1;;;;;;;;;;1;;;;
29/04/2012;08:08:00;5343;com vítima;92;BR-040/RJ;Sul;Choque - Objeto Fixo;1;;;;;;;;;;0;3;;1;
29/04/2012;08:47:00;5351;com vítima;92;BR-040/RJ;Sul;Capotamento;1;;;;;;;;;;0;1;;;
29/04/2012;11:18:00;5373;sem vítima;92;BR-040/RJ;Sul;Choque - Objeto Fixo;1;;;;;;;;;;1;;;;
29/04/2012;07:57:00;5341;sem vítima;93;BR-040/RJ;Sul;Derrapagem;1;;;;;;;;;;1;;;;
29/04/2012;07:35:00;5336;sem vítima;96;BR-040/RJ;Sul;Choque - Objeto Fixo;1;;;;;;;;;;1;;;;
29/04/2012;12:15:00;5383;com vítima;105;BR-040/RJ;Norte;Engavetamento;3;;;;;;;;;;1;2;;;
29/04/2012;18:01:00;5423;com vítima;111;BR-040/RJ;Norte;Atropelamento - Pedestre;1;;;;;;;;;;1;;;1;
29/04/2012;14:38:00;5395;com vítima;800;BR-040/MG;Sul;Capotamento;1;;;;;;;;;;0;;1;;
30/04/2012;20:14:00;5594;com vítima;18;BR-040/RJ;Sul;Atropelamento - Pedestre;1;;;;;;;;;;1;;;1;
30/04/2012;14:33:00;5543;sem vítima;83;BR-040/RJ;Norte;Choque - Objeto Fixo;1;;;;;;;;;;1;;;;
30/04/2012;18:50:00;5577;sem vítima;91;BR-040/RJ;Norte;Choque - Objeto Fixo;1;;;;;;;;;;1;;;;
30/04/2012;19:45:00;5591;sem vítima;91;BR-040/RJ;Norte;Colisão Lateral;;;1;;;1;;;;;2;;;;
30/04/2012;07:05:00;5486;sem vítima;92;BR-040/RJ;Sul;Choque - Objeto Fixo;1;;;;;;;;;;1;;;;
30/04/2012;19:53:00;5588;sem vítima;92;BR-040/RJ;Norte;Choque - Objeto Fixo;1;;;;;;;;;;1;;;;
30/04/2012;00:01:00;5458;sem vítima;93;BR-040/RJ;Norte;Choque - Objeto Fixo;1;;;;;;;;;;1;;;;
30/04/2012;04:14:00;5473;sem vítima;93;BR-040/RJ;Sul;Colisão Traseira;;;2;;;;;;;;2;;;;
30/04/2012;15:13:00;5549;sem vítima;93;BR-040/RJ;Sul;Choque - Objeto Fixo;1;;;;;;;;;;1;;;;
30/04/2012;04:08:00;5470;com vítima;109;BR-040/RJ;Sul;Capotamento;1;;;;;;;;;;0;1;;;
30/04/2012;04:46:00;5474;sem vítima;109;BR-040/RJ;Sul;Colisão Traseira;2;;;;;;;;;;2;;;;
30/04/2012;05:01:00;5476;com vítima;109;BR-040/RJ;Sul;Colisão Traseira;1;;;;1;;;;;;3;3;;;
30/04/2012;14:26:00;5540;sem vítima;115;BR-040/RJ;Sul;Colisão Traseira;2;;;;;;;;;;2;;;;
30/04/2012;14:40:00;5545;sem vítima;779;BR-040/MG;Sul;Derrapagem;1;;;;;;;;;;1;;;;
30/04/2012;07:42:00;5494;sem vítima;117;BR-040/RJ;Norte;Colisão Traseira;1;;;;1;;;;;;2;;;;
30/04/2012;15:50:00;5553;sem vítima;119;BR-040/RJ;Sul;Choque - Objeto Fixo;1;;;;;;;;;;1;;;;
30/04/2012;20:54:00;5595;com vítima;119;BR-040/RJ;Sul;Colisão Frontal;2;;;;;;;;;;0;4;;;
30/04/2012;17:05:00;5562;sem vítima;121;BR-040/RJ;Norte;Colisão Traseira;1;;1;;;;;;;;2;;;;
01/05/2012;12:51:00;77;com vítima;25;BR-040/RJ;Norte;Capotamento;1;;;;;;;;;;0;2;1;;
01/05/2012;12:41:00;73;com vítima;34;BR-040/RJ;Norte;Choque - Objeto Fixo;1;;;;;;;;;;0;1;1;;
01/05/2012;13:57:00;85;sem vítima;72;BR-040/RJ;Sul;Choque - Objeto Fixo;1;;;;;;;;;;1;;;;
01/05/2012;10:37:00;53;sem vítima;74;BR-040/RJ;Norte;Choque - Objeto Fixo;1;;;;;;;;;;1;;;;
01/05/2012;15:30:00;102;sem vítima;80;BR-040/RJ;Sul;Choque - Objeto Fixo;1;;;;;;;;;;1;;;;
01/05/2012;08:50:00;42;sem vítima;82;BR-040/RJ;Sul;Choque - Objeto Fixo;1;;;;;;;;;;1;;;;
01/05/2012;17:52:00;118;sem vítima;84;BR-040/RJ;Sul;Choque - Objeto Fixo;1;;;;;;;;;;1;;;;
01/05/2012;21:07:00;140;sem vítima;84;BR-040/RJ;Norte;Choque - Objeto Fixo;1;;;;;;;;;;1;;;;
01/05/2012;12:50:00;79;sem vítima;85;BR-040/RJ;Norte;Choque - Objeto Fixo;1;;;;;;;;;;1;;;;
01/05/2012;16:38:00;107;sem vítima;87;BR-040/RJ;Sul;Choque - Objeto Fixo;1;;;;;;;;;;1;;;;
01/05/2012;18:41:00;123;com vítima;87;BR-040/RJ;Sul;Colisão Traseira;1;;1;;;;;;;;1;1;;;
01/05/2012;19:42:00;131;sem vítima;87;BR-040/RJ;Sul;Colisão Traseira;3;;;;;;;;;;3;;;;
01/05/2012;12:00:00;66;com vítima;90;BR-040/RJ;Sul;Capotamento;1;;;;;;;;;;0;;1;;
01/05/2012;16:50:00;109;sem vítima;91;BR-040/RJ;Norte;Choque - Objeto Fixo;1;;;;;;;;;;1;;;;
01/05/2012;17:11:00;112;sem vítima;91;BR-040/RJ;Sul;Choque - Objeto Fixo;1;;;;;;;;;;1;;;;
01/05/2012;04:30:00;23;sem vítima;92;BR-040/RJ;Sul;Choque - Objeto Fixo;1;;;;;;;;;;1;;;;
01/05/2012;18:12:00;120;sem vítima;93;BR-040/RJ;Sul;Choque - Objeto Fixo;1;;;;;;;;;;1;;;;
01/05/2012;22:40:00;151;sem vítima;95;BR-040/RJ;Norte;Choque - Objeto Fixo;1;;;;;;;;;;1;;;;
01/05/2012;11:05:00;58;sem vítima;96;BR-040/RJ;Sul;Choque - Objeto Fixo;1;;;;;;;;;;1;;;;
01/05/2012;13:40:00;82;sem vítima;788;BR-040/MG;Norte;Choque - Objeto Fixo;1;;;;;;;;;;1;;;;
01/05/2012;13:40:00;94;com vítima;788;BR-040/MG;Norte;Colisão Traseira;2;;;;;;;;;;2;1;3;;
01/05/2012;13:40:00;95;sem vítima;788;BR-040/MG;Norte;Choque - Objeto Fixo;1;;;;;;;;;;1;;;;
01/05/2012;13:40:00;110;com vítima;788;BR-040/MG;Norte;Atropelamento - Pedestre;1;;;;;;;;;;1;2;;;
01/05/2012;18:35:00;122;sem vítima;122;BR-040/RJ;Norte;Colisão Traseira;1;;;;1;;;;;;2;;;;
02/05/2012;16:24:00;280;sem vítima;55;BR-040/RJ;Sul;Colisão Traseira;2;;;;;;;;;;2;;;;
02/05/2012;07:01:00;187;sem vítima;78;BR-040/RJ;Sul;Choque - Objeto Fixo;1;;;;;;;;;;1;;;;
02/05/2012;20:40:00;312;com vítima;78;BR-040/RJ;Sul;Queda de Moto;;;;1;;;;;;;0;1;;;
02/05/2012;23:38:00;330;sem vítima;109;BR-040/RJ;Norte;Tombamento;;;1;;;;;;;;1;;;;
02/05/2012;09:42:00;218;sem vítima;792;BR-040/MG;Sul;Choque - Objeto Fixo;1;;;;;;;;;;1;;;;
02/05/2012;10:31:00;232;com vítima;118;BR-040/RJ;Sul;Colisão Traseira;2;;;;;;;;;;1;1;;;
02/05/2012;19:20:00;300;sem vítima;120;BR-040/RJ;Norte;Engavetamento;3;;;;;;;;;;3;;;;
03/05/2012;03:33:00;338;sem vítima;76;BR-040/RJ;Sul;Colisão Traseira;;;2;;;;;;;;2;;;;
03/05/2012;11:43:00;393;sem vítima;76;BR-040/RJ;Sul;Choque - Objeto Fixo;1;;;;;;;;;;3;;;;
03/05/2012;08:50:00;370;com vítima;96;BR-040/RJ;Norte;Tombamento;;;1;;;;;;;;0;1;;;
03/05/2012;16:17:00;424;sem vítima;109;BR-040/RJ;Norte;Colisão Lateral;1;;1;;;;;;;;2;;;;
03/05/2012;15:54:00;421;sem vítima;790;BR-040/MG;Norte;Choque - Objeto Fixo;1;;;;;;;;;;1;;;;
03/05/2012;22:00:00;478;com vítima;806;BR-040/MG;Sul;Choque - Objeto Fixo;;;1;;;;;;;;0;1;;;
03/05/2012;09:30:00;375;sem vítima;121;BR-040/RJ;Norte;Colisão Traseira;2;;;;;;;;;;2;;;;
03/05/2012;11:11:00;389;com vítima;122;BR-040/RJ;Norte;Colisão Lateral;1;;;1;;;;;;;1;2;;;
03/05/2012;11:48:00;394;sem vítima;124;BR-040/RJ;Sul;Colisão Lateral;1;;1;;;;;;;;2;;;;
04/05/2012;06:08:00;516;sem vítima;33;BR-040/RJ;Sul;Choque - Objeto Fixo;1;;;;;;;;;;1;;;;
04/05/2012;14:44:00;583;sem vítima;46;BR-040/RJ;Norte;Colisão Transversal;2;;;;;;;;;;2;;;;
04/05/2012;11:52:00;565;com vítima;78;BR-040/RJ;Sul;Tombamento;;;1;;;;;;;;0;;1;;
04/05/2012;01:11:00;491;sem vítima;83;BR-040/RJ;Norte;Choque - Objeto Fixo;1;;;;;;;;;;1;;;;
04/05/2012;10:09:00;552;sem vítima;88;BR-040/RJ;Norte;Engavetamento;3;;;;;;;;;;3;;;;
04/05/2012;08:40:00;535;sem vítima;93;BR-040/RJ;Norte;Choque - Objeto Fixo;1;;;;;;;;;;1;;;;
04/05/2012;08:26:00;531;sem vítima;95;BR-040/RJ;Sul;Choque - Objeto Fixo;1;;;;;;;;;;3;;;;
04/05/2012;13:29:00;576;com vítima;105;BR-040/RJ;Norte;Atropelamento - Pedestre;1;1;;;;;;;;;1;1;;;
04/05/2012;13:56:00;578;com vítima;105;BR-040/RJ;Norte;Atropelamento - Pedestre;;1;;;;1;;;;;1;1;;;
04/05/2012;07:29:00;521;com vítima;109;BR-040/RJ;Sul;Capotamento;1;;;;;;;;;;0;1;;;
04/05/2012;10:09:00;551;sem vítima;121;BR-040/RJ;Sul;Colisão Traseira;2;;;;;;;;;;2;;;;
04/05/2012;08:26:00;530;sem vítima;123;BR-040/RJ;Sul;Colisão Lateral;1;;1;;;;;;;;2;;;;
04/05/2012;18:55:00;626;sem vítima;123;BR-040/RJ;Sul;Capotamento;2;;;;;;;;;;6;;;;
04/05/2012;06:08:00;515;sem vítima;124;BR-040/RJ;Sul;Colisão Traseira;1;;1;;;;;;;;2;;;;
05/05/2012;06:18:00;689;sem vítima;24;BR-040/RJ;Norte;Choque - Objeto Fixo;1;;;;;;;;;;1;;;;
05/05/2012;14:06:00;763;sem vítima;64;BR-040/RJ;Sul;Choque - Objeto Fixo;;;1;;;;;;;;1;;;;
05/05/2012;20:20:00;818;com vítima;74;BR-040/RJ;Norte;Capotamento;1;;;;;;;;;;0;2;;;
05/05/2012;07:28:00;696;sem vítima;80;BR-040/RJ;Sul;Choque - Objeto Fixo;1;;;;;;;;;;1;;;;
05/05/2012;17:40:00;798;sem vítima;95;BR-040/RJ;Sul;Choque - Objeto Fixo;1;;;;;;;;;;1;;;;
05/05/2012;04:57:00;681;com vítima;102;BR-040/RJ;Norte;Colisão Frontal;1;;;;;1;;;;;1;2;;;
05/05/2012;16:24:00;785;com vítima;112;BR-040/RJ;Norte;Colisão Lateral;;;;1;1;;;;;;1;1;1;;
05/05/2012;23:15:00;828;com vítima;121;BR-040/RJ;Norte;Colisão Traseira;2;;;;;;;;;;0;2;;;
05/05/2012;17:18:00;792;sem vítima;122;BR-040/RJ;Sul;Choque - Objeto Fixo;1;;;;;;;;;;1;;;;
06/05/2012;17:49:00;954;com vítima;50;BR-040/RJ;Sul;Choque - Objeto Fixo;1;;;;;;;;;;0;4;;;
06/05/2012;15:34:00;933;sem vítima;54;BR-040/RJ;Norte;Queda de Moto;;;;1;;;;;;;1;;;;
06/05/2012;03:47:00;847;com vítima;73;BR-040/RJ;Sul;Capotamento;1;;;;;;;;;;0;2;;;
06/05/2012;15:25:00;932;sem vítima;77;BR-040/RJ;Sul;Choque - Objeto Fixo;1;;;;;;;;;;1;;;;
06/05/2012;12:55:00;916;com vítima;78;BR-040/RJ;Sul;Queda de Moto;;;;1;;;;;;;0;1;;;
06/05/2012;16:42:00;942;sem vítima;84;BR-040/RJ;Sul;Choque - Objeto Fixo;1;;;;;;;;;;1;;;;
06/05/2012;09:10:00;883;com vítima;95;BR-040/RJ;Norte;Queda de Moto;;;;1;;;;;;;0;;1;;
06/05/2012;01:35:00;839;com vítima;108;BR-040/RJ;Norte;Colisão Traseira;1;;;1;;;;;;;1;;;2;
06/05/2012;10:40:00;897;com vítima;113;BR-040/RJ;Norte;Choque - Objeto Fixo;1;;;;;;;;;;0;;3;1;1
07/05/2012;05:23:00;1018;sem vítima;104;BR-040/RJ;Sul;Colisão Lateral;2;;;;;;;;;;2;;;;
07/05/2012;07:09:00;1029;sem vítima;796;BR-040/MG;Norte;Choque - Objeto Fixo;1;;;;;;;;;;1;;;;
07/05/2012;09:03:00;1050;com vítima;121;BR-040/RJ;Sul;Colisão Lateral;1;;;1;;;;;;;1;1;;;
07/05/2012;14:11:00;1105;sem vítima;123;BR-040/RJ;Norte;Engavetamento;1;;2;;;;;;;;3;;;;
07/05/2012;17:52:00;1135;sem vítima;123;BR-040/RJ;Norte;Colisão Lateral;1;;1;;;;;;;;2;;;;
07/05/2012;16:12:00;1125;sem vítima;124;BR-040/RJ;Norte;Colisão Lateral;1;;1;;;;;;;;2;;;;
07/05/2012;19:02:00;1148;sem vítima;124;BR-040/RJ;Norte;Colisão Lateral;1;;1;;;;;;;;2;;;;
08/05/2012;15:54:00;1295;com vítima;1;BR-040/RJ;Norte;Choque - Objeto Fixo;1;;;;;;;;;;0;1;;;
08/05/2012;21:35:00;1342;sem vítima;78;BR-040/RJ;Sul;Choque - Objeto Fixo;1;;;;;;;;;;1;;;;
08/05/2012;09:42:00;1244;sem vítima;83;BR-040/RJ;Sul;Choque - Objeto Fixo;1;;;;;;;;;;1;;;;
08/05/2012;05:57:00;1205;sem vítima;84;BR-040/RJ;Norte;Derrapagem;1;;;;;;;;;;1;;;;
08/05/2012;10:35:00;1255;sem vítima;90;BR-040/RJ;Norte;Choque - Objeto Fixo;1;;;;;;;;;;1;;;;
08/05/2012;11:56:00;1270;sem vítima;91;BR-040/RJ;Norte;Choque - Objeto Fixo;1;;;;;;;;;;1;;;;
08/05/2012;10:18:00;1249;sem vítima;92;BR-040/RJ;Norte;Colisão Traseira;1;;1;;;;;;;;2;;;;
08/05/2012;18:11:00;1314;sem vítima;92;BR-040/RJ;Sul;Choque - Objeto Fixo;1;;;;;;;;;;1;;;;
08/05/2012;17:22:00;1307;sem vítima;97;BR-040/RJ;Sul;Choque - Objeto Fixo;1;;;;;;;;;;1;;;;
08/05/2012;22:08:00;1349;sem vítima;102;BR-040/RJ;Sul;Derrapagem;1;;;;;;;;;;1;;;;
08/05/2012;18:35:00;1320;sem vítima;116;BR-040/RJ;Sul;Choque - Objeto Fixo;;;;;1;;;;;;1;;;;
08/05/2012;04:40:00;1199;com vítima;123;BR-040/RJ;Sul;Colisão Traseira;1;;1;;;;;;;;1;1;;;
08/05/2012;13:03:00;1283;com vítima;124;BR-040/RJ;Norte;Colisão Lateral;1;;1;;;;;;;;1;1;;;
09/05/2012;15:31:00;1449;sem vítima;45;BR-040/RJ;Norte;Colisão Lateral;;;2;;;;;;;;2;;;;
09/05/2012;08:09:00;1386;com vítima;55;BR-040/RJ;Norte;Queda de Moto;;;;1;;;;;;;0;1;;;
09/05/2012;18:51:00;1476;sem vítima;82;BR-040/RJ;Norte;Colisão Traseira;;;2;;;;;;;;2;;;;
09/05/2012;17:54:00;1465;sem vítima;90;BR-040/RJ;Norte;Colisão Traseira;;;2;;;;;;;;2;;;;
09/05/2012;16:13:00;1455;sem vítima;111;BR-040/RJ;Norte;Choque - Objeto Fixo;1;;;;;;;;;;1;;;;
09/05/2012;11:25:00;1412;com vítima;113;BR-040/RJ;Sul;Colisão Lateral;;;;2;;;;;;;0;1;1;;
09/05/2012;07:25:00;1380;com vítima;783;BR-040/MG;Norte;Choque - Objeto Fixo;1;;;;;;;;;;0;1;;;
09/05/2012;12:03:00;1417;com vítima;812;BR-040/MG;Norte;Capotamento;1;;;;;;;;;;0;1;;;
10/05/2012;07:37:00;1528;sem vítima;113;BR-040/RJ;Norte;Colisão Frontal;2;;;;;;;;;;2;;;;
10/05/2012;16:26:00;1635;com vítima;809;BR-040/MG;Norte;Colisão Transversal;;;1;1;;;;;;;1;1;;;
10/05/2012;17:59:00;1651;com vítima;810;BR-040/MG;Sul;Atropelamento - Animal;1;;;1;;;;;;;0;2;2;1;1
10/05/2012;17:59:00;1673;sem vítima;810;BR-040/MG;Norte;Atropelamento - Animal;1;;;;;;;;;;1;;;;
10/05/2012;17:59:00;1674;sem vítima;810;BR-040/MG;Sul;Atropelamento - Animal;1;;;;;;;;;;1;;;;
10/05/2012;09:38:00;1556;sem vítima;119;BR-040/RJ;Norte;Queda de Moto;;;;1;;;;;;;1;;;;
10/05/2012;05:45:00;1520;com vítima;122;BR-040/RJ;Sul;Colisão Traseira;1;;;1;;;;;;;1;1;;;
10/05/2012;17:09:00;1644;sem vítima;123;BR-040/RJ;Sul;Colisão Traseira;1;;1;;;;;;;;2;;;;
11/05/2012;21:59:00;1883;com vítima;22;BR-040/RJ;Norte;Queda de Moto;1;;;;;;;;;;0;;2;;
11/05/2012;22:29:00;1889;com vítima;99;BR-040/RJ;Norte;Colisão Traseira;2;;;;;;;;;;1;3;;;
11/05/2012;00:15:00;1694;sem vítima;104;BR-040/RJ;Norte;Colisão Traseira;1;;;;1;;;;;;2;;;;
11/05/2012;17:43:00;1836;com vítima;108;BR-040/RJ;Norte;Atropelamento - Pedestre;1;;;;;;;;;;0;;2;;3
11/05/2012;09:44:00;1746;com vítima;791;BR-040/MG;Norte;Colisão Lateral;1;;1;;;;;;;;1;1;;;
11/05/2012;21:38:00;1881;sem vítima;816;BR-040/MG;Norte;Choque - Objeto Fixo;1;;;;;;;;;;1;;;;
12/05/2012;14:51:00;1996;sem vítima;85;BR-040/RJ;Norte;Choque - Objeto Fixo;1;;;;;;;;;;1;;;;
12/05/2012;07:17:00;1937;com vítima;91;BR-040/RJ;Sul;Tombamento;;;1;;;;;;;;0;1;;;
12/05/2012;04:41:00;1922;sem vítima;93;BR-040/RJ;Sul;Choque - Objeto Fixo;;;1;;;;;;;;1;;;;
12/05/2012;03:52:00;1918;sem vítima;112;BR-040/RJ;Norte;Choque - Objeto Fixo;1;;;;;;;;;;1;;;;
12/05/2012;19:40:00;2038;com vítima;112;BR-040/RJ;Norte;Colisão Lateral;1;;1;;;;;;;;1;1;;;
12/05/2012;08:53:00;1954;sem vítima;113;BR-040/RJ;Norte;Colisão Traseira;1;;;;;1;;;;;2;;;;
12/05/2012;00:01:00;1903;sem vítima;116;BR-040/RJ;Norte;Colisão Traseira;2;;;;;;;;;;5;;;;
12/05/2012;01:23:00;1912;com vítima;117;BR-040/RJ;Norte;Queda de Moto;;;;1;;;;;;;0;;1;;
12/05/2012;14:46:00;1995;com vítima;785;BR-040/MG;Sul;Choque - Objeto Fixo;;;1;;;;;;;;0;;1;;
12/05/2012;11:27:00;1977;sem vítima;120;BR-040/RJ;Norte;Engavetamento;1;;2;;;;;;;;3;;;;
12/05/2012;13:32:00;1989;sem vítima;120;BR-040/RJ;Sul;Colisão Traseira;2;;;;;;;;;;2;;;;
12/05/2012;14:41:00;1994;sem vítima;123;BR-040/RJ;Norte;Colisão Lateral;1;;1;;;;;;;;2;;;;
13/05/2012;14:12:00;2134;com vítima;64;BR-040/RJ;Norte;Colisão Traseira;2;;;;;;;;;;1;2;;;
13/05/2012;23:50:00;2218;sem vítima;74;BR-040/RJ;Norte;Choque - Objeto Fixo;1;;;;;;;;;;1;;;;
13/05/2012;15:49:00;2149;sem vítima;82;BR-040/RJ;Sul;Choque - Objeto Fixo;1;;;;;;;;;;1;;;;
13/05/2012;08:57:00;2093;sem vítima;84;BR-040/RJ;Norte;Choque - Objeto Fixo;1;;;;;;;;;;1;;;;
13/05/2012;09:37:00;2097;com vítima;84;BR-040/RJ;Sul;Capotamento;1;;;;;;;;;;0;1;;;
13/05/2012;16:32:00;2160;sem vítima;84;BR-040/RJ;Sul;Choque - Objeto Fixo;1;;;;;;;;;;1;;;;
13/05/2012;17:33:00;2168;com vítima;84;BR-040/RJ;Sul;Engavetamento;2;;1;;;;;;;;1;6;;;
13/05/2012;16:08:00;2157;sem vítima;90;BR-040/RJ;Sul;Choque - Objeto Fixo;1;;;;;;;;;;1;;;;
13/05/2012;10:09:00;2107;sem vítima;91;BR-040/RJ;Norte;Choque - Objeto Fixo;1;;;;;;;;;;1;;;;
13/05/2012;18:29:00;2179;sem vítima;92;BR-040/RJ;Norte;Choque - Objeto Fixo;1;;;;;;;;;;1;;;;
13/05/2012;07:29:00;2085;com vítima;93;BR-040/RJ;Norte;Queda de Moto;;;;1;;;;;;;0;1;;;
13/05/2012;07:45:00;2088;com vítima;93;BR-040/RJ;Norte;Queda de Moto;;;;1;;;;;;;0;1;;;
13/05/2012;13:47:00;2131;sem vítima;93;BR-040/RJ;Sul;Choque - Objeto Fixo;1;;;;;;;;;;1;;;;
13/05/2012;15:54:00;2152;sem vítima;93;BR-040/RJ;Sul;Choque - Objeto Fixo;1;;;;;;;;;;1;;;;
13/05/2012;21:57:00;2205;sem vítima;93;BR-040/RJ;Sul;Choque - Objeto Fixo;1;;;;;;;;;;1;;;;
13/05/2012;10:00:00;2102;sem vítima;94;BR-040/RJ;Norte;Choque - Objeto Fixo;1;;;;;;;;;;1;;;;
13/05/2012;14:40:00;2136;sem vítima;94;BR-040/RJ;Sul;Choque - Objeto Fixo;1;;;;;;;;;;1;;;;
13/05/2012;20:19:00;2192;sem vítima;94;BR-040/RJ;Sul;Choque - Objeto Fixo;1;;;;;;;;;;1;;;;
13/05/2012;22:15:00;2208;sem vítima;101;BR-040/RJ;Norte;Choque - Objeto Fixo;1;;;;;;;;;;1;;;;
13/05/2012;16:37:00;2161;sem vítima;105;BR-040/RJ;Norte;Colisão Lateral;2;;;;;;;;;;2;;;;
13/05/2012;18:41:00;2180;com vítima;111;BR-040/RJ;Sul;Colisão Traseira;2;;;;;;;;;;1;1;;;
13/05/2012;19:52:00;2188;com vítima;111;BR-040/RJ;Sul;Engavetamento;4;;;;;;;;;;0;12;;;
13/05/2012;21:40:00;2204;sem vítima;113;BR-040/RJ;Norte;Choque - Objeto Fixo;1;;;;;;;;;;1;;;;
13/05/2012;19:04:00;2181;sem vítima;114;BR-040/RJ;Norte;Colisão Traseira;2;;;;;;;;;;2;;;;