data;horario;n_da_ocorrencia;tipo_de_ocorrencia;km;trecho;sentido;tipo_de_acidente;automovel;bicicleta;caminhao;moto;onibus;outros;tracao_animal;transporte_de_cargas_especiais;trator_maquinas;utilitarios;ilesos;levemente_feridos;moderadamente_feridos;gravemente_feridos;mortos
13/05/2012;19:52:00;2187;sem vítima;114;BR-040/RJ;Norte;Choque - Objeto Fixo;1;;;;;;;;;;1;;;;
13/05/2012;17:50:00;2174;sem vítima;828;BR-040/MG;Norte;Choque - Objeto Fixo;1;;;;;;;;;;1;;;;
13/05/2012;12:18:00;2123;sem vítima;123;BR-040/RJ;Sul;Colisão Traseira;2;;;;;;;;;;2;;;;
13/05/2012;17:49:00;2172;sem vítima;124;BR-040/RJ;Sul;Colisão Traseira;2;;;;;;;;;;2;;;;
13/05/2012;20:40:00;2195;sem vítima;124;BR-040/RJ;Sul;Colisão Traseira;2;;;;;;;;;;2;;;;
14/05/2012;12:03:00;2306;sem vítima;3;BR-040/RJ;Norte;Derrapagem;1;;;;;;;;;;1;;;;
14/05/2012;13:58:00;2330;sem vítima;8;BR-040/RJ;Norte;Choque - Objeto Fixo;1;;;;;;;;;;1;;;;
14/05/2012;17:06:00;2355;com vítima;34;BR-040/RJ;Norte;Choque - Objeto Fixo;1;;;;;;;;;;0;4;;;
14/05/2012;13:32:00;2324;sem vítima;72;BR-040/RJ;Sul;Colisão Traseira;1;;1;;;;;;;;2;;;;
14/05/2012;12:25:00;2310;sem vítima;80;BR-040/RJ;Sul;Choque - Objeto Fixo;1;;;;;;;;;;1;;;;
14/05/2012;11:19:00;2298;sem vítima;84;BR-040/RJ;Norte;Colisão Lateral;1;;1;;;;;;;;2;;;;
14/05/2012;11:27:00;2300;sem vítima;84;BR-040/RJ;Sul;Choque - Objeto Fixo;1;;;;;;;;;;1;;;;
14/05/2012;16:31:00;2351;sem vítima;90;BR-040/RJ;Norte;Choque - Objeto Fixo;1;;;;;;;;;;1;;;;
14/05/2012;18:57:00;2364;sem vítima;90;BR-040/RJ;Norte;Choque - Objeto Fixo;1;;;;;;;;;;1;;;;
14/05/2012;13:36:00;2326;sem vítima;93;BR-040/RJ;Sul;Choque - Objeto Fixo;1;;;;;;;;;;1;;;;
14/05/2012;14:16:00;2334;sem vítima;109;BR-040/RJ;Sul;Colisão Traseira;;;2;;;;;;;;2;;;;
14/05/2012;09:48:00;2277;sem vítima;116;BR-040/RJ;Sul;Colisão Traseira;1;;1;;;;;;;;2;;;;
14/05/2012;15:57:00;2344;sem vítima;781;BR-040/MG;Sul;Choque - Objeto Fixo;1;;;;;;;;;;1;;;;
14/05/2012;12:50:00;2313;sem vítima;792;BR-040/MG;Sul;Choque - Objeto Fixo;1;;;;;;;;;;1;;;;
14/05/2012;22:06:00;2386;com vítima;803;BR-040/MG;Sul;Colisão Traseira;;;2;;;;;;;;1;;;2;
14/05/2012;03:14:00;2225;com vítima;806;BR-040/MG;Sul;Capotamento;1;;;;;;;;;;0;1;;;
14/05/2012;12:27:00;2311;com vítima;810;BR-040/MG;Norte;Capotamento;1;;;;;;;;;;0;1;;;
14/05/2012;10:41:00;2288;sem vítima;813;BR-040/MG;Sul;Tombamento;;;1;;;;;;;;1;;;;
14/05/2012;06:11:00;2239;sem vítima;122;BR-040/RJ;Sul;Colisão Lateral;1;;1;;;;;;;;2;;;;
14/05/2012;08:05:00;2259;sem vítima;123;BR-040/RJ;Sul;Engavetamento;2;;1;;;;;;;;3;;;;
14/05/2012;12:06:00;2307;sem vítima;123;BR-040/RJ;Sul;Colisão Lateral;1;;;;1;;;;;;2;;;;
14/05/2012;18:55:00;2365;sem vítima;124;BR-040/RJ;Sul;Colisão Lateral;1;;1;;;;;;;;2;;;;
14/05/2012;19:23:00;2367;sem vítima;124;BR-040/RJ;Sul;Colisão Lateral;1;;1;;;;;;;;2;;;;
15/05/2012;11:42:00;2461;com vítima;31;BR-040/RJ;Sul;Capotamento;1;;;;;;;;;;0;2;1;;
15/05/2012;19:45:00;2525;sem vítima;34;BR-040/RJ;Norte;Capotamento;1;;;;;;;;;;1;;;;
15/05/2012;19:59:00;2527;com vítima;34;BR-040/RJ;Norte;Colisão Transversal;2;;;;;;;;;;1;2;;;
15/05/2012;11:52:00;2464;com vítima;68;BR-040/RJ;Norte;Colisão Lateral;1;1;;;;;;;;;2;1;;;
15/05/2012;09:48:00;2440;sem vítima;72;BR-040/RJ;Sul;Choque - Objeto Fixo;1;;;;;;;;;;1;;;;
15/05/2012;13:01:00;2472;sem vítima;84;BR-040/RJ;Norte;Choque - Objeto Fixo;1;;;;;;;;;;1;;;;
15/05/2012;11:02:00;2457;com vítima;88;BR-040/RJ;Sul;Choque - Objeto Fixo;1;;;;;;;;;;5;1;;;
15/05/2012;15:13:00;2482;sem vítima;90;BR-040/RJ;Sul;Choque - Objeto Fixo;1;;;;;;;;;;1;;;;
15/05/2012;15:26:00;2487;com vítima;91;BR-040/RJ;Sul;Capotamento;1;;;;;;;;;;0;1;;;
15/05/2012;15:58:00;2493;sem vítima;91;BR-040/RJ;Sul;Choque - Objeto Fixo;1;;;;;;;;;;1;;;;
15/05/2012;21:30:00;2538;sem vítima;92;BR-040/RJ;Sul;Capotamento;1;;;;;;;;;;1;;;;
15/05/2012;21:09:00;2534;com vítima;94;BR-040/RJ;Sul;Capotamento;1;;;;;;;;;;0;2;;;
15/05/2012;10:53:00;2455;com vítima;96;BR-040/RJ;Sul;Choque - Objeto Fixo;1;;;;;;;;;;0;1;;;
15/05/2012;21:19:00;2539;sem vítima;106;BR-040/RJ;Sul;Colisão Traseira;1;;;;;1;;;;;2;;;;
15/05/2012;13:15:00;2474;sem vítima;109;BR-040/RJ;Norte;Choque - Objeto Fixo;1;;;;;;;;;;1;;;;
15/05/2012;15:07:00;2481;sem vítima;109;BR-040/RJ;Norte;Colisão Traseira;2;;;;;;;;;;2;;;;
15/05/2012;17:00:00;2500;sem vítima;109;BR-040/RJ;Norte;Choque - Objeto Fixo;1;;;;;;;;;;1;;;;
15/05/2012;21:37:00;2540;com vítima;113;BR-040/RJ;Sul;Capotamento;1;;;;;;;;;;0;1;;;
15/05/2012;19:27:00;2523;sem vítima;114;BR-040/RJ;Norte;Choque - Objeto Fixo;1;;;;;;;;;;1;;;;
15/05/2012;17:20:00;2503;sem vítima;119;BR-040/RJ;Norte;Colisão Lateral;1;;1;;;;;;;;2;;;;
15/05/2012;10:17:00;2450;sem vítima;123;BR-040/RJ;Sul;Colisão Lateral;1;;1;;;;;;;;2;;;;
15/05/2012;16:33:00;2496;sem vítima;123;BR-040/RJ;Norte;Choque - Objeto Fixo;1;;;;;;;;;;1;;;;
16/05/2012;00:56:00;2557;sem vítima;56;BR-040/RJ;Norte;Colisão Lateral;;;1;;;1;;;;;2;;;;
16/05/2012;13:53:00;2665;com vítima;82;BR-040/RJ;Norte;Capotamento;1;;;;;;;;;;0;;1;;
16/05/2012;15:28:00;2675;com vítima;90;BR-040/RJ;Norte;Choque - Objeto Fixo;1;;;;;;;;;;0;1;2;;
16/05/2012;09:56:00;2614;sem vítima;108;BR-040/RJ;Norte;Colisão Traseira;1;;1;;;;;;;;2;;;;
16/05/2012;05:47:00;2575;com vítima;117;BR-040/RJ;Sul;Engavetamento;2;;2;;1;;;;;;2;3;;;
16/05/2012;14:36:00;2669;sem vítima;783;BR-040/MG;Norte;Capotamento;1;;;;;;;;;;1;;;;
16/05/2012;22:24:00;2713;com vítima;120;BR-040/RJ;Sul;Capotamento;1;;;;;;;;;;0;;1;;
16/05/2012;13:57:00;2666;com vítima;124;BR-040/RJ;Sul;Tombamento;;;1;;;;;;;;0;1;;;
16/05/2012;15:19:00;2674;com vítima;124;BR-040/RJ;Norte;Colisão Traseira;1;;1;;;;;;;;1;2;;;
17/05/2012;23:53:00;2884;sem vítima;66;BR-040/RJ;Sul;Choque - Objeto Fixo;1;;;;;;;;;;1;;;;
17/05/2012;08:41:00;2757;com vítima;72;BR-040/RJ;Norte;Capotamento;1;;;;;;;;;;0;1;;;
17/05/2012;15:55:00;2822;sem vítima;82;BR-040/RJ;Sul;Colisão Lateral;1;;;;1;;;;;;2;;;;
17/05/2012;08:24:00;2755;sem vítima;93;BR-040/RJ;Norte;Colisão Lateral;;;2;;;;;;;;2;;;;
17/05/2012;20:40:00;2864;sem vítima;114;BR-040/RJ;Norte;Choque - Objeto Fixo;1;;;;;;;;;;1;;;;
17/05/2012;02:22:00;2722;sem vítima;119;BR-040/RJ;Sul;Choque - Objeto Fixo;1;;;;;;;;;;1;;;;
17/05/2012;23:00:00;2877;sem vítima;119;BR-040/RJ;Norte;Colisão Lateral;1;;;;1;;;;;;2;;;;
17/05/2012;18:56:00;2850;sem vítima;121;BR-040/RJ;Norte;Colisão Lateral;1;;;;1;;;;;;2;;;;
17/05/2012;20:48:00;2865;sem vítima;122;BR-040/RJ;Norte;Choque - Objeto Fixo;1;;;;;;;;;;1;;;;
18/05/2012;06:56:00;2906;com vítima;39;BR-040/RJ;Sul;Colisão Traseira;;;;1;;1;;;;;1;;2;;
18/05/2012;22:13:00;3056;sem vítima;51;BR-040/RJ;Norte;Choque - Objeto Fixo;1;;;;;;;;;;1;;;;
18/05/2012;21:03:00;3049;sem vítima;70;BR-040/RJ;Norte;Choque - Objeto Fixo;1;;;;;;;;;;1;;;;
18/05/2012;10:15:00;2936;sem vítima;111;BR-040/RJ;Sul;Colisão Lateral;1;;1;;;;;;;;2;;;;
18/05/2012;09:29:00;2929;sem vítima;774;BR-040/MG;Sul;Colisão Traseira;1;;1;;;;;;;;2;;;;
18/05/2012;18:57:00;3031;sem vítima;799;BR-040/MG;Norte;Choque - Objeto Fixo;1;;;;;;;;;;1;;;;
18/05/2012;11:57:00;2956;com vítima;118;BR-040/RJ;Norte;Queda de Moto;;;;1;;;;;;;0;1;;;
18/05/2012;20:05:00;3040;sem vítima;122;BR-040/RJ;Norte;Colisão Lateral;1;;1;;;;;;;;2;;;;
18/05/2012;07:30:00;2911;sem vítima;123;BR-040/RJ;Sul;Colisão Lateral;1;;;;;1;;;;;2;;;;
19/05/2012;21:28:00;3208;sem vítima;12;BR-040/RJ;Sul;Choque - Objeto Fixo;;;1;;;;;;;;1;;;;
19/05/2012;19:04:00;3191;sem vítima;84;BR-040/RJ;Sul;Choque - Objeto Fixo;1;;;;;;;;;;1;;;;
19/05/2012;19:11:00;3193;sem vítima;105;BR-040/RJ;Norte;Colisão Lateral;1;;1;;;;;;;;2;;;;
19/05/2012;21:39:00;3211;com vítima;111;BR-040/RJ;Norte;Capotamento;1;;;;;;;;;;0;2;;;
19/05/2012;23:07:00;3218;sem vítima;112;BR-040/RJ;Norte;Choque - Objeto Fixo;1;;;;;;;;;;1;;;;
19/05/2012;11:15:00;3129;com vítima;793;BR-040/MG;Sul;Queda de Moto;;;;1;;;;;;;0;;1;;
19/05/2012;23:46:00;3224;sem vítima;799;BR-040/MG;Sul;Choque - Objeto Fixo;1;;;;;;;;;;1;;;;
19/05/2012;03:55:00;3077;sem vítima;119;BR-040/RJ;Norte;Choque - Objeto Fixo;1;;;;;;;;;;1;;;;
19/05/2012;03:10:00;3072;com vítima;123;BR-040/RJ;Sul;Choque - Objeto Fixo;1;;;;;;;;;;0;;;1;
19/05/2012;10:52:00;3122;sem vítima;124;BR-040/RJ;Norte;Colisão Lateral;1;;1;;;;;;;;2;;;;
19/05/2012;02:36:00;3070;com vítima;125;BR-040/RJ;Sul;Colisão Lateral;;;;2;;;;;;;0;3;;;
20/05/2012;02:43:00;3233;com vítima;101;BR-040/RJ;Norte;Colisão Lateral;;;;2;;;;;;;1;;1;1;
20/05/2012;19:47:00;3336;sem vítima;105;BR-040/RJ;Sul;Colisão Traseira;2;;;;;;;;;;2;;;;
20/05/2012;16:36:00;3312;sem vítima;780;BR-040/MG;Norte;Colisão Traseira;2;;;;;;;;;;2;;;;
20/05/2012;05:30:00;3241;com vítima;783;BR-040/MG;Norte;Choque - Objeto Fixo;1;;;;;;;;;;0;1;;;
20/05/2012;07:30:00;3247;com vítima;786;BR-040/MG;Norte;Capotamento;1;;;;;;;;;;0;1;;;
20/05/2012;20:38:00;3343;com vítima;796;BR-040/MG;Sul;Colisão Traseira;2;;;;;;;;;;0;7;;;
21/05/2012;15:05:00;3465;com vítima;55;BR-040/RJ;Norte;Capotamento;1;;;;;;;;;;0;1;;;
21/05/2012;10:27:00;3431;com vítima;58;BR-040/RJ;Sul;Capotamento;1;;;;;;;;;;0;5;;;
21/05/2012;14:41:00;3464;com vítima;101;BR-040/RJ;Sul;Colisão Traseira;2;;;;;;;;;;0;3;;;
21/05/2012;18:54:00;3502;com vítima;803;BR-040/MG;Sul;Choque - Objeto Fixo;;;1;;;;;;;;1;1;;;
21/05/2012;08:25:00;3411;sem vítima;121;BR-040/RJ;Sul;Colisão Lateral;2;;;;;;;;;;2;;;;
21/05/2012;07:14:00;3390;sem vítima;123;BR-040/RJ;Sul;Colisão Lateral;1;;1;;;;;;;;2;;;;
21/05/2012;08:00:00;3403;sem vítima;124;BR-040/RJ;Sul;Colisão Lateral;1;;;;1;;;;;;2;;;;
21/05/2012;18:14:00;3497;sem vítima;125;BR-040/RJ;Norte;Colisão Traseira;1;;1;;;;;;;;2;;;;
22/05/2012;12:21:00;3604;sem vítima;55;BR-040/RJ;Norte;Choque - Objeto Fixo;1;;;;;;;;;;1;;;;
22/05/2012;08:27:00;3565;com vítima;65;BR-040/RJ;Norte;Choque - Objeto Fixo;1;;;;;;;;;;0;1;1;;
22/05/2012;05:28:00;3540;sem vítima;76;BR-040/RJ;Sul;Colisão Traseira;2;;;;;;;;;;2;;;;
22/05/2012;10:45:00;3593;com vítima;82;BR-040/RJ;Norte;Derrapagem;1;;;;;;;;;;0;3;;;
22/05/2012;07:48:00;3559;sem vítima;108;BR-040/RJ;Norte;Engavetamento;3;;;;;;;;;;3;;;;
22/05/2012;09:36:00;3576;com vítima;108;BR-040/RJ;Norte;Colisão Lateral;1;;1;;;;;;;;1;1;;;
22/05/2012;13:35:00;3610;com vítima;109;BR-040/RJ;Norte;Colisão Lateral;;;1;1;;;;;;;1;1;;;
22/05/2012;10:24:00;3588;sem vítima;111;BR-040/RJ;Norte;Choque - Objeto Fixo;2;;;;;;;;;;2;;;;
22/05/2012;06:00:00;3543;sem vítima;112;BR-040/RJ;Norte;Colisão Traseira;2;;;;;;;;;;2;;;;
22/05/2012;00:02:00;3691;sem vítima;113;BR-040/RJ;Norte;Choque - Objeto Fixo;1;;;;;;;;;;1;;;;
22/05/2012;06:50:00;3550;sem vítima;123;BR-040/RJ;Sul;Colisão Traseira;2;;;;;;;;;;2;;;;
22/05/2012;18:04:00;3653;sem vítima;124;BR-040/RJ;Sul;Colisão Lateral;1;;1;;;;;;;;2;;;;
23/05/2012;02:20:00;3696;sem vítima;91;BR-040/RJ;Norte;Choque - Objeto Fixo;1;;;;;;;;;;1;;;;
23/05/2012;21:35:00;3865;sem vítima;94;BR-040/RJ;Norte;Queda de Moto;;;;1;;;;;;;1;;;;
23/05/2012;10:40:00;3769;com vítima;117;BR-040/RJ;Sul;Atropelamento - Pedestre;;;;1;;;;;;;0;;1;1;
23/05/2012;18:23:00;3842;com vítima;780;BR-040/MG;Sul;Choque - Objeto Fixo;;;1;;;;;;;;0;;;1;
23/05/2012;21:31:00;3864;com vítima;786;BR-040/MG;Norte;Queda de Moto;;;;1;;;;;;;0;1;;;
23/05/2012;08:06:00;3739;com vítima;787;BR-040/MG;Norte;Choque - Objeto Fixo;;;1;;;;;;;;0;1;;;
24/05/2012;11:23:00;3964;sem vítima;65;BR-040/RJ;Norte;Derrapagem;1;;;;;;;;;;1;;;;
24/05/2012;20:45:00;4060;com vítima;74;BR-040/RJ;Sul;Queda de Moto;;;;1;;;;;;;0;1;;;
24/05/2012;20:31:00;4059;sem vítima;77;BR-040/RJ;Norte;Colisão Lateral;2;;;;;;;;;;2;;;;
24/05/2012;22:37:00;4068;sem vítima;108;BR-040/RJ;Sul;Colisão Transversal;1;;1;;;;;;;;2;;;;
24/05/2012;16:58:00;4024;sem vítima;123;BR-040/RJ;Sul;Colisão Traseira;2;;;;;;;;;;2;;;;
25/05/2012;13:34:00;4160;sem vítima;17;BR-040/RJ;Sul;Atropelamento - Animal;1;;;;;;;;;;1;;;;
25/05/2012;16:15:00;4185;com vítima;97;BR-040/RJ;Norte;Queda de Moto;;;;1;;;;;;;0;1;;;
25/05/2012;05:23:00;4085;sem vítima;109;BR-040/RJ;Sul;Colisão Lateral;;;2;;;;;;;;2;;;;
25/05/2012;18:33:00;4213;sem vítima;111;BR-040/RJ;Norte;Colisão Traseira;2;;;;;;;;;;2;;;;
25/05/2012;18:15:00;4210;sem vítima;112;BR-040/RJ;Norte;Engavetamento;3;;;;;;;;;;3;;;;
25/05/2012;17:45:00;4205;sem vítima;782;BR-040/MG;Norte;Choque - Objeto Fixo;1;;;;;;;;;;1;;;;
25/05/2012;13:02:00;4156;com vítima;828;BR-040/MG;Sul;Capotamento;1;;;;;;;;;;0;1;1;;
25/05/2012;05:45:00;4087;com vítima;122;BR-040/RJ;Sul;Colisão Traseira;1;;;;1;;;;;;0;2;;;
25/05/2012;10:36:00;4127;sem vítima;123;BR-040/RJ;Sul;Colisão Lateral;1;;1;;;;;;;;2;;;;
25/05/2012;15:47:00;4181;sem vítima;124;BR-040/RJ;Sul;Engavetamento;2;;1;;;;;;;;3;;;;
26/05/2012;09:26:00;4316;com vítima;34;BR-040/RJ;Norte;Capotamento;1;;;;;;;;;;0;;;1;
26/05/2012;01:39:00;4263;sem vítima;43;BR-040/RJ;Norte;Choque - Objeto Fixo;1;;;;;;;;;;1;;;;
26/05/2012;19:59:00;4420;sem vítima;91;BR-040/RJ;Sul;Choque - Objeto Fixo;1;;;;;;;;;;1;;;;
26/05/2012;10:04:00;4323;sem vítima;93;BR-040/RJ;Norte;Colisão Traseira;1;;;;;1;;;;;2;;;;
26/05/2012;18:36:00;4405;sem vítima;93;BR-040/RJ;Norte;Choque - Objeto Fixo;1;;;;;;;;;;1;;;;
26/05/2012;20:36:00;4426;sem vítima;94;BR-040/RJ;Sul;Choque - Objeto Fixo;1;;;;;;;;;;1;;;;
26/05/2012;18:27:00;4403;com vítima;101;BR-040/RJ;Sul;Colisão Traseira;1;;;1;;;;;;;1;1;;;
26/05/2012;09:07:00;4311;sem vítima;104;BR-040/RJ;Norte;Colisão Lateral;1;;1;;;;;;;;2;;;;
26/05/2012;19:51:00;4417;sem vítima;104;BR-040/RJ;Sul;Choque - Objeto Fixo;1;;;;;;;;;;1;;;;
26/05/2012;05:03:00;4277;sem vítima;106;BR-040/RJ;Norte;Choque - Objeto Fixo;1;;;;;;;;;;1;;;;
26/05/2012;07:33:00;4290;com vítima;109;BR-040/RJ;Sul;Colisão Transversal;2;;;;;;;;;;1;2;;;
26/05/2012;20:08:00;4421;com vítima;116;BR-040/RJ;Sul;Colisão Traseira;1;;;;1;;;;;;1;6;;;
26/05/2012;23:39:00;4444;sem vítima;119;BR-040/RJ;Norte;Engavetamento;4;;;;1;;;;;;5;;;;
26/05/2012;15:48:00;4379;com vítima;122;BR-040/RJ;Norte;Capotamento;1;;;;;;;;;;0;2;;;
26/05/2012;20:22:00;4422;com vítima;124;BR-040/RJ;Sul;Colisão Traseira;1;;;1;;;;;;;1;2;;;
26/05/2012;20:40:00;4428;sem vítima;124;BR-040/RJ;Sul;Colisão Traseira;2;;;;;;;;;;2;;;;
26/05/2012;22:08:00;4433;sem vítima;124;BR-040/RJ;Norte;Choque - Objeto Fixo;1;;;;;;;;;;1;;;;
27/05/2012;17:58:00;4553;sem vítima;20;BR-040/RJ;Sul;Choque - Objeto Fixo;1;;;;;;;;;;1;;;;
27/05/2012;23:07:00;4590;com vítima;21;BR-040/RJ;Norte;Tombamento;;;1;;;;;;;;0;1;;;
27/05/2012;03:31:00;4460;sem vítima;59;BR-040/RJ;Norte;Choque - Objeto Fixo;1;;;;;;;;;;1;;;;
27/05/2012;03:07:00;4459;sem vítima;77;BR-040/RJ;Sul;Choque - Objeto Fixo;1;;;;;;;;;;1;;;;
27/05/2012;15:54:00;4535;com vítima;80;BR-040/RJ;Sul;Choque - Objeto Fixo;1;;;;;;;;;;1;1;;;
27/05/2012;14:44:00;4525;com vítima;87;BR-040/RJ;Sul;Choque - Objeto Fixo;1;;;;;;;;;;0;1;;;
27/05/2012;14:33:00;4524;sem vítima;104;BR-040/RJ;Norte;Colisão Traseira;2;;;;;;;;;;2;;;;
27/05/2012;03:35:00;4461;sem vítima;109;BR-040/RJ;Sul;Choque - Objeto Fixo;1;;;;;;;;;;1;;;;
27/05/2012;10:30:00;4500;sem vítima;109;BR-040/RJ;Norte;Queda de Moto;;;;1;;;;;;;1;;;;
27/05/2012;18:24:00;4559;sem vítima;109;BR-040/RJ;Sul;Engavetamento;3;;;;;;;;;;3;;;;
27/05/2012;00:44:00;4449;sem vítima;110;BR-040/RJ;Sul;Choque - Objeto Fixo;1;;;;;;;;;;1;;;;
27/05/2012;08:01:00;4481;sem vítima;114;BR-040/RJ;Sul;Colisão Lateral;2;;;;;;;;;;2;;;;
27/05/2012;16:10:00;4539;com vítima;800;BR-040/MG;Norte;Capotamento;1;;;;;;;;;;0;4;;;
27/05/2012;21:09:00;4575;sem vítima;119;BR-040/RJ;Sul;Choque - Objeto Fixo;1;;;;;;;;;;1;;;;
27/05/2012;03:54:00;4462;com vítima;125;BR-040/RJ;Sul;Capotamento;1;;;;;;;;;;1;;1;;
28/05/2012;03:52:00;4603;sem vítima;58;BR-040/RJ;Sul;Atropelamento - Animal;1;;;;;;;;;;1;;;;
28/05/2012;06:30:00;4617;sem vítima;112;BR-040/RJ;Norte;Choque - Objeto Fixo;1;;;;;;;;;;1;;;;
28/05/2012;02:58:00;4602;com vítima;113;BR-040/RJ;Norte;Queda de Moto;;;;1;;;;;;;0;;;1;
28/05/2012;15:06:00;4701;sem vítima;777;BR-040/MG;Sul;Colisão Lateral;1;;;;;1;;;;;2;;;;
28/05/2012;13:37:00;4689;sem vítima;784;BR-040/MG;Sul;Choque - Objeto Fixo;1;;;;;;;;;;1;;;;
28/05/2012;12:05:00;4671;sem vítima;118;BR-040/RJ;Norte;Tombamento;;;1;;;;;;;;1;;;;
28/05/2012;14:25:00;4697;sem vítima;119;BR-040/RJ;Norte;Colisão Lateral;1;;1;;;;;;;;2;;;;
28/05/2012;07:29:00;4626;sem vítima;122;BR-040/RJ;Sul;Colisão Traseira;1;;1;;;;;;;;2;;;;
28/05/2012;08:35:00;4641;sem vítima;124;BR-040/RJ;Sul;Colisão Lateral;1;;1;;;;;;;;2;;;;
29/05/2012;08:17:00;4815;com vítima;78;BR-040/RJ;Sul;Choque - Objeto Fixo;1;;;;;;;;;;0;1;;;
29/05/2012;11:44:00;4845;sem vítima;85;BR-040/RJ;Norte;Engavetamento;3;;;;;;;;;;3;;;;
29/05/2012;17:56:00;4898;sem vítima;106;BR-040/RJ;Sul;Colisão Traseira;2;;;;;;;;;;2;;;;
29/05/2012;14:37:00;4868;com vítima;109;BR-040/RJ;Sul;Queda de Moto;;;;1;;;;;;;0;1;1;;
29/05/2012;09:25:00;4825;com vítima;112;BR-040/RJ;Sul;Colisão Traseira;1;;1;;;;;;;;1;1;;;
29/05/2012;05:17:00;4789;sem vítima;114;BR-040/RJ;Norte;Choque - Objeto Fixo;1;;;;;;;;;;1;;;;
29/05/2012;16:15:00;4884;com vítima;114;BR-040/RJ;Sul;Colisão Lateral;1;;1;;;;;;;;1;1;;;
29/05/2012;09:55:00;4832;sem vítima;123;BR-040/RJ;Sul;Colisão Traseira;1;;1;;;;;;;;2;;;;
30/05/2012;03:50:00;4958;sem vítima;95;BR-040/RJ;Norte;Choque - Objeto Fixo;1;;;;;;;;;;1;;;;
30/05/2012;12:46:00;5039;sem vítima;104;BR-040/RJ;Sul;Colisão Traseira;1;;;;1;;;;;;2;;;;
30/05/2012;15:00:00;5058;sem vítima;122;BR-040/RJ;Sul;Colisão Lateral;;;2;;;;;;;;2;;;;
30/05/2012;07:29:00;4974;com vítima;123;BR-040/RJ;Sul;Queda de Moto;;;;1;;1;;;;;1;1;;;
30/05/2012;16:59:00;5086;sem vítima;124;BR-040/RJ;Sul;Colisão Transversal;;;2;;;;;;;;2;;;;
31/05/2012;19:14:00;5286;sem vítima;77;BR-040/RJ;Sul;Choque - Objeto Fixo;1;;;;;;;;;;1;;;;
31/05/2012;19:29:00;5288;com vítima;79;BR-040/RJ;Sul;Colisão Traseira;;;2;;;;;;;;2;2;;;
31/05/2012;17:23:00;5271;sem vítima;91;BR-040/RJ;Norte;Choque - Objeto Fixo;1;;;;;;;;;;2;;;;
31/05/2012;21:35:00;5305;sem vítima;92;BR-040/RJ;Sul;Choque - Objeto Fixo;1;;;;;;;;;;1;;;;
31/05/2012;10:51:00;5215;sem vítima;108;BR-040/RJ;Sul;Capotamento;1;;;;;;;;;;1;;;;
31/05/2012;08:15:00;5181;sem vítima;109;BR-040/RJ;Norte;Colisão Traseira;2;;;;;;;;;;2;;;;
31/05/2012;20:29:00;5295;sem vítima;123;BR-040/RJ;Norte;Engavetamento;3;;;;;;;;;;3;;;;
01/06/2012;15:16:00;106;sem vítima;73;BR-040/RJ;Sul;Choque - Objeto Fixo;1;;;;;;;;;;1;;;;
01/06/2012;22:43:00;170;sem vítima;78;BR-040/RJ;Sul;Choque - Objeto Fixo;1;;;;;;;;;;1;;;;
01/06/2012;07:41:00;32;sem vítima;84;BR-040/RJ;Norte;Choque - Objeto Fixo;1;;;;;;;;;;1;;;;
01/06/2012;21:27:00;168;sem vítima;84;BR-040/RJ;Norte;Choque - Objeto Fixo;1;;;;;;;;;;1;;;;
01/06/2012;20:05:00;157;com vítima;96;BR-040/RJ;Norte;Tombamento;;;1;;;;;;;;0;1;;;
01/06/2012;06:01:00;21;sem vítima;112;BR-040/RJ;Sul;Colisão Traseira;2;;;;;;;;;;2;;;;
01/06/2012;17:43:00;134;sem vítima;112;BR-040/RJ;Norte;Colisão Traseira;2;;;;;;;;;;2;;;;
01/06/2012;18:03:00;136;sem vítima;116;BR-040/RJ;Norte;Colisão Traseira;2;;;;;;;;;;2;;;;
01/06/2012;16:37:00;120;sem vítima;776;BR-040/MG;Sul;Choque - Objeto Fixo;1;;;;;;;;;;1;;;;
01/06/2012;12:06:00;80;sem vítima;120;BR-040/RJ;Sul;Engavetamento;3;;;;;;;;;;3;;;;
02/06/2012;18:17:00;326;com vítima;45;BR-040/RJ;Norte;Choque - Objeto Fixo;1;;;;;;;;;;0;1;;;
02/06/2012;02:34:00;189;sem vítima;82;BR-040/RJ;Norte;Choque - Objeto Fixo;1;;;;;;;;;;1;;;;
02/06/2012;05:18:00;204;sem vítima;90;BR-040/RJ;Norte;Colisão Traseira;1;;;;;;;;;;1;;;;
02/06/2012;05:18:00;207;sem vítima;94;BR-040/RJ;Norte;Choque - Objeto Fixo;1;;;;;;;;;;1;;;;
02/06/2012;05:10:00;206;com vítima;105;BR-040/RJ;Norte;Atropelamento - Pedestre;1;;;;;;;;;;1;;;1;
02/06/2012;13:13:00;270;com vítima;107;BR-040/RJ;Norte;Queda de Moto;;;;1;;;;;;;0;1;;;
02/06/2012;06:42:00;212;sem vítima;821;BR-040/MG;Norte;Choque - Objeto Fixo;1;;;;;;;;;;1;;;;
02/06/2012;04:30:00;201;sem vítima;123;BR-040/RJ;Sul;Choque - Objeto Fixo;1;;;;;;;;;;1;;;;
03/06/2012;16:59:00;470;com vítima;11;BR-040/RJ;Sul;Choque - Objeto Fixo;1;;;;;;;;;;1;1;;;
03/06/2012;18:18:00;484;sem vítima;11;BR-040/RJ;Sul;Colisão Lateral;1;;1;;;;;;;;2;;;;