data;horario;n_da_ocorrencia;tipo_de_ocorrencia;km;trecho;sentido;tipo_de_acidente;automovel;bicicleta;caminhao;moto;onibus;outros;tracao_animal;transporte_de_cargas_especiais;trator_maquinas;utilitarios;ilesos;levemente_feridos;moderadamente_feridos;gravemente_feridos;mortos
28/07/2012;15:43:00;5108;sem vítima;67;BR-040/RJ;Norte;Choque - Objeto Fixo;1;;;;;;;;;;1;;;;
28/07/2012;18:37:00;5137;sem vítima;69;BR-040/RJ;Sul;Choque - Objeto Fixo;1;;;;;;;;;;1;;;;
28/07/2012;20:40:00;5154;sem vítima;78;BR-040/RJ;Sul;Choque - Objeto Fixo;1;;;;;;;;;;1;;;;
28/07/2012;05:55:00;5005;sem vítima;80;BR-040/RJ;Sul;Choque - Objeto Fixo;1;;;;;;;;;;1;;;;
28/07/2012;22:50:00;5166;sem vítima;101;BR-040/RJ;Sul;Colisão Traseira;2;;;;;;;;;;4;;;;
28/07/2012;17:06:00;5127;com vítima;102;BR-040/RJ;Norte;Capotamento;1;;;;;;;;;;0;1;3;1;
28/07/2012;23:00:00;5169;sem vítima;120;BR-040/RJ;Norte;Choque - Objeto Fixo;1;;;;;;;;;;1;;;;
29/07/2012;07:54:00;5207;com vítima;56;BR-040/RJ;Norte;Colisão Lateral;2;;;;;;;;;;1;;1;;
29/07/2012;07:26:00;5204;com vítima;77;BR-040/RJ;Sul;Capotamento;1;;;;;;;;;;3;1;;;
29/07/2012;00:51:00;5181;com vítima;105;BR-040/RJ;Sul;Queda de Moto;;;;1;;;;;;;0;1;;;
29/07/2012;07:37:00;5205;sem vítima;108;BR-040/RJ;Norte;Choque - Objeto Fixo;1;;;;;;;;;;1;;;;
29/07/2012;16:24:00;5289;sem vítima;113;BR-040/RJ;Sul;Choque - Objeto Fixo;1;;;;;;;;;;1;;;;
29/07/2012;02:30:00;5186;com vítima;779;BR-040/MG;Sul;Capotamento;1;;;;;;;;;;1;2;;;
29/07/2012;05:52:00;5197;sem vítima;784;BR-040/MG;Norte;Choque - Objeto Fixo;1;;;;;;;;;;1;;;;
29/07/2012;10:36:00;5230;com vítima;787;BR-040/MG;Norte;Choque - Objeto Fixo;1;;;;;;;;;;0;2;;;
29/07/2012;10:16:00;5228;com vítima;121;BR-040/RJ;Norte;Colisão Traseira;1;;1;;;;;;;;4;2;;;
30/07/2012;15:29:00;5446;sem vítima;784;BR-040/MG;Norte;Colisão Lateral;1;;1;;;;;;;;2;;;;
30/07/2012;16:05:00;5454;sem vítima;119;BR-040/RJ;Sul;Colisão Lateral;1;;;1;;;;;;;2;;;;
31/07/2012;01:54:00;5505;sem vítima;86;BR-040/RJ;Norte;Choque - Objeto Fixo;1;;;;;;;;;;1;;;;
31/07/2012;20:39:00;5643;com vítima;92;BR-040/RJ;Sul;Choque - Objeto Fixo;1;;;;;;;;;;0;;1;;
31/07/2012;19:57:00;5637;sem vítima;93;BR-040/RJ;Sul;Choque - Objeto Fixo;1;;;;;;;;;;1;;;;
31/07/2012;08:10:00;5533;com vítima;95;BR-040/RJ;Norte;Queda de Moto;;;;1;;;;;;;1;1;;;
31/07/2012;18:20:00;5624;sem vítima;113;BR-040/RJ;Norte;Engavetamento;5;;;;;;;;;;5;;;;
31/07/2012;18:10:00;5623;com vítima;114;BR-040/RJ;Norte;Queda de Moto;;;1;1;;;;;;;1;;;;1
31/07/2012;18:39:00;5626;sem vítima;116;BR-040/RJ;Norte;Colisão Traseira;1;;1;;;;;;;;2;;;;
31/07/2012;17:40:00;5620;sem vítima;796;BR-040/MG;Sul;Choque - Objeto Fixo;1;;;;;;;;;;1;;;;
01/08/2012;15:38:00;110;com vítima;28;BR-040/RJ;Norte;Atropelamento - Pedestre;;;1;;;;;;;;1;1;;;
01/08/2012;21:12:00;149;sem vítima;110;BR-040/RJ;Norte;Colisão Traseira;1;;;;1;;;;;;2;;;;
01/08/2012;08:30:00;37;sem vítima;111;BR-040/RJ;Norte;Colisão Traseira;2;;;;;;;;;;2;;;;
01/08/2012;14:58:00;103;com vítima;114;BR-040/RJ;Sul;Colisão Traseira;1;;1;;;;;;;;0;4;;;
02/08/2012;10:48:00;243;sem vítima;55;BR-040/RJ;Sul;Engavetamento;4;;2;;;;;;;;11;;;;
02/08/2012;07:23:00;193;com vítima;79;BR-040/RJ;Sul;Tombamento;;;1;;;;;;;;0;1;;;
02/08/2012;18:11:00;322;sem vítima;99;BR-040/RJ;Norte;Engavetamento;2;;;;;1;;;;;3;;;;
02/08/2012;17:46:00;318;com vítima;111;BR-040/RJ;Norte;Colisão Lateral;1;;;1;;;;;;;0;1;;1;
02/08/2012;15:00:00;284;sem vítima;782;BR-040/MG;Sul;Colisão Lateral;1;;1;;;;;;;;2;;;;
02/08/2012;05:50:00;184;com vítima;123;BR-040/RJ;Norte;Colisão Frontal;2;;;;;;;;;;0;;3;;
03/08/2012;07:59:00;386;sem vítima;60;BR-040/RJ;Norte;Colisão Lateral;1;;1;;;;;;;;3;;;;
03/08/2012;15:46:00;479;com vítima;80;BR-040/RJ;Norte;Colisão Traseira;;;2;;;;;;;;0;1;1;;
03/08/2012;19:46:00;536;sem vítima;91;BR-040/RJ;Norte;Colisão Traseira;;;;;1;1;;;;;2;;;;
03/08/2012;16:18:00;487;com vítima;96;BR-040/RJ;Norte;Queda de Moto;;;;1;;;;;;;0;;1;;
03/08/2012;12:04:00;431;com vítima;104;BR-040/RJ;Norte;Colisão Traseira;1;1;;;;;;;;;1;;1;;
03/08/2012;09:07:00;400;com vítima;105;BR-040/RJ;Norte;Queda de Moto;1;;;1;;;;;;;1;;1;;
03/08/2012;18:16:00;512;sem vítima;111;BR-040/RJ;Norte;Colisão Traseira;2;;;;;;;;;;2;;;;
03/08/2012;16:32:00;488;sem vítima;113;BR-040/RJ;Norte;Colisão Traseira;1;;;1;;;;;;;2;;;;
03/08/2012;17:10:00;496;sem vítima;823;BR-040/MG;Norte;Colisão Traseira;;;2;;;;;;;;2;;;;
03/08/2012;05:43:00;370;sem vítima;123;BR-040/RJ;Sul;Colisão Lateral;1;;1;;;;;;;;2;;;;
03/08/2012;16:57:00;494;com vítima;124;BR-040/RJ;Norte;Colisão Traseira;1;;1;;;;;;;;0;2;;;
04/08/2012;10:58:00;648;com vítima;78;BR-040/RJ;Sul;Choque - Objeto Fixo;1;;;;;;;;;;0;2;;;
04/08/2012;03:38:00;590;sem vítima;97;BR-040/RJ;Sul;Choque - Objeto Fixo;1;;;;;;;;;;1;;;;
04/08/2012;22:20:00;761;com vítima;101;BR-040/RJ;Norte;Queda de Moto;;;;1;;;;;;;0;;2;;
04/08/2012;17:46:00;722;com vítima;794;BR-040/MG;Norte;Capotamento;1;;;;;;;;;;0;2;;;
04/08/2012;18:54:00;734;sem vítima;118;BR-040/RJ;Sul;Colisão Traseira;1;;;;;1;;;;;2;;;;
04/08/2012;17:33:00;718;sem vítima;121;BR-040/RJ;Norte;Engavetamento;3;;1;;;;;;;;4;;;;
04/08/2012;18:37:00;733;com vítima;122;BR-040/RJ;Norte;Choque - Objeto Fixo;1;;;;;1;;;;;2;2;;;
05/08/2012;15:27:00;881;com vítima;43;BR-040/RJ;Sul;Choque - Objeto Fixo;1;;;;;;;;;;0;1;;;
05/08/2012;16:09:00;893;com vítima;52;BR-040/RJ;Norte;Colisão Lateral;2;;;;;;;;;;1;2;2;;
05/08/2012;18:52:00;920;com vítima;68;BR-040/RJ;Norte;Choque - Objeto Fixo;1;;;;;;;;;;0;1;;;
05/08/2012;19:16:00;928;sem vítima;73;BR-040/RJ;Sul;Choque - Objeto Fixo;1;;;;;;;;;;1;;;;
05/08/2012;15:01:00;875;sem vítima;78;BR-040/RJ;Sul;Choque - Objeto Fixo;1;;;;;;;;;;1;;;;
05/08/2012;15:35:00;894;sem vítima;78;BR-040/RJ;Sul;Choque - Objeto Fixo;1;;;;;;;;;;1;;;;
05/08/2012;14:56:00;874;com vítima;79;BR-040/RJ;Sul;Choque - Objeto Fixo;1;;;;;;;;;;0;2;1;;
05/08/2012;16:03:00;891;sem vítima;84;BR-040/RJ;Norte;Choque - Objeto Fixo;1;;;;;;;;;;1;;;;
05/08/2012;16:52:00;903;sem vítima;85;BR-040/RJ;Norte;Choque - Objeto Fixo;1;;;;;;;;;;1;;;;
05/08/2012;14:30:00;869;sem vítima;86;BR-040/RJ;Norte;Choque - Objeto Fixo;1;;;;;;;;;;1;;;;
05/08/2012;16:40:00;900;sem vítima;89;BR-040/RJ;Norte;Derrapagem;1;;;;;;;;;;1;;;;
05/08/2012;23:12:00;956;sem vítima;90;BR-040/RJ;Sul;Choque - Objeto Fixo;1;;;;;;;;;;1;;;;
05/08/2012;16:03:00;892;sem vítima;91;BR-040/RJ;Norte;Choque - Objeto Fixo;1;;;;;;;;;;1;;;;
05/08/2012;23:49:00;958;sem vítima;92;BR-040/RJ;Norte;Choque - Objeto Fixo;1;;;;;;;;;;1;;;;
05/08/2012;15:46:00;888;sem vítima;100;BR-040/RJ;Norte;Derrapagem;1;;;;;;;;;;1;;;;
05/08/2012;15:15:00;878;sem vítima;105;BR-040/RJ;Sul;Colisão Traseira;2;;;;;;;;;;2;;;;
05/08/2012;13:39:00;860;sem vítima;109;BR-040/RJ;Sul;Colisão Traseira;2;;;;;;;;;;2;;;;
05/08/2012;08:53:00;811;com vítima;111;BR-040/RJ;Norte;Choque - Objeto Fixo;1;;;;;;;;;;0;3;;;
05/08/2012;01:15:00;776;sem vítima;780;BR-040/MG;Norte;Choque - Objeto Fixo;1;;;;;;;;;;1;;;;
05/08/2012;06:43:00;794;sem vítima;790;BR-040/MG;Norte;Colisão Traseira;2;;;;;;;;;;2;;;;
05/08/2012;14:43:00;872;sem vítima;801;BR-040/MG;Norte;Colisão Traseira;1;;1;;;;;;;;2;;;;
05/08/2012;20:00:00;938;sem vítima;122;BR-040/RJ;Sul;Engavetamento;4;;;;;;;;;;4;;;;
05/08/2012;21:55:00;948;com vítima;122;BR-040/RJ;Norte;Queda de Moto;;;;1;;;;;;;0;;1;;
05/08/2012;05:18:00;792;sem vítima;124;BR-040/RJ;Sul;Colisão Traseira;2;;;;;;;;;;2;;;;
06/08/2012;05:29:00;977;sem vítima;61;BR-040/RJ;Sul;Choque - Objeto Fixo;;;1;;;;;;;;1;;;;
06/08/2012;13:10:00;1047;sem vítima;61;BR-040/RJ;Norte;Choque - Objeto Fixo;;;1;;;;;;;;1;;;;
06/08/2012;09:43:00;1011;com vítima;72;BR-040/RJ;Sul;Capotamento;1;;;;;;;;;;0;1;;;
06/08/2012;18:57:00;1094;com vítima;73;BR-040/RJ;Norte;Tombamento;;;1;;;;;;;;0;;1;;
06/08/2012;08:03:00;995;sem vítima;82;BR-040/RJ;Norte;Choque - Objeto Fixo;1;;;;;;;;;;1;;;;
06/08/2012;01:55:00;964;sem vítima;92;BR-040/RJ;Sul;Choque - Objeto Fixo;1;;;;;;;;;;1;;;;
06/08/2012;10:06:00;1014;sem vítima;96;BR-040/RJ;Norte;Choque - Objeto Fixo;;;1;;;;;;;;1;;;;
06/08/2012;11:46:00;1031;sem vítima;108;BR-040/RJ;Norte;Atropelamento - Animal;1;;;;;;;;;;1;;;;
06/08/2012;08:00:00;994;sem vítima;123;BR-040/RJ;Sul;Colisão Lateral;1;;1;;;;;;;;2;;;;
06/08/2012;18:29:00;1092;com vítima;123;BR-040/RJ;Norte;Queda de Moto;;;;1;;;;;;;0;;1;;
07/08/2012;01:16:00;1116;sem vítima;71;BR-040/RJ;Sul;Colisão Traseira;;;2;;;;;;;;2;;;;
07/08/2012;18:05:00;1236;com vítima;73;BR-040/RJ;Norte;Choque - Objeto Fixo;;;1;;;;;;;;0;;1;;
07/08/2012;15:02:00;1205;sem vítima;95;BR-040/RJ;Norte;Choque - Objeto Fixo;1;;;;;;;;;;2;;;;
07/08/2012;12:01:00;1183;com vítima;113;BR-040/RJ;Sul;Colisão Traseira;1;;;1;;;;;;;0;2;;;
07/08/2012;18:06:00;1237;sem vítima;115;BR-040/RJ;Norte;Engavetamento;4;;;;;;;;;;4;;;;
07/08/2012;18:18:00;1239;sem vítima;117;BR-040/RJ;Norte;Engavetamento;2;;1;;;;;;;;3;;;;
07/08/2012;11:28:00;1181;sem vítima;119;BR-040/RJ;Sul;Engavetamento;1;;;;;2;;;;;3;;;;
07/08/2012;08:07:00;1152;com vítima;121;BR-040/RJ;Sul;Colisão Traseira;1;;1;;;;;;;;1;1;;;
07/08/2012;07:07:00;1138;sem vítima;123;BR-040/RJ;Sul;Colisão Frontal;2;;;;;;;;;;2;;;;
07/08/2012;07:43:00;1145;sem vítima;123;BR-040/RJ;Sul;Colisão Lateral;1;;1;;;;;;;;2;;;;
07/08/2012;16:53:00;1229;sem vítima;124;BR-040/RJ;Sul;Colisão Lateral;1;;1;;;;;;;;2;;;;
08/08/2012;19:08:00;1399;sem vítima;72;BR-040/RJ;Norte;Colisão Traseira;1;;1;;;;;;;;2;;;;
08/08/2012;23:02:00;1425;sem vítima;93;BR-040/RJ;Norte;Colisão Lateral;1;;1;;;;;;;;2;;;;
08/08/2012;08:25:00;1300;com vítima;111;BR-040/RJ;Norte;Capotamento;1;;;;;;;;;;0;;1;;
08/08/2012;18:50:00;1396;com vítima;111;BR-040/RJ;Norte;Engavetamento;3;;;;;;;;;;2;1;1;;
08/08/2012;20:00:00;1405;sem vítima;112;BR-040/RJ;Norte;Colisão Frontal;1;;;1;;;;;;;2;;;;
08/08/2012;19:21:00;1400;com vítima;785;BR-040/MG;Sul;Atropelamento - Animal;1;;;;;;;;;;0;;1;;
08/08/2012;13:52:00;1354;sem vítima;123;BR-040/RJ;Norte;Engavetamento;2;;1;;;;;;;;3;;;;
09/08/2012;14:46:00;1527;sem vítima;112;BR-040/RJ;Sul;Colisão Lateral;1;;1;;;;;;;;2;;;;
09/08/2012;08:58:00;1468;sem vítima;113;BR-040/RJ;Sul;Engavetamento;2;;1;;;;;;;;3;;;;
09/08/2012;19:18:00;1571;com vítima;828;BR-040/MG;Sul;Choque - Objeto Fixo;1;;;;;;;;;;0;4;;;
09/08/2012;12:01:00;1509;com vítima;125;BR-040/RJ;Norte;Colisão Traseira;1;;;1;;;;;;;1;;1;;
09/08/2012;15:40:00;1539;sem vítima;125;BR-040/RJ;Sul;Colisão Lateral;1;;1;;;;;;;;2;;;;
10/08/2012;14:53:00;1702;sem vítima;2;BR-040/RJ;Norte;Choque - Objeto Fixo;1;;;;;;;;;;1;;;;
10/08/2012;16:45:00;1728;sem vítima;44;BR-040/RJ;Sul;Choque - Objeto Fixo;1;;;;;;;;;;1;;;;
10/08/2012;22:41:00;1794;com vítima;54;BR-040/RJ;Norte;Queda de Moto;;;;1;;;;;;;0;;1;;
10/08/2012;10:11:00;1649;com vítima;62;BR-040/RJ;Sul;Queda de Moto;;;;1;;;;;;;0;;1;;
10/08/2012;09:06:00;1634;com vítima;92;BR-040/RJ;Sul;Choque - Objeto Fixo;;;1;;;;;;;;0;1;;;
10/08/2012;06:54:00;1616;sem vítima;109;BR-040/RJ;Sul;Colisão Traseira;2;;;;;;;;;;2;;;;
10/08/2012;20:30:00;1779;sem vítima;111;BR-040/RJ;Norte;Choque - Objeto Fixo;1;;;;;;;;;;1;;;;
10/08/2012;09:15:00;1637;com vítima;803;BR-040/MG;Sul;Tombamento;;;1;;;;;;;;0;1;;;
10/08/2012;22:31:00;1791;sem vítima;120;BR-040/RJ;Norte;Choque - Objeto Fixo;1;;;;;;;;;;1;;;;
10/08/2012;23:12:00;1799;sem vítima;120;BR-040/RJ;Norte;Queda de Moto;;;;1;;;;;;;1;;;;
10/08/2012;19:49:00;1771;sem vítima;121;BR-040/RJ;Norte;Colisão Traseira;2;;;;;;;;;;2;;;;
10/08/2012;12:30:00;1678;sem vítima;124;BR-040/RJ;Sul;Colisão Traseira;2;;;;;;;;;;2;;;;
10/08/2012;15:01:00;1704;sem vítima;124;BR-040/RJ;Norte;Colisão Lateral;1;;1;;;;;;;;2;;;;
11/08/2012;23:53:00;1989;sem vítima;46;BR-040/RJ;Norte;Atropelamento - Animal;1;;;;;;;;;;1;;;;
11/08/2012;14:39:00;1904;com vítima;87;BR-040/RJ;Norte;Queda de Moto;;;;1;;;;;;;0;1;;;
11/08/2012;09:36:00;1864;sem vítima;110;BR-040/RJ;Norte;Colisão Lateral;2;;;;;;;;;;2;;;;
11/08/2012;03:23:00;1823;com vítima;116;BR-040/RJ;Sul;Colisão Traseira;1;;;;;1;;;;;1;2;1;;
11/08/2012;22:42:00;1982;com vítima;119;BR-040/RJ;Norte;Colisão Traseira;1;;;1;;;;;;;1;2;;;
11/08/2012;17:53:00;1950;com vítima;828;BR-040/MG;Norte;Tombamento;;;1;;;;;;;;0;1;;;
12/08/2012;13:14:00;2048;com vítima;32;BR-040/RJ;Norte;Colisão Lateral;1;1;;;;;;;;;1;;1;;
12/08/2012;07:01:00;2008;sem vítima;74;BR-040/RJ;Sul;Choque - Objeto Fixo;1;;;;;;;;;;1;;;;
12/08/2012;07:27:00;2009;com vítima;78;BR-040/RJ;Sul;Capotamento;1;;;;;;;;;;0;2;;;
12/08/2012;20:31:00;2110;sem vítima;84;BR-040/RJ;Norte;Choque - Objeto Fixo;1;;;;;;;;;;1;;;;
12/08/2012;18:09:00;2090;com vítima;106;BR-040/RJ;Norte;Capotamento;1;;;;;;;;;;0;2;;;
12/08/2012;18:35:00;2095;sem vítima;109;BR-040/RJ;Norte;Colisão Traseira;2;;;;;;;;;;2;;;;
12/08/2012;06:18:00;2006;com vítima;112;BR-040/RJ;Sul;Capotamento;1;;1;;;;;;;;1;;;2;
12/08/2012;19:45:00;2105;sem vítima;112;BR-040/RJ;Sul;Colisão Traseira;2;;;;;;;;;;2;;;;
12/08/2012;22:58:00;2125;sem vítima;117;BR-040/RJ;Sul;Colisão Traseira;2;;;;;;;;;;2;;;;
12/08/2012;23:07:00;2126;sem vítima;117;BR-040/RJ;Norte;Choque - Objeto Fixo;1;;;;;;;;;;1;;;;
12/08/2012;08:40:00;2018;sem vítima;795;BR-040/MG;Sul;Choque - Objeto Fixo;1;;;;;;;;;;1;;;;
12/08/2012;04:51:00;1999;sem vítima;119;BR-040/RJ;Norte;Choque - Objeto Fixo;1;;;;;;;;;;1;;;;
12/08/2012;05:03:00;2000;sem vítima;122;BR-040/RJ;Sul;Colisão Traseira;2;;;;;;;;;;2;;;;
13/08/2012;17:25:00;2291;com vítima;30;BR-040/RJ;Norte;Derrapagem;1;;;;;;;;;;0;2;;;
13/08/2012;14:29:00;2255;sem vítima;43;BR-040/RJ;Sul;Choque - Objeto Fixo;1;;;;;;;;;;1;;;;
13/08/2012;15:18:00;2265;sem vítima;80;BR-040/RJ;Norte;Derrapagem;1;;;;;;;;;;1;;;;
13/08/2012;16:17:00;2278;sem vítima;80;BR-040/RJ;Norte;Colisão Lateral;1;;1;;;;;;;;2;;;;
13/08/2012;19:34:00;2313;sem vítima;84;BR-040/RJ;Norte;Colisão Lateral;;;2;;;;;;;;2;;;;
13/08/2012;12:46:00;2239;sem vítima;96;BR-040/RJ;Norte;Colisão Lateral;1;;;;1;;;;;;2;;;;
13/08/2012;16:17:00;2279;sem vítima;100;BR-040/RJ;Norte;Colisão Lateral;;;1;;1;;;;;;2;;;;
13/08/2012;18:06:00;2297;sem vítima;111;BR-040/RJ;Norte;Colisão Traseira;1;;1;;;;;;;;2;;;;
13/08/2012;07:39:00;2171;com vítima;115;BR-040/RJ;Norte;Choque - Objeto Fixo;2;;1;;;1;;;;;3;;;1;
13/08/2012;10:35:00;2209;sem vítima;117;BR-040/RJ;Norte;Colisão Traseira;2;;;;;1;;;;;3;;;;
13/08/2012;05:22:00;2157;com vítima;118;BR-040/RJ;Sul;Engavetamento;3;;;;;;;;;;2;1;;;
13/08/2012;19:15:00;2310;sem vítima;122;BR-040/RJ;Norte;Engavetamento;3;;;;;;;;;;3;;;;
14/08/2012;15:02:00;2465;sem vítima;77;BR-040/RJ;Sul;Choque - Objeto Fixo;1;;;;;;;;;;1;;;;
14/08/2012;16:14:00;2480;sem vítima;77;BR-040/RJ;Sul;Choque - Objeto Fixo;1;;;;;;;;;;1;;;;
14/08/2012;11:49:00;2435;sem vítima;78;BR-040/RJ;Sul;Choque - Objeto Fixo;1;;;;;;;;;;1;;;;
14/08/2012;12:23:00;2439;sem vítima;81;BR-040/RJ;Norte;Choque - Objeto Fixo;1;;;;;;;;;;1;;;;
14/08/2012;14:33:00;2459;sem vítima;84;BR-040/RJ;Norte;Choque - Objeto Fixo;1;;;;;;;;;;1;;;;
14/08/2012;15:58:00;2472;com vítima;96;BR-040/RJ;Norte;Choque - Objeto Fixo;1;;;;;;;;;;0;2;;;
14/08/2012;10:30:00;2423;sem vítima;107;BR-040/RJ;Norte;Colisão Traseira;2;;;;;;;;;;2;;;;
14/08/2012;02:30:00;2357;sem vítima;109;BR-040/RJ;Norte;Choque - Objeto Fixo;1;;;;;;;;;;1;;;;
14/08/2012;05:13:00;2365;sem vítima;111;BR-040/RJ;Norte;Choque - Objeto Fixo;1;;;;;;;;;;1;;;;
14/08/2012;13:06:00;2449;sem vítima;112;BR-040/RJ;Sul;Engavetamento;3;;;;;1;;;;;4;;;;
14/08/2012;16:55:00;2483;com vítima;812;BR-040/MG;Norte;Choque - Objeto Fixo;1;;;;;;;;;;0;2;;;
14/08/2012;06:48:00;2373;sem vítima;123;BR-040/RJ;Sul;Colisão Traseira;1;;;;1;;;;;;2;;;;
14/08/2012;07:37:00;2383;sem vítima;123;BR-040/RJ;Sul;Colisão Lateral;1;;;1;;;;;;;2;;;;
15/08/2012;13:23:00;2615;sem vítima;34;BR-040/RJ;Norte;Choque - Objeto Fixo;1;;;;;;;;;;1;;;;
15/08/2012;10:17:00;2589;sem vítima;52;BR-040/RJ;Norte;Choque - Objeto Fixo;1;;;;;;;;;;1;;;;
15/08/2012;15:54:00;2643;sem vítima;72;BR-040/RJ;Sul;Choque - Objeto Fixo;1;;;;;;;;;;1;;;;
15/08/2012;15:41:00;2640;sem vítima;73;BR-040/RJ;Sul;Capotamento;1;;;;;;;;;;1;;;;
15/08/2012;15:22:00;2635;com vítima;77;BR-040/RJ;Sul;Colisão Traseira;2;;;;;;;;;;3;2;;;
15/08/2012;16:18:00;2651;sem vítima;78;BR-040/RJ;Sul;Choque - Objeto Fixo;1;;;;;;;;;;1;;;;
15/08/2012;15:39:00;2639;sem vítima;92;BR-040/RJ;Sul;Capotamento;1;;;;;;;;;;2;;;;
15/08/2012;15:39:00;2650;sem vítima;92;BR-040/RJ;Sul;Capotamento;1;;;;;;;;;;3;;;;
15/08/2012;22:31:00;2688;sem vítima;98;BR-040/RJ;Norte;Queda de Moto;;;;1;;;;;;;1;;;;
15/08/2012;10:34:00;2593;sem vítima;110;BR-040/RJ;Norte;Colisão Lateral;1;;1;;;;;;;;2;;;;
15/08/2012;13:59:00;2623;com vítima;110;BR-040/RJ;Sul;Colisão Lateral;;;;1;;1;;;;;1;1;1;;
15/08/2012;13:54:00;2620;sem vítima;786;BR-040/MG;Norte;Choque - Objeto Fixo;1;;;;;;;;;;1;;;;
15/08/2012;11:34:00;2601;sem vítima;810;BR-040/MG;Sul;Choque - Objeto Fixo;;;1;;;;;;;;1;;;;
15/08/2012;12:21:00;2611;com vítima;122;BR-040/RJ;Norte;Atropelamento - Pedestre;1;;;;;;;;;;1;;1;;
15/08/2012;05:09:00;2551;sem vítima;124;BR-040/RJ;Norte;Colisão Lateral;1;;1;;;;;;;;2;;;;
16/08/2012;12:54:00;2799;sem vítima;2;BR-040/RJ;Sul;Choque - Objeto Fixo;1;;;;;;;;;;1;;;;
16/08/2012;17:55:00;2849;sem vítima;75;BR-040/RJ;Norte;Colisão Lateral;1;;1;;;;;;;;2;;;;
16/08/2012;13:38:00;2809;com vítima;82;BR-040/RJ;Norte;Queda de Moto;;;;1;;;;;;;0;;2;;
16/08/2012;07:15:00;2727;sem vítima;102;BR-040/RJ;Norte;Colisão Traseira;1;;;1;;;;;;;2;;;;
16/08/2012;08:50:00;2750;sem vítima;110;BR-040/RJ;Norte;Colisão Traseira;2;;;;;;;;;;2;;;;
16/08/2012;21:03:00;2880;com vítima;114;BR-040/RJ;Sul;Engavetamento;3;;1;;;;;;;;2;4;2;;
16/08/2012;14:45:00;2817;com vítima;784;BR-040/MG;Sul;Capotamento;1;;;;;;;;;;0;1;;;
16/08/2012;08:28:00;2743;sem vítima;123;BR-040/RJ;Sul;Colisão Lateral;1;;1;;;;;;;;2;;;;
16/08/2012;07:58:00;2737;sem vítima;124;BR-040/RJ;Sul;Colisão Lateral;1;;1;;;;;;;;2;;;;
17/08/2012;08:25:00;2940;sem vítima;2;BR-040/RJ;Sul;Engavetamento;3;;;;;;;;;;3;;;;
17/08/2012;08:22:00;2939;com vítima;31;BR-040/RJ;Norte;Choque - Objeto Fixo;1;;;;;;;;;;0;4;1;;
17/08/2012;14:39:00;3020;sem vítima;52;BR-040/RJ;Norte;Choque - Objeto Fixo;1;;;;;;;;;;1;;;;
17/08/2012;15:01:00;3022;sem vítima;72;BR-040/RJ;Norte;Choque - Objeto Fixo;1;;;;;;;;;;2;;;;
17/08/2012;15:45:00;3039;com vítima;77;BR-040/RJ;Sul;Capotamento;1;;;;;;;;;;0;1;;;
17/08/2012;15:34:00;3032;sem vítima;80;BR-040/RJ;Norte;Colisão Traseira;2;;;;;;;;;;2;;;;
17/08/2012;15:57:00;3043;com vítima;80;BR-040/RJ;Sul;Choque - Objeto Fixo;1;;;;;;;;;;0;;1;;
17/08/2012;16:29:00;3050;com vítima;80;BR-040/RJ;Sul;Tombamento;1;;;;;;;;;;0;2;;;
17/08/2012;19:20:00;3072;sem vítima;90;BR-040/RJ;Norte;Colisão Lateral;;;2;;;;;;;;2;;;;
17/08/2012;16:48:00;3054;com vítima;95;BR-040/RJ;Norte;Derrapagem;;;;1;;;;;;;0;1;1;;
17/08/2012;03:22:00;2903;com vítima;106;BR-040/RJ;Norte;Choque - Objeto Fixo;1;;;;;;;;;;0;;1;;
17/08/2012;09:10:00;2959;sem vítima;108;BR-040/RJ;Norte;Colisão Traseira;1;;1;;;;;;;;2;;;;
17/08/2012;15:26:00;3031;sem vítima;109;BR-040/RJ;Norte;Colisão Lateral;1;;1;;;;;;;;2;;;;
17/08/2012;12:11:00;2993;sem vítima;110;BR-040/RJ;Sul;Colisão Lateral;1;;1;;;;;;;;2;;;;
17/08/2012;16:14:00;3047;com vítima;787;BR-040/MG;Norte;Tombamento;;;1;;;;;;;;0;1;;;
17/08/2012;21:23:00;3093;com vítima;827;BR-040/MG;Sul;Capotamento;1;;;;;;;;;;0;1;;;
18/08/2012;19:10:00;3252;sem vítima;22;BR-040/RJ;Sul;Choque - Objeto Fixo;1;;;;;;;;;;1;;;;
18/08/2012;10:18:00;3165;sem vítima;70;BR-040/RJ;Sul;Choque - Objeto Fixo;1;;;;;;;;;;1;;;;
18/08/2012;08:44:00;3152;sem vítima;80;BR-040/RJ;Norte;Choque - Objeto Fixo;1;;;;;;;;;;1;;;;
18/08/2012;01:12:00;3113;com vítima;90;BR-040/RJ;Norte;Choque - Objeto Fixo;1;;;;;;;;;;0;1;;;
18/08/2012;23:39:00;3283;sem vítima;92;BR-040/RJ;Sul;Choque - Objeto Fixo;1;;;;;;;;;;1;;;;
18/08/2012;02:09:00;3118;sem vítima;107;BR-040/RJ;Sul;Choque - Objeto Fixo;1;;;;;;;;;;1;;;;
18/08/2012;09:40:00;3160;sem vítima;110;BR-040/RJ;Sul;Colisão Lateral;;;1;;1;;;;;;2;;;;
18/08/2012;18:58:00;3253;sem vítima;112;BR-040/RJ;Sul;Colisão Traseira;1;;;;;1;;;;;2;;;;