data;horario;n_da_ocorrencia;tipo_de_ocorrencia;km;trecho;sentido;tipo_de_acidente;automovel;bicicleta;caminhao;moto;onibus;outros;tracao_animal;transporte_de_cargas_especiais;trator_maquinas;utilitarios;ilesos;levemente_feridos;moderadamente_feridos;gravemente_feridos;mortos
09/09/2012;04:24:00;1505;sem vítima;826;BR-040/MG;Sul;Choque - Objeto Fixo;1;;;;;;;;;;1;;;;
10/09/2012;20:05:00;1882;com vítima;58;BR-040/RJ;Norte;Choque - Objeto Fixo;1;;1;;;;;;;;1;1;;;
10/09/2012;12:28:00;1788;com vítima;80;BR-040/RJ;Norte;Queda de Moto;;;;1;;;;;;;0;2;;;
10/09/2012;11:29:00;1781;com vítima;104;BR-040/RJ;Sul;Colisão Lateral;;;1;1;;;;;;;1;1;;;
10/09/2012;19:22:00;1874;sem vítima;105;BR-040/RJ;Norte;Colisão Traseira;2;;;;;;;;;;3;;;;
10/09/2012;16:52:00;1845;sem vítima;109;BR-040/RJ;Norte;Colisão Lateral;;;1;;1;;;;;;2;;;;
10/09/2012;13:14:00;1794;com vítima;778;BR-040/MG;Norte;Queda de Moto;;;;1;;;;;;;0;2;;;
10/09/2012;00:53:00;1711;com vítima;823;BR-040/MG;Norte;Choque - Objeto Fixo;1;;;;;;;;;;0;1;;;
11/09/2012;15:39:00;2038;com vítima;96;BR-040/RJ;Norte;Tombamento;;;1;;;;;;;;0;1;;;
11/09/2012;07:39:00;1953;sem vítima;122;BR-040/RJ;Sul;Colisão Lateral;1;;;1;;;;;;;2;;;;
12/09/2012;21:33:00;2245;com vítima;25;BR-040/RJ;Norte;Colisão Traseira;1;;1;;;;;;;;1;2;;;
12/09/2012;11:20:00;2148;sem vítima;58;BR-040/RJ;Sul;Choque - Objeto Fixo;1;;;;;;;;;;1;;;;
12/09/2012;09:34:00;2136;sem vítima;109;BR-040/RJ;Norte;Colisão Lateral;1;;1;;;;;;;;2;;;;
12/09/2012;20:16:00;2235;sem vítima;113;BR-040/RJ;Sul;Engavetamento;4;;;;;;;;;;4;;;;
12/09/2012;13:33:00;2169;sem vítima;115;BR-040/RJ;Sul;Colisão Traseira;1;;1;;;;;;;;2;;;;
12/09/2012;22:56:00;2250;sem vítima;115;BR-040/RJ;Norte;Colisão Traseira;2;;;;;;;;;;2;;;;
13/09/2012;06:26:00;2282;com vítima;47;BR-040/RJ;Sul;Atropelamento - Pedestre;1;;;;;;;;;;1;;;1;
13/09/2012;12:33:00;2327;com vítima;72;BR-040/RJ;Norte;Capotamento;1;;;;;;;;;;0;1;;;
13/09/2012;14:27:00;2340;com vítima;72;BR-040/RJ;Norte;Colisão Lateral;1;;1;;;;;;;;1;1;;;
13/09/2012;21:02:00;2389;sem vítima;78;BR-040/RJ;Sul;Choque - Objeto Fixo;1;;;;;;;;;;1;;;;
13/09/2012;11:48:00;2323;sem vítima;84;BR-040/RJ;Norte;Choque - Objeto Fixo;1;;;;;;;;;;1;;;;
13/09/2012;12:05:00;2326;sem vítima;92;BR-040/RJ;Sul;Choque - Objeto Fixo;1;;;;;;;;;;1;;;;
13/09/2012;16:27:00;2353;com vítima;105;BR-040/RJ;Norte;Colisão Transversal;1;;;1;;;;;;;1;1;;;
13/09/2012;06:13:00;2279;com vítima;115;BR-040/RJ;Sul;Capotamento;1;;;;;1;;;;;1;1;;;
13/09/2012;06:42:00;2283;sem vítima;115;BR-040/RJ;Sul;Colisão Lateral;1;;1;;;;;;;;2;;;;
13/09/2012;17:35:00;2361;com vítima;115;BR-040/RJ;Norte;Colisão Traseira;2;;;;;;;;;;1;2;;;
13/09/2012;19:30:00;2377;com vítima;120;BR-040/RJ;Norte;Colisão Traseira;;;;1;1;;;;;;1;;1;;
13/09/2012;17:00:00;2357;com vítima;122;BR-040/RJ;Norte;Colisão Traseira;1;;;1;;;;;;;1;1;;;
14/09/2012;08:16:00;2446;com vítima;8;BR-040/RJ;Norte;Capotamento;1;;;;;;;;;;0;1;;;
14/09/2012;21:26:00;2575;sem vítima;21;BR-040/RJ;Sul;Choque - Objeto Fixo;1;;;;;;;;;;1;;;;
14/09/2012;03:05:00;2414;sem vítima;31;BR-040/RJ;Sul;Choque - Objeto Fixo;1;;;;;;;;;;1;;;;
14/09/2012;04:29:00;2418;sem vítima;69;BR-040/RJ;Norte;Choque - Objeto Fixo;1;;;;;;;;;;1;;;;
14/09/2012;07:45:00;2442;sem vítima;81;BR-040/RJ;Sul;Colisão Traseira;2;;;;;;;;;;2;;;;
14/09/2012;22:40:00;2578;sem vítima;91;BR-040/RJ;Norte;Colisão Frontal;2;;;;;;;;;;2;;;;
14/09/2012;05:43:00;2423;sem vítima;105;BR-040/RJ;Norte;Choque - Objeto Fixo;1;;;;;;;;;;1;;;;
14/09/2012;19:36:00;2562;com vítima;105;BR-040/RJ;Norte;Colisão Frontal;2;;;;;;;;;;0;4;2;;
14/09/2012;01:16:00;2407;sem vítima;109;BR-040/RJ;Norte;Choque - Objeto Fixo;;;;;1;;;;;;1;;;;
14/09/2012;03:25:00;2415;sem vítima;778;BR-040/MG;Sul;Choque - Objeto Fixo;1;;;;;;;;;;1;;;;
14/09/2012;16:33:00;2533;sem vítima;117;BR-040/RJ;Sul;Colisão Traseira;1;;1;;;;;;;;2;;;;
15/09/2012;10:49:00;2644;sem vítima;80;BR-040/RJ;Sul;Choque - Objeto Fixo;1;;;;;;;;;;2;;;;
15/09/2012;13:56:00;2671;sem vítima;94;BR-040/RJ;Norte;Choque - Objeto Fixo;1;;;;;;;;;;1;;;;
15/09/2012;06:04:00;2611;sem vítima;95;BR-040/RJ;Norte;Choque - Objeto Fixo;1;;;;;;;;;;1;;;;
15/09/2012;13:21:00;2663;com vítima;96;BR-040/RJ;Sul;Queda de Moto;;;;1;;;;;;;0;1;;;
15/09/2012;06:13:00;2613;com vítima;97;BR-040/RJ;Sul;Queda de Moto;;;;1;;;;;;;0;;1;;
15/09/2012;15:03:00;2676;com vítima;109;BR-040/RJ;Sul;Colisão Traseira;1;;;1;;;;;;;1;2;;;
15/09/2012;04:30:00;2603;sem vítima;114;BR-040/RJ;Norte;Capotamento;1;;;;;;;;;;1;;;;
15/09/2012;08:04:00;2630;sem vítima;119;BR-040/RJ;Norte;Colisão Lateral;1;;1;;;;;;;;2;;;;
16/09/2012;17:37:00;2867;com vítima;9;BR-040/RJ;Norte;Tombamento;;;1;;;;;;;;0;1;;;
16/09/2012;03:31:00;2767;sem vítima;62;BR-040/RJ;Norte;Capotamento;1;;;;;;;;;;1;;;;
16/09/2012;16:49:00;2857;sem vítima;77;BR-040/RJ;Sul;Colisão Lateral;;;2;;;;;;;;2;;;;
16/09/2012;05:22:00;2770;sem vítima;82;BR-040/RJ;Norte;Tombamento;1;;;;;;;;;;1;;;;
16/09/2012;15:02:00;2837;sem vítima;86;BR-040/RJ;Norte;Colisão Traseira;2;;;;;;;;;;2;;;;
16/09/2012;13:46:00;2819;com vítima;88;BR-040/RJ;Sul;Choque - Objeto Fixo;;;;1;;;;;;;0;2;;;
16/09/2012;16:48:00;2856;sem vítima;104;BR-040/RJ;Norte;Colisão Lateral;1;;1;;;;;;;;2;;;;
16/09/2012;12:57:00;2812;com vítima;112;BR-040/RJ;Sul;Queda de Moto;;;;1;;1;;;;;1;2;;;
16/09/2012;13:19:00;2817;com vítima;112;BR-040/RJ;Sul;Colisão Traseira;;;;;2;;;;;;1;1;;;
16/09/2012;21:11:00;2895;sem vítima;116;BR-040/RJ;Sul;Derrapagem;1;;;;;;;;;;1;;;;
16/09/2012;21:41:00;2900;sem vítima;119;BR-040/RJ;Norte;Colisão Lateral;1;;1;;;;;;;;2;;;;
16/09/2012;00:06:00;2749;sem vítima;123;BR-040/RJ;Sul;Colisão Traseira;2;;;;;;;;;;2;;;;
17/09/2012;13:10:00;2988;com vítima;62;BR-040/RJ;Sul;Colisão Traseira;1;;1;;;;;;;;1;1;;;
17/09/2012;09:09:00;2951;com vítima;80;BR-040/RJ;Sul;Tombamento;;;1;;;;;;;;0;1;;;
17/09/2012;10:32:00;2960;sem vítima;109;BR-040/RJ;Norte;Colisão Traseira;1;;;;;1;;;;;2;;;;
17/09/2012;11:03:00;2965;com vítima;110;BR-040/RJ;Sul;Capotamento;1;;;;;;;;;;0;1;1;;
17/09/2012;07:52:00;2938;sem vítima;817;BR-040/MG;Sul;Choque - Objeto Fixo;1;;;;;;;;;;1;;;;
17/09/2012;09:06:00;2949;sem vítima;124;BR-040/RJ;Sul;Colisão Lateral;1;;1;;;;;;;;2;;;;
17/09/2012;17:19:00;3031;com vítima;125;BR-040/RJ;Norte;Colisão Traseira;2;;;;;;;;;;1;1;;;
18/09/2012;17:12:00;3230;com vítima;39;BR-040/RJ;Norte;Choque - Objeto Fixo;1;;;;;;;;;;0;;2;;
18/09/2012;19:07:00;3244;com vítima;81;BR-040/RJ;Sul;Atropelamento - Pedestre;;;;;;1;;;;;1;;;1;
18/09/2012;16:25:00;3215;sem vítima;85;BR-040/RJ;Sul;Choque - Objeto Fixo;1;;;;;;;;;;3;;;;
18/09/2012;12:49:00;3175;sem vítima;794;BR-040/MG;Norte;Derrapagem;1;;;;;;;;;;3;;;;
18/09/2012;20:50:00;3255;sem vítima;119;BR-040/RJ;Norte;Colisão Traseira;1;;;;1;;;;;;2;;;;
18/09/2012;10:46:00;3155;com vítima;125;BR-040/RJ;Sul;Tombamento;;;1;;;;;;;;0;1;;;
19/09/2012;03:14:00;3279;com vítima;25;BR-040/RJ;Sul;Tombamento;;;1;;;;;;;;0;1;;;
19/09/2012;06:04:00;3289;com vítima;34;BR-040/RJ;Norte;Tombamento;;;1;;;;;;;;0;1;;;
19/09/2012;07:46:00;3300;com vítima;71;BR-040/RJ;Norte;Capotamento;1;;;;;;;;;;0;1;;;
19/09/2012;08:45:00;3311;sem vítima;100;BR-040/RJ;Norte;Colisão Lateral;2;;;;;;;;;;2;;;;
19/09/2012;17:20:00;3406;com vítima;109;BR-040/RJ;Norte;Queda de Moto;;;;1;;;;;;;0;;1;;
19/09/2012;18:48:00;3425;sem vítima;112;BR-040/RJ;Norte;Colisão Lateral;1;;1;;;;;;;;2;;;;
19/09/2012;18:17:00;3420;sem vítima;115;BR-040/RJ;Norte;Engavetamento;3;;;;;;;;;;3;;;;
19/09/2012;19:58:00;3437;com vítima;806;BR-040/MG;Sul;Choque - Objeto Fixo;;;1;;;;;;;;0;;1;;
19/09/2012;00:46:00;3273;sem vítima;807;BR-040/MG;Norte;Choque - Objeto Fixo;1;;;;;;;;;;1;;;;
19/09/2012;11:33:00;3333;com vítima;815;BR-040/MG;Sul;Choque - Objeto Fixo;1;;;;;;;;;;0;1;;;
19/09/2012;18:42:00;3422;sem vítima;122;BR-040/RJ;Norte;Choque - Objeto Fixo;1;;;;;;;;;;1;;;;
20/09/2012;14:47:00;3570;sem vítima;77;BR-040/RJ;Sul;Choque - Objeto Fixo;1;;;;;;;;;;1;;;;
20/09/2012;16:56:00;3588;sem vítima;77;BR-040/RJ;Sul;Choque - Objeto Fixo;1;;;;;;;;;;1;;;;
20/09/2012;10:49:00;3536;com vítima;86;BR-040/RJ;Sul;Derrapagem;;;1;;;;;;;;0;;;;1
20/09/2012;22:28:00;3634;com vítima;87;BR-040/RJ;Sul;Choque - Objeto Fixo;1;;;;;;;;;;0;2;;;
20/09/2012;12:09:00;3547;com vítima;88;BR-040/RJ;Sul;Choque - Objeto Fixo;1;;;;;;;;;;0;2;2;;
20/09/2012;15:08:00;3573;sem vítima;91;BR-040/RJ;Sul;Choque - Objeto Fixo;1;;;;;;;;;;1;;;;
20/09/2012;16:29:00;3584;sem vítima;94;BR-040/RJ;Norte;Choque - Objeto Fixo;1;;;;;;;;;;1;;;;
20/09/2012;17:07:00;3591;sem vítima;96;BR-040/RJ;Sul;Colisão Lateral;2;;;;;;;;;;2;;;;
20/09/2012;20:29:00;3621;com vítima;96;BR-040/RJ;Norte;Tombamento;;;1;;;;;;;;0;1;;;
20/09/2012;08:44:00;3515;sem vítima;99;BR-040/RJ;Norte;Colisão Traseira;2;;;;;;;;;;2;;;;
20/09/2012;18:51:00;3606;sem vítima;110;BR-040/RJ;Norte;Colisão Traseira;1;;1;;;;;;;;2;;;;
20/09/2012;05:18:00;3480;com vítima;799;BR-040/MG;Norte;Colisão Traseira;;;2;;;;;;;;1;2;;;
20/09/2012;17:50:00;3597;com vítima;121;BR-040/RJ;Norte;Colisão Lateral;1;;;;1;;;;;;1;1;;;
20/09/2012;13:23:00;3561;sem vítima;123;BR-040/RJ;Norte;Colisão Lateral;1;;1;;;;;;;;2;;;;
20/09/2012;17:02:00;3590;com vítima;123;BR-040/RJ;Sul;Colisão Traseira;1;;1;;;;;;;;1;1;;;
21/09/2012;19:01:00;3780;com vítima;2;BR-040/RJ;Norte;Capotamento;1;;;;;;;;;;0;1;;;
21/09/2012;17:28:00;3768;com vítima;23;BR-040/RJ;Sul;Capotamento;1;;;;;;;;;;0;1;;;
21/09/2012;17:29:00;3769;com vítima;73;BR-040/RJ;Norte;Capotamento;1;;;;;;;;;;0;1;;;
21/09/2012;16:02:00;3755;sem vítima;78;BR-040/RJ;Sul;Choque - Objeto Fixo;1;;;;;;;;;;1;;;;
21/09/2012;16:22:00;3756;sem vítima;78;BR-040/RJ;Sul;Choque - Objeto Fixo;1;;;;;;;;;;1;;;;
21/09/2012;18:17:00;3777;sem vítima;81;BR-040/RJ;Sul;Choque - Objeto Fixo;1;;;;;;;;;;1;;;;
21/09/2012;15:28:00;3748;com vítima;85;BR-040/RJ;Sul;Capotamento;1;;;;;;;;;;0;5;;;
21/09/2012;15:11:00;3745;com vítima;86;BR-040/RJ;Sul;Choque - Objeto Fixo;1;;;;;;;;;;0;1;;;
21/09/2012;15:44:00;3750;sem vítima;91;BR-040/RJ;Norte;Derrapagem;1;;;;;;;;;;1;;;;
21/09/2012;17:42:00;3773;com vítima;787;BR-040/MG;Norte;Capotamento;1;;;;;;;;;;0;4;;;
21/09/2012;17:31:00;3770;com vítima;794;BR-040/MG;Sul;Colisão Traseira;2;;;;;;;;;;1;1;;;
21/09/2012;23:40:00;3820;com vítima;119;BR-040/RJ;Sul;Choque - Objeto Fixo;1;;;;;;;;;;0;2;2;;
21/09/2012;19:45:00;3785;sem vítima;121;BR-040/RJ;Norte;Engavetamento;6;;;;;;;;;;6;;;;
21/09/2012;04:48:00;3660;com vítima;123;BR-040/RJ;Sul;Colisão Traseira;1;;;;1;;;;;;1;;2;;
21/09/2012;18:07:00;3775;com vítima;124;BR-040/RJ;Norte;Colisão Traseira;1;;1;;;;;;;;1;2;;;
22/09/2012;02:05:00;3826;com vítima;18;BR-040/RJ;Norte;Atropelamento - Animal;1;;;;;;;;;;0;2;;;
22/09/2012;04:25:00;3837;com vítima;22;BR-040/RJ;Sul;Capotamento;;;1;;;;;;;;0;;1;;
22/09/2012;23:02:00;3985;sem vítima;69;BR-040/RJ;Norte;Choque - Objeto Fixo;1;;;;;;;;;;1;;;;
22/09/2012;23:22:00;3987;com vítima;69;BR-040/RJ;Norte;Colisão Traseira;2;;;;;;;;;;1;1;1;;
22/09/2012;07:08:00;3858;sem vítima;72;BR-040/RJ;Sul;Choque - Objeto Fixo;1;;;;;;;;;;1;;;;
22/09/2012;10:09:00;3888;sem vítima;75;BR-040/RJ;Sul;Choque - Objeto Fixo;1;;;;;;;;;;1;;;;
22/09/2012;09:43:00;3884;com vítima;78;BR-040/RJ;Sul;Choque - Objeto Fixo;1;;;;;;;;;;0;1;;;
22/09/2012;13:04:00;3914;com vítima;81;BR-040/RJ;Sul;Colisão Transversal;2;;;;;;;;;;6;3;;;2
22/09/2012;13:03:00;3921;sem vítima;81;BR-040/RJ;Sul;Choque - Objeto Fixo;1;;;;;;;;;;1;;;;
22/09/2012;11:34:00;3901;sem vítima;84;BR-040/RJ;Norte;Choque - Objeto Fixo;1;;;;;;;;;;1;;;;
22/09/2012;07:22:00;3862;sem vítima;85;BR-040/RJ;Norte;Colisão Lateral;1;;;;;1;;;;;2;;;;
22/09/2012;10:59:00;3895;com vítima;86;BR-040/RJ;Sul;Choque - Objeto Fixo;1;;;;;;;;;;0;2;;;
22/09/2012;12:28:00;3907;sem vítima;86;BR-040/RJ;Sul;Choque - Objeto Fixo;1;;;;;;;;;;1;;;;
22/09/2012;10:59:00;3908;com vítima;86;BR-040/RJ;Sul;Choque - Objeto Fixo;1;;;;;;;;;;0;1;;;
22/09/2012;10:57:00;3894;sem vítima;90;BR-040/RJ;Norte;Choque - Objeto Fixo;1;;;;;;;;;;1;;;;
22/09/2012;16:13:00;3942;sem vítima;91;BR-040/RJ;Norte;Choque - Objeto Fixo;1;;;;;;;;;;1;;;;
22/09/2012;05:49:00;3846;com vítima;92;BR-040/RJ;Sul;Capotamento;1;;;;;;;;;;0;1;;;
22/09/2012;08:34:00;3873;sem vítima;92;BR-040/RJ;Sul;Choque - Objeto Fixo;1;;;;;;;;;;1;;;;
22/09/2012;09:03:00;3879;sem vítima;92;BR-040/RJ;Sul;Colisão Traseira;2;;;;;;;;;;3;;;;
22/09/2012;05:59:00;3849;sem vítima;93;BR-040/RJ;Norte;Choque - Objeto Fixo;1;;;;;;;;;;1;;;;
22/09/2012;10:07:00;3887;sem vítima;93;BR-040/RJ;Sul;Choque - Objeto Fixo;1;;;;;;;;;;1;;;;
22/09/2012;10:38:00;3891;sem vítima;93;BR-040/RJ;Norte;Choque - Objeto Fixo;1;;;;;;;;;;1;;;;
22/09/2012;09:02:00;3878;sem vítima;97;BR-040/RJ;Sul;Choque - Objeto Fixo;1;;;;;;;;;;1;;;;
22/09/2012;10:05:00;3886;sem vítima;100;BR-040/RJ;Norte;Choque - Objeto Fixo;1;;;;;;;;;;1;;;;
22/09/2012;05:06:00;3841;sem vítima;105;BR-040/RJ;Norte;Choque - Objeto Fixo;1;;;;;;;;;;1;;;;
22/09/2012;18:37:00;3959;sem vítima;109;BR-040/RJ;Norte;Colisão Lateral;2;;;;;;;;;;2;;;;
22/09/2012;08:30:00;3872;sem vítima;799;BR-040/MG;Norte;Derrapagem;1;;;;;;;;;;1;;;;
22/09/2012;00:11:00;3823;com vítima;822;BR-040/MG;Norte;Colisão Traseira;;;2;;;;;;;;0;1;1;;
22/09/2012;04:33:00;3838;sem vítima;119;BR-040/RJ;Norte;Choque - Objeto Fixo;1;;;;;;;;;;1;;;;
22/09/2012;16:25:00;3944;sem vítima;124;BR-040/RJ;Norte;Colisão Lateral;;;1;;;1;;;;;2;;;;
23/09/2012;15:28:00;4064;com vítima;31;BR-040/RJ;Sul;Queda de Moto;;;;1;;;;;;;0;1;;1;
23/09/2012;17:39:00;4085;sem vítima;62;BR-040/RJ;Sul;Choque - Objeto Fixo;1;;;;;;;;;;1;;;;
23/09/2012;23:04:00;4120;com vítima;78;BR-040/RJ;Sul;Tombamento;;;1;;;;;;;;0;1;;;
23/09/2012;07:57:00;4016;sem vítima;94;BR-040/RJ;Sul;Choque - Objeto Fixo;1;;;;;;;;;;1;;;;
23/09/2012;19:18:00;4093;sem vítima;105;BR-040/RJ;Norte;Colisão Frontal;1;;;1;;;;;;;2;;;;
23/09/2012;19:09:00;4091;com vítima;107;BR-040/RJ;Sul;Colisão Lateral;1;;;;1;;;;;;3;1;;;
23/09/2012;16:45:00;4074;com vítima;114;BR-040/RJ;Sul;Capotamento;1;;;;;;;;;;0;1;;;
23/09/2012;05:37:00;4002;sem vítima;121;BR-040/RJ;Sul;Choque - Objeto Fixo;1;;;;;;;;;;1;;;;
23/09/2012;21:51:00;4112;sem vítima;122;BR-040/RJ;Norte;Choque - Objeto Fixo;1;;;;;;;;;;1;;;;
24/09/2012;08:27:00;4165;com vítima;54;BR-040/RJ;Sul;Choque - Objeto Fixo;1;;;;;;;;;;0;1;;;
24/09/2012;08:41:00;4166;sem vítima;80;BR-040/RJ;Norte;Colisão Lateral;2;;;;;;;;;;2;;;;
24/09/2012;09:52:00;4184;sem vítima;89;BR-040/RJ;Norte;Capotamento;1;;;;;;;;;;1;;;;
25/09/2012;19:22:00;4418;sem vítima;81;BR-040/RJ;Sul;Choque - Objeto Fixo;1;;;;;;;;;;1;;;;
25/09/2012;17:02:00;4396;sem vítima;89;BR-040/RJ;Norte;Colisão Traseira;1;;;;;2;;;;;3;;;;
25/09/2012;20:55:00;4428;sem vítima;89;BR-040/RJ;Norte;Choque - Objeto Fixo;1;;;;;;;;;;1;;;;
25/09/2012;22:43:00;4438;sem vítima;92;BR-040/RJ;Norte;Choque - Objeto Fixo;1;;;;;;;;;;1;;;;
25/09/2012;18:30:00;4411;sem vítima;93;BR-040/RJ;Sul;Choque - Objeto Fixo;1;;;;;;;;;;1;;;;
25/09/2012;18:39:00;4415;com vítima;109;BR-040/RJ;Norte;Colisão Lateral;;;;1;;1;;;;;1;2;;;
25/09/2012;07:48:00;4312;sem vítima;113;BR-040/RJ;Norte;Engavetamento;2;;;;1;;;;;;3;;;;
25/09/2012;23:01:00;4439;sem vítima;118;BR-040/RJ;Norte;Choque - Objeto Fixo;1;;;;;;;;;;1;;;;
25/09/2012;18:37:00;4414;sem vítima;815;BR-040/MG;Sul;Capotamento;1;;;;;;;;;;1;;;;
25/09/2012;17:25:00;4400;sem vítima;119;BR-040/RJ;Sul;Choque - Objeto Fixo;1;;;;;;;;;;1;;;;
25/09/2012;09:07:00;4325;com vítima;120;BR-040/RJ;Sul;Colisão Lateral;1;;1;1;;;;;;;2;1;;;
25/09/2012;08:15:00;4318;sem vítima;122;BR-040/RJ;Sul;Engavetamento;1;;2;;;;;;;;3;;;;
25/09/2012;07:41:00;4309;sem vítima;123;BR-040/RJ;Sul;Colisão Lateral;1;;1;;;;;;;;2;;;;
26/09/2012;06:50:00;4469;com vítima;12;BR-040/RJ;Norte;Capotamento;1;;;;;;;;;;0;2;;;
26/09/2012;03:08:00;4453;sem vítima;57;BR-040/RJ;Sul;Choque - Objeto Fixo;;;1;;;;;;;;1;;;;
26/09/2012;17:16:00;4571;sem vítima;65;BR-040/RJ;Sul;Choque - Objeto Fixo;1;;;;;;;;;;1;;;;
26/09/2012;08:38:00;4492;sem vítima;90;BR-040/RJ;Sul;Choque - Objeto Fixo;1;;;;;;;;;;1;;;;
26/09/2012;16:19:00;4565;sem vítima;93;BR-040/RJ;Sul;Tombamento;1;;;;;;;;;;1;;;;
26/09/2012;08:12:00;4487;sem vítima;99;BR-040/RJ;Sul;Choque - Objeto Fixo;1;;;;;;;;;;1;;;;
26/09/2012;09:04:00;4500;sem vítima;105;BR-040/RJ;Norte;Colisão Frontal;2;;;;;;;;;;2;;;;
26/09/2012;15:00:00;4556;com vítima;110;BR-040/RJ;Sul;Colisão Traseira;1;;1;;;;;;;;2;2;;;
26/09/2012;07:16:00;4474;sem vítima;779;BR-040/MG;Norte;Choque - Objeto Fixo;1;;;;;;;;;;1;;;;
26/09/2012;15:14:00;4558;sem vítima;780;BR-040/MG;Sul;Colisão Lateral;2;;;;;;;;;;2;;;;
26/09/2012;17:40:00;4575;com vítima;790;BR-040/MG;Norte;Colisão Transversal;1;;;1;;;;;;;0;1;;1;
26/09/2012;10:10:00;4509;com vítima;804;BR-040/MG;Sul;Capotamento;1;;;;;;;;;;0;1;;;
26/09/2012;17:59:00;4578;sem vítima;120;BR-040/RJ;Norte;Engavetamento;2;;;;;1;;;;;3;;;;
26/09/2012;09:02:00;4499;sem vítima;121;BR-040/RJ;Sul;Colisão Lateral;1;;2;;;;;;;;3;;;;
26/09/2012;10:50:00;4514;sem vítima;121;BR-040/RJ;Norte;Engavetamento;3;;;;;;;;;;3;;;;
26/09/2012;15:14:00;4559;sem vítima;121;BR-040/RJ;Norte;Capotamento;1;;1;;;;;;;;2;;;;
26/09/2012;20:26:00;4590;sem vítima;123;BR-040/RJ;Sul;Colisão Lateral;;;1;;1;;;;;;2;;;;
27/09/2012;06:52:00;4640;com vítima;47;BR-040/RJ;Sul;Choque - Objeto Fixo;1;;;;;;;;;;0;2;4;;
27/09/2012;07:38:00;4648;com vítima;57;BR-040/RJ;Norte;Tombamento;;;1;;;;;;;;0;1;;;
27/09/2012;11:50:00;4692;sem vítima;80;BR-040/RJ;Sul;Choque - Objeto Fixo;1;;;;;;;;;;1;;;;
27/09/2012;09:39:00;4666;sem vítima;94;BR-040/RJ;Norte;Choque - Objeto Fixo;1;;;;;;;;;;1;;;;
27/09/2012;00:47:00;4615;sem vítima;95;BR-040/RJ;Sul;Choque - Objeto Fixo;1;;;;;;;;;;1;;;;
27/09/2012;10:31:00;4678;com vítima;109;BR-040/RJ;Norte;Colisão Traseira;1;;1;;;;;;;;1;3;;;
27/09/2012;00:41:00;4614;sem vítima;116;BR-040/RJ;Norte;Choque - Objeto Fixo;1;;;;;;;;;;1;;;;
27/09/2012;18:04:00;4743;com vítima;118;BR-040/RJ;Sul;Colisão Lateral;;;;1;;1;;;;;1;1;;;
27/09/2012;03:31:00;4623;sem vítima;828;BR-040/MG;Norte;Choque - Objeto Fixo;;;1;;;;;;;;1;;;;
27/09/2012;11:23:00;4688;sem vítima;119;BR-040/RJ;Sul;Choque - Objeto Fixo;2;;;;;;;;;;2;;;;
27/09/2012;10:36:00;4680;sem vítima;120;BR-040/RJ;Norte;Colisão Lateral;1;;;;;1;;;;;2;;;;
27/09/2012;17:55:00;4737;sem vítima;125;BR-040/RJ;Sul;Colisão Lateral;1;;1;;;;;;;;2;;;;
28/09/2012;07:35:00;4813;sem vítima;108;BR-040/RJ;Sul;Colisão Lateral;1;;1;;;;;;;;2;;;;
28/09/2012;11:58:00;4874;com vítima;109;BR-040/RJ;Norte;Colisão Traseira;1;;1;;;;;;;;1;1;;;
28/09/2012;18:12:00;4937;sem vítima;109;BR-040/RJ;Norte;Colisão Lateral;1;;1;;;;;;;;2;;;;
28/09/2012;10:02:00;4849;com vítima;114;BR-040/RJ;Norte;Colisão Traseira;2;;;;;;;;;;0;2;;;
28/09/2012;09:37:00;4844;sem vítima;124;BR-040/RJ;Sul;Colisão Lateral;1;;1;;;;;;;;2;;;;
29/09/2012;11:55:00;5091;com vítima;0;BR-040/RJ;Norte;Tombamento;;;1;;;;;;;;0;1;;;
29/09/2012;02:12:00;5004;com vítima;14;BR-040/RJ;Sul;Atropelamento - Animal;1;;;;;;;;;;0;2;;;
29/09/2012;04:20:00;5010;sem vítima;25;BR-040/RJ;Sul;Capotamento;1;;;;;;;;;;1;;;;
29/09/2012;22:02:00;5184;sem vítima;39;BR-040/RJ;Norte;Choque - Objeto Fixo;1;;;;;;;;;;1;;;;
29/09/2012;21:10:00;5179;sem vítima;78;BR-040/RJ;Norte;Capotamento;1;;;;;;;;;;1;;;;
29/09/2012;06:59:00;5029;sem vítima;83;BR-040/RJ;Norte;Colisão Traseira;1;;;;;1;;;;;2;;;;
29/09/2012;23:17:00;5192;sem vítima;90;BR-040/RJ;Sul;Choque - Objeto Fixo;1;;;;;;;;;;1;;;;
29/09/2012;03:06:00;5007;sem vítima;95;BR-040/RJ;Norte;Choque - Objeto Fixo;1;;;;;;;;;;1;;;;
29/09/2012;16:02:00;5129;sem vítima;95;BR-040/RJ;Norte;Choque - Objeto Fixo;1;;;;;;;;;;1;;;;
29/09/2012;11:37:00;5084;sem vítima;98;BR-040/RJ;Norte;Colisão Lateral;;;2;;;;;;;;2;;;;
29/09/2012;19:40:00;5170;com vítima;105;BR-040/RJ;Norte;Atropelamento - Pedestre;;;;;1;;;;;;1;1;;;
29/09/2012;23:25:00;5193;sem vítima;105;BR-040/RJ;Norte;Colisão Transversal;2;;;;;;;;;;2;;;;
29/09/2012;18:22:00;5161;com vítima;110;BR-040/RJ;Sul;Colisão Traseira;1;;1;;;;;;;;3;1;;;