data;horario;n_da_ocorrencia;tipo_de_ocorrencia;km;trecho;sentido;tipo_de_acidente;automovel;bicicleta;caminhao;moto;onibus;outros;tracao_animal;transporte_de_cargas_especiais;trator_maquinas;utilitarios;ilesos;levemente_feridos;moderadamente_feridos;gravemente_feridos;mortos
02/11/2012;10:16:00;244;com vítima;787;BR-040/MG;Norte;Choque - Objeto Fixo;1;;;;;;;;;;0;3;;;
02/11/2012;18:59:00;326;sem vítima;787;BR-040/MG;Norte;Choque - Objeto Fixo;1;;;;;;;;;;1;;;;
02/11/2012;15:20:00;292;sem vítima;788;BR-040/MG;Norte;Colisão Transversal;1;;;;;;;;;;1;;;;
02/11/2012;15:39:00;295;sem vítima;800;BR-040/MG;Norte;Choque - Objeto Fixo;1;;;;;;;;;;1;;;;
02/11/2012;05:12:00;204;com vítima;119;BR-040/RJ;Norte;Colisão Traseira;2;;;;;;;;;;3;1;;;
02/11/2012;09:20:00;237;sem vítima;119;BR-040/RJ;Norte;Choque - Objeto Fixo;1;;;;;;;;;;1;;;;
02/11/2012;02:34:00;194;sem vítima;121;BR-040/RJ;Norte;Colisão Traseira;2;;;;;;;;;;2;;;;
02/11/2012;00:12:00;178;sem vítima;123;BR-040/RJ;Norte;Colisão Lateral;1;;;;1;;;;;;2;;;;
03/11/2012;07:20:00;388;com vítima;75;BR-040/RJ;Sul;Capotamento;1;;;;;;;;;;0;4;1;;
03/11/2012;19:03:00;473;sem vítima;81;BR-040/RJ;Norte;Choque - Objeto Fixo;1;;;;;;;;;;1;;;;
03/11/2012;07:54:00;394;sem vítima;92;BR-040/RJ;Norte;Choque - Objeto Fixo;1;;;;;;;;;;1;;;;
03/11/2012;06:34:00;383;sem vítima;100;BR-040/RJ;Norte;Choque - Objeto Fixo;1;;;;;;;;;;1;;;;
03/11/2012;11:42:00;423;com vítima;108;BR-040/RJ;Norte;Colisão Lateral;1;;1;;;;;;;;1;;;;1
03/11/2012;12:29:00;429;sem vítima;111;BR-040/RJ;Norte;Colisão Traseira;2;;;;;;;;;;2;;;;
03/11/2012;04:47:00;379;sem vítima;115;BR-040/RJ;Norte;Tombamento;;;1;;;;;;;;1;;;;
03/11/2012;07:57:00;396;com vítima;815;BR-040/MG;Sul;Capotamento;1;;;;;;;;;;4;2;;;
03/11/2012;19:33:00;476;sem vítima;119;BR-040/RJ;Sul;Colisão Lateral;;;;;2;;;;;;2;;;;
04/11/2012;20:38:00;614;sem vítima;0;BR-040/RJ;Norte;Choque - Objeto Fixo;1;;;;;;;;;;1;;;;
04/11/2012;22:40:00;635;com vítima;5;BR-040/RJ;Sul;Choque - Objeto Fixo;1;;;;;;;;;;0;1;;;
04/11/2012;20:10:00;611;sem vítima;77;BR-040/RJ;Sul;Choque - Objeto Fixo;1;;;;;;;;;;1;;;;
04/11/2012;03:44:00;500;com vítima;79;BR-040/RJ;Sul;Capotamento;1;;;;;;;;;;1;1;;;
04/11/2012;02:23:00;497;sem vítima;84;BR-040/RJ;Norte;Choque - Objeto Fixo;1;;;;;;;;;;1;;;;
04/11/2012;18:27:00;589;sem vítima;88;BR-040/RJ;Norte;Choque - Objeto Fixo;1;;;;;;;;;;1;;;;
04/11/2012;18:50:00;597;sem vítima;88;BR-040/RJ;Norte;Choque - Objeto Fixo;1;;;;;;;;;;1;;;;
04/11/2012;22:05:00;631;sem vítima;90;BR-040/RJ;Sul;Choque - Objeto Fixo;1;;;;;;;;;;1;;;;
04/11/2012;20:39:00;615;sem vítima;94;BR-040/RJ;Sul;Choque - Objeto Fixo;1;;;;;;;;;;2;;;;
04/11/2012;12:29:00;543;com vítima;112;BR-040/RJ;Sul;Atropelamento - Pedestre;1;;;;;;;;;;1;;;;1
04/11/2012;22:03:00;630;sem vítima;113;BR-040/RJ;Norte;Engavetamento;2;;;;;1;;;;;3;;;;
04/11/2012;22:49:00;636;sem vítima;116;BR-040/RJ;Sul;Choque - Objeto Fixo;1;;;;;;;;;;1;;;;
04/11/2012;23:48:00;647;com vítima;116;BR-040/RJ;Sul;Colisão Traseira;2;;;;;;;;;;1;2;;;
04/11/2012;10:53:00;533;sem vítima;119;BR-040/RJ;Sul;Choque - Objeto Fixo;1;;;;;;;;;;1;;;;
04/11/2012;01:40:00;495;com vítima;123;BR-040/RJ;Sul;Capotamento;1;;;;;;;;;;0;1;;;
04/11/2012;05:13:00;504;sem vítima;123;BR-040/RJ;Sul;Choque - Objeto Fixo;1;;;;;;;;;;1;;;;
05/11/2012;15:30:00;751;com vítima;36;BR-040/RJ;Norte;Choque - Objeto Fixo;1;;;;;;;;;;0;1;;;
05/11/2012;06:33:00;671;sem vítima;45;BR-040/RJ;Norte;Choque - Objeto Fixo;1;;;;;;;;;;1;;;;
05/11/2012;17:30:00;774;sem vítima;73;BR-040/RJ;Norte;Choque - Objeto Fixo;1;;;;;;;;;;1;;;;
05/11/2012;13:40:00;739;sem vítima;77;BR-040/RJ;Sul;Choque - Objeto Fixo;1;;;;;;;;;;1;;;;
05/11/2012;18:50:00;787;com vítima;88;BR-040/RJ;Sul;Atropelamento - Pedestre;2;;;;;;;;;;1;;1;;
05/11/2012;16:53:00;766;com vítima;92;BR-040/RJ;Sul;Choque - Objeto Fixo;1;;;;;;;;;;0;1;;;
05/11/2012;12:37:00;727;sem vítima;93;BR-040/RJ;Sul;Derrapagem;1;;;;;;;;;;1;;;;
05/11/2012;16:23:00;759;com vítima;96;BR-040/RJ;Sul;Capotamento;1;;;;;;;;;;0;1;;;
05/11/2012;05:35:00;666;sem vítima;801;BR-040/MG;Sul;Colisão Frontal;2;;;;;;;;;;2;;;;
05/11/2012;14:43:00;746;com vítima;124;BR-040/RJ;Norte;Colisão Traseira;;;1;;1;;;;;;1;2;1;;
06/11/2012;17:10:00;912;sem vítima;77;BR-040/RJ;Sul;Choque - Objeto Fixo;1;;;;;;;;;;1;;;;
06/11/2012;18:05:00;922;sem vítima;80;BR-040/RJ;Sul;Choque - Objeto Fixo;1;;;;;;;;;;1;;;;
06/11/2012;16:52:00;909;sem vítima;84;BR-040/RJ;Sul;Choque - Objeto Fixo;1;;;;;;;;;;1;;;;
06/11/2012;10:57:00;869;sem vítima;92;BR-040/RJ;Sul;Choque - Objeto Fixo;1;;;;;;;;;;1;;;;
06/11/2012;12:12:00;874;com vítima;111;BR-040/RJ;Sul;Engavetamento;3;;;;;;;;;;1;3;1;1;
07/11/2012;07:41:00;979;sem vítima;86;BR-040/RJ;Norte;Choque - Objeto Fixo;1;;;;;;;;;;1;;;;
07/11/2012;17:48:00;1062;sem vítima;109;BR-040/RJ;Norte;Colisão Lateral;1;;;1;;;;;;;2;;;;
07/11/2012;17:42:00;1061;com vítima;777;BR-040/MG;Norte;Colisão Lateral;1;;;;1;;;;;;1;1;;;
07/11/2012;18:04:00;1065;com vítima;828;BR-040/MG;Norte;Choque - Objeto Fixo;1;;;;;;;;;;1;1;;;
07/11/2012;08:22:00;985;com vítima;119;BR-040/RJ;Norte;Colisão Traseira;1;;1;;;;;;;;1;;1;;
07/11/2012;07:53:00;982;com vítima;123;BR-040/RJ;Sul;Queda de Moto;;;;1;;;;;;;0;1;;;
07/11/2012;10:57:00;1007;sem vítima;123;BR-040/RJ;Sul;Colisão Lateral;1;;1;;;;;;;;2;;;;
07/11/2012;14:41:00;1034;sem vítima;123;BR-040/RJ;Norte;Colisão Lateral;1;;1;;;;;;;;2;;;;
07/11/2012;20:45:00;1089;com vítima;123;BR-040/RJ;Norte;Atropelamento - Pedestre;1;;;;;;;;;;1;;;;1
08/11/2012;19:42:00;1235;sem vítima;2;BR-040/RJ;Norte;Choque - Objeto Fixo;1;;;;;;;;;;1;;;;
08/11/2012;15:05:00;1195;sem vítima;109;BR-040/RJ;Norte;Colisão Lateral;;;;;2;;;;;;2;;;;
08/11/2012;15:50:00;1201;sem vítima;109;BR-040/RJ;Norte;Colisão Lateral;1;;1;;;;;;;;2;;;;
08/11/2012;10:47:00;1164;com vítima;110;BR-040/RJ;Norte;Capotamento;2;;;;;;;;;;0;2;1;1;
08/11/2012;11:32:00;1170;sem vítima;110;BR-040/RJ;Sul;Colisão Traseira;2;;;;;;;;;;2;;;;
08/11/2012;10:09:00;1157;com vítima;117;BR-040/RJ;Norte;Colisão Lateral;2;;;;;;;;;;1;3;1;;
08/11/2012;21:35:00;1246;com vítima;117;BR-040/RJ;Norte;Choque - Objeto Fixo;1;;;;;;;;;;0;2;;;
09/11/2012;11:26:00;1331;com vítima;2;BR-040/RJ;Norte;Choque - Objeto Fixo;1;;;;;;;;;;0;1;;;
09/11/2012;19:25:00;1422;com vítima;6;BR-040/RJ;Norte;Capotamento;1;;;;;;;;;;0;1;;;
09/11/2012;20:51:00;1438;sem vítima;8;BR-040/RJ;Norte;Choque - Objeto Fixo;1;;;;;;;;;;1;;;;
09/11/2012;08:46:00;1306;sem vítima;12;BR-040/RJ;Norte;Choque - Objeto Fixo;1;;;;;;;;;;1;;;;
09/11/2012;15:47:00;1378;sem vítima;13;BR-040/RJ;Sul;Capotamento;1;;;;;;;;;;1;;;;
09/11/2012;14:31:00;1366;com vítima;22;BR-040/RJ;Sul;Capotamento;1;;;;;;;;;;0;1;;;
09/11/2012;11:57:00;1335;sem vítima;31;BR-040/RJ;Norte;Choque - Objeto Fixo;1;;;;;;;;;;1;;;;
09/11/2012;12:43:00;1347;sem vítima;31;BR-040/RJ;Sul;Choque - Objeto Fixo;1;;;;;;;;;;1;;;;
09/11/2012;17:58:00;1408;sem vítima;32;BR-040/RJ;Sul;Choque - Objeto Fixo;1;;;;;;;;;;1;;;;
09/11/2012;10:03:00;1321;sem vítima;34;BR-040/RJ;Norte;Capotamento;1;;;;;;;;;;1;;;;
09/11/2012;10:18:00;1326;com vítima;34;BR-040/RJ;Norte;Colisão Lateral;3;;;;;;;;;;2;;2;;
09/11/2012;13:25:00;1351;com vítima;43;BR-040/RJ;Norte;Tombamento;;;1;;;;;;;;0;1;;;
09/11/2012;15:06:00;1371;com vítima;43;BR-040/RJ;Norte;Engavetamento;2;;1;;;;;;;;1;3;;;
09/11/2012;22:42:00;1456;sem vítima;57;BR-040/RJ;Norte;Choque - Objeto Fixo;;;1;;;;;;;;1;;;;
09/11/2012;09:39:00;1315;com vítima;70;BR-040/RJ;Sul;Choque - Objeto Fixo;1;;;;;;;;;;0;2;;;
09/11/2012;19:06:00;1419;sem vítima;77;BR-040/RJ;Sul;Choque - Objeto Fixo;1;;;;;;;;;;1;;;;
09/11/2012;15:49:00;1380;sem vítima;82;BR-040/RJ;Sul;Derrapagem;1;;;;;;;;;;1;;;;
09/11/2012;15:31:00;1373;sem vítima;84;BR-040/RJ;Norte;Derrapagem;1;;;;;;;;;;1;;;;
09/11/2012;16:47:00;1395;sem vítima;88;BR-040/RJ;Sul;Derrapagem;1;;;;;;;;;;1;;;;
09/11/2012;13:27:00;1352;sem vítima;91;BR-040/RJ;Norte;Choque - Objeto Fixo;1;;;;;;;;;;1;;;;
09/11/2012;15:37:00;1376;sem vítima;91;BR-040/RJ;Norte;Choque - Objeto Fixo;1;;;;;;;;;;1;;;;
09/11/2012;16:06:00;1384;sem vítima;92;BR-040/RJ;Sul;Colisão Lateral;1;;1;;;;;;;;2;;;;
09/11/2012;16:10:00;1386;sem vítima;92;BR-040/RJ;Sul;Derrapagem;1;;;;;;;;;;1;;;;
09/11/2012;20:44:00;1434;com vítima;111;BR-040/RJ;Sul;Atropelamento - Pedestre;;;;;;1;;;;;1;;;1;
09/11/2012;22:37:00;1453;sem vítima;113;BR-040/RJ;Norte;Choque - Objeto Fixo;1;;;;;;;;;;1;;;;
09/11/2012;22:03:00;1446;sem vítima;115;BR-040/RJ;Norte;Colisão Traseira;2;;;;;;;;;;2;;;;
09/11/2012;15:48:00;1379;sem vítima;776;BR-040/MG;Sul;Choque - Objeto Fixo;1;;;;;;;;;;1;;;;
09/11/2012;17:15:00;1400;sem vítima;776;BR-040/MG;Sul;Choque - Objeto Fixo;1;;;;;;;;;;1;;;;
09/11/2012;17:34:00;1403;sem vítima;776;BR-040/MG;Sul;Choque - Objeto Fixo;1;;;;;;;;;;1;;;;
09/11/2012;15:30:00;1375;sem vítima;787;BR-040/MG;Norte;Choque - Objeto Fixo;1;;;;;;;;;;1;;;;
09/11/2012;19:55:00;1428;sem vítima;787;BR-040/MG;Norte;Choque - Objeto Fixo;1;;;;;;;;;;1;;;;
09/11/2012;06:58:00;1291;sem vítima;823;BR-040/MG;Sul;Choque - Objeto Fixo;1;;;;;;;;;;2;;;;
09/11/2012;18:23:00;1412;sem vítima;823;BR-040/MG;Sul;Choque - Objeto Fixo;1;;;;;;;;;;1;;;;
09/11/2012;10:34:00;1323;com vítima;825;BR-040/MG;Norte;Capotamento;1;;;;;;;;;;0;1;;;
09/11/2012;13:55:00;1360;com vítima;825;BR-040/MG;Norte;Capotamento;1;;;;;;;;;;0;2;;;
09/11/2012;19:20:00;1420;com vítima;828;BR-040/MG;Norte;Choque - Objeto Fixo;1;;;;;;;;;;0;1;;;
09/11/2012;05:55:00;1285;sem vítima;121;BR-040/RJ;Sul;Engavetamento;3;;;;;;;;;;3;;;;
09/11/2012;09:54:00;1320;sem vítima;123;BR-040/RJ;Sul;Colisão Lateral;1;;1;;;;;;;;2;;;;
10/11/2012;13:32:00;1539;sem vítima;0;BR-040/RJ;Sul;Choque - Objeto Fixo;1;;;;;;;;;;2;;;;
10/11/2012;19:40:00;1595;sem vítima;2;BR-040/RJ;Norte;Choque - Objeto Fixo;1;;;;;;;;;;1;;;;
10/11/2012;11:14:00;1516;com vítima;3;BR-040/RJ;Norte;Capotamento;1;;;;;;;;;;0;1;;;
10/11/2012;12:14:00;1527;com vítima;13;BR-040/RJ;Norte;Choque - Objeto Fixo;1;;;;;;;;;;0;2;;;
10/11/2012;19:18:00;1592;sem vítima;32;BR-040/RJ;Norte;Choque - Objeto Fixo;1;;;;;;;;;;1;;;;
10/11/2012;00:01:00;1463;sem vítima;34;BR-040/RJ;Norte;Choque - Objeto Fixo;1;;;;;;;;;;1;;;;
10/11/2012;01:51:00;1472;sem vítima;34;BR-040/RJ;Norte;Choque - Objeto Fixo;1;;;;;;;;;;1;;;;
10/11/2012;19:52:00;1597;com vítima;43;BR-040/RJ;Sul;Choque - Objeto Fixo;1;;;;;;;;;;0;1;;;
10/11/2012;19:15:00;1590;com vítima;54;BR-040/RJ;Norte;Engavetamento;3;;;;;;;;;;6;3;;;
10/11/2012;09:37:00;1505;sem vítima;64;BR-040/RJ;Sul;Choque - Objeto Fixo;1;;;;;;;;;;1;;;;
10/11/2012;14:33:00;1549;sem vítima;77;BR-040/RJ;Sul;Choque - Objeto Fixo;1;;;;;;;;;;1;;;;
10/11/2012;08:10:00;1493;sem vítima;78;BR-040/RJ;Sul;Choque - Objeto Fixo;1;;;;;;;;;;1;;;;
10/11/2012;00:20:00;1464;sem vítima;79;BR-040/RJ;Sul;Choque - Objeto Fixo;1;;;;;;;;;;1;;;;
10/11/2012;13:59:00;1544;com vítima;82;BR-040/RJ;Sul;Capotamento;1;;;;;;;;;;0;1;;;
10/11/2012;14:27:00;1547;sem vítima;82;BR-040/RJ;Sul;Choque - Objeto Fixo;1;;;;;;;;;;1;;;;
10/11/2012;15:00:00;1553;com vítima;82;BR-040/RJ;Sul;Capotamento;1;;;;;;;;;;0;2;;;
10/11/2012;11:35:00;1519;com vítima;84;BR-040/RJ;Sul;Colisão Traseira;2;;;;;;;;;;0;5;;;
10/11/2012;12:12:00;1526;sem vítima;84;BR-040/RJ;Sul;Choque - Objeto Fixo;1;;;;;;;;;;1;;;;
10/11/2012;14:16:00;1545;sem vítima;84;BR-040/RJ;Sul;Choque - Objeto Fixo;1;;;;;;;;;;1;;;;
10/11/2012;21:34:00;1601;com vítima;86;BR-040/RJ;Sul;Choque - Objeto Fixo;1;;;;;;;;;;0;1;1;;
10/11/2012;15:15:00;1556;sem vítima;88;BR-040/RJ;Norte;Choque - Objeto Fixo;1;;;;;;;;;;1;;;;
10/11/2012;15:15:00;1559;sem vítima;88;BR-040/RJ;Norte;Choque - Objeto Fixo;1;;;;;;;;;;1;;;;
10/11/2012;00:52:00;1469;sem vítima;89;BR-040/RJ;Sul;Choque - Objeto Fixo;1;;;;;;;;;;1;;;;
10/11/2012;10:58:00;1514;sem vítima;90;BR-040/RJ;Norte;Choque - Objeto Fixo;1;;;;;;;;;;1;;;;
10/11/2012;16:45:00;1567;sem vítima;90;BR-040/RJ;Sul;Choque - Objeto Fixo;1;;;;;;;;;;1;;;;
10/11/2012;08:19:00;1495;sem vítima;92;BR-040/RJ;Norte;Colisão Lateral;2;;;;;;;;;;2;;;;
10/11/2012;11:44:00;1521;sem vítima;92;BR-040/RJ;Sul;Choque - Objeto Fixo;1;;;;;;;;;;1;;;;
10/11/2012;18:08:00;1582;sem vítima;92;BR-040/RJ;Sul;Choque - Objeto Fixo;1;;;;;;;;;;1;;;;
10/11/2012;15:40:00;1557;com vítima;93;BR-040/RJ;Sul;Choque - Objeto Fixo;1;;;;;;;;;;0;1;;;
10/11/2012;16:47:00;1569;sem vítima;93;BR-040/RJ;Norte;Choque - Objeto Fixo;1;;;;;;;;;;1;;;;
10/11/2012;17:44:00;1580;com vítima;93;BR-040/RJ;Sul;Capotamento;1;;;;;;;;;;0;3;;;
10/11/2012;11:50:00;1522;com vítima;94;BR-040/RJ;Sul;Capotamento;1;;;;;;;;;;0;2;;;
10/11/2012;11:50:00;1531;sem vítima;94;BR-040/RJ;Sul;Derrapagem;1;;;;;;;;;;3;;;;
10/11/2012;11:50:00;1541;sem vítima;94;BR-040/RJ;Sul;Choque - Objeto Fixo;1;;;;;;;;;;1;;;;
10/11/2012;11:50:00;1542;sem vítima;94;BR-040/RJ;Sul;Choque - Objeto Fixo;1;;;;;;;;;;1;;;;
10/11/2012;12:24:00;1529;com vítima;97;BR-040/RJ;Sul;Choque - Objeto Fixo;1;;;;;;;;;;0;;1;;
10/11/2012;12:24:00;1536;sem vítima;97;BR-040/RJ;Sul;Choque - Objeto Fixo;1;;;;;;;;;;1;;;;
10/11/2012;20:13:00;1600;sem vítima;114;BR-040/RJ;Sul;Choque - Objeto Fixo;1;;;;;;;;;;1;;;;
10/11/2012;10:43:00;1513;com vítima;776;BR-040/MG;Sul;Colisão Traseira;2;;;;;;;;;;1;;1;;
10/11/2012;17:12:00;1573;com vítima;815;BR-040/MG;Sul;Choque - Objeto Fixo;1;;;;;;;;;;0;1;;;
10/11/2012;10:26:00;1511;sem vítima;120;BR-040/RJ;Norte;Colisão Lateral;;;1;;;1;;;;;2;;;;
10/11/2012;05:42:00;1484;sem vítima;121;BR-040/RJ;Norte;Colisão Traseira;2;;;;;;;;;;2;;;;
10/11/2012;11:36:00;1520;com vítima;123;BR-040/RJ;Norte;Colisão Lateral;1;;1;;;1;;;;;2;1;;;
10/11/2012;16:44:00;1565;sem vítima;123;BR-040/RJ;Norte;Colisão Lateral;2;;;;;;;;;;2;;;;
11/11/2012;09:32:00;1658;com vítima;33;BR-040/RJ;Norte;Choque - Objeto Fixo;;;;1;;;;;;;0;;;1;
11/11/2012;05:54:00;1643;sem vítima;39;BR-040/RJ;Norte;Choque - Objeto Fixo;1;;;;;;;;;;1;;;;
11/11/2012;05:49:00;1642;sem vítima;68;BR-040/RJ;Norte;Choque - Objeto Fixo;1;;;;;;;;;;1;;;;
11/11/2012;12:06:00;1676;com vítima;76;BR-040/RJ;Sul;Queda de Moto;;;;1;;;;;;;0;;1;;
11/11/2012;19:53:00;1741;com vítima;102;BR-040/RJ;Norte;Colisão Lateral;1;;;;;1;;;;;1;1;;;
11/11/2012;15:26:00;1698;sem vítima;105;BR-040/RJ;Norte;Colisão Traseira;1;;;;;1;;;;;2;;;;
11/11/2012;01:07:00;1618;com vítima;109;BR-040/RJ;Sul;Colisão Frontal;2;;;;;;;;;;1;5;;;
11/11/2012;20:41:00;1751;sem vítima;109;BR-040/RJ;Norte;Choque - Objeto Fixo;1;;;;;;;;;;1;;;;
11/11/2012;21:24:00;1756;com vítima;111;BR-040/RJ;Sul;Capotamento;1;;;;;;;;;;0;1;;;
11/11/2012;10:21:00;1664;sem vítima;112;BR-040/RJ;Norte;Colisão Lateral;2;;;;;;;;;;2;;;;
11/11/2012;23:17:00;1768;sem vítima;780;BR-040/MG;Norte;Choque - Objeto Fixo;1;;;;;;;;;;1;;;;
11/11/2012;04:00:00;1633;sem vítima;799;BR-040/MG;Sul;Choque - Objeto Fixo;1;;;;;;;;;;1;;;;
11/11/2012;07:35:00;1649;sem vítima;118;BR-040/RJ;Norte;Choque - Objeto Fixo;1;;;;;;;;;;1;;;;
12/11/2012;07:13:00;1807;sem vítima;55;BR-040/RJ;Sul;Choque - Objeto Fixo;1;;;;;;;;;;1;;;;
12/11/2012;20:57:00;1913;sem vítima;72;BR-040/RJ;Norte;Choque - Objeto Fixo;1;;;;;;;;;;1;;;;
12/11/2012;17:35:00;1891;sem vítima;80;BR-040/RJ;Norte;Choque - Objeto Fixo;1;;;;;;;;;;1;;;;
12/11/2012;16:26:00;1881;sem vítima;82;BR-040/RJ;Sul;Capotamento;1;;;;;;;;;;1;;;;
12/11/2012;14:43:00;1865;com vítima;84;BR-040/RJ;Sul;Choque - Objeto Fixo;1;;;;;;;;;;0;2;1;;
12/11/2012;20:45:00;1912;sem vítima;84;BR-040/RJ;Norte;Choque - Objeto Fixo;1;;;;;;;;;;1;;;;
12/11/2012;18:50:00;1899;sem vítima;93;BR-040/RJ;Sul;Choque - Objeto Fixo;1;;;;;;;;;;1;;;;
12/11/2012;13:30:00;1857;com vítima;105;BR-040/RJ;Norte;Colisão Lateral;1;;;1;;;;;;;1;;1;;
12/11/2012;08:28:00;1815;sem vítima;109;BR-040/RJ;Norte;Colisão Lateral;1;;1;;;;;;;;2;;;;
12/11/2012;03:56:00;1788;sem vítima;789;BR-040/MG;Sul;Choque - Objeto Fixo;1;;;;;;;;;;1;;;;
12/11/2012;22:21:00;1925;com vítima;789;BR-040/MG;Norte;Derrapagem;1;;;;;;;;;;0;3;;;
12/11/2012;18:13:00;1898;com vítima;799;BR-040/MG;Sul;Choque - Objeto Fixo;1;;;;;;;;;;0;1;;;
12/11/2012;01:33:00;1784;com vítima;122;BR-040/RJ;Norte;Colisão Lateral;;;;2;;;;;;;0;2;1;;
12/11/2012;15:26:00;1872;sem vítima;124;BR-040/RJ;Sul;Tombamento;;;1;;;;;;;;1;;;;
13/11/2012;04:15:00;1947;com vítima;16;BR-040/RJ;Norte;Tombamento;;;1;;;;;;;;3;2;;;
13/11/2012;06:46:00;1955;sem vítima;74;BR-040/RJ;Norte;Choque - Objeto Fixo;1;;;;;;;;;;1;;;;
13/11/2012;10:25:00;1981;sem vítima;82;BR-040/RJ;Sul;Choque - Objeto Fixo;1;;;;;;;;;;1;;;;
13/11/2012;09:49:00;1975;com vítima;94;BR-040/RJ;Sul;Capotamento;1;;;;;;;;;;0;1;;;
13/11/2012;11:30:00;1989;sem vítima;96;BR-040/RJ;Sul;Choque - Objeto Fixo;1;;;;;;;;;;1;;;;
13/11/2012;11:56:00;1994;com vítima;105;BR-040/RJ;Norte;Choque - Objeto Fixo;1;;;;;;;;;;0;1;;;
13/11/2012;17:42:00;2039;sem vítima;105;BR-040/RJ;Norte;Colisão Lateral;2;;;;;;;;;;2;;;;
13/11/2012;11:33:00;1990;sem vítima;111;BR-040/RJ;Norte;Choque - Objeto Fixo;1;;;;;;;;;;1;;;;
13/11/2012;15:06:00;2013;sem vítima;115;BR-040/RJ;Sul;Colisão Lateral;1;;1;;;;;;;;2;;;;
13/11/2012;04:22:00;1948;com vítima;119;BR-040/RJ;Norte;Capotamento;1;;;;;;;;;;0;3;;;
14/11/2012;22:33:00;2247;com vítima;0;BR-040/RJ;Norte;Capotamento;1;;;;;;;;;;0;1;;;
14/11/2012;10:06:00;2135;com vítima;32;BR-040/RJ;Norte;Capotamento;1;;;;;;;;;;0;;1;2;
14/11/2012;13:13:00;2161;sem vítima;55;BR-040/RJ;Norte;Tombamento;;;2;;;;;;;;2;;;;
14/11/2012;13:14:00;2162;sem vítima;77;BR-040/RJ;Sul;Choque - Objeto Fixo;1;;;;;;;;;;1;;;;
14/11/2012;15:19:00;2179;sem vítima;82;BR-040/RJ;Sul;Choque - Objeto Fixo;1;;;;;;;;;;1;;;;
14/11/2012;12:33:00;2157;com vítima;88;BR-040/RJ;Norte;Capotamento;1;;;;;;;;;;0;1;;;
14/11/2012;09:56:00;2132;sem vítima;92;BR-040/RJ;Sul;Choque - Objeto Fixo;1;;;;;;;;;;1;;;;
14/11/2012;20:00:00;2223;sem vítima;92;BR-040/RJ;Sul;Choque - Objeto Fixo;1;;;;;;;;;;1;;;;
14/11/2012;10:37:00;2139;sem vítima;93;BR-040/RJ;Sul;Choque - Objeto Fixo;1;;;;;;;;;;1;;;;
14/11/2012;17:42:00;2208;sem vítima;93;BR-040/RJ;Sul;Choque - Objeto Fixo;1;;;;;;;;;;1;;;;
14/11/2012;20:31:00;2230;com vítima;93;BR-040/RJ;Sul;Choque - Objeto Fixo;;;1;;;;;;;;0;1;;;
14/11/2012;14:02:00;2167;sem vítima;94;BR-040/RJ;Sul;Choque - Objeto Fixo;1;;;;;;;;;;1;;;;
14/11/2012;18:03:00;2213;sem vítima;96;BR-040/RJ;Sul;Choque - Objeto Fixo;1;;;;;;;;;;1;;;;
14/11/2012;10:10:00;2136;sem vítima;109;BR-040/RJ;Norte;Colisão Lateral;2;;;;;;;;;;2;;;;
14/11/2012;17:08:00;2200;sem vítima;109;BR-040/RJ;Norte;Engavetamento;2;;1;;;;;;;;3;;;;
14/11/2012;18:42:00;2216;com vítima;109;BR-040/RJ;Norte;Colisão Lateral;1;;;1;;;;;;;1;;1;;
14/11/2012;20:39:00;2231;sem vítima;109;BR-040/RJ;Norte;Engavetamento;2;;;;;2;;;;;4;;;;
14/11/2012;21:54:00;2238;sem vítima;111;BR-040/RJ;Norte;Colisão Transversal;1;;1;;;;;;;;2;;;;
14/11/2012;22:01:00;2244;com vítima;112;BR-040/RJ;Norte;Colisão Traseira;2;;;;;;;;;;1;1;;;
14/11/2012;09:16:00;2123;sem vítima;116;BR-040/RJ;Sul;Colisão Traseira;1;;;;;1;;;;;2;;;;
14/11/2012;09:17:00;2124;com vítima;782;BR-040/MG;Norte;Colisão Lateral;;;1;1;;;;;;;1;2;;;
14/11/2012;15:58:00;2188;sem vítima;801;BR-040/MG;Sul;Choque - Objeto Fixo;1;;;;;;;;;;1;;;;
14/11/2012;15:23:00;2180;sem vítima;804;BR-040/MG;Sul;Choque - Objeto Fixo;1;;;;;;;;;;1;;;;
14/11/2012;17:10:00;2201;com vítima;808;BR-040/MG;Sul;Colisão Lateral;1;;;1;;;;;;;1;1;;;
14/11/2012;17:25:00;2206;sem vítima;825;BR-040/MG;Sul;Choque - Objeto Fixo;1;;;;;;;;;;1;;;;
14/11/2012;17:40:00;2209;sem vítima;825;BR-040/MG;Sul;Colisão Lateral;2;;;;;;;;;;2;;;;
15/11/2012;11:24:00;2323;com vítima;25;BR-040/RJ;Sul;Capotamento;1;;;;;;;;;;0;1;1;;
15/11/2012;23:44:00;2416;sem vítima;38;BR-040/RJ;Norte;Choque - Objeto Fixo;1;;;;;;;;;;1;;;;
15/11/2012;12:36:00;2335;com vítima;71;BR-040/RJ;Sul;Tombamento;;;1;;;;;;;;0;1;;;
15/11/2012;05:23:00;2272;sem vítima;78;BR-040/RJ;Sul;Choque - Objeto Fixo;1;;;;;;;;;;1;;;;
15/11/2012;15:53:00;2354;sem vítima;84;BR-040/RJ;Sul;Colisão Traseira;1;;1;;;;;;;;2;;;;