data;horario;n_da_ocorrencia;tipo_de_ocorrencia;km;trecho;sentido;tipo_de_acidente;automovel;bicicleta;caminhao;moto;onibus;outros;tracao_animal;transporte_de_cargas_especiais;trator_maquinas;utilitarios;ilesos;levemente_feridos;moderadamente_feridos;gravemente_feridos;mortos
01/12/2012;05:15:00;30;com vítima;114;BR-040/RJ;Sul;Colisão Traseira;1;;1;;;;;;;;1;1;;;
01/12/2012;15:47:00;111;sem vítima;117;BR-040/RJ;Sul;Choque - Objeto Fixo;1;;;;;;;;;;1;;;;
01/12/2012;12:53:00;94;sem vítima;125;BR-040/RJ;Norte;Colisão Traseira;2;;;;;;;;;;2;;;;
02/12/2012;05:55:00;203;com vítima;32;BR-040/RJ;Norte;Choque - Objeto Fixo;1;;;;;;;;;;2;2;;;
02/12/2012;18:59:00;301;sem vítima;55;BR-040/RJ;Sul;Capotamento;1;;;;;;;;;;1;;;;
02/12/2012;11:39:00;243;sem vítima;67;BR-040/RJ;Sul;Colisão Traseira;1;;;1;;;;;;;2;;;;
02/12/2012;09:49:00;223;com vítima;69;BR-040/RJ;Norte;Colisão Traseira;1;;;1;;;;;;;1;;1;;
02/12/2012;08:06:00;210;com vítima;84;BR-040/RJ;Sul;Queda de Moto;;;;1;;;;;;;0;1;1;;
02/12/2012;15:46:00;274;com vítima;93;BR-040/RJ;Sul;Capotamento;1;;;;;;;;;;0;2;;;
02/12/2012;16:19:00;278;com vítima;94;BR-040/RJ;Sul;Capotamento;1;;;;;;;;;;0;2;;;
02/12/2012;16:21:00;279;com vítima;102;BR-040/RJ;Sul;Queda de Moto;;;;1;;;;;;;0;1;;;
02/12/2012;19:23:00;302;sem vítima;111;BR-040/RJ;Sul;Colisão Traseira;2;;;;;;;;;;2;;;;
02/12/2012;02:05:00;185;com vítima;114;BR-040/RJ;Sul;Choque - Objeto Fixo;1;;;;;;;;;;0;1;;;
02/12/2012;06:38:00;206;sem vítima;803;BR-040/MG;Sul;Choque - Objeto Fixo;1;;;;;;;;;;5;;;;
02/12/2012;12:11:00;242;sem vítima;121;BR-040/RJ;Sul;Choque - Objeto Fixo;1;;;;;;;;;;1;;;;
03/12/2012;17:15:00;460;com vítima;34;BR-040/RJ;Norte;Tombamento;1;;1;;;;;;;;1;;1;;
03/12/2012;15:04:00;437;sem vítima;59;BR-040/RJ;Sul;Choque - Objeto Fixo;1;;;;;;;;;;1;;;;
03/12/2012;18:13:00;468;sem vítima;78;BR-040/RJ;Sul;Choque - Objeto Fixo;1;;;;;;;;;;1;;;;
03/12/2012;16:46:00;457;sem vítima;80;BR-040/RJ;Sul;Choque - Objeto Fixo;1;;;;;;;;;;1;;;;
03/12/2012;11:14:00;413;sem vítima;84;BR-040/RJ;Sul;Choque - Objeto Fixo;;;1;;;;;;;;1;;;;
03/12/2012;18:24:00;471;sem vítima;93;BR-040/RJ;Sul;Choque - Objeto Fixo;1;;;;;;;;;;2;;;;
03/12/2012;10:31:00;410;sem vítima;98;BR-040/RJ;Sul;Colisão Lateral;;;2;;;;;;;;2;;;;
03/12/2012;17:46:00;465;com vítima;105;BR-040/RJ;Norte;Colisão Lateral;;;;1;;1;;;;;1;1;;;
03/12/2012;16:45:00;456;sem vítima;107;BR-040/RJ;Norte;Colisão Traseira;1;;1;;;;;;;;2;;;;
03/12/2012;18:25:00;472;sem vítima;827;BR-040/MG;Norte;Choque - Objeto Fixo;1;;;;;;;;;;1;;;;
03/12/2012;04:47:00;362;com vítima;120;BR-040/RJ;Norte;Queda de Moto;;;;1;;;;;;;0;1;;;
03/12/2012;18:11:00;467;sem vítima;120;BR-040/RJ;Sul;Colisão Traseira;2;;;;;;;;;;2;;;;
03/12/2012;06:01:00;370;sem vítima;123;BR-040/RJ;Sul;Colisão Lateral;;;1;1;;;;;;;2;;;;
03/12/2012;09:05:00;397;sem vítima;123;BR-040/RJ;Sul;Colisão Lateral;1;;1;;;;;;;;2;;;;
04/12/2012;13:33:00;581;sem vítima;60;BR-040/RJ;Norte;Colisão Traseira;;;1;;;1;;;;;2;;;;
04/12/2012;17:12:00;607;sem vítima;112;BR-040/RJ;Norte;Colisão Lateral;1;;;;;1;;;;;2;;;;
04/12/2012;10:05:00;555;sem vítima;114;BR-040/RJ;Norte;Choque - Objeto Fixo;2;;;;;;;;;;2;;;;
05/12/2012;06:11:00;698;sem vítima;77;BR-040/RJ;Sul;Choque - Objeto Fixo;1;;;;;;;;;;1;;;;
05/12/2012;11:12:00;744;sem vítima;86;BR-040/RJ;Norte;Colisão Traseira;2;;;;;;;;;;2;;;;
05/12/2012;23:32:00;870;sem vítima;93;BR-040/RJ;Norte;Choque - Objeto Fixo;1;;;;;;;;;;1;;;;
05/12/2012;13:48:00;769;com vítima;99;BR-040/RJ;Norte;Tombamento;;;1;;;;;;;;0;;1;;
05/12/2012;14:06:00;773;sem vítima;109;BR-040/RJ;Norte;Colisão Lateral;2;;1;;;;;;;;3;;;;
05/12/2012;16:55:00;812;com vítima;110;BR-040/RJ;Norte;Colisão Lateral;1;;;1;;;;;;;1;;1;;
05/12/2012;04:38:00;688;sem vítima;119;BR-040/RJ;Sul;Choque - Objeto Fixo;1;;;;;;;;;;1;;;;
05/12/2012;09:55:00;728;sem vítima;120;BR-040/RJ;Sul;Colisão Lateral;1;;1;;;;;;;;2;;;;
05/12/2012;19:56:00;843;sem vítima;121;BR-040/RJ;Norte;Colisão Traseira;2;;;;;;;;;;2;;;;
05/12/2012;18:13:00;824;sem vítima;122;BR-040/RJ;Sul;Colisão Traseira;2;;;;;;;;;;2;;;;
05/12/2012;10:18:00;732;sem vítima;124;BR-040/RJ;Norte;Colisão Lateral;1;;;;1;;;;;;2;;;;
06/12/2012;00:57:00;877;sem vítima;27;BR-040/RJ;Sul;Atropelamento - Animal;1;;;;;;;;;;1;;;;
06/12/2012;12:49:00;964;sem vítima;82;BR-040/RJ;Norte;Colisão Traseira;2;;;;;;;;;;2;;;;
06/12/2012;11:27:00;952;com vítima;101;BR-040/RJ;Norte;Tombamento;;;1;;;;;;;;0;1;;;
06/12/2012;11:34:00;953;sem vítima;109;BR-040/RJ;Norte;Engavetamento;2;;1;;;;;;;;3;;;;
06/12/2012;20:16:00;1048;sem vítima;109;BR-040/RJ;Norte;Colisão Traseira;1;;1;;;;;;;;2;;;;
06/12/2012;06:37:00;899;sem vítima;115;BR-040/RJ;Sul;Colisão Traseira;;;2;;;;;;;;2;;;;
06/12/2012;06:41:00;900;com vítima;780;BR-040/MG;Sul;Colisão Lateral;1;1;;;;;;;;;1;1;;;
06/12/2012;21:07:00;1053;sem vítima;790;BR-040/MG;Norte;Choque - Objeto Fixo;1;;;1;;;;;;;2;;;;
06/12/2012;05:37:00;894;com vítima;120;BR-040/RJ;Norte;Colisão Lateral;;;1;;1;;;;;;1;9;;;
06/12/2012;09:00:00;923;com vítima;123;BR-040/RJ;Norte;Engavetamento;4;;;;;;;;;;3;2;;;
06/12/2012;10:21:00;939;sem vítima;123;BR-040/RJ;Sul;Colisão Lateral;1;;1;;;;;;;;2;;;;
06/12/2012;16:02:00;1000;sem vítima;123;BR-040/RJ;Norte;Colisão Traseira;2;;;;;;;;;;2;;;;
06/12/2012;17:32:00;1024;sem vítima;123;BR-040/RJ;Sul;Colisão Lateral;;;2;;;;;;;;2;;;;
06/12/2012;13:26:00;973;sem vítima;124;BR-040/RJ;Norte;Choque - Objeto Fixo;1;;;;;;;;;;1;;;;
07/12/2012;16:45:00;1237;sem vítima;41;BR-040/RJ;Norte;Choque - Objeto Fixo;1;;;;;;;;;;1;;;;
07/12/2012;18:02:00;1257;sem vítima;43;BR-040/RJ;Norte;Choque - Objeto Fixo;1;;;;;;;;;;1;;;;
07/12/2012;12:03:00;1176;sem vítima;46;BR-040/RJ;Norte;Choque - Objeto Fixo;2;;;;;;;;;;2;;;;
07/12/2012;16:48:00;1235;com vítima;56;BR-040/RJ;Norte;Capotamento;1;;;;;;;;;;0;;;1;
07/12/2012;21:31:00;1312;sem vítima;101;BR-040/RJ;Norte;Choque - Objeto Fixo;1;;;;;;;;;;1;;;;
07/12/2012;13:58:00;1197;sem vítima;105;BR-040/RJ;Sul;Engavetamento;3;;;;;1;;;;;4;;;;
07/12/2012;06:07:00;1116;com vítima;108;BR-040/RJ;Sul;Colisão Traseira;;;1;1;;;;;;;1;2;;;
07/12/2012;14:18:00;1202;sem vítima;112;BR-040/RJ;Norte;Engavetamento;5;;;;;;;;;;5;;;;
07/12/2012;01:35:00;1090;sem vítima;115;BR-040/RJ;Norte;Choque - Objeto Fixo;1;;;;;;;;;;1;;;;
07/12/2012;18:00:00;1256;sem vítima;787;BR-040/MG;Norte;Choque - Objeto Fixo;1;;;;;;;;;;1;;;;
07/12/2012;18:17:00;1263;sem vítima;787;BR-040/MG;Norte;Colisão Traseira;2;;;;;;;;;;2;;;;
07/12/2012;18:17:00;1278;sem vítima;787;BR-040/MG;Norte;Colisão Traseira;1;;;;;;;;;;1;;;;
07/12/2012;04:11:00;1102;sem vítima;800;BR-040/MG;Sul;Choque - Objeto Fixo;;;1;;;;;;;;1;;;;
07/12/2012;13:08:00;1187;sem vítima;120;BR-040/RJ;Sul;Colisão Traseira;1;;;;1;;;;;;2;;;;
07/12/2012;18:19:00;1264;sem vítima;121;BR-040/RJ;Sul;Colisão Traseira;2;;;;;;;;;;2;;;;
07/12/2012;09:47:00;1147;sem vítima;122;BR-040/RJ;Sul;Colisão Traseira;1;;1;;;;;;;;2;;;;
07/12/2012;20:56:00;1309;com vítima;122;BR-040/RJ;Norte;Colisão Traseira;3;;;;;;;;;;1;2;;;
07/12/2012;08:03:00;1135;com vítima;123;BR-040/RJ;Sul;Colisão Lateral;1;;;1;;;;;;;1;1;;;
07/12/2012;10:29:00;1160;sem vítima;124;BR-040/RJ;Sul;Colisão Lateral;1;;1;;;;;;;;2;;;;
07/12/2012;15:03:00;1214;sem vítima;124;BR-040/RJ;Sul;Colisão Lateral;1;;;;;1;;;;;2;;;;
07/12/2012;15:47:00;1220;sem vítima;124;BR-040/RJ;Sul;Colisão Lateral;1;;1;;;;;;;;2;;;;
07/12/2012;16:18:00;1229;sem vítima;124;BR-040/RJ;Sul;Colisão Lateral;1;;1;;;;;;;;2;;;;
08/12/2012;13:06:00;1421;com vítima;27;BR-040/RJ;Norte;Tombamento;;;1;;;;;;;;0;1;;;
08/12/2012;19:10:00;1497;com vítima;61;BR-040/RJ;Sul;Capotamento;1;;;;;;;;;;0;;3;;
08/12/2012;08:17:00;1375;sem vítima;92;BR-040/RJ;Sul;Queda de Moto;;;;1;;;;;;;1;;;;
08/12/2012;10:40:00;1392;sem vítima;92;BR-040/RJ;Norte;Colisão Traseira;2;;;;;;;;;;2;;;;
08/12/2012;22:02:00;1518;com vítima;109;BR-040/RJ;Norte;Colisão Traseira;2;;;;;;;;;;1;1;;;
08/12/2012;08:06:00;1372;sem vítima;110;BR-040/RJ;Norte;Colisão Lateral;2;;;;;;;;;;2;;;;
08/12/2012;04:57:00;1351;sem vítima;115;BR-040/RJ;Sul;Colisão Traseira;2;;;;;;;;;;2;;;;
08/12/2012;16:11:00;1465;com vítima;115;BR-040/RJ;Sul;Capotamento;1;;;;;;;;;;0;1;;;
08/12/2012;15:26:00;1455;sem vítima;791;BR-040/MG;Sul;Choque - Objeto Fixo;1;;;;;1;;;;;6;;;;
08/12/2012;17:28:00;1478;sem vítima;799;BR-040/MG;Norte;Derrapagem;1;;;;;;;;;;1;;;;
08/12/2012;20:12:00;1507;com vítima;120;BR-040/RJ;Sul;Colisão Traseira;1;;;;;1;;;;;1;2;;;
08/12/2012;19:08:00;1496;com vítima;121;BR-040/RJ;Sul;Capotamento;1;;;;;;;;;;0;1;1;;
08/12/2012;04:42:00;1350;com vítima;124;BR-040/RJ;Norte;Colisão Frontal;;1;;1;;;;;;;0;;3;;
08/12/2012;22:52:00;1524;sem vítima;124;BR-040/RJ;Sul;Choque - Objeto Fixo;1;;;;;;;;;;1;;;;
08/12/2012;23:05:00;1526;sem vítima;124;BR-040/RJ;Norte;Colisão Lateral;1;;1;;;;;;;;2;;;;
09/12/2012;03:05:00;1541;com vítima;11;BR-040/RJ;Sul;Tombamento;1;;;;;;;;;;1;1;;;
09/12/2012;18:01:00;1652;sem vítima;19;BR-040/RJ;Sul;Choque - Objeto Fixo;1;;;;;;;;;;1;;;;
09/12/2012;16:36:00;1634;sem vítima;31;BR-040/RJ;Norte;Choque - Objeto Fixo;1;;;;;;;;;;1;;;;
09/12/2012;16:56:00;1639;sem vítima;31;BR-040/RJ;Norte;Choque - Objeto Fixo;1;;;;;;;;;;1;;;;
09/12/2012;17:08:00;1642;sem vítima;34;BR-040/RJ;Norte;Derrapagem;1;;;;;;;;;;2;;;;
09/12/2012;22:42:00;1685;sem vítima;77;BR-040/RJ;Sul;Choque - Objeto Fixo;1;;;;;;;;;;1;;;;
09/12/2012;06:54:00;1560;sem vítima;78;BR-040/RJ;Sul;Choque - Objeto Fixo;1;;;;;;;;;;1;;;;
09/12/2012;18:14:00;1655;sem vítima;78;BR-040/RJ;Sul;Choque - Objeto Fixo;1;;;;;;;;;;1;;;;
09/12/2012;17:43:00;1648;com vítima;80;BR-040/RJ;Sul;Choque - Objeto Fixo;1;;;;;;;;;;0;3;;;
09/12/2012;15:46:00;1629;sem vítima;82;BR-040/RJ;Sul;Choque - Objeto Fixo;1;;;;;;;;;;1;;;;
09/12/2012;16:07:00;1630;sem vítima;82;BR-040/RJ;Sul;Choque - Objeto Fixo;1;;;;;;;;;;1;;;;
09/12/2012;17:47:00;1649;sem vítima;82;BR-040/RJ;Sul;Choque - Objeto Fixo;1;;;;;;;;;;1;;;;
09/12/2012;09:41:00;1579;sem vítima;85;BR-040/RJ;Norte;Choque - Objeto Fixo;1;;;;;;;;;;1;;;;
09/12/2012;14:45:00;1616;com vítima;86;BR-040/RJ;Sul;Capotamento;1;;;;;;;;;;0;2;;;
09/12/2012;17:03:00;1641;sem vítima;86;BR-040/RJ;Sul;Choque - Objeto Fixo;1;;;;;;;;;;1;;;;
09/12/2012;21:24:00;1682;sem vítima;86;BR-040/RJ;Norte;Choque - Objeto Fixo;1;;;;;;;;;;1;;;;
09/12/2012;17:30:00;1645;com vítima;91;BR-040/RJ;Sul;Capotamento;1;;;;;;;;;;0;3;;;
09/12/2012;15:38:00;1627;sem vítima;92;BR-040/RJ;Sul;Choque - Objeto Fixo;1;;;;;;;;;;2;;;;
09/12/2012;15:03:00;1621;sem vítima;93;BR-040/RJ;Norte;Colisão Lateral;1;;;;1;;;;;;2;;;;
09/12/2012;15:15:00;1626;sem vítima;93;BR-040/RJ;Norte;Choque - Objeto Fixo;1;;;;;;;;;;1;;;;
09/12/2012;14:47:00;1617;sem vítima;94;BR-040/RJ;Norte;Choque - Objeto Fixo;1;;;;;;;;;;1;;;;
09/12/2012;09:32:00;1576;sem vítima;96;BR-040/RJ;Sul;Choque - Objeto Fixo;1;;;;;;;;;;1;;;;
09/12/2012;14:11:00;1609;com vítima;96;BR-040/RJ;Sul;Capotamento;1;;;;;;;;;;0;2;;;
09/12/2012;19:36:00;1666;sem vítima;96;BR-040/RJ;Sul;Colisão Lateral;2;;;;;;;;;;2;;;;
09/12/2012;05:08:00;1551;sem vítima;97;BR-040/RJ;Sul;Colisão Traseira;2;;;;;;;;;;2;;;;
09/12/2012;12:35:00;1592;sem vítima;106;BR-040/RJ;Norte;Colisão Frontal;2;;;;;;;;;;2;;;;
09/12/2012;10:06:00;1582;com vítima;107;BR-040/RJ;Sul;Atropelamento - Pedestre;1;;;;;;;;;;1;;1;;
09/12/2012;05:58:00;1555;com vítima;109;BR-040/RJ;Norte;Queda de Moto;;;;1;;;;;;;0;;1;;
09/12/2012;10:05:00;1581;com vítima;109;BR-040/RJ;Norte;Colisão Traseira;2;;;;;;;;;;0;2;;;
09/12/2012;06:27:00;1556;com vítima;115;BR-040/RJ;Sul;Queda de Moto;;;;1;;;;;;;0;;1;;
09/12/2012;18:34:00;1659;sem vítima;791;BR-040/MG;Norte;Choque - Objeto Fixo;1;;;;;;;;;;1;;;;
10/12/2012;01:39:00;1698;sem vítima;8;BR-040/RJ;Norte;Choque - Objeto Fixo;1;;;;;;;;;;1;;;;
10/12/2012;16:32:00;1794;com vítima;21;BR-040/RJ;Norte;Tombamento;;;1;;;;;;;;0;1;;;
10/12/2012;10:56:00;1749;sem vítima;84;BR-040/RJ;Sul;Choque - Objeto Fixo;1;;;;;;;;;;1;;;;
10/12/2012;06:41:00;1715;com vítima;93;BR-040/RJ;Sul;Capotamento;1;;;;;;;;;;0;1;;;
10/12/2012;06:22:00;1713;sem vítima;94;BR-040/RJ;Sul;Choque - Objeto Fixo;1;;;;;;;;;;1;;;;
10/12/2012;07:15:00;1720;sem vítima;97;BR-040/RJ;Norte;Capotamento;1;;;;;;;;;;1;;;;
10/12/2012;18:42:00;1812;com vítima;103;BR-040/RJ;Sul;Queda de Moto;;;;1;;;;;;;0;1;1;;
10/12/2012;00:39:00;1696;sem vítima;105;BR-040/RJ;Norte;Choque - Objeto Fixo;1;;;;;;;;;;1;;;;
10/12/2012;07:02:00;1718;sem vítima;111;BR-040/RJ;Sul;Colisão Traseira;4;;;;;;;;;;4;;;;
10/12/2012;13:16:00;1765;com vítima;111;BR-040/RJ;Norte;Colisão Traseira;1;;1;;;;;;;;1;1;;;
10/12/2012;05:39:00;1708;sem vítima;113;BR-040/RJ;Sul;Colisão Traseira;2;;;;;;;;;;2;;;;
10/12/2012;16:20:00;1793;sem vítima;118;BR-040/RJ;Norte;Colisão Lateral;2;;;;;;;;;;2;;;;
10/12/2012;18:43:00;1813;sem vítima;118;BR-040/RJ;Norte;Colisão Lateral;1;;1;;;;;;;;2;;;;
10/12/2012;13:55:00;1772;sem vítima;121;BR-040/RJ;Sul;Colisão Lateral;2;;;;;;;;;;2;;;;
10/12/2012;08:55:00;1728;sem vítima;124;BR-040/RJ;Sul;Colisão Traseira;;;2;;;;;;;;2;;;;
10/12/2012;15:31:00;1787;sem vítima;124;BR-040/RJ;Sul;Colisão Lateral;1;;1;;;;;;;;2;;;;
11/12/2012;20:13:00;2009;sem vítima;39;BR-040/RJ;Norte;Choque - Objeto Fixo;1;;;;;;;;;;1;;;;
11/12/2012;18:14:00;1989;com vítima;66;BR-040/RJ;Norte;Choque - Objeto Fixo;1;;1;;;;;;;;1;2;;2;1
11/12/2012;21:30:00;2018;sem vítima;67;BR-040/RJ;Norte;Choque - Objeto Fixo;1;;;;;;;;;;1;;;;
11/12/2012;19:02:00;1999;sem vítima;68;BR-040/RJ;Norte;Choque - Objeto Fixo;1;;;;;;;;;;1;;;;
11/12/2012;01:05:00;1853;sem vítima;87;BR-040/RJ;Norte;Choque - Objeto Fixo;1;;;;;;;;;;1;;;;
11/12/2012;08:45:00;1885;sem vítima;89;BR-040/RJ;Norte;Choque - Objeto Fixo;1;;;;;;;;;;1;;;;
11/12/2012;15:00:00;1942;sem vítima;93;BR-040/RJ;Norte;Queda de Moto;;;;1;;;;;;;1;;;;
11/12/2012;16:30:00;1970;com vítima;111;BR-040/RJ;Norte;Colisão Traseira;;;2;;;;;;;;1;1;;;
11/12/2012;18:02:00;1986;sem vítima;112;BR-040/RJ;Norte;Colisão Traseira;1;;1;;;;;;;;2;;;;
11/12/2012;22:09:00;2021;com vítima;113;BR-040/RJ;Sul;Colisão Traseira;2;;;;;;;;;;1;1;;;
11/12/2012;04:47:00;1860;sem vítima;117;BR-040/RJ;Norte;Colisão Traseira;1;;1;;;;;;;;2;;;;
11/12/2012;12:31:00;1923;com vítima;117;BR-040/RJ;Sul;Engavetamento;3;;1;;;;;;;;3;1;;;
11/12/2012;15:51:00;1959;sem vítima;121;BR-040/RJ;Norte;Colisão Traseira;1;;1;;;;;;;;2;;;;
11/12/2012;05:29:00;1865;sem vítima;122;BR-040/RJ;Sul;Choque - Objeto Fixo;1;;;;;;;;;;1;;;;
12/12/2012;20:08:00;2175;com vítima;62;BR-040/RJ;Norte;Atropelamento - Pedestre;1;;;;;;;;;;1;1;;;
12/12/2012;07:38:00;2063;sem vítima;78;BR-040/RJ;Sul;Tombamento;1;;;;;;;;;;3;;;;
12/12/2012;23:22:00;2193;sem vítima;78;BR-040/RJ;Sul;Choque - Objeto Fixo;1;;;;;;;;;;1;;;;
12/12/2012;10:12:00;2085;sem vítima;82;BR-040/RJ;Sul;Colisão Traseira;2;;;;;;;;;;2;;;;
12/12/2012;07:19:00;2059;sem vítima;84;BR-040/RJ;Sul;Queda de Moto;;;;1;;;;;;;1;;;;
12/12/2012;08:57:00;2072;sem vítima;91;BR-040/RJ;Sul;Choque - Objeto Fixo;1;;;;;;;;;;1;;;;
12/12/2012;10:36:00;2089;sem vítima;94;BR-040/RJ;Norte;Colisão Traseira;2;;;;;;;;;;2;;;;
12/12/2012;03:32:00;2038;com vítima;96;BR-040/RJ;Sul;Tombamento;;;1;;;;;;;;0;1;;;
12/12/2012;06:30:00;2052;sem vítima;96;BR-040/RJ;Sul;Choque - Objeto Fixo;1;;;;;;;;;;1;;;;
12/12/2012;09:31:00;2078;sem vítima;96;BR-040/RJ;Sul;Engavetamento;1;;;1;;1;;;;;3;;;;
12/12/2012;09:01:00;2073;com vítima;105;BR-040/RJ;Sul;Colisão Lateral;;;;1;;1;;;;;1;1;;;
12/12/2012;14:11:00;2119;com vítima;105;BR-040/RJ;Norte;Colisão Lateral;1;1;;;;;;;;;1;;1;;
12/12/2012;14:11:00;2124;sem vítima;105;BR-040/RJ;Sul;Colisão Lateral;2;;;;;;;;;;2;;;;
12/12/2012;11:05:00;2093;sem vítima;108;BR-040/RJ;Norte;Colisão Traseira;2;;;;;;;;;;2;;;;
12/12/2012;07:26:00;2060;com vítima;111;BR-040/RJ;Sul;Colisão Lateral;;;1;1;;;;;;;1;1;;;
12/12/2012;17:54:00;2151;com vítima;787;BR-040/MG;Norte;Choque - Objeto Fixo;1;;;;;;;;;;0;1;;;
12/12/2012;04:01:00;2041;com vítima;120;BR-040/RJ;Norte;Choque - Objeto Fixo;1;;;;;;;;;;0;;2;;
12/12/2012;19:13:00;2165;sem vítima;122;BR-040/RJ;Sul;Choque - Objeto Fixo;1;;;;;;;;;;1;;;;
12/12/2012;06:50:00;2054;sem vítima;123;BR-040/RJ;Sul;Colisão Lateral;1;;1;;;;;;;;2;;;;
12/12/2012;10:06:00;2084;sem vítima;124;BR-040/RJ;Sul;Colisão Lateral;1;;;;;1;;;;;2;;;;
13/12/2012;16:28:00;2316;sem vítima;43;BR-040/RJ;Norte;Choque - Objeto Fixo;1;;;;;;;;;;1;;;;
13/12/2012;18:31:00;2347;sem vítima;62;BR-040/RJ;Sul;Capotamento;1;;;;;;;;;;1;;;;
13/12/2012;16:22:00;2314;sem vítima;78;BR-040/RJ;Sul;Capotamento;1;;;;;;;;;;1;;;;
13/12/2012;16:19:00;2310;sem vítima;86;BR-040/RJ;Norte;Colisão Lateral;1;;1;;;;;;;;2;;;;
13/12/2012;17:27:00;2328;com vítima;93;BR-040/RJ;Sul;Capotamento;1;;;;;;;;;;1;1;;;
13/12/2012;21:37:00;2369;sem vítima;93;BR-040/RJ;Norte;Choque - Objeto Fixo;1;;;;;;;;;;1;;;;
13/12/2012;13:54:00;2280;sem vítima;95;BR-040/RJ;Norte;Choque - Objeto Fixo;1;;;;;;;;;;1;;;;
13/12/2012;16:08:00;2308;sem vítima;112;BR-040/RJ;Sul;Colisão Traseira;1;;;;1;;;;;;2;;;;
13/12/2012;19:35:00;2356;com vítima;115;BR-040/RJ;Norte;Colisão Lateral;;;1;1;;;;;;;1;;;;1
13/12/2012;23:05:00;2380;com vítima;116;BR-040/RJ;Sul;Atropelamento - Animal;1;;;;;;;;;;0;2;;;
13/12/2012;15:19:00;2298;sem vítima;807;BR-040/MG;Sul;Choque - Objeto Fixo;1;;;;;;;;;;1;;;;
13/12/2012;15:27:00;2299;sem vítima;827;BR-040/MG;Norte;Choque - Objeto Fixo;1;;;;;;;;;;1;;;;
13/12/2012;10:19:00;2245;sem vítima;122;BR-040/RJ;Sul;Colisão Lateral;1;;1;;;;;;;;2;;;;
13/12/2012;04:02:00;2208;com vítima;123;BR-040/RJ;Sul;Choque - Objeto Fixo;1;;;;;;;;;;0;1;1;;
13/12/2012;09:59:00;2240;sem vítima;124;BR-040/RJ;Sul;Colisão Lateral;1;;1;;;;;;;;2;;;;
14/12/2012;19:00:00;2567;sem vítima;0;BR-040/RJ;Sul;Capotamento;1;;;;;;;;;;1;;;;
14/12/2012;15:48:00;2514;sem vítima;3;BR-040/RJ;Sul;Choque - Objeto Fixo;1;;;;;;;;;;1;;;;
14/12/2012;08:00:00;2432;sem vítima;24;BR-040/RJ;Norte;Colisão Traseira;2;;;;;;;;;;2;;;;
14/12/2012;17:50:00;2546;sem vítima;30;BR-040/RJ;Norte;Choque - Objeto Fixo;1;;;;;;;;;;1;;;;
14/12/2012;05:55:00;2412;com vítima;33;BR-040/RJ;Norte;Choque - Objeto Fixo;1;;;;;;;;;;0;1;;;
14/12/2012;09:04:00;2442;sem vítima;34;BR-040/RJ;Norte;Capotamento;1;;;;;;;;;;1;;;;
14/12/2012;19:59:00;2582;com vítima;34;BR-040/RJ;Norte;Choque - Objeto Fixo;1;;;;;;;;;;1;;1;;
14/12/2012;15:58:00;2515;sem vítima;70;BR-040/RJ;Norte;Choque - Objeto Fixo;1;;;;;;;;;;2;;;;
14/12/2012;18:59:00;2566;sem vítima;82;BR-040/RJ;Sul;Choque - Objeto Fixo;1;;;;;;;;;;1;;;;
14/12/2012;18:26:00;2556;sem vítima;90;BR-040/RJ;Norte;Choque - Objeto Fixo;1;;;;;;;;;;1;;;;
14/12/2012;21:27:00;2594;sem vítima;90;BR-040/RJ;Sul;Choque - Objeto Fixo;1;;;;;;;;;;1;;;;
14/12/2012;13:34:00;2477;sem vítima;113;BR-040/RJ;Sul;Colisão Lateral;1;;1;;;1;;;;;3;;;;
14/12/2012;07:33:00;2427;sem vítima;114;BR-040/RJ;Norte;Choque - Objeto Fixo;1;;;;;;;;;;1;;;;
14/12/2012;07:13:00;2425;sem vítima;785;BR-040/MG;Norte;Choque - Objeto Fixo;1;;;;;;;;;;1;;;;
14/12/2012;07:26:00;2431;com vítima;787;BR-040/MG;Norte;Choque - Objeto Fixo;1;;;;;;;;;;0;1;;;
14/12/2012;01:52:00;2392;com vítima;795;BR-040/MG;Norte;Colisão Traseira;1;;;;;1;;;;;1;1;;;
14/12/2012;14:48:00;2495;sem vítima;828;BR-040/MG;Norte;Choque - Objeto Fixo;1;;;;;;;;;;1;;;;
14/12/2012;03:20:00;2399;sem vítima;120;BR-040/RJ;Norte;Choque - Objeto Fixo;1;;;;;;;;;;1;;;;
14/12/2012;20:33:00;2587;sem vítima;121;BR-040/RJ;Norte;Colisão Traseira;1;;;;;1;;;;;2;;;;
14/12/2012;10:05:00;2447;com vítima;123;BR-040/RJ;Sul;Colisão Lateral;;;;1;;1;;;;;1;1;;;
15/12/2012;14:59:00;2736;sem vítima;34;BR-040/RJ;Norte;Choque - Objeto Fixo;1;;;;;;;;;;3;;;;
15/12/2012;17:04:00;2766;com vítima;34;BR-040/RJ;Norte;Capotamento;1;;;;;;;;;;0;1;;;
15/12/2012;12:13:00;2710;com vítima;56;BR-040/RJ;Norte;Choque - Objeto Fixo;1;;;;;;;;;;0;3;;;
15/12/2012;08:34:00;2661;sem vítima;91;BR-040/RJ;Norte;Choque - Objeto Fixo;1;;;;;1;;;;;2;;;;
15/12/2012;02:55:00;2629;sem vítima;95;BR-040/RJ;Norte;Choque - Objeto Fixo;1;;;;;;;;;;1;;;;
15/12/2012;06:34:00;2645;com vítima;96;BR-040/RJ;Sul;Capotamento;1;;;;;;;;;;0;2;;;