data;horario;n_da_ocorrencia;tipo_de_ocorrencia;km;trecho;sentido;tipo_de_acidente;automovel;bicicleta;caminhao;moto;onibus;outros;tracao_animal;transporte_de_cargas_especiais;trator_maquinas;utilitarios;ilesos;levemente_feridos;moderadamente_feridos;gravemente_feridos;mortos
19/01/2013;18:35:00;3082;com vítima;36;BR-040/RJ;Norte;Choque - Objeto Fixo;1;;;;;;;;;;3;1;;;
19/01/2013;11:31:00;3014;com vítima;51;BR-040/RJ;Sul;Queda de Moto;;;;1;;;;;;;0;1;;;
19/01/2013;19:20:00;3086;sem vítima;77;BR-040/RJ;Sul;Choque - Objeto Fixo;1;;;;;;;;;;1;;;;
19/01/2013;20:37:00;3095;com vítima;77;BR-040/RJ;Sul;Choque - Objeto Fixo;1;;;;;;;;;;0;2;1;;
19/01/2013;23:01:00;3112;com vítima;78;BR-040/RJ;Sul;Capotamento;1;;;;;;;;;;0;1;;;
19/01/2013;15:08:00;3049;sem vítima;84;BR-040/RJ;Sul;Choque - Objeto Fixo;1;;;;;;;;;;1;;;;
19/01/2013;21:02:00;3100;com vítima;87;BR-040/RJ;Sul;Choque - Objeto Fixo;1;;;;;;;;;;2;1;;;
19/01/2013;21:22:00;3104;sem vítima;94;BR-040/RJ;Norte;Choque - Objeto Fixo;1;;;;;;;;;;1;;;;
19/01/2013;10:39:00;3003;sem vítima;104;BR-040/RJ;Norte;Colisão Lateral;1;;1;;;;;;;;2;;;;
19/01/2013;06:41:00;2971;sem vítima;110;BR-040/RJ;Norte;Colisão Traseira;2;;;;;;;;;;2;;;;
19/01/2013;04:01:00;2963;com vítima;114;BR-040/RJ;Norte;Capotamento;1;;;;;;;;;;0;5;;;
19/01/2013;12:23:00;3023;sem vítima;825;BR-040/MG;Norte;Choque - Objeto Fixo;;;;1;;;;;;;1;;;;
19/01/2013;23:54:00;3121;sem vítima;120;BR-040/RJ;Sul;Colisão Lateral;1;;;;1;;;;;;2;;;;
19/01/2013;11:15:00;3012;com vítima;123;BR-040/RJ;Sul;Colisão Traseira;1;;;;;;;;;;0;2;;;
20/01/2013;09:26:00;3158;com vítima;53;BR-040/RJ;Norte;Choque - Objeto Fixo;;;;1;;;;;;;0;;1;;
20/01/2013;11:53:00;3170;com vítima;54;BR-040/RJ;Sul;Choque - Objeto Fixo;;;;2;;;;;;;0;;;1;1
20/01/2013;15:30:00;3198;sem vítima;80;BR-040/RJ;Sul;Capotamento;1;;;;;;;;;;1;;;;
20/01/2013;07:47:00;3151;sem vítima;81;BR-040/RJ;Sul;Choque - Objeto Fixo;1;;;;;;;;;;1;;;;
20/01/2013;16:48:00;3208;sem vítima;88;BR-040/RJ;Norte;Choque - Objeto Fixo;1;;;;;;;;;;1;;;;
20/01/2013;16:51:00;3210;sem vítima;91;BR-040/RJ;Sul;Choque - Objeto Fixo;1;;;;;;;;;;1;;;;
20/01/2013;18:40:00;3222;com vítima;91;BR-040/RJ;Sul;Capotamento;1;;;;;;;;;;0;1;2;;
20/01/2013;15:54:00;3201;sem vítima;96;BR-040/RJ;Sul;Choque - Objeto Fixo;1;;;;;;;;;;1;;;;
20/01/2013;22:32:00;3252;sem vítima;111;BR-040/RJ;Norte;Derrapagem;1;;;;;;;;;;1;;;;
20/01/2013;18:41:00;3223;com vítima;793;BR-040/MG;Sul;Choque - Objeto Fixo;1;;;;;;;;;;0;;1;;
20/01/2013;16:47:00;3209;sem vítima;119;BR-040/RJ;Sul;Colisão Traseira;1;;;1;;;;;;;2;;;;
20/01/2013;00:31:00;3124;com vítima;120;BR-040/RJ;Sul;Capotamento;1;;;;;;;;;;0;4;2;;
20/01/2013;18:42:00;3224;sem vítima;122;BR-040/RJ;Norte;Colisão Lateral;1;;1;;;;;;;;2;;;;
21/01/2013;05:53:00;3291;com vítima;6;BR-040/RJ;Sul;Queda de Moto;;;;1;;;;;;;0;1;;;
21/01/2013;13:56:00;3363;com vítima;35;BR-040/RJ;Norte;Capotamento;1;;;;;;;;;;3;3;;;
21/01/2013;04:07:00;3284;sem vítima;48;BR-040/RJ;Norte;Choque - Objeto Fixo;1;;;;;;;;;;1;;;;
21/01/2013;09:25:00;3325;sem vítima;80;BR-040/RJ;Sul;Choque - Objeto Fixo;1;;;;;;;;;;1;;;;
21/01/2013;06:59:00;3300;sem vítima;84;BR-040/RJ;Sul;Choque - Objeto Fixo;1;;;;;;;;;;1;;;;
21/01/2013;07:27:00;3305;sem vítima;84;BR-040/RJ;Sul;Choque - Objeto Fixo;1;;;;;;;;;;1;;;;
21/01/2013;10:00:00;3338;sem vítima;84;BR-040/RJ;Sul;Choque - Objeto Fixo;1;;;;;;;;;;1;;;;
21/01/2013;13:24:00;3357;sem vítima;84;BR-040/RJ;Sul;Choque - Objeto Fixo;1;;;;;;;;;;1;;;;
21/01/2013;01:30:00;3271;sem vítima;86;BR-040/RJ;Sul;Choque - Objeto Fixo;1;;;;;;;;;;1;;;;
21/01/2013;11:53:00;3347;sem vítima;92;BR-040/RJ;Sul;Choque - Objeto Fixo;1;;;;;;;;;;1;;;;
21/01/2013;21:17:00;3428;com vítima;92;BR-040/RJ;Sul;Capotamento;1;;;;;;;;;;0;1;;;
21/01/2013;07:30:00;3307;sem vítima;97;BR-040/RJ;Sul;Choque - Objeto Fixo;1;;;;;;;;;;1;;;;
21/01/2013;07:50:00;3311;sem vítima;97;BR-040/RJ;Sul;Choque - Objeto Fixo;1;;;;;;;;;;1;;;;
21/01/2013;07:06:00;3302;sem vítima;116;BR-040/RJ;Sul;Choque - Objeto Fixo;1;;;;;;;;;;1;;;;
21/01/2013;19:20:00;3412;com vítima;118;BR-040/RJ;Sul;Capotamento;1;;;;;;;;;;0;;2;;
21/01/2013;17:28:00;3399;com vítima;800;BR-040/MG;Norte;Queda de Moto;;;;1;;;;;;;0;2;;;
21/01/2013;06:41:00;3297;com vítima;812;BR-040/MG;Sul;Capotamento;1;;;;;;;;;;0;1;;;
21/01/2013;15:38:00;3381;sem vítima;122;BR-040/RJ;Norte;Colisão Traseira;1;;;;1;;;;;;2;;;;
22/01/2013;05:16:00;3463;sem vítima;32;BR-040/RJ;Sul;Atropelamento - Animal;1;;;;;;;;;;1;;;;
22/01/2013;14:13:00;3519;sem vítima;55;BR-040/RJ;Norte;Choque - Objeto Fixo;1;;;;;;;;;;1;;;;
22/01/2013;16:55:00;3546;com vítima;86;BR-040/RJ;Norte;Capotamento;1;;;;;;;;;;0;5;;;
22/01/2013;20:46:00;3569;com vítima;93;BR-040/RJ;Sul;Choque - Objeto Fixo;;;1;;;;;;;;0;1;;;
22/01/2013;04:39:00;3457;sem vítima;104;BR-040/RJ;Norte;Colisão Traseira;1;;;;;;;;;;1;;;;
22/01/2013;04:13:00;3455;sem vítima;109;BR-040/RJ;Norte;Choque - Objeto Fixo;;;1;;;;;;;;1;;;;
22/01/2013;19:15:00;3557;com vítima;785;BR-040/MG;Sul;Queda de Moto;;;;1;;;;;;;0;;1;;
22/01/2013;18:43:00;3555;sem vítima;799;BR-040/MG;Norte;Choque - Objeto Fixo;1;;;;;;;;;;1;;;;
22/01/2013;18:44:00;3556;sem vítima;801;BR-040/MG;Sul;Choque - Objeto Fixo;1;;;;;;;;;;1;;;;
22/01/2013;11:02:00;3496;com vítima;122;BR-040/RJ;Sul;Engavetamento;2;;1;;;;;;;;3;3;;;
22/01/2013;18:40:00;3554;sem vítima;122;BR-040/RJ;Sul;Capotamento;1;;;;;;;;;;1;;;;
22/01/2013;09:50:00;3487;sem vítima;123;BR-040/RJ;Sul;Colisão Lateral;;;1;;;1;;;;;2;;;;
22/01/2013;11:40:00;3504;sem vítima;124;BR-040/RJ;Sul;Colisão Lateral;1;;1;;;;;;;;2;;;;
23/01/2013;09:15:00;3622;sem vítima;32;BR-040/RJ;Norte;Choque - Objeto Fixo;1;;;;;;;;;;1;;;;
23/01/2013;17:41:00;3696;sem vítima;78;BR-040/RJ;Norte;Choque - Objeto Fixo;1;;;;;;;;;;1;;;;
23/01/2013;05:15:00;3604;com vítima;116;BR-040/RJ;Sul;Colisão Traseira;1;;;;1;;;;;;1;1;;;
23/01/2013;18:33:00;3707;sem vítima;119;BR-040/RJ;Norte;Engavetamento;2;;;;;1;;;;;3;;;;
23/01/2013;17:33:00;3692;sem vítima;123;BR-040/RJ;Sul;Engavetamento;3;;;;;;;;;;3;;;;
23/01/2013;17:06:00;3689;com vítima;125;BR-040/RJ;Norte;Colisão Traseira;;;1;;1;;;;;;1;2;;;
24/01/2013;18:49:00;3879;sem vítima;91;BR-040/RJ;Norte;Engavetamento;3;;;;;;;;;;3;;;;
24/01/2013;08:13:00;3786;sem vítima;122;BR-040/RJ;Sul;Colisão Traseira;1;;;;1;;;;;;2;;;;
24/01/2013;22:19:00;3903;com vítima;122;BR-040/RJ;Sul;Choque - Objeto Fixo;2;;;;;;;;;;1;;1;;
25/01/2013;15:30:00;4072;sem vítima;5;BR-040/RJ;Sul;Colisão Traseira;1;;1;;;;;;;;2;;;;
25/01/2013;23:07:00;4139;sem vítima;54;BR-040/RJ;Norte;Colisão Traseira;2;;;;;;;;;;2;;;;
25/01/2013;12:58:00;4024;com vítima;82;BR-040/RJ;Sul;Tombamento;;;1;;;;;;;;0;1;;;
25/01/2013;13:07:00;4066;sem vítima;82;BR-040/RJ;Sul;Choque - Objeto Fixo;1;;;;;;;;;;1;;;;
25/01/2013;18:44:00;4103;com vítima;87;BR-040/RJ;Sul;Tombamento;1;;;;;;;;;;0;1;;;
25/01/2013;18:04:00;4095;sem vítima;88;BR-040/RJ;Sul;Choque - Objeto Fixo;;;1;;;;;;;;2;;;;
25/01/2013;06:24:00;3929;com vítima;99;BR-040/RJ;Sul;Queda de Moto;;;;1;;;;;;;0;1;;;
25/01/2013;12:39:00;4019;com vítima;112;BR-040/RJ;Norte;Capotamento;2;;;;;;;;;;2;;1;;
25/01/2013;15:16:00;4071;sem vítima;117;BR-040/RJ;Norte;Colisão Lateral;2;;;;;;;;;;2;;;;
25/01/2013;14:47:00;4069;sem vítima;799;BR-040/MG;Sul;Choque - Objeto Fixo;1;;;;;;;;;;1;;;;
25/01/2013;14:47:00;4070;sem vítima;799;BR-040/MG;Sul;Choque - Objeto Fixo;1;;;;;;;;;;1;;;;
25/01/2013;20:39:00;4116;sem vítima;121;BR-040/RJ;Norte;Colisão Traseira;1;;;;;1;;;;;2;;;;
25/01/2013;08:51:00;3952;sem vítima;123;BR-040/RJ;Sul;Colisão Lateral;1;;1;;;;;;;;2;;;;
25/01/2013;06:56:00;3932;sem vítima;124;BR-040/RJ;Sul;Colisão Lateral;1;;;;;1;;;;;2;;;;
26/01/2013;08:25:00;4194;sem vítima;43;BR-040/RJ;Sul;Choque - Objeto Fixo;1;;;;;;;;;;1;;;;
26/01/2013;20:35:00;4296;com vítima;43;BR-040/RJ;Sul;Queda de Moto;;;;1;;;;;;;0;1;;;
26/01/2013;21:22:00;4302;sem vítima;60;BR-040/RJ;Norte;Choque - Objeto Fixo;1;;;;;;;;;;1;;;;
26/01/2013;07:24:00;4184;sem vítima;72;BR-040/RJ;Sul;Choque - Objeto Fixo;1;;;;;;;;;;1;;;;
26/01/2013;16:57:00;4274;com vítima;77;BR-040/RJ;Norte;Colisão Lateral;2;;;;;;;;;;0;3;;;
26/01/2013;07:34:00;4186;com vítima;82;BR-040/RJ;Norte;Colisão Lateral;1;;1;;;;;;;;1;1;;;
26/01/2013;20:08:00;4292;sem vítima;82;BR-040/RJ;Norte;Colisão Lateral;1;;1;;;;;;;;2;;;;
26/01/2013;21:26:00;4309;sem vítima;82;BR-040/RJ;Norte;Colisão Lateral;2;;;;;;;;;;2;;;;
26/01/2013;23:04:00;4325;sem vítima;83;BR-040/RJ;Norte;Choque - Objeto Fixo;1;;;;;;;;;;1;;;;
26/01/2013;15:28:00;4261;sem vítima;84;BR-040/RJ;Sul;Choque - Objeto Fixo;1;;;;;;;;;;1;;;;
26/01/2013;00:00:00;4151;sem vítima;90;BR-040/RJ;Norte;Capotamento;1;;;;;;;;;;1;;;;
26/01/2013;19:56:00;4293;com vítima;93;BR-040/RJ;Sul;Capotamento;1;;;;;;;;;;0;2;;;
26/01/2013;07:52:00;4189;sem vítima;116;BR-040/RJ;Norte;Choque - Objeto Fixo;1;;;;;;;;;;1;;;;
26/01/2013;12:46:00;4232;sem vítima;117;BR-040/RJ;Norte;Colisão Traseira;2;;;;;;;;;;2;;;;
26/01/2013;23:08:00;4330;com vítima;118;BR-040/RJ;Norte;Colisão Traseira;2;;;;;;;;;;1;3;;;
26/01/2013;06:07:00;4178;com vítima;802;BR-040/MG;Sul;Capotamento;1;;;;;;;;;;0;2;;;
26/01/2013;22:41:00;4319;sem vítima;811;BR-040/MG;Norte;Choque - Objeto Fixo;1;;;;;;;;;;1;;;;
26/01/2013;17:20:00;4279;sem vítima;121;BR-040/RJ;Sul;Colisão Traseira;1;;;;;1;;;;;2;;;;
26/01/2013;04:11:00;4165;sem vítima;124;BR-040/RJ;Sul;Colisão Traseira;2;;;;;;;;;;2;;;;
27/01/2013;17:56:00;4454;sem vítima;5;BR-040/RJ;Sul;Choque - Objeto Fixo;1;;;;;;;;;;1;;;;
27/01/2013;04:42:00;4351;sem vítima;8;BR-040/RJ;Norte;Capotamento;1;;;;;;;;;;1;;;;
27/01/2013;07:09:00;4358;com vítima;48;BR-040/RJ;Norte;Choque - Objeto Fixo;1;;;;;;;;;;0;1;;;
27/01/2013;16:36:00;4439;sem vítima;74;BR-040/RJ;Norte;Choque - Objeto Fixo;1;;;;;;;;;;2;;;;
27/01/2013;13:33:00;4405;sem vítima;78;BR-040/RJ;Sul;Choque - Objeto Fixo;1;;;;;;;;;;1;;;;
27/01/2013;17:33:00;4451;com vítima;78;BR-040/RJ;Sul;Capotamento;1;;;;;;;;;;2;1;;;
27/01/2013;18:40:00;4457;sem vítima;80;BR-040/RJ;Norte;Choque - Objeto Fixo;1;;;;;;;;;;1;;;;
27/01/2013;14:14:00;4411;com vítima;84;BR-040/RJ;Sul;Capotamento;1;;;;;;;;;;0;2;;;
27/01/2013;14:38:00;4416;com vítima;84;BR-040/RJ;Sul;Choque - Objeto Fixo;1;;;;;;;;;;1;1;;;
27/01/2013;22:25:00;4483;sem vítima;85;BR-040/RJ;Norte;Choque - Objeto Fixo;;;;;1;;;;;;1;;;;
27/01/2013;22:20:00;4480;sem vítima;91;BR-040/RJ;Sul;Choque - Objeto Fixo;;;1;;;;;;;;1;;;;
27/01/2013;07:50:00;4364;sem vítima;92;BR-040/RJ;Sul;Choque - Objeto Fixo;1;;;;;;;;;;1;;;;
27/01/2013;07:31:00;4361;com vítima;94;BR-040/RJ;Sul;Tombamento;1;;;;;;;;;;0;1;;;
27/01/2013;14:05:00;4409;sem vítima;114;BR-040/RJ;Sul;Colisão Lateral;1;;1;;;;;;;;2;;;;
27/01/2013;09:32:00;4376;com vítima;782;BR-040/MG;Norte;Capotamento;1;;;;;;;;;;1;1;;;
27/01/2013;19:10:00;4459;com vítima;804;BR-040/MG;Norte;Capotamento;1;;;;;;;;;;1;1;;;
27/01/2013;02:40:00;4347;sem vítima;124;BR-040/RJ;Sul;Capotamento;1;;;;;;;;;;1;;;;
28/01/2013;16:06:00;4597;sem vítima;30;BR-040/RJ;Norte;Choque - Objeto Fixo;1;;;;;;;;;;1;;;;
28/01/2013;17:10:00;4605;sem vítima;43;BR-040/RJ;Sul;Choque - Objeto Fixo;1;;;;;;;;;;1;;;;
28/01/2013;19:58:00;4634;sem vítima;45;BR-040/RJ;Norte;Colisão Traseira;2;;;;;;;;;;2;;;;
28/01/2013;15:55:00;4595;com vítima;82;BR-040/RJ;Sul;Queda de Moto;;;;1;;;;;;;0;;1;;
28/01/2013;17:19:00;4608;com vítima;94;BR-040/RJ;Sul;Choque - Objeto Fixo;1;;;;;;;;;;0;2;;;
28/01/2013;09:26:00;4549;sem vítima;105;BR-040/RJ;Norte;Colisão Traseira;1;;1;;;;;;;;2;;;;
28/01/2013;19:00:00;4620;sem vítima;105;BR-040/RJ;Norte;Colisão Frontal;1;;;1;;;;;;;2;;;;
28/01/2013;06:28:00;4519;sem vítima;110;BR-040/RJ;Sul;Colisão Traseira;1;;;;1;;;;;;2;;;;
28/01/2013;11:17:00;4563;sem vítima;116;BR-040/RJ;Sul;Capotamento;1;;;;;;;;;;2;;;;
28/01/2013;15:55:00;4596;com vítima;786;BR-040/MG;Norte;Capotamento;1;;;;;;;;;;0;1;;;
28/01/2013;07:40:00;4529;sem vítima;123;BR-040/RJ;Norte;Choque - Objeto Fixo;1;;;;;;;;;;1;;;;
28/01/2013;09:21:00;4548;sem vítima;124;BR-040/RJ;Sul;Colisão Traseira;1;;;;;1;;;;;2;;;;
29/01/2013;08:16:00;4683;sem vítima;66;BR-040/RJ;Sul;Colisão Traseira;2;;;;;;;;;;2;;;;
29/01/2013;20:30:00;4766;sem vítima;70;BR-040/RJ;Sul;Colisão Lateral;1;;1;;;;;;;;2;;;;
29/01/2013;08:32:00;4685;com vítima;72;BR-040/RJ;Norte;Capotamento;1;;;;;;;;;;0;1;;;
29/01/2013;15:00:00;4725;sem vítima;91;BR-040/RJ;Norte;Choque - Objeto Fixo;1;;;;;;;;;;1;;;;
29/01/2013;21:55:00;4771;sem vítima;92;BR-040/RJ;Sul;Capotamento;1;;;;;;;;;;1;;;;
29/01/2013;12:43:00;4711;sem vítima;93;BR-040/RJ;Norte;Engavetamento;2;;;;;1;;;;;3;;;;
29/01/2013;10:59:00;4697;sem vítima;94;BR-040/RJ;Sul;Choque - Objeto Fixo;1;;;;;;;;;;1;;;;
29/01/2013;16:36:00;4739;com vítima;94;BR-040/RJ;Sul;Choque - Objeto Fixo;1;;;;;;;;;;0;;1;1;
29/01/2013;16:23:00;4736;sem vítima;108;BR-040/RJ;Norte;Choque - Objeto Fixo;;;1;;;;;;;;1;;;;
29/01/2013;18:26:00;4750;com vítima;109;BR-040/RJ;Sul;Colisão Traseira;;;;;2;;;;;;1;1;;;
29/01/2013;04:47:00;4665;sem vítima;113;BR-040/RJ;Sul;Choque - Objeto Fixo;1;;;;;;;;;;1;;;;
29/01/2013;17:32:00;4744;com vítima;783;BR-040/MG;Sul;Capotamento;1;;;;;;;;;;0;2;;;
29/01/2013;07:35:00;4679;com vítima;790;BR-040/MG;Norte;Capotamento;1;;;;;;;;;;0;2;1;;
30/01/2013;08:03:00;4839;sem vítima;74;BR-040/RJ;Norte;Choque - Objeto Fixo;1;;;;;;;;;;1;;;;
30/01/2013;13:19:00;4893;sem vítima;76;BR-040/RJ;Norte;Choque - Objeto Fixo;1;;;;;;;;;;1;;;;
30/01/2013;05:41:00;4813;sem vítima;87;BR-040/RJ;Sul;Choque - Objeto Fixo;1;;;;;;;;;;1;;;;
30/01/2013;00:49:00;4795;sem vítima;88;BR-040/RJ;Sul;Choque - Objeto Fixo;1;;;;;;;;;;1;;;;
30/01/2013;17:03:00;4923;sem vítima;117;BR-040/RJ;Norte;Colisão Traseira;1;;;;1;;;;;;2;;;;
30/01/2013;17:23:00;4925;sem vítima;809;BR-040/MG;Sul;Capotamento;1;;;;;;;;;;1;;;;
30/01/2013;07:27:00;4830;com vítima;119;BR-040/RJ;Sul;Queda de Moto;;;;1;;;;;;;0;1;1;;
30/01/2013;07:59:00;4837;sem vítima;119;BR-040/RJ;Sul;Colisão Traseira;2;;;;;;;;;;2;;;;
31/01/2013;17:55:00;5100;sem vítima;82;BR-040/RJ;Sul;Choque - Objeto Fixo;1;;;;;;;;;;1;;;;
31/01/2013;19:00:00;5106;com vítima;92;BR-040/RJ;Sul;Capotamento;1;;;;;;;;;;0;1;;;
31/01/2013;21:11:00;5120;sem vítima;100;BR-040/RJ;Norte;Colisão Traseira;2;;;;;;;;;;2;;;;
31/01/2013;06:22:00;5003;com vítima;106;BR-040/RJ;Sul;Colisão Frontal;1;;;1;;;;;;;1;;1;;
31/01/2013;05:50:00;4999;sem vítima;113;BR-040/RJ;Sul;Colisão Lateral;;;2;;;;;;;;2;;;;
31/01/2013;11:57:00;5049;com vítima;773;BR-040/MG;Norte;Tombamento;;;1;;;;;;;;0;;1;;
31/01/2013;21:18:00;5123;sem vítima;797;BR-040/MG;Norte;Choque - Objeto Fixo;1;;;;;;;;;;1;;;;
31/01/2013;07:44:00;5016;sem vítima;799;BR-040/MG;Sul;Choque - Objeto Fixo;1;;;;;;;;;;1;;;;
01/02/2013;19:15:00;143;sem vítima;85;BR-040/RJ;Norte;Colisão Lateral;2;;;;;;;;;;2;;;;
01/02/2013;09:20:00;37;sem vítima;93;BR-040/RJ;Norte;Colisão Lateral;1;;1;;;;;;;;2;;;;
01/02/2013;21:40:00;163;com vítima;105;BR-040/RJ;Norte;Atropelamento - Pedestre;1;;;;;;;;;;1;;;;1
01/02/2013;10:02:00;43;sem vítima;109;BR-040/RJ;Norte;Colisão Traseira;1;;1;;;;;;;;2;;;;
01/02/2013;06:40:00;24;sem vítima;123;BR-040/RJ;Sul;Colisão Traseira;1;;;1;;;;;;;2;;;;
02/02/2013;06:37:00;199;com vítima;16;BR-040/RJ;Sul;Capotamento;1;;;;;;;;;;0;1;;;
02/02/2013;19:23:00;324;sem vítima;44;BR-040/RJ;Sul;Choque - Objeto Fixo;1;;;;;;;;;;2;;;;
02/02/2013;01:54:00;184;com vítima;82;BR-040/RJ;Sul;Capotamento;1;;;;;;;;;;0;2;;;
02/02/2013;18:33:00;318;com vítima;83;BR-040/RJ;Sul;Choque - Objeto Fixo;1;;;;;;;;;;0;1;1;;
02/02/2013;18:28:00;316;com vítima;105;BR-040/RJ;Norte;Capotamento;1;;;;;;;;;;0;2;;;
02/02/2013;07:04:00;202;com vítima;115;BR-040/RJ;Norte;Queda de Moto;;;;1;;;;;;;0;;;1;1
02/02/2013;07:27:00;205;sem vítima;115;BR-040/RJ;Sul;Colisão Traseira;2;;;;;;;;;;2;;;;
02/02/2013;21:44:00;335;sem vítima;116;BR-040/RJ;Norte;Capotamento;1;;;;;;;;;;1;;;;
02/02/2013;21:48:00;337;com vítima;116;BR-040/RJ;Norte;Colisão Lateral;1;;;;;;;;;;0;1;2;;
02/02/2013;22:55:00;341;sem vítima;116;BR-040/RJ;Sul;Colisão Traseira;2;;;;;;;;;;2;;;;
02/02/2013;02:07:00;185;com vítima;123;BR-040/RJ;Sul;Capotamento;1;;;;;;;;;;0;;1;1;
02/02/2013;16:50:00;293;sem vítima;123;BR-040/RJ;Sul;Colisão Traseira;1;;1;;;;;;;;2;;;;
02/02/2013;06:34:00;198;com vítima;124;BR-040/RJ;Sul;Choque - Objeto Fixo;1;;;;;;;;;;0;;2;;
02/02/2013;06:45:00;200;sem vítima;124;BR-040/RJ;Sul;Colisão Traseira;1;;1;;;;;;;;2;;;;
03/02/2013;15:30:00;434;com vítima;44;BR-040/RJ;Norte;Choque - Objeto Fixo;1;;;;;;;;;;0;1;;;
03/02/2013;22:55:00;496;sem vítima;70;BR-040/RJ;Norte;Choque - Objeto Fixo;1;;;;;;;;;;1;;;;
03/02/2013;10:09:00;402;sem vítima;89;BR-040/RJ;Norte;Choque - Objeto Fixo;1;;;;;;;;;;1;;;;
03/02/2013;17:40:00;457;com vítima;91;BR-040/RJ;Sul;Choque - Objeto Fixo;1;;;;;;;;;;0;4;;;
03/02/2013;17:57:00;459;sem vítima;96;BR-040/RJ;Sul;Choque - Objeto Fixo;1;;;;;;;;;;1;;;;
03/02/2013;17:58:00;460;sem vítima;109;BR-040/RJ;Sul;Colisão Traseira;2;;;;;;;;;;2;;;;
03/02/2013;14:34:00;424;sem vítima;111;BR-040/RJ;Sul;Colisão Traseira;2;;;;;;;;;;2;;;;
03/02/2013;15:39:00;436;sem vítima;112;BR-040/RJ;Sul;Colisão Traseira;2;;;;;;;;;;2;;;;
03/02/2013;00:10:00;354;com vítima;116;BR-040/RJ;Norte;Colisão Traseira;1;;1;;;;;;;;1;1;;;
03/02/2013;17:29:00;456;sem vítima;117;BR-040/RJ;Sul;Choque - Objeto Fixo;1;;;;;;;;;;1;;;;
03/02/2013;17:59:00;461;com vítima;121;BR-040/RJ;Norte;Choque - Objeto Fixo;1;;;;;;;;;;1;1;;;
03/02/2013;06:50:00;379;sem vítima;124;BR-040/RJ;Norte;Choque - Objeto Fixo;1;;;;;;;;;;1;;;;
03/02/2013;19:07:00;467;sem vítima;124;BR-040/RJ;Norte;Colisão Lateral;1;;;1;;;;;;;2;;;;
04/02/2013;10:55:00;566;sem vítima;24;BR-040/RJ;Norte;Choque - Objeto Fixo;1;;;;;;;;;;1;;;;
04/02/2013;12:04:00;577;sem vítima;24;BR-040/RJ;Norte;Choque - Objeto Fixo;1;;;;;;;;;;1;;;;
04/02/2013;08:53:00;555;sem vítima;43;BR-040/RJ;Sul;Choque - Objeto Fixo;1;;;;;;;;;;1;;;;
04/02/2013;20:12:00;651;sem vítima;55;BR-040/RJ;Norte;Colisão Lateral;1;;1;;;;;;;;2;;;;
04/02/2013;08:44:00;554;sem vítima;60;BR-040/RJ;Sul;Choque - Objeto Fixo;1;;;;;;;;;;3;;;;
04/02/2013;20:15:00;652;sem vítima;92;BR-040/RJ;Norte;Colisão Lateral;1;;;;;1;;;;;2;;;;
04/02/2013;07:24:00;542;sem vítima;113;BR-040/RJ;Sul;Colisão Traseira;1;;;;;1;;;;;2;;;;
04/02/2013;16:15:00;604;sem vítima;116;BR-040/RJ;Norte;Derrapagem;1;;;;;;;;;;1;;;;
04/02/2013;12:07:00;578;sem vítima;784;BR-040/MG;Sul;Colisão Transversal;1;;;;;;;;;;1;;;;
04/02/2013;12:49:00;583;sem vítima;786;BR-040/MG;Norte;Choque - Objeto Fixo;1;;;;;;;;;;1;;;;
04/02/2013;06:36:00;532;sem vítima;119;BR-040/RJ;Norte;Colisão Traseira;2;;;;;;;;;;2;;;;
04/02/2013;07:00:00;537;sem vítima;119;BR-040/RJ;Sul;Choque - Objeto Fixo;1;;;;;;;;;;1;;;;
04/02/2013;21:05:00;657;com vítima;119;BR-040/RJ;Sul;Choque - Objeto Fixo;;;1;;;;;;;;0;1;;;
04/02/2013;11:09:00;569;com vítima;122;BR-040/RJ;Sul;Atropelamento - Pedestre;;;;;;1;;;;;1;1;;;
05/02/2013;01:07:00;678;sem vítima;47;BR-040/RJ;Sul;Choque - Objeto Fixo;1;;;;;;;;;;1;;;;
05/02/2013;20:28:00;827;sem vítima;80;BR-040/RJ;Sul;Choque - Objeto Fixo;1;;;;;;;;;;1;;;;
05/02/2013;15:28:00;839;sem vítima;82;BR-040/RJ;Sul;Colisão Traseira;1;;1;;;;;;;;2;;;;
05/02/2013;20:42:00;828;sem vítima;83;BR-040/RJ;Sul;Choque - Objeto Fixo;1;;;;;;;;;;1;;;;
05/02/2013;06:20:00;707;com vítima;85;BR-040/RJ;Sul;Colisão Traseira;2;;;;;;;;;;3;2;;;
05/02/2013;06:20:00;708;sem vítima;85;BR-040/RJ;Sul;Choque - Objeto Fixo;1;;;;;;;;;;3;;;;
05/02/2013;17:44:00;801;com vítima;85;BR-040/RJ;Sul;Choque - Objeto Fixo;1;;;;;;;;;;1;2;;;
05/02/2013;00:22:00;675;com vítima;89;BR-040/RJ;Sul;Choque - Objeto Fixo;;;1;;;;;;;;0;1;;;
05/02/2013;16:59:00;792;sem vítima;91;BR-040/RJ;Norte;Choque - Objeto Fixo;1;;;;;;;;;;1;;;;
05/02/2013;06:45:00;704;sem vítima;93;BR-040/RJ;Sul;Choque - Objeto Fixo;1;;;;;;;;;;1;;;;
05/02/2013;10:47:00;748;com vítima;100;BR-040/RJ;Norte;Tombamento;;;1;;;1;;;;;1;1;;;
05/02/2013;08:52:00;727;sem vítima;105;BR-040/RJ;Sul;Colisão Lateral;2;;;;;;;;;;2;;;;