data;horario;n_da_ocorrencia;tipo_de_ocorrencia;km;trecho;sentido;tipo_de_acidente;automovel;bicicleta;caminhao;moto;onibus;outros;tracao_animal;transporte_de_cargas_especiais;trator_maquinas;utilitarios;ilesos;levemente_feridos;moderadamente_feridos;gravemente_feridos;mortos
01/03/2013;10:30:00;68;sem vítima;93;BR-040/RJ;Norte;Colisão Lateral;1;;;;;1;;;;;2;;;;
01/03/2013;11:42:00;81;sem vítima;93;BR-040/RJ;Sul;Choque - Objeto Fixo;1;;;;;;;;;;1;;;;
01/03/2013;17:42:00;141;sem vítima;93;BR-040/RJ;Sul;Choque - Objeto Fixo;1;;;;;;;;;;1;;;;
01/03/2013;14:16:00;103;sem vítima;96;BR-040/RJ;Norte;Colisão Lateral;;;2;;;;;;;;2;;;;
01/03/2013;05:24:00;21;sem vítima;111;BR-040/RJ;Sul;Colisão Traseira;2;;;;;;;;;;2;;;;
01/03/2013;17:41:00;140;com vítima;780;BR-040/MG;Sul;Capotamento;1;;;;;;;;;;0;1;;;
01/03/2013;10:18:00;67;sem vítima;786;BR-040/MG;Sul;Choque - Objeto Fixo;1;;;;;;;;;;1;;;;
01/03/2013;12:04:00;84;sem vítima;787;BR-040/MG;Sul;Choque - Objeto Fixo;1;;;;;;;;;;1;;;;
01/03/2013;15:23:00;114;com vítima;787;BR-040/MG;Norte;Capotamento;1;;;;;;;;;;0;1;;;
01/03/2013;08:21:00;48;sem vítima;793;BR-040/MG;Sul;Colisão Traseira;2;;;;;;;;;;2;;;;
01/03/2013;07:22:00;37;com vítima;803;BR-040/MG;Sul;Tombamento;;;1;;;;;;;;0;2;;;
01/03/2013;17:15:00;133;sem vítima;816;BR-040/MG;Norte;Colisão Lateral;1;;1;;;;;;;;2;;;;
01/03/2013;12:57:00;95;com vítima;823;BR-040/MG;Sul;Choque - Objeto Fixo;;;1;;;;;;;;0;3;;;
01/03/2013;01:00:00;5;com vítima;123;BR-040/RJ;Norte;Choque - Objeto Fixo;1;;;;;;;;;;0;1;;;
02/03/2013;09:42:00;206;sem vítima;24;BR-040/RJ;Norte;Choque - Objeto Fixo;1;;;;;;;;;;1;;;;
02/03/2013;08:33:00;199;sem vítima;30;BR-040/RJ;Norte;Choque - Objeto Fixo;1;;;;;;;;;;1;;;;
02/03/2013;13:27:00;234;com vítima;39;BR-040/RJ;Norte;Capotamento;1;;;;;;;;;;0;2;1;;
02/03/2013;19:24:00;282;sem vítima;53;BR-040/RJ;Sul;Choque - Objeto Fixo;1;;;;;;;;;;1;;;;
02/03/2013;07:48:00;193;com vítima;78;BR-040/RJ;Sul;Choque - Objeto Fixo;1;;;;;;;;;;0;1;;;
02/03/2013;08:54:00;202;sem vítima;86;BR-040/RJ;Norte;Choque - Objeto Fixo;1;;;;;;;;;;1;;;;
02/03/2013;10:23:00;209;sem vítima;92;BR-040/RJ;Sul;Choque - Objeto Fixo;1;;;;;;;;;;1;;;;
02/03/2013;14:25:00;238;sem vítima;92;BR-040/RJ;Sul;Choque - Objeto Fixo;1;;;;;;;;;;1;;;;
02/03/2013;09:39:00;205;sem vítima;93;BR-040/RJ;Sul;Capotamento;1;;;;;;;;;;3;;;;
02/03/2013;15:54:00;250;sem vítima;93;BR-040/RJ;Sul;Choque - Objeto Fixo;1;;;;;;;;;;1;;;;
02/03/2013;15:28:00;245;com vítima;94;BR-040/RJ;Norte;Capotamento;1;;;;;;;;;;0;1;;;
03/03/2013;06:47:00;339;com vítima;72;BR-040/RJ;Sul;Capotamento;1;;;;;;;;;;0;1;;;
03/03/2013;00:43:00;321;com vítima;74;BR-040/RJ;Sul;Capotamento;1;;;;;;;;;;0;2;1;;
03/03/2013;13:02:00;362;com vítima;81;BR-040/RJ;Sul;Queda de Moto;;;;1;;;;;;;0;;1;;
03/03/2013;16:05:00;389;com vítima;97;BR-040/RJ;Norte;Colisão Lateral;1;;;1;;;;;;;1;1;;;
03/03/2013;14:00:00;368;sem vítima;104;BR-040/RJ;Norte;Colisão Traseira;2;;;;;;;;;;2;;;;
03/03/2013;18:56:00;424;sem vítima;111;BR-040/RJ;Sul;Colisão Traseira;2;;;;;;;;;;2;;;;
03/03/2013;10:08:00;352;sem vítima;121;BR-040/RJ;Sul;Colisão Traseira;2;;;;;;;;;;2;;;;
03/03/2013;17:33:00;407;sem vítima;121;BR-040/RJ;Sul;Choque - Objeto Fixo;1;;;;;;;;;;1;;;;
04/03/2013;11:00:00;515;com vítima;36;BR-040/RJ;Sul;Choque - Objeto Fixo;1;;;;;;;;;;3;2;;;
04/03/2013;00:50:00;466;sem vítima;39;BR-040/RJ;Sul;Choque - Objeto Fixo;1;;;;;;;;;;1;;;;
04/03/2013;08:48:00;500;sem vítima;86;BR-040/RJ;Sul;Choque - Objeto Fixo;;;1;;;;;;;;1;;;;
04/03/2013;21:41:00;618;com vítima;101;BR-040/RJ;Norte;Colisão Traseira;1;;;;1;;;;;;0;2;;;
04/03/2013;15:19:00;551;com vítima;113;BR-040/RJ;Norte;Capotamento;1;;;;;;;;;;0;1;;;
04/03/2013;18:08:00;583;com vítima;116;BR-040/RJ;Norte;Engavetamento;2;;;;;1;;;;;4;2;;;
04/03/2013;00:10:00;462;sem vítima;783;BR-040/MG;Sul;Colisão Lateral;1;;1;;;;;;;;2;;;;
04/03/2013;11:35:00;518;com vítima;800;BR-040/MG;Sul;Colisão Lateral;1;;;1;;;;;;;2;;;1;
04/03/2013;11:05:00;516;sem vítima;119;BR-040/RJ;Sul;Colisão Lateral;;;2;;;;;;;;2;;;;
04/03/2013;15:55:00;555;com vítima;119;BR-040/RJ;Norte;Choque - Objeto Fixo;;;1;;;;;;;;0;;1;;
04/03/2013;17:30:00;575;com vítima;121;BR-040/RJ;Norte;Queda de Moto;;;;1;;1;;;;;1;2;;;
05/03/2013;13:08:00;697;sem vítima;69;BR-040/RJ;Sul;Choque - Objeto Fixo;1;;;;;;;;;;1;;;;
05/03/2013;15:03:00;714;sem vítima;69;BR-040/RJ;Sul;Capotamento;1;;;;;;;;;;1;;;;
05/03/2013;19:30:00;758;sem vítima;84;BR-040/RJ;Sul;Choque - Objeto Fixo;1;;;;;;;;;;1;;;;
05/03/2013;23:19:00;780;com vítima;103;BR-040/RJ;Norte;Atropelamento - Pedestre;;;;1;;;;;;;1;;1;;
05/03/2013;19:32:00;755;sem vítima;112;BR-040/RJ;Sul;Colisão Lateral;1;;1;;;;;;;;2;;;;
05/03/2013;16:48:00;730;sem vítima;782;BR-040/MG;Norte;Choque - Objeto Fixo;1;;;;;;;;;;1;;;;
05/03/2013;16:57:00;731;com vítima;785;BR-040/MG;Norte;Derrapagem;1;;;;;;;;;;0;2;;;
05/03/2013;16:13:00;725;com vítima;807;BR-040/MG;Norte;Choque - Objeto Fixo;1;;;;;;;;;;0;2;;;
05/03/2013;20:58:00;768;sem vítima;119;BR-040/RJ;Norte;Choque - Objeto Fixo;1;;;;;;;;;;1;;;;
05/03/2013;19:27:00;754;com vítima;122;BR-040/RJ;Norte;Atropelamento - Pedestre;;;;1;;;;;;;0;;2;;
05/03/2013;22:33:00;777;sem vítima;124;BR-040/RJ;Sul;Colisão Traseira;2;;;;;;;;;;2;;;;
06/03/2013;11:49:00;857;sem vítima;75;BR-040/RJ;Norte;Colisão Lateral;;;1;;1;;;;;;2;;;;
06/03/2013;19:23:00;921;com vítima;77;BR-040/RJ;Sul;Choque - Objeto Fixo;1;;;;;;;;;;2;2;;;
06/03/2013;10:45:00;853;com vítima;80;BR-040/RJ;Sul;Tombamento;;;2;;;;;;;;0;3;;;
06/03/2013;17:21:00;902;sem vítima;92;BR-040/RJ;Norte;Colisão Traseira;2;;;;;;;;;;2;;;;
06/03/2013;13:32:00;868;com vítima;109;BR-040/RJ;Norte;Engavetamento;;;;;2;;;;;;0;3;1;;
06/03/2013;15:49:00;886;com vítima;779;BR-040/MG;Norte;Choque - Objeto Fixo;1;;;;;;;;;;0;1;;;
06/03/2013;15:56:00;888;sem vítima;783;BR-040/MG;Norte;Choque - Objeto Fixo;1;;;;;;;;;;1;;;;
06/03/2013;14:42:00;876;sem vítima;786;BR-040/MG;Norte;Choque - Objeto Fixo;1;;;;;;;;;;1;;;;
06/03/2013;15:40:00;883;com vítima;786;BR-040/MG;Norte;Capotamento;1;;;;;;;;;;0;1;;;
06/03/2013;17:45:00;907;sem vítima;787;BR-040/MG;Norte;Choque - Objeto Fixo;1;;;;;;;;;;1;;;;
06/03/2013;12:25:00;862;sem vítima;791;BR-040/MG;Sul;Choque - Objeto Fixo;;;1;;;;;;;;1;;;;
07/03/2013;14:39:00;1025;sem vítima;2;BR-040/RJ;Norte;Derrapagem;1;;;;;;;;;;1;;;;
07/03/2013;04:59:00;950;com vítima;42;BR-040/RJ;Sul;Colisão Traseira;;;2;;;;;;;;1;;1;;
07/03/2013;05:20:00;952;sem vítima;68;BR-040/RJ;Sul;Capotamento;1;;;;;;;;;;1;;;;
08/03/2013;11:41:00;1157;com vítima;4;BR-040/RJ;Sul;Tombamento;;;1;;;;;;;;0;1;;;
08/03/2013;17:59:00;1226;sem vítima;57;BR-040/RJ;Norte;Colisão Traseira;1;;;1;;;;;;;2;;;;
08/03/2013;17:59:00;1229;sem vítima;57;BR-040/RJ;Norte;Colisão Traseira;1;;1;;1;;;;;;3;;;;
08/03/2013;09:30:00;1143;sem vítima;82;BR-040/RJ;Sul;Derrapagem;;;1;;;;;;;;1;;;;
08/03/2013;09:31:00;1144;sem vítima;86;BR-040/RJ;Norte;Colisão Lateral;1;;1;;;;;;;;2;;;;
08/03/2013;18:49:00;1232;sem vítima;111;BR-040/RJ;Norte;Engavetamento;1;;2;;;;;;;;3;;;;
09/03/2013;22:50:00;1434;sem vítima;34;BR-040/RJ;Sul;Choque - Objeto Fixo;;;2;;;;;;;;2;;;;
09/03/2013;02:00:00;1272;com vítima;68;BR-040/RJ;Norte;Capotamento;1;;;;;;;;;;0;1;1;;
09/03/2013;18:17:00;1393;sem vítima;79;BR-040/RJ;Sul;Choque - Objeto Fixo;1;;;;;;;;;;1;;;;
09/03/2013;18:10:00;1390;sem vítima;87;BR-040/RJ;Norte;Choque - Objeto Fixo;1;;;;;;;;;;1;;;;
09/03/2013;18:15:00;1392;com vítima;100;BR-040/RJ;Sul;Derrapagem;1;;;;;;;;;;0;1;;;
09/03/2013;06:05:00;1282;sem vítima;109;BR-040/RJ;Norte;Colisão Lateral;;;2;;;;;;;;2;;;;
09/03/2013;21:19:00;1427;com vítima;117;BR-040/RJ;Norte;Colisão Lateral;;;;;2;;;;;;1;;8;;
09/03/2013;15:20:00;1356;com vítima;784;BR-040/MG;Norte;Capotamento;1;;;;;;;;;;0;;1;;
09/03/2013;19:14:00;1409;com vítima;118;BR-040/RJ;Sul;Colisão Traseira;2;;;;1;;;;;;1;5;;;
09/03/2013;05:27:00;1279;com vítima;121;BR-040/RJ;Sul;Colisão Lateral;2;;;;;;;;;;1;1;;;
10/03/2013;16:09:00;1540;com vítima;78;BR-040/RJ;Sul;Capotamento;1;;;;;;;;;;0;4;;;
10/03/2013;21:45:00;1581;com vítima;84;BR-040/RJ;Norte;Choque - Objeto Fixo;1;;;;;;;;;;0;2;;;
10/03/2013;04:59:00;1458;sem vítima;102;BR-040/RJ;Norte;Choque - Objeto Fixo;1;;;;;;;;;;1;;;;
10/03/2013;17:10:00;1547;sem vítima;109;BR-040/RJ;Sul;Colisão Traseira;1;;;;;1;;;;;2;;;;
10/03/2013;14:28:00;1515;com vítima;794;BR-040/MG;Sul;Choque - Objeto Fixo;1;;;;;;;;;;3;1;;;
10/03/2013;14:45:00;1526;sem vítima;794;BR-040/MG;Sul;Choque - Objeto Fixo;1;;;;;;;;;;1;;;;
10/03/2013;15:22:00;1529;sem vítima;124;BR-040/RJ;Sul;Colisão Lateral;2;;;;;;;;;;2;;;;
11/03/2013;14:00:00;1679;sem vítima;84;BR-040/RJ;Norte;Choque - Objeto Fixo;1;;;;;;;;;;1;;;;
11/03/2013;06:20:00;1623;sem vítima;88;BR-040/RJ;Sul;Choque - Objeto Fixo;1;;;;;;;;;;1;;;;
11/03/2013;05:40:00;1616;com vítima;94;BR-040/RJ;Sul;Choque - Objeto Fixo;1;;;;;;;;;;0;1;;;
11/03/2013;15:46:00;1698;sem vítima;97;BR-040/RJ;Norte;Choque - Objeto Fixo;1;;;;;;;;;;1;;;;
11/03/2013;05:21:00;1613;sem vítima;109;BR-040/RJ;Sul;Engavetamento;3;;1;;;;;;;;4;;;;
11/03/2013;06:26:00;1624;sem vítima;110;BR-040/RJ;Sul;Colisão Traseira;1;;;1;;;;;;;2;;;;
11/03/2013;05:23:00;1614;sem vítima;111;BR-040/RJ;Sul;Engavetamento;3;;;;;;;;;;3;;;;
11/03/2013;06:09:00;1622;com vítima;111;BR-040/RJ;Sul;Engavetamento;3;;;;;;;;;;0;3;2;;
11/03/2013;15:33:00;1697;sem vítima;114;BR-040/RJ;Norte;Capotamento;1;;;;;;;;;;1;;;;
11/03/2013;07:55:00;1634;com vítima;121;BR-040/RJ;Norte;Colisão Lateral;1;;1;;;;;;;;1;1;;;
11/03/2013;09:05:00;1645;sem vítima;124;BR-040/RJ;Sul;Colisão Lateral;1;;1;;;;;;;;2;;;;
12/03/2013;12:10:00;1821;sem vítima;75;BR-040/RJ;Norte;Colisão Traseira;2;;;;;;;;;;2;;;;
12/03/2013;16:06:00;1869;com vítima;84;BR-040/RJ;Sul;Choque - Objeto Fixo;1;;;;;1;;;;;2;1;;;
12/03/2013;14:36:00;1852;com vítima;85;BR-040/RJ;Norte;Colisão Lateral;1;;1;;;;;;;;2;1;;;
12/03/2013;13:48:00;1845;sem vítima;98;BR-040/RJ;Sul;Choque - Objeto Fixo;1;;;;;;;;;;1;;;;
12/03/2013;18:44:00;1904;com vítima;105;BR-040/RJ;Norte;Colisão Lateral;1;;;1;;;;;;;1;;1;;
12/03/2013;16:37:00;1877;sem vítima;109;BR-040/RJ;Norte;Colisão Lateral;1;;1;;;;;;;;2;;;;
12/03/2013;17:29:00;1888;sem vítima;109;BR-040/RJ;Norte;Colisão Lateral;1;;1;;;;;;;;2;;;;
12/03/2013;19:13:00;1907;sem vítima;112;BR-040/RJ;Sul;Capotamento;1;;;;;;;;;;2;;;;
12/03/2013;21:15:00;1917;com vítima;121;BR-040/RJ;Norte;Colisão Traseira;1;;;1;;1;;;;;2;;1;;
13/03/2013;18:04:00;2078;sem vítima;43;BR-040/RJ;Norte;Capotamento;1;;;;;;;;;;6;;;;
13/03/2013;16:47:00;2058;com vítima;78;BR-040/RJ;Norte;Colisão Traseira;2;;;;;;;;;;0;3;;;
13/03/2013;20:41:00;2097;com vítima;92;BR-040/RJ;Sul;Choque - Objeto Fixo;1;;;;;;;;;;0;1;;;
13/03/2013;17:33:00;2069;sem vítima;94;BR-040/RJ;Sul;Choque - Objeto Fixo;1;;;;;;;;;;1;;;;
13/03/2013;19:59:00;2091;sem vítima;94;BR-040/RJ;Sul;Choque - Objeto Fixo;1;;;;;;;;;;1;;;;
13/03/2013;20:18:00;2095;sem vítima;113;BR-040/RJ;Sul;Engavetamento;2;;;;;1;;;;;3;;;;
13/03/2013;08:48:00;1973;com vítima;782;BR-040/MG;Norte;Colisão Traseira;1;;;1;;;;;;;0;1;1;;
13/03/2013;14:46:00;2035;sem vítima;119;BR-040/RJ;Sul;Colisão Lateral;2;;;;;;;;;;2;;;;
13/03/2013;07:25:00;1963;sem vítima;123;BR-040/RJ;Sul;Colisão Lateral;1;;1;;;;;;;;2;;;;
14/03/2013;16:08:00;2210;sem vítima;75;BR-040/RJ;Norte;Colisão Traseira;;;2;;;;;;;;2;;;;
14/03/2013;17:52:00;2222;com vítima;78;BR-040/RJ;Sul;Capotamento;1;;;1;;;;;;;1;1;;;
14/03/2013;19:52:00;2243;sem vítima;84;BR-040/RJ;Norte;Colisão Traseira;2;;;;;;;;;;2;;;;
14/03/2013;13:54:00;2192;sem vítima;91;BR-040/RJ;Sul;Choque - Objeto Fixo;1;;;;;;;;;;1;;;;
14/03/2013;15:37:00;2202;sem vítima;93;BR-040/RJ;Sul;Choque - Objeto Fixo;1;;;;;;;;;;1;;;;
14/03/2013;16:38:00;2215;sem vítima;97;BR-040/RJ;Sul;Choque - Objeto Fixo;1;;;;;;;;;;1;;;;
14/03/2013;15:03:00;2197;sem vítima;105;BR-040/RJ;Norte;Colisão Traseira;2;;;;;;;;;;2;;;;
14/03/2013;15:54:00;2206;sem vítima;116;BR-040/RJ;Sul;Derrapagem;;;;;1;1;;;;;2;;;;
15/03/2013;21:14:00;2419;sem vítima;30;BR-040/RJ;Norte;Choque - Objeto Fixo;1;;;;;;;;;;1;;;;
15/03/2013;16:41:00;2375;com vítima;58;BR-040/RJ;Sul;Choque - Objeto Fixo;1;;;;;;;;;;0;1;;;
15/03/2013;20:20:00;2412;com vítima;77;BR-040/RJ;Sul;Capotamento;1;;;;;;;;;;0;1;;;
15/03/2013;13:18:00;2346;sem vítima;84;BR-040/RJ;Sul;Choque - Objeto Fixo;1;;;;;;;;;;1;;;;
15/03/2013;19:07:00;2402;sem vítima;91;BR-040/RJ;Sul;Choque - Objeto Fixo;1;;;;;;;;;;1;;;;
15/03/2013;21:08:00;2417;sem vítima;93;BR-040/RJ;Sul;Choque - Objeto Fixo;1;;;;;;;;;;1;;;;
15/03/2013;21:23:00;2421;com vítima;94;BR-040/RJ;Sul;Choque - Objeto Fixo;1;;;;;;;;;;0;1;;;
15/03/2013;11:45:00;2336;sem vítima;112;BR-040/RJ;Sul;Colisão Lateral;2;;;;;;;;;;2;;;;
15/03/2013;16:57:00;2378;com vítima;113;BR-040/RJ;Norte;Colisão Traseira;2;;;;;;;;;;0;2;1;;
15/03/2013;17:28:00;2383;sem vítima;114;BR-040/RJ;Sul;Engavetamento;3;;;;;;;;;;3;;;;
15/03/2013;05:11:00;2292;sem vítima;116;BR-040/RJ;Norte;Capotamento;1;;;;;;;;;;1;;;;
15/03/2013;10:50:00;2331;sem vítima;116;BR-040/RJ;Norte;Colisão Lateral;;;1;;1;;;;;;2;;;;
15/03/2013;11:45:00;2337;com vítima;787;BR-040/MG;Sul;Atropelamento - Pedestre;;;;;;1;;;;;1;;;;1
15/03/2013;22:40:00;2426;sem vítima;122;BR-040/RJ;Norte;Colisão Lateral;;;2;;;;;;;;2;;;;
15/03/2013;18:02:00;2388;sem vítima;124;BR-040/RJ;Sul;Colisão Lateral;1;;1;;;;;;;;2;;;;
16/03/2013;10:06:00;2477;sem vítima;22;BR-040/RJ;Sul;Choque - Objeto Fixo;1;;;;;;;;;;2;;;;
16/03/2013;13:33:00;2501;com vítima;84;BR-040/RJ;Sul;Queda de Moto;;;;1;;;;;;;0;1;;;
16/03/2013;03:09:00;2444;sem vítima;87;BR-040/RJ;Sul;Choque - Objeto Fixo;1;;;;;;;;;;1;;;;
16/03/2013;22:46:00;2575;sem vítima;125;BR-040/RJ;Sul;Choque - Objeto Fixo;1;;;;;;;;;;1;;;;
17/03/2013;05:11:00;2595;sem vítima;66;BR-040/RJ;Norte;Choque - Objeto Fixo;1;;;;;;;;;;1;;;;
17/03/2013;16:02:00;2654;sem vítima;89;BR-040/RJ;Sul;Choque - Objeto Fixo;1;;;;;;;;;;1;;;;
17/03/2013;17:06:00;2666;sem vítima;90;BR-040/RJ;Sul;Choque - Objeto Fixo;1;;;;;;;;;;1;;;;
17/03/2013;17:42:00;2674;sem vítima;90;BR-040/RJ;Sul;Choque - Objeto Fixo;1;;;;;;;;;;1;;;;
17/03/2013;12:39:00;2631;sem vítima;92;BR-040/RJ;Norte;Engavetamento;3;;;;;;;;;;3;;;;
17/03/2013;17:50:00;2675;sem vítima;92;BR-040/RJ;Sul;Choque - Objeto Fixo;1;;;;;;;;;;1;;;;
17/03/2013;16:31:00;2661;sem vítima;96;BR-040/RJ;Sul;Derrapagem;1;;;;;;;;;;1;;;;
17/03/2013;16:07:00;2656;com vítima;97;BR-040/RJ;Norte;Capotamento;1;;;;;;;;;;0;1;;;
17/03/2013;14:16:00;2642;com vítima;105;BR-040/RJ;Norte;Colisão Frontal;1;1;;;;;;;;;1;;1;;
17/03/2013;19:52:00;2689;sem vítima;105;BR-040/RJ;Norte;Choque - Objeto Fixo;1;;;;;;;;;;1;;;;
17/03/2013;14:50:00;2648;sem vítima;108;BR-040/RJ;Norte;Colisão Traseira;1;;1;;;;;;;;2;;;;
17/03/2013;05:29:00;2598;sem vítima;109;BR-040/RJ;Sul;Colisão Traseira;2;;;;;;;;;;2;;;;
17/03/2013;09:12:00;2614;com vítima;109;BR-040/RJ;Norte;Colisão Lateral;1;;;1;;;;;;;1;1;;;
17/03/2013;19:10:00;2686;com vítima;112;BR-040/RJ;Sul;Engavetamento;4;;;;;;;;;;4;1;;;
17/03/2013;21:43:00;2707;sem vítima;120;BR-040/RJ;Sul;Choque - Objeto Fixo;1;;;;;;;;;;1;;;;
17/03/2013;00:24:00;2723;sem vítima;124;BR-040/RJ;Sul;Choque - Objeto Fixo;1;;;;;;;;;;1;;;;
18/03/2013;21:06:00;2858;sem vítima;49;BR-040/RJ;Sul;Tombamento;;;1;;;;;;;;1;;;;
18/03/2013;06:37:00;2755;sem vítima;52;BR-040/RJ;Norte;Choque - Objeto Fixo;1;;;;;;;;;;1;;;;
18/03/2013;09:46:00;2776;sem vítima;81;BR-040/RJ;Sul;Colisão Traseira;1;;;;;1;;;;;2;;;;
18/03/2013;05:39:00;2748;sem vítima;83;BR-040/RJ;Sul;Choque - Objeto Fixo;1;;;;;;;;;;1;;;;
18/03/2013;08:46:00;2769;sem vítima;90;BR-040/RJ;Sul;Choque - Objeto Fixo;1;;;;;;;;;;1;;;;
18/03/2013;19:45:00;2849;sem vítima;90;BR-040/RJ;Norte;Colisão Lateral;;;2;;;;;;;;2;;;;
18/03/2013;12:46:00;2798;sem vítima;91;BR-040/RJ;Sul;Choque - Objeto Fixo;1;;;;;;;;;;1;;;;
18/03/2013;15:25:00;2824;com vítima;92;BR-040/RJ;Sul;Capotamento;1;;;;;;;;;;0;2;;;
18/03/2013;15:15:00;2821;sem vítima;97;BR-040/RJ;Sul;Choque - Objeto Fixo;1;;;;;;;;;;1;;;;
18/03/2013;20:50:00;2856;sem vítima;110;BR-040/RJ;Sul;Choque - Objeto Fixo;1;;;;;;;;;;1;;;;
18/03/2013;02:01:00;2737;sem vítima;113;BR-040/RJ;Sul;Choque - Objeto Fixo;1;;;;;;;;;;1;;;;
18/03/2013;22:51:00;2869;com vítima;114;BR-040/RJ;Norte;Choque - Objeto Fixo;1;;;;;;;;;;0;1;;;
18/03/2013;12:23:00;2794;sem vítima;116;BR-040/RJ;Sul;Colisão Lateral;1;;1;;;;;;;;2;;;;
18/03/2013;01:57:00;2736;com vítima;796;BR-040/MG;Sul;Choque - Objeto Fixo;1;;;;;;;;;;0;1;;;
18/03/2013;06:30:00;2753;sem vítima;803;BR-040/MG;Sul;Choque - Objeto Fixo;;;1;;;;;;;;1;;;;
18/03/2013;22:53:00;2871;com vítima;119;BR-040/RJ;Sul;Queda de Moto;;;;1;;;;;;;0;1;1;;
18/03/2013;17:34:00;2837;sem vítima;120;BR-040/RJ;Norte;Choque - Objeto Fixo;1;;;;;1;;;;;2;;;;
18/03/2013;02:53:00;2742;com vítima;122;BR-040/RJ;Sul;Choque - Objeto Fixo;1;;;;;;;;;;0;1;;;
19/03/2013;00:03:00;2876;sem vítima;86;BR-040/RJ;Norte;Choque - Objeto Fixo;;;1;;;;;;;;1;;;;
19/03/2013;17:04:00;2966;sem vítima;94;BR-040/RJ;Sul;Choque - Objeto Fixo;1;;;;;;;;;;1;;;;
19/03/2013;15:28:00;2952;sem vítima;105;BR-040/RJ;Norte;Colisão Frontal;1;;1;;;;;;;;2;;;;
19/03/2013;18:22:00;2978;com vítima;108;BR-040/RJ;Norte;Colisão Traseira;1;;1;;;;;;;;1;1;;;
20/03/2013;02:45:00;3014;sem vítima;36;BR-040/RJ;Sul;Choque - Objeto Fixo;;;1;;;;;;;;1;;;;
20/03/2013;12:20:00;3059;sem vítima;104;BR-040/RJ;Sul;Colisão Traseira;1;;1;;;;;;;;2;;;;
20/03/2013;10:04:00;3048;com vítima;793;BR-040/MG;Sul;Queda de Moto;;;;1;;;;;;;0;;1;;
20/03/2013;07:00:00;3026;sem vítima;120;BR-040/RJ;Sul;Colisão Lateral;2;;;;;;;;;;2;;;;
20/03/2013;14:38:00;3075;com vítima;124;BR-040/RJ;Norte;Colisão Lateral;;;1;1;;;;;;;1;;1;;
21/03/2013;22:10:00;3273;com vítima;32;BR-040/RJ;Norte;Choque - Objeto Fixo;1;;;;;;;;;;0;1;;;
21/03/2013;20:17:00;3260;com vítima;64;BR-040/RJ;Sul;Capotamento;1;;;;;;;;;;0;1;;;
21/03/2013;13:38:00;3194;sem vítima;85;BR-040/RJ;Norte;Colisão Lateral;;;2;;;;;;;;2;;;;
21/03/2013;15:45:00;3213;sem vítima;85;BR-040/RJ;Norte;Colisão Lateral;1;;1;;;;;;;;2;;;;
21/03/2013;21:54:00;3269;com vítima;91;BR-040/RJ;Norte;Queda de Moto;;;;1;;;;;;;0;1;;;
21/03/2013;11:07:00;3177;sem vítima;98;BR-040/RJ;Sul;Choque - Objeto Fixo;1;;;;;;;;;;1;;;;
21/03/2013;01:47:00;3132;sem vítima;101;BR-040/RJ;Sul;Choque - Objeto Fixo;;;1;;;;;;;;1;;;;
21/03/2013;17:22:00;3235;com vítima;104;BR-040/RJ;Sul;Colisão Lateral;1;;1;;;;;;;;0;3;1;;
21/03/2013;05:40:00;3145;sem vítima;107;BR-040/RJ;Sul;Colisão Lateral;2;;;;;;;;;;2;;;;
21/03/2013;14:58:00;3203;sem vítima;123;BR-040/RJ;Sul;Colisão Lateral;2;;;;;;;;;;2;;;;
21/03/2013;15:23:00;3206;sem vítima;124;BR-040/RJ;Sul;Colisão Lateral;1;;1;;;;;;;;2;;;;
22/03/2013;20:40:00;3432;com vítima;24;BR-040/RJ;Norte;Capotamento;1;;;;;;;;;;0;1;1;;
22/03/2013;21:35:00;3438;com vítima;67;BR-040/RJ;Norte;Choque - Objeto Fixo;1;;;;;;;;;;0;1;;;
22/03/2013;15:48:00;3383;sem vítima;82;BR-040/RJ;Norte;Choque - Objeto Fixo;1;;;;;;;;;;1;;;;
22/03/2013;18:18:00;3413;com vítima;91;BR-040/RJ;Norte;Derrapagem;1;;;;;;;;;;0;1;;;
22/03/2013;17:15:00;3398;sem vítima;104;BR-040/RJ;Norte;Colisão Lateral;2;;;;;;;;;;2;;;;
22/03/2013;19:25:00;3426;sem vítima;109;BR-040/RJ;Norte;Colisão Traseira;1;;1;;;;;;;;2;;;;
22/03/2013;18:34:00;3418;sem vítima;114;BR-040/RJ;Norte;Colisão Traseira;1;;;;;1;;;;;2;;;;
22/03/2013;08:31:00;3324;sem vítima;115;BR-040/RJ;Sul;Colisão Lateral;1;;1;;;;;;;;2;;;;
22/03/2013;14:29:00;3373;sem vítima;806;BR-040/MG;Norte;Choque - Objeto Fixo;1;;;;;;;;;;1;;;;
22/03/2013;14:42:00;3374;sem vítima;121;BR-040/RJ;Sul;Colisão Traseira;1;;;1;;;;;;;2;;;;
23/03/2013;17:43:00;3558;sem vítima;13;BR-040/RJ;Sul;Choque - Objeto Fixo;1;;;;;;;;;;1;;;;
23/03/2013;16:31:00;3544;sem vítima;31;BR-040/RJ;Norte;Choque - Objeto Fixo;1;;;;;;;;;;1;;;;
23/03/2013;15:26:00;3529;sem vítima;39;BR-040/RJ;Sul;Choque - Objeto Fixo;1;;;;;;;;;;1;;;;
23/03/2013;16:58:00;3548;sem vítima;45;BR-040/RJ;Norte;Colisão Traseira;1;;1;;;;;;;;2;;;;