data;horario;n_da_ocorrencia;tipo_de_ocorrencia;km;trecho;sentido;tipo_de_acidente;automovel;bicicleta;caminhao;moto;onibus;outros;tracao_animal;transporte_de_cargas_especiais;trator_maquinas;utilitarios;ilesos;levemente_feridos;moderadamente_feridos;gravemente_feridos;mortos
04/05/2013;17:10:00;590;com vítima;121;BR-040/RJ;Sul;Queda de Moto;;;;1;;;;;;;0;;;1;
04/05/2013;19:20:00;603;com vítima;45;BR-040/RJ;Norte;Colisão Lateral;;;;1;;1;;;;;1;1;1;;
05/05/2013;00:10:00;632;sem vítima;122;BR-040/RJ;Norte;Colisão Lateral;2;;;;;;;;;;2;;;;
05/05/2013;05:02:00;646;com vítima;123;BR-040/RJ;Sul;Engavetamento;4;;;2;;;;;;;4;2;;;
05/05/2013;09:25:00;661;com vítima;73;BR-040/RJ;Sul;Queda de Moto;;;;1;;;;;;;0;1;;;
05/05/2013;09:39:00;663;com vítima;67;BR-040/RJ;Norte;Queda de Moto;;;;1;;;;;;;0;;1;;
05/05/2013;14:02:00;689;com vítima;68;BR-040/RJ;Norte;Capotamento;1;;;;;;;;;;0;2;;;
05/05/2013;14:11:00;690;com vítima;62;BR-040/RJ;Sul;Colisão Lateral;1;;;1;;;;;;;1;1;;;
05/05/2013;15:11:00;694;com vítima;84;BR-040/RJ;Sul;Capotamento;1;;;;;;;;;;0;1;;;
05/05/2013;15:14:00;695;com vítima;82;BR-040/RJ;Sul;Choque - Objeto Fixo;1;;;;;;;;;;3;1;;;
05/05/2013;18:43:00;732;com vítima;124;BR-040/RJ;Sul;Atropelamento - Pedestre;;;;;;1;;;;;1;;1;;
05/05/2013;18:46:00;733;com vítima;122;BR-040/RJ;Norte;Capotamento;1;;;;;;;;;;0;2;;;
05/05/2013;19:10:00;738;com vítima;120;BR-040/RJ;Norte;Colisão Traseira;1;;;;1;;;;;;1;3;;;
05/05/2013;20:08:00;743;sem vítima;122;BR-040/RJ;Norte;Colisão Traseira;1;;;1;;;;;;;2;;;;
05/05/2013;22:34:00;757;sem vítima;105;BR-040/RJ;Norte;Choque - Objeto Fixo;1;;;;;;;;;;1;;;;
06/05/2013;01:17:00;772;sem vítima;117;BR-040/RJ;Norte;Choque - Objeto Fixo;1;;;;;;;;;;1;;;;
06/05/2013;06:47:00;790;com vítima;114;BR-040/RJ;Sul;Colisão Traseira;;;;1;1;;;;;;1;1;;;
06/05/2013;07:55:00;800;com vítima;90;BR-040/RJ;Norte;Choque - Objeto Fixo;1;;;;;;;;;;0;1;;;
06/05/2013;08:09:00;805;sem vítima;92;BR-040/RJ;Sul;Capotamento;1;;;;;;;;;;1;;;;
06/05/2013;08:24:00;807;sem vítima;92;BR-040/RJ;Norte;Choque - Objeto Fixo;1;;;;;;;;;;1;;;;
06/05/2013;09:44:00;814;com vítima;78;BR-040/RJ;Norte;Colisão Lateral;2;;;;;;;;;;1;;1;;
06/05/2013;10:53:00;821;sem vítima;84;BR-040/RJ;Norte;Choque - Objeto Fixo;1;;;;;;;;;;1;;;;
06/05/2013;11:29:00;825;com vítima;92;BR-040/RJ;Sul;Capotamento;1;;;;;;;;;;0;1;;;
06/05/2013;11:49:00;828;sem vítima;86;BR-040/RJ;Sul;Choque - Objeto Fixo;1;;;;;;;;;;1;;;;
06/05/2013;12:42:00;834;com vítima;96;BR-040/RJ;Norte;Tombamento;;;1;;;;;;;;0;1;;;
06/05/2013;13:01:00;836;sem vítima;78;BR-040/RJ;Sul;Choque - Objeto Fixo;1;;;;;;;;;;1;;;;
06/05/2013;13:58:00;837;sem vítima;84;BR-040/RJ;Norte;Choque - Objeto Fixo;1;;;;;;;;;;1;;;;
06/05/2013;17:24:00;872;sem vítima;81;BR-040/RJ;Norte;Colisão Lateral;;;1;;1;;;;;;2;;;;
06/05/2013;20:40:00;896;sem vítima;104;BR-040/RJ;Sul;Colisão Traseira;1;;;;;1;;;;;2;;;;
07/05/2013;07:35:00;925;sem vítima;120;BR-040/RJ;Sul;Colisão Lateral;1;;1;;;;;;;;2;;;;
07/05/2013;09:15:00;937;sem vítima;112;BR-040/RJ;Sul;Colisão Traseira;1;;;;;1;;;;;2;;;;
07/05/2013;10:41:00;945;sem vítima;122;BR-040/RJ;Sul;Colisão Lateral;1;;1;;;;;;;;2;;;;
07/05/2013;13:04:00;962;com vítima;105;BR-040/RJ;Norte;Colisão Frontal;1;1;;;;;;;;;1;1;;;1
07/05/2013;17:34:00;998;sem vítima;113;BR-040/RJ;Norte;Colisão Lateral;;;;;2;;;;;;2;;;;
07/05/2013;19:00:00;1010;sem vítima;122;BR-040/RJ;Norte;Engavetamento;2;;1;;;1;;;;;4;;;;
07/05/2013;23:32:00;1039;sem vítima;122;BR-040/RJ;Norte;Colisão Lateral;1;;;;1;;;;;;2;;;;
08/05/2013;04:48:00;1051;sem vítima;112;BR-040/RJ;Sul;Choque - Objeto Fixo;1;;;;;;;;;;1;;;;
08/05/2013;04:59:00;1052;sem vítima;84;BR-040/RJ;Norte;Choque - Objeto Fixo;1;;;;;;;;;;1;;;;
08/05/2013;06:53:00;1059;com vítima;113;BR-040/RJ;Sul;Queda de Moto;;;;1;;;;;;;0;;2;;
08/05/2013;07:05:00;1065;sem vítima;113;BR-040/RJ;Sul;Colisão Traseira;2;;;;;;;;;;2;;;;
08/05/2013;08:02:00;1067;sem vítima;78;BR-040/RJ;Sul;Choque - Objeto Fixo;1;;;;;;;;;;1;;;;
08/05/2013;08:02:00;1068;sem vítima;78;BR-040/RJ;Sul;Choque - Objeto Fixo;1;;;;;;;;;;1;;;;
08/05/2013;08:05:00;1070;sem vítima;86;BR-040/RJ;Norte;Engavetamento;6;;1;;;;;;;;7;;;;
08/05/2013;08:02:00;1074;sem vítima;78;BR-040/RJ;Sul;Choque - Objeto Fixo;1;;;;;;;;;;1;;;;
08/05/2013;16:06:00;1130;sem vítima;108;BR-040/RJ;Norte;Colisão Traseira;2;;;;;;;;;;2;;;;
08/05/2013;16:51:00;1145;sem vítima;89;BR-040/RJ;Sul;Choque - Objeto Fixo;;;1;;;1;;;;;2;;;;
09/05/2013;04:54:00;1208;com vítima;85;BR-040/RJ;Sul;Choque - Objeto Fixo;;;1;;;;;;;;0;;;;1
09/05/2013;07:44:00;1224;com vítima;124;BR-040/RJ;Sul;Atropelamento - Pedestre;;;;;;1;;;;;1;1;;;
09/05/2013;08:41:00;1227;sem vítima;120;BR-040/RJ;Sul;Queda de Moto;;;;2;;;;;;;2;;;;
09/05/2013;12:48:00;1265;com vítima;84;BR-040/RJ;Sul;Colisão Lateral;1;;2;;;;;;;;2;1;;;
09/05/2013;13:24:00;1273;sem vítima;112;BR-040/RJ;Norte;Colisão Lateral;1;;1;;;;;;;;2;;;;
09/05/2013;15:13:00;1286;sem vítima;104;BR-040/RJ;Sul;Colisão Lateral;1;;1;;;;;;;;2;;;;
09/05/2013;18:06:00;1297;sem vítima;123;BR-040/RJ;Sul;Colisão Lateral;1;;1;;;;;;;;2;;;;
10/05/2013;11:26:00;1402;com vítima;73;BR-040/RJ;Sul;Capotamento;1;;;;;;;;;;0;1;;;
10/05/2013;12:35:00;1405;sem vítima;119;BR-040/RJ;Sul;Colisão Lateral;1;;1;;;;;;;;2;;;;
10/05/2013;15:27:00;1428;sem vítima;110;BR-040/RJ;Sul;Colisão Traseira;2;;;;;;;;;;2;;;;
10/05/2013;17:25:00;1453;sem vítima;119;BR-040/RJ;Norte;Engavetamento;;;2;;1;;;;;;3;;;;
10/05/2013;17:33:00;1456;sem vítima;123;BR-040/RJ;Sul;Colisão Lateral;1;;1;;;;;;;;2;;;;
10/05/2013;18:35:00;1467;sem vítima;123;BR-040/RJ;Norte;Colisão Traseira;1;;;;;1;;;;;2;;;;
10/05/2013;19:55:00;1481;sem vítima;105;BR-040/RJ;Norte;Colisão Transversal;2;;;;;;;;;;2;;;;
10/05/2013;20:13:00;1485;sem vítima;80;BR-040/RJ;Norte;Colisão Lateral;1;;;;1;;;;;;2;;;;
11/05/2013;00:01:00;1516;sem vítima;77;BR-040/RJ;Norte;Colisão Traseira;1;;1;;;;;;;;2;;;;
11/05/2013;02:51:00;1529;sem vítima;800;BR-040/MG;Norte;Choque - Objeto Fixo;1;;;;;;;;;;1;;;;
11/05/2013;05:26:00;1538;sem vítima;810;BR-040/MG;Sul;Choque - Objeto Fixo;1;;;;;;;;;;1;;;;
11/05/2013;05:43:00;1539;sem vítima;84;BR-040/RJ;Norte;Colisão Lateral;1;;1;;;;;;;;2;;;;
11/05/2013;14:35:00;1610;sem vítima;119;BR-040/RJ;Sul;Engavetamento;3;;;;;;;;;;3;;;;
11/05/2013;23:00:00;1686;sem vítima;108;BR-040/RJ;Sul;Choque - Objeto Fixo;1;;;;;;;;;;1;;;;
11/05/2013;23:16:00;1688;sem vítima;56;BR-040/RJ;Sul;Capotamento;1;;;;;;;;;;1;;;;
12/05/2013;01:11:00;1700;sem vítima;115;BR-040/RJ;Norte;Atropelamento - Animal;1;;;;;;;;;;1;;;;
12/05/2013;01:25:00;1702;sem vítima;11;BR-040/RJ;Norte;Choque - Objeto Fixo;1;;;;;;;;;;1;;;;
12/05/2013;03:47:00;1709;sem vítima;87;BR-040/RJ;Norte;Choque - Objeto Fixo;1;;;;;;;;;;1;;;;
12/05/2013;07:22:00;1720;sem vítima;76;BR-040/RJ;Norte;Choque - Objeto Fixo;1;;;;;;;;;;1;;;;
12/05/2013;09:00:00;1731;sem vítima;119;BR-040/RJ;Sul;Colisão Lateral;2;;;;1;;;;;;3;;;;
12/05/2013;17:57:00;1788;sem vítima;122;BR-040/RJ;Sul;Colisão Traseira;2;;;;;;;;;;2;;;;
12/05/2013;18:08:00;1789;com vítima;108;BR-040/RJ;Sul;Engavetamento;3;;;;;1;;;;;2;3;;;
12/05/2013;18:37:00;1795;sem vítima;784;BR-040/MG;Sul;Colisão Lateral;1;;1;;;;;;;;2;;;;
13/05/2013;00:28:00;1822;sem vítima;774;BR-040/MG;Norte;Choque - Objeto Fixo;1;;;;;;;;;;1;;;;
13/05/2013;04:47:00;1833;com vítima;784;BR-040/MG;Norte;Atropelamento - Pedestre;1;;;;;;;;;;1;;;;1
13/05/2013;08:02:00;1851;sem vítima;34;BR-040/RJ;Norte;Choque - Objeto Fixo;1;;;;;;;;;;1;;;;
13/05/2013;10:04:00;1861;sem vítima;122;BR-040/RJ;Sul;Colisão Traseira;1;;;;1;;;;;;2;;;;
13/05/2013;16:18:00;1910;com vítima;18;BR-040/RJ;Sul;Queda de Moto;;;;1;;;;;;;0;1;;;
13/05/2013;16:25:00;1913;com vítima;109;BR-040/RJ;Norte;Colisão Lateral;;;1;1;;;;;;;1;1;;;
13/05/2013;17:50:00;1928;sem vítima;111;BR-040/RJ;Norte;Colisão Traseira;2;;;;;;;;;;2;;;;
13/05/2013;20:39:00;1955;sem vítima;121;BR-040/RJ;Sul;Choque - Objeto Fixo;1;;;;;;;;;;1;;;;
13/05/2013;22:44:00;1964;sem vítima;82;BR-040/RJ;Norte;Choque - Objeto Fixo;1;;;;;;;;;;1;;;;
14/05/2013;05:19:00;1981;com vítima;65;BR-040/RJ;Sul;Capotamento;1;;;;;;;;;;0;1;;;
14/05/2013;05:24:00;1982;sem vítima;119;BR-040/RJ;Norte;Colisão Lateral;1;;;;;1;;;;;2;;;;
14/05/2013;09:33:00;2005;sem vítima;123;BR-040/RJ;Norte;Engavetamento;1;;1;;;1;;;;;3;;;;
14/05/2013;09:34:00;2006;sem vítima;109;BR-040/RJ;Sul;Colisão Lateral;1;;1;;;;;;;;2;;;;
14/05/2013;11:26:00;2024;com vítima;43;BR-040/RJ;Norte;Tombamento;;;1;;;;;;;;0;;1;;
14/05/2013;11:33:00;2029;sem vítima;123;BR-040/RJ;Sul;Colisão Lateral;1;;;;;;;;;;1;;;;
14/05/2013;12:55:00;2038;sem vítima;111;BR-040/RJ;Sul;Colisão Traseira;1;;1;;;;;;;;2;;;;
14/05/2013;18:24:00;2085;sem vítima;124;BR-040/RJ;Sul;Colisão Lateral;1;;1;;;;;;;;2;;;;
14/05/2013;18:48:00;2090;com vítima;123;BR-040/RJ;Sul;Colisão Lateral;2;;;;;;;;;;1;;1;;
15/05/2013;05:43:00;2131;com vítima;113;BR-040/RJ;Sul;Colisão Lateral;1;;;1;;;;;;;1;1;;;
15/05/2013;05:52:00;2132;sem vítima;123;BR-040/RJ;Sul;Colisão Lateral;1;;1;;;;;;;;2;;;;
15/05/2013;08:28:00;2143;sem vítima;125;BR-040/RJ;Sul;Colisão Traseira;2;;;;;;;;;;2;;;;
15/05/2013;09:12:00;2148;com vítima;77;BR-040/RJ;Sul;Colisão Lateral;2;;;;;;;;;;1;1;1;;
15/05/2013;13:06:00;2182;sem vítima;111;BR-040/RJ;Sul;Colisão Traseira;1;;1;;;;;;;;2;;;;
15/05/2013;14:13:00;2195;sem vítima;109;BR-040/RJ;Norte;Colisão Traseira;2;;;;;;;;;;2;;;;
15/05/2013;16:44:00;2225;sem vítima;123;BR-040/RJ;Sul;Colisão Lateral;1;;1;;;;;;;;2;;;;
15/05/2013;17:46:00;2235;sem vítima;109;BR-040/RJ;Norte;Colisão Traseira;2;;;;;;;;;;2;;;;
15/05/2013;19:30:00;2246;sem vítima;109;BR-040/RJ;Norte;Colisão Lateral;1;;1;;;;;;;;2;;;;
15/05/2013;21:06:00;2263;com vítima;112;BR-040/RJ;Norte;Capotamento;1;;;;;;;;;;0;;1;;
16/05/2013;05:27:00;2296;sem vítima;122;BR-040/RJ;Sul;Colisão Lateral;1;;;1;;;;;;;2;;;;
16/05/2013;05:53:00;2299;com vítima;78;BR-040/RJ;Sul;Capotamento;1;;;;;;;;;;0;1;;;
16/05/2013;15:44:00;2358;sem vítima;805;BR-040/MG;Sul;Colisão Traseira;;;2;;;;;;;;2;;;;
16/05/2013;21:02:00;2406;sem vítima;84;BR-040/RJ;Norte;Choque - Objeto Fixo;1;;;;;;;;;;1;;;;
16/05/2013;21:52:00;2410;sem vítima;119;BR-040/RJ;Norte;Colisão Lateral;;;;;;1;1;;;;2;;;;
16/05/2013;22:15:00;2411;com vítima;94;BR-040/RJ;Norte;Tombamento;;;1;;;;;;;;0;2;;;
17/05/2013;03:03:00;2425;com vítima;93;BR-040/RJ;Norte;Choque - Objeto Fixo;1;;1;;;;;;;;1;;;;1
17/05/2013;05:09:00;2433;com vítima;92;BR-040/RJ;Sul;Choque - Objeto Fixo;;;1;;;;;;;;0;2;;;
17/05/2013;06:27:00;2439;sem vítima;109;BR-040/RJ;Sul;Colisão Traseira;1;;;;1;;;;;;2;;;;
17/05/2013;06:45:00;2441;sem vítima;3;BR-040/RJ;Sul;Choque - Objeto Fixo;1;;;;;;;;;;1;;;;
17/05/2013;07:00:00;2442;sem vítima;787;BR-040/MG;Norte;Choque - Objeto Fixo;1;;;;;;;;;;1;;;;
17/05/2013;07:06:00;2443;com vítima;120;BR-040/RJ;Sul;Colisão Transversal;2;;;;;;;;;;1;;1;;
17/05/2013;07:24:00;2445;sem vítima;118;BR-040/RJ;Sul;Choque - Objeto Fixo;1;;;;;;;;;;1;;;;
17/05/2013;07:59:00;2449;sem vítima;107;BR-040/RJ;Norte;Colisão Lateral;2;;;;;1;;;;;3;;;;
17/05/2013;08:51:00;2457;sem vítima;92;BR-040/RJ;Sul;Choque - Objeto Fixo;1;;;;;;;;;;1;;;;
17/05/2013;10:54:00;2471;com vítima;32;BR-040/RJ;Norte;Capotamento;1;;;;;;;;;;0;1;1;;
17/05/2013;10:58:00;2472;sem vítima;81;BR-040/RJ;Sul;Capotamento;1;;;;;;;;;;1;;;;
17/05/2013;11:12:00;2474;com vítima;85;BR-040/RJ;Sul;Choque - Objeto Fixo;2;;;;;;;;;;1;2;;;
17/05/2013;11:36:00;2480;sem vítima;123;BR-040/RJ;Sul;Colisão Lateral;1;;1;;;;;;;;2;;;;
17/05/2013;11:58:00;2481;com vítima;800;BR-040/MG;Sul;Capotamento;1;;;;;;;;;;0;1;;;
17/05/2013;12:25:00;2484;sem vítima;123;BR-040/RJ;Sul;Colisão Lateral;1;;1;;;;;;;;2;;;;
17/05/2013;12:38:00;2486;com vítima;86;BR-040/RJ;Sul;Capotamento;1;;;;;;;;;;0;3;;;
17/05/2013;13:49:00;2490;sem vítima;31;BR-040/RJ;Sul;Choque - Objeto Fixo;1;;;;;;;;;;1;;;;
17/05/2013;14:04:00;2493;sem vítima;824;BR-040/MG;Sul;Capotamento;1;;;;;;;;;;1;;;;
17/05/2013;15:24:00;2502;com vítima;100;BR-040/RJ;Sul;Choque - Objeto Fixo;1;;;;;;;;;;0;;2;;
17/05/2013;16:06:00;2510;com vítima;794;BR-040/MG;Norte;Colisão Traseira;1;;;;;1;;;;;3;2;;;
17/05/2013;16:46:00;2516;sem vítima;92;BR-040/RJ;Sul;Capotamento;1;;;;;;;;;;1;;;;
17/05/2013;17:01:00;2519;sem vítima;97;BR-040/RJ;Sul;Choque - Objeto Fixo;1;;;;;;;;;;1;;;;
17/05/2013;18:45:00;2527;com vítima;96;BR-040/RJ;Sul;Choque - Objeto Fixo;1;;;;;;;;;;0;2;;;
17/05/2013;19:34:00;2536;com vítima;92;BR-040/RJ;Sul;Colisão Traseira;2;;;;;;;;;;1;2;;;
17/05/2013;20:03:00;2539;sem vítima;45;BR-040/RJ;Sul;Colisão Lateral;2;;;;;;;;;;2;;;;
17/05/2013;20:12:00;2542;sem vítima;72;BR-040/RJ;Sul;Choque - Objeto Fixo;1;;;;;;;;;;1;;;;
17/05/2013;21:43:00;2547;com vítima;8;BR-040/RJ;Norte;Capotamento;1;;;;;;;;;;0;1;;;
18/05/2013;01:13:00;2561;sem vítima;93;BR-040/RJ;Sul;Choque - Objeto Fixo;1;;;;;;;;;;1;;;;
18/05/2013;04:24:00;2570;sem vítima;92;BR-040/RJ;Sul;Choque - Objeto Fixo;1;;;;;;;;;;1;;;;
18/05/2013;04:28:00;2571;com vítima;113;BR-040/RJ;Norte;Engavetamento;5;;;;;;;;;;4;1;;;
18/05/2013;05:24:00;2579;sem vítima;117;BR-040/RJ;Sul;Derrapagem;1;;;;;;;;;;1;;;;
18/05/2013;05:26:00;2580;sem vítima;119;BR-040/RJ;Sul;Choque - Objeto Fixo;1;;;;;;;;;;1;;;;
18/05/2013;07:10:00;2587;com vítima;96;BR-040/RJ;Norte;Tombamento;;;1;;;;;;;;0;1;;;
18/05/2013;08:18:00;2592;sem vítima;96;BR-040/RJ;Norte;Choque - Objeto Fixo;1;;;;;;;;;;1;;;;
18/05/2013;07:29:00;2593;sem vítima;93;BR-040/RJ;Sul;Choque - Objeto Fixo;1;;;;;;;;;;1;;;;
18/05/2013;07:41:00;2594;com vítima;113;BR-040/RJ;Sul;Engavetamento;5;;;;;;;;;;6;1;;;
18/05/2013;07:50:00;2595;sem vítima;93;BR-040/RJ;Sul;Choque - Objeto Fixo;1;;;;;;;;;;1;;;;
18/05/2013;11:17:00;2616;com vítima;30;BR-040/RJ;Sul;Colisão Frontal;1;;;;1;;;;;;5;1;1;;
18/05/2013;14:12:00;2629;com vítima;92;BR-040/RJ;Sul;Capotamento;1;;;;;;;;;;0;1;;;
18/05/2013;14:58:00;2636;sem vítima;72;BR-040/RJ;Sul;Capotamento;1;;;;;;;;;;1;;;;
18/05/2013;15:07:00;2639;sem vítima;94;BR-040/RJ;Sul;Choque - Objeto Fixo;1;;;;;;;;;;1;;;;
18/05/2013;16:45:00;2647;sem vítima;110;BR-040/RJ;Sul;Choque - Objeto Fixo;1;;;;;;;;;;1;;;;
18/05/2013;18:48:00;2660;com vítima;93;BR-040/RJ;Sul;Capotamento;1;;;;;;;;;;0;3;;;
18/05/2013;20:25:00;2669;com vítima;802;BR-040/MG;Sul;Choque - Objeto Fixo;1;;;;;;;;;;0;1;;;
18/05/2013;21:22:00;2670;sem vítima;105;BR-040/RJ;Sul;Colisão Lateral;1;;;;;1;;;;;2;;;;
19/05/2013;04:10:00;2695;sem vítima;114;BR-040/RJ;Sul;Colisão Lateral;1;;;;;1;;;;;2;;;;
19/05/2013;05:26:00;2702;com vítima;815;BR-040/MG;Sul;Capotamento;1;;;;;;;;;;0;2;;;
19/05/2013;05:44:00;2703;com vítima;78;BR-040/RJ;Sul;Atropelamento - Pedestre;1;;;;;;;;;;0;2;;;1
19/05/2013;05:51:00;2704;com vítima;43;BR-040/RJ;Sul;Choque - Objeto Fixo;1;;;;;;;;;;0;1;;;
19/05/2013;15:06:00;2744;sem vítima;105;BR-040/RJ;Norte;Colisão Lateral;1;;;;;;;;;;1;;;;
19/05/2013;17:16:00;2764;sem vítima;121;BR-040/RJ;Sul;Colisão Lateral;2;;;;;;;;;;2;;;;
19/05/2013;17:23:00;2765;com vítima;784;BR-040/MG;Sul;Queda de Moto;;;;1;;;;;;;0;1;1;;
19/05/2013;18:20:00;2772;sem vítima;784;BR-040/MG;Norte;Colisão Traseira;2;;;;;;;;;;2;;;;
19/05/2013;18:51:00;2775;sem vítima;122;BR-040/RJ;Sul;Engavetamento;3;;;;;;;;;;3;;;;
19/05/2013;19:52:00;2782;com vítima;115;BR-040/RJ;Sul;Capotamento;1;;;;;;;;;;0;2;;;
19/05/2013;20:49:00;2788;sem vítima;121;BR-040/RJ;Sul;Colisão Frontal;2;;;;;;;;;;2;;;;
20/05/2013;09:53:00;2846;com vítima;120;BR-040/RJ;Sul;Colisão Traseira;1;;;1;;;;;;;1;1;;;
20/05/2013;11:04:00;2849;com vítima;92;BR-040/RJ;Sul;Capotamento;1;;;;;1;;;;;1;1;;;
20/05/2013;13:45:00;2869;sem vítima;84;BR-040/RJ;Sul;Choque - Objeto Fixo;1;;;;;;;;;;1;;;;
20/05/2013;18:50:00;2912;com vítima;55;BR-040/RJ;Norte;Colisão Transversal;1;1;;;;;;;;;0;1;;;1
21/05/2013;05:00:00;2961;com vítima;23;BR-040/RJ;Norte;Choque - Objeto Fixo;1;;;;;;;;;;0;;1;;
21/05/2013;05:38:00;2964;sem vítima;122;BR-040/RJ;Sul;Colisão Traseira;2;;;;;;;;;;2;;;;
21/05/2013;09:35:00;3008;sem vítima;124;BR-040/RJ;Sul;Colisão Traseira;2;;;;;;;;;;2;;;;
21/05/2013;12:42:00;3039;sem vítima;123;BR-040/RJ;Norte;Colisão Lateral;1;;1;;;;;;;;2;;;;
21/05/2013;13:30:00;3040;sem vítima;93;BR-040/RJ;Norte;Colisão Traseira;2;;;;;;;;;;2;;;;
21/05/2013;17:53:00;3076;sem vítima;89;BR-040/RJ;Norte;Colisão Lateral;;;2;;;;;;;;2;;;;
21/05/2013;18:15:00;3082;com vítima;62;BR-040/RJ;Norte;Colisão Frontal;2;;;;;;;;;;2;;;;1
22/05/2013;06:01:00;3131;sem vítima;105;BR-040/RJ;Norte;Colisão Traseira;;;1;;1;;;;;;2;;;;
22/05/2013;10:06:00;3164;com vítima;111;BR-040/RJ;Sul;Colisão Lateral;1;;;1;;;;;;;1;;1;;
22/05/2013;13:33:00;3181;com vítima;64;BR-040/RJ;Sul;Colisão Lateral;1;;1;;;;;;;;2;1;;;
22/05/2013;15:59:00;3204;com vítima;780;BR-040/MG;Norte;Tombamento;;;1;;;;;;;;1;;1;1;
22/05/2013;18:58:00;3231;sem vítima;67;BR-040/RJ;Sul;Colisão Traseira;1;;;;;1;;;;;2;;;;
22/05/2013;19:03:00;3233;sem vítima;109;BR-040/RJ;Norte;Colisão Lateral;1;;;;;1;;;;;2;;;;
22/05/2013;23:17:00;3258;sem vítima;87;BR-040/RJ;Sul;Choque - Objeto Fixo;1;;;;;;;;;;1;;;;
22/05/2013;23:59:00;3264;com vítima;77;BR-040/RJ;Sul;Choque - Objeto Fixo;;;1;;;;;;;;0;1;;;
23/05/2013;02:28:00;3271;sem vítima;92;BR-040/RJ;Sul;Choque - Objeto Fixo;;;1;;;;;;;;1;;;;
23/05/2013;03:55:00;3273;sem vítima;124;BR-040/RJ;Sul;Choque - Objeto Fixo;1;;;;;;;;;;1;;;;
23/05/2013;06:31:00;3283;sem vítima;43;BR-040/RJ;Norte;Choque - Objeto Fixo;1;;;;;;;;;;1;;;;
23/05/2013;06:37:00;3284;com vítima;13;BR-040/RJ;Norte;Capotamento;1;;;;;;;;;;0;2;;;
23/05/2013;06:55:00;3287;sem vítima;31;BR-040/RJ;Norte;Choque - Objeto Fixo;1;;;;;;;;;;1;;;;
23/05/2013;07:10:00;3293;sem vítima;92;BR-040/RJ;Norte;Choque - Objeto Fixo;1;;;;;;;;;;1;;;;
23/05/2013;08:22:00;3305;sem vítima;120;BR-040/RJ;Sul;Colisão Lateral;1;;1;;;;;;;;2;;;;
23/05/2013;09:14:00;3312;com vítima;25;BR-040/RJ;Sul;Tombamento;;;1;;;;;;;;0;;1;;
23/05/2013;10:05:00;3320;sem vítima;122;BR-040/RJ;Sul;Queda de Moto;;;;1;;;;;;;1;;;;
23/05/2013;13:50:00;3344;sem vítima;105;BR-040/RJ;Norte;Choque - Objeto Fixo;1;;;;;;;;;;1;;;;
23/05/2013;17:10:00;3372;sem vítima;55;BR-040/RJ;Norte;Choque - Objeto Fixo;1;;;;;;;;;;1;;;;
23/05/2013;21:21:00;3407;sem vítima;118;BR-040/RJ;Norte;Colisão Traseira;1;;;;1;1;;;;;3;;;;
24/05/2013;09:30:00;3460;com vítima;78;BR-040/RJ;Sul;Choque - Objeto Fixo;1;;;;;;;;;;0;3;;;
24/05/2013;10:07:00;3465;sem vítima;94;BR-040/RJ;Sul;Choque - Objeto Fixo;1;;;;;;;;;;1;;;;
24/05/2013;13:21:00;3486;com vítima;815;BR-040/MG;Norte;Capotamento;1;;;;;;;;;;0;2;;;
24/05/2013;14:16:00;3488;sem vítima;43;BR-040/RJ;Norte;Choque - Objeto Fixo;1;;;;;;;;;;2;;;;
24/05/2013;15:04:00;3492;sem vítima;56;BR-040/RJ;Sul;Choque - Objeto Fixo;1;;;;;;;;;;1;;;;
24/05/2013;15:18:00;3495;com vítima;24;BR-040/RJ;Norte;Choque - Objeto Fixo;1;;;;;;;;;;0;1;;;
24/05/2013;15:10:00;3496;sem vítima;786;BR-040/MG;Norte;Choque - Objeto Fixo;1;;;;;;;;;;1;;;;
24/05/2013;15:49:00;3500;sem vítima;34;BR-040/RJ;Norte;Choque - Objeto Fixo;1;;;;;;;;;;1;;;;
24/05/2013;15:59:00;3502;sem vítima;94;BR-040/RJ;Sul;Choque - Objeto Fixo;1;;;;;;;;;;1;;;;
24/05/2013;16:06:00;3505;com vítima;90;BR-040/RJ;Norte;Capotamento;1;;;;;;;;;;0;1;;;
24/05/2013;16:34:00;3509;sem vítima;58;BR-040/RJ;Sul;Choque - Objeto Fixo;1;;;;;;;;;;2;;;;
24/05/2013;16:59:00;3515;sem vítima;33;BR-040/RJ;Sul;Choque - Objeto Fixo;1;;;;;;;;;;2;;;;
24/05/2013;17:07:00;3516;sem vítima;6;BR-040/RJ;Norte;Derrapagem;1;;;;;;;;;;1;;;;
24/05/2013;17:17:00;3520;sem vítima;80;BR-040/RJ;Sul;Choque - Objeto Fixo;1;;;;;;;;;;1;;;;
24/05/2013;17:45:00;3525;sem vítima;111;BR-040/RJ;Norte;Colisão Traseira;1;;;;;1;;;;;2;;;;
24/05/2013;17:57:00;3526;sem vítima;119;BR-040/RJ;Norte;Choque - Objeto Fixo;1;;;;;;;;;;1;;;;
24/05/2013;18:05:00;3527;com vítima;84;BR-040/RJ;Norte;Derrapagem;1;;;;;;;;;;0;1;;;
24/05/2013;18:10:00;3528;sem vítima;85;BR-040/RJ;Norte;Capotamento;1;;;;;;;;;;2;;;;
24/05/2013;18:53:00;3534;sem vítima;93;BR-040/RJ;Sul;Choque - Objeto Fixo;1;;;;;;;;;;1;;;;