data;horario;n_da_ocorrencia;tipo_de_ocorrencia;km;trecho;sentido;tipo_de_acidente;automovel;bicicleta;caminhao;moto;onibus;outros;tracao_animal;transporte_de_cargas_especiais;trator_maquinas;utilitarios;ilesos;levemente_feridos;moderadamente_feridos;gravemente_feridos;mortos
24/05/2013;18:45:00;3535;sem vítima;58;BR-040/RJ;Sul;Colisão Lateral;1;;;;;1;;;;;2;;;;
24/05/2013;20:08:00;3547;sem vítima;123;BR-040/RJ;Sul;Choque - Objeto Fixo;1;;;;;;;;;;1;;;;
24/05/2013;21:34:00;3553;sem vítima;85;BR-040/RJ;Norte;Choque - Objeto Fixo;1;;;;;;;;;;1;;;;
25/05/2013;00:43:00;3567;sem vítima;22;BR-040/RJ;Sul;Choque - Objeto Fixo;1;;;;;;;;;;1;;;;
25/05/2013;00:33:00;3568;com vítima;84;BR-040/RJ;Sul;Capotamento;1;;;;;;;;;;0;1;;;
25/05/2013;01:27:00;3570;sem vítima;3;BR-040/RJ;Sul;Choque - Objeto Fixo;1;;;;;;;;;;1;;;;
25/05/2013;06:20:00;3590;sem vítima;65;BR-040/RJ;Norte;Choque - Objeto Fixo;;;1;;;;;;;;1;;;;
25/05/2013;12:35:00;3645;sem vítima;799;BR-040/MG;Norte;Colisão Lateral;2;;;;;;;;;;2;;;;
25/05/2013;15:48:00;3666;com vítima;111;BR-040/RJ;Sul;Queda de Moto;;;;1;;;;;;;0;1;;;
25/05/2013;16:15:00;3670;com vítima;112;BR-040/RJ;Sul;Colisão Traseira;2;;;;;;;;;;2;;1;;
25/05/2013;19:19:00;3700;sem vítima;22;BR-040/RJ;Norte;Colisão Lateral;2;;;;;;;;;;2;;;;
25/05/2013;20:48:00;3711;sem vítima;75;BR-040/RJ;Sul;Choque - Objeto Fixo;1;;;;;;;;;;1;;;;
25/05/2013;21:28:00;3720;sem vítima;112;BR-040/RJ;Sul;Colisão Lateral;1;;1;;;;;;;;2;;;;
26/05/2013;04:47:00;3752;sem vítima;110;BR-040/RJ;Norte;Choque - Objeto Fixo;1;;;;;;;;;;1;;;;
26/05/2013;05:06:00;3753;sem vítima;123;BR-040/RJ;Norte;Colisão Frontal;2;;;;;;;;;;2;;;;
26/05/2013;09:54:00;3779;sem vítima;109;BR-040/RJ;Norte;Colisão Lateral;1;;;;;;;;;;1;;;;
26/05/2013;10:20:00;3782;com vítima;46;BR-040/RJ;Norte;Colisão Lateral;2;;;;;;;;;;0;4;;;
26/05/2013;10:26:00;3783;com vítima;78;BR-040/RJ;Sul;Choque - Objeto Fixo;;;;1;;;;;;;0;1;;;
26/05/2013;11:02:00;3790;com vítima;53;BR-040/RJ;Sul;Queda de Moto;;;;1;;;;;;;0;;;2;
26/05/2013;15:19:00;3816;com vítima;122;BR-040/RJ;Norte;Queda de Moto;;;;1;;;;;;;0;1;;;
26/05/2013;17:34:00;3839;sem vítima;824;BR-040/MG;Sul;Choque - Objeto Fixo;1;;;;;;;;;;1;;;;
26/05/2013;18:36:00;3845;sem vítima;80;BR-040/RJ;Sul;Choque - Objeto Fixo;1;;;;;;;;;;1;;;;
26/05/2013;18:50:00;3849;sem vítima;109;BR-040/RJ;Sul;Engavetamento;3;;;;;;;;;;3;;;;
26/05/2013;21:00:00;3868;sem vítima;27;BR-040/RJ;Sul;Choque - Objeto Fixo;1;;;;;;;;;;1;;;;
27/05/2013;04:22:00;3904;com vítima;55;BR-040/RJ;Sul;Choque - Objeto Fixo;1;;;;;;;;;;0;;;1;
27/05/2013;04:44:00;3905;com vítima;123;BR-040/RJ;Sul;Atropelamento - Pedestre;;;;1;;;;;;;0;1;1;;
27/05/2013;09:00:00;3941;sem vítima;72;BR-040/RJ;Sul;Choque - Objeto Fixo;1;;;;;;;;;;1;;;;
27/05/2013;09:06:00;3943;com vítima;36;BR-040/RJ;Norte;Capotamento;1;;;;;;;;;;0;;;1;
27/05/2013;14:45:00;3990;sem vítima;799;BR-040/MG;Norte;Choque - Objeto Fixo;1;;;;;;;;;;1;;;;
27/05/2013;17:28:00;4014;com vítima;119;BR-040/RJ;Norte;Engavetamento;3;;;;;;;;;;1;1;1;;
27/05/2013;18:30:00;4022;com vítima;94;BR-040/RJ;Sul;Capotamento;1;;;;;;;;;;0;;1;;
27/05/2013;19:23:00;4027;sem vítima;84;BR-040/RJ;Norte;Choque - Objeto Fixo;1;;;;;;;;;;1;;;;
27/05/2013;19:47:00;4031;sem vítima;121;BR-040/RJ;Norte;Colisão Lateral;1;;;;1;;;;;;2;;;;
28/05/2013;01:59:00;4064;com vítima;109;BR-040/RJ;Sul;Choque - Objeto Fixo;1;;;;;;;;;;0;1;;;
28/05/2013;05:29:00;4076;com vítima;102;BR-040/RJ;Norte;Choque - Objeto Fixo;1;;;;;;;;;;0;1;;1;
28/05/2013;06:17:00;4080;sem vítima;123;BR-040/RJ;Sul;Colisão Lateral;1;;1;;;;;;;;2;;;;
28/05/2013;06:40:00;4082;sem vítima;121;BR-040/RJ;Sul;Engavetamento;3;;;;;;;;;;3;;;;
28/05/2013;13:15:00;4144;sem vítima;61;BR-040/RJ;Norte;Colisão Frontal;1;;1;;;;;;;;2;;;;
28/05/2013;15:52:00;4169;sem vítima;80;BR-040/RJ;Norte;Choque - Objeto Fixo;;;1;;;;;;;;1;;;;
28/05/2013;17:30:00;4184;sem vítima;112;BR-040/RJ;Norte;Colisão Lateral;1;;;;;1;;;;;2;;;;
28/05/2013;17:47:00;4190;com vítima;113;BR-040/RJ;Norte;Colisão Traseira;1;;;1;;;;;;;1;2;;;
28/05/2013;19:33:00;4208;sem vítima;91;BR-040/RJ;Norte;Choque - Objeto Fixo;1;;;;;;;;;;1;;;;
28/05/2013;20:16:00;4214;com vítima;83;BR-040/RJ;Norte;Choque - Objeto Fixo;1;;;;;;;;;;0;1;;;
28/05/2013;20:27:00;4216;sem vítima;23;BR-040/RJ;Norte;Choque - Objeto Fixo;1;;;;;;;;;;1;;;;
28/05/2013;21:32:00;4223;sem vítima;799;BR-040/MG;Norte;Choque - Objeto Fixo;1;;;;;;;;;;1;;;;
28/05/2013;23:00:00;4231;sem vítima;1;BR-040/RJ;Norte;Choque - Objeto Fixo;1;;;;;;;;;;1;;;;
28/05/2013;23:52:00;4235;sem vítima;34;BR-040/RJ;Norte;Choque - Objeto Fixo;1;;;;;;;;;;1;;;;
29/05/2013;03:25:00;4249;com vítima;88;BR-040/RJ;Sul;Choque - Objeto Fixo;1;;;;;;;;;;0;4;;;
29/05/2013;06:47:00;4264;sem vítima;74;BR-040/RJ;Sul;Choque - Objeto Fixo;1;;;;;;;;;;1;;;;
29/05/2013;08:32:00;4278;com vítima;21;BR-040/RJ;Norte;Tombamento;;;1;;;;;;;;1;2;;;
29/05/2013;08:38:00;4279;sem vítima;124;BR-040/RJ;Sul;Colisão Lateral;1;;;;;1;;;;;2;;;;
29/05/2013;16:16:00;4343;com vítima;74;BR-040/RJ;Norte;Colisão Traseira;;;2;;;;;;;;1;1;;;
29/05/2013;16:24:00;4344;sem vítima;41;BR-040/RJ;Norte;Choque - Objeto Fixo;1;;;;;;;;;;1;;;;
29/05/2013;16:47:00;4346;com vítima;64;BR-040/RJ;Sul;Queda de Moto;;;;1;;1;;;;;1;;1;;
29/05/2013;18:26:00;4364;sem vítima;119;BR-040/RJ;Sul;Colisão Lateral;1;;;;;1;;;;;2;;;;
29/05/2013;19:25:00;4373;sem vítima;115;BR-040/RJ;Norte;Colisão Traseira;1;;;;;1;;;;;2;;;;
29/05/2013;19:38:00;4378;sem vítima;78;BR-040/RJ;Sul;Colisão Traseira;1;;1;;;;;;;;2;;;;
29/05/2013;20:32:00;4381;com vítima;62;BR-040/RJ;Sul;Choque - Objeto Fixo;1;;;;;;;;;;0;1;;;
29/05/2013;23:30:00;4394;sem vítima;119;BR-040/RJ;Norte;Choque - Objeto Fixo;1;;;;;;;;;;1;;;;
30/05/2013;03:48:00;4403;sem vítima;104;BR-040/RJ;Norte;Colisão Traseira;2;;;;;;;;;;2;;;;
30/05/2013;07:27:00;4423;sem vítima;82;BR-040/RJ;Norte;Colisão Lateral;1;;1;;;;;;;;2;;;;
30/05/2013;07:27:00;4424;sem vítima;78;BR-040/RJ;Sul;Choque - Objeto Fixo;1;;;;;;;;;;1;;;;
30/05/2013;13:02:00;4479;com vítima;799;BR-040/MG;Sul;Queda de Moto;;;;1;;;;;;;0;1;;;
30/05/2013;18:30:00;4531;sem vítima;55;BR-040/RJ;Sul;Queda de Moto;;;;1;;;;;;;1;;;;
30/05/2013;19:04:00;4536;com vítima;122;BR-040/RJ;Norte;Atropelamento - Pedestre;;;;;;1;;;;;1;;1;;
30/05/2013;22:35:00;4550;sem vítima;87;BR-040/RJ;Norte;Choque - Objeto Fixo;1;;;;;;;;;;1;;;;
30/05/2013;22:52:00;4552;sem vítima;774;BR-040/MG;Sul;Choque - Objeto Fixo;1;;;;;;;;;;1;;;;
31/05/2013;02:19:00;4566;com vítima;112;BR-040/RJ;Sul;Choque - Objeto Fixo;1;;;;;;;;;;0;1;;;
31/05/2013;05:47:00;4572;com vítima;70;BR-040/RJ;Sul;Colisão Transversal;1;;1;;;;;;;;1;1;;;
31/05/2013;07:16:00;4578;com vítima;94;BR-040/RJ;Sul;Capotamento;1;;;;;;;;;;3;1;;;
31/05/2013;07:56:00;4582;sem vítima;92;BR-040/RJ;Sul;Choque - Objeto Fixo;1;;;;;;;;;;1;;;;
31/05/2013;08:37:00;4589;com vítima;94;BR-040/RJ;Sul;Capotamento;2;;;;;;;;;;1;1;;;
31/05/2013;09:20:00;4596;sem vítima;91;BR-040/RJ;Sul;Choque - Objeto Fixo;1;;;;;;;;;;1;;;;
31/05/2013;10:45:00;4607;sem vítima;122;BR-040/RJ;Sul;Colisão Traseira;1;;1;;;;;;;;2;;;;
31/05/2013;14:45:00;4622;sem vítima;87;BR-040/RJ;Sul;Colisão Lateral;1;;;;;;;;;;1;;;;
31/05/2013;15:13:00;4626;sem vítima;96;BR-040/RJ;Sul;Choque - Objeto Fixo;1;;;;;;;;;;1;;;;
31/05/2013;15:50:00;4628;sem vítima;123;BR-040/RJ;Norte;Choque - Objeto Fixo;1;;;;;;;;;;1;;;;
31/05/2013;15:52:00;4629;sem vítima;110;BR-040/RJ;Norte;Choque - Objeto Fixo;1;;;;;1;;;;;2;;;;
31/05/2013;17:47:00;4640;com vítima;105;BR-040/RJ;Norte;Engavetamento;3;;;;;;;;;;2;1;;;
31/05/2013;17:53:00;4643;sem vítima;110;BR-040/RJ;Norte;Colisão Traseira;1;;1;;;;;;;;2;;;;
31/05/2013;18:38:00;4649;sem vítima;83;BR-040/RJ;Sul;Choque - Objeto Fixo;1;;;;;;;;;;1;;;;
31/05/2013;18:38:00;4650;sem vítima;83;BR-040/RJ;Sul;Choque - Objeto Fixo;1;;;;;;;;;;1;;;;
31/05/2013;19:35:00;4656;sem vítima;93;BR-040/RJ;Sul;Choque - Objeto Fixo;1;;;;;;;;;;1;;;;
31/05/2013;20:01:00;4661;com vítima;84;BR-040/RJ;Sul;Choque - Objeto Fixo;1;;;;;;;;;;1;1;;;
31/05/2013;20:53:00;4667;sem vítima;75;BR-040/RJ;Norte;Choque - Objeto Fixo;1;;;;;;;;;;1;;;;
31/05/2013;21:48:00;4676;sem vítima;121;BR-040/RJ;Norte;Engavetamento;1;;;;;2;;;;;3;;;;
01/06/2013;08:12:00;35;sem vítima;109;BR-040/RJ;Norte;Colisão Traseira;2;;;;;;;;;;2;;;;
01/06/2013;10:21:00;52;com vítima;105;BR-040/RJ;Norte;Colisão Lateral;1;;;1;;;;;;;1;;1;;
01/06/2013;10:34:00;54;sem vítima;87;BR-040/RJ;Norte;Colisão Traseira;1;;;1;;;;;;;2;;;;
01/06/2013;12:22:00;64;com vítima;89;BR-040/RJ;Norte;Colisão Lateral;2;;;;;;;;;;1;1;;;
01/06/2013;15:19:00;88;com vítima;55;BR-040/RJ;Norte;Colisão Lateral;1;;;1;;;;;;;1;2;;;
01/06/2013;16:30:00;103;sem vítima;117;BR-040/RJ;Norte;Colisão Traseira;2;;;;;;;;;;2;;;;
01/06/2013;17:31:00;111;sem vítima;108;BR-040/RJ;Norte;Colisão Traseira;1;;;;;1;;;;;2;;;;
01/06/2013;20:00:00;133;com vítima;98;BR-040/RJ;Norte;Queda de Moto;;;;1;;;;;;;0;2;;;
01/06/2013;21:14:00;140;sem vítima;96;BR-040/RJ;Sul;Queda de Moto;;;;1;;;;;;;1;;;;
02/06/2013;00:46:00;152;sem vítima;109;BR-040/RJ;Sul;Choque - Objeto Fixo;1;;;;;;;;;;1;;;;
02/06/2013;09:56:00;197;com vítima;99;BR-040/RJ;Norte;Queda de Moto;;;;1;;;;;;;0;1;;;
02/06/2013;10:08:00;202;com vítima;80;BR-040/RJ;Sul;Queda de Moto;;;;1;;;;;;;0;1;;;
02/06/2013;14:40:00;232;sem vítima;124;BR-040/RJ;Sul;Engavetamento;3;;;;;;;;;;3;;;;
02/06/2013;15:15:00;238;sem vítima;787;BR-040/MG;Norte;Choque - Objeto Fixo;2;;;;;;;;;;4;;;;
02/06/2013;15:19:00;240;sem vítima;122;BR-040/RJ;Sul;Engavetamento;3;;;;;;;;;;3;;;;
02/06/2013;16:44:00;255;sem vítima;109;BR-040/RJ;Sul;Colisão Traseira;2;;;;;;;;;;2;;;;
02/06/2013;17:08:00;260;sem vítima;95;BR-040/RJ;Sul;Choque - Objeto Fixo;1;;;;;;;;;;1;;;;
02/06/2013;17:33:00;266;sem vítima;85;BR-040/RJ;Norte;Choque - Objeto Fixo;1;;;;;;;;;;1;;;;
02/06/2013;18:17:00;281;com vítima;66;BR-040/RJ;Sul;Atropelamento - Pedestre;;;;;;1;;;;;1;;;;1
02/06/2013;22:41:00;318;sem vítima;119;BR-040/RJ;Sul;Colisão Traseira;2;;;;;;;;;;2;;;;
03/06/2013;01:42:00;327;sem vítima;122;BR-040/RJ;Sul;Capotamento;1;;;;;;;;;;1;;;;
03/06/2013;07:40:00;353;com vítima;72;BR-040/RJ;Sul;Choque - Objeto Fixo;1;;;;;;;;;;0;1;1;;
03/06/2013;08:06:00;357;com vítima;74;BR-040/RJ;Sul;Choque - Objeto Fixo;1;;;;;;;;;;0;;1;;
03/06/2013;08:10:00;358;sem vítima;51;BR-040/RJ;Norte;Choque - Objeto Fixo;1;;;;;;;;;;1;;;;
03/06/2013;08:18:00;359;sem vítima;83;BR-040/RJ;Norte;Choque - Objeto Fixo;1;;;;;;;;;;1;;;;
03/06/2013;08:36:00;365;com vítima;53;BR-040/RJ;Norte;Choque - Objeto Fixo;1;;;;;;;;;;0;2;;;
03/06/2013;10:33:00;378;sem vítima;119;BR-040/RJ;Norte;Choque - Objeto Fixo;1;;;;;;;;;;1;;;;
03/06/2013;10:45:00;380;com vítima;57;BR-040/RJ;Sul;Choque - Objeto Fixo;1;;;;;;;;;;0;1;;;
03/06/2013;10:55:00;381;sem vítima;84;BR-040/RJ;Norte;Choque - Objeto Fixo;1;;;;;;;;;;1;;;;
03/06/2013;11:19:00;383;sem vítima;68;BR-040/RJ;Norte;Choque - Objeto Fixo;1;;;;;;;;;;1;;;;
03/06/2013;11:28:00;387;sem vítima;778;BR-040/MG;Norte;Choque - Objeto Fixo;1;;;;;;;;;;1;;;;
03/06/2013;12:01:00;390;sem vítima;92;BR-040/RJ;Sul;Choque - Objeto Fixo;1;;;;;;;;;;1;;;;
03/06/2013;12:53:00;398;com vítima;43;BR-040/RJ;Sul;Capotamento;1;;;;;;;;;;1;2;;;
03/06/2013;13:37:00;401;sem vítima;802;BR-040/MG;Sul;Choque - Objeto Fixo;1;;;;;;;;;;1;;;;
03/06/2013;13:44:00;405;sem vítima;102;BR-040/RJ;Sul;Choque - Objeto Fixo;1;;;;;;;;;;1;;;;
03/06/2013;14:19:00;409;sem vítima;801;BR-040/MG;Sul;Capotamento;1;;;;;;;;;;1;;;;
03/06/2013;14:20:00;410;sem vítima;31;BR-040/RJ;Norte;Choque - Objeto Fixo;1;;;;;;;;;;1;;;;
03/06/2013;15:04:00;418;sem vítima;31;BR-040/RJ;Sul;Choque - Objeto Fixo;1;;;;;;;;;;1;;;;
03/06/2013;16:02:00;429;com vítima;90;BR-040/RJ;Norte;Choque - Objeto Fixo;1;;;;;;;;;;0;2;;;
03/06/2013;16:16:00;433;sem vítima;77;BR-040/RJ;Sul;Capotamento;1;;;;;;;;;;1;;;;
03/06/2013;16:41:00;437;sem vítima;113;BR-040/RJ;Sul;Choque - Objeto Fixo;1;;;;;;;;;;1;;;;
03/06/2013;16:46:00;438;com vítima;787;BR-040/MG;Norte;Capotamento;1;;;;;;;;;;0;1;;;
03/06/2013;16:47:00;439;com vítima;34;BR-040/RJ;Norte;Choque - Objeto Fixo;1;;;;;;;;;;0;1;;;
03/06/2013;18:01:00;451;sem vítima;24;BR-040/RJ;Norte;Choque - Objeto Fixo;1;;;;;;;;;;1;;;;
03/06/2013;18:15:00;455;sem vítima;101;BR-040/RJ;Sul;Engavetamento;3;;;;;;;;;;3;;;;
03/06/2013;19:32:00;474;sem vítima;34;BR-040/RJ;Norte;Choque - Objeto Fixo;1;;;;;;;;;;1;;;;
03/06/2013;20:00:00;477;sem vítima;82;BR-040/RJ;Sul;Choque - Objeto Fixo;1;;;;;;;;;;1;;;;
03/06/2013;20:20:00;478;sem vítima;84;BR-040/RJ;Sul;Choque - Objeto Fixo;2;;;;;;;;;;2;;;;
03/06/2013;21:38:00;486;sem vítima;76;BR-040/RJ;Sul;Choque - Objeto Fixo;1;;;;;;;;;;1;;;;
03/06/2013;22:11:00;489;com vítima;92;BR-040/RJ;Sul;Tombamento;;;1;;;;;;;;0;1;;;
04/06/2013;04:01:00;506;sem vítima;102;BR-040/RJ;Sul;Atropelamento - Animal;;;;;1;;;;;;1;;;;
04/06/2013;06:34:00;514;sem vítima;89;BR-040/RJ;Sul;Choque - Objeto Fixo;;;1;;;;;;;;1;;;;
04/06/2013;07:27:00;520;sem vítima;90;BR-040/RJ;Sul;Capotamento;1;;;;;;;;;;1;;;;
04/06/2013;08:00:00;524;sem vítima;92;BR-040/RJ;Sul;Choque - Objeto Fixo;1;;;;;;;;;;1;;;;
04/06/2013;14:36:00;574;sem vítima;115;BR-040/RJ;Sul;Colisão Traseira;;;1;;;;;;;;1;;;;
04/06/2013;17:23:00;593;com vítima;112;BR-040/RJ;Sul;Colisão Traseira;2;;;;;;;;;;1;1;;;
05/06/2013;04:55:00;647;sem vítima;17;BR-040/RJ;Norte;Choque - Objeto Fixo;1;;;;;;;;;;1;;;;
05/06/2013;07:05:00;662;com vítima;109;BR-040/RJ;Sul;Queda de Moto;;;;1;;;;;;;0;1;;;
05/06/2013;12:16:00;708;sem vítima;94;BR-040/RJ;Norte;Colisão Lateral;1;;1;;;;;;;;2;;;;
05/06/2013;14:52:00;731;sem vítima;113;BR-040/RJ;Sul;Colisão Lateral;1;;;;1;1;;;;;3;;;;
05/06/2013;15:58:00;750;com vítima;828;BR-040/MG;Sul;Tombamento;;;1;;;;;;;;0;1;;;
05/06/2013;16:00:00;751;sem vítima;115;BR-040/RJ;Sul;Colisão Traseira;1;;;;1;;;;;;2;;;;
05/06/2013;18:22:00;775;sem vítima;123;BR-040/RJ;Norte;Colisão Traseira;1;;1;;;;;;;;2;;;;
05/06/2013;18:36:00;778;com vítima;110;BR-040/RJ;Norte;Colisão Lateral;1;;;1;;;;;;;1;;1;;
05/06/2013;19:36:00;789;sem vítima;120;BR-040/RJ;Norte;Colisão Traseira;2;;;;;;;;;;2;;;;
05/06/2013;19:59:00;795;sem vítima;17;BR-040/RJ;Sul;Colisão Traseira;1;;1;;;;;;;;2;;;;
06/06/2013;05:58:00;834;com vítima;78;BR-040/RJ;Sul;Choque - Objeto Fixo;1;;;;;;;;;;0;1;;;
06/06/2013;06:30:00;837;sem vítima;123;BR-040/RJ;Sul;Colisão Lateral;1;;;;1;;;;;;2;;;;
06/06/2013;07:26:00;839;com vítima;780;BR-040/MG;Norte;Choque - Objeto Fixo;1;;;;;;;;;;0;1;;;
06/06/2013;08:41:00;854;sem vítima;113;BR-040/RJ;Sul;Colisão Traseira;1;;;;;;;;;;1;;;;
06/06/2013;09:08:00;857;sem vítima;113;BR-040/RJ;Sul;Colisão Lateral;1;;1;;;;;;;;2;;;;
06/06/2013;10:58:00;873;sem vítima;78;BR-040/RJ;Sul;Choque - Objeto Fixo;1;;;;;;;;;;1;;;;
06/06/2013;14:27:00;909;sem vítima;116;BR-040/RJ;Norte;Engavetamento;2;;;;;1;;;;;3;;;;
06/06/2013;15:22:00;919;com vítima;105;BR-040/RJ;Norte;Engavetamento;1;;2;;;;;;;;2;1;;;
06/06/2013;17:26:00;931;sem vítima;121;BR-040/RJ;Sul;Colisão Lateral;1;;1;;;;;;;;2;;;;
06/06/2013;17:59:00;937;com vítima;106;BR-040/RJ;Norte;Colisão Lateral;1;1;;;;;;;;;1;1;;;
06/06/2013;18:09:00;941;sem vítima;120;BR-040/RJ;Norte;Colisão Traseira;1;;;;;1;;;;;2;;;;
06/06/2013;18:31:00;944;sem vítima;123;BR-040/RJ;Sul;Colisão Lateral;1;;1;;;;;;;;2;;;;
06/06/2013;18:53:00;949;sem vítima;45;BR-040/RJ;Sul;Colisão Traseira;;;1;;;1;;;;;2;;;;
07/06/2013;02:01:00;993;com vítima;91;BR-040/RJ;Sul;Choque - Objeto Fixo;;;1;;;;;;;;0;;;;2
07/06/2013;02:46:00;997;com vítima;820;BR-040/MG;Sul;Capotamento;1;;;;;;;;;;0;1;;;
07/06/2013;02:56:00;998;sem vítima;78;BR-040/RJ;Sul;Choque - Objeto Fixo;1;;;;;;;;;;1;;;;
07/06/2013;03:35:00;1000;sem vítima;86;BR-040/RJ;Norte;Choque - Objeto Fixo;1;;;;;;;;;;1;;;;
07/06/2013;07:41:00;1025;sem vítima;122;BR-040/RJ;Sul;Colisão Lateral;1;;1;;;;;;;;2;;;;
07/06/2013;08:09:00;1028;sem vítima;119;BR-040/RJ;Sul;Engavetamento;2;;1;;;;;;;;3;;;;
07/06/2013;08:45:00;1033;com vítima;77;BR-040/RJ;Sul;Capotamento;1;;;;;;;;;;0;;1;;
07/06/2013;09:48:00;1041;com vítima;115;BR-040/RJ;Sul;Queda de Moto;;;;1;;;;;;;0;2;;;
07/06/2013;10:31:00;1049;sem vítima;122;BR-040/RJ;Sul;Colisão Lateral;1;;1;;;;;;;;2;;;;
07/06/2013;10:49:00;1051;sem vítima;113;BR-040/RJ;Sul;Colisão Lateral;1;;1;;;;;;;;2;;;;
07/06/2013;12:00:00;1058;sem vítima;783;BR-040/MG;Sul;Choque - Objeto Fixo;1;;;;;;;;;;1;;;;
07/06/2013;13:29:00;1071;com vítima;122;BR-040/RJ;Norte;Colisão Lateral;1;;;1;;;;;;;1;1;;;
07/06/2013;14:24:00;1077;sem vítima;124;BR-040/RJ;Norte;Colisão Traseira;1;;;;;;;;;;1;;;;
07/06/2013;17:52:00;1122;sem vítima;90;BR-040/RJ;Sul;Colisão Lateral;1;;;;;1;;;;;2;;;;
07/06/2013;19:27:00;1139;sem vítima;120;BR-040/RJ;Sul;Colisão Lateral;1;;;;1;;;;;;2;;;;
07/06/2013;23:17:00;1175;sem vítima;110;BR-040/RJ;Norte;Choque - Objeto Fixo;1;;;;;;;;;;1;;;;
08/06/2013;00:39:00;1184;sem vítima;109;BR-040/RJ;Norte;Choque - Objeto Fixo;1;;;;;;;;;;1;;;;
08/06/2013;03:01:00;1191;com vítima;30;BR-040/RJ;Sul;Capotamento;1;;;;;;;;;;0;2;;;
08/06/2013;05:44:00;1198;sem vítima;114;BR-040/RJ;Sul;Choque - Objeto Fixo;1;;;;;;;;;;1;;;;
08/06/2013;07:05:00;1204;sem vítima;121;BR-040/RJ;Norte;Choque - Objeto Fixo;;;1;;;;;;;;1;;;;
08/06/2013;07:27:00;1206;sem vítima;90;BR-040/RJ;Sul;Colisão Traseira;1;;1;;;;;;;;2;;;;
08/06/2013;08:26:00;1214;sem vítima;793;BR-040/MG;Sul;Choque - Objeto Fixo;1;;;;;;;;;;1;;;;
08/06/2013;08:42:00;1218;com vítima;116;BR-040/RJ;Norte;Colisão Traseira;1;;;;;;1;;;;0;2;;;
08/06/2013;10:59:00;1232;sem vítima;33;BR-040/RJ;Sul;Choque - Objeto Fixo;1;;;;;;;;;;1;;;;
08/06/2013;12:56:00;1246;sem vítima;813;BR-040/MG;Sul;Choque - Objeto Fixo;1;;;;;;;;;;1;;;;
08/06/2013;14:36:00;1262;com vítima;94;BR-040/RJ;Norte;Queda de Moto;;;;1;;;;;;;0;1;;;
08/06/2013;14:46:00;1265;sem vítima;92;BR-040/RJ;Norte;Choque - Objeto Fixo;1;;;;;;;;;;1;;;;
08/06/2013;14:57:00;1268;sem vítima;89;BR-040/RJ;Norte;Queda de Moto;;;;1;;;;;;;1;;;;
08/06/2013;15:00:00;1269;com vítima;70;BR-040/RJ;Norte;Capotamento;1;;;;;1;;;;;1;;;;2
08/06/2013;17:33:00;1296;sem vítima;59;BR-040/RJ;Norte;Choque - Objeto Fixo;1;;;;;;;;;;1;;;;
08/06/2013;18:56:00;1305;com vítima;38;BR-040/RJ;Norte;Choque - Objeto Fixo;1;;;;;;;;;;0;1;1;;
08/06/2013;20:33:00;1320;com vítima;114;BR-040/RJ;Norte;Choque - Objeto Fixo;1;;;;;;;;;;0;1;;;
08/06/2013;21:35:00;1323;com vítima;77;BR-040/RJ;Sul;Choque - Objeto Fixo;1;;;;;;;;;;0;;2;;
08/06/2013;23:18:00;1335;sem vítima;77;BR-040/RJ;Sul;Choque - Objeto Fixo;1;;;;;;;;;;1;;;;
09/06/2013;01:08:00;1345;com vítima;109;BR-040/RJ;Sul;Choque - Objeto Fixo;1;;;;;;;;;;0;1;;;
09/06/2013;01:20:00;1346;sem vítima;110;BR-040/RJ;Norte;Colisão Traseira;2;;;;;;;;;;2;;;;
09/06/2013;03:09:00;1351;sem vítima;122;BR-040/RJ;Sul;Colisão Traseira;2;;;;;;;;;;2;;;;
09/06/2013;04:28:00;1354;sem vítima;813;BR-040/MG;Norte;Choque - Objeto Fixo;1;;;;;;;;;;1;;;;
09/06/2013;06:03:00;1357;sem vítima;780;BR-040/MG;Norte;Choque - Objeto Fixo;1;;;;;;;;;;1;;;;
09/06/2013;06:07:00;1358;sem vítima;85;BR-040/RJ;Norte;Choque - Objeto Fixo;1;;;;;;;;;;1;;;;
09/06/2013;13:44:00;1410;com vítima;84;BR-040/RJ;Sul;Queda de Moto;;;;1;;;;;;;0;1;;;
09/06/2013;19:32:00;1463;sem vítima;54;BR-040/RJ;Norte;Colisão Lateral;1;;;;;1;;;;;2;;;;
09/06/2013;19:51:00;1467;com vítima;117;BR-040/RJ;Sul;Choque - Objeto Fixo;2;;;;;;;;;;1;1;;;
09/06/2013;19:59:00;1468;com vítima;88;BR-040/RJ;Norte;Queda de Moto;;;;1;;;;;;;0;1;;;
09/06/2013;19:50:00;1472;sem vítima;105;BR-040/RJ;Norte;Colisão Traseira;1;;;;;1;;;;;2;;;;
10/06/2013;00:18:00;1493;sem vítima;88;BR-040/RJ;Norte;Choque - Objeto Fixo;1;;;;;;;;;;1;;;;
10/06/2013;09:49:00;1545;com vítima;120;BR-040/RJ;Norte;Capotamento;1;;;;;;;;;;0;1;;;
10/06/2013;14:16:00;1573;sem vítima;105;BR-040/RJ;Norte;Colisão Traseira;2;;;;;;;;;;2;;;;
10/06/2013;15:02:00;1584;sem vítima;121;BR-040/RJ;Sul;Colisão Traseira;1;;;;;1;;;;;2;;;;
10/06/2013;16:13:00;1598;sem vítima;124;BR-040/RJ;Sul;Colisão Lateral;1;;1;;;;;;;;2;;;;