data;horario;n_da_ocorrencia;tipo_de_ocorrencia;km;trecho;sentido;tipo_de_acidente;automovel;bicicleta;caminhao;moto;onibus;outros;tracao_animal;transporte_de_cargas_especiais;trator_maquinas;utilitarios;ilesos;levemente_feridos;moderadamente_feridos;gravemente_feridos;mortos
11/06/2013;12:54:00;1749;com vítima;49;BR-040/RJ;Norte;Atropelamento - Pedestre;1;;;;;;;;;;0;2;1;;
11/06/2013;14:49:00;1765;sem vítima;120;BR-040/RJ;Norte;Colisão Lateral;1;;1;;;;;;;;2;;;;
11/06/2013;17:11:00;1794;sem vítima;111;BR-040/RJ;Norte;Colisão Traseira;1;;;1;;;;;;;2;;;;
11/06/2013;17:48:00;1803;com vítima;110;BR-040/RJ;Sul;Colisão Lateral;;1;;;1;;;;;;1;1;;;
11/06/2013;17:56:00;1805;sem vítima;111;BR-040/RJ;Norte;Engavetamento;2;;1;;;;;;;;3;;;;
11/06/2013;18:55:00;1817;sem vítima;118;BR-040/RJ;Sul;Colisão Lateral;1;;1;;;;;;;;2;;;;
12/06/2013;10:22:00;1907;sem vítima;113;BR-040/RJ;Sul;Colisão Lateral;1;;1;;;;;;;;2;;;;
12/06/2013;14:41:00;1951;sem vítima;114;BR-040/RJ;Sul;Colisão Lateral;1;;1;;;;;;;;2;;;;
12/06/2013;15:32:00;1960;sem vítima;113;BR-040/RJ;Sul;Colisão Lateral;1;;1;;;;;;;;2;;;;
12/06/2013;17:38:00;1975;sem vítima;90;BR-040/RJ;Norte;Colisão Lateral;;;2;;;;;;;;2;;;;
12/06/2013;19:16:00;1996;sem vítima;118;BR-040/RJ;Norte;Choque - Objeto Fixo;1;;;;;;;;;;1;;;;
12/06/2013;19:48:00;2005;com vítima;120;BR-040/RJ;Sul;Capotamento;1;;;;;;;;;;0;;1;;
12/06/2013;20:01:00;2008;sem vítima;109;BR-040/RJ;Norte;Colisão Lateral;;;1;1;;;;;;;2;;;;
12/06/2013;20:07:00;2009;sem vítima;89;BR-040/RJ;Sul;Choque - Objeto Fixo;1;;;;;;;;;;1;;;;
12/06/2013;21:43:00;2021;com vítima;116;BR-040/RJ;Sul;Queda de Moto;;;;1;;;;;;;0;1;1;;
12/06/2013;21:58:00;2022;sem vítima;85;BR-040/RJ;Norte;Choque - Objeto Fixo;1;;;;;;;;;;1;;;;
12/06/2013;22:00:00;2023;com vítima;810;BR-040/MG;Sul;Queda de Moto;;;;1;;;;;;;0;1;;;
12/06/2013;22:49:00;2028;com vítima;113;BR-040/RJ;Norte;Colisão Traseira;2;;;;;1;;;;;2;;1;;
13/06/2013;05:23:00;2048;sem vítima;114;BR-040/RJ;Sul;Colisão Lateral;1;;1;;;;;;;;2;;;;
13/06/2013;06:07:00;2052;com vítima;109;BR-040/RJ;Sul;Tombamento;;;1;;;;;;;;0;1;;;
13/06/2013;06:48:00;2054;sem vítima;73;BR-040/RJ;Sul;Choque - Objeto Fixo;1;;;;;;;;;;1;;;;
13/06/2013;07:09:00;2058;sem vítima;123;BR-040/RJ;Sul;Colisão Lateral;1;;1;;;;;;;;2;;;;
13/06/2013;07:39:00;2059;sem vítima;109;BR-040/RJ;Norte;Colisão Traseira;2;;;;;;;;;;2;;;;
13/06/2013;09:11:00;2072;sem vítima;84;BR-040/RJ;Norte;Choque - Objeto Fixo;;;1;;;;;;;;1;;;;
13/06/2013;13:43:00;2108;com vítima;784;BR-040/MG;Sul;Tombamento;;;1;;;;;;;;0;1;;;
13/06/2013;15:00:00;2119;sem vítima;101;BR-040/RJ;Norte;Colisão Traseira;1;;1;;;;;;;;2;;;;
13/06/2013;16:35:00;2138;sem vítima;118;BR-040/RJ;Sul;Colisão Lateral;1;;;;;1;;;;;2;;;;
13/06/2013;16:44:00;2139;com vítima;121;BR-040/RJ;Sul;Colisão Lateral;2;;;;;;;;;;2;3;;;
13/06/2013;16:59:00;2144;com vítima;801;BR-040/MG;Norte;Capotamento;1;;;;;;;;;;0;2;;;
13/06/2013;22:56:00;2181;sem vítima;123;BR-040/RJ;Sul;Atropelamento - Pedestre;;;;;;1;;;;;2;;;;
13/06/2013;23:11:00;2186;sem vítima;787;BR-040/MG;Norte;Choque - Objeto Fixo;;;1;;;;;;;;1;;;;
14/06/2013;02:10:00;2196;com vítima;119;BR-040/RJ;Norte;Colisão Lateral;1;;1;;;;;;;;0;2;;;
14/06/2013;05:43:00;2207;sem vítima;113;BR-040/RJ;Sul;Colisão Traseira;2;;;;;;;;;;2;;;;
14/06/2013;06:22:00;2210;sem vítima;123;BR-040/RJ;Sul;Colisão Lateral;1;;1;;;;;;;;2;;;;
14/06/2013;07:04:00;2212;sem vítima;94;BR-040/RJ;Norte;Colisão Traseira;2;;;;;;;;;;2;;;;
14/06/2013;07:45:00;2214;com vítima;106;BR-040/RJ;Sul;Atropelamento - Pedestre;;;;;;1;;;;;1;1;;;
14/06/2013;10:18:00;2242;sem vítima;45;BR-040/RJ;Norte;Colisão Lateral;2;;;;;;;;;;2;;;;
14/06/2013;14:53:00;2282;com vítima;96;BR-040/RJ;Sul;Tombamento;;;1;;;;;;;;0;1;;;
14/06/2013;15:12:00;2285;sem vítima;86;BR-040/RJ;Norte;Colisão Lateral;1;;1;;;;;;;;2;;;;
14/06/2013;16:45:00;2307;com vítima;120;BR-040/RJ;Norte;Colisão Traseira;;;;;2;;;;;;0;9;;;
14/06/2013;17:01:00;2311;sem vítima;803;BR-040/MG;Sul;Colisão Transversal;2;;;;;;;;;;2;;;;
14/06/2013;17:33:00;2316;sem vítima;816;BR-040/MG;Norte;Colisão Lateral;1;;1;;;;;;;;2;;;;
14/06/2013;18:37:00;2327;sem vítima;111;BR-040/RJ;Norte;Engavetamento;3;;;;;;;;;;3;;;;
15/06/2013;06:56:00;2387;com vítima;819;BR-040/MG;Sul;Choque - Objeto Fixo;1;;;;;;;;;;0;2;1;;
15/06/2013;13:21:00;2435;sem vítima;93;BR-040/RJ;Sul;Choque - Objeto Fixo;1;;;;;;;;;;1;;;;
15/06/2013;12:11:00;2438;sem vítima;94;BR-040/RJ;Sul;Choque - Objeto Fixo;1;;;;;;;;;;1;;;;
15/06/2013;15:52:00;2453;sem vítima;62;BR-040/RJ;Sul;Choque - Objeto Fixo;1;;;;;;;;;;1;;;;
15/06/2013;15:52:00;2454;sem vítima;93;BR-040/RJ;Sul;Choque - Objeto Fixo;1;;;;;;;;;;1;;;;
15/06/2013;16:20:00;2460;sem vítima;90;BR-040/RJ;Sul;Choque - Objeto Fixo;1;;;;;;;;;;1;;;;
15/06/2013;17:34:00;2469;sem vítima;85;BR-040/RJ;Sul;Choque - Objeto Fixo;1;;;;;;;;;;1;;;;
15/06/2013;18:43:00;2476;sem vítima;113;BR-040/RJ;Sul;Choque - Objeto Fixo;1;;;;;;;;;;1;;;;
15/06/2013;19:53:00;2478;sem vítima;124;BR-040/RJ;Sul;Capotamento;1;;;;;;;;;;6;;;;
15/06/2013;20:49:00;2487;sem vítima;110;BR-040/RJ;Sul;Colisão Lateral;;;1;;1;;;;;;2;;;;
16/06/2013;04:02:00;2519;sem vítima;120;BR-040/RJ;Norte;Choque - Objeto Fixo;1;;;;;;;;;;1;;;;
16/06/2013;05:30:00;2523;sem vítima;84;BR-040/RJ;Norte;Choque - Objeto Fixo;1;;;;;;;;;;1;;;;
16/06/2013;09:50:00;2546;com vítima;91;BR-040/RJ;Norte;Queda de Moto;;;;1;;;;;;;0;1;;;
16/06/2013;10:16:00;2547;sem vítima;120;BR-040/RJ;Sul;Colisão Traseira;1;;1;;;;;;;;2;;;;
16/06/2013;10:37:00;2550;com vítima;53;BR-040/RJ;Norte;Queda de Moto;;;;1;;;;;;;0;;;;1
16/06/2013;16:22:00;2586;com vítima;114;BR-040/RJ;Sul;Colisão Traseira;2;;;;;;;;;;0;2;;;
17/06/2013;07:39:00;2677;com vítima;797;BR-040/MG;Norte;Choque - Objeto Fixo;1;;;;;;;;;;0;1;;;
17/06/2013;09:24:00;2698;sem vítima;125;BR-040/RJ;Norte;Choque - Objeto Fixo;1;;;;;;;;;;1;;;;
17/06/2013;10:58:00;2717;sem vítima;13;BR-040/RJ;Sul;Choque - Objeto Fixo;1;;;;;;;;;;1;;;;
17/06/2013;13:15:00;2731;com vítima;73;BR-040/RJ;Sul;Choque - Objeto Fixo;1;;;;;;;;;;0;1;;1;
17/06/2013;14:31:00;2738;sem vítima;83;BR-040/RJ;Norte;Choque - Objeto Fixo;1;;;;;;;;;;1;;;;
17/06/2013;23:33:00;2819;sem vítima;119;BR-040/RJ;Sul;Colisão Traseira;2;;;;;;;;;;2;;;;
18/06/2013;05:29:00;2839;com vítima;117;BR-040/RJ;Sul;Engavetamento;4;;;1;;;;;;;3;1;1;;
18/06/2013;06:20:00;2841;sem vítima;82;BR-040/RJ;Sul;Choque - Objeto Fixo;1;;;;;;;;;;1;;;;
18/06/2013;08:48:00;2859;com vítima;74;BR-040/RJ;Norte;Capotamento;1;;;;;;;;;;0;1;;;
18/06/2013;09:11:00;2866;sem vítima;821;BR-040/MG;Norte;Colisão Traseira;1;;1;;;;;;;;2;;;;
18/06/2013;09:15:00;2868;sem vítima;123;BR-040/RJ;Sul;Colisão Lateral;1;;1;;;;;;;;2;;;;
18/06/2013;13:41:00;2911;com vítima;95;BR-040/RJ;Norte;Queda de Moto;;;;1;;;;;;;0;1;;;
18/06/2013;14:52:00;2927;sem vítima;87;BR-040/RJ;Norte;Colisão Lateral;;;2;;;;;;;;2;;;;
19/06/2013;04:04:00;3015;sem vítima;89;BR-040/RJ;Sul;Colisão Lateral;;;1;;;1;;;;;2;;;;
19/06/2013;06:11:00;3019;com vítima;112;BR-040/RJ;Norte;Choque - Objeto Fixo;1;;;;;;;;;;0;;1;;
19/06/2013;07:21:00;3027;sem vítima;79;BR-040/RJ;Norte;Colisão Lateral;1;;1;;;;;;;;2;;;;
19/06/2013;08:51:00;3037;com vítima;122;BR-040/RJ;Sul;Colisão Lateral;1;;;1;;;;;;;1;1;;;
19/06/2013;10:36:00;3053;com vítima;108;BR-040/RJ;Norte;Colisão Traseira;;;2;;;;;;;;1;1;;;
19/06/2013;10:48:00;3056;com vítima;116;BR-040/RJ;Sul;Choque - Objeto Fixo;2;;;;;;;;;;1;;1;;
19/06/2013;12:34:00;3068;com vítima;113;BR-040/RJ;Norte;Queda de Moto;1;;;1;;;;;;;1;2;;;
19/06/2013;13:14:00;3076;com vítima;72;BR-040/RJ;Sul;Queda de Moto;;;;1;;;;;;;0;1;;;
19/06/2013;15:49:00;3102;sem vítima;109;BR-040/RJ;Norte;Engavetamento;2;;1;;;;;;;;3;;;;
20/06/2013;03:46:00;3189;sem vítima;123;BR-040/RJ;Sul;Colisão Lateral;1;;1;;;;;;;;2;;;;
20/06/2013;10:36:00;3250;com vítima;78;BR-040/RJ;Sul;Choque - Objeto Fixo;1;;;;;;;;;;0;1;;;
20/06/2013;22:09:00;3362;com vítima;74;BR-040/RJ;Sul;Choque - Objeto Fixo;1;;;;;;;;;;0;1;;;
21/06/2013;02:54:00;3382;com vítima;78;BR-040/RJ;Sul;Capotamento;1;;;;;;;;;;0;3;;;
21/06/2013;07:04:00;3404;sem vítima;775;BR-040/MG;Sul;Choque - Objeto Fixo;1;;;;;;;;;;1;;;;
21/06/2013;11:06:00;3454;sem vítima;115;BR-040/RJ;Sul;Colisão Traseira;2;;;;;;;;;;2;;;;
21/06/2013;12:03:00;3464;sem vítima;110;BR-040/RJ;Norte;Choque - Objeto Fixo;;;1;;;1;;;;;2;;;;
21/06/2013;12:49:00;3472;sem vítima;111;BR-040/RJ;Norte;Colisão Traseira;2;;;;;;;;;;2;;;;
21/06/2013;13:50:00;3482;com vítima;109;BR-040/RJ;Norte;Atropelamento - Pedestre;1;;1;;;;;;;;1;1;1;;
21/06/2013;15:03:00;3488;sem vítima;124;BR-040/RJ;Norte;Colisão Traseira;1;;;;;1;;;;;2;;;;
21/06/2013;17:33:00;3517;com vítima;116;BR-040/RJ;Sul;Colisão Lateral;1;;;;1;;;;;;1;1;;;
21/06/2013;22:09:00;3559;sem vítima;87;BR-040/RJ;Norte;Colisão Lateral;;;2;;;;;;;;2;;;;
21/06/2013;22:29:00;3561;sem vítima;116;BR-040/RJ;Norte;Capotamento;1;;;;;;;;;;1;;;;
21/06/2013;23:18:00;3568;sem vítima;121;BR-040/RJ;Sul;Colisão Traseira;2;;;;;;;;;;2;;;;
22/06/2013;06:58:00;3594;sem vítima;67;BR-040/RJ;Norte;Choque - Objeto Fixo;1;;;;;;;;;;1;;;;
22/06/2013;09:55:00;3612;sem vítima;108;BR-040/RJ;Norte;Colisão Traseira;2;;;;;;;;;;2;;;;
22/06/2013;13:05:00;3638;sem vítima;81;BR-040/RJ;Sul;Colisão Lateral;1;;1;;;;;;;;2;;;;
22/06/2013;13:20:00;3640;sem vítima;78;BR-040/RJ;Sul;Choque - Objeto Fixo;1;;;;;;;;;;1;;;;
22/06/2013;13:25:00;3641;com vítima;101;BR-040/RJ;Sul;Choque - Objeto Fixo;1;;;;;;;;;;0;1;;;
22/06/2013;15:41:00;3652;com vítima;78;BR-040/RJ;Sul;Choque - Objeto Fixo;1;;;;;;;;;;0;1;;;
22/06/2013;16:22:00;3660;com vítima;124;BR-040/RJ;Sul;Colisão Lateral;2;;;;;;;;;;0;4;;;
22/06/2013;17:30:00;3672;com vítima;93;BR-040/RJ;Sul;Capotamento;1;;;;;;;;;;1;;1;;
22/06/2013;17:48:00;3675;sem vítima;93;BR-040/RJ;Norte;Colisão Lateral;1;;1;;;;;;;;2;;;;
22/06/2013;18:40:00;3685;sem vítima;83;BR-040/RJ;Norte;Choque - Objeto Fixo;1;;;;;;;;;;1;;;;
22/06/2013;18:57:00;3691;sem vítima;125;BR-040/RJ;Sul;Engavetamento;2;;1;;;;;;;;3;;;;
22/06/2013;20:30:00;3700;sem vítima;123;BR-040/RJ;Sul;Engavetamento;1;;;;1;;;;;;2;;;;
22/06/2013;20:35:00;3701;sem vítima;83;BR-040/RJ;Norte;Choque - Objeto Fixo;1;;;;;;;;;;1;;;;
23/06/2013;01:51:00;3730;com vítima;125;BR-040/RJ;Norte;Capotamento;1;;;;;;;;;;0;1;;;
23/06/2013;02:32:00;3733;com vítima;116;BR-040/RJ;Norte;Choque - Objeto Fixo;1;;;;;;;;;;0;1;;;
23/06/2013;07:59:00;3751;sem vítima;84;BR-040/RJ;Norte;Choque - Objeto Fixo;1;;;;;;;;;;1;;;;
23/06/2013;08:03:00;3753;sem vítima;86;BR-040/RJ;Sul;Choque - Objeto Fixo;1;;;;;;;;;;1;;;;
23/06/2013;08:15:00;3755;sem vítima;86;BR-040/RJ;Sul;Choque - Objeto Fixo;1;;;;;;;;;;1;;;;
23/06/2013;08:31:00;3756;com vítima;105;BR-040/RJ;Norte;Colisão Lateral;1;;;1;;;;;;;0;2;;;
23/06/2013;09:23:00;3761;com vítima;92;BR-040/RJ;Sul;Choque - Objeto Fixo;1;;;;;;;;;;0;;1;;
23/06/2013;09:37:00;3763;sem vítima;72;BR-040/RJ;Norte;Choque - Objeto Fixo;1;;;;;;;;;;1;;;;
23/06/2013;09:46:00;3766;sem vítima;81;BR-040/RJ;Sul;Choque - Objeto Fixo;1;;;;;;;;;;1;;;;
23/06/2013;09:47:00;3767;sem vítima;96;BR-040/RJ;Sul;Choque - Objeto Fixo;1;;;;;;;;;;1;;;;
23/06/2013;10:08:00;3773;sem vítima;787;BR-040/MG;Sul;Choque - Objeto Fixo;1;;;;;;;;;;1;;;;
23/06/2013;10:29:00;3775;sem vítima;74;BR-040/RJ;Norte;Choque - Objeto Fixo;1;;;;;;;;;;1;;;;
23/06/2013;17:04:00;3828;sem vítima;109;BR-040/RJ;Sul;Engavetamento;3;;;;;;;;;;3;;;;
23/06/2013;17:19:00;3830;sem vítima;78;BR-040/RJ;Sul;Choque - Objeto Fixo;1;;;;;;;;;;1;;;;
23/06/2013;17:38:00;3835;sem vítima;94;BR-040/RJ;Sul;Choque - Objeto Fixo;1;;;;;;;;;;1;;;;
23/06/2013;18:32:00;3842;sem vítima;64;BR-040/RJ;Sul;Choque - Objeto Fixo;1;;;;;;;;;;1;;;;
23/06/2013;18:51:00;3843;com vítima;114;BR-040/RJ;Sul;Queda de Moto;;;;1;;;;;;;0;1;;;
23/06/2013;19:01:00;3844;com vítima;90;BR-040/RJ;Sul;Capotamento;1;;;;;;;;;;1;;1;;
23/06/2013;19:27:00;3847;sem vítima;91;BR-040/RJ;Norte;Choque - Objeto Fixo;1;;;;;;;;;;1;;;;
23/06/2013;21:10:00;3854;sem vítima;84;BR-040/RJ;Sul;Choque - Objeto Fixo;1;;;;;;;;;;1;;;;
23/06/2013;21:54:00;3859;sem vítima;34;BR-040/RJ;Norte;Choque - Objeto Fixo;1;;;;;;;;;;1;;;;
23/06/2013;22:28:00;3864;sem vítima;72;BR-040/RJ;Sul;Choque - Objeto Fixo;1;;;;;;;;;;1;;;;
23/06/2013;22:39:00;3866;sem vítima;105;BR-040/RJ;Sul;Choque - Objeto Fixo;1;;;;;;;;;;1;;;;
23/06/2013;23:05:00;3868;sem vítima;96;BR-040/RJ;Sul;Choque - Objeto Fixo;1;;;;;;;;;;1;;;;
23/06/2013;23:22:00;3869;sem vítima;86;BR-040/RJ;Norte;Choque - Objeto Fixo;1;;;;;;;;;;1;;;;
24/06/2013;02:56:00;3881;com vítima;109;BR-040/RJ;Norte;Choque - Objeto Fixo;1;;;;;;;;;;0;1;;;
24/06/2013;08:53:00;3923;sem vítima;80;BR-040/RJ;Sul;Choque - Objeto Fixo;1;;;;;;;;;;1;;;;
24/06/2013;15:45:00;3978;sem vítima;110;BR-040/RJ;Norte;Colisão Traseira;1;;1;;;;;;;;2;;;;
24/06/2013;17:45:00;3994;sem vítima;84;BR-040/RJ;Sul;Colisão Traseira;1;;;;;1;;;;;2;;;;
24/06/2013;19:25:00;4017;com vítima;99;BR-040/RJ;Norte;Tombamento;;;1;;;;;;;;0;1;;;
25/06/2013;04:46:00;4041;sem vítima;122;BR-040/RJ;Sul;Colisão Traseira;1;;;;1;;;;;;2;;;;
25/06/2013;05:55:00;4047;sem vítima;786;BR-040/MG;Norte;Choque - Objeto Fixo;1;;;;;;;;;;1;;;;
25/06/2013;06:59:00;4052;sem vítima;791;BR-040/MG;Norte;Colisão Lateral;1;;1;;;;;;;;2;;;;
25/06/2013;08:16:00;4060;sem vítima;116;BR-040/RJ;Sul;Colisão Traseira;2;;;;;;;;;;2;;;;
25/06/2013;08:42:00;4065;sem vítima;119;BR-040/RJ;Sul;Engavetamento;1;;1;1;;;;;;;3;;;;
25/06/2013;14:27:00;4142;sem vítima;101;BR-040/RJ;Norte;Colisão Traseira;2;;;;;;;;;;2;;;;
25/06/2013;16:13:00;4161;sem vítima;45;BR-040/RJ;Norte;Colisão Traseira;1;;1;;;;;;;;2;;;;
25/06/2013;17:30:00;4177;sem vítima;94;BR-040/RJ;Sul;Colisão Traseira;1;;;;;1;;;;;2;;;;
25/06/2013;18:31:00;4188;com vítima;15;BR-040/RJ;Norte;Colisão Traseira;1;;1;;;;;;;;0;1;;;1
25/06/2013;20:12:00;4201;sem vítima;787;BR-040/MG;Sul;Colisão Traseira;2;;;;;;;;;;2;;;;
25/06/2013;21:15:00;4205;sem vítima;103;BR-040/RJ;Norte;Engavetamento;2;;1;;;;;;;;3;;;;
26/06/2013;06:35:00;4249;com vítima;112;BR-040/RJ;Sul;Colisão Traseira;2;;;;;;;;;;0;2;;;
26/06/2013;16:00:00;4342;sem vítima;83;BR-040/RJ;Norte;Colisão Traseira;2;;;;;;;;;;2;;;;
26/06/2013;18:17:00;4364;com vítima;114;BR-040/RJ;Norte;Capotamento;1;;;;;1;;;;;1;1;;1;
26/06/2013;19:49:00;4373;sem vítima;105;BR-040/RJ;Norte;Colisão Traseira;2;;;;;;;;;;2;;;;
26/06/2013;20:31:00;4379;com vítima;114;BR-040/RJ;Norte;Colisão Traseira;2;;;;;;;;;;0;2;;;
26/06/2013;22:02:00;4385;com vítima;24;BR-040/RJ;Sul;Atropelamento - Animal;;;;1;;;;;;;0;1;;;
26/06/2013;22:35:00;4389;com vítima;107;BR-040/RJ;Norte;Atropelamento - Pedestre;1;;;;;;;;;;1;;1;;
27/06/2013;08:36:00;4435;com vítima;110;BR-040/RJ;Sul;Colisão Traseira;2;;;;;;;;;;1;1;;;
27/06/2013;08:39:00;4437;com vítima;123;BR-040/RJ;Sul;Colisão Traseira;1;;1;;;;;;;;2;;1;;
27/06/2013;12:47:00;4473;sem vítima;101;BR-040/RJ;Sul;Colisão Traseira;2;;;;;;;;;;2;;;;
27/06/2013;12:53:00;4475;sem vítima;69;BR-040/RJ;Sul;Choque - Objeto Fixo;;;1;;;;;;;;1;;;;
27/06/2013;19:24:00;4540;sem vítima;112;BR-040/RJ;Sul;Engavetamento;3;;;;;;;;;;3;;;;
27/06/2013;19:38:00;4544;com vítima;86;BR-040/RJ;Sul;Capotamento;1;;;;;;;;;;1;1;;;
27/06/2013;21:22:00;4555;sem vítima;94;BR-040/RJ;Sul;Choque - Objeto Fixo;1;;;;;;;;;;1;;;;
27/06/2013;22:41:00;4561;sem vítima;124;BR-040/RJ;Sul;Choque - Objeto Fixo;;;1;;;;;;;;1;;;;
28/06/2013;05:37:00;4586;com vítima;78;BR-040/RJ;Sul;Capotamento;1;;;;;;;;;;0;1;;;
28/06/2013;06:07:00;4588;com vítima;114;BR-040/RJ;Sul;Engavetamento;3;;;;;;;;;;0;12;;;
28/06/2013;07:38:00;4595;sem vítima;113;BR-040/RJ;Sul;Colisão Lateral;1;;1;;;;;;;;2;;;;
28/06/2013;08:34:00;4607;sem vítima;31;BR-040/RJ;Norte;Choque - Objeto Fixo;1;;;;;;;;;;1;;;;
28/06/2013;09:03:00;4613;sem vítima;123;BR-040/RJ;Sul;Colisão Lateral;1;;;;1;;;;;;2;;;;
28/06/2013;11:08:00;4633;com vítima;52;BR-040/RJ;Norte;Choque - Objeto Fixo;1;;;;;;;;;;0;;1;;
28/06/2013;12:18:00;4651;com vítima;815;BR-040/MG;Sul;Choque - Objeto Fixo;1;;;;;;;;;;0;1;;;
28/06/2013;12:42:00;4655;sem vítima;783;BR-040/MG;Norte;Queda de Moto;;;;1;;;;;;;1;;;;
28/06/2013;16:37:00;4697;com vítima;105;BR-040/RJ;Norte;Colisão Frontal;1;1;;;;;;;;;1;;1;;
28/06/2013;17:53:00;4712;com vítima;117;BR-040/RJ;Norte;Engavetamento;2;;1;;;;;;;;1;3;;;
28/06/2013;17:55:00;4713;sem vítima;117;BR-040/RJ;Norte;Colisão Traseira;2;;;;;;;;;;2;;;;
28/06/2013;19:02:00;4720;sem vítima;110;BR-040/RJ;Norte;Colisão Lateral;1;;1;;;;;;;;2;;;;
28/06/2013;22:29:00;4746;sem vítima;123;BR-040/RJ;Sul;Colisão Traseira;2;;;;;;;;;;2;;;;
28/06/2013;23:44:00;4754;sem vítima;62;BR-040/RJ;Sul;Colisão Lateral;2;;;;;;;;;;2;;;;
29/06/2013;06:46:00;4783;sem vítima;69;BR-040/RJ;Sul;Choque - Objeto Fixo;1;;;;;;;;;;1;;;;
29/06/2013;07:25:00;4787;sem vítima;36;BR-040/RJ;Sul;Colisão Traseira;1;;1;;;;;;;;2;;;;
29/06/2013;08:18:00;4793;sem vítima;84;BR-040/RJ;Norte;Queda de Moto;;;;1;;;;;;;1;;;;
29/06/2013;12:44:00;4834;sem vítima;62;BR-040/RJ;Sul;Colisão Lateral;1;;;;1;;;;;;2;;;;
29/06/2013;17:27:00;4870;com vítima;30;BR-040/RJ;Sul;Capotamento;1;;;;;;;;;;0;2;;;
29/06/2013;22:46:00;4888;sem vítima;109;BR-040/RJ;Sul;Choque - Objeto Fixo;1;;;;;;;;;;1;;;;
29/06/2013;23:07:00;4890;sem vítima;104;BR-040/RJ;Norte;Colisão Traseira;2;;;;;;;;;;2;;;;
30/06/2013;03:38:00;4912;sem vítima;87;BR-040/RJ;Norte;Choque - Objeto Fixo;1;;;;;;;;;;1;;;;
30/06/2013;04:51:00;4918;com vítima;113;BR-040/RJ;Norte;Choque - Objeto Fixo;1;;;;;;;;;;0;1;;;
30/06/2013;05:13:00;4920;com vítima;116;BR-040/RJ;Norte;Choque - Objeto Fixo;1;;;;;;;;;;0;1;;;
30/06/2013;05:18:00;4921;com vítima;58;BR-040/RJ;Sul;Atropelamento - Pedestre;1;;;;;;;;;;1;;1;;
30/06/2013;07:11:00;4925;sem vítima;121;BR-040/RJ;Norte;Choque - Objeto Fixo;1;;;;;;;;;;1;;;;
30/06/2013;09:27:00;4939;sem vítima;86;BR-040/RJ;Norte;Choque - Objeto Fixo;1;;;;;;;;;;1;;;;
30/06/2013;17:10:00;4996;sem vítima;90;BR-040/RJ;Norte;Derrapagem;1;;;;;;;;;;1;;;;
30/06/2013;17:33:00;5000;com vítima;101;BR-040/RJ;Sul;Atropelamento - Pedestre;;1;;;;1;;;;;1;;;;1
30/06/2013;19:55:00;5015;sem vítima;100;BR-040/RJ;Sul;Colisão Lateral;2;;;;;;;;;;2;;;;
30/06/2013;20:24:00;5018;sem vítima;92;BR-040/RJ;Norte;Derrapagem;1;;;;;;;;;;1;;;;
30/06/2013;23:32:00;5035;sem vítima;85;BR-040/RJ;Norte;Choque - Objeto Fixo;1;;;;;;;;;;1;;;;
01/07/2013;19:21:00;114;com vítima;15;BR-040/RJ;Norte;Choque - Objeto Fixo;1;;;;;;;;;;0;1;;;
01/07/2013;16:21:00;96;sem vítima;43;BR-040/RJ;Sul;Choque - Objeto Fixo;1;;;;;;;;;;1;;;;
01/07/2013;12:05:00;68;com vítima;47;BR-040/RJ;Norte;Atropelamento - Pedestre;1;;;;;;;;;;0;2;;;
01/07/2013;04:16:00;20;sem vítima;74;BR-040/RJ;Norte;Choque - Objeto Fixo;1;;;;;;;;;;1;;;;
01/07/2013;05:08:00;22;com vítima;90;BR-040/RJ;Sul;Choque - Objeto Fixo;1;;;;;;;;;;0;1;;;
01/07/2013;10:45:00;62;sem vítima;91;BR-040/RJ;Norte;Choque - Objeto Fixo;1;;;;;;;;;;1;;;;
01/07/2013;18:27:00;105;com vítima;91;BR-040/RJ;Norte;Choque - Objeto Fixo;1;;;;;;;;;;0;1;;;
01/07/2013;12:57:00;70;com vítima;105;BR-040/RJ;Sul;Colisão Lateral;1;;;1;;;;;;;1;;1;;
01/07/2013;13:36:00;74;com vítima;116;BR-040/RJ;Sul;Capotamento;1;;;;;;;;;;0;;1;;
01/07/2013;20:29:00;122;sem vítima;815;BR-040/MG;Sul;Choque - Objeto Fixo;1;;;;;;;;;;1;;;;
01/07/2013;19:08:00;111;sem vítima;119;BR-040/RJ;Norte;Choque - Objeto Fixo;1;;;;;;;;;;1;;;;
01/07/2013;02:45:00;16;sem vítima;120;BR-040/RJ;Sul;Choque - Objeto Fixo;1;;;;;;;;;;1;;;;
01/07/2013;16:38:00;98;com vítima;121;BR-040/RJ;Norte;Colisão Lateral;1;;;1;;;;;;;0;2;;;
01/07/2013;17:56:00;101;sem vítima;122;BR-040/RJ;Norte;Colisão Traseira;2;;;;;;;;;;2;;;;
02/07/2013;14:27:00;206;com vítima;43;BR-040/RJ;Norte;Tombamento;;;1;;;;;;;;0;1;;;
02/07/2013;12:17:00;186;sem vítima;76;BR-040/RJ;Norte;Choque - Objeto Fixo;1;;;;;;;;;;1;;;;
02/07/2013;08:54:00;166;com vítima;77;BR-040/RJ;Sul;Capotamento;1;;;;;;;;;;0;1;;;
02/07/2013;13:43:00;199;com vítima;78;BR-040/RJ;Sul;Capotamento;1;;;;;;;;;;0;1;;;
02/07/2013;11:50:00;185;sem vítima;80;BR-040/RJ;Sul;Colisão Traseira;1;;;;;1;;;;;2;;;;