data;horario;n_da_ocorrencia;tipo_de_ocorrencia;km;trecho;sentido;tipo_de_acidente;automovel;bicicleta;caminhao;moto;onibus;outros;tracao_animal;transporte_de_cargas_especiais;trator_maquinas;utilitarios;ilesos;levemente_feridos;moderadamente_feridos;gravemente_feridos;mortos
17/11/2013;04:37:00;2747;com vítima;64;BR-040/RJ;Sul;Capotamento;1;;;;;;;;;;0;;;1;
17/11/2013;15:17:00;2808;sem vítima;73;BR-040/RJ;Sul;Choque - Objeto Fixo;1;;;;;;;;;;1;;;;
17/11/2013;20:20:00;2884;sem vítima;78;BR-040/RJ;Sul;Choque - Objeto Fixo;1;;;;;;;;;;1;;;;
17/11/2013;13:01:00;2784;com vítima;84;BR-040/RJ;Norte;Choque - Objeto Fixo;1;;;;;;;;;;0;1;;;
17/11/2013;18:18:00;2860;sem vítima;84;BR-040/RJ;Sul;Choque - Objeto Fixo;1;;;;;;;;;;1;;;;
17/11/2013;20:20:00;2885;sem vítima;84;BR-040/RJ;Norte;Choque - Objeto Fixo;1;;;;;;;;;;1;;;;
17/11/2013;18:25:00;2863;sem vítima;85;BR-040/RJ;Sul;Choque - Objeto Fixo;1;;;;;;;;;;1;;;;
17/11/2013;13:55:00;2791;sem vítima;90;BR-040/RJ;Norte;Choque - Objeto Fixo;1;;;;;;;;;;1;;;;
17/11/2013;16:44:00;2836;sem vítima;91;BR-040/RJ;Norte;Choque - Objeto Fixo;1;;;;;;;;;;1;;;;
17/11/2013;16:50:00;2838;sem vítima;91;BR-040/RJ;Norte;Colisão Lateral;2;;;;;;;;;;2;;;;
17/11/2013;19:32:00;2879;com vítima;91;BR-040/RJ;Norte;Choque - Objeto Fixo;1;;;;;;;;;;0;1;;;
17/11/2013;10:17:00;2770;sem vítima;92;BR-040/RJ;Norte;Choque - Objeto Fixo;1;;;;;;;;;;1;;;;
17/11/2013;16:16:00;2824;sem vítima;92;BR-040/RJ;Sul;Choque - Objeto Fixo;1;;;;;;;;;;1;;;;
17/11/2013;13:25:00;2787;sem vítima;93;BR-040/RJ;Norte;Choque - Objeto Fixo;1;;;;;;;;;;1;;;;
17/11/2013;15:07:00;2804;com vítima;93;BR-040/RJ;Sul;Choque - Objeto Fixo;1;;;;;;;;;;0;1;;;
17/11/2013;15:16:00;2806;sem vítima;93;BR-040/RJ;Sul;Colisão Lateral;2;;;;;;;;;;2;;;;
17/11/2013;05:30:00;2752;sem vítima;94;BR-040/RJ;Sul;Choque - Objeto Fixo;1;;;;;;;;;;1;;;;
17/11/2013;13:17:00;2786;sem vítima;96;BR-040/RJ;Sul;Choque - Objeto Fixo;1;;;;;;;;;;1;;;;
17/11/2013;16:30:00;2834;sem vítima;96;BR-040/RJ;Norte;Choque - Objeto Fixo;1;;;;;;;;;;1;;;;
17/11/2013;17:59:00;2856;sem vítima;97;BR-040/RJ;Norte;Choque - Objeto Fixo;1;;;;;;;;;;1;;;;
17/11/2013;18:49:00;2869;sem vítima;104;BR-040/RJ;Norte;Colisão Traseira;1;;;;1;;;;;;2;;;;
17/11/2013;04:08:00;2746;com vítima;112;BR-040/RJ;Norte;Colisão Lateral;2;;;;;;;;;;0;4;;;
17/11/2013;15:25:00;2816;sem vítima;113;BR-040/RJ;Sul;Colisão Traseira;2;;;;;;;;;;2;;;;
17/11/2013;18:45:00;2868;sem vítima;780;BR-040/MG;Norte;Choque - Objeto Fixo;1;;;;;;;;;;1;;;;
17/11/2013;15:02:00;2803;sem vítima;798;BR-040/MG;Sul;Choque - Objeto Fixo;1;;;;;;;;;;1;;;;
17/11/2013;16:33:00;2830;com vítima;812;BR-040/MG;Norte;Colisão Traseira;2;;;;;;;;;;1;1;;;
17/11/2013;15:30:00;2810;com vítima;815;BR-040/MG;Norte;Choque - Objeto Fixo;1;;;;;;;;;;0;1;;;
17/11/2013;17:40:00;2853;sem vítima;815;BR-040/MG;Sul;Colisão Traseira;2;;;;;;;;;;2;;;;
17/11/2013;20:46:00;2894;sem vítima;818;BR-040/MG;Norte;Colisão Traseira;2;;;;;;;;;;2;;;;
17/11/2013;23:25:00;2912;sem vítima;820;BR-040/MG;Norte;Choque - Objeto Fixo;1;;;;;;;;;;1;;;;
17/11/2013;14:58:00;2801;sem vítima;824;BR-040/MG;Sul;Choque - Objeto Fixo;1;;;;;;;;;;1;;;;
17/11/2013;16:50:00;2845;sem vítima;824;BR-040/MG;Sul;Choque - Objeto Fixo;1;;;;;;;;;;1;;;;
17/11/2013;20:10:00;2883;sem vítima;828;BR-040/MG;Norte;Choque - Objeto Fixo;1;;;;;;;;;;1;;;;
17/11/2013;05:23:00;2751;com vítima;119;BR-040/RJ;Sul;Choque - Objeto Fixo;1;;;;;;;;;;0;1;2;;
18/11/2013;00:00:00;2917;sem vítima;24;BR-040/RJ;Sul;Colisão Traseira;2;;;;;;;;;;2;;;;
18/11/2013;21:15:00;3097;sem vítima;68;BR-040/RJ;Norte;Choque - Objeto Fixo;1;;;;;;;;;;1;;;;
18/11/2013;09:45:00;2999;sem vítima;73;BR-040/RJ;Norte;Choque - Objeto Fixo;1;;;;;;;;;;1;;;;
18/11/2013;11:28:00;3011;sem vítima;73;BR-040/RJ;Sul;Choque - Objeto Fixo;1;;;;;;;;;;1;;;;
18/11/2013;13:10:00;3023;sem vítima;74;BR-040/RJ;Sul;Choque - Objeto Fixo;1;;;;;;;;;;1;;;;
18/11/2013;12:41:00;3018;sem vítima;83;BR-040/RJ;Sul;Choque - Objeto Fixo;1;;;;;;;;;;1;;;;
18/11/2013;00:28:00;2925;com vítima;84;BR-040/RJ;Norte;Choque - Objeto Fixo;1;;;;;;;;;;4;1;;;
18/11/2013;16:02:00;3049;sem vítima;99;BR-040/RJ;Norte;Choque - Objeto Fixo;1;;;;;;;;;;1;;;;
18/11/2013;13:11:00;3024;sem vítima;105;BR-040/RJ;Sul;Colisão Lateral;1;;1;;;;;;;;2;;;;
18/11/2013;21:25:00;3096;sem vítima;107;BR-040/RJ;Sul;Colisão Traseira;2;;;;1;;;;;;3;;;;
18/11/2013;18:28:00;3078;sem vítima;109;BR-040/RJ;Norte;Colisão Lateral;1;;1;;;;;;;;2;;;;
18/11/2013;05:26:00;2963;com vítima;115;BR-040/RJ;Sul;Engavetamento;2;;1;;;;;;;;1;3;;;
18/11/2013;17:56:00;3072;sem vítima;117;BR-040/RJ;Norte;Engavetamento;3;;;;;;;;;;3;;;;
18/11/2013;10:01:00;3001;sem vítima;820;BR-040/MG;Norte;Choque - Objeto Fixo;1;;;;;;;;;;1;;;;
18/11/2013;19:46:00;3091;com vítima;828;BR-040/MG;Norte;Tombamento;1;;;;;;;;;;0;2;;;
18/11/2013;17:37:00;3068;sem vítima;123;BR-040/RJ;Sul;Colisão Lateral;1;;1;;;;;;;;2;;;;
18/11/2013;08:13:00;2989;sem vítima;124;BR-040/RJ;Norte;Colisão Lateral;1;;1;;;;;;;;2;;;;
19/11/2013;12:44:00;3179;com vítima;0;BR-040/RJ;Sul;Tombamento;;;1;;;;;;;;0;1;;;
19/11/2013;00:03:00;3114;com vítima;65;BR-040/RJ;Sul;Capotamento;1;;;;;;;;;;0;1;;;
19/11/2013;19:03:00;3249;com vítima;65;BR-040/RJ;Sul;Capotamento;1;;;;;;;;;;0;;1;;
19/11/2013;07:23:00;3141;com vítima;78;BR-040/RJ;Norte;Choque - Objeto Fixo;;;;;1;;;;;;0;1;;;
19/11/2013;17:44:00;3236;com vítima;84;BR-040/RJ;Sul;Capotamento;1;;;;;;;;;;0;;1;;
19/11/2013;13:10:00;3185;sem vítima;87;BR-040/RJ;Norte;Engavetamento;3;;;;;;;;;;3;;;;
19/11/2013;16:01:00;3213;com vítima;89;BR-040/RJ;Norte;Colisão Lateral;2;;;;;;;;;;0;4;;;
19/11/2013;16:31:00;3220;sem vítima;91;BR-040/RJ;Norte;Engavetamento;3;;;;;;;;;;3;;;;
19/11/2013;13:38:00;3188;sem vítima;109;BR-040/RJ;Norte;Colisão Traseira;1;;1;;;;;;;;2;;;;
19/11/2013;04:48:00;3129;com vítima;110;BR-040/RJ;Sul;Colisão Traseira;1;;1;;;;;;;;1;2;;;
19/11/2013;18:15:00;3242;com vítima;111;BR-040/RJ;Norte;Engavetamento;3;;;;;;;;;;2;1;;;
19/11/2013;14:14:00;3194;sem vítima;113;BR-040/RJ;Sul;Colisão Lateral;1;;1;;;;;;;;2;;;;
19/11/2013;20:42:00;3259;sem vítima;784;BR-040/MG;Norte;Choque - Objeto Fixo;1;;;;;;;;;;1;;;;
19/11/2013;18:52:00;3248;sem vítima;123;BR-040/RJ;Sul;Colisão Lateral;1;;;1;;1;;;;;3;;;;
20/11/2013;05:31:00;3294;com vítima;31;BR-040/RJ;Norte;Tombamento;;;1;;;;;;;;0;1;;;
20/11/2013;13:04:00;3341;com vítima;82;BR-040/RJ;Norte;Tombamento;1;;;;;;;;;;0;1;;;
20/11/2013;19:03:00;3386;sem vítima;105;BR-040/RJ;Norte;Colisão Lateral;2;;;;;;;;;;2;;;;
20/11/2013;23:37:00;3415;sem vítima;110;BR-040/RJ;Sul;Choque - Objeto Fixo;1;;;;;;;;;;1;;;;
20/11/2013;16:36:00;3371;com vítima;118;BR-040/RJ;Norte;Colisão Traseira;1;;1;;;;;;;;2;;;;1
20/11/2013;16:50:00;3375;sem vítima;120;BR-040/RJ;Norte;Capotamento;1;;;;;;;;;;1;;;;
20/11/2013;06:59:00;3299;sem vítima;123;BR-040/RJ;Sul;Colisão Lateral;1;;;;1;;;;;;4;;;;
20/11/2013;03:32:00;3285;sem vítima;124;BR-040/RJ;Sul;Choque - Objeto Fixo;1;;;;;;;;;;1;;;;
21/11/2013;07:58:00;3447;com vítima;32;BR-040/RJ;Norte;Capotamento;1;;;;;;;;;;0;1;;;
21/11/2013;13:52:00;3484;sem vítima;51;BR-040/RJ;Norte;Capotamento;1;;;;;;;;;;4;;;;
21/11/2013;01:56:00;3422;com vítima;114;BR-040/RJ;Norte;Choque - Objeto Fixo;1;;;;;;;;;;0;2;;;
21/11/2013;09:39:00;3458;com vítima;116;BR-040/RJ;Norte;Colisão Lateral;;;1;1;;;;;;;1;;;1;
21/11/2013;15:44:00;3501;sem vítima;117;BR-040/RJ;Norte;Colisão Lateral;1;;;;1;;;;;;2;;;;
21/11/2013;05:14:00;3434;com vítima;782;BR-040/MG;Norte;Choque - Objeto Fixo;1;;;;;;;;;;0;1;;;
21/11/2013;06:54:00;3439;com vítima;121;BR-040/RJ;Norte;Colisão Transversal;;;1;1;;;;;;;1;;1;;
22/11/2013;18:56:00;3704;sem vítima;32;BR-040/RJ;Norte;Choque - Objeto Fixo;1;;;;;;;;;;1;;;;
22/11/2013;17:18:00;3691;com vítima;34;BR-040/RJ;Norte;Choque - Objeto Fixo;1;;;;;;;;;;1;;1;;
22/11/2013;16:30:00;3685;com vítima;38;BR-040/RJ;Norte;Tombamento;;;1;;;;;;;;0;;1;;
22/11/2013;15:40:00;3674;sem vítima;48;BR-040/RJ;Sul;Colisão Traseira;2;;;;;;;;;;4;;;;
22/11/2013;16:13:00;3682;com vítima;60;BR-040/RJ;Sul;Capotamento;1;;;;;;;;;;0;;;1;
22/11/2013;21:20:00;3717;com vítima;68;BR-040/RJ;Norte;Capotamento;1;;;;;;;;;;0;2;;;
22/11/2013;15:53:00;3679;com vítima;72;BR-040/RJ;Sul;Capotamento;1;;;;;;;;;;0;1;;;
22/11/2013;13:14:00;3656;sem vítima;82;BR-040/RJ;Sul;Colisão Traseira;1;;1;;;;;;;;2;;;;
22/11/2013;18:46:00;3703;sem vítima;84;BR-040/RJ;Norte;Choque - Objeto Fixo;1;;;;;;;;;;1;;;;
22/11/2013;20:40:00;3716;sem vítima;90;BR-040/RJ;Norte;Choque - Objeto Fixo;1;;;;;;;;;;1;;;;
22/11/2013;14:45:00;3668;sem vítima;93;BR-040/RJ;Sul;Choque - Objeto Fixo;1;;;;;;;;;;1;;;;
22/11/2013;22:29:00;3722;com vítima;93;BR-040/RJ;Norte;Derrapagem;1;;;;;;;;;;0;1;;;
22/11/2013;08:43:00;3622;sem vítima;94;BR-040/RJ;Norte;Engavetamento;3;;;;;;;;;;3;;;;
22/11/2013;18:41:00;3701;sem vítima;104;BR-040/RJ;Sul;Colisão Traseira;2;;;;;;;;;;2;;;;
22/11/2013;14:48:00;3670;sem vítima;109;BR-040/RJ;Norte;Colisão Traseira;1;;;;;1;;;;;2;;;;
22/11/2013;17:27:00;3693;sem vítima;789;BR-040/MG;Norte;Choque - Objeto Fixo;1;;;;;;;;;;1;;;;
22/11/2013;08:14:00;3617;sem vítima;790;BR-040/MG;Norte;Choque - Objeto Fixo;1;;;;;;;;;;1;;;;
22/11/2013;19:25:00;3708;com vítima;118;BR-040/RJ;Norte;Colisão Traseira;1;;;1;;;;;;;1;;1;;
22/11/2013;09:55:00;3632;sem vítima;122;BR-040/RJ;Sul;Colisão Lateral;1;;;;;1;;;;;2;;;;
23/11/2013;13:15:00;3805;com vítima;0;BR-040/RJ;Norte;Capotamento;1;;;;;;;;;;0;1;1;;
23/11/2013;10:25:00;3788;sem vítima;3;BR-040/RJ;Sul;Choque - Objeto Fixo;1;;;;;1;;;;;2;;;;
23/11/2013;09:41:00;3774;sem vítima;21;BR-040/RJ;Sul;Choque - Objeto Fixo;1;;;;;;;;;;1;;;;
23/11/2013;09:43:00;3775;com vítima;29;BR-040/RJ;Sul;Choque - Objeto Fixo;1;;;;;;;;;;0;1;1;;
23/11/2013;08:51:00;3767;sem vítima;34;BR-040/RJ;Norte;Choque - Objeto Fixo;1;;;;;;;;;;1;;;;
23/11/2013;06:14:00;3746;com vítima;54;BR-040/RJ;Sul;Choque - Objeto Fixo;1;;;;;;;;;;1;;1;;
23/11/2013;14:13:00;3811;com vítima;64;BR-040/RJ;Norte;Choque - Objeto Fixo;1;;;;;;;;;;1;2;2;;
23/11/2013;19:07:00;3847;com vítima;68;BR-040/RJ;Norte;Choque - Objeto Fixo;1;;;;;;;;;;0;;1;1;
23/11/2013;10:38:00;3789;sem vítima;73;BR-040/RJ;Norte;Choque - Objeto Fixo;1;;;;;;;;;;1;;;;
23/11/2013;09:01:00;3769;sem vítima;77;BR-040/RJ;Sul;Choque - Objeto Fixo;1;;;;;;;;;;1;;;;
23/11/2013;12:40:00;3802;sem vítima;80;BR-040/RJ;Sul;Choque - Objeto Fixo;1;;;;;;;;;;1;;;;
23/11/2013;07:59:00;3760;sem vítima;81;BR-040/RJ;Sul;Choque - Objeto Fixo;1;;;;;;;;;;1;;;;
23/11/2013;10:12:00;3785;sem vítima;82;BR-040/RJ;Sul;Choque - Objeto Fixo;1;;;;;;;;;;1;;;;
23/11/2013;12:35:00;3800;sem vítima;84;BR-040/RJ;Sul;Capotamento;2;;;;;;;;;;2;;;;
23/11/2013;19:11:00;3849;com vítima;84;BR-040/RJ;Norte;Capotamento;1;;;;;;;;;;0;1;;;
23/11/2013;15:54:00;3825;sem vítima;88;BR-040/RJ;Norte;Choque - Objeto Fixo;1;;;;;;;;;;1;;;;
23/11/2013;12:20:00;3798;sem vítima;90;BR-040/RJ;Norte;Choque - Objeto Fixo;1;;;;;;;;;;1;;;;
23/11/2013;18:54:00;3845;com vítima;91;BR-040/RJ;Sul;Queda de Moto;;;;1;;;;;;;0;;1;;
23/11/2013;16:13:00;3828;sem vítima;99;BR-040/RJ;Norte;Choque - Objeto Fixo;1;;;;;;;;;;1;;;;
23/11/2013;07:13:00;3753;sem vítima;104;BR-040/RJ;Sul;Colisão Traseira;2;;;;;;;;;;2;;;;
23/11/2013;10:11:00;3783;com vítima;106;BR-040/RJ;Norte;Queda de Moto;;;;1;;;;;;;0;1;;;
23/11/2013;00:22:00;3730;sem vítima;112;BR-040/RJ;Sul;Choque - Objeto Fixo;1;;;;;;;;;;1;;;;
23/11/2013;11:55:00;3795;com vítima;113;BR-040/RJ;Sul;Colisão Lateral;3;;;;;;;;;;1;2;;;
23/11/2013;03:53:00;3736;com vítima;117;BR-040/RJ;Norte;Choque - Objeto Fixo;1;;;;;;;;;;0;1;;;
23/11/2013;07:40:00;3759;sem vítima;796;BR-040/MG;Sul;Choque - Objeto Fixo;1;;;;;;;;;;1;;;;
23/11/2013;15:52:00;3824;com vítima;801;BR-040/MG;Norte;Capotamento;1;;;;;;;;;;0;1;;;
23/11/2013;16:41:00;3831;sem vítima;804;BR-040/MG;Sul;Choque - Objeto Fixo;1;;;;;;;;;;1;;;;
23/11/2013;05:20:00;3743;sem vítima;805;BR-040/MG;Norte;Choque - Objeto Fixo;1;;;;;;;;;;1;;;;
23/11/2013;15:19:00;3817;sem vítima;824;BR-040/MG;Norte;Choque - Objeto Fixo;1;;;;;;;;;;1;;;;
23/11/2013;12:28:00;3799;sem vítima;124;BR-040/RJ;Sul;Colisão Traseira;1;;1;;;;;;;;2;;;;
24/11/2013;22:07:00;3995;com vítima;7;BR-040/RJ;Norte;Choque - Objeto Fixo;1;;;;;;;;;;0;3;2;;
24/11/2013;11:21:00;3920;com vítima;39;BR-040/RJ;Norte;Capotamento;1;;;;;;;;;;0;;1;;
24/11/2013;13:11:00;3931;sem vítima;56;BR-040/RJ;Norte;Capotamento;1;;;;;;;;;;2;;;;
24/11/2013;07:12:00;3897;sem vítima;73;BR-040/RJ;Sul;Choque - Objeto Fixo;1;;;;;;;;;;1;;;;
24/11/2013;18:01:00;3959;com vítima;73;BR-040/RJ;Norte;Choque - Objeto Fixo;1;;;;;;;;;;0;1;1;;
24/11/2013;15:41:00;3943;com vítima;82;BR-040/RJ;Sul;Choque - Objeto Fixo;1;;;;;;;;;;0;1;;;
24/11/2013;16:10:00;3950;sem vítima;84;BR-040/RJ;Sul;Choque - Objeto Fixo;1;;;;;;;;;;1;;;;
24/11/2013;17:15:00;3954;sem vítima;90;BR-040/RJ;Norte;Derrapagem;1;;;;;;;;;;1;;;;
24/11/2013;10:43:00;3917;sem vítima;91;BR-040/RJ;Norte;Choque - Objeto Fixo;1;;;;;;;;;;1;;;;
24/11/2013;10:30:00;3915;sem vítima;93;BR-040/RJ;Sul;Choque - Objeto Fixo;1;;;;;;;;;;1;;;;
24/11/2013;22:55:00;4000;sem vítima;93;BR-040/RJ;Sul;Choque - Objeto Fixo;1;;;;;;;;;;1;;;;
24/11/2013;06:28:00;3896;sem vítima;94;BR-040/RJ;Sul;Choque - Objeto Fixo;1;;;;;;;;;;1;;;;
24/11/2013;17:24:00;3955;com vítima;96;BR-040/RJ;Sul;Choque - Objeto Fixo;1;;;;;;;;;;0;1;;;
24/11/2013;01:33:00;3876;com vítima;97;BR-040/RJ;Sul;Choque - Objeto Fixo;1;;;;;;;;;;0;;1;;
24/11/2013;21:32:00;3989;sem vítima;99;BR-040/RJ;Sul;Colisão Traseira;2;;;;;;;;;;2;;;;
24/11/2013;15:47:00;3944;com vítima;104;BR-040/RJ;Sul;Colisão Traseira;1;;;;;1;;;;;1;1;;;
24/11/2013;15:22:00;3941;sem vítima;105;BR-040/RJ;Norte;Colisão Traseira;;;;1;;1;;;;;2;;;;
24/11/2013;14:23:00;3937;sem vítima;109;BR-040/RJ;Sul;Engavetamento;3;;;;;;;;;;5;;;;
24/11/2013;17:55:00;3958;sem vítima;111;BR-040/RJ;Norte;Colisão Traseira;2;;;;;;;;;;2;;;;
24/11/2013;16:28:00;3949;com vítima;113;BR-040/RJ;Norte;Colisão Traseira;2;;;;;;;;;;3;;1;;
24/11/2013;05:10:00;3895;com vítima;115;BR-040/RJ;Norte;Engavetamento;3;;1;;;;;;;;0;7;;;
24/11/2013;18:30:00;3964;sem vítima;116;BR-040/RJ;Norte;Derrapagem;1;;;;;;;;;;1;;;;
25/11/2013;06:21:00;4028;com vítima;4;BR-040/RJ;Norte;Choque - Objeto Fixo;1;;;;;;;;;;0;2;;;
25/11/2013;09:11:00;4049;sem vítima;24;BR-040/RJ;Norte;Capotamento;1;;;;;;;;;;1;;;;
25/11/2013;10:49:00;4066;sem vítima;34;BR-040/RJ;Sul;Derrapagem;1;;;;;;;;;;1;;;;
25/11/2013;08:16:00;4041;com vítima;43;BR-040/RJ;Sul;Choque - Objeto Fixo;1;;;;;;;;;;0;;1;;
25/11/2013;07:23:00;4032;com vítima;73;BR-040/RJ;Norte;Colisão Lateral;2;;;;;;;;;;0;2;;;
25/11/2013;11:58:00;4079;sem vítima;80;BR-040/RJ;Sul;Choque - Objeto Fixo;1;;;;;;;;;;1;;;;
25/11/2013;12:55:00;4089;sem vítima;82;BR-040/RJ;Sul;Choque - Objeto Fixo;1;;;;;;;;;;1;;;;
25/11/2013;08:48:00;4046;sem vítima;84;BR-040/RJ;Norte;Choque - Objeto Fixo;1;;;;;;;;;;1;;;;
25/11/2013;07:09:00;4030;sem vítima;90;BR-040/RJ;Norte;Colisão Lateral;2;;;;;;;;;;2;;;;
25/11/2013;15:10:00;4106;sem vítima;109;BR-040/RJ;Norte;Colisão Lateral;1;;;;1;;;;;;2;;;;
25/11/2013;11:22:00;4072;sem vítima;110;BR-040/RJ;Norte;Engavetamento;3;;;;;;;;;;3;;;;
25/11/2013;02:39:00;4016;sem vítima;111;BR-040/RJ;Norte;Atropelamento - Animal;;;;;;1;1;;;;2;;;;
25/11/2013;23:54:00;4169;sem vítima;112;BR-040/RJ;Sul;Colisão Lateral;2;;;;;;;;;;2;;;;
25/11/2013;12:00:00;4081;sem vítima;800;BR-040/MG;Sul;Choque - Objeto Fixo;1;;;;;;;;;;1;;;;
25/11/2013;08:12:00;4040;sem vítima;120;BR-040/RJ;Sul;Colisão Lateral;1;;1;;;;;;;;2;;;;
25/11/2013;08:17:00;4042;sem vítima;122;BR-040/RJ;Sul;Colisão Traseira;1;;;;;1;;;;;2;;;;
26/11/2013;05:13:00;4188;sem vítima;22;BR-040/RJ;Sul;Choque - Objeto Fixo;1;;;;;;;;;;1;;;;
26/11/2013;09:46:00;4221;com vítima;34;BR-040/RJ;Norte;Choque - Objeto Fixo;1;;;;;;;;;;0;1;;;
26/11/2013;03:37:00;4182;sem vítima;71;BR-040/RJ;Sul;Choque - Objeto Fixo;1;;;;;;;;;;1;;;;
26/11/2013;08:09:00;4205;sem vítima;84;BR-040/RJ;Sul;Derrapagem;1;;;;;;;;;;1;;;;
26/11/2013;16:51:00;4274;sem vítima;91;BR-040/RJ;Sul;Capotamento;1;;;;;;;;;;1;;;;
26/11/2013;14:11:00;4252;sem vítima;107;BR-040/RJ;Sul;Colisão Lateral;1;;1;;;;;;;;2;;;;
26/11/2013;10:42:00;4235;sem vítima;109;BR-040/RJ;Norte;Colisão Lateral;1;;1;;;;;;;;2;;;;
26/11/2013;07:07:00;4195;sem vítima;111;BR-040/RJ;Sul;Colisão Traseira;;;;;2;;;;;;2;;;;
26/11/2013;17:43:00;4280;sem vítima;783;BR-040/MG;Norte;Colisão Lateral;1;;1;;;;;;;;2;;;;
26/11/2013;05:12:00;4187;sem vítima;121;BR-040/RJ;Norte;Choque - Objeto Fixo;1;;;;;;;;;;1;;;;
27/11/2013;04:11:00;4325;com vítima;78;BR-040/RJ;Sul;Choque - Objeto Fixo;;;1;;;;;;;;0;1;;;
27/11/2013;15:00:00;4407;sem vítima;91;BR-040/RJ;Norte;Queda de Moto;;;;1;;;;;;;1;;;;
27/11/2013;18:09:00;4434;sem vítima;109;BR-040/RJ;Sul;Colisão Traseira;1;;1;;;;;;;;2;;;;
27/11/2013;05:59:00;4332;sem vítima;808;BR-040/MG;Sul;Choque - Objeto Fixo;;;1;;;;;;;;1;;;;
27/11/2013;12:03:00;4373;sem vítima;121;BR-040/RJ;Sul;Colisão Frontal;;;;1;;1;;;;;2;;;;
28/11/2013;03:26:00;4493;sem vítima;36;BR-040/RJ;Sul;Colisão Traseira;;;2;;;;;;;;2;;;;
28/11/2013;21:11:00;4638;com vítima;108;BR-040/RJ;Norte;Queda de Moto;;;;1;;;;;;;0;1;;;
28/11/2013;09:55:00;4536;sem vítima;109;BR-040/RJ;Norte;Colisão Lateral;1;;;;1;;;;;;2;;;;
28/11/2013;04:33:00;4496;com vítima;111;BR-040/RJ;Norte;Capotamento;1;;;;;;;;;;0;1;;;
28/11/2013;13:11:00;4561;sem vítima;117;BR-040/RJ;Norte;Colisão Traseira;;;;1;;1;;;;;2;;;;
28/11/2013;16:15:00;4592;sem vítima;118;BR-040/RJ;Norte;Engavetamento;3;;;;;;;;;;3;;;;
28/11/2013;18:54:00;4622;sem vítima;119;BR-040/RJ;Norte;Colisão Traseira;1;;1;;;;;;;;2;;;;
28/11/2013;03:55:00;4495;sem vítima;121;BR-040/RJ;Sul;Choque - Objeto Fixo;1;;;;;;;;;;1;;;;
29/11/2013;13:38:00;4736;com vítima;105;BR-040/RJ;Sul;Choque - Objeto Fixo;1;;;;;;;;;;0;1;;;
29/11/2013;06:41:00;4679;com vítima;109;BR-040/RJ;Norte;Choque - Objeto Fixo;1;;;;;;;;;;0;2;;;
29/11/2013;11:15:00;4711;sem vítima;116;BR-040/RJ;Norte;Colisão Traseira;2;;;;;;;;;;2;;;;
29/11/2013;15:10:00;4751;sem vítima;122;BR-040/RJ;Sul;Colisão Traseira;2;;;;;;;;;;2;;;;
30/11/2013;20:55:00;5035;com vítima;3;BR-040/RJ;Norte;Choque - Objeto Fixo;1;;;;;;;;;;0;1;;;
30/11/2013;06:17:00;4895;sem vítima;10;BR-040/RJ;Norte;Choque - Objeto Fixo;1;;;;;;;;;;1;;;;
30/11/2013;06:37:00;4898;sem vítima;25;BR-040/RJ;Norte;Choque - Objeto Fixo;1;;;;;;;;;;1;;;;
30/11/2013;16:40:00;5017;sem vítima;30;BR-040/RJ;Norte;Choque - Objeto Fixo;1;;;;;;;;;;1;;;;
30/11/2013;06:32:00;4897;com vítima;31;BR-040/RJ;Norte;Choque - Objeto Fixo;1;;;;;;;;;;0;1;1;;
30/11/2013;16:30:00;5018;sem vítima;31;BR-040/RJ;Norte;Choque - Objeto Fixo;1;;;;;;;;;;1;;;;
30/11/2013;15:05:00;4979;com vítima;34;BR-040/RJ;Sul;Tombamento;1;;;;;;;;;;0;1;;;
30/11/2013;05:13:00;4888;sem vítima;78;BR-040/RJ;Sul;Choque - Objeto Fixo;1;;;;;;;;;;1;;;;
30/11/2013;05:14:00;4889;sem vítima;80;BR-040/RJ;Sul;Choque - Objeto Fixo;;;;1;;;;;;;1;;;;
30/11/2013;21:28:00;5038;sem vítima;84;BR-040/RJ;Norte;Choque - Objeto Fixo;1;;;;;;;;;;1;;;;
30/11/2013;15:43:00;4989;sem vítima;86;BR-040/RJ;Sul;Colisão Traseira;1;;;;;1;;;;;2;;;;
30/11/2013;17:00:00;5005;sem vítima;90;BR-040/RJ;Norte;Choque - Objeto Fixo;1;;;;;;;;;;1;;;;
30/11/2013;17:51:00;5010;sem vítima;91;BR-040/RJ;Norte;Choque - Objeto Fixo;1;;;;;;;;;;1;;;;
30/11/2013;12:35:00;4955;sem vítima;104;BR-040/RJ;Norte;Choque - Objeto Fixo;1;;;;;;;;;;1;;;;
30/11/2013;04:18:00;4881;sem vítima;105;BR-040/RJ;Norte;Choque - Objeto Fixo;1;;;;;;;;;;1;;;;
30/11/2013;04:38:00;4885;com vítima;109;BR-040/RJ;Sul;Choque - Objeto Fixo;3;;;;;;;;;;2;1;;;
30/11/2013;04:22:00;4882;com vítima;114;BR-040/RJ;Sul;Choque - Objeto Fixo;2;;;;;;;;;;1;2;;;
30/11/2013;04:02:00;4879;sem vítima;115;BR-040/RJ;Sul;Choque - Objeto Fixo;1;;;;;;;;;;1;;;;
30/11/2013;05:56:00;4893;sem vítima;115;BR-040/RJ;Sul;Choque - Objeto Fixo;1;;;;;;;;;;1;;;;
30/11/2013;15:50:00;4990;sem vítima;115;BR-040/RJ;Norte;Colisão Traseira;1;;1;;;;;;;;2;;;;