data;horario;n_da_ocorrencia;tipo_de_ocorrencia;km;trecho;sentido;tipo_de_acidente;automovel;bicicleta;caminhao;moto;onibus;outros;tracao_animal;transporte_de_cargas_especiais;trator_maquinas;utilitarios;ilesos;levemente_feridos;moderadamente_feridos;gravemente_feridos;mortos
02/01/2014;19:28:00;345;sem vítima;109;BR-040/RJ;Sul;Colisão Lateral;1;;1;;;;;;;;2;;;;
02/01/2014;22:55:00;388;com vítima;784;BR-040/MG;Norte;Derrapagem;1;;;;;;;;;;0;4;;;
02/01/2014;20:43:00;362;com vítima;797;BR-040/MG;Sul;Queda de Moto;;;;1;;;;;;;0;1;;;
03/01/2014;08:42:00;436;com vítima;23;BR-040/RJ;Norte;Capotamento;1;;;;;;;;;;0;2;;;
03/01/2014;17:47:00;528;com vítima;58;BR-040/RJ;Sul;Capotamento;1;;;;;;;;;;2;3;;;
03/01/2014;17:29:00;527;sem vítima;84;BR-040/RJ;Sul;Colisão Lateral;2;;;;;;;;;;2;;;;
03/01/2014;02:50:00;406;sem vítima;94;BR-040/RJ;Sul;Colisão Traseira;;;2;;;;;;;;2;;;;
03/01/2014;10:35:00;456;com vítima;101;BR-040/RJ;Norte;Colisão Traseira;;;2;;;;;;;;1;1;;;
03/01/2014;06:35:00;422;sem vítima;109;BR-040/RJ;Sul;Choque - Objeto Fixo;1;;;;;;;;;;1;;;;
03/01/2014;17:08:00;521;sem vítima;120;BR-040/RJ;Sul;Choque - Objeto Fixo;1;;;;;;;;;;1;;;;
03/01/2014;18:05:00;537;sem vítima;120;BR-040/RJ;Norte;Colisão Traseira;1;;2;;;;;;;;3;;;;
03/01/2014;09:51:00;450;sem vítima;123;BR-040/RJ;Sul;Colisão Lateral;1;;1;;;;;;;;2;;;;
04/01/2014;11:54:00;663;com vítima;31;BR-040/RJ;Norte;Capotamento;1;;;;;;;;;;3;;2;;
04/01/2014;08:08:00;627;com vítima;47;BR-040/RJ;Sul;Derrapagem;1;;;;;;;;;;0;;1;;
04/01/2014;09:55:00;642;com vítima;56;BR-040/RJ;Sul;Queda de Moto;1;;;1;;;;;;;1;1;1;;
04/01/2014;19:07:00;723;sem vítima;76;BR-040/RJ;Sul;Choque - Objeto Fixo;1;;;;;;;;;;1;;;;
04/01/2014;07:17:00;620;com vítima;78;BR-040/RJ;Sul;Queda de Moto;;;;1;;;;;;;0;;1;;
04/01/2014;11:41:00;660;sem vítima;84;BR-040/RJ;Sul;Choque - Objeto Fixo;1;;;;;;;;;;1;;;;
04/01/2014;02:43:00;606;sem vítima;89;BR-040/RJ;Sul;Choque - Objeto Fixo;;;1;;;;;;;;1;;;;
04/01/2014;02:46:00;607;sem vítima;111;BR-040/RJ;Norte;Colisão Traseira;2;;;;;;;;;;2;;;;
04/01/2014;12:36:00;669;sem vítima;114;BR-040/RJ;Norte;Colisão Traseira;1;1;;;;;;;;;2;;;;
04/01/2014;11:36:00;657;sem vítima;799;BR-040/MG;Sul;Derrapagem;1;;;;;;;;;;1;;;;
04/01/2014;23:47:00;742;sem vítima;120;BR-040/RJ;Sul;Capotamento;1;;;;;;;;;;1;;;;
05/01/2014;14:01:00;805;com vítima;54;BR-040/RJ;Sul;Capotamento;1;;;;;;;;;;0;;;1;
05/01/2014;13:50:00;803;sem vítima;94;BR-040/RJ;Sul;Choque - Objeto Fixo;1;;;;;;;;;;1;;;;
05/01/2014;10:22:00;779;com vítima;97;BR-040/RJ;Sul;Tombamento;;;1;;;;;;;;0;1;;;
05/01/2014;18:01:00;834;com vítima;101;BR-040/RJ;Sul;Choque - Objeto Fixo;1;;;;;;;;;;0;1;;;
05/01/2014;23:33:00;894;com vítima;114;BR-040/RJ;Norte;Colisão Traseira;2;;;;;;;;;;1;2;;;
05/01/2014;09:21:00;777;com vítima;815;BR-040/MG;Sul;Colisão Frontal;2;;;;;;;;;;1;5;;;
05/01/2014;20:59:00;877;com vítima;121;BR-040/RJ;Sul;Colisão Traseira;2;;;;;;;;;;0;3;1;;
06/01/2014;09:27:00;935;com vítima;47;BR-040/RJ;Norte;Capotamento;1;;;;;;;;;;0;1;;;
06/01/2014;11:00:00;953;com vítima;57;BR-040/RJ;Sul;Choque - Objeto Fixo;;;1;;;;;;;;0;1;;;
06/01/2014;07:14:00;920;sem vítima;73;BR-040/RJ;Sul;Choque - Objeto Fixo;1;;;;;;;;;;1;;;;
06/01/2014;12:25:00;959;com vítima;92;BR-040/RJ;Norte;Capotamento;1;;;;;;;;;;0;2;;;
06/01/2014;01:09:00;899;sem vítima;102;BR-040/RJ;Sul;Choque - Objeto Fixo;1;;;;;;;;;;1;;;;
06/01/2014;12:06:00;958;com vítima;110;BR-040/RJ;Sul;Capotamento;1;;;;;;;;;;0;4;;;
06/01/2014;17:04:00;995;sem vítima;114;BR-040/RJ;Sul;Colisão Lateral;1;;1;;;;;;;;2;;;;
06/01/2014;12:38:00;962;sem vítima;115;BR-040/RJ;Norte;Colisão Lateral;1;;;;1;;;;;;2;;;;
06/01/2014;07:09:00;919;sem vítima;123;BR-040/RJ;Sul;Colisão Lateral;1;;1;;;;;;;;2;;;;
07/01/2014;12:31:00;1090;sem vítima;91;BR-040/RJ;Norte;Choque - Objeto Fixo;1;;;;;;;;;;1;;;;
07/01/2014;02:18:00;1046;sem vítima;105;BR-040/RJ;Sul;Choque - Objeto Fixo;1;;;;;;;;;;1;;;;
07/01/2014;17:00:00;1130;sem vítima;781;BR-040/MG;Norte;Atropelamento - Animal;1;;;;;;;;;;1;;;;
07/01/2014;11:06:00;1084;com vítima;798;BR-040/MG;Norte;Colisão Traseira;1;;1;;;;;;;;1;2;;;
08/01/2014;08:11:00;1224;sem vítima;8;BR-040/RJ;Sul;Choque - Objeto Fixo;;;1;;;;;;;;1;;;;
08/01/2014;16:53:00;1291;com vítima;68;BR-040/RJ;Sul;Choque - Objeto Fixo;1;;;;;;;;;;0;2;;;
08/01/2014;02:40:00;1202;com vítima;98;BR-040/RJ;Norte;Colisão Frontal;;;;1;;1;;;;;1;;;;1
08/01/2014;10:52:00;1243;sem vítima;108;BR-040/RJ;Sul;Colisão Traseira;2;;;;;;;;;;2;;;;
08/01/2014;06:24:00;1215;com vítima;113;BR-040/RJ;Sul;Queda de Moto;;;;1;;;;;;;0;2;;;
08/01/2014;20:40:00;1322;sem vítima;114;BR-040/RJ;Norte;Choque - Objeto Fixo;1;;;;;;;;;;1;;;;
08/01/2014;15:25:00;1270;com vítima;115;BR-040/RJ;Norte;Colisão Traseira;2;;2;;;;;;;;2;5;;;
08/01/2014;15:14:00;1267;com vítima;117;BR-040/RJ;Sul;Engavetamento;2;;1;;;;;;;;2;1;;;
08/01/2014;18:55:00;1306;sem vítima;117;BR-040/RJ;Norte;Colisão Traseira;1;;1;;;;;;;;2;;;;
08/01/2014;13:34:00;1255;com vítima;792;BR-040/MG;Norte;Choque - Objeto Fixo;1;;;;;;;;;;0;2;;;
08/01/2014;21:07:00;1329;sem vítima;801;BR-040/MG;Sul;Colisão Lateral;1;;;;;1;;;;;2;;;;
09/01/2014;17:21:00;1473;com vítima;84;BR-040/RJ;Sul;Engavetamento;1;;3;;;;;;;;0;9;;;
09/01/2014;17:19:00;1472;sem vítima;92;BR-040/RJ;Sul;Choque - Objeto Fixo;1;;;;;;;;;;1;;;;
09/01/2014;20:04:00;1493;com vítima;92;BR-040/RJ;Sul;Derrapagem;1;;;;;;;;;;0;1;;;
09/01/2014;17:33:00;1469;sem vítima;93;BR-040/RJ;Norte;Colisão Traseira;;;2;;;;;;;;2;;;;
09/01/2014;15:28:00;1452;sem vítima;105;BR-040/RJ;Norte;Colisão Traseira;;;2;;;;;;;;2;;;;
09/01/2014;19:24:00;1485;sem vítima;105;BR-040/RJ;Norte;Colisão Lateral;;;;;2;;;;;;2;;;;
09/01/2014;18:45:00;1483;sem vítima;107;BR-040/RJ;Norte;Colisão Lateral;2;;;;;;;;;;2;;;;
09/01/2014;07:27:00;1380;com vítima;113;BR-040/RJ;Sul;Colisão Traseira;1;;;;;1;;;;;1;1;;;
09/01/2014;09:14:00;1394;sem vítima;802;BR-040/MG;Sul;Derrapagem;1;;;;;;;;;;1;;;;
09/01/2014;14:01:00;1433;com vítima;821;BR-040/MG;Norte;Choque - Objeto Fixo;;;1;;;;;;;;0;1;;;
10/01/2014;18:31:00;1629;sem vítima;93;BR-040/RJ;Sul;Capotamento;1;;;;;;;;;;1;;;;
10/01/2014;14:58:00;1591;com vítima;113;BR-040/RJ;Norte;Colisão Lateral;2;;;;;;;;;;1;1;;;
10/01/2014;20:26:00;1655;com vítima;113;BR-040/RJ;Norte;Queda de Moto;;;;1;;;;;;;0;;1;;
10/01/2014;14:08:00;1580;sem vítima;116;BR-040/RJ;Norte;Derrapagem;1;;;;;;;;;;1;;;;
10/01/2014;20:11:00;1652;com vítima;121;BR-040/RJ;Norte;Colisão Lateral;2;;;;;;;;;;1;2;;;
10/01/2014;06:09:00;1531;sem vítima;124;BR-040/RJ;Norte;Engavetamento;1;;1;;1;;;;;;3;;;;
11/01/2014;15:07:00;1801;com vítima;32;BR-040/RJ;Norte;Choque - Objeto Fixo;1;;;;;;;;;;0;1;;;
11/01/2014;12:21:00;1769;com vítima;86;BR-040/RJ;Sul;Queda de Moto;;;;1;;;;;;;0;1;;;
11/01/2014;11:55:00;1760;sem vítima;96;BR-040/RJ;Norte;Engavetamento;1;;;;;2;;;;;3;;;;
11/01/2014;06:59:00;1708;com vítima;99;BR-040/RJ;Sul;Queda de Moto;;;;1;;;;;;;0;1;;;
11/01/2014;14:12:00;1793;sem vítima;105;BR-040/RJ;Norte;Colisão Frontal;2;;;;;;;;;;2;;;;
11/01/2014;15:32:00;1807;sem vítima;105;BR-040/RJ;Norte;Colisão Traseira;2;;;;;;;;;;2;;;;
11/01/2014;15:53:00;1815;sem vítima;109;BR-040/RJ;Norte;Colisão Lateral;1;;1;;;;;;;;2;;;;
11/01/2014;13:07:00;1781;com vítima;113;BR-040/RJ;Norte;Colisão Traseira;1;;;1;;;;;;;1;1;;;
11/01/2014;05:04:00;1700;sem vítima;114;BR-040/RJ;Norte;Colisão Traseira;1;;;;;1;;;;;2;;;;
11/01/2014;23:58:00;1878;sem vítima;115;BR-040/RJ;Norte;Colisão Transversal;1;;;;;1;;;;;2;;;;
11/01/2014;10:28:00;1738;com vítima;782;BR-040/MG;Sul;Capotamento;1;;;;;;;;;;0;1;;;
11/01/2014;08:42:00;1722;com vítima;789;BR-040/MG;Sul;Capotamento;2;;;;;;;;;;1;1;;;
11/01/2014;19:19:00;1855;sem vítima;121;BR-040/RJ;Norte;Colisão Traseira;1;;;;1;;;;;;2;;;;
12/01/2014;22:54:00;2047;com vítima;44;BR-040/RJ;Norte;Atropelamento - Animal;1;;;;;;;;;;4;2;;;
12/01/2014;23:25:00;2053;sem vítima;44;BR-040/RJ;Norte;Colisão Lateral;;;;;1;1;;;;;2;;;;
12/01/2014;09:31:00;1917;com vítima;74;BR-040/RJ;Norte;Queda de Moto;;;;1;;;;;;;0;1;;;
12/01/2014;09:14:00;1914;com vítima;80;BR-040/RJ;Norte;Capotamento;1;;;;;;;;;;0;3;;;
12/01/2014;08:40:00;1907;sem vítima;87;BR-040/RJ;Norte;Colisão Traseira;1;;;;;;;;;;1;;;;
12/01/2014;14:50:00;1970;sem vítima;103;BR-040/RJ;Sul;Choque - Objeto Fixo;;;1;;;;;;;;1;;;;
12/01/2014;18:52:00;2014;sem vítima;113;BR-040/RJ;Sul;Choque - Objeto Fixo;1;;;;;;;;;;1;;;;
12/01/2014;04:28:00;1890;sem vítima;115;BR-040/RJ;Norte;Choque - Objeto Fixo;1;;;;;;;;;;1;;;;
12/01/2014;17:36:00;1998;com vítima;790;BR-040/MG;Norte;Colisão Lateral;1;;;1;;;;;;;1;;1;;
12/01/2014;03:24:00;1888;com vítima;118;BR-040/RJ;Sul;Choque - Objeto Fixo;1;;;;;;;;;;0;;1;;
12/01/2014;02:11:00;1887;com vítima;800;BR-040/MG;Norte;Capotamento;1;;;;;;;;;;0;1;;;
12/01/2014;17:51:00;2002;sem vítima;802;BR-040/MG;Sul;Colisão Traseira;2;;;;;;;;;;2;;;;
13/01/2014;11:12:00;2128;sem vítima;12;BR-040/RJ;Norte;Colisão Lateral;1;;1;;;;;;;;2;;;;
13/01/2014;15:26:00;2152;sem vítima;83;BR-040/RJ;Norte;Colisão Traseira;1;;1;;;;;;;;2;;;;
13/01/2014;06:45:00;2092;sem vítima;86;BR-040/RJ;Norte;Choque - Objeto Fixo;1;;;;;;;;;;1;;;;
13/01/2014;04:15:00;2070;sem vítima;97;BR-040/RJ;Sul;Tombamento;;;1;;;;;;;;1;;;;
13/01/2014;20:20:00;2217;sem vítima;109;BR-040/RJ;Norte;Colisão Traseira;1;;;;1;;;;;;2;;;;
13/01/2014;09:48:00;2118;sem vítima;802;BR-040/MG;Sul;Choque - Objeto Fixo;1;;;;;;;;;;1;;;;
13/01/2014;10:40:00;2124;com vítima;825;BR-040/MG;Sul;Capotamento;1;;;;;;;;;;0;3;;;
13/01/2014;16:51:00;2169;com vítima;121;BR-040/RJ;Sul;Engavetamento;3;;1;;;;;;;;3;1;;;
14/01/2014;07:00:00;2267;sem vítima;61;BR-040/RJ;Norte;Colisão Traseira;2;;;;;;;;;;2;;;;
14/01/2014;15:25:00;2336;com vítima;66;BR-040/RJ;Norte;Choque - Objeto Fixo;1;;;;;;;;;;0;2;;;
14/01/2014;11:57:00;2312;com vítima;85;BR-040/RJ;Sul;Colisão Traseira;1;1;;;;;;;;;0;1;1;;
14/01/2014;06:37:00;2265;sem vítima;95,002;BR-040/RJ;Norte;Colisão Lateral;1;;1;;;;;;;;2;;;;
14/01/2014;07:14:00;2270;sem vítima;110;BR-040/RJ;Sul;Colisão Lateral;;;1;;1;;;;;;2;;;;
14/01/2014;18:15:00;2362;sem vítima;111;BR-040/RJ;Norte;Colisão Traseira;2;;;;;;;;;;2;;;;
14/01/2014;11:04:00;2303;sem vítima;113;BR-040/RJ;Norte;Colisão Traseira;2;;;;;;;;;;2;;;;
14/01/2014;10:44:00;2301;com vítima;805;BR-040/MG;Sul;Colisão Traseira;;;2;;;;;;;;1;;1;;
14/01/2014;16:50:00;2351;sem vítima;122;BR-040/RJ;Norte;Colisão Lateral;1;;1;;;;;;;;2;;;;
15/01/2014;18:55:00;2548;com vítima;53;BR-040/RJ;Sul;Atropelamento - Pedestre;1;;;;;;;;;;3;;;;1
15/01/2014;14:58:00;2505;com vítima;68;BR-040/RJ;Norte;Capotamento;1;;;;;;;;;;1;1;1;;
15/01/2014;18:30:00;2545;sem vítima;80;BR-040/RJ;Sul;Choque - Objeto Fixo;1;;;;;;;;;;1;;;;
15/01/2014;18:19:00;2542;sem vítima;82;BR-040/RJ;Norte;Choque - Objeto Fixo;1;;;;;;;;;;1;;;;
15/01/2014;18:15:00;2544;sem vítima;92;BR-040/RJ;Norte;Choque - Objeto Fixo;1;;;;;;;;;;1;;;;
15/01/2014;10:58:00;2468;sem vítima;104;BR-040/RJ;Sul;Colisão Traseira;;;1;;1;;;;;;2;;;;
15/01/2014;07:39:00;2433;sem vítima;109;BR-040/RJ;Sul;Colisão Traseira;1;;;;;1;;;;;2;;;;
15/01/2014;17:09:00;2529;sem vítima;110;BR-040/RJ;Norte;Colisão Traseira;2;;;;;;;;;;2;;;;
15/01/2014;17:45:00;2535;sem vítima;110;BR-040/RJ;Norte;Engavetamento;2;;1;;;;;;;;3;;;;
15/01/2014;16:54:00;2528;com vítima;115;BR-040/RJ;Norte;Choque - Objeto Fixo;1;;;;;;;;;;0;1;;;
15/01/2014;13:40:00;2493;sem vítima;118;BR-040/RJ;Sul;Colisão Lateral;2;;;;;;;;;;2;;;;
16/01/2014;11:42:00;2645;com vítima;4;BR-040/RJ;Norte;Choque - Objeto Fixo;1;;;;;;;;;;0;1;;;
16/01/2014;20:47:00;2739;sem vítima;31;BR-040/RJ;Norte;Choque - Objeto Fixo;1;;;;;;;;;;1;;;;
16/01/2014;21:05:00;2743;com vítima;39;BR-040/RJ;Sul;Queda de Moto;;;;1;;;;;;;0;;;1;
16/01/2014;10:04:00;2632;sem vítima;62;BR-040/RJ;Sul;Choque - Objeto Fixo;1;;;;;;;;;;1;;;;
16/01/2014;02:02:00;2588;sem vítima;77;BR-040/RJ;Sul;Colisão Traseira;1;;1;;;;;;;;2;;;;
16/01/2014;11:03:00;2640;sem vítima;90;BR-040/RJ;Sul;Colisão Traseira;2;;;;;;;;;;2;;;;
16/01/2014;17:20:00;2706;sem vítima;90;BR-040/RJ;Norte;Choque - Objeto Fixo;1;;;;;;;;;;1;;;;
16/01/2014;17:02:00;2700;sem vítima;91;BR-040/RJ;Sul;Choque - Objeto Fixo;1;;;;;;;;;;1;;;;
16/01/2014;18:51:00;2722;sem vítima;109;BR-040/RJ;Sul;Colisão Traseira;1;;1;;;;;;;;2;;;;
16/01/2014;22:22:00;2753;sem vítima;112;BR-040/RJ;Sul;Choque - Objeto Fixo;1;;;;;;;;;;1;;;;
16/01/2014;21:16:00;2745;sem vítima;114;BR-040/RJ;Norte;Choque - Objeto Fixo;1;;;;;;;;;;1;;;;
16/01/2014;17:54:00;2713;com vítima;120;BR-040/RJ;Norte;Tombamento;;;1;;;;;;;;0;;2;;
16/01/2014;19:02:00;2724;com vítima;121;BR-040/RJ;Sul;Tombamento;;;1;;;;;;;;0;;1;1;
17/01/2014;17:17:00;2881;sem vítima;34;BR-040/RJ;Norte;Choque - Objeto Fixo;1;;;;;;;;;;1;;;;
17/01/2014;21:01:00;2912;sem vítima;38;BR-040/RJ;Norte;Colisão Traseira;1;;1;;;;;;;;2;;;;
17/01/2014;17:32:00;2885;com vítima;39;BR-040/RJ;Norte;Choque - Objeto Fixo;1;;;;;;;;;;0;3;;;
17/01/2014;23:07:00;2930;sem vítima;42;BR-040/RJ;Norte;Choque - Objeto Fixo;1;;;;;;;;;;3;;;;
17/01/2014;02:20:00;2773;sem vítima;65;BR-040/RJ;Sul;Choque - Objeto Fixo;1;;;;;;;;;;1;;;;
17/01/2014;10:24:00;2818;sem vítima;77;BR-040/RJ;Sul;Choque - Objeto Fixo;1;;;;;;;;;;1;;;;
17/01/2014;00:40:00;2769;sem vítima;78;BR-040/RJ;Sul;Choque - Objeto Fixo;1;;;;;;;;;;1;;;;
17/01/2014;10:44:00;2824;sem vítima;78;BR-040/RJ;Sul;Choque - Objeto Fixo;1;;;;;;;;;;1;;;;
17/01/2014;13:53:00;2851;sem vítima;84;BR-040/RJ;Sul;Choque - Objeto Fixo;1;;;;;;;;;;1;;;;
17/01/2014;18:26:00;2895;com vítima;84;BR-040/RJ;Norte;Choque - Objeto Fixo;1;;;;;;;;;;0;1;;;
17/01/2014;08:20:00;2803;sem vítima;92;BR-040/RJ;Norte;Choque - Objeto Fixo;1;;;;;;;;;;1;;;;
17/01/2014;09:48:00;2813;sem vítima;93;BR-040/RJ;Sul;Choque - Objeto Fixo;1;;;;;;;;;;1;;;;
17/01/2014;19:19:00;2902;sem vítima;94;BR-040/RJ;Norte;Colisão Traseira;1;;;;1;;;;;;2;;;;
17/01/2014;12:46:00;2837;com vítima;106;BR-040/RJ;Sul;Atropelamento - Pedestre;1;1;;;;;;;;;1;1;;;
17/01/2014;09:29:00;2809;sem vítima;109;BR-040/RJ;Sul;Colisão Lateral;;;1;;;1;;;;;2;;;;
17/01/2014;07:49:00;2797;com vítima;112;BR-040/RJ;Sul;Colisão Traseira;2;;;;;;;;;;2;2;;;
17/01/2014;18:57:00;2898;com vítima;113;BR-040/RJ;Norte;Colisão Traseira;2;;1;;;;;;;;1;3;;;
17/01/2014;21:52:00;2921;sem vítima;113;BR-040/RJ;Norte;Colisão Traseira;;;2;;;;;;;;2;;;;
17/01/2014;05:15:00;2781;sem vítima;114;BR-040/RJ;Sul;Choque - Objeto Fixo;1;;;;;;;;;;1;;;;
17/01/2014;17:32:00;2886;sem vítima;786;BR-040/MG;Norte;Choque - Objeto Fixo;1;;;;;;;;;;1;;;;
17/01/2014;00:03:00;2765;com vítima;793;BR-040/MG;Norte;Choque - Objeto Fixo;1;;;;;;;;;;0;;1;;
17/01/2014;17:05:00;2877;sem vítima;124;BR-040/RJ;Norte;Colisão Traseira;;;1;1;;;;;;;2;;;;
18/01/2014;18:26:00;3058;sem vítima;18;BR-040/RJ;Norte;Choque - Objeto Fixo;1;;;;;;;;;;1;;;;
18/01/2014;17:31:00;3048;com vítima;54;BR-040/RJ;Sul;Capotamento;1;;;;;;;;;;0;1;;;
18/01/2014;01:13:00;2937;com vítima;72;BR-040/RJ;Norte;Tombamento;;;1;;;;;;;;0;3;;;
18/01/2014;09:42:00;2986;sem vítima;92;BR-040/RJ;Norte;Choque - Objeto Fixo;1;;;;;;;;;;1;;;;
18/01/2014;16:20:00;3037;sem vítima;98;BR-040/RJ;Norte;Colisão Traseira;1;;1;;;;;;;;2;;;;
18/01/2014;23:19:00;3088;com vítima;102;BR-040/RJ;Norte;Colisão Traseira;1;;;1;;;;;;;1;2;;;
18/01/2014;21:52:00;3080;com vítima;114;BR-040/RJ;Sul;Colisão Traseira;2;;;;;;;;;;1;1;;;
18/01/2014;08:18:00;2972;com vítima;780;BR-040/MG;Sul;Capotamento;1;;;;;;;;;;0;1;1;;
18/01/2014;10:25:00;2990;sem vítima;784;BR-040/MG;Norte;Colisão Traseira;1;;;1;;;;;;;2;;;;
18/01/2014;04:56:00;2947;com vítima;787;BR-040/MG;Norte;Tombamento;;;1;;;;;;;;0;;2;;
18/01/2014;05:22:00;2951;com vítima;799;BR-040/MG;Norte;Queda de Moto;;;;1;;;;;;;0;1;;;
18/01/2014;13:06:00;3009;com vítima;118;BR-040/RJ;Sul;Queda de Moto;;;;1;;;;;;;0;2;;;
18/01/2014;06:23:00;2959;sem vítima;803;BR-040/MG;Sul;Choque - Objeto Fixo;1;;;;;;;;;;1;;;;
18/01/2014;21:08:00;3071;com vítima;119;BR-040/RJ;Sul;Atropelamento - Pedestre;1;;;;;;;;;;1;;;;1
18/01/2014;21:47:00;3078;sem vítima;119;BR-040/RJ;Sul;Colisão Traseira;2;;;;;;;;;;2;;;;
18/01/2014;21:52:00;3079;sem vítima;119;BR-040/RJ;Sul;Choque - Objeto Fixo;1;;;;;;;;;;1;;;;
18/01/2014;04:02:00;2945;sem vítima;122;BR-040/RJ;Sul;Colisão Traseira;2;;;;;;;;;;2;;;;
18/01/2014;09:28:00;2984;com vítima;123;BR-040/RJ;Norte;Engavetamento;2;;1;;;;;;;;2;4;;;
18/01/2014;12:01:00;3002;sem vítima;123;BR-040/RJ;Norte;Colisão Traseira;2;;;;;;;;;;2;;;;
19/01/2014;16:05:00;3176;sem vítima;45;BR-040/RJ;Norte;Colisão Traseira;2;;;;;;;;;;2;;;;
19/01/2014;13:20:00;3150;sem vítima;53;BR-040/RJ;Sul;Choque - Objeto Fixo;1;;;;;;;;;;1;;;;
19/01/2014;15:24:00;3169;sem vítima;60;BR-040/RJ;Norte;Choque - Objeto Fixo;1;;;;;;;;;;1;;;;
19/01/2014;15:38:00;3171;com vítima;80;BR-040/RJ;Sul;Queda de Moto;;;;1;;;;;;;0;;1;;
20/01/2014;18:16:00;3333;com vítima;78;BR-040/RJ;Sul;Choque - Objeto Fixo;1;;;;;;;;;;0;2;;;
20/01/2014;14:41:00;3295;com vítima;97;BR-040/RJ;Sul;Colisão Traseira;1;;;;;1;;;;;1;6;;;
20/01/2014;07:38:00;3238;sem vítima;113;BR-040/RJ;Norte;Queda de Moto;;;;1;;;;;;;1;;;;
20/01/2014;07:41:00;3241;com vítima;795;BR-040/MG;Sul;Engavetamento;3;;;;;;;;;;5;3;;;
20/01/2014;10:45:00;3261;com vítima;119;BR-040/RJ;Norte;Colisão Traseira;1;;1;;;;;;;;1;1;;;
20/01/2014;22:04:00;3354;com vítima;122;BR-040/RJ;Norte;Choque - Objeto Fixo;1;;;;;;;;;;0;1;;;
21/01/2014;18:28:00;3505;com vítima;57;BR-040/RJ;Norte;Colisão Lateral;;1;1;;;;;;;;2;;1;;
21/01/2014;16:59:00;3480;com vítima;70;BR-040/RJ;Norte;Choque - Objeto Fixo;1;;;;;;;;;;0;1;;;
21/01/2014;02:36:00;3381;sem vítima;84;BR-040/RJ;Norte;Choque - Objeto Fixo;1;;;;;;;;;;1;;;;
21/01/2014;11:21:00;3422;sem vítima;815;BR-040/MG;Sul;Colisão Traseira;2;;;;;;;;;;2;;;;
21/01/2014;18:50:00;3511;sem vítima;119;BR-040/RJ;Norte;Colisão Traseira;2;;;;;;;;;;2;;;;
21/01/2014;23:18:00;3536;sem vítima;121;BR-040/RJ;Sul;Colisão Lateral;1;;;;;1;;;;;2;;;;
21/01/2014;09:25:00;3410;sem vítima;123;BR-040/RJ;Norte;Colisão Lateral;2;;;;;;;;;;2;;;;
21/01/2014;16:10:00;3473;sem vítima;123;BR-040/RJ;Sul;Colisão Lateral;1;;1;;;;;;;;2;;;;
22/01/2014;00:29:00;3543;sem vítima;43;BR-040/RJ;Norte;Choque - Objeto Fixo;1;;;;;;;;;;1;;;;
22/01/2014;09:58:00;3582;com vítima;64;BR-040/RJ;Norte;Capotamento;1;;;;;;;;;;1;;2;;
22/01/2014;18:56:00;3672;sem vítima;84;BR-040/RJ;Norte;Choque - Objeto Fixo;1;;;;;;;;;;1;;;;
22/01/2014;15:33:00;3626;com vítima;92;BR-040/RJ;Sul;Colisão Lateral;1;;;;;;;;1;;2;2;1;;
22/01/2014;17:13:00;3654;sem vítima;92;BR-040/RJ;Norte;Choque - Objeto Fixo;1;;;;;;;;;;1;;;;
22/01/2014;19:14:00;3679;sem vítima;94;BR-040/RJ;Sul;Choque - Objeto Fixo;1;;;;;;;;;;1;;;;
22/01/2014;15:42:00;3629;com vítima;96;BR-040/RJ;Norte;Tombamento;;;1;;;;;;;;0;1;;;
22/01/2014;18:30:00;3666;sem vítima;105;BR-040/RJ;Norte;Colisão Traseira;1;;1;;;;;;;;2;;;;
22/01/2014;06:40:00;3563;com vítima;110;BR-040/RJ;Norte;Queda de Moto;1;;;1;;;;;;;1;2;;;
22/01/2014;10:11:00;3583;sem vítima;112;BR-040/RJ;Norte;Choque - Objeto Fixo;1;;;;;;;;;;1;;;;
22/01/2014;11:43:00;3596;sem vítima;123;BR-040/RJ;Sul;Choque - Objeto Fixo;1;;1;;;;;;;;2;;;;
22/01/2014;17:18:00;3657;sem vítima;124;BR-040/RJ;Sul;Colisão Traseira;1;;1;;;;;;;;2;;;;
22/01/2014;17:40:00;3659;sem vítima;124;BR-040/RJ;Sul;Colisão Traseira;1;;1;;;;;;;;2;;;;
23/01/2014;17:47:00;3825;com vítima;64;BR-040/RJ;Norte;Capotamento;1;;;;;;;;;;0;1;;;
23/01/2014;14:15:00;3789;com vítima;78;BR-040/RJ;Sul;Choque - Objeto Fixo;1;;;;;;;;;;0;1;;;
23/01/2014;23:29:00;3858;com vítima;85;BR-040/RJ;Sul;Queda de Moto;;;;1;;;;;;;0;;2;;
23/01/2014;11:18:00;3771;sem vítima;89;BR-040/RJ;Sul;Colisão Traseira;1;;;;;1;;;;;2;;;;
23/01/2014;20:52:00;3842;sem vítima;93;BR-040/RJ;Norte;Colisão Traseira;1;;;;;1;;;;;2;;;;
23/01/2014;17:15:00;3819;com vítima;115;BR-040/RJ;Norte;Colisão Lateral;1;;;1;;;;;;;1;;1;;
23/01/2014;17:45:00;3824;sem vítima;817;BR-040/MG;Norte;Choque - Objeto Fixo;1;;;;;;;;;;1;;;;
23/01/2014;07:25:00;3731;sem vítima;124;BR-040/RJ;Sul;Colisão Lateral;1;;1;;;;;;;;2;;;;