data;horario;n_da_ocorrencia;tipo_de_ocorrencia;km;trecho;sentido;tipo_de_acidente;automovel;bicicleta;caminhao;moto;onibus;outros;tracao_animal;transporte_de_cargas_especiais;trator_maquinas;utilitarios;ilesos;levemente_feridos;moderadamente_feridos;gravemente_feridos;mortos
17/02/2014;14:38:00;2776;sem vítima;117;BR-040/RJ;Sul;Engavetamento;4;;;;;;;;;;4;;;;
17/02/2014;15:06:00;2783;sem vítima;117;BR-040/RJ;Sul;Colisão Traseira;2;;;;;;;;;;2;;;;
17/02/2014;14:53:00;2781;com vítima;783;BR-040/MG;Sul;Choque - Objeto Fixo;1;;;;;;;;;;0;1;;;
17/02/2014;11:06:00;2757;com vítima;794;BR-040/MG;Sul;Choque - Objeto Fixo;1;;;;;;;;;;0;3;;;
17/02/2014;01:10:00;2564;sem vítima;799;BR-040/MG;Norte;Choque - Objeto Fixo;1;;;;;;;;;;1;;;;
17/02/2014;02:22:00;2568;sem vítima;799;BR-040/MG;Sul;Choque - Objeto Fixo;1;;;;;;;;;;1;;;;
17/02/2014;16:01:00;2789;sem vítima;800;BR-040/MG;Sul;Choque - Objeto Fixo;1;;;;;;;;;;1;;;;
17/02/2014;08:30:00;2735;sem vítima;119;BR-040/RJ;Sul;Colisão Lateral;1;;;1;;;;;;;2;;;;
17/02/2014;04:08:00;2572;com vítima;122;BR-040/RJ;Norte;Atropelamento - Pedestre;1;;;;;;;;;;0;1;;;1
18/02/2014;14:51:00;2902;com vítima;72;BR-040/RJ;Sul;Capotamento;1;;;;;;;;;;0;1;;;
18/02/2014;21:43:00;2956;sem vítima;72;BR-040/RJ;Sul;Choque - Objeto Fixo;1;;;;;;;;;;1;;;;
18/02/2014;23:42:00;2965;sem vítima;72;BR-040/RJ;Norte;Choque - Objeto Fixo;1;;;;;;;;;;1;;;;
18/02/2014;11:12:00;2881;sem vítima;78;BR-040/RJ;Sul;Choque - Objeto Fixo;1;;;;;;;;;;1;;;;
18/02/2014;18:43:00;2935;sem vítima;84;BR-040/RJ;Norte;Engavetamento;3;;;;;;;;;;3;;;;
18/02/2014;13:23:00;2894;sem vítima;93;BR-040/RJ;Sul;Derrapagem;1;;;;;;;;;;1;;;;
18/02/2014;23:02:00;2961;sem vítima;93;BR-040/RJ;Norte;Choque - Objeto Fixo;1;;;;;;;;;;1;;;;
18/02/2014;15:03:00;2904;com vítima;97;BR-040/RJ;Norte;Colisão Traseira;2;;1;;;;;;;;2;1;;;
18/02/2014;17:18:00;2924;com vítima;112;BR-040/RJ;Norte;Queda de Moto;;;;1;;;;;;;0;1;;;
18/02/2014;07:24:00;2857;sem vítima;113;BR-040/RJ;Sul;Colisão Lateral;1;;1;;;;;;;;2;;;;
18/02/2014;19:23:00;2940;com vítima;813;BR-040/MG;Norte;Colisão Traseira;2;;;;;;;;;;1;1;;;
19/02/2014;21:24:00;3088;sem vítima;73;BR-040/RJ;Sul;Capotamento;1;;;;;;;;;;1;;;;
19/02/2014;17:27:00;3062;sem vítima;81;BR-040/RJ;Sul;Choque - Objeto Fixo;1;;;;;;;;;;1;;;;
19/02/2014;05:22:00;2984;sem vítima;91;BR-040/RJ;Sul;Choque - Objeto Fixo;1;;;;;;;;;;1;;;;
19/02/2014;08:22:00;2997;sem vítima;109;BR-040/RJ;Norte;Choque - Objeto Fixo;2;;;;;;;;;;2;;;;
19/02/2014;09:05:00;3003;com vítima;780;BR-040/MG;Norte;Queda de Moto;;;;1;;;;;;;0;1;;;
19/02/2014;23:04:00;3096;sem vítima;784;BR-040/MG;Sul;Choque - Objeto Fixo;1;;;;;;;;;;1;;;;
19/02/2014;19:04:00;3071;sem vítima;122;BR-040/RJ;Sul;Engavetamento;3;;;;;;;;;;3;;;;
19/02/2014;14:49:00;3045;sem vítima;123;BR-040/RJ;Sul;Colisão Lateral;1;;1;;;;;;;;2;;;;
20/02/2014;12:08:00;3162;sem vítima;25;BR-040/RJ;Norte;Choque - Objeto Fixo;1;;;;;;;;;;1;;;;
20/02/2014;08:07:00;3131;sem vítima;104;BR-040/RJ;Norte;Colisão Traseira;1;;;;;1;;;;;2;;;;
20/02/2014;20:50:00;3234;sem vítima;113;BR-040/RJ;Norte;Colisão Lateral;2;;;;;;;;;;2;;;;
20/02/2014;16:37:00;3195;com vítima;810;BR-040/MG;Norte;Colisão Lateral;;;2;;;;;;;;1;;;;1
20/02/2014;15:37:00;3185;sem vítima;120;BR-040/RJ;Sul;Colisão Lateral;1;;1;;;;;;;;2;;;;
20/02/2014;20:39:00;3232;com vítima;120;BR-040/RJ;Sul;Colisão Traseira;1;;;;;1;;;;;1;2;;;
20/02/2014;09:58:00;3148;sem vítima;122;BR-040/RJ;Sul;Colisão Traseira;;;2;;;;;;;;2;;;;
21/02/2014;18:05:00;3380;com vítima;46;BR-040/RJ;Norte;Atropelamento - Pedestre;1;;;;;;;;;;0;2;;1;
21/02/2014;18:24:00;3381;sem vítima;55;BR-040/RJ;Sul;Colisão Lateral;2;;;;;;;;;;2;;;;
21/02/2014;19:52:00;3397;com vítima;72;BR-040/RJ;Sul;Capotamento;1;;;;;;;;;;0;1;2;;
21/02/2014;19:38:00;3401;sem vítima;72;BR-040/RJ;Norte;Choque - Objeto Fixo;1;;;;;;;;;;1;;;;
21/02/2014;19:38:00;3409;sem vítima;72;BR-040/RJ;Norte;Capotamento;1;;;;;;;;;;1;;;;
21/02/2014;19:28:00;3389;com vítima;73;BR-040/RJ;Norte;Capotamento;1;;;;;;;;;;0;1;;;
21/02/2014;19:38:00;3396;sem vítima;73;BR-040/RJ;Norte;Choque - Objeto Fixo;1;;;;;;;;;;1;;;;
21/02/2014;19:38:00;3399;com vítima;73;BR-040/RJ;Norte;Capotamento;1;;;;;;;;;;0;1;;;
21/02/2014;01:42:00;3261;com vítima;77;BR-040/RJ;Sul;Derrapagem;1;;;;;;;;;;0;1;;;
21/02/2014;11:51:00;3320;sem vítima;104;BR-040/RJ;Sul;Colisão Traseira;1;;1;;;;;;;;2;;;;
21/02/2014;10:09:00;3306;sem vítima;105;BR-040/RJ;Norte;Choque - Objeto Fixo;1;;;;;;;;;;1;;;;
21/02/2014;15:16:00;3353;com vítima;109;BR-040/RJ;Norte;Colisão Traseira;2;;;1;;;;;;;2;;;1;
21/02/2014;17:11:00;3374;sem vítima;110;BR-040/RJ;Norte;Colisão Lateral;2;;;;;;;;;;2;;;;
21/02/2014;00:46:00;3258;com vítima;113;BR-040/RJ;Norte;Choque - Objeto Fixo;1;;;;;;;;;;0;;;2;
21/02/2014;14:38:00;3343;com vítima;779;BR-040/MG;Norte;Queda de Moto;;;;1;;;;;;;0;1;;;
21/02/2014;23:45:00;3428;sem vítima;116;BR-040/RJ;Sul;Colisão Lateral;2;;;;;;;;;;2;;;;
21/02/2014;05:29:00;3274;sem vítima;117;BR-040/RJ;Sul;Colisão Traseira;2;;;;;;;;;;2;;;;
21/02/2014;15:24:00;3354;sem vítima;805;BR-040/MG;Norte;Colisão Lateral;2;;;;;;;;;;2;;;;
22/02/2014;16:47:00;3528;sem vítima;28;BR-040/RJ;Norte;Choque - Objeto Fixo;1;;;;;;;;;;1;;;;
22/02/2014;10:50:00;3483;com vítima;69;BR-040/RJ;Norte;Choque - Objeto Fixo;1;;;;;;;;;;0;;1;;
22/02/2014;19:56:00;3561;sem vítima;77;BR-040/RJ;Sul;Colisão Traseira;2;;;;;;;;;;2;;;;
22/02/2014;14:15:00;3501;sem vítima;92;BR-040/RJ;Norte;Colisão Traseira;1;;;;;1;;;;;2;;;;
22/02/2014;14:51:00;3508;sem vítima;98;BR-040/RJ;Norte;Colisão Lateral;1;;1;;;;;;;;2;;;;
22/02/2014;01:57:00;3438;com vítima;101;BR-040/RJ;Norte;Capotamento;1;;;;;;;;;;0;2;;;
22/02/2014;18:51:00;3549;com vítima;105;BR-040/RJ;Norte;Colisão Lateral;1;;;1;;;;;;;1;2;;;
22/02/2014;01:44:00;3437;sem vítima;110;BR-040/RJ;Sul;Colisão Lateral;2;;;;;;;;;;2;;;;
22/02/2014;05:38:00;3451;com vítima;112;BR-040/RJ;Sul;Choque - Objeto Fixo;1;;;;;;;;;;0;1;;;
22/02/2014;21:10:00;3569;com vítima;113;BR-040/RJ;Sul;Queda de Moto;;;;1;;;;;;;0;2;;;
22/02/2014;15:47:00;3519;com vítima;795;BR-040/MG;Sul;Colisão Traseira;1;;1;;;;;;;;1;1;;;
22/02/2014;18:35:00;3544;sem vítima;121;BR-040/RJ;Norte;Colisão Lateral;1;;;;1;;;;;;2;;;;
23/02/2014;10:26:00;3635;com vítima;73;BR-040/RJ;Sul;Queda de Moto;;;;1;;;;;;;0;1;;;
23/02/2014;22:07:00;3721;sem vítima;102;BR-040/RJ;Sul;Choque - Objeto Fixo;;;;;;1;;;;;1;;;;
23/02/2014;11:27:00;3640;com vítima;110;BR-040/RJ;Sul;Choque - Objeto Fixo;1;;;;;;;;;;0;1;;;
23/02/2014;19:27:00;3698;sem vítima;110;BR-040/RJ;Sul;Colisão Traseira;2;;;;;;;;;;2;;;;
23/02/2014;04:34:00;3609;com vítima;111;BR-040/RJ;Sul;Choque - Objeto Fixo;1;;;;;;;;;;0;;;1;
23/02/2014;17:04:00;3676;com vítima;111;BR-040/RJ;Norte;Colisão Lateral;2;;;;;;;;;;0;3;;;
23/02/2014;04:54:00;3610;sem vítima;795;BR-040/MG;Norte;Choque - Objeto Fixo;1;;;;;;;;;;1;;;;
23/02/2014;03:40:00;3605;sem vítima;824;BR-040/MG;Norte;Choque - Objeto Fixo;1;;;;;;;;;;1;;;;
23/02/2014;06:50:00;3619;sem vítima;123;BR-040/RJ;Norte;Colisão Traseira;2;;;;;;;;;;2;;;;
24/02/2014;11:38:00;3794;com vítima;98;BR-040/RJ;Sul;Colisão Traseira;1;;1;;;;;;;;0;2;1;;
24/02/2014;12:33:00;3799;sem vítima;806;BR-040/MG;Norte;Choque - Objeto Fixo;1;;;;;;;;;;1;;;;
24/02/2014;08:10:00;3760;sem vítima;809;BR-040/MG;Sul;Colisão Traseira;2;;;;;;;;;;2;;;;
24/02/2014;07:55:00;3759;sem vítima;120;BR-040/RJ;Sul;Colisão Lateral;;;1;1;;;;;;;2;;;;
24/02/2014;07:00:00;3756;sem vítima;123;BR-040/RJ;Sul;Colisão Lateral;1;;1;;;;;;;;2;;;;
25/02/2014;13:27:00;3949;sem vítima;17;BR-040/RJ;Norte;Colisão Traseira;;;2;;;;;;;;2;;;;
25/02/2014;11:10:00;3931;com vítima;80;BR-040/RJ;Norte;Choque - Objeto Fixo;1;;;;;;;;;;0;;1;;
25/02/2014;16:26:00;3969;sem vítima;84;BR-040/RJ;Sul;Engavetamento;2;;;;;1;;;;;3;;;;
25/02/2014;17:55:00;3985;sem vítima;105;BR-040/RJ;Norte;Colisão Traseira;1;;1;;;;;;;;2;;;;
25/02/2014;10:00:00;3924;com vítima;124;BR-040/RJ;Norte;Queda de Moto;1;;;1;;;;;;;1;1;;;
26/02/2014;09:13:00;4071;com vítima;8;BR-040/RJ;Sul;Capotamento;1;;;;;;;;;;0;1;1;;
26/02/2014;10:45:00;4081;sem vítima;63;BR-040/RJ;Sul;Choque - Objeto Fixo;1;;;;;;;;;;1;;;;
26/02/2014;16:22:00;4124;sem vítima;86;BR-040/RJ;Norte;Colisão Lateral;2;;;;;;;;;;2;;;;
26/02/2014;22:32:00;4182;sem vítima;90;BR-040/RJ;Norte;Choque - Objeto Fixo;1;;;;;;;;;;1;;;;
26/02/2014;22:59:00;4187;com vítima;113;BR-040/RJ;Norte;Capotamento;1;;;;;;;;;;0;1;;;
26/02/2014;11:43:00;4089;com vítima;122;BR-040/RJ;Norte;Colisão Lateral;;;1;1;;;;;;;1;1;;;
27/02/2014;05:36:00;4209;com vítima;34;BR-040/RJ;Norte;Tombamento;;;1;;;;;;;;0;;;;1
27/02/2014;15:37:00;4294;com vítima;39;BR-040/RJ;Sul;Choque - Objeto Fixo;1;;;;;;;;;;2;1;;;
27/02/2014;15:23:00;4291;com vítima;64;BR-040/RJ;Sul;Tombamento;;;1;;;;;;;;0;1;;;
27/02/2014;23:23:00;4365;sem vítima;77;BR-040/RJ;Sul;Choque - Objeto Fixo;;;1;;;;;;;;1;;;;
27/02/2014;14:48:00;4283;sem vítima;80;BR-040/RJ;Sul;Colisão Lateral;1;;1;;;;;;;;2;;;;
27/02/2014;11:26:00;4247;com vítima;94;BR-040/RJ;Norte;Engavetamento;;;1;;2;;;;;;25;3;1;;
27/02/2014;11:42:00;4249;sem vítima;109;BR-040/RJ;Sul;Engavetamento;2;;1;;;;;;;;3;;;;
27/02/2014;12:28:00;4260;sem vítima;109;BR-040/RJ;Sul;Colisão Traseira;2;;;;;;;;;;2;;;;
28/02/2014;22:11:00;4550;com vítima;44;BR-040/RJ;Norte;Choque - Objeto Fixo;1;;;;;;;;;;0;1;;;
28/02/2014;09:12:00;4403;sem vítima;58;BR-040/RJ;Norte;Colisão Traseira;2;;;;;;;;;;2;;;;
28/02/2014;18:47:00;4512;com vítima;73;BR-040/RJ;Sul;Capotamento;1;;;;;;;;;;0;1;;;
28/02/2014;18:47:00;4515;com vítima;73;BR-040/RJ;Sul;Choque - Objeto Fixo;1;;;;;;;;;;0;1;;;
28/02/2014;22:46:00;4555;com vítima;78;BR-040/RJ;Sul;Queda de Moto;;;;1;;;;;;;0;;1;1;
28/02/2014;17:29:00;4501;com vítima;79;BR-040/RJ;Norte;Engavetamento;2;;1;;;;;;;;7;1;;;
28/02/2014;17:45:00;4504;com vítima;82;BR-040/RJ;Sul;Tombamento;;;;;1;;;;;;0;2;;;
28/02/2014;06:47:00;4387;sem vítima;83;BR-040/RJ;Norte;Colisão Traseira;2;;;;;;;;;;2;;;;
28/02/2014;23:15:00;4566;com vítima;84;BR-040/RJ;Sul;Capotamento;1;;;;;;;;;;0;5;;;
28/02/2014;10:55:00;4420;com vítima;86;BR-040/RJ;Sul;Choque - Objeto Fixo;;;1;;;;;;;;0;;1;;
28/02/2014;17:13:00;4498;com vítima;91;BR-040/RJ;Norte;Choque - Objeto Fixo;1;;;;;;;;;;0;1;;;
28/02/2014;16:29:00;4483;sem vítima;92;BR-040/RJ;Norte;Choque - Objeto Fixo;1;;;;;;;;;;1;;;;
28/02/2014;11:41:00;4426;sem vítima;97;BR-040/RJ;Sul;Choque - Objeto Fixo;1;;;;;;;;;;1;;;;
28/02/2014;10:33:00;4417;com vítima;105;BR-040/RJ;Sul;Atropelamento - Pedestre;1;;;;;;;;;;1;;;1;
28/02/2014;15:32:00;4477;sem vítima;113;BR-040/RJ;Norte;Choque - Objeto Fixo;1;;;;;;;;;;1;;;;
28/02/2014;02:02:00;4374;com vítima;118;BR-040/RJ;Norte;Queda de Moto;;;;1;;;;;;;0;1;;;
28/02/2014;14:54:00;4471;com vítima;828;BR-040/MG;Norte;Tombamento;;;1;;;;;;;;0;1;1;;
28/02/2014;10:52:00;4418;sem vítima;122;BR-040/RJ;Norte;Colisão Lateral;1;;1;;;;;;;;2;;;;
28/02/2014;10:12:00;4416;com vítima;123;BR-040/RJ;Sul;Engavetamento;1;;;1;;1;;;;;2;1;;;
01/03/2014;03:31:00;26;sem vítima;33;BR-040/RJ;Norte;Choque - Objeto Fixo;1;;;;;;;;;;1;;;;
01/03/2014;02:39:00;20;sem vítima;73;BR-040/RJ;Sul;Tombamento;1;;;;;;;;;;1;;;;
01/03/2014;02:50:00;21;sem vítima;75;BR-040/RJ;Sul;Choque - Objeto Fixo;1;;;;;;;;;;1;;;;
01/03/2014;18:57:00;155;sem vítima;77;BR-040/RJ;Norte;Choque - Objeto Fixo;1;;;;;;;;;;1;;;;
01/03/2014;05:31:00;37;sem vítima;78;BR-040/RJ;Sul;Choque - Objeto Fixo;1;;;;;;;;;;1;;;;
01/03/2014;01:47:00;14;sem vítima;84;BR-040/RJ;Norte;Choque - Objeto Fixo;1;;;;;;;;;;1;;;;
01/03/2014;01:23:00;12;com vítima;93;BR-040/RJ;Sul;Derrapagem;;;1;;;;;;;;0;1;;;
01/03/2014;00:49:00;6;com vítima;109;BR-040/RJ;Sul;Colisão Traseira;2;;;;;;;;;;0;1;2;;
01/03/2014;21:49:00;168;sem vítima;113;BR-040/RJ;Sul;Colisão Traseira;2;;;;;;;;;;2;;;;
01/03/2014;13:54:00;105;com vítima;780;BR-040/MG;Sul;Capotamento;1;;;;;;;;;;0;1;;;
01/03/2014;13:54:00;108;com vítima;780;BR-040/MG;Sul;Capotamento;1;;;;;;;;;;0;1;;;
01/03/2014;00:38:00;4;com vítima;118;BR-040/RJ;Norte;Tombamento;;;1;;;;;;;;0;1;;;
01/03/2014;00:42:00;5;sem vítima;118;BR-040/RJ;Sul;Engavetamento;2;;1;;;;;;;;3;;;;
01/03/2014;19:50:00;163;com vítima;811;BR-040/MG;Norte;Capotamento;1;;;;;;;;;;0;1;;;
01/03/2014;18:46:00;154;com vítima;817;BR-040/MG;Sul;Atropelamento - Pedestre;1;;;;;;;;;;1;;;1;
01/03/2014;16:26:00;136;com vítima;824;BR-040/MG;Sul;Choque - Objeto Fixo;1;;;;;;;;;;0;1;;;
01/03/2014;07:11:00;52;sem vítima;122;BR-040/RJ;Sul;Colisão Traseira;2;;;;;;;;;;2;;;;
02/03/2014;07:46:00;202;com vítima;6;BR-040/RJ;Sul;Choque - Objeto Fixo;1;;;;;;;;;;0;3;;;
02/03/2014;07:08:00;197;sem vítima;12;BR-040/RJ;Norte;Choque - Objeto Fixo;1;;;;;;;;;;1;;;;
02/03/2014;02:03:00;187;com vítima;39;BR-040/RJ;Norte;Colisão Traseira;1;;;;1;;;;;;1;3;;;
02/03/2014;19:38:00;257;com vítima;43;BR-040/RJ;Norte;Choque - Objeto Fixo;1;;;;;;;;;;2;2;;;
02/03/2014;08:48:00;205;sem vítima;78;BR-040/RJ;Sul;Choque - Objeto Fixo;1;;;;;;;;;;1;;;;
02/03/2014;15:53:00;229;sem vítima;96;BR-040/RJ;Norte;Choque - Objeto Fixo;1;;;;;;;;;;1;;;;
02/03/2014;00:29:00;182;com vítima;114;BR-040/RJ;Norte;Capotamento;1;;;;;;;;;;0;4;;;
02/03/2014;15:09:00;227;com vítima;119;BR-040/RJ;Norte;Queda de Moto;;;;1;;;;;;;0;2;;;
02/03/2014;10:14:00;211;sem vítima;121;BR-040/RJ;Sul;Colisão Lateral;1;;;;1;;;;;;2;;;;
03/03/2014;17:39:00;371;com vítima;33;BR-040/RJ;Norte;Colisão Traseira;2;;;;;;;;;;0;2;2;;
03/03/2014;14:29:00;334;sem vítima;69;BR-040/RJ;Norte;Choque - Objeto Fixo;1;;;;;;;;;;1;;;;
03/03/2014;16:28:00;355;sem vítima;73;BR-040/RJ;Sul;Choque - Objeto Fixo;1;;;;;;;;;;1;;;;
03/03/2014;15:33:00;346;sem vítima;78;BR-040/RJ;Sul;Choque - Objeto Fixo;1;;;;;;;;;;1;;;;
03/03/2014;14:11:00;331;com vítima;80;BR-040/RJ;Norte;Choque - Objeto Fixo;1;;;;;;;;;;0;2;;;
03/03/2014;14:36:00;335;com vítima;80;BR-040/RJ;Norte;Choque - Objeto Fixo;1;;;;;;;;;;0;2;;;
03/03/2014;10:20:00;306;sem vítima;89;BR-040/RJ;Norte;Queda de Moto;;;;1;;;;;;;1;;;;
03/03/2014;17:48:00;372;sem vítima;89;BR-040/RJ;Norte;Choque - Objeto Fixo;1;;;;;;;;;;1;;;;
03/03/2014;17:08:00;364;sem vítima;92,002;BR-040/RJ;Norte;Choque - Objeto Fixo;1;;;;;;;;;;1;;;;
03/03/2014;05:16:00;285;sem vítima;105;BR-040/RJ;Norte;Choque - Objeto Fixo;1;;;;;;;;;;1;;;;
03/03/2014;08:36:00;297;com vítima;108;BR-040/RJ;Norte;Colisão Traseira;;;1;;;1;;;;;1;1;;1;
03/03/2014;04:16:00;284;sem vítima;113;BR-040/RJ;Sul;Choque - Objeto Fixo;1;;;;;;;;;;1;;;;
04/03/2014;15:06:00;447;sem vítima;108;BR-040/RJ;Norte;Colisão Lateral;2;;;;;;;;;;2;;;;
04/03/2014;16:04:00;461;com vítima;810;BR-040/MG;Norte;Colisão Lateral;1;1;;;;;;;;;1;;1;;
05/03/2014;11:42:00;569;com vítima;0;BR-040/RJ;Norte;Queda de Moto;;;;1;;;;;;;0;2;;;
05/03/2014;11:03:00;562;com vítima;44;BR-040/RJ;Norte;Choque - Objeto Fixo;1;;;;;;;;;;0;1;;;
05/03/2014;08:27:00;548;sem vítima;68;BR-040/RJ;Sul;Choque - Objeto Fixo;1;;;;;;;;;;1;;;;
05/03/2014;14:56:00;586;sem vítima;85;BR-040/RJ;Sul;Colisão Traseira;2;;;;;;;;;;2;;;;
05/03/2014;20:59:00;645;sem vítima;101;BR-040/RJ;Norte;Choque - Objeto Fixo;1;;;;;;;;;;4;;;;
05/03/2014;05:47:00;535;sem vítima;106;BR-040/RJ;Norte;Choque - Objeto Fixo;1;;;;;;;;;;1;;;;
05/03/2014;15:03:00;588;sem vítima;110;BR-040/RJ;Norte;Colisão Traseira;1;;1;;;;;;;;2;;;;
05/03/2014;06:25:00;539;sem vítima;114;BR-040/RJ;Sul;Colisão Lateral;1;;;;1;;;;;;2;;;;
05/03/2014;10:51:00;560;sem vítima;801;BR-040/MG;Norte;Choque - Objeto Fixo;1;;;;;;;;;;1;;;;
05/03/2014;10:51:00;567;sem vítima;801;BR-040/MG;Norte;Choque - Objeto Fixo;1;;;;;;;;;;1;;;;
06/03/2014;14:32:00;755;sem vítima;34;BR-040/RJ;Norte;Choque - Objeto Fixo;1;;;;;;;;;;1;;;;
06/03/2014;11:22:00;723;sem vítima;73;BR-040/RJ;Sul;Choque - Objeto Fixo;1;;;;;;;;;;1;;;;
06/03/2014;12:30:00;735;sem vítima;73;BR-040/RJ;Sul;Derrapagem;1;;;;;;;;;;1;;;;
06/03/2014;23:04:00;814;sem vítima;77;BR-040/RJ;Sul;Colisão Traseira;2;;;;;;;;;;2;;;;
06/03/2014;13:19:00;739;sem vítima;78;BR-040/RJ;Sul;Choque - Objeto Fixo;1;;;;;;;;;;1;;;;
06/03/2014;02:00:00;683;sem vítima;82;BR-040/RJ;Norte;Choque - Objeto Fixo;1;;;;;;;;;;1;;;;
06/03/2014;18:28:00;786;com vítima;82;BR-040/RJ;Sul;Capotamento;1;;;;;;;;;;0;1;;;
06/03/2014;11:38:00;725;com vítima;84;BR-040/RJ;Sul;Choque - Objeto Fixo;2;;;;;;;;;;1;1;;;
06/03/2014;13:25:00;743;com vítima;84;BR-040/RJ;Sul;Colisão Traseira;1;;;;;1;;;;;1;1;;;
06/03/2014;12:59:00;737;sem vítima;85;BR-040/RJ;Sul;Choque - Objeto Fixo;1;;;;;;;;;;1;;;;
06/03/2014;13:35:00;750;sem vítima;85;BR-040/RJ;Sul;Choque - Objeto Fixo;1;;;;;;;;;;1;;;;
06/03/2014;19:38:00;795;sem vítima;85;BR-040/RJ;Sul;Choque - Objeto Fixo;1;;;;;;;;;;1;;;;
06/03/2014;11:57:00;727;sem vítima;93;BR-040/RJ;Norte;Choque - Objeto Fixo;1;;;;;;;;;;1;;;;
06/03/2014;21:19:00;804;sem vítima;98;BR-040/RJ;Sul;Colisão Traseira;2;;;;;;;;;;2;;;;
06/03/2014;12:00:00;729;com vítima;791;BR-040/MG;Norte;Tombamento;1;;;;;;;;;;0;2;;;
06/03/2014;13:49:00;748;com vítima;824;BR-040/MG;Sul;Colisão Lateral;2;;;;;;;;;;1;2;;;
06/03/2014;06:41:00;695;sem vítima;123;BR-040/RJ;Sul;Colisão Traseira;1;;1;;;;;;;;2;;;;
06/03/2014;07:34:00;701;sem vítima;125;BR-040/RJ;Sul;Colisão Traseira;;;1;1;1;;;;;;3;;;;
07/03/2014;16:14:00;909;sem vítima;15;BR-040/RJ;Norte;Choque - Objeto Fixo;1;;;;;;;;;;1;;;;
07/03/2014;18:36:00;935;sem vítima;90;BR-040/RJ;Norte;Choque - Objeto Fixo;1;;;;;;;;;;1;;;;
07/03/2014;20:00:00;946;sem vítima;105;BR-040/RJ;Norte;Engavetamento;3;;;;;;;;;;3;;;;
07/03/2014;14:24:00;891;sem vítima;108;BR-040/RJ;Sul;Engavetamento;2;;1;;;;;;;;3;;;;
07/03/2014;16:34:00;913;com vítima;108;BR-040/RJ;Norte;Colisão Lateral;;;1;1;;;;;;;1;2;;;
07/03/2014;22:58:00;966;sem vítima;113;BR-040/RJ;Sul;Colisão Lateral;2;;;;;;;;;;2;;;;
07/03/2014;18:13:00;928;sem vítima;115;BR-040/RJ;Norte;Colisão Traseira;2;;;;;;;;;;2;;;;
07/03/2014;18:16:00;930;com vítima;115;BR-040/RJ;Sul;Colisão Frontal;1;;;;;;1;;;;1;1;;;
07/03/2014;17:30:00;922;sem vítima;123;BR-040/RJ;Norte;Colisão Lateral;1;;1;;;;;;;;2;;;;
08/03/2014;09:40:00;1018;sem vítima;1;BR-040/RJ;Sul;Choque - Objeto Fixo;1;;;;;;;;;;1;;;;
08/03/2014;11:10:00;1040;sem vítima;10;BR-040/RJ;Sul;Choque - Objeto Fixo;1;;;;;;;;;;1;;;;
08/03/2014;14:19:00;1063;com vítima;15;BR-040/RJ;Sul;Choque - Objeto Fixo;1;;;;;;;;;;0;;1;;
08/03/2014;11:37:00;1035;sem vítima;19;BR-040/RJ;Sul;Derrapagem;1;;;;;;;;;;1;;;;
08/03/2014;11:49:00;1038;sem vítima;24;BR-040/RJ;Norte;Choque - Objeto Fixo;1;;;;;;;;;;1;;;;
08/03/2014;12:55:00;1048;sem vítima;31;BR-040/RJ;Norte;Choque - Objeto Fixo;1;;;;;;;;;;1;;;;
08/03/2014;12:55:00;1049;sem vítima;31;BR-040/RJ;Norte;Choque - Objeto Fixo;1;;;;;;;;;;1;;;;
08/03/2014;12:15:00;1042;sem vítima;34;BR-040/RJ;Norte;Capotamento;1;;;;;;;;;;1;;;;
08/03/2014;09:48:00;1019;com vítima;45;BR-040/RJ;Norte;Colisão Traseira;2;;;;;;;;;;1;2;1;;
08/03/2014;06:23:00;996;sem vítima;46;BR-040/RJ;Sul;Colisão Traseira;;;2;;;;;;;;2;;;;
08/03/2014;10:07:00;1023;sem vítima;52;BR-040/RJ;Norte;Choque - Objeto Fixo;1;;;;;;;;;;1;;;;
08/03/2014;10:05:00;1022;sem vítima;65;BR-040/RJ;Norte;Colisão Traseira;2;;;;;;;;;;2;;;;
08/03/2014;16:36:00;1080;sem vítima;73;BR-040/RJ;Norte;Choque - Objeto Fixo;1;;;;;;;;;;1;;;;
08/03/2014;12:38:00;1044;com vítima;74;BR-040/RJ;Norte;Choque - Objeto Fixo;1;;;;;;;;;;0;;1;;
08/03/2014;07:15:00;1006;sem vítima;77;BR-040/RJ;Sul;Choque - Objeto Fixo;1;;;;;;;;;;1;;;;
08/03/2014;14:43:00;1067;com vítima;77;BR-040/RJ;Sul;Tombamento;1;;;;;;;;;;0;1;;;
08/03/2014;10:45:00;1027;com vítima;78;BR-040/RJ;Sul;Capotamento;1;;;;;;;;;;0;;1;;
08/03/2014;14:00:00;1059;sem vítima;78;BR-040/RJ;Sul;Choque - Objeto Fixo;1;;;;;;;;;;1;;;;
08/03/2014;06:55:00;1003;sem vítima;80;BR-040/RJ;Sul;Derrapagem;1;;;;;;;;;;1;;;;
08/03/2014;14:11:00;1061;sem vítima;82;BR-040/RJ;Sul;Choque - Objeto Fixo;1;;;;;;;;;;1;;;;
08/03/2014;07:13:00;1005;sem vítima;86;BR-040/RJ;Sul;Choque - Objeto Fixo;1;;;;;;;;;;1;;;;
08/03/2014;12:50:00;1045;sem vítima;91;BR-040/RJ;Norte;Choque - Objeto Fixo;1;;;;;;;;;;1;;;;