data;horario;n_da_ocorrencia;tipo_de_ocorrencia;km;trecho;sentido;tipo_de_acidente;automovel;bicicleta;caminhao;moto;onibus;outros;tracao_animal;transporte_de_cargas_especiais;trator_maquinas;utilitarios;ilesos;levemente_feridos;moderadamente_feridos;gravemente_feridos;mortos
08/03/2014;13:37:00;1055;sem vítima;92;BR-040/RJ;Sul;Choque - Objeto Fixo;1;;;;;;;;;;1;;;;
08/03/2014;13:30:00;1052;sem vítima;93;BR-040/RJ;Norte;Choque - Objeto Fixo;1;;;;;;;;;;1;;;;
08/03/2014;14:17:00;1062;sem vítima;93;BR-040/RJ;Sul;Choque - Objeto Fixo;1;;;;;;;;;;1;;;;
08/03/2014;17:46:00;1086;sem vítima;105;BR-040/RJ;Norte;Choque - Objeto Fixo;1;;;;;;;;;;4;;;;
08/03/2014;19:03:00;1092;sem vítima;105;BR-040/RJ;Norte;Choque - Objeto Fixo;1;;;;;;;;;;1;;;;
08/03/2014;22:43:00;1112;com vítima;109;BR-040/RJ;Norte;Derrapagem;1;;;;;;;;;;0;1;;;
08/03/2014;06:43:00;1000;sem vítima;112;BR-040/RJ;Sul;Choque - Objeto Fixo;1;;;;;;;;;;1;;;;
08/03/2014;15:07:00;1068;sem vítima;784;BR-040/MG;Norte;Choque - Objeto Fixo;1;;;;;;;;;;1;;;;
08/03/2014;15:32:00;1072;com vítima;787;BR-040/MG;Norte;Choque - Objeto Fixo;;;1;;;;;;;;0;2;;;
08/03/2014;11:25:00;1034;com vítima;802;BR-040/MG;Sul;Colisão Traseira;1;;;1;;;;;;;0;2;1;;
08/03/2014;15:43:00;1074;sem vítima;815;BR-040/MG;Norte;Choque - Objeto Fixo;1;;;;;;;;;;1;;;;
08/03/2014;14:42:00;1066;sem vítima;119;BR-040/RJ;Sul;Colisão Traseira;2;;;;;;;;;;2;;;;
08/03/2014;15:30:00;1071;sem vítima;119;BR-040/RJ;Norte;Choque - Objeto Fixo;1;;;;;;;;;;1;;;;
08/03/2014;01:14:00;978;com vítima;120;BR-040/RJ;Sul;Colisão Traseira;1;;1;;;;;;;;1;3;;;
08/03/2014;16:42:00;1081;sem vítima;121;BR-040/RJ;Norte;Choque - Objeto Fixo;1;;;;;;;;;;1;;;;
08/03/2014;04:03:00;988;sem vítima;124;BR-040/RJ;Sul;Colisão Traseira;1;;1;;;;;;;;2;;;;
08/03/2014;15:08:00;1069;sem vítima;124;BR-040/RJ;Sul;Colisão Lateral;1;;1;;;;;;;;2;;;;
08/03/2014;19:15:00;1093;sem vítima;124;BR-040/RJ;Sul;Colisão Traseira;2;;;;;;;;;;2;;;;
09/03/2014;12:38:00;1168;com vítima;99;BR-040/RJ;Sul;Colisão Traseira;2;;;;;;;;;;2;3;;;
09/03/2014;04:59:00;1134;sem vítima;104;BR-040/RJ;Norte;Colisão Frontal;1;;;;;1;;;;;2;;;;
09/03/2014;16:29:00;1195;sem vítima;104;BR-040/RJ;Sul;Colisão Traseira;2;;;;;;;;;;2;;;;
09/03/2014;20:32:00;1232;com vítima;115;BR-040/RJ;Norte;Colisão Traseira;1;;;1;;;;;;;1;;1;;
09/03/2014;19:21:00;1216;com vítima;117;BR-040/RJ;Sul;Choque - Objeto Fixo;2;;;;;;;;;;1;;2;;
09/03/2014;23:14:00;1243;com vítima;119;BR-040/RJ;Norte;Atropelamento - Pedestre;;;;;;1;;;;;1;;;;1
10/03/2014;14:42:00;1338;sem vítima;83;BR-040/RJ;Norte;Choque - Objeto Fixo;1;;;;;;;;;;1;;;;
10/03/2014;12:30:00;1318;sem vítima;101;BR-040/RJ;Norte;Colisão Lateral;1;;;;;1;;;;;2;;;;
10/03/2014;00:32:00;1251;sem vítima;113;BR-040/RJ;Norte;Choque - Objeto Fixo;1;;;;;;;;;;1;;;;
10/03/2014;09:20:00;1297;sem vítima;113;BR-040/RJ;Norte;Colisão Traseira;1;;;;1;;;;;;2;;;;
10/03/2014;09:53:00;1299;com vítima;114;BR-040/RJ;Sul;Colisão Lateral;;;;1;;1;;;;;1;1;;;
10/03/2014;08:20:00;1290;com vítima;123;BR-040/RJ;Sul;Colisão Lateral;1;;;;;1;;;;;1;1;;;
10/03/2014;15:39:00;1349;sem vítima;124;BR-040/RJ;Norte;Colisão Lateral;1;;1;;;;;;;;2;;;;
11/03/2014;09:36:00;1433;sem vítima;69;BR-040/RJ;Sul;Choque - Objeto Fixo;1;;;;;;;;;;1;;;;
11/03/2014;23:22:00;1545;com vítima;82;BR-040/RJ;Norte;Colisão Lateral;1;;;1;;;;;;;0;2;;;
11/03/2014;18:08:00;1502;com vítima;85;BR-040/RJ;Norte;Queda de Moto;;;;1;;;;;;;0;1;;;
11/03/2014;17:29:00;1496;com vítima;108;BR-040/RJ;Norte;Colisão Traseira;2;;;;;;;;;;1;1;;;
11/03/2014;17:09:00;1494;sem vítima;110;BR-040/RJ;Norte;Colisão Lateral;1;;1;;;;;;;;2;;;;
11/03/2014;17:36:00;1497;sem vítima;123;BR-040/RJ;Norte;Colisão Traseira;2;;;;;;;;;;2;;;;
11/03/2014;09:24:00;1429;sem vítima;125;BR-040/RJ;Sul;Colisão Lateral;1;;1;;;;;;;;2;;;;
12/03/2014;05:46:00;1576;sem vítima;35;BR-040/RJ;Sul;Choque - Objeto Fixo;1;;;;;;;;;;1;;;;
12/03/2014;17:56:00;1674;sem vítima;82;BR-040/RJ;Norte;Colisão Traseira;2;;;;;;;;;;2;;;;
12/03/2014;16:51:00;1666;sem vítima;97;BR-040/RJ;Sul;Capotamento;1;;;;;;;;;;5;;;;
12/03/2014;16:54:00;1668;sem vítima;104;BR-040/RJ;Norte;Colisão Lateral;1;;1;;;;;;;;2;;;;
12/03/2014;23:03:00;1703;com vítima;109;BR-040/RJ;Norte;Colisão Lateral;1;;;;1;;;;;;1;;1;;
12/03/2014;05:40:00;1573;sem vítima;114;BR-040/RJ;Sul;Engavetamento;1;;;;;2;;;;;3;;;;
12/03/2014;11:44:00;1620;com vítima;794;BR-040/MG;Norte;Choque - Objeto Fixo;1;;;;;;;;;;0;1;;;
13/03/2014;09:33:00;1751;sem vítima;89;BR-040/RJ;Norte;Choque - Objeto Fixo;1;;;;;;;;;;1;;;;
13/03/2014;10:29:00;1759;sem vítima;110;BR-040/RJ;Norte;Colisão Lateral;1;;;;1;;;;;;2;;;;
13/03/2014;16:21:00;1818;sem vítima;113;BR-040/RJ;Norte;Colisão Traseira;1;;1;;;;;;;;2;;;;
13/03/2014;07:05:00;1729;com vítima;121;BR-040/RJ;Sul;Queda de Moto;;;;1;;;;;;;0;1;;;
13/03/2014;11:37:00;1775;sem vítima;124;BR-040/RJ;Sul;Tombamento;;;1;;;;;;;;1;;;;
14/03/2014;06:04:00;1889;com vítima;12;BR-040/RJ;Sul;Capotamento;1;;;;;;;;;;0;1;;;
14/03/2014;19:14:00;2018;sem vítima;21;BR-040/RJ;Norte;Choque - Objeto Fixo;1;;;;;;;;;;1;;;;
14/03/2014;10:45:00;1921;sem vítima;22;BR-040/RJ;Sul;Colisão Lateral;1;;1;;;;;;;;2;;;;
14/03/2014;02:44:00;1876;com vítima;49;BR-040/RJ;Norte;Choque - Objeto Fixo;1;;;;;;;;;;0;1;;;
14/03/2014;22:03:00;2046;com vítima;64;BR-040/RJ;Sul;Capotamento;1;;;;;;;;;;0;1;;;
14/03/2014;21:02:00;2037;com vítima;76;BR-040/RJ;Norte;Atropelamento - Pedestre;1;;;;;;;;;;0;1;;;1
14/03/2014;09:25:00;1909;sem vítima;87;BR-040/RJ;Norte;Colisão Traseira;1;;;;;1;;;;;2;;;;
14/03/2014;16:13:00;1978;sem vítima;88;BR-040/RJ;Norte;Colisão Traseira;2;;;;;;;;;;2;;;;
14/03/2014;18:09:00;2008;sem vítima;91;BR-040/RJ;Norte;Colisão Lateral;1;;;;;1;;;;;2;;;;
14/03/2014;09:27:00;1908;sem vítima;105;BR-040/RJ;Norte;Colisão Lateral;;;2;;;;;;;;2;;;;
14/03/2014;16:42:00;1988;com vítima;108;BR-040/RJ;Norte;Engavetamento;3;;;1;;;;;;;3;1;;;
14/03/2014;15:21:00;1963;com vítima;109;BR-040/RJ;Norte;Colisão Traseira;1;;;1;;;;;;;1;2;;;
14/03/2014;18:33:00;2013;com vítima;117;BR-040/RJ;Norte;Colisão Traseira;;;;;2;;;;;;0;4;1;;
14/03/2014;12:13:00;1932;com vítima;119;BR-040/RJ;Norte;Queda de Moto;;;;1;;;;;;;0;2;;;
14/03/2014;23:11:00;2056;com vítima;122;BR-040/RJ;Norte;Colisão Traseira;2;;;;;;;;;;1;1;;;
14/03/2014;17:55:00;2005;sem vítima;123;BR-040/RJ;Norte;Colisão Lateral;1;;1;;;;;;;;2;;;;
14/03/2014;05:46:00;1887;sem vítima;124;BR-040/RJ;Norte;Colisão Lateral;;;2;;;;;;;;2;;;;
15/03/2014;15:51:00;2150;sem vítima;49;BR-040/RJ;Norte;Choque - Objeto Fixo;1;;;;;;;;;;1;;;;
15/03/2014;08:37:00;2092;com vítima;53;BR-040/RJ;Norte;Queda de Moto;;;;1;;;;;;;0;;;1;
15/03/2014;05:40:00;2080;com vítima;60;BR-040/RJ;Norte;Capotamento;1;;;;;;;;;;0;1;;;
15/03/2014;23:17:00;2197;com vítima;64;BR-040/RJ;Norte;Atropelamento - Animal;1;;;;;;;;;;1;1;;;
15/03/2014;00:15:00;2063;sem vítima;82;BR-040/RJ;Sul;Colisão Lateral;1;;;;1;;;;;;2;;;;
15/03/2014;10:47:00;2107;com vítima;104;BR-040/RJ;Sul;Atropelamento - Pedestre;1;;;;;;;;;;1;;1;;
15/03/2014;07:09:00;2083;sem vítima;121;BR-040/RJ;Sul;Choque - Objeto Fixo;1;;;;;1;;;;;2;;;;
15/03/2014;08:33:00;2090;sem vítima;124;BR-040/RJ;Sul;Colisão Lateral;1;;1;;;;;;;;2;;;;
15/03/2014;19:26:00;2174;sem vítima;124;BR-040/RJ;Norte;Capotamento;1;;;;;1;;;;;2;;;;
16/03/2014;09:34:00;2239;com vítima;53;BR-040/RJ;Norte;Queda de Moto;;;;1;;;;;;;0;1;;;
16/03/2014;10:53:00;2251;com vítima;62;BR-040/RJ;Sul;Queda de Moto;;;;1;;;;;;;0;1;;;
16/03/2014;10:31:00;2247;com vítima;72;BR-040/RJ;Sul;Queda de Moto;;;;1;;;;;;;0;1;;;
16/03/2014;18:02:00;2303;sem vítima;82;BR-040/RJ;Sul;Colisão Traseira;1;;;;;1;;;;;2;;;;
16/03/2014;05:51:00;2226;sem vítima;90;BR-040/RJ;Norte;Choque - Objeto Fixo;1;;;;;;;;;;1;;;;
16/03/2014;05:39:00;2224;sem vítima;124;BR-040/RJ;Sul;Choque - Objeto Fixo;1;;1;;;;;;;;2;;;;
16/03/2014;07:01:00;2231;com vítima;124;BR-040/RJ;Norte;Queda de Moto;;;;1;;;;;;;0;;;1;
17/03/2014;10:49:00;2408;com vítima;51;BR-040/RJ;Sul;Colisão Frontal;1;;;1;;;;;;;1;1;1;;
17/03/2014;23:53:00;2493;sem vítima;69;BR-040/RJ;Norte;Choque - Objeto Fixo;1;;;;;;;;;;1;;;;
17/03/2014;15:11:00;2432;com vítima;88;BR-040/RJ;Norte;Choque - Objeto Fixo;1;;;;;;;;;;0;1;;;
17/03/2014;06:59:00;2382;sem vítima;92;BR-040/RJ;Norte;Queda de Moto;;;;1;;;;;;;1;;;;
17/03/2014;12:46:00;2417;sem vítima;109;BR-040/RJ;Sul;Colisão Traseira;1;;1;;;;;;;;2;;;;
17/03/2014;16:44:00;2448;sem vítima;110;BR-040/RJ;Norte;Choque - Objeto Fixo;;;1;;;;;;;;1;;;;
17/03/2014;06:45:00;2381;sem vítima;112;BR-040/RJ;Norte;Choque - Objeto Fixo;;;1;;;;;;;;1;;;;
17/03/2014;15:07:00;2431;sem vítima;113;BR-040/RJ;Norte;Colisão Traseira;2;;;;;;;;;;2;;;;
17/03/2014;19:26:00;2465;sem vítima;114;BR-040/RJ;Norte;Colisão Traseira;1;;1;;;;;;;;2;;;;
17/03/2014;21:44:00;2478;sem vítima;116;BR-040/RJ;Norte;Colisão Traseira;1;;;;;1;;;;;2;;;;
17/03/2014;03:16:00;2364;com vítima;120;BR-040/RJ;Norte;Capotamento;1;;;;;;;;;;0;;;1;
17/03/2014;05:04:00;2371;com vítima;124;BR-040/RJ;Sul;Colisão Lateral;1;;;1;;;;;;;1;1;;;
18/03/2014;23:43:00;2631;sem vítima;79;BR-040/RJ;Norte;Choque - Objeto Fixo;1;;;;;;;;;;1;;;;
18/03/2014;07:51:00;2511;sem vítima;82;BR-040/RJ;Sul;Choque - Objeto Fixo;1;;;;;;;;;;1;;;;
18/03/2014;14:32:00;2557;sem vítima;85;BR-040/RJ;Norte;Colisão Lateral;1;;1;;;;;;;;2;;;;
18/03/2014;17:43:00;2586;sem vítima;98;BR-040/RJ;Norte;Choque - Objeto Fixo;1;;;;;;;;;;1;;;;
18/03/2014;15:24:00;2564;sem vítima;102;BR-040/RJ;Sul;Colisão Traseira;2;;;;;;;;;;2;;;;
18/03/2014;20:10:00;2607;sem vítima;109;BR-040/RJ;Sul;Colisão Traseira;2;;;;;;;;;;2;;;;
18/03/2014;11:32:00;2539;sem vítima;110;BR-040/RJ;Norte;Engavetamento;;;2;;1;1;;;;;4;;;;
18/03/2014;06:54:00;2506;sem vítima;786;BR-040/MG;Norte;Capotamento;1;;;;;;;;;;1;;;;
18/03/2014;01:44:00;2498;sem vítima;119;BR-040/RJ;Norte;Colisão Traseira;1;;;;1;;;;;;2;;;;
18/03/2014;23:11:00;2624;sem vítima;120;BR-040/RJ;Sul;Choque - Objeto Fixo;1;;;;;;;;;;1;;;;
18/03/2014;08:47:00;2515;com vítima;123;BR-040/RJ;Sul;Capotamento;1;;;;;;;;;;0;1;;;
19/03/2014;02:31:00;2638;sem vítima;40;BR-040/RJ;Sul;Colisão Traseira;;;2;;;;;;;;2;;;;
19/03/2014;23:36:00;2774;com vítima;52;BR-040/RJ;Norte;Tombamento;;;1;;;;;;;;0;;;1;
19/03/2014;03:27:00;2639;sem vítima;75;BR-040/RJ;Sul;Tombamento;;;1;;;;;;;;2;;;;
19/03/2014;14:36:00;2703;sem vítima;100;BR-040/RJ;Norte;Queda de Moto;;;;1;;;;;;;1;;;;
19/03/2014;09:55:00;2672;com vítima;101;BR-040/RJ;Norte;Colisão Lateral;2;;;;;;;;;;1;2;;;
19/03/2014;05:05:00;2643;sem vítima;110;BR-040/RJ;Sul;Colisão Lateral;1;;;;;1;;;;;2;;;;
19/03/2014;14:03:00;2694;com vítima;117;BR-040/RJ;Sul;Engavetamento;4;;;;;;;;;;3;3;;;
19/03/2014;18:04:00;2735;sem vítima;124;BR-040/RJ;Sul;Colisão Lateral;2;;;;;;;;;;2;;;;
20/03/2014;17:50:00;2886;com vítima;16;BR-040/RJ;Sul;Choque - Objeto Fixo;1;;;;;;;;;;0;2;1;;
20/03/2014;09:42:00;2812;sem vítima;24;BR-040/RJ;Sul;Choque - Objeto Fixo;1;;;;;;;;;;1;;;;
20/03/2014;17:40:00;2887;sem vítima;74;BR-040/RJ;Sul;Colisão Lateral;2;;;;;;;;;;2;;;;
20/03/2014;05:38:00;2794;sem vítima;91;BR-040/RJ;Norte;Tombamento;;;1;;;;;;;;1;;;;
20/03/2014;11:07:00;2824;sem vítima;96;BR-040/RJ;Norte;Choque - Objeto Fixo;1;;;;;;;;;;1;;;;
20/03/2014;15:44:00;2864;sem vítima;104;BR-040/RJ;Norte;Colisão Traseira;1;;1;;;;;;;;2;;;;
20/03/2014;06:14:00;2796;sem vítima;108;BR-040/RJ;Norte;Engavetamento;;;1;;2;;;;;;3;;;;
20/03/2014;15:13:00;2857;sem vítima;109;BR-040/RJ;Norte;Colisão Traseira;1;;1;;;;;;;;2;;;;
20/03/2014;17:04:00;2877;sem vítima;117;BR-040/RJ;Norte;Choque - Objeto Fixo;1;;;;;;;;;;1;;;;
20/03/2014;13:15:00;2839;sem vítima;122;BR-040/RJ;Sul;Choque - Objeto Fixo;1;;;;;;;;;;1;;;;
20/03/2014;15:00:00;2858;sem vítima;122;BR-040/RJ;Sul;Colisão Lateral;1;;;;1;;;;;;2;;;;
20/03/2014;06:47:00;2800;sem vítima;123;BR-040/RJ;Sul;Colisão Lateral;1;;1;;;;;;;;2;;;;
20/03/2014;08:07:00;2807;com vítima;123;BR-040/RJ;Sul;Colisão Traseira;1;1;;;;;;;;;1;1;;;
21/03/2014;16:28:00;3032;com vítima;31;BR-040/RJ;Norte;Choque - Objeto Fixo;1;;;;;;;;;;0;1;1;;
21/03/2014;19:09:00;3060;sem vítima;82;BR-040/RJ;Norte;Engavetamento;3;;;;;;;;;;3;;;;
21/03/2014;22:44:00;3077;sem vítima;92;BR-040/RJ;Sul;Choque - Objeto Fixo;1;;;;;;;;;;1;;;;
21/03/2014;15:40:00;3026;sem vítima;104;BR-040/RJ;Sul;Colisão Lateral;2;;;;;;;;;;2;;;;
21/03/2014;15:25:00;3021;com vítima;105;BR-040/RJ;Norte;Colisão Lateral;1;;;1;;;;;;;1;2;;;
21/03/2014;16:41:00;3035;sem vítima;109;BR-040/RJ;Norte;Colisão Traseira;;;1;;;1;;;;;2;;;;
21/03/2014;10:40:00;2976;sem vítima;111;BR-040/RJ;Sul;Colisão Traseira;1;;1;;;;;;;;2;;;;
21/03/2014;11:36:00;2989;com vítima;117;BR-040/RJ;Sul;Choque - Objeto Fixo;1;;;;;;;;;;0;2;;;
21/03/2014;13:10:00;2999;sem vítima;118;BR-040/RJ;Norte;Colisão Lateral;1;;1;;;;;;;;2;;;;
22/03/2014;16:45:00;3190;sem vítima;76;BR-040/RJ;Sul;Choque - Objeto Fixo;1;;;;;;;;;;1;;;;
22/03/2014;07:54:00;3112;com vítima;77;BR-040/RJ;Sul;Choque - Objeto Fixo;1;;;;;;;;;;2;1;;;
22/03/2014;16:34:00;3187;sem vítima;82;BR-040/RJ;Sul;Choque - Objeto Fixo;1;;;;;;;;;;1;;;;
22/03/2014;16:06:00;3181;sem vítima;84;BR-040/RJ;Norte;Choque - Objeto Fixo;1;;;;;;;;;;1;;;;
22/03/2014;18:34:00;3209;sem vítima;84;BR-040/RJ;Norte;Choque - Objeto Fixo;1;;;;;;;;;;1;;;;
22/03/2014;13:04:00;3155;sem vítima;90;BR-040/RJ;Norte;Choque - Objeto Fixo;1;;;;;;;;;;1;;;;
22/03/2014;14:30:00;3162;sem vítima;91;BR-040/RJ;Norte;Choque - Objeto Fixo;1;;;;;;;;;;1;;;;
22/03/2014;18:26:00;3207;sem vítima;92;BR-040/RJ;Norte;Choque - Objeto Fixo;1;;;;;;;;;;1;;;;
22/03/2014;21:23:00;3226;sem vítima;92;BR-040/RJ;Sul;Choque - Objeto Fixo;1;;;;;;;;;;1;;;;
22/03/2014;16:51:00;3192;sem vítima;93;BR-040/RJ;Sul;Choque - Objeto Fixo;1;;;;;;;;;;1;;;;
22/03/2014;13:21:00;3156;sem vítima;94;BR-040/RJ;Sul;Choque - Objeto Fixo;1;;;;;;;;;;1;;;;
22/03/2014;23:34:00;3236;sem vítima;94;BR-040/RJ;Norte;Choque - Objeto Fixo;1;;;;;;;;;;1;;;;
22/03/2014;05:21:00;3099;sem vítima;105;BR-040/RJ;Norte;Choque - Objeto Fixo;1;;;;;;;;;;1;;;;
22/03/2014;23:49:00;3237;com vítima;109;BR-040/RJ;Sul;Engavetamento;1;;1;;;1;;;;;1;;3;;
22/03/2014;09:57:00;3131;sem vítima;114;BR-040/RJ;Norte;Colisão Lateral;1;;;;1;;;;;;6;;;;
22/03/2014;11:59:00;3150;sem vítima;118;BR-040/RJ;Norte;Choque - Objeto Fixo;1;;;;;;;;;;1;;;;
22/03/2014;15:09:00;3169;sem vítima;815;BR-040/MG;Sul;Choque - Objeto Fixo;1;;;;;;;;;;1;;;;
23/03/2014;12:12:00;3281;sem vítima;72;BR-040/RJ;Norte;Capotamento;1;;;;;;;;;;1;;;;
23/03/2014;11:40:00;3277;com vítima;73;BR-040/RJ;Sul;Choque - Objeto Fixo;1;;;;;;;;;;0;6;;;
23/03/2014;02:04:00;3248;sem vítima;74;BR-040/RJ;Norte;Derrapagem;1;;;;;;;;;;1;;;;
23/03/2014;12:38:00;3286;com vítima;77;BR-040/RJ;Sul;Capotamento;1;;;;;;;;;;0;1;;;
23/03/2014;12:38:00;3289;sem vítima;77;BR-040/RJ;Sul;Choque - Objeto Fixo;1;;;;;;;;;;1;;;;
23/03/2014;05:56:00;3255;com vítima;78;BR-040/RJ;Sul;Capotamento;1;;;;;;;;;;0;3;;;
23/03/2014;10:50:00;3274;sem vítima;82;BR-040/RJ;Sul;Choque - Objeto Fixo;1;;;;;;;;;;1;;;;
23/03/2014;17:19:00;3318;sem vítima;82;BR-040/RJ;Sul;Choque - Objeto Fixo;1;;;;;;;;;;1;;;;
23/03/2014;08:30:00;3265;sem vítima;83;BR-040/RJ;Norte;Derrapagem;1;;;;;;;;;;1;;;;
23/03/2014;09:59:00;3271;com vítima;83;BR-040/RJ;Sul;Queda de Moto;;;;1;;;;;;;0;;;;1
23/03/2014;12:45:00;3287;sem vítima;84;BR-040/RJ;Norte;Choque - Objeto Fixo;1;;;;;;;;;;1;;;;
23/03/2014;13:03:00;3290;com vítima;84;BR-040/RJ;Norte;Capotamento;1;;;;;;;;;;0;2;;;
23/03/2014;19:02:00;3339;sem vítima;84;BR-040/RJ;Sul;Colisão Traseira;2;;;;;;;;;;2;;;;
23/03/2014;17:17:00;3317;sem vítima;85;BR-040/RJ;Norte;Choque - Objeto Fixo;1;;;;;;;;;;1;;;;
23/03/2014;22:30:00;3363;sem vítima;90;BR-040/RJ;Norte;Choque - Objeto Fixo;1;;;;;;;;;;1;;;;
23/03/2014;14:30:00;3300;com vítima;91;BR-040/RJ;Sul;Choque - Objeto Fixo;1;;;;;;;;;;0;1;;;
23/03/2014;09:50:00;3270;sem vítima;92;BR-040/RJ;Sul;Choque - Objeto Fixo;1;;;;;;;;;;1;;;;
23/03/2014;10:33:00;3273;sem vítima;92;BR-040/RJ;Norte;Choque - Objeto Fixo;1;;;;;;;;;;1;;;;
23/03/2014;14:47:00;3302;com vítima;92;BR-040/RJ;Sul;Capotamento;1;;;;;;;;;;0;2;;;
23/03/2014;18:02:00;3328;sem vítima;92;BR-040/RJ;Norte;Choque - Objeto Fixo;1;;;;;;;;;;1;;;;
23/03/2014;09:30:00;3269;sem vítima;93;BR-040/RJ;Norte;Choque - Objeto Fixo;1;;;;;;;;;;1;;;;
23/03/2014;14:08:00;3296;sem vítima;93;BR-040/RJ;Sul;Derrapagem;1;;;;;;;;;;1;;;;
23/03/2014;16:58:00;3310;sem vítima;93;BR-040/RJ;Sul;Choque - Objeto Fixo;1;;;;;;;;;;1;;;;
23/03/2014;14:15:00;3297;sem vítima;94;BR-040/RJ;Sul;Choque - Objeto Fixo;1;;;;;;;;;;1;;;;
23/03/2014;16:26:00;3306;sem vítima;94;BR-040/RJ;Sul;Choque - Objeto Fixo;1;;;;;;;;;;1;;;;
23/03/2014;17:11:00;3315;sem vítima;99;BR-040/RJ;Norte;Choque - Objeto Fixo;1;;;;;;;;;;1;;;;
23/03/2014;13:39:00;3292;sem vítima;105;BR-040/RJ;Norte;Colisão Traseira;2;;;;;;;;;;2;;;;
23/03/2014;18:25:00;3332;sem vítima;111;BR-040/RJ;Sul;Colisão Traseira;1;;;;;;;;;;1;;;;
23/03/2014;16:53:00;3309;com vítima;113;BR-040/RJ;Norte;Capotamento;1;;;;;;;;;;0;1;;;
23/03/2014;07:06:00;3257;com vítima;116;BR-040/RJ;Norte;Colisão Traseira;1;;1;;;;;;;;1;1;;;
23/03/2014;15:16:00;3304;com vítima;812;BR-040/MG;Norte;Choque - Objeto Fixo;1;;;;;;;;;;0;1;;;
23/03/2014;00:14:00;3238;com vítima;124;BR-040/RJ;Norte;Choque - Objeto Fixo;1;;;;;;;;;;0;1;;;
24/03/2014;13:01:00;3429;sem vítima;25;BR-040/RJ;Sul;Derrapagem;1;;;;;;;;;;1;;;;
24/03/2014;09:55:00;3409;com vítima;115;BR-040/RJ;Sul;Colisão Lateral;1;;;1;;;;;;;1;1;;;
24/03/2014;18:56:00;3469;com vítima;119;BR-040/RJ;Norte;Colisão Traseira;2;;;;;;;;;;1;1;;;
24/03/2014;06:55:00;3393;sem vítima;121;BR-040/RJ;Sul;Colisão Lateral;1;;1;;;;;;;;2;;;;
25/03/2014;23:52:00;3619;com vítima;35;BR-040/RJ;Sul;Choque - Objeto Fixo;;;1;;;;;;;;0;;1;;
25/03/2014;13:58:00;3548;sem vítima;78;BR-040/RJ;Sul;Capotamento;1;;;;;;;;;;1;;;;
25/03/2014;18:22:00;3589;com vítima;96;BR-040/RJ;Norte;Tombamento;;;1;;;;;;;;0;1;;;
25/03/2014;18:46:00;3592;com vítima;104;BR-040/RJ;Norte;Queda de Moto;;;;1;;;;;;;0;1;;;
25/03/2014;16:50:00;3577;sem vítima;109;BR-040/RJ;Sul;Colisão Lateral;1;;1;;;;;;;;2;;;;
25/03/2014;17:58:00;3586;sem vítima;111;BR-040/RJ;Norte;Colisão Traseira;2;;;;;;;;;;2;;;;
25/03/2014;09:11:00;3529;com vítima;117;BR-040/RJ;Sul;Colisão Lateral;1;;;1;;;;;;;1;1;;;
25/03/2014;08:35:00;3522;com vítima;121;BR-040/RJ;Sul;Colisão Lateral;1;;;1;;;;;;;1;;1;;
25/03/2014;21:18:00;3609;sem vítima;122;BR-040/RJ;Norte;Colisão Traseira;1;;;;1;;;;;;2;;;;
25/03/2014;06:05:00;3515;sem vítima;124;BR-040/RJ;Sul;Colisão Traseira;1;;1;;;;;;;;2;;;;
25/03/2014;10:57:00;3537;sem vítima;124;BR-040/RJ;Sul;Colisão Transversal;1;;1;;;;;;;;2;;;;
26/03/2014;16:54:00;3711;sem vítima;8;BR-040/RJ;Norte;Choque - Objeto Fixo;1;;;;;;;;;;1;;;;
26/03/2014;17:22:00;3714;com vítima;16;BR-040/RJ;Norte;Capotamento;1;;;;;;;;;;0;2;;;
26/03/2014;15:09:00;3695;sem vítima;37;BR-040/RJ;Norte;Choque - Objeto Fixo;;;1;;;;;;;;1;;;;
26/03/2014;15:09:00;3698;com vítima;37;BR-040/RJ;Norte;Choque - Objeto Fixo;1;;;;;;;;;;1;1;;;
26/03/2014;23:41:00;3758;com vítima;70;BR-040/RJ;Sul;Colisão Traseira;;;2;;;;;;;;1;1;;;
26/03/2014;17:41:00;3718;sem vítima;78;BR-040/RJ;Norte;Colisão Lateral;1;;;1;;;;;;;2;;;;
26/03/2014;11:49:00;3676;sem vítima;84;BR-040/RJ;Norte;Choque - Objeto Fixo;1;;;;;;;;;;1;;;;
26/03/2014;07:03:00;3642;com vítima;88;BR-040/RJ;Norte;Choque - Objeto Fixo;1;;;;;;;;;;0;2;;;
26/03/2014;04:01:00;3628;sem vítima;90;BR-040/RJ;Sul;Colisão Traseira;;;2;;;;;;;;2;;;;
26/03/2014;07:44:00;3648;sem vítima;93;BR-040/RJ;Norte;Choque - Objeto Fixo;1;;;;;;;;;;1;;;;
26/03/2014;15:18:00;3696;com vítima;96;BR-040/RJ;Sul;Colisão Lateral;2;;;;;;;;;;1;1;;;
26/03/2014;08:48:00;3654;sem vítima;101;BR-040/RJ;Norte;Choque - Objeto Fixo;1;;;;;;;;;;1;;;;
26/03/2014;21:27:00;3747;com vítima;113;BR-040/RJ;Sul;Colisão Lateral;;;;2;;;;;;;0;3;1;;
26/03/2014;05:25:00;3634;com vítima;777;BR-040/MG;Norte;Choque - Objeto Fixo;;;1;;;;;;;;0;1;;;