data;horario;n_da_ocorrencia;tipo_de_ocorrencia;km;trecho;sentido;tipo_de_acidente;automovel;bicicleta;caminhao;moto;onibus;outros;tracao_animal;transporte_de_cargas_especiais;trator_maquinas;utilitarios;ilesos;levemente_feridos;moderadamente_feridos;gravemente_feridos;mortos
24/05/2014;11:58:00;3554;sem vítima;78;BR-040/RJ;Sul;Capotamento;1;;;;;;;;;;1;;;;
24/05/2014;15:16:00;3577;sem vítima;78;BR-040/RJ;Sul;Choque - Objeto Fixo;1;;;;;;;;;;1;;;;
24/05/2014;22:49:00;3636;sem vítima;84;BR-040/RJ;Sul;Choque - Objeto Fixo;1;;;;;;;;;;1;;;;
24/05/2014;03:49:00;3507;sem vítima;84,002;BR-040/RJ;Norte;Choque - Objeto Fixo;1;;;;;;;;;;1;;;;
24/05/2014;06:54:00;3523;sem vítima;89;BR-040/RJ;Norte;Derrapagem;1;;;;;;;;;;1;;;;
24/05/2014;13:18:00;3566;sem vítima;91;BR-040/RJ;Norte;Choque - Objeto Fixo;1;;;;;;;;;;1;;;;
24/05/2014;15:46:00;3584;sem vítima;91;BR-040/RJ;Norte;Choque - Objeto Fixo;1;;;;;;;;;;1;;;;
24/05/2014;07:44:00;3527;com vítima;92;BR-040/RJ;Sul;Capotamento;1;;;;;;;;;;0;2;;;
24/05/2014;09:28:00;3538;com vítima;93;BR-040/RJ;Sul;Choque - Objeto Fixo;1;;;;;;;;;;0;1;;;
24/05/2014;10:21:00;3546;com vítima;93;BR-040/RJ;Sul;Choque - Objeto Fixo;1;;;;;;;;;;0;1;;;
24/05/2014;13:28:00;3568;sem vítima;93;BR-040/RJ;Sul;Choque - Objeto Fixo;1;;;;;;;;;;1;;;;
24/05/2014;21:50:00;3628;sem vítima;97;BR-040/RJ;Sul;Tombamento;;;1;;;;;;;;1;;;;
24/05/2014;21:18:00;3624;sem vítima;101;BR-040/RJ;Norte;Choque - Objeto Fixo;1;;;;;;;;;;1;;;;
24/05/2014;19:29:00;3617;com vítima;104;BR-040/RJ;Sul;Colisão Lateral;1;;;;1;;;;;;1;2;;;
24/05/2014;04:35:00;3515;sem vítima;105;BR-040/RJ;Norte;Capotamento;1;;;;;;;;;;1;;;;
24/05/2014;10:02:00;3543;com vítima;110;BR-040/RJ;Sul;Colisão Lateral;1;;;;1;;;;;;1;1;;;
24/05/2014;04:38:00;3516;sem vítima;116;BR-040/RJ;Norte;Choque - Objeto Fixo;1;;;;;;;;;;1;;;;
25/05/2014;10:50:00;3667;sem vítima;84;BR-040/RJ;Norte;Choque - Objeto Fixo;1;;;;;1;;;;;2;;;;
25/05/2014;16:06:00;3708;sem vítima;84;BR-040/RJ;Norte;Choque - Objeto Fixo;1;;;;;;;;;;1;;;;
25/05/2014;07:42:00;3655;sem vítima;85;BR-040/RJ;Norte;Choque - Objeto Fixo;1;;;;;;;;;;1;;;;
25/05/2014;11:19:00;3670;sem vítima;93;BR-040/RJ;Norte;Choque - Objeto Fixo;1;;;;;;;;;;1;;;;
25/05/2014;23:33:00;3768;com vítima;104;BR-040/RJ;Sul;Colisão Traseira;1;;1;;;;;;;;0;4;;;
25/05/2014;20:05:00;3741;sem vítima;105;BR-040/RJ;Sul;Colisão Lateral;1;;;;1;;;;;;2;;;;
25/05/2014;18:41:00;3728;sem vítima;110;BR-040/RJ;Sul;Colisão Traseira;1;;;;;1;;;;;2;;;;
25/05/2014;23:15:00;3766;com vítima;115;BR-040/RJ;Sul;Colisão Lateral;2;;;;;;;;;;1;1;;;
25/05/2014;20:33:00;3746;sem vítima;800;BR-040/MG;Norte;Choque - Objeto Fixo;1;;;;;;;;;;1;;;;
26/05/2014;07:41:00;3806;com vítima;1;BR-040/RJ;Norte;Choque - Objeto Fixo;1;;;;;;;;;;0;1;;;
26/05/2014;08:16:00;3809;sem vítima;21;BR-040/RJ;Norte;Colisão Traseira;1;;1;;;;;;;;2;;;;
26/05/2014;06:39:00;3797;com vítima;34;BR-040/RJ;Norte;Choque - Objeto Fixo;1;;;;;;;;;;0;2;;;
26/05/2014;22:14:00;3919;sem vítima;34;BR-040/RJ;Norte;Choque - Objeto Fixo;1;;;;;;;;;;1;;;;
26/05/2014;07:15:00;3802;com vítima;52;BR-040/RJ;Norte;Capotamento;1;;;;;;;;;;0;1;;;
26/05/2014;08:27:00;3811;com vítima;52;BR-040/RJ;Norte;Atropelamento - Pedestre;2;;;;;;;;;;1;2;1;1;
26/05/2014;07:02:00;3800;com vítima;72;BR-040/RJ;Norte;Choque - Objeto Fixo;1;;;;;;;;;;0;1;;;
26/05/2014;18:59:00;3904;sem vítima;83;BR-040/RJ;Norte;Choque - Objeto Fixo;1;;;;;;;;;;1;;;;
26/05/2014;06:17:00;3795;sem vítima;90;BR-040/RJ;Sul;Choque - Objeto Fixo;1;;;;;;;;;;1;;;;
26/05/2014;18:23:00;3901;sem vítima;93;BR-040/RJ;Sul;Choque - Objeto Fixo;1;;;;;;;;;;1;;;;
26/05/2014;16:36:00;3882;sem vítima;104;BR-040/RJ;Norte;Colisão Lateral;2;;;;;;;;;;2;;;;
26/05/2014;18:09:00;3899;sem vítima;104;BR-040/RJ;Sul;Colisão Traseira;1;;1;;;;;;;;2;;;;
26/05/2014;17:46:00;3897;sem vítima;108;BR-040/RJ;Norte;Choque - Objeto Fixo;1;;;;;;;;;;1;;;;
26/05/2014;15:48:00;3877;sem vítima;113;BR-040/RJ;Sul;Choque - Objeto Fixo;1;;;;;;;;;;1;;;;
26/05/2014;19:05:00;3905;sem vítima;113;BR-040/RJ;Norte;Engavetamento;3;;;;;;;;;;3;;;;
26/05/2014;08:08:00;3808;sem vítima;825;BR-040/MG;Sul;Choque - Objeto Fixo;1;;;;;;;;;;1;;;;
26/05/2014;09:02:00;3815;sem vítima;119;BR-040/RJ;Sul;Colisão Traseira;1;;1;;;;;;;;2;;;;
26/05/2014;13:21:00;3845;sem vítima;124;BR-040/RJ;Sul;Queda de Moto;;;;1;;;;;;;1;;;;
27/05/2014;00:36:00;3929;sem vítima;68;BR-040/RJ;Norte;Choque - Objeto Fixo;1;;;;;;;;;;1;;;;
27/05/2014;07:07:00;3950;sem vítima;78;BR-040/RJ;Sul;Choque - Objeto Fixo;1;;;;;;;;;;1;;;;
27/05/2014;07:34:00;3953;com vítima;85;BR-040/RJ;Norte;Choque - Objeto Fixo;1;;;;;;;;;;0;2;;;
27/05/2014;12:19:00;3993;sem vítima;105;BR-040/RJ;Norte;Colisão Traseira;1;;;;;;1;;;;2;;;;
27/05/2014;01:20:00;3932;sem vítima;117;BR-040/RJ;Norte;Colisão Traseira;2;;;;;;;;;;2;;;;
27/05/2014;06:36:00;3945;sem vítima;119;BR-040/RJ;Sul;Colisão Lateral;1;;;;;1;;;;;2;;;;
27/05/2014;10:39:00;3979;sem vítima;124;BR-040/RJ;Norte;Colisão Lateral;;;2;;;;;;;;2;;;;
28/05/2014;13:31:00;4138;com vítima;47;BR-040/RJ;Sul;Choque - Objeto Fixo;1;;;;;;;;;;0;1;;;
28/05/2014;11:10:00;4124;sem vítima;67;BR-040/RJ;Norte;Choque - Objeto Fixo;1;;;;;;;;;;1;;;;
28/05/2014;13:02:00;4135;sem vítima;93;BR-040/RJ;Sul;Choque - Objeto Fixo;1;;;;;;;;;;1;;;;
28/05/2014;20:56:00;4204;sem vítima;106;BR-040/RJ;Norte;Colisão Traseira;1;;;;1;;;;;;2;;;;
28/05/2014;17:31:00;4179;sem vítima;110;BR-040/RJ;Sul;Colisão Lateral;1;;1;;;;;;;;2;;;;
28/05/2014;17:58:00;4186;sem vítima;110;BR-040/RJ;Sul;Engavetamento;2;;1;;;;;;;;3;;;;
28/05/2014;18:12:00;4187;sem vítima;110;BR-040/RJ;Sul;Colisão Traseira;;;1;;1;;;;;;2;;;;
28/05/2014;18:40:00;4195;com vítima;778;BR-040/MG;Sul;Choque - Objeto Fixo;1;;;;;;;;;;0;1;;;
28/05/2014;17:22:00;4178;com vítima;116;BR-040/RJ;Norte;Engavetamento;2;;;;;1;;;;;1;3;;;
28/05/2014;17:51:00;4183;sem vítima;118;BR-040/RJ;Norte;Engavetamento;2;;;;;1;;;;;3;;;;
28/05/2014;20:25:00;4203;sem vítima;810;BR-040/MG;Norte;Choque - Objeto Fixo;1;;;;;;;;;;1;;;;
28/05/2014;07:21:00;4102;sem vítima;123;BR-040/RJ;Sul;Colisão Lateral;1;;1;;;;;;;;2;;;;
29/05/2014;09:50:00;4258;sem vítima;22;BR-040/RJ;Sul;Choque - Objeto Fixo;;;2;;;;;;;;2;;;;
29/05/2014;07:17:00;4236;sem vítima;85;BR-040/RJ;Norte;Choque - Objeto Fixo;1;;;;;;;;;;1;;;;
29/05/2014;13:54:00;4278;com vítima;102;BR-040/RJ;Sul;Colisão Lateral;;;;1;;1;;;;;1;1;;;
29/05/2014;10:50:00;4261;com vítima;105;BR-040/RJ;Norte;Atropelamento - Pedestre;;;1;;;;;;;;1;1;;;
29/05/2014;09:45:00;4255;sem vítima;784;BR-040/MG;Sul;Colisão Traseira;2;;;;;;;;;;2;;;;
29/05/2014;06:53:00;4234;sem vítima;121;BR-040/RJ;Sul;Colisão Lateral;1;;1;;;;;;;;2;;;;
29/05/2014;07:18:00;4239;sem vítima;121;BR-040/RJ;Sul;Colisão Lateral;1;;;;1;;;;;;2;;;;
30/05/2014;19:15:00;4480;com vítima;59;BR-040/RJ;Sul;Choque - Objeto Fixo;1;;;;;;;;;;0;1;1;;
30/05/2014;01:17:00;4364;sem vítima;73;BR-040/RJ;Sul;Choque - Objeto Fixo;1;;;;;;;;;;1;;;;
30/05/2014;09:36:00;4399;sem vítima;78;BR-040/RJ;Sul;Choque - Objeto Fixo;1;;;;;;;;;;1;;;;
30/05/2014;16:30:00;4451;sem vítima;87;BR-040/RJ;Sul;Choque - Objeto Fixo;;;1;;;;;;;;1;;;;
30/05/2014;14:10:00;4427;sem vítima;98;BR-040/RJ;Norte;Choque - Objeto Fixo;1;;;;;;;;;;1;;;;
30/05/2014;15:53:00;4444;com vítima;98;BR-040/RJ;Sul;Colisão Lateral;1;;1;;;;;;;;1;2;;;
30/05/2014;22:23:00;4505;com vítima;101;BR-040/RJ;Norte;Atropelamento - Pedestre;;;;1;;;;;;;0;2;;;
30/05/2014;18:38:00;4478;com vítima;105;BR-040/RJ;Norte;Colisão Lateral;1;;;1;;;;;;;1;1;;;
30/05/2014;06:12:00;4381;com vítima;110;BR-040/RJ;Norte;Colisão Traseira;1;;;;;1;;;;;1;;1;;
30/05/2014;21:57:00;4502;sem vítima;110;BR-040/RJ;Sul;Colisão Traseira;2;;;;;;;;;;2;;;;
30/05/2014;06:01:00;4380;sem vítima;115;BR-040/RJ;Norte;Colisão Traseira;1;;1;;;;;;;;2;;;;
30/05/2014;18:45:00;4479;sem vítima;792;BR-040/MG;Norte;Choque - Objeto Fixo;1;;;;;;;;;;1;;;;
30/05/2014;21:30:00;4498;sem vítima;802;BR-040/MG;Norte;Colisão Lateral;2;;;;;;;;;;2;;;;
30/05/2014;12:43:00;4420;com vítima;118;BR-040/RJ;Norte;Choque - Objeto Fixo;1;;;;;1;;;;;1;2;;;
30/05/2014;15:22:00;4435;sem vítima;119;BR-040/RJ;Sul;Colisão Lateral;;;1;;;1;;;;;2;;;;
30/05/2014;10:26:00;4406;com vítima;120;BR-040/RJ;Sul;Choque - Objeto Fixo;1;;;;;;;;;;0;1;;;
31/05/2014;15:05:00;4608;com vítima;7;BR-040/RJ;Sul;Queda de Moto;;;;1;;;;;;;0;1;;;
31/05/2014;01:27:00;4525;sem vítima;29;BR-040/RJ;Sul;Derrapagem;1;;;;;;;;;;1;;;;
31/05/2014;16:18:00;4622;sem vítima;50;BR-040/RJ;Norte;Capotamento;1;;;;;;;;;;1;;;;
31/05/2014;21:22:00;4668;com vítima;50;BR-040/RJ;Sul;Choque - Objeto Fixo;1;;;;;;;;;;0;;1;;
31/05/2014;04:28:00;4532;sem vítima;91;BR-040/RJ;Norte;Tombamento;;;1;;;;;;;;1;;;;
31/05/2014;00:58:00;4524;sem vítima;114;BR-040/RJ;Norte;Derrapagem;1;;;;;;;;;;1;;;;
31/05/2014;03:10:00;4528;sem vítima;114;BR-040/RJ;Sul;Choque - Objeto Fixo;1;;;;;;;;;;1;;;;
31/05/2014;08:44:00;4563;com vítima;784;BR-040/MG;Norte;Choque - Objeto Fixo;1;;;;;;;;;;0;1;;;
31/05/2014;08:14:00;4558;com vítima;118;BR-040/RJ;Sul;Queda de Moto;;;;1;;;;;;;0;1;;;
31/05/2014;07:23:00;4550;com vítima;122;BR-040/RJ;Norte;Capotamento;1;;;;;;;;;;0;3;;;
31/05/2014;08:31:00;4562;sem vítima;123;BR-040/RJ;Sul;Colisão Lateral;1;;2;;;;;;;;3;;;;
01/06/2014;20:41:00;116;com vítima;11;BR-040/RJ;Norte;Capotamento;1;;;;;;;;;;0;5;;;
01/06/2014;22:07:00;121;com vítima;64;BR-040/RJ;Norte;Colisão Traseira;2;;;;;;;;;;2;3;;;
01/06/2014;09:41:00;31;com vítima;77;BR-040/RJ;Sul;Tombamento;1;;;;;;;;;;0;1;;;
01/06/2014;19:14:00;105;sem vítima;77;BR-040/RJ;Sul;Choque - Objeto Fixo;1;;;;;;;;;;1;;;;
01/06/2014;06:57:00;17;sem vítima;78;BR-040/RJ;Sul;Derrapagem;1;;;;;;;;;;1;;;;
01/06/2014;19:05:00;104;sem vítima;78;BR-040/RJ;Sul;Choque - Objeto Fixo;1;;;;;;;;;;1;;;;
01/06/2014;08:20:00;23;com vítima;82;BR-040/RJ;Norte;Choque - Objeto Fixo;1;;;;;;;;;;0;2;;;
01/06/2014;18:27:00;100;sem vítima;82;BR-040/RJ;Sul;Colisão Traseira;1;;1;;;;;;;;2;;;;
01/06/2014;23:37:00;128;sem vítima;82;BR-040/RJ;Sul;Choque - Objeto Fixo;1;;;;;;;;;;1;;;;
01/06/2014;00:28:00;2;com vítima;94;BR-040/RJ;Norte;Queda de Moto;;;;1;;;;;;;0;1;;;
01/06/2014;12:26:00;44;com vítima;98;BR-040/RJ;Sul;Atropelamento - Pedestre;1;;;;;;;;;;1;;1;;
01/06/2014;18:26:00;99;com vítima;102;BR-040/RJ;Sul;Capotamento;1;;;;;;;;;;0;3;;;
01/06/2014;17:54:00;94;com vítima;105;BR-040/RJ;Norte;Engavetamento;3;;;;;;;;;;2;1;;;
01/06/2014;19:29:00;106;com vítima;109;BR-040/RJ;Norte;Capotamento;1;;;;;;;;;;0;1;;;
01/06/2014;12:17:00;45;com vítima;113;BR-040/RJ;Sul;Colisão Traseira;2;;;;;;;;;;2;3;;;
01/06/2014;08:15:00;25;sem vítima;779;BR-040/MG;Norte;Queda de Moto;;;;1;;;;;;;1;;;;
01/06/2014;06:20:00;16;com vítima;116;BR-040/RJ;Sul;Capotamento;1;;;;;;;;;;0;1;;;
01/06/2014;17:41:00;89;sem vítima;795;BR-040/MG;Sul;Choque - Objeto Fixo;1;;;;;;;;;;1;;;;
02/06/2014;08:16:00;162;com vítima;3;BR-040/RJ;Sul;Choque - Objeto Fixo;1;;;;;;;;;;0;1;;;
02/06/2014;07:53:00;154;com vítima;25;BR-040/RJ;Sul;Tombamento;;;1;;;1;;;;;1;1;;;
02/06/2014;06:31:00;146;com vítima;31;BR-040/RJ;Norte;Choque - Objeto Fixo;1;;;;;;;;;;0;1;1;;
02/06/2014;02:38:00;135;sem vítima;34;BR-040/RJ;Norte;Choque - Objeto Fixo;1;;;;;;;;;;1;;;;
02/06/2014;07:29:00;150;com vítima;43;BR-040/RJ;Norte;Choque - Objeto Fixo;1;;;;;;;;;;0;1;;;
02/06/2014;19:22:00;239;sem vítima;82;BR-040/RJ;Sul;Choque - Objeto Fixo;1;;;;;;;;;;1;;;;
02/06/2014;19:25:00;240;sem vítima;84;BR-040/RJ;Sul;Choque - Objeto Fixo;1;;;;;;;;;;1;;;;
02/06/2014;10:19:00;177;com vítima;105;BR-040/RJ;Norte;Colisão Lateral;;1;;;;1;;;;;1;1;;;
02/06/2014;17:32:00;224;sem vítima;115;BR-040/RJ;Norte;Choque - Objeto Fixo;1;;;;;;;;;;1;;;;
02/06/2014;02:53:00;136;com vítima;823;BR-040/MG;Sul;Choque - Objeto Fixo;1;;;;;;;;;;0;2;;;
02/06/2014;08:55:00;166;sem vítima;119;BR-040/RJ;Sul;Colisão Lateral;2;;;;;;;;;;2;;;;
02/06/2014;09:48:00;171;sem vítima;121;BR-040/RJ;Sul;Colisão Traseira;1;;;;1;;;;;;2;;;;
02/06/2014;14:55:00;202;sem vítima;122;BR-040/RJ;Norte;Colisão Lateral;2;;;;;;;;;;2;;;;
02/06/2014;07:43:00;153;sem vítima;123;BR-040/RJ;Sul;Colisão Lateral;1;;1;;;;;;;;2;;;;
03/06/2014;18:00:00;383;sem vítima;64;BR-040/RJ;Norte;Colisão Lateral;1;;1;;;;;;;;2;;;;
03/06/2014;07:42:00;299;com vítima;65;BR-040/RJ;Sul;Colisão Lateral;2;;;;;;;;;;1;1;;;
03/06/2014;06:55:00;298;com vítima;74;BR-040/RJ;Norte;Capotamento;1;;;;;;;;;;0;1;;;
03/06/2014;09:10:00;309;sem vítima;80;BR-040/RJ;Sul;Choque - Objeto Fixo;1;;;;;;;;;;1;;;;
03/06/2014;20:54:00;398;sem vítima;80;BR-040/RJ;Sul;Choque - Objeto Fixo;1;;;;;;;;;;1;;;;
03/06/2014;13:12:00;343;sem vítima;81;BR-040/RJ;Sul;Choque - Objeto Fixo;1;;;;;;;;;;1;;;;
03/06/2014;22:09:00;404;sem vítima;84;BR-040/RJ;Norte;Choque - Objeto Fixo;1;;;;;;;;;;1;;;;
03/06/2014;15:42:00;363;com vítima;94;BR-040/RJ;Sul;Tombamento;;;1;;;;;;;;0;3;;;
03/06/2014;18:06:00;381;com vítima;94;BR-040/RJ;Sul;Engavetamento;2;;3;;;;;;;;0;2;5;;
03/06/2014;03:38:00;272;com vítima;109;BR-040/RJ;Norte;Choque - Objeto Fixo;1;;;;;;;;;;0;1;;;
03/06/2014;17:57:00;380;sem vítima;111;BR-040/RJ;Sul;Colisão Traseira;2;;;;;;;;;;2;;;;
03/06/2014;17:05:00;373;com vítima;112;BR-040/RJ;Norte;Colisão Traseira;1;;;1;;;;;;;1;1;;;
03/06/2014;05:16:00;280;sem vítima;113;BR-040/RJ;Sul;Choque - Objeto Fixo;1;;;;;1;;;;;2;;;;
03/06/2014;05:51:00;285;sem vítima;113;BR-040/RJ;Sul;Colisão Traseira;2;;;;;;;;;;2;;;;
03/06/2014;06:17:00;291;sem vítima;113;BR-040/RJ;Sul;Colisão Traseira;2;;;;;;;;;;2;;;;
03/06/2014;06:32:00;294;sem vítima;113;BR-040/RJ;Sul;Colisão Traseira;2;;;;;;;;;;2;;;;
03/06/2014;16:56:00;371;sem vítima;114;BR-040/RJ;Sul;Colisão Traseira;;;1;1;;;;;;;2;;;;
03/06/2014;10:48:00;324;sem vítima;804;BR-040/MG;Norte;Choque - Objeto Fixo;1;;;;;;;;;;1;;;;
03/06/2014;04:55:00;276;com vítima;121;BR-040/RJ;Sul;Colisão Traseira;1;;1;;;;;;;;1;1;1;;
03/06/2014;05:48:00;284;sem vítima;122;BR-040/RJ;Sul;Colisão Lateral;1;;1;;;;;;;;2;;;;
03/06/2014;08:10:00;302;sem vítima;122;BR-040/RJ;Sul;Engavetamento;3;;;;;;;;;;3;;;;
03/06/2014;12:51:00;337;com vítima;124;BR-040/RJ;Norte;Atropelamento - Pedestre;;1;1;;;;;;;;1;;1;;
04/06/2014;12:57:00;478;sem vítima;21;BR-040/RJ;Sul;Colisão Traseira;2;;;;;;;;;;2;;;;
04/06/2014;00:22:00;413;com vítima;43;BR-040/RJ;Norte;Tombamento;;;1;;;;;;;;0;1;;;
04/06/2014;19:33:00;527;sem vítima;108;BR-040/RJ;Sul;Capotamento;1;;1;;;;;;;;2;;;;
04/06/2014;01:24:00;416;sem vítima;109;BR-040/RJ;Sul;Choque - Objeto Fixo;1;;;;;;;;;;1;;;;
04/06/2014;15:36:00;492;com vítima;115;BR-040/RJ;Sul;Colisão Traseira;1;;1;;;;;;;;1;2;;;
04/06/2014;06:00:00;432;sem vítima;813;BR-040/MG;Sul;Colisão Lateral;;;2;;;;;;;;2;;;;
04/06/2014;11:01:00;469;com vítima;121;BR-040/RJ;Norte;Capotamento;1;;;;;;;;;;0;;2;;
04/06/2014;18:44:00;524;com vítima;123;BR-040/RJ;Sul;Queda de Moto;;;;1;;;;;;;0;;1;;
04/06/2014;17:00:00;506;sem vítima;124;BR-040/RJ;Norte;Colisão Traseira;1;;1;;;;;;;;2;;;;
05/06/2014;08:31:00;585;com vítima;77;BR-040/RJ;Norte;Queda de Moto;;;;1;;;;;;;0;1;;;
05/06/2014;16:35:00;655;sem vítima;97;BR-040/RJ;Norte;Colisão Lateral;1;;1;;;;;;;;2;;;;
05/06/2014;17:04:00;661;sem vítima;97;BR-040/RJ;Norte;Colisão Traseira;2;;;;;;;;;;2;;;;
05/06/2014;07:16:00;576;sem vítima;112;BR-040/RJ;Sul;Colisão Lateral;1;;;;1;;;;;;2;;;;
05/06/2014;14:36:00;639;sem vítima;801;BR-040/MG;Norte;Colisão Lateral;1;;1;;;;;;;;2;;;;
06/06/2014;10:04:00;756;com vítima;65;BR-040/RJ;Sul;Colisão Lateral;1;;;;;1;;;;;1;1;;;
06/06/2014;08:38:00;744;sem vítima;93;BR-040/RJ;Norte;Choque - Objeto Fixo;1;;;;;;;;;;1;;;;
06/06/2014;04:56:00;720;sem vítima;104;BR-040/RJ;Norte;Colisão Traseira;2;;;;;;;;;;2;;;;
06/06/2014;12:57:00;775;sem vítima;108;BR-040/RJ;Sul;Colisão Lateral;1;;1;;;;;;;;2;;;;
06/06/2014;16:03:00;805;com vítima;109;BR-040/RJ;Sul;Colisão Traseira;1;;;1;;;;;;;1;1;;;
06/06/2014;23:16:00;855;sem vítima;111;BR-040/RJ;Sul;Choque - Objeto Fixo;1;;;;;;;;;;1;;;;
06/06/2014;01:47:00;704;sem vítima;114;BR-040/RJ;Norte;Choque - Objeto Fixo;1;;;;;;;;;;1;;;;
07/06/2014;17:45:00;976;sem vítima;86;BR-040/RJ;Sul;Colisão Traseira;1;;1;;;;;;;;2;;;;
07/06/2014;11:55:00;933;sem vítima;90;BR-040/RJ;Norte;Choque - Objeto Fixo;1;;;;;;;;;;1;;;;
07/06/2014;15:46:00;963;com vítima;93;BR-040/RJ;Sul;Tombamento;;;1;;;;;;;;0;;1;;
07/06/2014;09:19:00;912;com vítima;101;BR-040/RJ;Norte;Colisão Lateral;;;;1;1;;;;;;1;1;;;
07/06/2014;20:06:00;1000;sem vítima;106;BR-040/RJ;Sul;Colisão Traseira;2;;;;;;;;;;2;;;;
07/06/2014;19:25:00;995;com vítima;108;BR-040/RJ;Sul;Colisão Traseira;2;;;;;;;;;;1;1;1;;
07/06/2014;20:04:00;999;sem vítima;108;BR-040/RJ;Norte;Choque - Objeto Fixo;1;;;;;;;;;;1;;;;
07/06/2014;07:23:00;901;sem vítima;112;BR-040/RJ;Sul;Engavetamento;3;;;;;;;;;;3;;;;
07/06/2014;03:33:00;882;com vítima;113;BR-040/RJ;Sul;Engavetamento;3;;;;;;;;;;0;3;;;
07/06/2014;04:28:00;885;sem vítima;113;BR-040/RJ;Sul;Choque - Objeto Fixo;1;;;;;;;;;;1;;;;
07/06/2014;05:14:00;888;com vítima;113;BR-040/RJ;Sul;Engavetamento;1;;1;;1;;;;;;2;1;1;1;
07/06/2014;21:35:00;1010;sem vítima;114;BR-040/RJ;Sul;Capotamento;1;;;;;;;;;;1;;;;
08/06/2014;19:50:00;1144;sem vítima;21;BR-040/RJ;Norte;Capotamento;1;;;;;;;;;;1;;;;
08/06/2014;13:25:00;1078;com vítima;72;BR-040/RJ;Sul;Queda de Moto;;;;1;;1;;;;;1;;1;;
08/06/2014;00:08:00;1016;sem vítima;77;BR-040/RJ;Norte;Choque - Objeto Fixo;1;;;;;;;;;;1;;;;
08/06/2014;09:10:00;1046;sem vítima;81;BR-040/RJ;Norte;Choque - Objeto Fixo;1;;;;;;;;;;1;;;;
08/06/2014;15:27:00;1095;com vítima;85;BR-040/RJ;Sul;Queda de Moto;;;;1;;;;;;;0;1;;;
08/06/2014;06:55:00;1041;sem vítima;113;BR-040/RJ;Norte;Choque - Objeto Fixo;1;;;;;;;;;;1;;;;
09/06/2014;19:56:00;1300;sem vítima;78;BR-040/RJ;Sul;Choque - Objeto Fixo;1;;;;;;;;;;1;;;;
09/06/2014;08:14:00;1199;com vítima;90;BR-040/RJ;Sul;Queda de Moto;;;;1;;;;;;;0;;1;;
09/06/2014;07:22:00;1194;sem vítima;95;BR-040/RJ;Norte;Choque - Objeto Fixo;1;;;;;;;;;;1;;;;
09/06/2014;09:37:00;1213;com vítima;780;BR-040/MG;Norte;Colisão Lateral;1;;;1;;;;;;;1;;1;;
09/06/2014;07:30:00;1195;sem vítima;799;BR-040/MG;Norte;Colisão Lateral;1;;1;;;;;;;;2;;;;
09/06/2014;07:48:00;1197;com vítima;118;BR-040/RJ;Sul;Colisão Traseira;;;1;;1;;;;;;1;1;;;
09/06/2014;10:35:00;1228;com vítima;121;BR-040/RJ;Sul;Colisão Lateral;1;;;1;;;;;;;1;1;;;
09/06/2014;23:28:00;1318;sem vítima;121;BR-040/RJ;Norte;Colisão Transversal;1;;;;1;;;;;;2;;;;
09/06/2014;09:30:00;1210;sem vítima;123;BR-040/RJ;Sul;Colisão Traseira;2;;;;;;;;;;2;;;;
10/06/2014;16:06:00;1406;com vítima;34;BR-040/RJ;Norte;Choque - Objeto Fixo;1;;;;;;;;;;0;2;;;
10/06/2014;18:05:00;1429;com vítima;34;BR-040/RJ;Norte;Capotamento;1;;;;;;;;;;0;1;;;
10/06/2014;10:17:00;1363;com vítima;35;BR-040/RJ;Norte;Choque - Objeto Fixo;1;;;;;;;;;;0;1;;;
10/06/2014;11:17:00;1371;com vítima;38;BR-040/RJ;Norte;Choque - Objeto Fixo;1;;;;;;;;;;0;2;;;
10/06/2014;15:37:00;1403;sem vítima;44;BR-040/RJ;Norte;Choque - Objeto Fixo;1;;;;;;;;;;1;;;;
10/06/2014;16:06:00;1407;sem vítima;75;BR-040/RJ;Sul;Choque - Objeto Fixo;1;;;;;;;;;;1;;;;
10/06/2014;15:51:00;1404;sem vítima;83;BR-040/RJ;Sul;Capotamento;1;;;;;;;;;;1;;;;
10/06/2014;06:16:00;1340;com vítima;84;BR-040/RJ;Sul;Choque - Objeto Fixo;;;1;;;;;;;;0;1;;;
10/06/2014;18:21:00;1434;com vítima;88;BR-040/RJ;Norte;Engavetamento;3;;;;;;;;;;1;1;1;;
10/06/2014;17:52:00;1423;sem vítima;110;BR-040/RJ;Norte;Colisão Traseira;;;1;1;;;;;;;2;;;;
10/06/2014;20:38:00;1453;sem vítima;110;BR-040/RJ;Sul;Choque - Objeto Fixo;1;;;;;;;;;;1;;;;
10/06/2014;07:28:00;1344;com vítima;111;BR-040/RJ;Sul;Colisão Traseira;;;1;;1;;;;;;6;8;;;
10/06/2014;08:22:00;1351;com vítima;111;BR-040/RJ;Sul;Choque - Objeto Fixo;1;;;;;;;;;;0;1;;;
10/06/2014;08:20:00;1350;sem vítima;773;BR-040/MG;Norte;Tombamento;;;1;;;;;;;;1;;;;
10/06/2014;16:05:00;1405;sem vítima;118;BR-040/RJ;Norte;Choque - Objeto Fixo;1;;;;;;;;;;1;;;;
10/06/2014;11:40:00;1375;sem vítima;823;BR-040/MG;Sul;Choque - Objeto Fixo;1;;;;;;;;;;1;;;;
10/06/2014;06:55:00;1343;sem vítima;120;BR-040/RJ;Sul;Colisão Traseira;1;;1;;;;;;;;2;;;;