data;horario;n_da_ocorrencia;tipo_de_ocorrencia;km;trecho;sentido;tipo_de_acidente;automovel;bicicleta;caminhao;moto;onibus;outros;tracao_animal;transporte_de_cargas_especiais;trator_maquinas;utilitarios;ilesos;levemente_feridos;moderadamente_feridos;gravemente_feridos;mortos
09/08/2014;06:44:00;1270;sem vítima;78;BR-040/RJ;Sul;Choque - Objeto Fixo;1;;;;;;;;;;1;;;;
09/08/2014;01:16:00;1249;sem vítima;84;BR-040/RJ;Sul;Choque - Objeto Fixo;1;;;;;;;;;;1;;;;
09/08/2014;13:44:00;1314;sem vítima;86;BR-040/RJ;Sul;Colisão Traseira;1;;;;;1;;;;;2;;;;
09/08/2014;17:15:00;1343;sem vítima;90;BR-040/RJ;Norte;Choque - Objeto Fixo;1;;;;;;;;;;1;;;;
09/08/2014;21:57:00;1369;com vítima;92;BR-040/RJ;Sul;Capotamento;1;;;;;;;;;;0;1;;;
09/08/2014;18:36:00;1351;com vítima;100;BR-040/RJ;Norte;Colisão Frontal;2;;;;;;;;;;1;1;;;
09/08/2014;18:08:00;1349;sem vítima;104;BR-040/RJ;Norte;Colisão Lateral;1;;;;;1;;;;;2;;;;
09/08/2014;08:08:00;1280;sem vítima;108;BR-040/RJ;Norte;Colisão Traseira;1;;;;;1;;;;;2;;;;
09/08/2014;05:15:00;1263;sem vítima;814;BR-040/MG;Norte;Colisão Traseira;;;2;;;;;;;;2;;;;
09/08/2014;22:54:00;1375;sem vítima;823;BR-040/MG;Sul;Colisão Lateral;2;;;;;;;;;;2;;;;
09/08/2014;07:09:00;1272;sem vítima;119;BR-040/RJ;Sul;Colisão Lateral;2;;;;;;;;;;2;;;;
09/08/2014;00:51:00;1246;sem vítima;120;BR-040/RJ;Norte;Choque - Objeto Fixo;1;;;;;;;;;;1;;;;
09/08/2014;12:55:00;1311;com vítima;123;BR-040/RJ;Sul;Colisão Traseira;1;;1;;;;;;;;1;1;;;
10/08/2014;06:39:00;1410;com vítima;60;BR-040/RJ;Sul;Choque - Objeto Fixo;1;;;;;;;;;;0;2;;;
10/08/2014;19:34:00;1491;com vítima;70;BR-040/RJ;Sul;Colisão Transversal;2;;;;;;;;;;1;9;;;
10/08/2014;19:47:00;1493;com vítima;70;BR-040/RJ;Sul;Capotamento;1;;;;;;;;;;0;1;;;
10/08/2014;01:49:00;1396;sem vítima;78;BR-040/RJ;Sul;Choque - Objeto Fixo;1;;;;;;;;;;1;;;;
10/08/2014;11:07:00;1436;com vítima;97;BR-040/RJ;Sul;Capotamento;1;;;;;;;;;;0;;1;;
10/08/2014;18:32:00;1484;sem vítima;109;BR-040/RJ;Sul;Engavetamento;3;;;;;;;;;;3;;;;
10/08/2014;10:09:00;1432;com vítima;112;BR-040/RJ;Sul;Colisão Transversal;4;;;;;;;;;;3;1;;;
10/08/2014;13:56:00;1451;com vítima;117;BR-040/RJ;Sul;Queda de Moto;;;;1;;;;;;;0;1;;;
10/08/2014;18:10:00;1482;com vítima;780;BR-040/MG;Sul;Atropelamento - Animal;1;;;;;;;;;;0;5;;;
10/08/2014;00:47:00;1391;sem vítima;120;BR-040/RJ;Sul;Choque - Objeto Fixo;1;;;;;;;;;;1;;;;
10/08/2014;19:57:00;1494;sem vítima;120;BR-040/RJ;Sul;Colisão Traseira;2;;;;;;;;;;2;;;;
10/08/2014;21:46:00;1516;com vítima;124;BR-040/RJ;Sul;Colisão Traseira;2;;;;;;;;;;1;2;;;
10/08/2014;01:48:00;1395;sem vítima;125;BR-040/RJ;Norte;Capotamento;1;;;;;;;;;;1;;;;
11/08/2014;10:02:00;1595;com vítima;75;BR-040/RJ;Sul;Queda de Moto;;;;1;;;;;;;0;;1;;
11/08/2014;01:43:00;1539;sem vítima;102;BR-040/RJ;Norte;Choque - Objeto Fixo;1;;;;;;;;;;1;;;;
11/08/2014;04:05:00;1548;com vítima;113;BR-040/RJ;Norte;Choque - Objeto Fixo;1;;;;;;;;;;0;;1;;
11/08/2014;02:52:00;1545;sem vítima;777;BR-040/MG;Sul;Choque - Objeto Fixo;1;;;;;;;;;;1;;;;
11/08/2014;11:25:00;1605;sem vítima;778;BR-040/MG;Sul;Colisão Traseira;;;1;;;1;;;;;2;;;;
11/08/2014;07:14:00;1570;sem vítima;122;BR-040/RJ;Sul;Colisão Traseira;1;;1;;;;;;;;2;;;;
11/08/2014;16:34:00;1663;com vítima;123;BR-040/RJ;Norte;Colisão Traseira;2;;;;;;;;;;1;1;;;
12/08/2014;17:48:00;1827;com vítima;49;BR-040/RJ;Norte;Choque - Objeto Fixo;1;;;;;;;;;;0;1;;;
12/08/2014;18:03:00;1831;com vítima;88;BR-040/RJ;Norte;Queda de Moto;;;;1;;;;;;;0;1;;;
12/08/2014;01:19:00;1722;sem vítima;111;BR-040/RJ;Sul;Choque - Objeto Fixo;;;1;;;;;;;;1;;;;
12/08/2014;07:58:00;1743;com vítima;781;BR-040/MG;Sul;Colisão Lateral;1;;1;;;1;;;;;2;1;1;;
12/08/2014;20:02:00;1847;com vítima;788;BR-040/MG;Sul;Colisão Traseira;;;2;;;;;;;;0;2;;;
12/08/2014;10:43:00;1762;sem vítima;819;BR-040/MG;Norte;Choque - Objeto Fixo;1;;;;;;;;;;1;;;;
12/08/2014;12:14:00;1777;sem vítima;121;BR-040/RJ;Sul;Engavetamento;3;;;;;;;;;;3;;;;
12/08/2014;13:36:00;1787;com vítima;122;BR-040/RJ;Sul;Colisão Lateral;1;;;1;;;;;;;1;;1;;
12/08/2014;12:59:00;1783;sem vítima;124;BR-040/RJ;Norte;Choque - Objeto Fixo;1;;;;;;;;;;1;;;;
13/08/2014;14:04:00;1946;com vítima;32;BR-040/RJ;Sul;Colisão Lateral;;;;1;;1;;;;;1;1;;;
13/08/2014;00:08:00;1866;com vítima;51;BR-040/RJ;Sul;Tombamento;;;1;;;;;;;;0;1;;;
13/08/2014;06:27:00;1882;sem vítima;59;BR-040/RJ;Sul;Choque - Objeto Fixo;;;1;;;;;;;;1;;;;
13/08/2014;22:20:00;2017;com vítima;78;BR-040/RJ;Sul;Capotamento;1;;;;;;;;;;0;1;;;
13/08/2014;17:30:00;1984;sem vítima;95;BR-040/RJ;Norte;Choque - Objeto Fixo;1;;;;;;;;;;1;;;;
13/08/2014;06:15:00;1881;com vítima;101;BR-040/RJ;Sul;Colisão Lateral;1;;;1;;;;;;;1;1;;;
13/08/2014;07:28:00;1892;sem vítima;105;BR-040/RJ;Sul;Colisão Lateral;1;;;;1;;;;;;2;;;;
13/08/2014;18:28:00;1997;sem vítima;110;BR-040/RJ;Sul;Colisão Traseira;2;;;;;;;;;;2;;;;
13/08/2014;18:21:00;1994;sem vítima;112;BR-040/RJ;Sul;Engavetamento;3;;;;;;;;;;3;;;;
13/08/2014;17:51:00;1987;sem vítima;120;BR-040/RJ;Norte;Colisão Traseira;1;;1;;;;;;;;2;;;;
13/08/2014;07:32:00;1891;com vítima;122;BR-040/RJ;Norte;Colisão Traseira;1;;;;1;;;;;;1;1;;;
14/08/2014;06:47:00;2049;sem vítima;34;BR-040/RJ;Norte;Choque - Objeto Fixo;1;;;;;;;;;;1;;;;
14/08/2014;10:58:00;2071;com vítima;72;BR-040/RJ;Norte;Choque - Objeto Fixo;1;;;;;;;;;;0;;1;;
14/08/2014;10:10:00;2069;sem vítima;75;BR-040/RJ;Sul;Derrapagem;1;;;;;;;;;;1;;;;
14/08/2014;08:26:00;2056;com vítima;78;BR-040/RJ;Sul;Capotamento;1;;;;;;;;;;1;1;1;;
14/08/2014;22:45:00;2147;sem vítima;84;BR-040/RJ;Sul;Choque - Objeto Fixo;1;;;;;;;;;;1;;;;
14/08/2014;19:24:00;2124;sem vítima;86;BR-040/RJ;Norte;Choque - Objeto Fixo;1;;;;;;;;;;1;;;;
14/08/2014;12:27:00;2080;sem vítima;90;BR-040/RJ;Norte;Choque - Objeto Fixo;1;;;;;;;;;;1;;;;
14/08/2014;13:29:00;2086;sem vítima;91;BR-040/RJ;Sul;Choque - Objeto Fixo;1;;;;;;;;;;1;;;;
14/08/2014;09:52:00;2063;sem vítima;92;BR-040/RJ;Norte;Choque - Objeto Fixo;1;;;;;;;;;;1;;;;
14/08/2014;23:10:00;2151;com vítima;108;BR-040/RJ;Norte;Choque - Objeto Fixo;1;;;;;;;;;;0;1;;;
14/08/2014;15:46:00;2096;sem vítima;109;BR-040/RJ;Sul;Colisão Traseira;;;1;;1;;;;;;2;;;;
14/08/2014;00:08:00;2023;com vítima;111;BR-040/RJ;Sul;Colisão Traseira;;;2;;;;;;;;0;3;;;
14/08/2014;17:49:00;2115;sem vítima;117;BR-040/RJ;Sul;Choque - Objeto Fixo;1;;;;;;;;;;1;;;;
14/08/2014;11:57:00;2074;sem vítima;789;BR-040/MG;Norte;Choque - Objeto Fixo;1;;;;;;;;;;1;;;;
14/08/2014;06:37:00;2048;sem vítima;801;BR-040/MG;Norte;Choque - Objeto Fixo;1;;;;;;;;;;1;;;;
14/08/2014;04:54:00;2039;sem vítima;123;BR-040/RJ;Sul;Choque - Objeto Fixo;1;;;;;;;;;;1;;;;
14/08/2014;05:35:00;2044;sem vítima;124;BR-040/RJ;Norte;Colisão Lateral;;;2;;;;;;;;2;;;;
15/08/2014;06:30:00;2177;sem vítima;2;BR-040/RJ;Sul;Choque - Objeto Fixo;;;1;;;;;;;;1;;;;
15/08/2014;12:49:00;2220;com vítima;77;BR-040/RJ;Sul;Choque - Objeto Fixo;1;;;;;;;;;;0;;4;;
15/08/2014;12:29:00;2217;com vítima;83;BR-040/RJ;Norte;Choque - Objeto Fixo;1;;;;;;;;;;0;1;;;
15/08/2014;23:03:00;2289;sem vítima;90;BR-040/RJ;Norte;Choque - Objeto Fixo;1;;;;;;;;;;1;;;;
15/08/2014;06:29:00;2176;com vítima;101;BR-040/RJ;Sul;Derrapagem;1;;;;;;;;;;0;2;;;
15/08/2014;16:19:00;2251;sem vítima;102;BR-040/RJ;Norte;Colisão Lateral;1;;1;;;;;;;;2;;;;
15/08/2014;15:08:00;2240;sem vítima;109;BR-040/RJ;Norte;Colisão Lateral;1;;1;;;;;;;;2;;;;
15/08/2014;08:12:00;2188;sem vítima;111;BR-040/RJ;Norte;Colisão Lateral;2;;;;;;;;;;2;;;;
15/08/2014;10:03:00;2207;sem vítima;111;BR-040/RJ;Sul;Engavetamento;4;;;;;;;;;;4;;;;
15/08/2014;07:36:00;2183;sem vítima;792;BR-040/MG;Norte;Capotamento;1;;;;;;;;;;1;;;;
15/08/2014;11:16:00;2210;com vítima;794;BR-040/MG;Sul;Choque - Objeto Fixo;1;;;;;;;;;;0;2;;;
15/08/2014;16:11:00;2249;com vítima;804;BR-040/MG;Norte;Colisão Lateral;1;;;;;1;;;;;1;1;;;
15/08/2014;16:05:00;2246;sem vítima;122;BR-040/RJ;Sul;Engavetamento;3;;;;;;;;;;3;;;;
15/08/2014;18:25:00;2267;com vítima;124;BR-040/RJ;Norte;Colisão Lateral;;;;1;;1;;;;;1;;1;;
16/08/2014;15:25:00;2372;com vítima;99;BR-040/RJ;Norte;Derrapagem;1;;;;;;;;;;0;2;;;
16/08/2014;15:04:00;2370;com vítima;100;BR-040/RJ;Norte;Queda de Moto;;;;1;;;;;;;0;2;;;
16/08/2014;12:17:00;2347;sem vítima;102;BR-040/RJ;Sul;Colisão Traseira;2;;;;;;;;;;2;;;;
16/08/2014;11:48:00;2343;com vítima;105;BR-040/RJ;Norte;Colisão Lateral;1;;;1;;;;;;;1;;1;;
16/08/2014;17:04:00;2386;sem vítima;113;BR-040/RJ;Norte;Colisão Traseira;2;;;;;;;;;;2;;;;
16/08/2014;05:54:00;2311;com vítima;809;BR-040/MG;Sul;Capotamento;1;;;;;;;;;;0;2;;;
16/08/2014;07:56:00;2318;sem vítima;812;BR-040/MG;Norte;Choque - Objeto Fixo;1;;;;;;;;;;1;;;;
16/08/2014;12:15:00;2346;sem vítima;123;BR-040/RJ;Norte;Engavetamento;4;;;;;;;;;;4;;;;
16/08/2014;14:55:00;2366;sem vítima;123;BR-040/RJ;Sul;Colisão Traseira;1;;1;;;;;;;;2;;;;
17/08/2014;06:45:00;2464;com vítima;5;BR-040/RJ;Sul;Capotamento;1;;;;;;;;;;0;3;1;;
17/08/2014;01:50:00;2444;com vítima;24;BR-040/RJ;Sul;Queda de Moto;;;;1;;;;;;;0;;1;;
17/08/2014;09:58:00;2479;com vítima;91;BR-040/RJ;Norte;Colisão Lateral;;;;1;1;;;;;;1;;;1;
17/08/2014;16:19:00;2515;sem vítima;91;BR-040/RJ;Norte;Choque - Objeto Fixo;1;;;;;;;;;;1;;;;
17/08/2014;03:03:00;2447;com vítima;101;BR-040/RJ;Norte;Colisão Traseira;2;;;;;;;;;;1;1;;;
17/08/2014;19:27:00;2547;sem vítima;109;BR-040/RJ;Sul;Colisão Traseira;2;;;;;;;;;;2;;;;
17/08/2014;09:51:00;2478;com vítima;112;BR-040/RJ;Sul;Atropelamento - Pedestre;1;;;;;;;;;;1;;;;1
17/08/2014;15:06:00;2503;com vítima;773;BR-040/MG;Sul;Capotamento;1;;;;;;;;;;0;1;;;
17/08/2014;21:23:00;2565;sem vítima;780;BR-040/MG;Sul;Colisão Transversal;2;;;;;;;;;;2;;;;
17/08/2014;21:10:00;2563;sem vítima;810;BR-040/MG;Sul;Choque - Objeto Fixo;1;;;;;;;;;;1;;;;
17/08/2014;05:15:00;2459;com vítima;121;BR-040/RJ;Norte;Colisão Frontal;1;;1;;;;;;;;1;1;;;
17/08/2014;22:54:00;2570;sem vítima;123;BR-040/RJ;Sul;Choque - Objeto Fixo;1;;;;;;;;;;1;;;;
17/08/2014;09:35:00;2477;sem vítima;124;BR-040/RJ;Sul;Colisão Traseira;2;;;;;;;;;;2;;;;
18/08/2014;06:57:00;2605;sem vítima;84;BR-040/RJ;Norte;Choque - Objeto Fixo;1;;;;;;;;;;1;;;;
18/08/2014;14:22:00;2677;sem vítima;84;BR-040/RJ;Sul;Colisão Traseira;2;;;;;;;;;;2;;;;
18/08/2014;15:50:00;2695;sem vítima;111;BR-040/RJ;Sul;Colisão Traseira;1;;1;;;;;;;;2;;;;
18/08/2014;04:28:00;2592;sem vítima;793;BR-040/MG;Norte;Choque - Objeto Fixo;1;;;;;;;;;;1;;;;
18/08/2014;22:39:00;2733;sem vítima;816;BR-040/MG;Sul;Colisão Lateral;1;;1;;;;;;;;2;;;;
18/08/2014;07:32:00;2609;com vítima;120;BR-040/RJ;Sul;Colisão Traseira;1;;;1;;;;;;;1;1;;;
18/08/2014;21:08:00;2727;com vítima;122;BR-040/RJ;Sul;Capotamento;1;;;;;;;;;;0;1;;;
18/08/2014;00:47:00;2578;com vítima;123;BR-040/RJ;Sul;Capotamento;1;;;;;1;;;;;1;1;;;
18/08/2014;17:48:00;2712;com vítima;123;BR-040/RJ;Sul;Colisão Lateral;1;;;1;;;;;;;1;1;;;
19/08/2014;00:13:00;2740;sem vítima;73;BR-040/RJ;Sul;Choque - Objeto Fixo;;;1;;;;;;;;1;;;;
19/08/2014;16:07:00;2819;sem vítima;82;BR-040/RJ;Norte;Colisão Traseira;1;;;;;1;;;;;2;;;;
19/08/2014;06:12:00;2752;com vítima;84;BR-040/RJ;Norte;Choque - Objeto Fixo;;;1;;;;;;;;0;1;;;
19/08/2014;12:35:00;2799;sem vítima;91;BR-040/RJ;Norte;Choque - Objeto Fixo;1;;;;;;;;;;1;;;;
19/08/2014;08:04:00;2768;sem vítima;109;BR-040/RJ;Sul;Queda de Moto;;;;1;;;;;;;1;;;;
20/08/2014;10:07:00;2912;sem vítima;88;BR-040/RJ;Sul;Queda de Moto;;;;1;;;;;;;1;;;;
20/08/2014;21:46:00;2994;sem vítima;94;BR-040/RJ;Norte;Choque - Objeto Fixo;1;;;;;;;;;;1;;;;
20/08/2014;19:12:00;2982;com vítima;96;BR-040/RJ;Norte;Tombamento;;;1;;;;;;;;0;;1;;
20/08/2014;12:22:00;2926;com vítima;102;BR-040/RJ;Sul;Capotamento;1;;;;;;;;;;0;1;1;;
20/08/2014;16:10:00;2955;sem vítima;108;BR-040/RJ;Norte;Colisão Lateral;1;;1;;;;;;;;2;;;;
20/08/2014;14:52:00;2942;com vítima;797;BR-040/MG;Norte;Choque - Objeto Fixo;1;;;;;;;;;;0;2;;;
20/08/2014;19:41:00;2985;sem vítima;122;BR-040/RJ;Sul;Colisão Traseira;2;;;;;;;;;;2;;;;
20/08/2014;07:12:00;2898;com vítima;123;BR-040/RJ;Sul;Colisão Traseira;;;;2;;;;;;;0;2;;;
20/08/2014;07:38:00;2899;sem vítima;123;BR-040/RJ;Sul;Colisão Lateral;1;;1;;;;;;;;2;;;;
21/08/2014;08:53:00;3032;com vítima;53;BR-040/RJ;Sul;Queda de Moto;;;;1;;;;;;;0;1;;;
21/08/2014;07:57:00;3027;sem vítima;80;BR-040/RJ;Sul;Tombamento;;;1;;;;;;;;1;;;;
21/08/2014;08:09:00;3028;sem vítima;80;BR-040/RJ;Sul;Tombamento;;;1;;;;;;;;1;;;;
21/08/2014;02:31:00;3011;com vítima;85;BR-040/RJ;Sul;Choque - Objeto Fixo;1;;;;;;;;;;0;1;;;
21/08/2014;15:55:00;3068;com vítima;85,001;BR-040/RJ;Sul;Colisão Traseira;;;;;1;1;;;;;1;2;;;
21/08/2014;14:00:00;3059;sem vítima;88;BR-040/RJ;Norte;Colisão Traseira;1;;;;;1;;;;;2;;;;
21/08/2014;10:15:00;3035;sem vítima;90;BR-040/RJ;Norte;Colisão Traseira;1;;;;;1;;;;;2;;;;
21/08/2014;15:09:00;3065;sem vítima;97;BR-040/RJ;Norte;Choque - Objeto Fixo;1;;;;;;;;;;1;;;;
21/08/2014;17:41:00;3087;sem vítima;113;BR-040/RJ;Sul;Colisão Traseira;1;;;;;1;;;;;2;;;;
21/08/2014;06:54:00;3019;com vítima;785;BR-040/MG;Norte;Queda de Moto;;;;1;;;;;;;0;1;;;
21/08/2014;05:18:00;3014;com vítima;118;BR-040/RJ;Sul;Engavetamento;4;;;;;;;;;;2;2;;;
21/08/2014;11:17:00;3046;sem vítima;122;BR-040/RJ;Sul;Colisão Traseira;1;;;;1;;;;;;2;;;;
22/08/2014;16:07:00;3218;com vítima;51;BR-040/RJ;Norte;Capotamento;1;;;;;;;;;;0;;2;;
22/08/2014;14:01:00;3203;sem vítima;86;BR-040/RJ;Norte;Engavetamento;3;;;;;;;;;;3;;;;
22/08/2014;09:33:00;3162;com vítima;112;BR-040/RJ;Norte;Engavetamento;1;;;;1;1;;;;;2;1;;;
22/08/2014;15:50:00;3216;sem vítima;113;BR-040/RJ;Norte;Colisão Traseira;1;;1;;;;;;;;2;;;;
22/08/2014;05:50:00;3149;com vítima;114;BR-040/RJ;Sul;Capotamento;1;;;;;;;;;;0;1;;;
22/08/2014;13:07:00;3194;com vítima;799;BR-040/MG;Sul;Capotamento;1;;;;;;;;;;0;1;;;
22/08/2014;06:44:00;3156;com vítima;119;BR-040/RJ;Norte;Colisão Traseira;1;;;;1;1;;;;;2;2;;;
22/08/2014;13:30:00;3197;sem vítima;123;BR-040/RJ;Norte;Choque - Objeto Fixo;1;;;;;;;;;;1;;;;
23/08/2014;11:16:00;3331;sem vítima;72;BR-040/RJ;Sul;Choque - Objeto Fixo;1;;;;;;;;;;1;;;;
23/08/2014;12:38:00;3340;sem vítima;75;BR-040/RJ;Sul;Choque - Objeto Fixo;1;;;;;;;;;;1;;;;
23/08/2014;14:27:00;3350;com vítima;78;BR-040/RJ;Norte;Choque - Objeto Fixo;1;;;;;;;;;;0;;1;1;
23/08/2014;14:02:00;3347;com vítima;112;BR-040/RJ;Norte;Colisão Lateral;1;1;;;;;;;;;1;;1;;
23/08/2014;15:35:00;3359;com vítima;792;BR-040/MG;Norte;Capotamento;1;;;;;;;;;;0;2;1;;
23/08/2014;10:49:00;3329;sem vítima;124;BR-040/RJ;Sul;Choque - Objeto Fixo;1;;;;;;;;;;1;;;;
24/08/2014;20:08:00;3518;sem vítima;41;BR-040/RJ;Norte;Choque - Objeto Fixo;1;;;;;;;;;;1;;;;
24/08/2014;21:04:00;3522;com vítima;50;BR-040/RJ;Sul;Capotamento;2;;;;;;;;;;2;2;1;;
24/08/2014;23:15:00;3529;com vítima;82;BR-040/RJ;Sul;Colisão Frontal;2;;;;;;;;;;0;3;;;
24/08/2014;10:46:00;3442;sem vítima;90;BR-040/RJ;Norte;Engavetamento;2;;;;;1;;;;;3;;;;
24/08/2014;19:21:00;3512;sem vítima;96;BR-040/RJ;Sul;Engavetamento;2;;;;;1;;;;;3;;;;
24/08/2014;11:15:00;3444;sem vítima;102;BR-040/RJ;Norte;Queda de Moto;;;;1;;;;;;;1;;;;
24/08/2014;22:22:00;3526;com vítima;109;BR-040/RJ;Norte;Choque - Objeto Fixo;1;;;;;;;;;;0;;2;;1
24/08/2014;06:52:00;3422;sem vítima;115;BR-040/RJ;Norte;Colisão Lateral;1;;1;;;;;;;;2;;;;
24/08/2014;18:18:00;3501;com vítima;115;BR-040/RJ;Norte;Choque - Objeto Fixo;1;;;;;;;;;;0;1;;;
24/08/2014;13:25:00;3455;com vítima;783;BR-040/MG;Norte;Tombamento;;;1;;;;;;;;0;;2;;
24/08/2014;22:05:00;3525;sem vítima;786;BR-040/MG;Sul;Choque - Objeto Fixo;1;;;;;;;;;;1;;;;
24/08/2014;18:45:00;3504;sem vítima;795;BR-040/MG;Sul;Colisão Traseira;2;;;;;;;;;;2;;;;
24/08/2014;16:33:00;3482;sem vítima;815;BR-040/MG;Sul;Colisão Traseira;2;;;;;;;;;;2;;;;
24/08/2014;19:54:00;3517;sem vítima;122;BR-040/RJ;Sul;Colisão Traseira;;;1;;;1;;;;;2;;;;
25/08/2014;17:12:00;3629;sem vítima;31;BR-040/RJ;Norte;Choque - Objeto Fixo;1;;;;;;;;;;1;;;;
25/08/2014;05:44:00;3548;com vítima;52;BR-040/RJ;Sul;Colisão Traseira;1;;1;;;;;;;;1;1;;;
25/08/2014;15:25:00;3612;com vítima;104;BR-040/RJ;Sul;Queda de Moto;;;;1;;;;;;;0;2;;;
25/08/2014;10:35:00;3579;sem vítima;114;BR-040/RJ;Norte;Choque - Objeto Fixo;1;;;;;;;;;;1;;;;
25/08/2014;07:00:00;3559;com vítima;123;BR-040/RJ;Sul;Colisão Traseira;;;;2;;;;;;;1;;1;;
26/08/2014;16:22:00;3777;com vítima;108;BR-040/RJ;Norte;Tombamento;;;1;;;;;;;;0;1;;;
26/08/2014;11:35:00;3736;sem vítima;109;BR-040/RJ;Norte;Colisão Lateral;1;;1;;;;;;;;2;;;;
26/08/2014;19:13:00;3804;sem vítima;113;BR-040/RJ;Norte;Colisão Traseira;1;;;;;1;;;;;2;;;;
26/08/2014;13:13:00;3752;sem vítima;121;BR-040/RJ;Norte;Capotamento;1;;;;;;;;;;1;;;;
26/08/2014;16:17:00;3776;com vítima;122;BR-040/RJ;Norte;Choque - Objeto Fixo;1;;;;;;;;;;0;1;;;
26/08/2014;18:21:00;3796;com vítima;122;BR-040/RJ;Norte;Queda de Moto;;;;1;;;;;;;0;1;;;
27/08/2014;12:19:00;3878;sem vítima;58;BR-040/RJ;Sul;Derrapagem;1;;;;;;;;;;1;;;;
27/08/2014;12:19:00;3881;sem vítima;58;BR-040/RJ;Sul;Derrapagem;1;;;;;;;;;;1;;;;
27/08/2014;11:58:00;3877;sem vítima;59;BR-040/RJ;Sul;Derrapagem;1;;;;;;;;;;1;;;;
27/08/2014;11:58:00;3882;com vítima;59;BR-040/RJ;Sul;Capotamento;1;;;;;;;;;;0;;;1;
27/08/2014;20:11:00;3930;com vítima;59;BR-040/RJ;Sul;Queda de Moto;;;;1;;;;;;;0;1;;;
27/08/2014;16:00:00;3901;com vítima;78;BR-040/RJ;Sul;Choque - Objeto Fixo;1;;;;;;;;;;0;1;;;
27/08/2014;17:55:00;3915;sem vítima;78;BR-040/RJ;Sul;Choque - Objeto Fixo;1;;;;;;;;;;1;;;;
27/08/2014;21:49:00;3937;com vítima;82;BR-040/RJ;Sul;Choque - Objeto Fixo;1;;;;;;;;;;0;1;;;
27/08/2014;16:56:00;3910;sem vítima;85;BR-040/RJ;Sul;Choque - Objeto Fixo;1;;;;;;;;;;1;;;;
27/08/2014;05:37:00;3850;sem vítima;86;BR-040/RJ;Sul;Engavetamento;3;;;;;;;;;;3;;;;
27/08/2014;03:40:00;3840;sem vítima;95;BR-040/RJ;Sul;Choque - Objeto Fixo;1;;;;;;;;;;1;;;;
27/08/2014;16:25:00;3905;sem vítima;102;BR-040/RJ;Norte;Colisão Lateral;1;;1;;;;;;;;2;;;;
27/08/2014;20:45:00;3933;sem vítima;796;BR-040/MG;Norte;Choque - Objeto Fixo;1;;;;;;;;;;1;;;;
27/08/2014;19:38:00;3929;sem vítima;121;BR-040/RJ;Sul;Colisão Traseira;1;;1;;;;;;;;2;;;;
28/08/2014;06:58:00;3965;com vítima;2;BR-040/RJ;Sul;Capotamento;1;;;;;;;;;;0;1;;;
28/08/2014;08:46:00;3977;sem vítima;6;BR-040/RJ;Sul;Choque - Objeto Fixo;1;;;;;;;;;;1;;;;
28/08/2014;09:14:00;3974;sem vítima;34;BR-040/RJ;Norte;Choque - Objeto Fixo;1;;;;;;;;;;1;;;;
28/08/2014;11:10:00;3986;sem vítima;35;BR-040/RJ;Norte;Choque - Objeto Fixo;1;;;;;;;;;;1;;;;
28/08/2014;17:39:00;4034;sem vítima;59;BR-040/RJ;Sul;Choque - Objeto Fixo;1;;;;;;;;;;1;;;;
28/08/2014;12:28:00;3995;sem vítima;88;BR-040/RJ;Norte;Choque - Objeto Fixo;1;;;;;;;;;;1;;;;
28/08/2014;05:03:00;3957;com vítima;92;BR-040/RJ;Sul;Choque - Objeto Fixo;1;;;;;;;;;;0;3;;;
28/08/2014;14:48:00;4008;sem vítima;92;BR-040/RJ;Norte;Colisão Traseira;1;;;;;1;;;;;2;;;;
28/08/2014;13:48:00;3999;sem vítima;94;BR-040/RJ;Norte;Choque - Objeto Fixo;1;;;;;;;;;;1;;;;
28/08/2014;19:38:00;4048;sem vítima;110;BR-040/RJ;Norte;Colisão Traseira;2;;;;;;;;;;2;;;;
28/08/2014;11:40:00;3990;sem vítima;113;BR-040/RJ;Sul;Choque - Objeto Fixo;;;1;;;;;;;;1;;;;
28/08/2014;20:02:00;4050;sem vítima;113;BR-040/RJ;Norte;Capotamento;1;;;;;;;;;;1;;;;
28/08/2014;08:52:00;3973;com vítima;783;BR-040/MG;Norte;Choque - Objeto Fixo;1;;;;;;;;;;0;1;;;
28/08/2014;12:32:00;3996;com vítima;123;BR-040/RJ;Sul;Choque - Objeto Fixo;1;;;;;;;;;;0;1;;;
29/08/2014;08:10:00;4093;com vítima;2;BR-040/RJ;Sul;Derrapagem;1;;;;;;;;;;0;1;;;
29/08/2014;08:43:00;4098;com vítima;23;BR-040/RJ;Sul;Colisão Traseira;1;;;;1;;;;;;1;;1;;
29/08/2014;21:30:00;4201;com vítima;43;BR-040/RJ;Norte;Colisão Transversal;1;;;;;;;;;;0;2;;;
29/08/2014;18:52:00;4178;sem vítima;78;BR-040/RJ;Sul;Choque - Objeto Fixo;1;;;;;;;;;;1;;;;
29/08/2014;16:12:00;4153;sem vítima;85;BR-040/RJ;Sul;Colisão Traseira;2;;;;;;;;;;2;;;;
29/08/2014;19:09:00;4181;sem vítima;91;BR-040/RJ;Sul;Capotamento;1;;;;;;;;;;1;;;;
29/08/2014;17:38:00;4167;sem vítima;92;BR-040/RJ;Sul;Derrapagem;1;;;;;;;;;;1;;;;
29/08/2014;12:01:00;4119;com vítima;102;BR-040/RJ;Norte;Queda de Moto;;;;1;;;;;;;0;1;;;