data;horario;n_da_ocorrencia;tipo_de_ocorrencia;km;trecho;sentido;tipo_de_acidente;automovel;bicicleta;caminhao;moto;onibus;outros;tracao_animal;transporte_de_cargas_especiais;trator_maquinas;utilitarios;ilesos;levemente_feridos;moderadamente_feridos;gravemente_feridos;mortos
29/08/2014;16:12:00;4154;com vítima;105;BR-040/RJ;Norte;Capotamento;1;;;;;;;;;;0;1;;;
29/08/2014;22:02:00;4206;sem vítima;110;BR-040/RJ;Norte;Colisão Traseira;2;;;;;;;;;;2;;;;
29/08/2014;18:11:00;4171;sem vítima;112;BR-040/RJ;Norte;Colisão Traseira;1;;;;;1;;;;;2;;;;
29/08/2014;18:37:00;4174;sem vítima;112;BR-040/RJ;Norte;Colisão Traseira;1;;;;;1;;;;;2;;;;
29/08/2014;13:35:00;4134;sem vítima;791;BR-040/MG;Norte;Colisão Transversal;2;;;;;;;;;;2;;;;
29/08/2014;06:45:00;4089;sem vítima;122;BR-040/RJ;Sul;Colisão Traseira;1;;1;;;;;;;;2;;;;
29/08/2014;01:01:00;4072;com vítima;123;BR-040/RJ;Norte;Colisão Traseira;2;;;;;;;;;;0;4;;;
29/08/2014;19:37:00;4187;com vítima;124;BR-040/RJ;Norte;Colisão Lateral;;;;1;;1;;;;;1;;1;;
30/08/2014;01:33:00;4220;com vítima;82;BR-040/RJ;Norte;Choque - Objeto Fixo;;;1;;;;;;;;0;1;;;
30/08/2014;18:36:00;4293;sem vítima;783;BR-040/MG;Norte;Choque - Objeto Fixo;1;;;;;;;;;;1;;;;
30/08/2014;12:03:00;4265;com vítima;810;BR-040/MG;Sul;Tombamento;;;1;;;;;;;;0;1;;;
30/08/2014;13:14:00;4271;sem vítima;122;BR-040/RJ;Norte;Colisão Lateral;;;1;;1;;;;;;2;;;;
30/08/2014;15:19:00;4278;sem vítima;122;BR-040/RJ;Norte;Colisão Lateral;1;;1;;;;;;;;2;;;;
31/08/2014;10:22:00;4360;com vítima;6;BR-040/RJ;Sul;Engavetamento;3;;;;;;;;;;0;9;;;
31/08/2014;09:57:00;4356;sem vítima;81;BR-040/RJ;Norte;Choque - Objeto Fixo;1;;;;;;;;;;1;;;;
31/08/2014;07:04:00;4341;com vítima;92;BR-040/RJ;Sul;Capotamento;1;;;;;;;;;;0;1;;;
31/08/2014;07:19:00;4344;com vítima;92;BR-040/RJ;Sul;Derrapagem;1;;;;;;;;;;0;1;;;
31/08/2014;06:37:00;4337;sem vítima;95;BR-040/RJ;Norte;Choque - Objeto Fixo;1;;;;;;;;;;1;;;;
31/08/2014;07:50:00;4347;sem vítima;108;BR-040/RJ;Sul;Colisão Traseira;1;;;;1;;;;;;2;;;;
31/08/2014;18:46:00;4418;sem vítima;110;BR-040/RJ;Sul;Colisão Traseira;2;;;;;;;;;;2;;;;
31/08/2014;20:24:00;4436;sem vítima;796;BR-040/MG;Sul;Colisão Traseira;2;;;;;;;;;;2;;;;
01/09/2014;06:22:00;27;sem vítima;13;BR-040/RJ;Norte;Choque - Objeto Fixo;1;;;;;;;;;;1;;;;
01/09/2014;19:28:00;143;sem vítima;55;BR-040/RJ;Sul;Choque - Objeto Fixo;;;1;;;;;;;;1;;;;
01/09/2014;00:52:00;3;sem vítima;60;BR-040/RJ;Sul;Choque - Objeto Fixo;1;;;;;;;;;;1;;;;
01/09/2014;06:35:00;29;com vítima;73;BR-040/RJ;Sul;Derrapagem;1;;;;;;;;;;0;2;;;
01/09/2014;03:07:00;11;sem vítima;76;BR-040/RJ;Sul;Choque - Objeto Fixo;1;;;;;;;;;;1;;;;
01/09/2014;05:36:00;24;sem vítima;78;BR-040/RJ;Sul;Choque - Objeto Fixo;1;;;;;;;;;;1;;;;
01/09/2014;01:31:00;5;com vítima;82;BR-040/RJ;Sul;Capotamento;1;;;;;;;;;;0;1;;;
01/09/2014;19:39:00;148;sem vítima;83;BR-040/RJ;Norte;Colisão Lateral;2;;;;;;;;;;2;;;;
01/09/2014;05:47:00;26;sem vítima;91;BR-040/RJ;Norte;Choque - Objeto Fixo;1;;;;;;;;;;1;;;;
01/09/2014;09:27:00;62;sem vítima;124;BR-040/RJ;Sul;Colisão Traseira;1;;;;;1;;;;;2;;;;
02/09/2014;01:02:00;172;com vítima;43;BR-040/RJ;Sul;Choque - Objeto Fixo;1;;;;;;;;;;0;1;;;
02/09/2014;04:36:00;175;com vítima;109;BR-040/RJ;Norte;Colisão Lateral;1;;;;;;;;;;0;1;;;
02/09/2014;18:24:00;276;sem vítima;109;BR-040/RJ;Norte;Colisão Lateral;2;;;;;;;;;;2;;;;
02/09/2014;19:04:00;287;com vítima;114;BR-040/RJ;Sul;Queda de Moto;;;;1;;;;;;;0;1;;;
02/09/2014;20:37:00;303;sem vítima;119;BR-040/RJ;Norte;Choque - Objeto Fixo;1;;;;;1;;;;;2;;;;
02/09/2014;04:00:00;174;sem vítima;120;BR-040/RJ;Norte;Choque - Objeto Fixo;1;;;;;;;;;;1;;;;
02/09/2014;20:18:00;299;com vítima;123;BR-040/RJ;Norte;Colisão Traseira;1;;1;;;;;;;;1;1;;;
02/09/2014;11:22:00;223;com vítima;124;BR-040/RJ;Sul;Colisão Traseira;;;;1;;1;;;;;1;;1;;
03/09/2014;06:32:00;332;com vítima;35;BR-040/RJ;Norte;Capotamento;1;;;;;;;;;;0;1;;;
03/09/2014;06:39:00;333;sem vítima;45;BR-040/RJ;Sul;Colisão Lateral;1;;1;;;;;;;;2;;;;
03/09/2014;07:08:00;345;sem vítima;78;BR-040/RJ;Sul;Choque - Objeto Fixo;1;;;;;;;;;;1;;;;
03/09/2014;14:56:00;405;com vítima;82;BR-040/RJ;Sul;Choque - Objeto Fixo;1;;;;;;;;;;0;1;;;
03/09/2014;07:18:00;352;sem vítima;92;BR-040/RJ;Sul;Choque - Objeto Fixo;1;;;;;;;;;;1;;;;
03/09/2014;06:41:00;335;com vítima;93;BR-040/RJ;Sul;Choque - Objeto Fixo;1;;;;;;;;;;0;;1;;
03/09/2014;19:16:00;439;com vítima;105;BR-040/RJ;Sul;Queda de Moto;;;;1;;;;;;;0;;1;;
03/09/2014;19:26:00;442;sem vítima;105;BR-040/RJ;Norte;Colisão Lateral;;;1;;1;;;;;;2;;;;
03/09/2014;14:01:00;397;sem vítima;113;BR-040/RJ;Norte;Colisão Traseira;1;;1;;;;;;;;2;;;;
03/09/2014;07:59:00;359;com vítima;825;BR-040/MG;Sul;Choque - Objeto Fixo;1;;;;;;;;;;0;1;;;
03/09/2014;12:15:00;384;com vítima;119;BR-040/RJ;Sul;Colisão Lateral;;;;2;;1;;;;;2;;1;;
04/09/2014;22:18:00;569;com vítima;10;BR-040/RJ;Norte;Choque - Objeto Fixo;1;;;;;;;;;;0;1;;;
04/09/2014;12:50:00;504;com vítima;73;BR-040/RJ;Sul;Colisão Traseira;1;;1;;;;;;;;1;1;;;
04/09/2014;12:20:00;501;sem vítima;78;BR-040/RJ;Sul;Derrapagem;1;;;;;;;;;;1;;;;
04/09/2014;19:29:00;555;sem vítima;78;BR-040/RJ;Sul;Choque - Objeto Fixo;1;;;;;;;;;;1;;;;
04/09/2014;18:29:00;545;sem vítima;84;BR-040/RJ;Sul;Choque - Objeto Fixo;1;;;;;;;;;;1;;;;
04/09/2014;07:49:00;478;com vítima;90;BR-040/RJ;Norte;Derrapagem;1;;;;;;;;;;0;1;;;
04/09/2014;10:26:00;494;com vítima;90;BR-040/RJ;Norte;Choque - Objeto Fixo;1;;;;;;;;;;0;1;;;
04/09/2014;06:19:00;470;sem vítima;92;BR-040/RJ;Sul;Derrapagem;1;;;;;;;;;;1;;;;
04/09/2014;13:32:00;509;sem vítima;92;BR-040/RJ;Sul;Choque - Objeto Fixo;1;;;;;;;;;;1;;;;
04/09/2014;06:45:00;473;sem vítima;93;BR-040/RJ;Sul;Derrapagem;1;;;;;;;;;;1;;;;
04/09/2014;08:54:00;483;sem vítima;93;BR-040/RJ;Sul;Capotamento;1;;;;;;;;;;1;;;;
04/09/2014;15:03:00;517;sem vítima;94;BR-040/RJ;Sul;Colisão Traseira;2;;;;;;;;;;2;;;;
04/09/2014;15:48:00;525;sem vítima;96;BR-040/RJ;Norte;Choque - Objeto Fixo;1;;;;;;;;;;1;;;;
04/09/2014;04:44:00;466;com vítima;106;BR-040/RJ;Sul;Queda de Moto;;;;1;;;;;;;0;;1;;
04/09/2014;23:08:00;574;com vítima;109;BR-040/RJ;Norte;Colisão Lateral;2;;;;;;;;;;1;1;;;
04/09/2014;13:06:00;505;sem vítima;119;BR-040/RJ;Norte;Colisão Lateral;;;2;;;;;;;;2;;;;
04/09/2014;21:31:00;565;com vítima;121;BR-040/RJ;Norte;Colisão Frontal;1;;1;;;;;;;;1;2;;;
04/09/2014;15:25:00;521;sem vítima;123;BR-040/RJ;Norte;Colisão Lateral;1;;;;;1;;;;;2;;;;
04/09/2014;23:06:00;572;com vítima;124;BR-040/RJ;Sul;Colisão Traseira;2;;;;;;;;;;1;2;;;
05/09/2014;18:06:00;689;sem vítima;78;BR-040/RJ;Sul;Choque - Objeto Fixo;1;;;;;;;;;;1;;;;
05/09/2014;06:53:00;603;sem vítima;80;BR-040/RJ;Norte;Derrapagem;1;;;;;;;;;;1;;;;
05/09/2014;07:09:00;605;com vítima;82;BR-040/RJ;Sul;Derrapagem;1;;;;;;;;;;0;1;;;
05/09/2014;08:12:00;618;com vítima;82;BR-040/RJ;Sul;Derrapagem;1;;;;;;;;;;0;2;;;
05/09/2014;21:23:00;714;com vítima;82;BR-040/RJ;Norte;Choque - Objeto Fixo;1;;;;;;;;;;0;1;;;
05/09/2014;07:40:00;612;sem vítima;84;BR-040/RJ;Norte;Derrapagem;;;1;;;;;;;;1;;;;
05/09/2014;09:42:00;630;sem vítima;84;BR-040/RJ;Sul;Choque - Objeto Fixo;1;;;;;;;;;;1;;;;
05/09/2014;07:48:00;613;sem vítima;96;BR-040/RJ;Sul;Derrapagem;1;;;;;;;;;;1;;;;
05/09/2014;13:19:00;649;com vítima;96;BR-040/RJ;Norte;Queda de Moto;;;;1;;;;;;;0;1;;;
05/09/2014;22:35:00;722;com vítima;97;BR-040/RJ;Sul;Engavetamento;2;;2;;;;;;;;3;;;2;
05/09/2014;05:35:00;599;sem vítima;111;BR-040/RJ;Sul;Choque - Objeto Fixo;1;;;;;;;;;;1;;;;
05/09/2014;05:57:00;601;sem vítima;118;BR-040/RJ;Norte;Colisão Traseira;2;;;;;;;;;;2;;;;
05/09/2014;05:00:00;596;com vítima;810;BR-040/MG;Norte;Atropelamento - Pedestre;;;1;;;;;;;;0;1;1;;
05/09/2014;15:51:00;670;sem vítima;122;BR-040/RJ;Sul;Colisão Traseira;1;;;;;1;;;;;2;;;;
06/09/2014;08:05:00;772;sem vítima;101;BR-040/RJ;Norte;Colisão Traseira;2;;;;;;;;;;2;;;;
06/09/2014;20:39:00;860;sem vítima;102;BR-040/RJ;Norte;Choque - Objeto Fixo;1;;;;;;;;;;1;;;;
06/09/2014;20:44:00;862;sem vítima;108;BR-040/RJ;Norte;Choque - Objeto Fixo;2;;;;;;;;;;2;;;;
06/09/2014;00:29:00;732;sem vítima;111;BR-040/RJ;Sul;Colisão Traseira;2;;;;;;;;;;2;;;;
06/09/2014;15:35:00;832;sem vítima;119;BR-040/RJ;Norte;Colisão Traseira;1;;;;1;;;;;;2;;;;
06/09/2014;18:02:00;846;sem vítima;121;BR-040/RJ;Norte;Engavetamento;2;;;;;1;;;;;3;;;;
07/09/2014;09:21:00;916;com vítima;43;BR-040/RJ;Norte;Choque - Objeto Fixo;1;;;;;;;;;;0;2;;;
07/09/2014;17:06:00;975;com vítima;56;BR-040/RJ;Sul;Colisão Traseira;2;;;;;;;;;;0;6;;;
07/09/2014;14:15:00;944;sem vítima;93;BR-040/RJ;Sul;Choque - Objeto Fixo;1;;;;;;;;;;1;;;;
07/09/2014;21:23:00;1010;sem vítima;119;BR-040/RJ;Norte;Capotamento;1;;;;;;;;;;1;;;;
07/09/2014;15:04:00;955;sem vítima;123;BR-040/RJ;Norte;Colisão Lateral;2;;;;;;;;;;2;;;;
08/09/2014;19:26:00;1170;sem vítima;101;BR-040/RJ;Sul;Choque - Objeto Fixo;;;1;;;;;;;;1;;;;
08/09/2014;11:20:00;1095;com vítima;112;BR-040/RJ;Sul;Choque - Objeto Fixo;1;;;;;;;;;;0;1;;;
08/09/2014;05:24:00;1042;sem vítima;114;BR-040/RJ;Sul;Colisão Lateral;1;;1;;;;;;;;2;;;;
08/09/2014;14:42:00;1112;com vítima;122;BR-040/RJ;Sul;Atropelamento - Pedestre;1;;;;;;;;;;1;1;;;
09/09/2014;08:23:00;1251;com vítima;52;BR-040/RJ;Sul;Choque - Objeto Fixo;1;;;;;;;;;;0;1;;;
09/09/2014;16:58:00;1330;sem vítima;87;BR-040/RJ;Norte;Colisão Lateral;2;;;;;;;;;;2;;;;
09/09/2014;18:39:00;1347;sem vítima;112;BR-040/RJ;Sul;Colisão Traseira;2;;;;;;;;;;2;;;;
09/09/2014;12:37:00;1285;com vítima;113;BR-040/RJ;Norte;Queda de Moto;1;;;1;;;;;;;1;1;;;
09/09/2014;07:18:00;1236;sem vítima;123;BR-040/RJ;Sul;Colisão Lateral;1;;1;;;;;;;;2;;;;
10/09/2014;00:02:00;1376;sem vítima;50;BR-040/RJ;Norte;Derrapagem;1;;;;;;;;;;1;;;;
10/09/2014;06:13:00;1405;sem vítima;85;BR-040/RJ;Sul;Choque - Objeto Fixo;1;;;;;;;;;;1;;;;
10/09/2014;09:51:00;1426;com vítima;85;BR-040/RJ;Sul;Derrapagem;;;;1;;;;;;;0;1;;;
10/09/2014;13:30:00;1456;sem vítima;89;BR-040/RJ;Sul;Colisão Traseira;;;2;;;;;;;;2;;;;
10/09/2014;07:00:00;1408;sem vítima;91;BR-040/RJ;Norte;Choque - Objeto Fixo;1;;;;;;;;;;1;;;;
10/09/2014;16:20:00;1481;com vítima;96;BR-040/RJ;Norte;Tombamento;;;1;;;;;;;;0;1;;;
10/09/2014;12:11:00;1442;com vítima;102;BR-040/RJ;Sul;Choque - Objeto Fixo;1;;;;;;;;;;0;2;;;
10/09/2014;15:21:00;1471;sem vítima;109;BR-040/RJ;Sul;Colisão Traseira;2;;;;;2;;;;;4;;;;
10/09/2014;14:41:00;1463;com vítima;113;BR-040/RJ;Norte;Colisão Traseira;1;;;;;1;;;;;1;1;;;
10/09/2014;17:52:00;1503;com vítima;122;BR-040/RJ;Sul;Atropelamento - Pedestre;;;;;;1;;;;;1;;;1;
11/09/2014;15:41:00;1619;com vítima;34;BR-040/RJ;Sul;Choque - Objeto Fixo;1;;;;;;;;;;0;;1;;
11/09/2014;16:14:00;1628;com vítima;36;BR-040/RJ;Sul;Capotamento;1;;;;;;;;;;1;1;;;
11/09/2014;13:05:00;1597;sem vítima;45;BR-040/RJ;Norte;Colisão Lateral;1;;1;;;;;;;;2;;;;
11/09/2014;09:41:00;1573;com vítima;70;BR-040/RJ;Norte;Colisão Lateral;1;;;1;;;;;;;0;2;;;
11/09/2014;08:58:00;1565;sem vítima;98;BR-040/RJ;Norte;Choque - Objeto Fixo;1;;;;;;;;;;1;;;;
11/09/2014;23:53:00;1679;sem vítima;101;BR-040/RJ;Sul;Choque - Objeto Fixo;1;;;;;;;;;;1;;;;
11/09/2014;06:44:00;1548;sem vítima;109;BR-040/RJ;Norte;Colisão Lateral;1;;1;;;;;;;;2;;;;
11/09/2014;15:30:00;1616;sem vítima;110;BR-040/RJ;Norte;Colisão Lateral;;;1;;1;;;;;;2;;;;
12/09/2014;15:52:00;1779;com vítima;21;BR-040/RJ;Sul;Choque - Objeto Fixo;1;;;;;;;;;;0;;1;;
12/09/2014;11:30:00;1741;sem vítima;77;BR-040/RJ;Sul;Derrapagem;1;;;;;;;;;;1;;;;
12/09/2014;10:33:00;1731;sem vítima;83;BR-040/RJ;Norte;Engavetamento;2;;1;;;;;;;;3;;;;
12/09/2014;11:08:00;1738;com vítima;89;BR-040/RJ;Sul;Queda de Moto;;;;1;;;;;;;0;1;;;
12/09/2014;18:49:00;1805;com vítima;110;BR-040/RJ;Norte;Engavetamento;3;;;;;;;;;;2;1;;;
12/09/2014;19:00:00;1807;sem vítima;112;BR-040/RJ;Norte;Engavetamento;1;;;;;2;;;;;3;;;;
12/09/2014;20:29:00;1815;sem vítima;815;BR-040/MG;Norte;Colisão Traseira;2;;;;;;;;;;2;;;;
12/09/2014;16:35:00;1785;com vítima;122;BR-040/RJ;Sul;Queda de Moto;;;;1;;;;;;;0;;;1;
12/09/2014;21:31:00;1823;sem vítima;125;BR-040/RJ;Norte;Choque - Objeto Fixo;1;;;;;;;;;;1;;;;
13/09/2014;05:09:00;1855;sem vítima;62;BR-040/RJ;Norte;Choque - Objeto Fixo;1;;;;;;;;;;1;;;;
13/09/2014;07:38:00;1870;sem vítima;94;BR-040/RJ;Norte;Choque - Objeto Fixo;1;;;;;;;;;;1;;;;
13/09/2014;22:21:00;1986;com vítima;105;BR-040/RJ;Norte;Colisão Frontal;1;;;1;;;;;;;1;1;;;
14/09/2014;16:17:00;2087;sem vítima;85;BR-040/RJ;Sul;Engavetamento;3;;;;;;;;;;3;;;;
14/09/2014;06:58:00;2030;sem vítima;97;BR-040/RJ;Sul;Choque - Objeto Fixo;1;;;;;;;;;;1;;;;
14/09/2014;14:31:00;2068;com vítima;109;BR-040/RJ;Norte;Colisão Traseira;1;;;1;;;;;;;3;1;;;
14/09/2014;16:44:00;2092;sem vítima;109;BR-040/RJ;Norte;Colisão Traseira;2;;;;;;;;;;2;;;;
14/09/2014;10:31:00;2047;com vítima;117;BR-040/RJ;Sul;Colisão Traseira;2;;;;;;;;;;1;1;;;
14/09/2014;05:34:00;2025;sem vítima;793;BR-040/MG;Norte;Choque - Objeto Fixo;1;;;;;;;;;;1;;;;
14/09/2014;02:06:00;2003;sem vítima;120;BR-040/RJ;Sul;Engavetamento;2;;;;1;1;;;;;4;;;;
15/09/2014;05:07:00;2170;com vítima;68;BR-040/RJ;Sul;Queda de Moto;;;;1;;;;;;;0;1;;;
15/09/2014;08:12:00;2195;sem vítima;97;BR-040/RJ;Sul;Derrapagem;;;1;;;;;;;;1;;;;
15/09/2014;03:00:00;2166;sem vítima;101;BR-040/RJ;Norte;Choque - Objeto Fixo;1;;;;;;;;;;1;;;;
15/09/2014;12:23:00;2241;sem vítima;105;BR-040/RJ;Sul;Colisão Traseira;2;;;;;;;;;;2;;;;
15/09/2014;09:12:00;2211;sem vítima;110;BR-040/RJ;Norte;Colisão Traseira;2;;;;;;;;;;2;;;;
15/09/2014;17:08:00;2281;sem vítima;112;BR-040/RJ;Sul;Colisão Lateral;1;;;;1;;;;;;2;;;;
16/09/2014;18:19:00;2444;com vítima;72;BR-040/RJ;Norte;Choque - Objeto Fixo;1;;;;;;;;;;0;2;;;
16/09/2014;18:52:00;2453;sem vítima;75;BR-040/RJ;Sul;Choque - Objeto Fixo;1;;;;;;;;;;1;;;;
16/09/2014;23:31:00;2470;sem vítima;93;BR-040/RJ;Sul;Choque - Objeto Fixo;1;;;;;;;;;;1;;;;
16/09/2014;16:38:00;2425;sem vítima;101;BR-040/RJ;Norte;Colisão Traseira;1;;1;;;;;;;;2;;;;
16/09/2014;08:22:00;2351;sem vítima;102;BR-040/RJ;Sul;Choque - Objeto Fixo;;;1;;;;;;;;1;;;;
16/09/2014;18:18:00;2443;sem vítima;106;BR-040/RJ;Norte;Atropelamento - Pedestre;1;;;;;;;;;;2;;;;
16/09/2014;01:33:00;2325;sem vítima;113;BR-040/RJ;Sul;Choque - Objeto Fixo;1;;;;;;;;;;1;;;;
16/09/2014;12:37:00;2386;sem vítima;113;BR-040/RJ;Norte;Colisão Lateral;1;;1;;;;;;;;2;;;;
17/09/2014;10:40:00;2518;sem vítima;80;BR-040/RJ;Sul;Derrapagem;1;;;;;;;;;;1;;;;
17/09/2014;23:25:00;2604;com vítima;88;BR-040/RJ;Norte;Choque - Objeto Fixo;1;;;;;;;;;;0;1;;;
17/09/2014;07:08:00;2496;com vítima;90;BR-040/RJ;Norte;Choque - Objeto Fixo;1;;;;;;;;;;0;1;;;
17/09/2014;09:25:00;2509;com vítima;93;BR-040/RJ;Norte;Queda de Moto;;;;1;;;;;;;0;1;;;
17/09/2014;22:47:00;2600;com vítima;113;BR-040/RJ;Sul;Choque - Objeto Fixo;1;;;;;;;;;;0;1;;;
17/09/2014;18:00:00;2577;sem vítima;119;BR-040/RJ;Norte;Queda de Moto;;;;1;;;;;;;1;;;;
17/09/2014;10:50:00;2519;sem vítima;125;BR-040/RJ;Sul;Colisão Traseira;;;2;;;;;;;;2;;;;
18/09/2014;14:12:00;2676;com vítima;39;BR-040/RJ;Sul;Queda de Moto;;;;1;;;;;;;1;1;;;
18/09/2014;21:30:00;2739;sem vítima;44;BR-040/RJ;Norte;Choque - Objeto Fixo;1;;;;;;;;;;1;;;;
18/09/2014;11:44:00;2661;com vítima;74;BR-040/RJ;Sul;Atropelamento - Pedestre;1;;;;;;;;;;1;;;;1
18/09/2014;10:03:00;2651;sem vítima;96;BR-040/RJ;Norte;Choque - Objeto Fixo;1;;;;;;;;;;1;;;;
18/09/2014;18:55:00;2722;com vítima;101;BR-040/RJ;Sul;Choque - Objeto Fixo;1;;;;;;;;;;0;2;;;
18/09/2014;14:34:00;2681;com vítima;112;BR-040/RJ;Norte;Capotamento;2;;;;;;;;;;1;;1;;
18/09/2014;20:41:00;2738;com vítima;797;BR-040/MG;Norte;Atropelamento - Pedestre;;;;;;1;;;;;1;;;;1
18/09/2014;07:30:00;2629;sem vítima;123;BR-040/RJ;Norte;Colisão Traseira;2;;;;;;;;;;2;;;;
18/09/2014;14:13:00;2677;sem vítima;123;BR-040/RJ;Norte;Colisão Lateral;1;;1;;;;;;;;2;;;;
19/09/2014;20:03:00;2920;com vítima;6;BR-040/RJ;Norte;Choque - Objeto Fixo;1;;;;;;;;;;0;2;;;
19/09/2014;05:07:00;2773;com vítima;31;BR-040/RJ;Norte;Tombamento;;;1;;;;;;;;0;1;;;
19/09/2014;19:07:00;2910;com vítima;58;BR-040/RJ;Norte;Choque - Objeto Fixo;1;;;;;;;;;;0;;2;1;
19/09/2014;15:37:00;2876;com vítima;69;BR-040/RJ;Norte;Colisão Lateral;2;;;;;;;;;;0;3;1;;
19/09/2014;13:31:00;2849;com vítima;84;BR-040/RJ;Sul;Choque - Objeto Fixo;1;;;;;;;;;;0;3;;;
19/09/2014;23:47:00;2943;com vítima;97;BR-040/RJ;Sul;Choque - Objeto Fixo;;;1;;;;;;;;0;1;;;
19/09/2014;06:58:00;2785;sem vítima;114;BR-040/RJ;Norte;Colisão Traseira;2;;;;;;;;;;2;;;;
20/09/2014;15:59:00;3056;sem vítima;3;BR-040/RJ;Norte;Choque - Objeto Fixo;1;;;;;;;;;;1;;;;
20/09/2014;05:27:00;2968;com vítima;5;BR-040/RJ;Sul;Atropelamento - Pedestre;1;;;;;;;;;;1;;1;;
20/09/2014;22:18:00;3114;com vítima;34;BR-040/RJ;Norte;Capotamento;1;;;;;;;;;;0;2;;;
20/09/2014;21:48:00;3111;sem vítima;51;BR-040/RJ;Norte;Atropelamento - Pedestre;;;;;;1;;;;;2;;;;
20/09/2014;10:47:00;3006;com vítima;53;BR-040/RJ;Sul;Choque - Objeto Fixo;;;;1;;;;;;;0;1;;;
20/09/2014;16:41:00;3065;sem vítima;66;BR-040/RJ;Norte;Choque - Objeto Fixo;1;;;;;;;;;;1;;;;
20/09/2014;07:27:00;2981;com vítima;73;BR-040/RJ;Sul;Colisão Lateral;2;;;;;;;;;;1;1;;;
20/09/2014;12:59:00;3027;com vítima;74;BR-040/RJ;Sul;Queda de Moto;;;;1;;;;;;;0;1;;;
20/09/2014;23:26:00;3124;sem vítima;79;BR-040/RJ;Norte;Choque - Objeto Fixo;1;;;;;;;;;;1;;;;
20/09/2014;22:24:00;3116;sem vítima;83;BR-040/RJ;Norte;Choque - Objeto Fixo;1;;;;;;;;;;1;;;;
20/09/2014;23:13:00;3122;sem vítima;86;BR-040/RJ;Norte;Tombamento;1;;;;;;;;;;1;;;;
20/09/2014;21:33:00;3109;sem vítima;93;BR-040/RJ;Sul;Choque - Objeto Fixo;1;;;;;;;;;;1;;;;
20/09/2014;17:30:00;3072;sem vítima;95;BR-040/RJ;Norte;Choque - Objeto Fixo;1;;;;;;;;;;1;;;;
20/09/2014;04:14:00;2960;sem vítima;99;BR-040/RJ;Norte;Choque - Objeto Fixo;1;;;;;;;;;;1;;;;
20/09/2014;15:34:00;3052;com vítima;101;BR-040/RJ;Sul;Colisão Traseira;1;;1;;;;;;;;1;1;;;
20/09/2014;12:51:00;3024;sem vítima;110;BR-040/RJ;Norte;Colisão Traseira;;;2;;;;;;;;2;;;;
20/09/2014;19:49:00;3094;com vítima;114;BR-040/RJ;Sul;Colisão Traseira;2;;;;;;;;;;1;;1;;
20/09/2014;18:41:00;3079;sem vítima;115;BR-040/RJ;Norte;Colisão Traseira;2;;;;;;;;;;2;;;;
20/09/2014;20:06:00;3098;sem vítima;799;BR-040/MG;Sul;Choque - Objeto Fixo;1;;;;;;;;;;1;;;;
20/09/2014;01:17:00;2952;sem vítima;118;BR-040/RJ;Sul;Colisão Traseira;2;;;;;;;;;;2;;;;
20/09/2014;20:56:00;3104;sem vítima;119;BR-040/RJ;Norte;Colisão Traseira;2;;;;;;;;;;2;;;;
20/09/2014;15:01:00;3044;sem vítima;121;BR-040/RJ;Norte;Choque - Objeto Fixo;1;;;;;;;;;;1;;;;
20/09/2014;19:18:00;3085;sem vítima;121;BR-040/RJ;Sul;Choque - Objeto Fixo;1;;;;;;;;;;1;;;;
20/09/2014;04:53:00;2963;sem vítima;122;BR-040/RJ;Sul;Choque - Objeto Fixo;1;;;;;;;;;;1;;;;
21/09/2014;18:52:00;3241;com vítima;31;BR-040/RJ;Sul;Choque - Objeto Fixo;1;;;;;;;;;;0;1;;;
21/09/2014;19:47:00;3249;com vítima;44;BR-040/RJ;Sul;Choque - Objeto Fixo;1;;;;;;;;;;0;1;;;
21/09/2014;23:39:00;3271;com vítima;58;BR-040/RJ;Norte;Tombamento;;;;;1;;;;;;0;1;1;2;1
21/09/2014;01:57:00;3135;sem vítima;69;BR-040/RJ;Norte;Choque - Objeto Fixo;1;;;;;;;;;;1;;;;
21/09/2014;07:14:00;3162;sem vítima;72;BR-040/RJ;Sul;Choque - Objeto Fixo;1;;;;;;;;;;1;;;;
21/09/2014;09:31:00;3174;sem vítima;78;BR-040/RJ;Sul;Choque - Objeto Fixo;1;;;;;;;;;;1;;;;
21/09/2014;10:28:00;3182;com vítima;80;BR-040/RJ;Sul;Choque - Objeto Fixo;1;;;;;;;;;;0;5;;;
21/09/2014;17:09:00;3231;sem vítima;82;BR-040/RJ;Sul;Choque - Objeto Fixo;1;;;;;;;;;;1;;;;
21/09/2014;20:27:00;3253;com vítima;82;BR-040/RJ;Sul;Choque - Objeto Fixo;1;;;;;;;;;;0;1;;;
21/09/2014;07:29:00;3161;sem vítima;84;BR-040/RJ;Sul;Derrapagem;1;;;;;;;;;;1;;;;
21/09/2014;10:07:00;3178;sem vítima;84;BR-040/RJ;Sul;Choque - Objeto Fixo;1;;;;;;;;;;1;;;;
21/09/2014;10:50:00;3184;sem vítima;84;BR-040/RJ;Sul;Choque - Objeto Fixo;1;;;;;;;;;;1;;;;
21/09/2014;07:18:00;3159;sem vítima;86;BR-040/RJ;Sul;Choque - Objeto Fixo;1;;;;;;;;;;1;;;;
21/09/2014;16:23:00;3223;com vítima;89;BR-040/RJ;Norte;Colisão Lateral;2;;;;;;;;;;1;1;;;
21/09/2014;14:53:00;3211;sem vítima;90;BR-040/RJ;Norte;Choque - Objeto Fixo;1;;;;;;;;;;1;;;;