data;horario;n_da_ocorrencia;tipo_de_ocorrencia;km;trecho;sentido;tipo_de_acidente;automovel;bicicleta;caminhao;moto;onibus;outros;tracao_animal;transporte_de_cargas_especiais;trator_maquinas;utilitarios;ilesos;levemente_feridos;moderadamente_feridos;gravemente_feridos;mortos
12/10/2014;01:15:00;1772;sem vítima;113;BR-040/RJ;Sul;Choque - Objeto Fixo;1;;;;;;;;;;1;;;;
12/10/2014;05:30:00;1782;sem vítima;119;BR-040/RJ;Sul;Colisão Traseira;2;;;;;;;;;;2;;;;
12/10/2014;08:44:00;1800;sem vítima;121;BR-040/RJ;Norte;Choque - Objeto Fixo;;;;1;;;;;;;1;;;;
12/10/2014;20:43:00;1911;sem vítima;121;BR-040/RJ;Sul;Colisão Traseira;2;;;;;;;;;;2;;;;
12/10/2014;23:23:00;1930;sem vítima;125;BR-040/RJ;Sul;Queda de Moto;;;;1;;;;;;;1;;;;
13/10/2014;05:32:00;1952;sem vítima;18;BR-040/RJ;Sul;Choque - Objeto Fixo;1;;;;;;;;;;1;;;;
13/10/2014;10:40:00;1989;sem vítima;65;BR-040/RJ;Sul;Choque - Objeto Fixo;1;;;;;;;;;;1;;;;
13/10/2014;19:44:00;2091;com vítima;70;BR-040/RJ;Norte;Choque - Objeto Fixo;1;;;;;;;;;;0;3;;;
13/10/2014;09:55:00;1980;sem vítima;78;BR-040/RJ;Sul;Colisão Traseira;1;;1;;;;;;;;2;;;;
13/10/2014;07:11:00;1964;com vítima;80;BR-040/RJ;Sul;Tombamento;;;1;;;;;;;;0;1;;;
13/10/2014;17:17:00;2065;sem vítima;80;BR-040/RJ;Sul;Colisão Traseira;2;;;;;;;;;;2;;;;
13/10/2014;06:05:00;1956;com vítima;108;BR-040/RJ;Sul;Colisão Lateral;;;1;1;;;;;;;1;1;;;
13/10/2014;19:09:00;2081;sem vítima;112;BR-040/RJ;Norte;Colisão Frontal;2;;1;;;;;;;;3;;;;
13/10/2014;10:25:00;1984;sem vítima;113;BR-040/RJ;Sul;Colisão Traseira;1;;;;;;;;;;1;;;;
13/10/2014;00:32:00;1935;sem vítima;773;BR-040/MG;Sul;Capotamento;1;;;;;;;;;;1;;;;
13/10/2014;16:55:00;2063;com vítima;117;BR-040/RJ;Norte;Colisão Lateral;1;;1;;;;;;;;0;3;;;
13/10/2014;23:49:00;2114;com vítima;810;BR-040/MG;Norte;Colisão Frontal;2;;;;;;;;;;0;2;;;
13/10/2014;08:44:00;1973;com vítima;124;BR-040/RJ;Sul;Colisão Traseira;2;;;;;1;;;;;1;2;;;
14/10/2014;08:04:00;2147;sem vítima;72;BR-040/RJ;Sul;Engavetamento;1;;2;;;2;;;;;5;;;;
14/10/2014;14:53:00;2198;sem vítima;84;BR-040/RJ;Norte;Choque - Objeto Fixo;1;;;;;;;;;;1;;;;
14/10/2014;14:00:00;2194;sem vítima;85;BR-040/RJ;Norte;Choque - Objeto Fixo;1;;;;;;;;;;1;;;;
14/10/2014;04:43:00;2126;com vítima;100;BR-040/RJ;Sul;Choque - Objeto Fixo;1;;;;;;;;;;0;2;;;
14/10/2014;17:57:00;2227;com vítima;110;BR-040/RJ;Sul;Colisão Transversal;;;;1;1;;;;;;1;1;;;
14/10/2014;15:00:00;2200;sem vítima;113;BR-040/RJ;Norte;Choque - Objeto Fixo;1;;;;;;;;;;1;;;;
15/10/2014;19:34:00;2375;sem vítima;5;BR-040/RJ;Norte;Choque - Objeto Fixo;1;;;;;;;;;;1;;;;
15/10/2014;22:44:00;2400;com vítima;45;BR-040/RJ;Norte;Colisão Lateral;2;;;;;;;;;;1;1;;;
15/10/2014;06:47:00;2288;sem vítima;57;BR-040/RJ;Sul;Choque - Objeto Fixo;1;;;;;;;;;;1;;;;
15/10/2014;14:33:00;2342;sem vítima;111;BR-040/RJ;Norte;Choque - Objeto Fixo;1;;;;;;;;;;1;;;;
15/10/2014;18:29:00;2370;sem vítima;111;BR-040/RJ;Norte;Engavetamento;3;;;;;;;;;;3;;;;
15/10/2014;07:15:00;2294;com vítima;773;BR-040/MG;Norte;Atropelamento - Pedestre;1;;;;;;;;;;1;;;;1
15/10/2014;17:34:00;2362;sem vítima;120;BR-040/RJ;Norte;Colisão Traseira;1;;1;;;;;;;;2;;;;
16/10/2014;06:54:00;2430;sem vítima;87;BR-040/RJ;Norte;Choque - Objeto Fixo;1;;;;;;;;;;1;;;;
16/10/2014;17:28:00;2535;com vítima;110;BR-040/RJ;Norte;Colisão Lateral;1;;;;;1;;;;;1;1;;;
16/10/2014;18:52:00;2551;sem vítima;110;BR-040/RJ;Norte;Choque - Objeto Fixo;1;;;;;;;;;;1;;;;
16/10/2014;08:08:00;2443;com vítima;122;BR-040/RJ;Norte;Colisão Traseira;1;;1;;;;;;;;1;1;;;
16/10/2014;07:25:00;2433;sem vítima;123;BR-040/RJ;Sul;Colisão Traseira;1;;1;;;;;;;;2;;;;
16/10/2014;08:37:00;2450;sem vítima;123;BR-040/RJ;Sul;Choque - Objeto Fixo;1;;;;;;;;;;1;;;;
16/10/2014;19:51:00;2560;sem vítima;125;BR-040/RJ;Sul;Choque - Objeto Fixo;;;1;;;;;;;;1;;;;
17/10/2014;23:01:00;2779;sem vítima;88;BR-040/RJ;Norte;Derrapagem;1;;;;;;;;;;1;;;;
17/10/2014;16:19:00;2711;sem vítima;89;BR-040/RJ;Sul;Colisão Traseira;2;;;;;;;;;;2;;;;
17/10/2014;06:21:00;2608;sem vítima;90;BR-040/RJ;Sul;Choque - Objeto Fixo;;;1;;;;;;;;1;;;;
17/10/2014;08:54:00;2630;sem vítima;92;BR-040/RJ;Norte;Choque - Objeto Fixo;1;;;;;;;;;;1;;;;
17/10/2014;23:01:00;2778;com vítima;103;BR-040/RJ;Sul;Queda de Moto;;;;1;;;;;;;0;;1;;
17/10/2014;08:48:00;2629;com vítima;109;BR-040/RJ;Norte;Colisão Traseira;2;;;;;;;;;;1;1;;;
17/10/2014;21:58:00;2770;sem vítima;112;BR-040/RJ;Norte;Colisão Traseira;1;;1;;;;;;;;2;;;;
17/10/2014;07:58:00;2620;com vítima;115;BR-040/RJ;Norte;Queda de Moto;;;;1;;;;;;;0;1;;;
17/10/2014;22:25:00;2773;com vítima;118;BR-040/RJ;Norte;Queda de Moto;;;;1;;;;;;;0;1;;;
17/10/2014;15:45:00;2701;sem vítima;119;BR-040/RJ;Norte;Engavetamento;2;;1;;;;;;;;3;;;;
17/10/2014;21:55:00;2769;com vítima;121;BR-040/RJ;Norte;Atropelamento - Pedestre;;;;;1;;;;;;1;;;;1
18/10/2014;16:36:00;2907;com vítima;0;BR-040/RJ;Sul;Choque - Objeto Fixo;1;;;;;;;;;;0;1;;;
18/10/2014;00:20:00;2785;sem vítima;35;BR-040/RJ;Sul;Colisão Traseira;;;2;;;;;;;;2;;;;
18/10/2014;04:44:00;2798;sem vítima;81;BR-040/RJ;Sul;Choque - Objeto Fixo;;;1;;;;;;;;1;;;;
18/10/2014;14:41:00;2882;sem vítima;109;BR-040/RJ;Norte;Colisão Traseira;2;;;;;;;;;;2;;;;
18/10/2014;12:39:00;2865;sem vítima;111;BR-040/RJ;Sul;Choque - Objeto Fixo;1;;;;;;;;;;1;;;;
18/10/2014;00:17:00;2784;com vítima;115;BR-040/RJ;Sul;Capotamento;1;;;;;;;;;;0;1;;;
18/10/2014;23:19:00;2953;com vítima;115;BR-040/RJ;Sul;Derrapagem;1;;;;;;;;;;0;1;;;
18/10/2014;15:51:00;2897;sem vítima;117;BR-040/RJ;Sul;Choque - Objeto Fixo;1;;;;;;;;;;1;;;;
18/10/2014;13:07:00;2870;com vítima;815;BR-040/MG;Sul;Queda de Moto;;;;1;;;;;;;0;;1;;
18/10/2014;21:32:00;2946;sem vítima;120;BR-040/RJ;Norte;Colisão Lateral;1;;;;;1;;;;;2;;;;
19/10/2014;12:43:00;3013;com vítima;31;BR-040/RJ;Norte;Choque - Objeto Fixo;1;;;;;;;;;;0;1;;;
19/10/2014;19:14:00;3076;com vítima;59;BR-040/RJ;Norte;Capotamento;1;;;;;;;;;;0;3;;;
19/10/2014;19:08:00;3074;sem vítima;61;BR-040/RJ;Norte;Choque - Objeto Fixo;1;;;;;;;;;;1;;;;
19/10/2014;22:43:00;3113;sem vítima;71;BR-040/RJ;Norte;Choque - Objeto Fixo;1;;;;;;;;;;1;;;;
19/10/2014;07:28:00;2985;com vítima;73;BR-040/RJ;Norte;Capotamento;1;;;;;;;;;;0;;;;1
19/10/2014;09:33:00;2997;com vítima;73;BR-040/RJ;Sul;Queda de Moto;;;;1;;;;;;;0;1;;;
19/10/2014;21:51:00;3104;sem vítima;82;BR-040/RJ;Sul;Choque - Objeto Fixo;1;;;;;;;;;;1;;;;
19/10/2014;16:24:00;3046;sem vítima;89;BR-040/RJ;Sul;Choque - Objeto Fixo;1;;;;;;;;;;1;;;;
19/10/2014;21:31:00;3099;sem vítima;92;BR-040/RJ;Sul;Choque - Objeto Fixo;1;;;;;;;;;;1;;;;
19/10/2014;09:52:00;2998;com vítima;119;BR-040/RJ;Sul;Tombamento;;;1;;;;;;;;0;1;;;
19/10/2014;09:30:00;2996;com vítima;120;BR-040/RJ;Sul;Choque - Objeto Fixo;;;;;1;;;;;;0;4;;;
20/10/2014;01:58:00;3132;com vítima;24;BR-040/RJ;Sul;Queda de Moto;;;;1;;;;;;;0;;;1;
20/10/2014;00:19:00;3123;com vítima;30;BR-040/RJ;Norte;Tombamento;;;1;;;;;;;;0;1;;;
20/10/2014;11:14:00;3182;sem vítima;62;BR-040/RJ;Norte;Colisão Traseira;2;;;;;;;;;;2;;;;
20/10/2014;17:00:00;3231;sem vítima;72;BR-040/RJ;Norte;Capotamento;1;;;;;;;;;;1;;;;
20/10/2014;17:13:00;3233;sem vítima;72;BR-040/RJ;Norte;Capotamento;1;;;;;;;;;;1;;;;
20/10/2014;20:36:00;3257;sem vítima;74,001;BR-040/RJ;Sul;Choque - Objeto Fixo;1;;;;;;;;;;1;;;;
20/10/2014;06:00:00;3151;com vítima;77;BR-040/RJ;Sul;Choque - Objeto Fixo;1;;;;;;;;;;0;2;;;
20/10/2014;06:30:00;3154;com vítima;77;BR-040/RJ;Sul;Colisão Lateral;2;;;;;;;;;;0;2;;;
20/10/2014;03:03:00;3140;com vítima;78;BR-040/RJ;Sul;Choque - Objeto Fixo;1;;;;;;;;;;0;1;;;
20/10/2014;15:06:00;3210;sem vítima;84;BR-040/RJ;Norte;Choque - Objeto Fixo;1;;;;;;;;;;1;;;;
20/10/2014;01:56:00;3131;sem vítima;85;BR-040/RJ;Norte;Choque - Objeto Fixo;1;;;;;;;;;;1;;;;
20/10/2014;05:40:00;3148;com vítima;91;BR-040/RJ;Sul;Choque - Objeto Fixo;1;;;;;;;;;;0;1;;;
20/10/2014;17:29:00;3236;sem vítima;91;BR-040/RJ;Norte;Choque - Objeto Fixo;1;;;;;;;;;;1;;;;
20/10/2014;16:18:00;3227;sem vítima;93;BR-040/RJ;Norte;Choque - Objeto Fixo;1;;;;;;;;;;1;;;;
20/10/2014;07:24:00;3158;sem vítima;793;BR-040/MG;Norte;Choque - Objeto Fixo;1;;;;;;;;;;1;;;;
20/10/2014;08:18:00;3164;sem vítima;796;BR-040/MG;Sul;Choque - Objeto Fixo;1;;;;;;;;;;1;;;;
20/10/2014;06:10:00;3152;com vítima;816;BR-040/MG;Norte;Colisão Traseira;1;;1;;;;;;;;1;1;;;
20/10/2014;23:47:00;3274;sem vítima;120;BR-040/RJ;Norte;Colisão Traseira;;;2;;;;;;;;2;;;;
20/10/2014;04:10:00;3146;com vítima;121;BR-040/RJ;Sul;Choque - Objeto Fixo;1;;;;;;;;;;0;2;;;
20/10/2014;22:37:00;3266;sem vítima;121;BR-040/RJ;Norte;Choque - Objeto Fixo;1;;;;;;;;;;1;;;;
21/10/2014;11:13:00;3346;sem vítima;45;BR-040/RJ;Norte;Colisão Traseira;1;;1;;;;;;;;2;;;;
21/10/2014;11:54:00;3353;com vítima;74;BR-040/RJ;Norte;Capotamento;1;;1;;;;;;;;1;;1;;
21/10/2014;12:28:00;3360;com vítima;82;BR-040/RJ;Sul;Capotamento;1;;;;;;;;;;0;1;;;
21/10/2014;15:00:00;3374;sem vítima;89;BR-040/RJ;Norte;Colisão Traseira;2;;;;;;;;;;2;;;;
21/10/2014;09:01:00;3324;sem vítima;91;BR-040/RJ;Sul;Choque - Objeto Fixo;1;;;;;;;;;;1;;;;
21/10/2014;07:24:00;3308;sem vítima;92;BR-040/RJ;Norte;Choque - Objeto Fixo;1;;;;;;;;;;1;;;;
21/10/2014;11:45:00;3355;sem vítima;96;BR-040/RJ;Sul;Derrapagem;1;;;;;;;;;;1;;;;
21/10/2014;05:48:00;3300;sem vítima;118;BR-040/RJ;Norte;Colisão Traseira;2;;;;;;;;;;2;;;;
21/10/2014;13:17:00;3365;sem vítima;118;BR-040/RJ;Sul;Choque - Objeto Fixo;1;;;;;1;;;;;2;;;;
21/10/2014;04:07:00;3287;com vítima;124;BR-040/RJ;Sul;Colisão Traseira;1;;;;1;;;;;;4;4;;;
21/10/2014;14:33:00;3379;sem vítima;124;BR-040/RJ;Norte;Colisão Traseira;1;;;;;1;;;;;2;;;;
22/10/2014;04:45:00;3449;com vítima;101;BR-040/RJ;Sul;Choque - Objeto Fixo;;;1;;;;;;;;0;2;;;
22/10/2014;10:28:00;3491;com vítima;101;BR-040/RJ;Sul;Capotamento;1;;;;;;;;;;0;1;;;
22/10/2014;07:18:00;3464;sem vítima;102;BR-040/RJ;Norte;Colisão Lateral;1;;;;;1;;;;;2;;;;
22/10/2014;21:12:00;3569;sem vítima;102;BR-040/RJ;Sul;Choque - Objeto Fixo;1;;;;;;;;;;1;;;;
23/10/2014;10:17:00;3635;com vítima;58;BR-040/RJ;Sul;Choque - Objeto Fixo;1;;;;;;;;;;0;1;;;
23/10/2014;18:00:00;3701;com vítima;87;BR-040/RJ;Sul;Colisão Transversal;1;;;1;;;;;;;1;1;;;
23/10/2014;16:18:00;3681;sem vítima;793;BR-040/MG;Norte;Colisão Lateral;1;;1;;;;;;;;2;;;;
24/10/2014;10:12:00;3799;sem vítima;41;BR-040/RJ;Norte;Choque - Objeto Fixo;1;;;;;;;;;;1;;;;
24/10/2014;07:14:00;3781;sem vítima;60;BR-040/RJ;Sul;Capotamento;1;;;;;;;;;;1;;;;
24/10/2014;10:48:00;3807;com vítima;71;BR-040/RJ;Sul;Choque - Objeto Fixo;;;1;;;;;;;;0;2;;;
24/10/2014;05:44:00;3767;com vítima;101;BR-040/RJ;Sul;Choque - Objeto Fixo;1;;;;;;;;;;0;2;;;
24/10/2014;15:13:00;3843;sem vítima;110;BR-040/RJ;Norte;Colisão Traseira;2;;;;;;;;;;2;;;;
24/10/2014;21:47:00;3908;com vítima;812;BR-040/MG;Norte;Capotamento;1;;;;;;;;;;0;;2;;
24/10/2014;07:28:00;3785;com vítima;119;BR-040/RJ;Sul;Queda de Moto;;;;1;;;;;;;0;1;;;
24/10/2014;08:20:00;3790;sem vítima;121;BR-040/RJ;Sul;Engavetamento;3;;;;;;;;;;3;;;;
25/10/2014;20:38:00;4080;sem vítima;44;BR-040/RJ;Norte;Choque - Objeto Fixo;1;;;;;;;;;;1;;;;
25/10/2014;11:53:00;4004;sem vítima;65;BR-040/RJ;Sul;Colisão Traseira;1;;;1;;;;;;;2;;;;
25/10/2014;17:46:00;4052;com vítima;76;BR-040/RJ;Norte;Colisão Lateral;2;;;;;;;;;;0;4;;;
25/10/2014;20:54:00;4081;sem vítima;77;BR-040/RJ;Sul;Choque - Objeto Fixo;1;;;;;;;;;;1;;;;
25/10/2014;21:18:00;4083;sem vítima;78;BR-040/RJ;Sul;Choque - Objeto Fixo;1;;;;;;;;;;1;;;;
25/10/2014;22:38:00;4093;sem vítima;80;BR-040/RJ;Sul;Choque - Objeto Fixo;1;;;;;;;;;;1;;;;
25/10/2014;11:32:00;4002;com vítima;89;BR-040/RJ;Sul;Tombamento;;;1;;;;;;;;0;3;;;
25/10/2014;19:54:00;4073;sem vítima;94;BR-040/RJ;Sul;Choque - Objeto Fixo;1;;;;;;;;;;1;;;;
25/10/2014;19:22:00;4070;sem vítima;102;BR-040/RJ;Sul;Colisão Traseira;1;;;;;1;;;;;2;;;;
25/10/2014;04:48:00;3943;sem vítima;105;BR-040/RJ;Norte;Choque - Objeto Fixo;1;;;;;;;;;;1;;;;
25/10/2014;10:49:00;3995;com vítima;111;BR-040/RJ;Norte;Colisão Traseira;2;;;;;;;;;;1;;1;;
25/10/2014;23:58:00;4099;com vítima;112;BR-040/RJ;Sul;Capotamento;1;;;;;;;;;;0;;1;;
25/10/2014;05:00:00;3945;com vítima;117;BR-040/RJ;Sul;Colisão Lateral;2;;;;;;;;;;1;2;;;
25/10/2014;05:36:00;3948;sem vítima;117;BR-040/RJ;Sul;Colisão Traseira;2;;;;;;;;;;2;;;;
25/10/2014;21:33:00;4086;sem vítima;781;BR-040/MG;Sul;Choque - Objeto Fixo;;;1;;;;;;;;1;;;;
25/10/2014;14:57:00;4019;sem vítima;787;BR-040/MG;Norte;Choque - Objeto Fixo;1;;;;;;;;;;1;;;;
25/10/2014;18:18:00;4061;com vítima;794;BR-040/MG;Sul;Choque - Objeto Fixo;1;;;;;;;;;;1;1;;;
25/10/2014;22:06:00;4087;com vítima;815;BR-040/MG;Sul;Choque - Objeto Fixo;1;;;;;;;;;;0;1;;;
25/10/2014;05:29:00;3947;sem vítima;122;BR-040/RJ;Sul;Choque - Objeto Fixo;1;;;;;;;;;;1;;;;
25/10/2014;13:55:00;4012;sem vítima;122;BR-040/RJ;Sul;Choque - Objeto Fixo;1;;;;;;;;;;1;;;;
26/10/2014;05:35:00;4112;sem vítima;1;BR-040/RJ;Norte;Choque - Objeto Fixo;1;;;;;;;;;;1;;;;
26/10/2014;14:02:00;4157;com vítima;14;BR-040/RJ;Sul;Choque - Objeto Fixo;1;;;;;;;;;;0;1;;;
26/10/2014;08:12:00;4124;com vítima;49;BR-040/RJ;Norte;Capotamento;1;;;;;;;;;;0;;2;;
26/10/2014;17:40:00;4178;sem vítima;69;BR-040/RJ;Sul;Choque - Objeto Fixo;1;;;;;;;;;;1;;;;
26/10/2014;17:50:00;4181;sem vítima;87;BR-040/RJ;Norte;Choque - Objeto Fixo;1;;;;;;;;;;1;;;;
26/10/2014;10:26:00;4132;com vítima;96;BR-040/RJ;Sul;Tombamento;;;1;;;;;;;;0;;;1;
26/10/2014;20:46:00;4201;sem vítima;105;BR-040/RJ;Norte;Capotamento;1;;;;;;;;;;1;;;;
26/10/2014;06:34:00;4118;sem vítima;107;BR-040/RJ;Sul;Choque - Objeto Fixo;1;;;;;;;;;;1;;;;
26/10/2014;15:26:00;4165;com vítima;114;BR-040/RJ;Sul;Engavetamento;3;;;;;;;;;;2;1;;;
26/10/2014;23:18:00;4211;sem vítima;114;BR-040/RJ;Norte;Choque - Objeto Fixo;1;;;;;;;;;;1;;;;
26/10/2014;09:48:00;4130;sem vítima;796;BR-040/MG;Sul;Colisão Frontal;1;;1;;;;;;;;2;;;;
26/10/2014;18:30:00;4186;sem vítima;796;BR-040/MG;Norte;Queda de Moto;;;;;;1;;;;;1;;;;
26/10/2014;12:50:00;4152;sem vítima;803;BR-040/MG;Sul;Choque - Objeto Fixo;1;;;;;;;;;;1;;;;
26/10/2014;12:10:00;4146;com vítima;811;BR-040/MG;Sul;Capotamento;1;;;;;;;;;;0;2;;;
26/10/2014;00:36:00;4102;com vítima;820;BR-040/MG;Sul;Choque - Objeto Fixo;1;;;;;;;;;;0;2;;;
26/10/2014;21:43:00;4206;com vítima;122;BR-040/RJ;Norte;Capotamento;1;;;;;;;;;;0;;;;1
27/10/2014;13:59:00;4309;sem vítima;40;BR-040/RJ;Norte;Choque - Objeto Fixo;1;;;;;;;;;;1;;;;
27/10/2014;16:45:00;4335;sem vítima;54;BR-040/RJ;Sul;Choque - Objeto Fixo;1;;;;;;;;;;1;;;;
27/10/2014;12:16:00;4295;com vítima;63;BR-040/RJ;Norte;Colisão Lateral;1;;;1;;;;;;;0;1;1;;
27/10/2014;00:47:00;4221;sem vítima;72;BR-040/RJ;Sul;Choque - Objeto Fixo;1;;;;;;;;;;1;;;;
27/10/2014;09:05:00;4263;com vítima;89;BR-040/RJ;Sul;Capotamento;1;;;;;;;;;;0;1;;;
27/10/2014;10:40:00;4277;sem vítima;102;BR-040/RJ;Norte;Queda de Moto;;;;1;;;;;;;1;;;;
27/10/2014;17:13:00;4337;sem vítima;110;BR-040/RJ;Norte;Colisão Traseira;1;;;;1;;;;;;2;;;;
27/10/2014;15:24:00;4322;com vítima;111;BR-040/RJ;Sul;Colisão Traseira;1;;1;;;;;;;;1;1;;;
27/10/2014;00:58:00;4223;sem vítima;115;BR-040/RJ;Sul;Colisão Lateral;2;;;;;;;;;;2;;;;
27/10/2014;14:23:00;4314;com vítima;796;BR-040/MG;Norte;Choque - Objeto Fixo;1;;;;;;;;;;0;2;;;
27/10/2014;14:53:00;4320;com vítima;803;BR-040/MG;Norte;Choque - Objeto Fixo;1;;;;;;;;;;0;1;;;
27/10/2014;10:59:00;4280;sem vítima;120;BR-040/RJ;Sul;Engavetamento;3;;;;;;;;;;3;;;;
28/10/2014;00:25:00;4387;sem vítima;91;BR-040/RJ;Sul;Choque - Objeto Fixo;;;1;;;;;;;;1;;;;
28/10/2014;05:36:00;4411;com vítima;109;BR-040/RJ;Sul;Colisão Traseira;2;;;;;;;;;;1;1;;;
28/10/2014;07:42:00;4420;sem vítima;109;BR-040/RJ;Norte;Colisão Traseira;2;;1;;;;;;;;3;;;;
28/10/2014;17:16:00;4482;sem vítima;113;BR-040/RJ;Sul;Choque - Objeto Fixo;1;;;;;;;;;;1;;;;
28/10/2014;00:47:00;4391;com vítima;794;BR-040/MG;Sul;Choque - Objeto Fixo;1;;;;;;;;;;0;1;;;
28/10/2014;12:16:00;4447;com vítima;121;BR-040/RJ;Sul;Engavetamento;2;;;1;;;;;;;2;1;;;
29/10/2014;20:17:00;4640;com vítima;96;BR-040/RJ;Norte;Tombamento;;;1;;;;;;;;0;;1;;
30/10/2014;16:06:00;4763;sem vítima;80;BR-040/RJ;Sul;Choque - Objeto Fixo;1;;;;;;;;;;1;;;;
30/10/2014;17:52:00;4783;sem vítima;93;BR-040/RJ;Norte;Choque - Objeto Fixo;1;;;;;;;;;;1;;;;
30/10/2014;21:11:00;4809;sem vítima;113;BR-040/RJ;Sul;Colisão Traseira;2;;;;;;;;;;2;;;;
30/10/2014;17:12:00;4775;sem vítima;780;BR-040/MG;Sul;Choque - Objeto Fixo;1;;;;;;;;;;1;;;;
30/10/2014;17:32:00;4780;sem vítima;794;BR-040/MG;Sul;Choque - Objeto Fixo;1;;;;;;;;;;1;;;;
30/10/2014;18:16:00;4788;sem vítima;815;BR-040/MG;Norte;Choque - Objeto Fixo;1;;;;;;;;;;1;;;;
30/10/2014;01:52:00;4662;sem vítima;122;BR-040/RJ;Sul;Choque - Objeto Fixo;1;;;;;;;;;;1;;;;
30/10/2014;11:08:00;4723;sem vítima;124;BR-040/RJ;Sul;Colisão Lateral;1;;1;;;;;;;;2;;;;
31/10/2014;18:38:00;4969;sem vítima;51;BR-040/RJ;Norte;Choque - Objeto Fixo;1;;;;;;;;;;1;;;;
31/10/2014;03:19:00;4841;sem vítima;58;BR-040/RJ;Norte;Choque - Objeto Fixo;1;;;;;;;;;;1;;;;
31/10/2014;16:14:00;4939;sem vítima;80;BR-040/RJ;Sul;Choque - Objeto Fixo;1;;;;;;;;;;1;;;;
31/10/2014;17:14:00;4962;sem vítima;85;BR-040/RJ;Norte;Colisão Lateral;1;;;;;1;;;;;2;;;;
31/10/2014;16:21:00;4942;sem vítima;87;BR-040/RJ;Norte;Choque - Objeto Fixo;1;;;;;;;;;;1;;;;
31/10/2014;07:36:00;4864;sem vítima;90;BR-040/RJ;Norte;Colisão Lateral;1;;1;;;;;;;;2;;;;
31/10/2014;16:10:00;4938;sem vítima;91;BR-040/RJ;Norte;Choque - Objeto Fixo;1;;;;;;;;;;1;;;;
31/10/2014;11:34:00;4898;com vítima;104;BR-040/RJ;Sul;Colisão Lateral;3;;;;;;;;;;2;1;;;
31/10/2014;21:01:00;4993;sem vítima;108;BR-040/RJ;Norte;Choque - Objeto Fixo;1;;;;;;;;;;1;;;;
31/10/2014;16:39:00;4947;sem vítima;109;BR-040/RJ;Norte;Colisão Lateral;;;1;;1;;;;;;2;;;;
31/10/2014;20:15:00;4983;sem vítima;116;BR-040/RJ;Norte;Choque - Objeto Fixo;1;;;;;;;;;;1;;;;
31/10/2014;20:28:00;4987;sem vítima;123;BR-040/RJ;Sul;Colisão Traseira;1;;1;;;;;;;;2;;;;
01/11/2014;16:39:00;117;sem vítima;74;BR-040/RJ;Norte;Choque - Objeto Fixo;1;;;;;;;;;;1;;;;
01/11/2014;01:24:00;10;com vítima;80;BR-040/RJ;Sul;Choque - Objeto Fixo;1;;;;;;;;;;0;2;;;
01/11/2014;09:09:00;44;sem vítima;105;BR-040/RJ;Sul;Colisão Frontal;2;;;;;;;;;;2;;;;
01/11/2014;20:49:00;149;sem vítima;113;BR-040/RJ;Sul;Colisão Traseira;2;;;;;;;;;;2;;;;
01/11/2014;13:43:00;85;com vítima;116;BR-040/RJ;Norte;Choque - Objeto Fixo;1;;;;;;;;;;0;1;;;
01/11/2014;00:10:00;3;sem vítima;803;BR-040/MG;Sul;Choque - Objeto Fixo;1;;;;;;;;;;1;;;;
01/11/2014;07:26:00;35;sem vítima;122;BR-040/RJ;Sul;Choque - Objeto Fixo;1;;;;;;;;;;1;;;;
01/11/2014;00:11:00;4;sem vítima;123;BR-040/RJ;Sul;Choque - Objeto Fixo;1;;;;;;;;;;1;;;;
01/11/2014;14:38:00;92;sem vítima;123;BR-040/RJ;Norte;Choque - Objeto Fixo;1;;;;;;;;;;1;;;;
02/11/2014;16:24:00;252;com vítima;34;BR-040/RJ;Norte;Choque - Objeto Fixo;2;;;;;;;;;;1;;2;;
02/11/2014;15:13:00;244;sem vítima;43;BR-040/RJ;Norte;Choque - Objeto Fixo;1;;;;;;;;;;1;;;;
02/11/2014;14:23:00;238;sem vítima;52;BR-040/RJ;Norte;Colisão Traseira;1;;;;;;;;;;1;;;;
02/11/2014;16:29:00;255;com vítima;77;BR-040/RJ;Sul;Choque - Objeto Fixo;1;;;;;;;;;;0;2;;;
02/11/2014;16:45:00;259;sem vítima;77;BR-040/RJ;Sul;Derrapagem;1;;;;;;;;;;1;;;;
02/11/2014;11:59:00;227;sem vítima;92;BR-040/RJ;Norte;Choque - Objeto Fixo;1;;;;;;;;;;1;;;;
02/11/2014;08:16:00;204;sem vítima;108;BR-040/RJ;Norte;Choque - Objeto Fixo;1;;;;;;;;;;1;;;;
02/11/2014;01:56:00;179;com vítima;111;BR-040/RJ;Sul;Choque - Objeto Fixo;1;;;;;;;;;;0;1;1;2;1
02/11/2014;01:10:00;177;sem vítima;793;BR-040/MG;Sul;Choque - Objeto Fixo;1;;;;;;;;;;1;;;;
02/11/2014;13:41:00;237;com vítima;793;BR-040/MG;Norte;Capotamento;1;;;;;;;;;;0;;3;2;
02/11/2014;14:46:00;242;sem vítima;122;BR-040/RJ;Norte;Colisão Traseira;1;;;;;1;;;;;2;;;;
02/11/2014;04:58:00;189;com vítima;123;BR-040/RJ;Sul;Atropelamento - Pedestre;;;;;;1;;;;;1;1;;;
03/11/2014;06:54:00;341;com vítima;90;BR-040/RJ;Sul;Tombamento;1;;;;;;;;;;0;1;;;
03/11/2014;12:35:00;375;com vítima;94;BR-040/RJ;Sul;Tombamento;;;1;;;;;;;;0;1;;;