data;horario;n_da_ocorrencia;tipo_de_ocorrencia;km;trecho;sentido;tipo_de_acidente;automovel;bicicleta;caminhao;moto;onibus;outros;tracao_animal;transporte_de_cargas_especiais;trator_maquinas;utilitarios;ilesos;levemente_feridos;moderadamente_feridos;gravemente_feridos;mortos
03/11/2014;08:23:00;348;com vítima;96;BR-040/RJ;Sul;Choque - Objeto Fixo;;;;;1;;;;;;0;2;;;
03/11/2014;12:29:00;374;sem vítima;118;BR-040/RJ;Sul;Colisão Traseira;1;;1;;;;;;;;2;;;;
03/11/2014;16:35:00;412;sem vítima;119;BR-040/RJ;Norte;Choque - Objeto Fixo;1;;;;;;;;;;1;;;;
03/11/2014;07:44:00;345;com vítima;123;BR-040/RJ;Norte;Atropelamento - Pedestre;;;;;;;;;;;0;1;;;
04/11/2014;23:28:00;630;com vítima;81;BR-040/RJ;Sul;Capotamento;1;;;;;;;;;;0;1;;;
04/11/2014;04:09:00;477;sem vítima;88;BR-040/RJ;Norte;Choque - Objeto Fixo;1;;;;;;;;;;1;;;;
04/11/2014;09:43:00;513;com vítima;103;BR-040/RJ;Sul;Choque - Objeto Fixo;1;;1;;;;;;;;1;1;;;
04/11/2014;22:39:00;624;com vítima;109;BR-040/RJ;Sul;Queda de Moto;;;;1;;;;;;;0;1;1;;
04/11/2014;21:35:00;618;sem vítima;112;BR-040/RJ;Norte;Colisão Lateral;;;1;;1;;;;;;2;;;;
04/11/2014;10:27:00;518;com vítima;809;BR-040/MG;Norte;Colisão Lateral;2;;;;;;;;;;1;2;;;
05/11/2014;09:14:00;674;com vítima;74;BR-040/RJ;Sul;Capotamento;1;;;;;1;;;;;1;1;;;
05/11/2014;16:21:00;732;com vítima;74;BR-040/RJ;Norte;Capotamento;1;;;;;;;;;;0;1;;;
05/11/2014;22:55:00;782;sem vítima;82;BR-040/RJ;Sul;Choque - Objeto Fixo;1;;;;;;;;;;1;;;;
05/11/2014;11:21:00;695;sem vítima;100;BR-040/RJ;Sul;Colisão Lateral;;;;;1;1;;;;;2;;;;
05/11/2014;14:30:00;715;sem vítima;105;BR-040/RJ;Norte;Engavetamento;3;;;;;;;;;;3;;;;
05/11/2014;14:35:00;717;sem vítima;112;BR-040/RJ;Sul;Colisão Traseira;1;;1;;;;;;;;2;;;;
05/11/2014;18:31:00;752;com vítima;120;BR-040/RJ;Norte;Engavetamento;2;;1;;;;;;;;2;1;;;
05/11/2014;05:33:00;647;sem vítima;123;BR-040/RJ;Sul;Colisão Lateral;1;;1;;;;;;;;2;;;;
05/11/2014;06:47:00;653;sem vítima;123;BR-040/RJ;Sul;Engavetamento;2;;1;;;;;;;;3;;;;
05/11/2014;08:52:00;670;sem vítima;123;BR-040/RJ;Sul;Colisão Lateral;1;;1;;;;;;;;2;;;;
06/11/2014;17:52:00;903;com vítima;2;BR-040/RJ;Norte;Capotamento;1;;;;;;;;;;0;1;;;
06/11/2014;18:40:00;912;com vítima;7;BR-040/RJ;Norte;Capotamento;1;;;;;;;;;;0;;1;;
06/11/2014;23:04:00;929;com vítima;41;BR-040/RJ;Norte;Colisão Lateral;1;;;;;1;;;;;1;1;;;
06/11/2014;13:05:00;858;com vítima;52;BR-040/RJ;Norte;Colisão Lateral;1;;1;;;;;;;;1;1;;;
06/11/2014;15:25:00;875;sem vítima;70;BR-040/RJ;Norte;Choque - Objeto Fixo;1;;;;;;;;;;1;;;;
06/11/2014;04:19:00;798;com vítima;75;BR-040/RJ;Sul;Colisão Traseira;1;;1;;;;;;;;0;2;;;
06/11/2014;17:16:00;895;sem vítima;83;BR-040/RJ;Norte;Choque - Objeto Fixo;1;;;;;;;;;;1;;;;
06/11/2014;04:51:00;800;sem vítima;84;BR-040/RJ;Sul;Choque - Objeto Fixo;1;;;;;;;;;;1;;;;
06/11/2014;06:06:00;804;com vítima;101;BR-040/RJ;Sul;Choque - Objeto Fixo;1;;;;;;;;;;0;;1;;
06/11/2014;10:54:00;846;com vítima;108;BR-040/RJ;Norte;Atropelamento - Pedestre;1;;;;;;;;;;1;1;;;
06/11/2014;15:50:00;878;com vítima;109;BR-040/RJ;Sul;Queda de Moto;;;;1;;;;;;;0;1;;;
06/11/2014;18:26:00;911;sem vítima;121;BR-040/RJ;Norte;Colisão Lateral;2;;;;;;;;;;2;;;;
06/11/2014;19:11:00;917;sem vítima;121;BR-040/RJ;Norte;Colisão Lateral;2;;;;;;;;;;2;;;;
06/11/2014;22:55:00;926;com vítima;123;BR-040/RJ;Sul;Colisão Traseira;2;;;;;;;;;;1;1;;;
07/11/2014;16:49:00;1043;com vítima;3;BR-040/RJ;Norte;Capotamento;1;;;;;;;;;;0;1;;;
07/11/2014;00:58:00;935;com vítima;72;BR-040/RJ;Norte;Capotamento;1;;;;;;;;;;0;1;;;
07/11/2014;15:14:00;1023;sem vítima;86;BR-040/RJ;Norte;Choque - Objeto Fixo;1;;;;;;;;;;1;;;;
07/11/2014;12:31:00;998;sem vítima;87;BR-040/RJ;Norte;Colisão Traseira;1;;1;;;;;;;;2;;;;
07/11/2014;06:53:00;962;sem vítima;99;BR-040/RJ;Norte;Engavetamento;1;;;;;2;;;;;3;;;;
07/11/2014;08:04:00;967;sem vítima;100;BR-040/RJ;Norte;Colisão Lateral;1;;1;;;;;;;;2;;;;
07/11/2014;23:52:00;1108;sem vítima;102;BR-040/RJ;Norte;Choque - Objeto Fixo;1;;;;;;;;;;1;;;;
07/11/2014;16:50:00;1044;sem vítima;111;BR-040/RJ;Norte;Colisão Lateral;1;;1;;;;;;;;2;;;;
07/11/2014;15:26:00;1028;com vítima;117;BR-040/RJ;Norte;Queda de Moto;;;;1;;;;;;;0;2;;;
07/11/2014;14:44:00;1020;sem vítima;798;BR-040/MG;Norte;Colisão Lateral;1;;;;;1;;;;;2;;;;
07/11/2014;15:38:00;1030;sem vítima;121;BR-040/RJ;Norte;Colisão Lateral;2;;;;;;;;;;2;;;;
07/11/2014;19:33:00;1072;sem vítima;121;BR-040/RJ;Sul;Colisão Lateral;1;;;;;1;;;;;2;;;;
08/11/2014;06:56:00;1141;sem vítima;7;BR-040/RJ;Norte;Colisão Lateral;;;1;;1;;;;;;2;;;;
08/11/2014;11:24:00;1165;com vítima;78;BR-040/RJ;Sul;Queda de Moto;;;;1;;;;;;;0;1;;;
08/11/2014;13:31:00;1188;sem vítima;84;BR-040/RJ;Norte;Choque - Objeto Fixo;1;;;;;;;;;;1;;;;
08/11/2014;18:51:00;1235;sem vítima;84;BR-040/RJ;Norte;Choque - Objeto Fixo;1;;;;;;;;;;1;;;;
08/11/2014;15:59:00;1210;com vítima;90;BR-040/RJ;Norte;Tombamento;1;;;;;;;;;;2;1;;;
08/11/2014;07:59:00;1145;com vítima;97;BR-040/RJ;Sul;Choque - Objeto Fixo;1;;;;;;;;;;0;1;;;
08/11/2014;18:53:00;1236;sem vítima;784;BR-040/MG;Norte;Colisão Traseira;2;;;;;;;;;;2;;;;
08/11/2014;14:23:00;1195;com vítima;803;BR-040/MG;Sul;Colisão Transversal;;1;;;;1;;;;;1;;;1;
09/11/2014;00:35:00;1264;sem vítima;59;BR-040/RJ;Norte;Capotamento;1;;;;;;;;;;1;;;;
09/11/2014;03:54:00;1276;com vítima;63;BR-040/RJ;Norte;Colisão Lateral;2;;;;;;;;;;1;;1;;1
09/11/2014;08:40:00;1297;sem vítima;68;BR-040/RJ;Norte;Choque - Objeto Fixo;1;;;;;;;;;;1;;;;
09/11/2014;05:07:00;1279;sem vítima;73;BR-040/RJ;Sul;Choque - Objeto Fixo;1;;;;;;;;;;1;;;;
09/11/2014;13:57:00;1334;com vítima;74;BR-040/RJ;Norte;Choque - Objeto Fixo;1;;;;;;;;;;0;2;;;
09/11/2014;15:24:00;1345;sem vítima;74;BR-040/RJ;Norte;Choque - Objeto Fixo;1;;;;;;;;;;1;;;;
09/11/2014;15:59:00;1353;sem vítima;74;BR-040/RJ;Norte;Choque - Objeto Fixo;1;;;;;;;;;;1;;;;
09/11/2014;15:27:00;1347;sem vítima;75;BR-040/RJ;Sul;Choque - Objeto Fixo;1;;;;;;;;;;1;;;;
09/11/2014;17:20:00;1362;sem vítima;77;BR-040/RJ;Sul;Choque - Objeto Fixo;1;;;;;;;;;;1;;;;
09/11/2014;15:40:00;1349;sem vítima;78;BR-040/RJ;Sul;Choque - Objeto Fixo;1;;;;;;;;;;1;;;;
09/11/2014;15:52:00;1350;sem vítima;81;BR-040/RJ;Sul;Choque - Objeto Fixo;1;;;;;;;;;;1;;;;
09/11/2014;13:27:00;1329;sem vítima;82;BR-040/RJ;Sul;Derrapagem;1;;;;;;;;;;1;;;;
09/11/2014;15:00:00;1342;sem vítima;82;BR-040/RJ;Sul;Choque - Objeto Fixo;1;;;;;;;;;;1;;;;
09/11/2014;18:48:00;1377;sem vítima;82;BR-040/RJ;Sul;Choque - Objeto Fixo;1;;;;;;;;;;1;;;;
09/11/2014;17:25:00;1364;sem vítima;84;BR-040/RJ;Norte;Choque - Objeto Fixo;1;;;;;;;;;;1;;;;
09/11/2014;06:58:00;1285;sem vítima;85;BR-040/RJ;Sul;Choque - Objeto Fixo;1;;;;;;;;;;1;;;;
09/11/2014;18:45:00;1376;sem vítima;87;BR-040/RJ;Norte;Tombamento;1;;;;;;;;;;1;;;;
09/11/2014;08:04:00;1294;sem vítima;91;BR-040/RJ;Norte;Choque - Objeto Fixo;1;;;;;;;;;;1;;;;
09/11/2014;08:39:00;1300;sem vítima;91;BR-040/RJ;Norte;Choque - Objeto Fixo;1;;;;;;;;;;1;;;;
09/11/2014;07:41:00;1292;com vítima;92;BR-040/RJ;Sul;Capotamento;1;;;;;;;;;;0;1;;;
09/11/2014;14:53:00;1338;sem vítima;93;BR-040/RJ;Sul;Choque - Objeto Fixo;1;;;;;;;;;;1;;;;
09/11/2014;02:48:00;1270;sem vítima;94;BR-040/RJ;Sul;Choque - Objeto Fixo;1;;;;;;;;;;1;;;;
09/11/2014;08:47:00;1298;com vítima;97;BR-040/RJ;Norte;Choque - Objeto Fixo;1;;;;;;;;;;0;1;;;
09/11/2014;07:13:00;1289;sem vítima;112;BR-040/RJ;Norte;Choque - Objeto Fixo;1;;;;;;;;;;1;;;;
09/11/2014;00:47:00;1265;com vítima;116;BR-040/RJ;Sul;Colisão Frontal;2;;;;;;;;;;1;;1;;
09/11/2014;03:33:00;1273;sem vítima;780;BR-040/MG;Norte;Choque - Objeto Fixo;1;;;;;;;;;;1;;;;
09/11/2014;07:10:00;1287;sem vítima;124;BR-040/RJ;Sul;Choque - Objeto Fixo;1;;;;;;;;;;1;;;;
10/11/2014;07:26:00;1431;com vítima;95;BR-040/RJ;Sul;Choque - Objeto Fixo;;;;;1;;;;;;0;8;;;
10/11/2014;23:48:00;1549;com vítima;115;BR-040/RJ;Norte;Choque - Objeto Fixo;1;;;;;;;;;;0;1;;;
10/11/2014;10:32:00;1455;sem vítima;123;BR-040/RJ;Sul;Colisão Lateral;1;;1;;;;;;;;2;;;;
10/11/2014;19:16:00;1524;com vítima;123;BR-040/RJ;Sul;Colisão Lateral;1;;;1;;;;;;;0;1;;1;
11/11/2014;18:44:00;1663;com vítima;17;BR-040/RJ;Sul;Tombamento;;;1;;;;;;;;0;1;;;
11/11/2014;10:41:00;1600;sem vítima;86;BR-040/RJ;Norte;Choque - Objeto Fixo;1;;;;;;;;;;1;;;;
11/11/2014;07:20:00;1572;sem vítima;98;BR-040/RJ;Sul;Colisão Traseira;1;;;;;1;;;;;2;;;;
11/11/2014;22:39:00;1690;com vítima;101;BR-040/RJ;Sul;Capotamento;1;;;;;;;;;;0;1;;1;
11/11/2014;19:13:00;1666;sem vítima;109;BR-040/RJ;Norte;Colisão Lateral;1;;1;;;;;;;;2;;;;
11/11/2014;15:46:00;1640;sem vítima;110;BR-040/RJ;Norte;Engavetamento;1;;;;;2;;;;;3;;;;
11/11/2014;15:22:00;1636;sem vítima;113;BR-040/RJ;Norte;Choque - Objeto Fixo;1;;;;;;;;;;1;;;;
11/11/2014;12:38:00;1617;sem vítima;114;BR-040/RJ;Sul;Colisão Lateral;1;;1;;;;;;;;2;;;;
11/11/2014;11:11:00;1604;sem vítima;118;BR-040/RJ;Sul;Colisão Lateral;1;;;;1;;;;;;2;;;;
12/11/2014;18:21:00;1812;sem vítima;34;BR-040/RJ;Norte;Choque - Objeto Fixo;1;;;;;;;;;;1;;;;
12/11/2014;18:52:00;1818;com vítima;54;BR-040/RJ;Sul;Choque - Objeto Fixo;1;;;;;;;;;;0;3;;;
12/11/2014;08:43:00;1738;com vítima;85;BR-040/RJ;Sul;Engavetamento;2;;1;;;;;;;;2;;1;;
12/11/2014;17:08:00;1803;sem vítima;93;BR-040/RJ;Sul;Choque - Objeto Fixo;;;1;;;;;;;;1;;;;
12/11/2014;19:08:00;1819;sem vítima;110;BR-040/RJ;Norte;Colisão Lateral;1;;1;;;;;;;;2;;;;
12/11/2014;19:35:00;1821;com vítima;110;BR-040/RJ;Sul;Engavetamento;;;2;;1;;;;;;1;7;2;;
12/11/2014;07:51:00;1733;com vítima;116;BR-040/RJ;Sul;Atropelamento - Pedestre;;1;;;;1;;;;;1;1;;;
12/11/2014;18:39:00;1815;sem vítima;783;BR-040/MG;Norte;Choque - Objeto Fixo;1;;;;;;;;;;1;;;;
13/11/2014;08:32:00;1872;com vítima;7;BR-040/RJ;Sul;Tombamento;;;1;;;;;;;;0;1;;;
13/11/2014;19:47:00;1949;sem vítima;14;BR-040/RJ;Norte;Choque - Objeto Fixo;1;;;;;;;;;;1;;;;
13/11/2014;22:20:00;1963;sem vítima;31;BR-040/RJ;Norte;Choque - Objeto Fixo;1;;;;;;;;;;1;;;;
13/11/2014;04:53:00;1849;sem vítima;78;BR-040/RJ;Sul;Choque - Objeto Fixo;1;;;;;;;;;;1;;;;
13/11/2014;06:05:00;1857;com vítima;79;BR-040/RJ;Sul;Choque - Objeto Fixo;1;;;;;;;;;;0;1;;;
13/11/2014;16:11:00;1916;sem vítima;88;BR-040/RJ;Sul;Colisão Traseira;2;;;;;;;;;;2;;;;
13/11/2014;12:18:00;1894;sem vítima;90;BR-040/RJ;Norte;Choque - Objeto Fixo;1;;;;;;;;;;1;;;;
13/11/2014;16:54:00;1922;sem vítima;99;BR-040/RJ;Norte;Colisão Lateral;1;;1;;;;;;;;2;;;;
13/11/2014;15:13:00;1909;sem vítima;109;BR-040/RJ;Norte;Colisão Lateral;1;;1;;;;;;;;2;;;;
13/11/2014;23:36:00;1970;com vítima;114;BR-040/RJ;Sul;Capotamento;1;;;;;;;;;;0;2;;;
13/11/2014;08:58:00;1875;sem vítima;785;BR-040/MG;Norte;Colisão Traseira;2;;;;;;;;;;2;;;;
13/11/2014;02:20:00;1845;com vítima;815;BR-040/MG;Sul;Tombamento;;;2;;;;;;;;0;2;;;
13/11/2014;05:34:00;1852;com vítima;124;BR-040/RJ;Sul;Atropelamento - Pedestre;1;;;;;;;;;;1;;;;1
14/11/2014;13:00:00;2031;sem vítima;78;BR-040/RJ;Sul;Choque - Objeto Fixo;1;;;;;;;;;;1;;;;
14/11/2014;15:32:00;2056;com vítima;79;BR-040/RJ;Sul;Capotamento;1;;;;;;;;;;0;2;;;
14/11/2014;19:37:00;2104;sem vítima;82;BR-040/RJ;Sul;Choque - Objeto Fixo;1;;;;;;;;;;1;;;;
14/11/2014;13:03:00;2032;sem vítima;85;BR-040/RJ;Norte;Choque - Objeto Fixo;;;1;;;;;;;;1;;;;
14/11/2014;07:12:00;1995;sem vítima;88;BR-040/RJ;Norte;Choque - Objeto Fixo;1;;;;;;;;;;1;;;;
14/11/2014;15:59:00;2059;sem vítima;90;BR-040/RJ;Norte;Colisão Lateral;1;;;;;1;;;;;2;;;;
14/11/2014;11:55:00;2023;sem vítima;91;BR-040/RJ;Sul;Choque - Objeto Fixo;1;;;;;;;;;;1;;;;
14/11/2014;17:58:00;2084;sem vítima;93;BR-040/RJ;Sul;Choque - Objeto Fixo;1;;;;;;;;;;1;;;;
14/11/2014;19:22:00;2100;sem vítima;94;BR-040/RJ;Sul;Choque - Objeto Fixo;1;;;;;;;;;;1;;;;
14/11/2014;20:51:00;2111;com vítima;107;BR-040/RJ;Norte;Atropelamento - Pedestre;;;;;;1;;;;;1;1;;;
14/11/2014;04:58:00;1984;com vítima;113;BR-040/RJ;Sul;Engavetamento;9;;;;;;;;;;7;2;;;
14/11/2014;13:11:00;2033;sem vítima;113;BR-040/RJ;Sul;Colisão Lateral;;;2;;;;;;;;2;;;;
14/11/2014;20:19:00;2109;sem vítima;113;BR-040/RJ;Norte;Engavetamento;2;;;;;1;;;;;3;;;;
14/11/2014;23:15:00;2125;com vítima;119;BR-040/RJ;Norte;Tombamento;;;;;1;;;;;;0;1;;;
14/11/2014;05:23:00;1987;sem vítima;123;BR-040/RJ;Norte;Choque - Objeto Fixo;1;;;;;;;;;;1;;;;
14/11/2014;06:27:00;1991;sem vítima;123;BR-040/RJ;Norte;Derrapagem;1;;;;;;;;;;1;;;;
14/11/2014;22:40:00;2122;sem vítima;124;BR-040/RJ;Norte;Derrapagem;1;;;;;;;;;;1;;;;
15/11/2014;09:28:00;2178;sem vítima;7;BR-040/RJ;Sul;Choque - Objeto Fixo;1;;;;;;;;;;1;;;;
15/11/2014;08:19:00;2168;com vítima;34;BR-040/RJ;Norte;Choque - Objeto Fixo;1;;;;;;;;;;0;1;;;
15/11/2014;10:03:00;2183;sem vítima;34;BR-040/RJ;Norte;Choque - Objeto Fixo;1;;;;;;;;;;1;;;;
15/11/2014;11:10:00;2190;com vítima;34;BR-040/RJ;Norte;Choque - Objeto Fixo;1;;;;;;;;;;1;1;;;
15/11/2014;15:59:00;2230;sem vítima;66;BR-040/RJ;Norte;Choque - Objeto Fixo;1;;;;;;;;;;1;;;;
15/11/2014;16:19:00;2234;com vítima;74;BR-040/RJ;Norte;Capotamento;1;;;;;;;;;;0;1;;;
15/11/2014;07:59:00;2165;sem vítima;78;BR-040/RJ;Sul;Derrapagem;1;;;;;;;;;;1;;;;
15/11/2014;08:39:00;2171;sem vítima;81;BR-040/RJ;Sul;Choque - Objeto Fixo;1;;;;;;;;;;1;;;;
15/11/2014;14:27:00;2211;sem vítima;81;BR-040/RJ;Sul;Colisão Traseira;1;;;;1;;;;;;2;;;;
15/11/2014;09:37:00;2182;sem vítima;82;BR-040/RJ;Sul;Choque - Objeto Fixo;1;;;;;;;;;;1;;;;
15/11/2014;17:34:00;2248;sem vítima;84;BR-040/RJ;Norte;Choque - Objeto Fixo;1;;;;;;;;;;1;;;;
15/11/2014;03:57:00;2145;sem vítima;92;BR-040/RJ;Sul;Choque - Objeto Fixo;1;;;;;;;;;;1;;;;
15/11/2014;09:33:00;2179;sem vítima;95;BR-040/RJ;Sul;Derrapagem;1;;;;;;;;;;1;;;;
15/11/2014;06:27:00;2155;sem vítima;99;BR-040/RJ;Norte;Derrapagem;1;;;;;;;;;;1;;;;
15/11/2014;06:29:00;2156;sem vítima;99;BR-040/RJ;Norte;Derrapagem;1;;;;;;;;;;1;;;;
15/11/2014;08:32:00;2169;sem vítima;109;BR-040/RJ;Norte;Colisão Lateral;2;;;;;;;;;;2;;;;
15/11/2014;00:36:00;2135;sem vítima;112;BR-040/RJ;Norte;Colisão Traseira;;;;;1;1;;;;;2;;;;
15/11/2014;12:52:00;2203;sem vítima;796;BR-040/MG;Sul;Colisão Traseira;2;;;;;;;;;;2;;;;
15/11/2014;09:08:00;2177;sem vítima;825;BR-040/MG;Sul;Choque - Objeto Fixo;1;;;;;;;;;;1;;;;
15/11/2014;08:56:00;2175;com vítima;828;BR-040/MG;Sul;Choque - Objeto Fixo;1;;;;;;;;;;0;1;;;
15/11/2014;15:37:00;2227;com vítima;828;BR-040/MG;Norte;Choque - Objeto Fixo;;;1;;;;;;;;0;2;;;
15/11/2014;01:30:00;2139;sem vítima;124;BR-040/RJ;Sul;Colisão Traseira;1;;1;;;;;;;;2;;;;
16/11/2014;05:51:00;2318;com vítima;5;BR-040/RJ;Sul;Capotamento;1;;;;;;;;;;0;2;;;
16/11/2014;11:16:00;2348;com vítima;39;BR-040/RJ;Norte;Tombamento;;;1;;;;;;;;0;1;;;
16/11/2014;21:40:00;2415;sem vítima;79;BR-040/RJ;Sul;Colisão Traseira;;;1;;;1;;;;;2;;;;
16/11/2014;16:59:00;2381;sem vítima;84;BR-040/RJ;Norte;Choque - Objeto Fixo;1;;;;;;;;;;1;;;;
16/11/2014;07:08:00;2323;sem vítima;92;BR-040/RJ;Norte;Choque - Objeto Fixo;1;;;;;;;;;;1;;;;
16/11/2014;19:01:00;2398;com vítima;96;BR-040/RJ;Sul;Queda de Moto;;;;1;;;;;;;0;1;;;
16/11/2014;11:09:00;2346;sem vítima;102;BR-040/RJ;Norte;Choque - Objeto Fixo;1;;;;;;;;;;1;;;;
16/11/2014;11:58:00;2354;sem vítima;113;BR-040/RJ;Norte;Choque - Objeto Fixo;1;;;;;;;;;;1;;;;
16/11/2014;14:10:00;2367;com vítima;794;BR-040/MG;Norte;Capotamento;1;;;;;;;;;;0;2;;3;
16/11/2014;18:54:00;2397;sem vítima;795;BR-040/MG;Sul;Colisão Lateral;1;;1;;;;;;;;2;;;;
17/11/2014;06:45:00;2459;com vítima;86;BR-040/RJ;Norte;Derrapagem;1;;;;;;;;;;0;;3;;
17/11/2014;19:21:00;2548;sem vítima;109;BR-040/RJ;Norte;Colisão Lateral;1;;1;;;;;;;;2;;;;
17/11/2014;06:37:00;2457;com vítima;812;BR-040/MG;Norte;Choque - Objeto Fixo;1;;;;;;;;;;0;1;;;
17/11/2014;05:12:00;2451;sem vítima;122;BR-040/RJ;Sul;Colisão Traseira;1;;;;1;;;;;;2;;;;
18/11/2014;23:33:00;2708;sem vítima;98;BR-040/RJ;Norte;Choque - Objeto Fixo;;;1;;;;;;;;1;;;;
18/11/2014;18:00:00;2678;com vítima;110;BR-040/RJ;Norte;Engavetamento;3;;;;;;;;;;2;1;;;
18/11/2014;19:56:00;2690;sem vítima;112;BR-040/RJ;Norte;Colisão Traseira;1;;;;;1;;;;;2;;;;
18/11/2014;09:17:00;2611;sem vítima;121;BR-040/RJ;Norte;Colisão Traseira;;;1;;;1;;;;;2;;;;
18/11/2014;09:34:00;2613;com vítima;121;BR-040/RJ;Sul;Queda de Moto;;;;1;;;;;;;0;2;;;
18/11/2014;10:21:00;2620;sem vítima;123;BR-040/RJ;Sul;Colisão Lateral;1;;1;;;;;;;;2;;;;
18/11/2014;13:16:00;2644;sem vítima;123;BR-040/RJ;Norte;Colisão Traseira;1;;;;;1;;;;;2;;;;
18/11/2014;16:06:00;2659;sem vítima;124;BR-040/RJ;Norte;Colisão Traseira;1;;;;;1;;;;;2;;;;
19/11/2014;08:38:00;2745;sem vítima;25;BR-040/RJ;Sul;Choque - Objeto Fixo;1;;;;;;;;;;1;;;;
19/11/2014;18:24:00;2829;sem vítima;117;BR-040/RJ;Sul;Colisão Lateral;1;;;;1;;;;;;2;;;;
19/11/2014;18:19:00;2826;sem vítima;118;BR-040/RJ;Norte;Colisão Lateral;1;;1;;;;;;;;2;;;;
19/11/2014;13:12:00;2776;com vítima;120;BR-040/RJ;Norte;Colisão Lateral;1;;1;;;;;;;;1;1;;;
19/11/2014;16:24:00;2800;sem vítima;120;BR-040/RJ;Norte;Colisão Traseira;1;;;;1;;;;;;2;;;;
19/11/2014;17:39:00;2816;sem vítima;122;BR-040/RJ;Norte;Colisão Lateral;1;;;;1;;;;;;2;;;;
19/11/2014;07:50:00;2739;sem vítima;124;BR-040/RJ;Sul;Colisão Traseira;1;;1;;;;;;;;2;;;;
20/11/2014;22:40:00;3002;sem vítima;85;BR-040/RJ;Norte;Choque - Objeto Fixo;1;;;;;;;;;;1;;;;
20/11/2014;17:14:00;2964;sem vítima;88;BR-040/RJ;Norte;Colisão Traseira;2;;;;;;;;;;2;;;;
20/11/2014;17:35:00;2972;sem vítima;95;BR-040/RJ;Norte;Choque - Objeto Fixo;1;;;;;;;;;;1;;;;
20/11/2014;14:18:00;2935;com vítima;105;BR-040/RJ;Norte;Colisão Traseira;;1;;;;1;;;;;1;1;;;
20/11/2014;07:23:00;2885;com vítima;108;BR-040/RJ;Norte;Tombamento;;;1;;;;;;;;0;1;;;
20/11/2014;17:09:00;2965;sem vítima;780;BR-040/MG;Norte;Queda de Moto;;;;1;;;;;;;1;;;;
20/11/2014;10:37:00;2905;com vítima;118;BR-040/RJ;Sul;Choque - Objeto Fixo;1;;;;;;;;;;0;;;1;
20/11/2014;11:00:00;2913;sem vítima;118;BR-040/RJ;Sul;Colisão Lateral;1;;1;;;;;;;;2;;;;
20/11/2014;01:25:00;2868;sem vítima;819;BR-040/MG;Norte;Choque - Objeto Fixo;1;;;;;;;;;;1;;;;
20/11/2014;13:34:00;2931;com vítima;119;BR-040/RJ;Sul;Colisão Lateral;1;;;1;;;;;;;1;;1;;
20/11/2014;21:23:00;2994;com vítima;121;BR-040/RJ;Norte;Colisão Lateral;2;;;;;;;;;;1;1;;;
20/11/2014;17:32:00;2970;sem vítima;124;BR-040/RJ;Sul;Colisão Traseira;1;;;;;1;;;;;2;;;;
21/11/2014;13:05:00;3075;sem vítima;90;BR-040/RJ;Norte;Colisão Lateral;1;;1;;;;;;;;2;;;;
21/11/2014;16:59:00;3127;com vítima;101;BR-040/RJ;Sul;Atropelamento - Pedestre;;;1;;;;;;;;1;;;1;
21/11/2014;21:13:00;3171;com vítima;101;BR-040/RJ;Norte;Queda de Moto;;;;1;;;;;;;0;1;1;;
21/11/2014;12:10:00;3070;sem vítima;102;BR-040/RJ;Norte;Colisão Lateral;1;;1;;;;;;;;2;;;;
21/11/2014;12:35:00;3072;sem vítima;102;BR-040/RJ;Norte;Colisão Traseira;1;;1;;;;;;;;2;;;;
21/11/2014;02:16:00;3015;com vítima;110;BR-040/RJ;Sul;Capotamento;;;1;;;;;;;;0;1;;;
21/11/2014;22:47:00;3180;com vítima;810;BR-040/MG;Norte;Queda de Moto;;;;1;;;;;;;0;1;;;
22/11/2014;09:51:00;3231;sem vítima;21;BR-040/RJ;Sul;Colisão Traseira;1;;1;;;;;;;;2;;;;
22/11/2014;17:42:00;3304;com vítima;92;BR-040/RJ;Sul;Capotamento;1;;;;;;;;;;0;2;;;
22/11/2014;04:49:00;3204;com vítima;95;BR-040/RJ;Norte;Choque - Objeto Fixo;1;;;;;;;;;;0;1;;;
22/11/2014;07:05:00;3214;com vítima;113;BR-040/RJ;Sul;Capotamento;1;;;;;;;;;;0;;1;;
22/11/2014;09:58:00;3232;sem vítima;113;BR-040/RJ;Sul;Choque - Objeto Fixo;1;;;;;;;;;;1;;;;
22/11/2014;15:33:00;3277;sem vítima;114;BR-040/RJ;Sul;Choque - Objeto Fixo;1;;;;;;;;;;1;;;;
22/11/2014;12:35:00;3252;com vítima;117;BR-040/RJ;Norte;Colisão Traseira;1;;;1;;;;;;;1;;;;1
22/11/2014;14:48:00;3279;sem vítima;117;BR-040/RJ;Norte;Colisão Traseira;1;;;;;1;;;;;2;;;;
22/11/2014;16:20:00;3284;sem vítima;784;BR-040/MG;Norte;Colisão Lateral;1;;;1;;;;;;;3;;;;
23/11/2014;14:29:00;3423;sem vítima;4;BR-040/RJ;Sul;Choque - Objeto Fixo;1;;;;;;;;;;1;;;;
23/11/2014;16:57:00;3451;sem vítima;6;BR-040/RJ;Norte;Choque - Objeto Fixo;1;;;;;;;;;;1;;;;
23/11/2014;18:29:00;3481;sem vítima;7;BR-040/RJ;Norte;Choque - Objeto Fixo;1;;;;;;;;;;1;;;;
23/11/2014;17:34:00;3462;sem vítima;11;BR-040/RJ;Norte;Choque - Objeto Fixo;1;;;;;;;;;;1;;;;