data;horario;n_da_ocorrencia;tipo_de_ocorrencia;km;trecho;sentido;tipo_de_acidente;automovel;bicicleta;caminhao;moto;onibus;outros;tracao_animal;transporte_de_cargas_especiais;trator_maquinas;utilitarios;ilesos;levemente_feridos;moderadamente_feridos;gravemente_feridos;mortos
07/12/2014;03:51:00;979;com vítima;792;BR-040/MG;Norte;Choque - Objeto Fixo;1;;;;;;;;;;0;1;;;
07/12/2014;12:35:00;1030;com vítima;812;BR-040/MG;Norte;Choque - Objeto Fixo;1;;;;;;;;;;0;3;;;
07/12/2014;10:23:00;1012;com vítima;821;BR-040/MG;Norte;Choque - Objeto Fixo;1;;;;;;;;;;0;1;;;
07/12/2014;11:35:00;1021;com vítima;120;BR-040/RJ;Norte;Queda de Moto;;;;1;;;;;;;0;2;;;
07/12/2014;06:58:00;989;sem vítima;124;BR-040/RJ;Norte;Choque - Objeto Fixo;1;;;;;;;;;;2;;;;
08/12/2014;22:40:00;1267;com vítima;65;BR-040/RJ;Sul;Colisão Lateral;;;2;;;;;;;;1;2;;;
08/12/2014;02:36:00;1127;com vítima;80;BR-040/RJ;Sul;Derrapagem;1;;;;;;;;;;0;5;;;
08/12/2014;13:12:00;1191;sem vítima;83;BR-040/RJ;Norte;Derrapagem;1;;;;;;;;;;1;;;;
08/12/2014;00:00:00;1111;sem vítima;104;BR-040/RJ;Norte;Colisão Lateral;1;;;;;1;;;;;2;;;;
08/12/2014;12:13:00;1186;com vítima;104;BR-040/RJ;Sul;Queda de Moto;;;;1;;;;;;;0;;1;;
09/12/2014;13:06:00;1358;com vítima;58;BR-040/RJ;Sul;Colisão Traseira;;;1;1;;;;;;;0;1;1;;
09/12/2014;23:10:00;1283;sem vítima;70;BR-040/RJ;Norte;Choque - Objeto Fixo;1;;;;;;;;;;1;;;;
09/12/2014;14:55:00;1374;sem vítima;70;BR-040/RJ;Sul;Colisão Traseira;2;;;;;;;;;;2;;;;
09/12/2014;18:21:00;1419;sem vítima;82;BR-040/RJ;Sul;Colisão Frontal;1;;;;1;;;;;;2;;;;
09/12/2014;11:27:00;1345;sem vítima;91;BR-040/RJ;Norte;Colisão Traseira;2;;;;;;;;;;2;;;;
09/12/2014;16:16:00;1392;com vítima;95;BR-040/RJ;Sul;Engavetamento;2;;1;;;;;;;;2;1;2;;
09/12/2014;07:23:00;1304;com vítima;108;BR-040/RJ;Sul;Atropelamento - Pedestre;;;;;;1;;;;;1;;1;;
09/12/2014;17:18:00;1400;sem vítima;110;BR-040/RJ;Norte;Colisão Traseira;2;;;;;;;;;;2;;;;
09/12/2014;09:22:00;1317;sem vítima;121;BR-040/RJ;Sul;Colisão Traseira;1;;;;;1;;;;;2;;;;
09/12/2014;10:10:00;1331;sem vítima;123;BR-040/RJ;Sul;Colisão Lateral;1;;1;;;;;;;;2;;;;
09/12/2014;10:19:00;1335;com vítima;124;BR-040/RJ;Sul;Colisão Traseira;;;1;;1;;;;;;1;4;;;
09/12/2014;12:26:00;1356;sem vítima;124;BR-040/RJ;Sul;Colisão Traseira;2;;;;;;;;;;2;;;;
10/12/2014;22:30:00;1603;sem vítima;14;BR-040/RJ;Norte;Colisão Lateral;1;;1;;;;;;;;2;;;;
10/12/2014;12:59:00;1523;com vítima;30;BR-040/RJ;Sul;Choque - Objeto Fixo;1;;;;;;;;;;0;2;;;
10/12/2014;12:20:00;1521;com vítima;31;BR-040/RJ;Sul;Queda de Moto;;;;1;;;;;;;0;1;;;
10/12/2014;20:34:00;1590;sem vítima;65;BR-040/RJ;Norte;Atropelamento - Animal;1;;;;;;;;;;1;;;;
10/12/2014;16:10:00;1549;com vítima;73;BR-040/RJ;Norte;Capotamento;1;;;;;;;;;;0;1;;;
10/12/2014;07:16:00;1478;com vítima;74;BR-040/RJ;Sul;Colisão Traseira;1;;;1;;;;;;;1;;1;;
10/12/2014;17:02:00;1556;sem vítima;96;BR-040/RJ;Sul;Choque - Objeto Fixo;1;;;;;;;;;;1;;;;
10/12/2014;22:20:00;1601;sem vítima;113;BR-040/RJ;Norte;Colisão Traseira;2;;;;;;;;;;2;;;;
10/12/2014;08:23:00;1484;com vítima;784;BR-040/MG;Norte;Colisão Transversal;2;;;;;;;;;;0;2;;;
10/12/2014;03:15:00;1465;sem vítima;816;BR-040/MG;Norte;Colisão Traseira;;;1;;;1;;;;;2;;;;
10/12/2014;12:31:00;1518;sem vítima;119;BR-040/RJ;Norte;Colisão Traseira;1;;1;;;;;;;;2;;;;
10/12/2014;09:16:00;1491;com vítima;122;BR-040/RJ;Sul;Colisão Lateral;1;;;1;;;;;;;1;1;1;;
11/12/2014;18:01:00;1729;com vítima;80;BR-040/RJ;Sul;Colisão Traseira;2;;;;;;;;;;0;2;;;
11/12/2014;15:28:00;1705;sem vítima;81;BR-040/RJ;Norte;Colisão Traseira;1;;;;;1;;;;;2;;;;
11/12/2014;16:50:00;1718;com vítima;101;BR-040/RJ;Sul;Colisão Lateral;;;;1;;1;;;;;1;1;;;
11/12/2014;14:48:00;1698;com vítima;104;BR-040/RJ;Sul;Queda de Moto;;;;1;;;;;;;0;;1;;
11/12/2014;16:20:00;1713;sem vítima;105;BR-040/RJ;Norte;Colisão Traseira;1;;;;;1;;;;;2;;;;
11/12/2014;15:14:00;1703;com vítima;109;BR-040/RJ;Norte;Engavetamento;3;;;;;;;;;;2;4;;;
11/12/2014;05:48:00;1634;com vítima;114;BR-040/RJ;Norte;Capotamento;1;;;;;;;;;;0;1;;;
11/12/2014;10:52:00;1670;sem vítima;117;BR-040/RJ;Norte;Colisão Traseira;1;;;;1;;;;;;2;;;;
11/12/2014;01:40:00;1617;sem vítima;799;BR-040/MG;Sul;Choque - Objeto Fixo;1;;;;;;;;;;1;;;;
11/12/2014;00:15:00;1614;sem vítima;821;BR-040/MG;Norte;Colisão Traseira;1;;1;;;;;;;;2;;;;
11/12/2014;23:03:00;1779;sem vítima;824;BR-040/MG;Norte;Colisão Lateral;1;;1;;;;;;;;2;;;;
12/12/2014;08:42:00;1820;sem vítima;7;BR-040/RJ;Sul;Atropelamento - Animal;1;;;;;;;;;;1;;;;
12/12/2014;00:22:00;1785;sem vítima;45;BR-040/RJ;Sul;Colisão Lateral;;;2;;;;;;;;2;;;;
12/12/2014;10:07:00;1832;sem vítima;58;BR-040/RJ;Sul;Colisão Lateral;1;;1;;;;;;;;2;;;;
12/12/2014;08:07:00;1817;com vítima;62;BR-040/RJ;Norte;Capotamento;1;;;;;;;;;;0;1;;;
12/12/2014;20:46:00;1942;com vítima;83;BR-040/RJ;Norte;Colisão Transversal;2;;;;;;;;;;0;2;;;
12/12/2014;06:05:00;1805;sem vítima;84;BR-040/RJ;Norte;Colisão Lateral;1;;;;;1;;;;;2;;;;
12/12/2014;15:32:00;1883;sem vítima;100;BR-040/RJ;Sul;Choque - Objeto Fixo;1;;;;;;;;;;1;;;;
12/12/2014;07:41:00;1814;sem vítima;101;BR-040/RJ;Norte;Colisão Traseira;1;;;;;1;;;;;2;;;;
12/12/2014;16:00:00;1889;com vítima;110;BR-040/RJ;Norte;Choque - Objeto Fixo;1;;;;;;;;;;0;1;;;
12/12/2014;18:14:00;1915;sem vítima;112;BR-040/RJ;Norte;Colisão Traseira;1;;;;;1;;;;;2;;;;
12/12/2014;07:30:00;1812;sem vítima;116;BR-040/RJ;Norte;Queda de Moto;;;;1;;;;;;;2;;;;
12/12/2014;16:52:00;1901;sem vítima;121;BR-040/RJ;Sul;Colisão Lateral;1;;;;;1;;;;;2;;;;
12/12/2014;01:15:00;1789;com vítima;124;BR-040/RJ;Sul;Tombamento;;;1;;;;;;;;0;1;;;
12/12/2014;07:17:00;1813;sem vítima;124;BR-040/RJ;Sul;Colisão Lateral;1;;1;;;;;;;;2;;;;
13/12/2014;18:48:00;2112;sem vítima;2;BR-040/RJ;Sul;Choque - Objeto Fixo;1;;;;;;;;;;1;;;;
13/12/2014;15:50:00;2087;sem vítima;3;BR-040/RJ;Norte;Colisão Traseira;2;;;;;;;;;;2;;;;
13/12/2014;13:25:00;2057;com vítima;31;BR-040/RJ;Norte;Choque - Objeto Fixo;1;;;;;;;;;;0;2;;;
13/12/2014;13:43:00;2061;com vítima;32;BR-040/RJ;Norte;Choque - Objeto Fixo;1;;;;;;;;;;0;;1;;
13/12/2014;16:47:00;2096;com vítima;34;BR-040/RJ;Norte;Choque - Objeto Fixo;1;;;;;;;;;;0;2;;;
13/12/2014;23:28:00;2137;com vítima;38;BR-040/RJ;Norte;Choque - Objeto Fixo;1;;;;;;;;;;0;4;;;
13/12/2014;05:15:00;2007;com vítima;52;BR-040/RJ;Sul;Choque - Objeto Fixo;1;;;;;;;;;;0;;2;1;
13/12/2014;13:28:00;2059;sem vítima;54;BR-040/RJ;Sul;Choque - Objeto Fixo;1;;;;;;;;;;1;;;;
13/12/2014;21:09:00;2125;sem vítima;72;BR-040/RJ;Norte;Choque - Objeto Fixo;1;;;;;;;;;;1;;;;
13/12/2014;13:25:00;2058;sem vítima;77;BR-040/RJ;Sul;Choque - Objeto Fixo;1;;;;;;;;;;1;;;;
13/12/2014;13:44:00;2067;sem vítima;77;BR-040/RJ;Sul;Choque - Objeto Fixo;1;;;;;;;;;;1;;;;
13/12/2014;18:38:00;2109;sem vítima;77;BR-040/RJ;Sul;Choque - Objeto Fixo;1;;;;;;;;;;1;;;;
13/12/2014;18:38:00;2110;sem vítima;78;BR-040/RJ;Sul;Choque - Objeto Fixo;1;;;;;;;;;;1;;;;
13/12/2014;22:40:00;2132;sem vítima;84;BR-040/RJ;Norte;Choque - Objeto Fixo;1;;;;;;;;;;1;;;;
13/12/2014;15:46:00;2086;sem vítima;85;BR-040/RJ;Norte;Choque - Objeto Fixo;1;;;;;;;;;;1;;;;
13/12/2014;17:33:00;2101;sem vítima;85;BR-040/RJ;Norte;Choque - Objeto Fixo;1;;;;;;;;;;1;;;;
13/12/2014;13:47:00;2062;sem vítima;90;BR-040/RJ;Norte;Choque - Objeto Fixo;1;;;;;;;;;;1;;;;
13/12/2014;19:36:00;2119;sem vítima;92;BR-040/RJ;Norte;Choque - Objeto Fixo;1;;;;;;;;;;1;;;;
13/12/2014;14:29:00;2069;sem vítima;93;BR-040/RJ;Norte;Choque - Objeto Fixo;1;;;;;;;;;;1;;;;
13/12/2014;13:52:00;2065;sem vítima;96;BR-040/RJ;Norte;Derrapagem;1;;;;;;;;;;1;;;;
13/12/2014;09:00:00;2029;sem vítima;111;BR-040/RJ;Sul;Engavetamento;3;;;;;1;;;;;4;;;;
13/12/2014;22:24:00;2130;sem vítima;111;BR-040/RJ;Sul;Choque - Objeto Fixo;;;1;;;;;;;;1;;;;
13/12/2014;23:49:00;2139;com vítima;114;BR-040/RJ;Sul;Derrapagem;1;;;;;;;;;;0;2;;;
13/12/2014;15:32:00;2085;sem vítima;776;BR-040/MG;Sul;Choque - Objeto Fixo;1;;;;;;;;;;1;;;;
13/12/2014;19:48:00;2121;sem vítima;117;BR-040/RJ;Norte;Colisão Lateral;1;;;;1;;;;;;2;;;;
13/12/2014;21:21:00;2127;sem vítima;120;BR-040/RJ;Norte;Choque - Objeto Fixo;1;;;;;;;;;;1;;;;
13/12/2014;20:50:00;2124;sem vítima;122;BR-040/RJ;Sul;Choque - Objeto Fixo;1;;;;;;;;;;1;;;;
13/12/2014;23:15:00;2138;sem vítima;122;BR-040/RJ;Sul;Colisão Traseira;2;;;;;;;;;;2;;;;
13/12/2014;07:32:00;2016;com vítima;123;BR-040/RJ;Sul;Colisão Lateral;;;1;1;;;;;;;1;;1;;
13/12/2014;19:06:00;2114;sem vítima;124;BR-040/RJ;Norte;Colisão Traseira;2;;;;;;;;;;2;;;;
14/12/2014;18:32:00;2258;sem vítima;11;BR-040/RJ;Norte;Choque - Objeto Fixo;1;;;;;;;;;;1;;;;
14/12/2014;08:37:00;2172;sem vítima;34;BR-040/RJ;Norte;Choque - Objeto Fixo;1;;;;;;;;;;1;;;;
14/12/2014;01:30:00;2147;sem vítima;37;BR-040/RJ;Sul;Choque - Objeto Fixo;1;;;;;;;;;;1;;;;
14/12/2014;11:12:00;2195;sem vítima;73;BR-040/RJ;Norte;Derrapagem;1;;;;;;;;;;1;;;;
14/12/2014;12:54:00;2206;sem vítima;75;BR-040/RJ;Sul;Choque - Objeto Fixo;1;;;;;;;;;;1;;;;
14/12/2014;11:03:00;2194;com vítima;77;BR-040/RJ;Sul;Capotamento;1;;;;;;;;;;0;1;1;;
14/12/2014;13:53:00;2217;sem vítima;77;BR-040/RJ;Sul;Choque - Objeto Fixo;1;;;;;;;;;;1;;;;
14/12/2014;15:50:00;2234;sem vítima;77;BR-040/RJ;Sul;Colisão Traseira;2;;;;;;;;;;2;;;;
14/12/2014;02:49:00;2152;sem vítima;78;BR-040/RJ;Sul;Choque - Objeto Fixo;1;;;;;;;;;;1;;;;
14/12/2014;10:07:00;2184;sem vítima;78;BR-040/RJ;Sul;Choque - Objeto Fixo;1;;;;;;;;;;1;;;;
14/12/2014;13:34:00;2214;sem vítima;78;BR-040/RJ;Sul;Choque - Objeto Fixo;1;;;;;;;;;;1;;;;
14/12/2014;13:52:00;2215;sem vítima;78;BR-040/RJ;Norte;Choque - Objeto Fixo;1;;;;;;;;;;1;;;;
14/12/2014;17:47:00;2253;sem vítima;78;BR-040/RJ;Norte;Choque - Objeto Fixo;1;;;;;;;;;;1;;;;
14/12/2014;10:56:00;2193;sem vítima;83;BR-040/RJ;Sul;Derrapagem;1;;;;;;;;;;1;;;;
14/12/2014;16:12:00;2237;sem vítima;84;BR-040/RJ;Norte;Choque - Objeto Fixo;1;;;;;;;;;;1;;;;
14/12/2014;10:16:00;2186;sem vítima;85;BR-040/RJ;Sul;Choque - Objeto Fixo;1;;;;;;;;;;1;;;;
14/12/2014;14:47:00;2226;com vítima;85;BR-040/RJ;Norte;Choque - Objeto Fixo;1;;;;;;;;;;0;3;;;
14/12/2014;14:53:00;2227;sem vítima;85;BR-040/RJ;Norte;Derrapagem;1;;;;;;;;;;1;;;;
14/12/2014;17:12:00;2246;sem vítima;85;BR-040/RJ;Norte;Choque - Objeto Fixo;1;;;;;;;;;;1;;;;
14/12/2014;15:19:00;2230;sem vítima;91;BR-040/RJ;Norte;Choque - Objeto Fixo;1;;;;;;;;;;1;;;;
14/12/2014;17:49:00;2254;sem vítima;91;BR-040/RJ;Sul;Choque - Objeto Fixo;1;;;;;;;;;;1;;;;
14/12/2014;09:22:00;2177;sem vítima;93;BR-040/RJ;Sul;Derrapagem;1;;;;;;;;;;1;;;;
14/12/2014;16:54:00;2245;com vítima;93;BR-040/RJ;Sul;Capotamento;1;;;;;;;;;;0;3;1;;
14/12/2014;10:15:00;2182;sem vítima;94;BR-040/RJ;Norte;Choque - Objeto Fixo;1;;;;;;;;;;1;;;;
14/12/2014;15:55:00;2235;sem vítima;105;BR-040/RJ;Norte;Colisão Transversal;2;;;;;;;;;;2;;;;
14/12/2014;10:35:00;2190;com vítima;115;BR-040/RJ;Sul;Choque - Objeto Fixo;1;;;;;;;;;;0;1;;;
14/12/2014;17:29:00;2250;sem vítima;787;BR-040/MG;Norte;Choque - Objeto Fixo;1;;;;;;;;;;1;;;;
14/12/2014;14:11:00;2221;sem vítima;790;BR-040/MG;Norte;Choque - Objeto Fixo;1;;;;;;;;;;1;;;;
14/12/2014;20:02:00;2267;sem vítima;124;BR-040/RJ;Sul;Colisão Traseira;1;;1;;;;;;;;2;;;;
15/12/2014;17:09:00;2408;sem vítima;5;BR-040/RJ;Norte;Choque - Objeto Fixo;1;;;;;;;;;;1;;;;
15/12/2014;08:16:00;2336;sem vítima;101;BR-040/RJ;Sul;Choque - Objeto Fixo;1;;;;;;;;;;1;;;;
15/12/2014;09:06:00;2345;sem vítima;778;BR-040/MG;Norte;Choque - Objeto Fixo;1;;;;;;;;;;1;;;;
15/12/2014;21:46:00;2451;com vítima;794;BR-040/MG;Norte;Capotamento;1;;;;;;;;;;0;2;;;
15/12/2014;09:40:00;2354;sem vítima;123;BR-040/RJ;Sul;Colisão Lateral;1;;1;;;;;;;;2;;;;
16/12/2014;06:15:00;2484;sem vítima;104;BR-040/RJ;Norte;Colisão Traseira;2;;;;;;;;;;2;;;;
16/12/2014;19:45:00;2601;com vítima;776;BR-040/MG;Sul;Capotamento;1;;;;;;;;;;0;1;1;;
16/12/2014;06:47:00;2486;sem vítima;119;BR-040/RJ;Sul;Colisão Lateral;1;;;1;;;;;;;2;;;;
16/12/2014;07:00:00;2485;sem vítima;122;BR-040/RJ;Sul;Choque - Objeto Fixo;1;;;;;;;;;;1;;;;
16/12/2014;23:52:00;2624;sem vítima;122;BR-040/RJ;Norte;Capotamento;1;;;;;;;;;;1;;;;
16/12/2014;18:29:00;2589;sem vítima;124;BR-040/RJ;Sul;Colisão Lateral;1;;;1;;;;;;;2;;;;
17/12/2014;14:00:00;2706;sem vítima;35;BR-040/RJ;Sul;Choque - Objeto Fixo;1;;;;;;;;;;1;;;;
17/12/2014;07:08:00;2654;com vítima;46;BR-040/RJ;Sul;Colisão Lateral;1;;;1;;;;;;;0;1;1;;
17/12/2014;19:09:00;2765;com vítima;53;BR-040/RJ;Sul;Colisão Traseira;2;;;;;;;;;;1;4;;;
17/12/2014;09:06:00;2668;com vítima;72;BR-040/RJ;Norte;Capotamento;1;;;;;;;;;;0;1;;;
17/12/2014;17:53:00;2745;sem vítima;94;BR-040/RJ;Sul;Choque - Objeto Fixo;1;;;;;;;;;;1;;;;
17/12/2014;11:44:00;2687;sem vítima;109;BR-040/RJ;Norte;Colisão Lateral;;;2;;;;;;;;2;;;;
17/12/2014;05:27:00;2648;sem vítima;113;BR-040/RJ;Sul;Engavetamento;3;;;;;;;;;;3;;;;
17/12/2014;07:20:00;2655;com vítima;790;BR-040/MG;Sul;Tombamento;;;1;;;;;;;;0;1;;;
17/12/2014;16:26:00;2729;sem vítima;120;BR-040/RJ;Sul;Colisão Traseira;2;;;;;;;;;;2;;;;
17/12/2014;18:29:00;2759;sem vítima;123;BR-040/RJ;Sul;Colisão Lateral;2;;;;;;;;;;2;;;;
17/12/2014;15:23:00;2720;sem vítima;124;BR-040/RJ;Sul;Colisão Traseira;2;;;;;;;;;;2;;;;
18/12/2014;13:11:00;2883;sem vítima;60;BR-040/RJ;Norte;Colisão Lateral;1;;1;;;;;;;;2;;;;
18/12/2014;10:52:00;2864;com vítima;104;BR-040/RJ;Sul;Colisão Traseira;1;;;1;;;;;;;1;1;;;
18/12/2014;17:20:00;2930;com vítima;104;BR-040/RJ;Norte;Colisão Lateral;1;1;;;;;;;;;1;;1;;
18/12/2014;20:36:00;2960;com vítima;122;BR-040/RJ;Sul;Queda de Moto;;;;1;;;;;;;0;1;1;;
18/12/2014;08:06:00;2829;sem vítima;123;BR-040/RJ;Sul;Colisão Lateral;1;;1;;;;;;;;2;;;;
19/12/2014;10:08:00;3027;sem vítima;45;BR-040/RJ;Sul;Choque - Objeto Fixo;1;;;;;;;;;;1;;;;
19/12/2014;22:12:00;3138;com vítima;59;BR-040/RJ;Norte;Choque - Objeto Fixo;1;;;;;;;;;;0;1;1;;
19/12/2014;18:20:00;3103;com vítima;73;BR-040/RJ;Norte;Choque - Objeto Fixo;1;;;;;;;;;;0;2;;;
19/12/2014;12:10:00;3048;sem vítima;83;BR-040/RJ;Norte;Engavetamento;1;;;;;3;;;;;4;;;;
19/12/2014;10:30:00;3029;com vítima;84;BR-040/RJ;Sul;Colisão Traseira;;;2;;;;;;;;0;2;;;
19/12/2014;19:49:00;3125;sem vítima;105;BR-040/RJ;Norte;Colisão Lateral;1;;;;1;;;;;;2;;;;
19/12/2014;16:36:00;3089;sem vítima;110;BR-040/RJ;Norte;Colisão Traseira;2;;;;;;;;;;2;;;;
19/12/2014;19:04:00;3115;com vítima;118;BR-040/RJ;Norte;Colisão Lateral;1;;;1;;;;;;;1;1;;;
19/12/2014;16:52:00;3090;sem vítima;120;BR-040/RJ;Norte;Colisão Lateral;1;;1;;;1;;;;;3;;;;
19/12/2014;05:33:00;2998;sem vítima;123;BR-040/RJ;Sul;Colisão Traseira;;;1;;;1;;;;;2;;;;
20/12/2014;14:50:00;3270;com vítima;0;BR-040/RJ;Sul;Capotamento;1;;;;;;;;;;0;1;;;
20/12/2014;07:25:00;3184;sem vítima;1;BR-040/RJ;Norte;Derrapagem;1;;;;;;;;;;1;;;;
20/12/2014;06:15:00;3172;com vítima;2;BR-040/RJ;Sul;Choque - Objeto Fixo;1;;;;;;;;;;0;2;;;
20/12/2014;15:43:00;3282;com vítima;29;BR-040/RJ;Norte;Capotamento;1;;;;;;;;;;0;;1;;
20/12/2014;18:27:00;3324;com vítima;31;BR-040/RJ;Norte;Colisão Transversal;2;;;;;;;;;;1;3;;;
20/12/2014;18:10:00;3321;sem vítima;32;BR-040/RJ;Norte;Capotamento;1;;;;;;;;;;1;;;;
20/12/2014;18:55:00;3328;sem vítima;33;BR-040/RJ;Norte;Choque - Objeto Fixo;1;;;;;;;;;;1;;;;
20/12/2014;18:33:00;3326;sem vítima;68;BR-040/RJ;Norte;Choque - Objeto Fixo;1;;;;;;;;;;2;;;;
20/12/2014;17:57:00;3320;com vítima;78;BR-040/RJ;Sul;Capotamento;1;;;;;;;;;;0;;1;;
20/12/2014;17:57:00;3332;sem vítima;78;BR-040/RJ;Sul;Choque - Objeto Fixo;1;;;;;;;;;;1;;;;
20/12/2014;17:07:00;3306;sem vítima;82;BR-040/RJ;Sul;Colisão Transversal;2;;;;;;;;;;2;;;;
20/12/2014;17:22:00;3313;sem vítima;82;BR-040/RJ;Sul;Choque - Objeto Fixo;1;;;;;;;;;;1;;;;
20/12/2014;17:33:00;3315;sem vítima;82;BR-040/RJ;Sul;Choque - Objeto Fixo;1;;;;;;;;;;1;;;;
20/12/2014;18:00:00;3314;sem vítima;85;BR-040/RJ;Norte;Choque - Objeto Fixo;1;;;;;;;;;;1;;;;
20/12/2014;17:20:00;3311;com vítima;87;BR-040/RJ;Norte;Choque - Objeto Fixo;1;;;;;;;;;;0;4;;;
20/12/2014;08:30:00;3204;sem vítima;90;BR-040/RJ;Sul;Colisão Lateral;;;2;;;;;;;;2;;;;
20/12/2014;17:13:00;3310;sem vítima;93;BR-040/RJ;Sul;Choque - Objeto Fixo;1;;;;;;;;;;1;;;;
20/12/2014;07:32:00;3186;sem vítima;109;BR-040/RJ;Sul;Colisão Traseira;2;;;;;;;;;;2;;;;
20/12/2014;23:45:00;3351;sem vítima;775;BR-040/MG;Norte;Colisão Lateral;2;;;;;;;;;;4;;;;
20/12/2014;12:27:00;3243;com vítima;117;BR-040/RJ;Norte;Queda de Moto;;;;1;;;;;;;0;1;;;
20/12/2014;19:50:00;3335;com vítima;810;BR-040/MG;Sul;Capotamento;1;;;;;;;;;;0;2;;;
20/12/2014;07:40:00;3188;com vítima;815;BR-040/MG;Norte;Choque - Objeto Fixo;1;;;;;;;;;;0;3;;;
20/12/2014;08:11:00;3194;sem vítima;815;BR-040/MG;Norte;Choque - Objeto Fixo;1;;;;;;;;;;1;;;;
20/12/2014;07:59:00;3192;com vítima;824;BR-040/MG;Norte;Colisão Traseira;2;;;;;;;;;;1;2;;;
20/12/2014;23:18:00;3348;sem vítima;119;BR-040/RJ;Norte;Engavetamento;3;;;;;;;;;;3;;;;
20/12/2014;03:56:00;3166;com vítima;121;BR-040/RJ;Sul;Choque - Objeto Fixo;1;;;;;;;;;;0;2;;;
20/12/2014;05:16:00;3168;sem vítima;123;BR-040/RJ;Norte;Choque - Objeto Fixo;1;;;;;;;;;;1;;;;
20/12/2014;16:19:00;3293;sem vítima;123;BR-040/RJ;Norte;Colisão Lateral;1;;1;;;;;;;;2;;;;
20/12/2014;14:18:00;3266;com vítima;124;BR-040/RJ;Norte;Engavetamento;3;;;;;;;;;;1;5;;;
21/12/2014;16:44:00;3446;sem vítima;2;BR-040/RJ;Norte;Choque - Objeto Fixo;1;;;;;;;;;;1;;;;
21/12/2014;16:09:00;3440;com vítima;3;BR-040/RJ;Sul;Capotamento;1;;;;;;;;;;0;3;;;
21/12/2014;15:00:00;3432;sem vítima;7;BR-040/RJ;Norte;Choque - Objeto Fixo;1;;;;;;;;;;1;;;;
21/12/2014;21:19:00;3488;sem vítima;78;BR-040/RJ;Sul;Choque - Objeto Fixo;1;;;;;;;;;;1;;;;
21/12/2014;16:26:00;3442;sem vítima;84;BR-040/RJ;Norte;Choque - Objeto Fixo;1;;;;;1;;;;;2;;;;
21/12/2014;16:51:00;3447;sem vítima;96;BR-040/RJ;Sul;Choque - Objeto Fixo;1;;;;;;;;;;1;;;;
21/12/2014;03:55:00;3367;sem vítima;101;BR-040/RJ;Sul;Choque - Objeto Fixo;1;;;;;;;;;;1;;;;
21/12/2014;03:50:00;3366;com vítima;107;BR-040/RJ;Sul;Colisão Traseira;1;;1;;;;;;;;1;5;;;
21/12/2014;06:45:00;3376;sem vítima;115;BR-040/RJ;Sul;Capotamento;1;;;;;;;;;;1;;;;
21/12/2014;19:16:00;3472;sem vítima;119;BR-040/RJ;Norte;Colisão Transversal;1;;;;1;1;;;;;3;;;;
22/12/2014;22:10:00;3663;sem vítima;31;BR-040/RJ;Norte;Choque - Objeto Fixo;1;;;;;;;;;;1;;;;
22/12/2014;15:09:00;3617;com vítima;78;BR-040/RJ;Sul;Queda de Moto;;;;1;;;;;;;0;1;;;
22/12/2014;15:15:00;3619;com vítima;78;BR-040/RJ;Sul;Choque - Objeto Fixo;1;;;;;;;;;;0;1;;;
22/12/2014;15:15:00;3621;com vítima;78;BR-040/RJ;Sul;Choque - Objeto Fixo;1;;;;;;;;;;0;2;;;
22/12/2014;20:01:00;3652;com vítima;96;BR-040/RJ;Norte;Tombamento;;;1;;;;;;;;0;1;;;
22/12/2014;06:25:00;3525;com vítima;99;BR-040/RJ;Sul;Capotamento;1;;;;;;;;;;0;1;;;
22/12/2014;00:36:00;3508;sem vítima;108;BR-040/RJ;Norte;Choque - Objeto Fixo;1;;;;;;;;;;1;;;;
22/12/2014;13:35:00;3594;com vítima;778;BR-040/MG;Sul;Capotamento;1;;;;;;;;;;0;1;;;
22/12/2014;15:19:00;3620;sem vítima;117;BR-040/RJ;Norte;Queda de Moto;;;;1;;;;;;;2;;;;
22/12/2014;18:00:00;3635;sem vítima;122;BR-040/RJ;Norte;Colisão Traseira;1;;;;;1;;;;;2;;;;
23/12/2014;21:44:00;3842;sem vítima;2;BR-040/RJ;Norte;Choque - Objeto Fixo;1;;;;;;;;;;1;;;;
23/12/2014;07:28:00;3705;sem vítima;52;BR-040/RJ;Norte;Choque - Objeto Fixo;1;;;;;;;;;;1;;;;
23/12/2014;19:19:00;3816;com vítima;63;BR-040/RJ;Sul;Choque - Objeto Fixo;1;;;;;;;;;;0;5;;;
23/12/2014;00:43:00;3679;com vítima;69;BR-040/RJ;Sul;Colisão Traseira;;;2;;;;;;;;0;2;;;
23/12/2014;04:21:00;3686;com vítima;69;BR-040/RJ;Sul;Colisão Traseira;2;;;;;;;;;;0;2;;;
23/12/2014;06:19:00;3693;sem vítima;77;BR-040/RJ;Sul;Choque - Objeto Fixo;1;;;;;;;;;;1;;;;
23/12/2014;23:28:00;3862;sem vítima;78;BR-040/RJ;Sul;Choque - Objeto Fixo;1;;;;;;;;;;1;;;;
23/12/2014;06:28:00;3694;sem vítima;81;BR-040/RJ;Sul;Choque - Objeto Fixo;1;;;;;;;;;;1;;;;
23/12/2014;15:44:00;3779;com vítima;81;BR-040/RJ;Norte;Choque - Objeto Fixo;1;;;;;;;;;;0;2;;;
23/12/2014;19:49:00;3822;sem vítima;81;BR-040/RJ;Sul;Choque - Objeto Fixo;1;;;;;;;;;;1;;;;