data;horario;n_da_ocorrencia;tipo_de_ocorrencia;km;trecho;sentido;tipo_de_acidente;automovel;bicicleta;caminhao;moto;onibus;outros;tracao_animal;transporte_de_cargas_especiais;trator_maquinas;utilitarios;ilesos;levemente_feridos;moderadamente_feridos;gravemente_feridos;mortos
21/03/2015;13:10:00;2984;sem vítima;34;BR-040/RJ;Norte;Choque - Objeto Fixo;1;;;;;;;;;;1;;;;
21/03/2015;12:46:00;2977;sem vítima;38;BR-040/RJ;Norte;Choque - Objeto Fixo;1;;;;;;;;;;1;;;;
21/03/2015;08:49:00;2944;sem vítima;64;BR-040/RJ;Sul;Capotamento;1;;;;;;;;;;1;;;;
21/03/2015;14:27:00;2988;sem vítima;68;BR-040/RJ;Norte;Choque - Objeto Fixo;1;;;;;;;;;;1;;;;
21/03/2015;10:15:00;2961;sem vítima;75;BR-040/RJ;Sul;Choque - Objeto Fixo;1;;;;;;;;;;1;;;;
21/03/2015;12:01:00;2971;sem vítima;78;BR-040/RJ;Sul;Choque - Objeto Fixo;1;;;;;;;;;;1;;;;
21/03/2015;11:08:00;2965;sem vítima;84;BR-040/RJ;Norte;Choque - Objeto Fixo;1;;;;;;;;;;1;;;;
21/03/2015;12:44:00;2976;com vítima;85;BR-040/RJ;Sul;Capotamento;1;;;;;;;;;;0;1;;;
21/03/2015;09:35:00;2951;sem vítima;91;BR-040/RJ;Norte;Choque - Objeto Fixo;1;;;;;;;;;;1;;;;
21/03/2015;12:10:00;2973;sem vítima;91;BR-040/RJ;Norte;Choque - Objeto Fixo;1;;;;;;;;;;1;;;;
21/03/2015;12:58:00;2980;com vítima;92;BR-040/RJ;Norte;Colisão Lateral;2;;;;;;;;;;1;1;;;
21/03/2015;09:51:00;2956;sem vítima;94;BR-040/RJ;Norte;Colisão Lateral;2;;;;;;;;;;2;;;;
21/03/2015;16:47:00;3000;com vítima;104;BR-040/RJ;Sul;Choque - Objeto Fixo;1;;;;;;;;;;0;;2;;
21/03/2015;09:41:00;2952;sem vítima;799;BR-040/MG;Sul;Choque - Objeto Fixo;1;;;;;;;;;;1;;;;
21/03/2015;08:50:00;2945;com vítima;801;BR-040/MG;Sul;Choque - Objeto Fixo;1;;;;;;;;;;0;1;;;
21/03/2015;16:12:00;2998;sem vítima;801;BR-040/MG;Sul;Choque - Objeto Fixo;1;;;;;;;;;;1;;;;
21/03/2015;07:51:00;2934;com vítima;827;BR-040/MG;Norte;Capotamento;1;;;;;;;;;;0;1;1;;
21/03/2015;10:44:00;2963;com vítima;123;BR-040/RJ;Sul;Queda de Moto;;;;1;;;;;;;0;;;;1
21/03/2015;23:30:00;3045;com vítima;123;BR-040/RJ;Sul;Capotamento;1;;;;;;;;;;0;1;;;
22/03/2015;16:27:00;3123;com vítima;24;BR-040/RJ;Sul;Choque - Objeto Fixo;1;;;;;;;;;;0;3;;;
22/03/2015;16:53:00;3127;sem vítima;32;BR-040/RJ;Norte;Choque - Objeto Fixo;1;;;;;;;;;;1;;;;
22/03/2015;17:02:00;3129;sem vítima;34;BR-040/RJ;Norte;Colisão Lateral;2;;;;;;;;;;2;;;;
22/03/2015;11:49:00;3091;com vítima;61;BR-040/RJ;Sul;Derrapagem;1;;;;;;;;;;0;1;;;
22/03/2015;00:30:00;3050;com vítima;67;BR-040/RJ;Norte;Capotamento;1;;;;;;;;;;0;1;;;
22/03/2015;16:41:00;3126;com vítima;68;BR-040/RJ;Norte;Choque - Objeto Fixo;1;;;;;;;;;;0;1;;;
22/03/2015;13:44:00;3103;com vítima;75;BR-040/RJ;Sul;Choque - Objeto Fixo;1;;;;;;;;;;0;1;;;
22/03/2015;14:26:00;3108;com vítima;78;BR-040/RJ;Sul;Choque - Objeto Fixo;1;;;;;;;;;;0;4;;;
22/03/2015;14:25:00;3107;sem vítima;90;BR-040/RJ;Norte;Choque - Objeto Fixo;1;;;;;;;;;;1;;;;
22/03/2015;13:05:00;3099;com vítima;92;BR-040/RJ;Norte;Capotamento;1;;;;;;;;;;1;1;;;
22/03/2015;09:51:00;3086;sem vítima;102;BR-040/RJ;Sul;Colisão Traseira;2;;;;;;;;;;2;;;;
22/03/2015;20:07:00;3168;com vítima;102;BR-040/RJ;Norte;Choque - Objeto Fixo;1;;;;;;;;;;0;;2;;
22/03/2015;04:47:00;3066;sem vítima;109;BR-040/RJ;Norte;Choque - Objeto Fixo;1;;;;;;;;;;1;;;;
22/03/2015;20:15:00;3171;sem vítima;113;BR-040/RJ;Norte;Colisão Lateral;2;;;;;;;;;;2;;;;
22/03/2015;21:50:00;3187;sem vítima;113;BR-040/RJ;Norte;Choque - Objeto Fixo;1;;;;;;;;;;1;;;;
22/03/2015;15:25:00;3116;com vítima;779;BR-040/MG;Sul;Colisão Traseira;2;;;;;;;;;;0;4;;;
22/03/2015;21:25:00;3184;sem vítima;780;BR-040/MG;Norte;Choque - Objeto Fixo;2;;;;;;;;;;2;;;;
22/03/2015;12:01:00;3094;sem vítima;821;BR-040/MG;Sul;Choque - Objeto Fixo;1;;;;;;;;;;1;;;;
22/03/2015;17:09:00;3130;sem vítima;825;BR-040/MG;Sul;Choque - Objeto Fixo;1;;;;;;;;;;1;;;;
23/03/2015;07:52:00;3242;com vítima;0;BR-040/RJ;Norte;Capotamento;1;;;;;;;;;;0;1;;;
23/03/2015;14:46:00;3298;sem vítima;77;BR-040/RJ;Sul;Choque - Objeto Fixo;1;;;;;;;;;;1;;;;
23/03/2015;14:47:00;3299;sem vítima;78;BR-040/RJ;Sul;Choque - Objeto Fixo;1;;;;;;;;;;1;;;;
23/03/2015;14:02:00;3291;sem vítima;82;BR-040/RJ;Norte;Derrapagem;1;;;;;;;;;;1;;;;
23/03/2015;12:00:00;3279;sem vítima;83;BR-040/RJ;Norte;Choque - Objeto Fixo;1;;;;;;;;;;1;;;;
23/03/2015;07:03:00;3235;sem vítima;91;BR-040/RJ;Norte;Choque - Objeto Fixo;1;;;;;;;;;;1;;;;
23/03/2015;15:00:00;3305;sem vítima;91;BR-040/RJ;Norte;Choque - Objeto Fixo;1;;;;;;;;;;1;;;;
23/03/2015;09:16:00;3251;sem vítima;92;BR-040/RJ;Sul;Choque - Objeto Fixo;1;;;;;;;;;;1;;;;
23/03/2015;06:15:00;3229;sem vítima;96;BR-040/RJ;Norte;Choque - Objeto Fixo;1;;;;;;;;;;1;;;;
23/03/2015;21:54:00;3348;com vítima;102;BR-040/RJ;Sul;Colisão Traseira;2;;;;;;;;;;1;1;;;
23/03/2015;11:20:00;3274;sem vítima;108;BR-040/RJ;Sul;Colisão Traseira;2;;;;;;;;;;2;;;;
23/03/2015;20:40:00;3345;com vítima;108;BR-040/RJ;Sul;Choque - Objeto Fixo;1;;;;;;;;;;0;;1;;
23/03/2015;13:17:00;3284;com vítima;785;BR-040/MG;Norte;Choque - Objeto Fixo;;;1;;;;;;;;0;;;1;1
23/03/2015;17:55:00;3327;sem vítima;793;BR-040/MG;Sul;Colisão Lateral;1;;;1;;;;;;;2;;;;
23/03/2015;06:53:00;3234;sem vítima;824;BR-040/MG;Sul;Choque - Objeto Fixo;1;;;;;;;;;;1;;;;
23/03/2015;15:10:00;3304;sem vítima;121;BR-040/RJ;Sul;Colisão Traseira;1;;1;;;1;;;;;3;;;;
23/03/2015;03:07:00;3213;sem vítima;124;BR-040/RJ;Sul;Choque - Objeto Fixo;1;;;;;;;;;;1;;;;
23/03/2015;19:44:00;3337;sem vítima;124;BR-040/RJ;Sul;Colisão Traseira;1;;1;;;;;;;;2;;;;
23/03/2015;19:46:00;3338;sem vítima;124;BR-040/RJ;Norte;Choque - Objeto Fixo;;;;;;1;;;;;1;;;;
23/03/2015;20:16:00;3343;sem vítima;124;BR-040/RJ;Sul;Colisão Lateral;2;;;;;;;;;;2;;;;
24/03/2015;16:38:00;3453;sem vítima;40;BR-040/RJ;Norte;Colisão Traseira;1;;;;;;;;;;1;;;;
24/03/2015;10:11:00;3417;com vítima;90;BR-040/RJ;Sul;Colisão Traseira;;;2;;;;;;;;2;;1;;
24/03/2015;07:26:00;3397;sem vítima;98;BR-040/RJ;Sul;Colisão Lateral;1;;1;;;;;;;;2;;;;
24/03/2015;08:08:00;3402;com vítima;111;BR-040/RJ;Sul;Colisão Lateral;1;;;1;;;;;;;1;;1;;
24/03/2015;09:27:00;3411;sem vítima;113;BR-040/RJ;Norte;Derrapagem;1;;;;;;;;;;1;;;;
24/03/2015;05:23:00;3385;com vítima;117;BR-040/RJ;Sul;Colisão Traseira;;;1;;1;;;;;;0;8;;;
24/03/2015;12:09:00;3430;com vítima;780;BR-040/MG;Sul;Colisão Lateral;1;;;1;;;;;;;1;;1;;
24/03/2015;14:58:00;3444;sem vítima;802;BR-040/MG;Norte;Choque - Objeto Fixo;1;;;;;;;;;;1;;;;
24/03/2015;10:37:00;3423;sem vítima;122;BR-040/RJ;Norte;Colisão Lateral;2;;;;;;;;;;2;;;;
25/03/2015;22:35:00;3633;sem vítima;31;BR-040/RJ;Norte;Choque - Objeto Fixo;;;1;;;;;;;;1;;;;
25/03/2015;21:53:00;3625;com vítima;105;BR-040/RJ;Norte;Colisão Frontal;1;;;1;;;;;;;1;1;;;
25/03/2015;17:14:00;3599;sem vítima;111;BR-040/RJ;Sul;Engavetamento;3;;;;;;;;;;3;;;;
25/03/2015;14:12:00;3570;sem vítima;120;BR-040/RJ;Sul;Colisão Traseira;1;;;;1;;;;;;2;;;;
25/03/2015;06:48:00;3519;sem vítima;121;BR-040/RJ;Sul;Colisão Lateral;1;;;1;;;;;;;2;;;;
25/03/2015;11:48:00;3552;com vítima;124;BR-040/RJ;Sul;Colisão Lateral;1;;1;;;;;;;;1;1;;;
26/03/2015;15:28:00;3710;com vítima;62;BR-040/RJ;Sul;Colisão Frontal;1;;1;;;;;;;;3;1;;;
26/03/2015;17:10:00;3728;sem vítima;110;BR-040/RJ;Norte;Engavetamento;2;;1;;;;;;;;3;;;;
26/03/2015;16:29:00;3720;com vítima;799;BR-040/MG;Sul;Capotamento;1;;;;;;;;;;0;2;;;
27/03/2015;02:30:00;3776;com vítima;85;BR-040/RJ;Sul;Queda de Moto;;;;1;;;;;;;0;;1;;
27/03/2015;16:01:00;3872;sem vítima;97;BR-040/RJ;Sul;Colisão Traseira;1;;1;;;;;;;;2;;;;
27/03/2015;06:35:00;3786;sem vítima;109;BR-040/RJ;Norte;Colisão Lateral;1;;1;;;;;;;;2;;;;
27/03/2015;13:51:00;3851;sem vítima;793;BR-040/MG;Norte;Colisão Lateral;1;;1;;;;;;;;2;;;;
27/03/2015;09:36:00;3815;com vítima;119;BR-040/RJ;Sul;Colisão Lateral;1;;;1;;;;;;;1;;1;;
27/03/2015;11:06:00;3830;com vítima;120;BR-040/RJ;Sul;Colisão Lateral;1;;;1;;;;;;;1;;1;;
27/03/2015;12:59:00;3844;sem vítima;123;BR-040/RJ;Sul;Colisão Lateral;1;;1;;;;;;;;2;;;;
27/03/2015;15:40:00;3868;sem vítima;124;BR-040/RJ;Norte;Colisão Traseira;1;;1;;;;;;;;2;;;;
28/03/2015;08:39:00;3976;com vítima;29;BR-040/RJ;Norte;Capotamento;1;;;;;;;;;;0;1;;;
28/03/2015;15:40:00;4030;sem vítima;77;BR-040/RJ;Sul;Choque - Objeto Fixo;1;;;;;;;;;;1;;;;
28/03/2015;23:37:00;4085;com vítima;77;BR-040/RJ;Sul;Capotamento;1;;;;;;;;;;0;1;;;
28/03/2015;21:44:00;4072;sem vítima;89;BR-040/RJ;Norte;Colisão Traseira;2;;;;;;;;;;2;;;;
28/03/2015;04:17:00;3948;sem vítima;95;BR-040/RJ;Sul;Choque - Objeto Fixo;;;1;;;;;;;;1;;;;
28/03/2015;02:58:00;3946;com vítima;102;BR-040/RJ;Sul;Queda de Moto;;;;1;;;;;;;0;;2;;
28/03/2015;23:03:00;4079;com vítima;105;BR-040/RJ;Norte;Choque - Objeto Fixo;2;;;;;;;;;;1;1;;;
28/03/2015;01:42:00;3939;sem vítima;108;BR-040/RJ;Sul;Choque - Objeto Fixo;1;;;;;;;;;;1;;;;
28/03/2015;01:44:00;3940;sem vítima;108;BR-040/RJ;Sul;Choque - Objeto Fixo;1;;;;;;;;;;1;;;;
28/03/2015;21:51:00;4073;com vítima;109;BR-040/RJ;Norte;Choque - Objeto Fixo;1;;;;;1;;;;;1;1;1;;
28/03/2015;17:40:00;4048;sem vítima;113;BR-040/RJ;Norte;Colisão Lateral;1;;1;;;;;;;;2;;;;
28/03/2015;23:53:00;4088;com vítima;114;BR-040/RJ;Sul;Capotamento;1;;;;;;;;;;0;1;;;
28/03/2015;16:22:00;4035;com vítima;790;BR-040/MG;Sul;Capotamento;1;;;;;;;;;;0;1;;;
28/03/2015;22:44:00;4078;com vítima;793;BR-040/MG;Norte;Capotamento;1;;;;;;;;;;0;1;;;
28/03/2015;02:15:00;3945;com vítima;809;BR-040/MG;Norte;Capotamento;1;;;;;;;;;;0;;1;;
28/03/2015;08:53:00;3978;com vítima;124;BR-040/RJ;Sul;Colisão Lateral;;;1;1;;;;;;;1;;;1;
29/03/2015;17:45:00;4192;sem vítima;11;BR-040/RJ;Norte;Choque - Objeto Fixo;1;;;;;;;;;;1;;;;
29/03/2015;20:29:00;4218;sem vítima;15;BR-040/RJ;Sul;Choque - Objeto Fixo;1;;;;;;;;;;1;;;;
29/03/2015;10:40:00;4132;com vítima;45;BR-040/RJ;Sul;Choque - Objeto Fixo;1;;;;;;;;;;0;2;;;
29/03/2015;17:37:00;4190;sem vítima;45;BR-040/RJ;Sul;Colisão Traseira;2;;;;;;;;;;2;;;;
29/03/2015;15:37:00;4170;com vítima;54;BR-040/RJ;Sul;Choque - Objeto Fixo;1;;;;;;;;;;0;5;;;
29/03/2015;20:36:00;4220;com vítima;56;BR-040/RJ;Norte;Choque - Objeto Fixo;1;;;;;;;;;;0;1;;;
29/03/2015;23:21:00;4248;sem vítima;75;BR-040/RJ;Sul;Derrapagem;1;;;;;;;;;;1;;;;
29/03/2015;22:45:00;4243;com vítima;79;BR-040/RJ;Norte;Choque - Objeto Fixo;1;;;;;;;;;;0;2;;;
29/03/2015;18:25:00;4202;sem vítima;84;BR-040/RJ;Sul;Colisão Traseira;2;;;;;;;;;;2;;;;
29/03/2015;16:23:00;4177;sem vítima;88;BR-040/RJ;Sul;Choque - Objeto Fixo;1;;;;;;;;;;1;;;;
29/03/2015;09:11:00;4118;sem vítima;92;BR-040/RJ;Norte;Choque - Objeto Fixo;1;;;;;;;;;;1;;;;
29/03/2015;15:46:00;4172;sem vítima;92;BR-040/RJ;Norte;Choque - Objeto Fixo;1;;;;;;;;;;1;;;;
29/03/2015;22:39:00;4239;sem vítima;93;BR-040/RJ;Norte;Choque - Objeto Fixo;1;;;;;;;;;;1;;;;
29/03/2015;21:23:00;4225;com vítima;101;BR-040/RJ;Sul;Atropelamento - Pedestre;1;1;;;;;;;;;0;;;2;
29/03/2015;20:08:00;4214;sem vítima;105;BR-040/RJ;Norte;Choque - Objeto Fixo;1;;;;;;;;;;1;;;;
29/03/2015;14:18:00;4162;sem vítima;108;BR-040/RJ;Sul;Colisão Lateral;1;;;;1;;;;;;2;;;;
29/03/2015;20:05:00;4217;sem vítima;109;BR-040/RJ;Sul;Choque - Objeto Fixo;1;;;;;;;;;;1;;;;
29/03/2015;18:26:00;4199;sem vítima;111;BR-040/RJ;Norte;Choque - Objeto Fixo;1;;;;;;;;;;1;;;;
29/03/2015;23:07:00;4246;sem vítima;113;BR-040/RJ;Norte;Choque - Objeto Fixo;1;;;;;;;;;;1;;;;
29/03/2015;23:58:00;4089;sem vítima;114;BR-040/RJ;Sul;Choque - Objeto Fixo;1;;;;;;;;;;1;;;;
29/03/2015;15:43:00;4171;sem vítima;793;BR-040/MG;Sul;Choque - Objeto Fixo;1;;;;;;;;;;1;;;;
29/03/2015;03:34:00;4104;sem vítima;803;BR-040/MG;Norte;Choque - Objeto Fixo;1;;;;;;;;;;1;;;;
30/03/2015;14:36:00;4333;sem vítima;45;BR-040/RJ;Norte;Engavetamento;3;;;;;;;;;;3;;;;
30/03/2015;07:27:00;4281;com vítima;67;BR-040/RJ;Norte;Capotamento;1;;;;;;;;;;0;1;;;
30/03/2015;16:18:00;4349;sem vítima;92;BR-040/RJ;Norte;Choque - Objeto Fixo;1;;;;;;;;;;1;;;;
30/03/2015;19:22:00;4376;com vítima;113;BR-040/RJ;Sul;Engavetamento;5;;1;;;;;;;;4;3;;;
30/03/2015;15:40:00;4342;sem vítima;782;BR-040/MG;Sul;Capotamento;1;;;;;;;;;;1;;;;
30/03/2015;16:45:00;4357;sem vítima;786;BR-040/MG;Norte;Choque - Objeto Fixo;;;;;1;;;;;;1;;;;
30/03/2015;19:39:00;4380;com vítima;803;BR-040/MG;Sul;Choque - Objeto Fixo;;;1;;;;;;;;0;2;;;
30/03/2015;07:20:00;4279;com vítima;820;BR-040/MG;Sul;Queda de Moto;;;1;1;;;;;;;1;1;;;
30/03/2015;03:46:00;4256;com vítima;824;BR-040/MG;Sul;Choque - Objeto Fixo;1;;;;;;;;;;0;1;;;
31/03/2015;17:50:00;4501;sem vítima;1;BR-040/RJ;Norte;Choque - Objeto Fixo;1;;;;;;;;;;1;;;;
31/03/2015;22:06:00;4523;sem vítima;103;BR-040/RJ;Sul;Derrapagem;1;;;;;;;;;;1;;;;
31/03/2015;10:57:00;4451;com vítima;105;BR-040/RJ;Norte;Atropelamento - Pedestre;1;;;;;;;;;;1;;1;;
31/03/2015;15:45:00;4490;sem vítima;808;BR-040/MG;Norte;Choque - Objeto Fixo;;;1;;;;;;;;1;;;;
31/03/2015;09:00:00;4439;sem vítima;819;BR-040/MG;Norte;Choque - Objeto Fixo;1;;;;;;;;;;1;;;;
31/03/2015;06:20:00;4424;sem vítima;122;BR-040/RJ;Sul;Colisão Lateral;;;;1;;1;;;;;2;;;;
01/04/2015;13:01:00;55;sem vítima;38;BR-040/RJ;Norte;Choque - Objeto Fixo;;;1;;;;;;;;1;;;;
01/04/2015;08:32:00;26;com vítima;77;BR-040/RJ;Sul;Choque - Objeto Fixo;1;;;;;;;;;;0;3;;;
01/04/2015;12:34:00;53;com vítima;84;BR-040/RJ;Norte;Choque - Objeto Fixo;1;;;;;;;;;;0;1;;;
01/04/2015;05:49:00;17;sem vítima;85;BR-040/RJ;Sul;Choque - Objeto Fixo;1;;;;;;;;;;1;;;;
01/04/2015;05:48:00;18;sem vítima;92;BR-040/RJ;Sul;Colisão Lateral;1;;1;;;;;;;;2;;;;
01/04/2015;15:23:00;77;sem vítima;106;BR-040/RJ;Sul;Colisão Lateral;1;;;;1;;;;;;2;;;;
01/04/2015;10:05:00;40;com vítima;118;BR-040/RJ;Sul;Colisão Lateral;1;;;1;;;;;;;1;2;;;
01/04/2015;13:11:00;58;sem vítima;120;BR-040/RJ;Sul;Choque - Objeto Fixo;1;;;;;;;;;;1;;;;
01/04/2015;13:10:00;59;sem vítima;124;BR-040/RJ;Sul;Colisão Lateral;1;;;1;;;;;;;2;;;;
02/04/2015;03:50:00;167;sem vítima;62;BR-040/RJ;Sul;Choque - Objeto Fixo;1;;;;;;;;;;1;;;;
02/04/2015;08:54:00;199;sem vítima;77;BR-040/RJ;Sul;Choque - Objeto Fixo;1;;;;;;;;;;1;;;;
02/04/2015;09:25:00;205;com vítima;83;BR-040/RJ;Sul;Colisão Lateral;1;;1;;;;;;;;1;2;;;
02/04/2015;01:12:00;160;sem vítima;93;BR-040/RJ;Norte;Choque - Objeto Fixo;1;;;;;;;;;;1;;;;
02/04/2015;18:43:00;284;sem vítima;111;BR-040/RJ;Norte;Colisão Traseira;2;;;;;;;;;;2;;;;
02/04/2015;01:04:00;159;sem vítima;779;BR-040/MG;Sul;Choque - Objeto Fixo;1;;;;;;;;;;1;;;;
02/04/2015;17:59:00;278;com vítima;799;BR-040/MG;Norte;Capotamento;1;;;;;;;;;;0;1;;;
02/04/2015;03:02:00;163;com vítima;815;BR-040/MG;Sul;Choque - Objeto Fixo;1;;;;;;;;;;4;1;;;
02/04/2015;18:37:00;280;sem vítima;124;BR-040/RJ;Norte;Colisão Traseira;1;;1;;;;;;;;2;;;;
03/04/2015;04:40:00;341;com vítima;43;BR-040/RJ;Sul;Colisão Traseira;;;2;;;;;;;;2;1;;;
03/04/2015;21:18:00;436;com vítima;79;BR-040/RJ;Sul;Atropelamento - Pedestre;1;;;;;;;;;;1;;;1;
03/04/2015;08:18:00;359;sem vítima;86;BR-040/RJ;Norte;Derrapagem;1;;;;;;;;;;1;;;;
03/04/2015;06:33:00;348;sem vítima;109;BR-040/RJ;Sul;Engavetamento;2;;1;;;;;;;;3;;;;
03/04/2015;00:12:00;326;com vítima;122;BR-040/RJ;Sul;Queda de Moto;;;;1;;;;;;;0;1;;;
03/04/2015;04:24:00;338;com vítima;122;BR-040/RJ;Sul;Engavetamento;3;;;;;;;;;;2;1;;;
04/04/2015;03:55:00;452;sem vítima;88;BR-040/RJ;Sul;Choque - Objeto Fixo;1;;;;;;;;;;1;;;;
04/04/2015;23:28:00;565;sem vítima;105;BR-040/RJ;Norte;Colisão Transversal;2;;;;;;;;;;2;;;;
04/04/2015;18:45:00;540;sem vítima;109;BR-040/RJ;Sul;Engavetamento;3;;;;;;;;;;3;;;;
04/04/2015;19:15:00;546;sem vítima;109;BR-040/RJ;Sul;Colisão Lateral;2;;;;;;;;;;2;;;;
04/04/2015;21:10:00;555;com vítima;110;BR-040/RJ;Norte;Capotamento;1;;;;;;;;;;0;;1;;
04/04/2015;06:01:00;458;sem vítima;114;BR-040/RJ;Norte;Choque - Objeto Fixo;;;1;;;;;;;;1;;;;
04/04/2015;20:55:00;557;sem vítima;120;BR-040/RJ;Sul;Colisão Lateral;1;;;;;1;;;;;2;;;;
05/04/2015;18:20:00;671;com vítima;15;BR-040/RJ;Sul;Choque - Objeto Fixo;1;;;;;;;;;;0;2;;;
05/04/2015;18:47:00;673;com vítima;19;BR-040/RJ;Norte;Atropelamento - Pedestre;;1;;;;1;;;;;1;;;;1
05/04/2015;17:23:00;659;sem vítima;34;BR-040/RJ;Norte;Choque - Objeto Fixo;1;;;;;;;;;;1;;;;
05/04/2015;15:30:00;645;com vítima;84;BR-040/RJ;Sul;Colisão Traseira;3;;;;;;;;;;0;10;;;
05/04/2015;11:01:00;603;sem vítima;85;BR-040/RJ;Sul;Engavetamento;3;;;;;;;;;;3;;;;
05/04/2015;11:07:00;604;com vítima;89;BR-040/RJ;Sul;Queda de Moto;;;;1;;;;;;;0;1;;;
05/04/2015;23:31:00;711;sem vítima;90;BR-040/RJ;Norte;Choque - Objeto Fixo;1;;;;;;;;;;1;;;;
05/04/2015;03:30:00;575;sem vítima;102;BR-040/RJ;Norte;Choque - Objeto Fixo;1;;;;;1;;;;;2;;;;
05/04/2015;05:24:00;582;com vítima;107;BR-040/RJ;Norte;Queda de Moto;;;;1;;;;;;;0;2;1;;
05/04/2015;19:05:00;677;sem vítima;113;BR-040/RJ;Norte;Colisão Traseira;2;;;;;;;;;;2;;;;
05/04/2015;19:05:00;690;sem vítima;113;BR-040/RJ;Norte;Engavetamento;3;;;;;;;;;;3;;;;
05/04/2015;19:05:00;691;sem vítima;113;BR-040/RJ;Norte;Engavetamento;3;;;;;;;;;;3;;;;
05/04/2015;05:41:00;584;com vítima;114;BR-040/RJ;Sul;Queda de Moto;;;;1;;;;;;;0;;2;;
05/04/2015;18:36:00;672;sem vítima;824;BR-040/MG;Norte;Choque - Objeto Fixo;1;;;;;;;;;;1;;;;
05/04/2015;04:25:00;577;sem vítima;123;BR-040/RJ;Sul;Choque - Objeto Fixo;1;;;;;;;;;;1;;;;
06/04/2015;08:21:00;750;sem vítima;4;BR-040/RJ;Norte;Choque - Objeto Fixo;1;;;;;;;;;;1;;;;
06/04/2015;07:07:00;738;com vítima;6;BR-040/RJ;Norte;Capotamento;1;;;;;;;;;;0;1;;;
06/04/2015;16:48:00;820;sem vítima;31;BR-040/RJ;Norte;Choque - Objeto Fixo;1;;;;;;;;;;1;;;;
06/04/2015;08:07:00;748;sem vítima;62;BR-040/RJ;Sul;Choque - Objeto Fixo;1;;;;;;;;;;1;;;;
06/04/2015;07:36:00;744;sem vítima;72;BR-040/RJ;Norte;Choque - Objeto Fixo;1;;;;;;;;;;1;;;;
06/04/2015;07:09:00;739;com vítima;78;BR-040/RJ;Sul;Choque - Objeto Fixo;1;;;;;;;;;;0;2;;;
06/04/2015;01:13:00;719;sem vítima;81;BR-040/RJ;Norte;Choque - Objeto Fixo;1;;;;;;;;;;1;;;;
06/04/2015;14:33:00;802;com vítima;81;BR-040/RJ;Sul;Queda de Moto;;;;1;;;;;;;0;1;;;
06/04/2015;07:50:00;745;com vítima;82;BR-040/RJ;Sul;Queda de Moto;;;;1;;;;;;;0;1;;;
06/04/2015;14:28:00;800;sem vítima;107;BR-040/RJ;Sul;Engavetamento;1;;1;;;1;;;;;3;;;;
06/04/2015;21:36:00;856;sem vítima;110;BR-040/RJ;Norte;Colisão Traseira;2;;;;;;;;;;2;;;;
06/04/2015;12:00:00;782;sem vítima;111;BR-040/RJ;Sul;Colisão Traseira;1;;;;1;;;;;;2;;;;
06/04/2015;08:12:00;749;sem vítima;793;BR-040/MG;Sul;Choque - Objeto Fixo;1;;;;;;;;;;1;;;;
07/04/2015;15:32:00;944;sem vítima;74;BR-040/RJ;Sul;Choque - Objeto Fixo;1;;;;;;;;;;1;;;;
07/04/2015;21:21:00;992;com vítima;80;BR-040/RJ;Sul;Colisão Traseira;;;2;;;;;;;;0;3;;;
07/04/2015;01:08:00;874;sem vítima;86;BR-040/RJ;Norte;Derrapagem;1;;;;;;;;;;1;;;;
07/04/2015;11:22:00;918;sem vítima;91;BR-040/RJ;Norte;Choque - Objeto Fixo;1;;;;;;;;;;1;;;;
07/04/2015;15:16:00;940;com vítima;94;BR-040/RJ;Sul;Derrapagem;1;;;;;;;;;;0;1;;;
07/04/2015;15:23:00;952;com vítima;94;BR-040/RJ;Sul;Capotamento;1;;;;;;;;;;0;1;;;
07/04/2015;13:30:00;928;sem vítima;113;BR-040/RJ;Norte;Choque - Objeto Fixo;;;;;;1;;;;;1;;;;
08/04/2015;07:14:00;1019;com vítima;30;BR-040/RJ;Norte;Tombamento;;;1;;;;;;;;0;;1;;
09/04/2015;16:20:00;1252;com vítima;2;BR-040/RJ;Sul;Queda de Moto;;;;1;;;;;;;0;2;;;
09/04/2015;15:07:00;1244;com vítima;39;BR-040/RJ;Norte;Queda de Moto;;;;1;;;;;;;0;2;;;
09/04/2015;03:39:00;1155;sem vítima;40;BR-040/RJ;Norte;Atropelamento - Animal;1;;;;;;;;;;1;;;;
09/04/2015;20:01:00;1280;sem vítima;90;BR-040/RJ;Norte;Engavetamento;2;;;;;1;;;;;3;;;;
09/04/2015;14:04:00;1235;sem vítima;94;BR-040/RJ;Norte;Choque - Objeto Fixo;1;;;;;;;;;;1;;;;
09/04/2015;09:30:00;1201;com vítima;107;BR-040/RJ;Norte;Atropelamento - Pedestre;;;1;;;;;;;;1;;;;1
09/04/2015;13:19:00;1233;com vítima;109;BR-040/RJ;Norte;Choque - Objeto Fixo;1;;;;;;;;;;0;2;;;
09/04/2015;10:32:00;1207;com vítima;111;BR-040/RJ;Norte;Queda de Moto;;;;1;;;;;;;0;2;;;
09/04/2015;09:47:00;1196;sem vítima;121;BR-040/RJ;Sul;Colisão Traseira;1;;1;;;;;;;;2;;;;
10/04/2015;14:23:00;1375;sem vítima;94;BR-040/RJ;Sul;Choque - Objeto Fixo;1;;;;;;;;;;1;;;;
10/04/2015;20:58:00;1422;com vítima;110;BR-040/RJ;Sul;Colisão Traseira;2;;;;;;;;;;0;3;;;
11/04/2015;16:07:00;1525;sem vítima;78;BR-040/RJ;Sul;Queda de Moto;;;;1;;;;;;;1;;;;