data;horario;n_da_ocorrencia;tipo_de_ocorrencia;km;trecho;sentido;tipo_de_acidente;automovel;bicicleta;caminhao;moto;onibus;outros;tracao_animal;transporte_de_cargas_especiais;trator_maquinas;utilitarios;ilesos;levemente_feridos;moderadamente_feridos;gravemente_feridos;mortos
11/04/2015;08:05:00;1475;com vítima;103;BR-040/RJ;Sul;Capotamento;1;;;;;;;;;;0;1;;;
11/04/2015;12:12:00;1503;sem vítima;106;BR-040/RJ;Norte;Choque - Objeto Fixo;1;;;;;;;;;;1;;;;
11/04/2015;00:28:00;1443;sem vítima;108;BR-040/RJ;Sul;Choque - Objeto Fixo;1;;;;;;;;;;1;;;;
11/04/2015;14:52:00;1517;sem vítima;111;BR-040/RJ;Sul;Colisão Traseira;1;;;;;1;;;;;2;;;;
11/04/2015;04:50:00;1460;com vítima;113;BR-040/RJ;Norte;Colisão Traseira;1;;1;;;;;;;;0;3;2;;
11/04/2015;05:47:00;1464;sem vítima;113;BR-040/RJ;Norte;Colisão Traseira;2;;;;;;;;;;2;;;;
11/04/2015;12:37:00;1505;sem vítima;113;BR-040/RJ;Norte;Colisão Traseira;2;;;;;;;;;;2;;;;
11/04/2015;10:01:00;1489;com vítima;116;BR-040/RJ;Norte;Capotamento;1;;;;;;;;;;0;;1;;
12/04/2015;23:15:00;1693;sem vítima;26;BR-040/RJ;Norte;Choque - Objeto Fixo;1;;;;;;;;;;1;;;;
12/04/2015;18:26:00;1665;com vítima;51;BR-040/RJ;Norte;Atropelamento - Pedestre;;;;;;1;;;;;1;;1;;
12/04/2015;14:07:00;1635;com vítima;64;BR-040/RJ;Sul;Queda de Moto;;;;1;;;;;;;0;1;;;
12/04/2015;17:17:00;1658;com vítima;70;BR-040/RJ;Sul;Queda de Moto;;;;1;;;;;;;0;1;1;;
12/04/2015;16:18:00;1646;sem vítima;73;BR-040/RJ;Sul;Engavetamento;2;;;;;1;;;;;3;;;;
12/04/2015;00:30:00;1580;com vítima;93;BR-040/RJ;Sul;Capotamento;1;;;;;;;;;;0;2;;;
12/04/2015;00:42:00;1581;sem vítima;104;BR-040/RJ;Sul;Choque - Objeto Fixo;1;;;;;;;;;;1;;;;
12/04/2015;12:04:00;1631;sem vítima;810;BR-040/MG;Norte;Colisão Traseira;2;;;;;;;;;;2;;;;
12/04/2015;03:16:00;1592;com vítima;119;BR-040/RJ;Sul;Colisão Lateral;2;;;;;;;;;;0;3;;2;
13/04/2015;13:37:00;1761;sem vítima;89;BR-040/RJ;Sul;Choque - Objeto Fixo;1;;;;;;;;;;1;;;;
13/04/2015;01:17:00;1705;com vítima;104;BR-040/RJ;Norte;Colisão Lateral;1;;1;;;;;;;;1;;1;;
13/04/2015;15:46:00;1780;com vítima;111;BR-040/RJ;Sul;Tombamento;;;1;;;;;;;;0;1;;;
14/04/2015;08:41:00;1860;com vítima;77;BR-040/RJ;Sul;Tombamento;;;1;;;;;;;;0;;1;;
14/04/2015;14:01:00;1888;com vítima;105;BR-040/RJ;Norte;Atropelamento - Pedestre;1;;;;;;;;;;1;;;1;
14/04/2015;07:50:00;1852;com vítima;799;BR-040/MG;Norte;Engavetamento;3;;;1;;;;;;;2;2;1;;
14/04/2015;18:30:00;1922;com vítima;121;BR-040/RJ;Norte;Colisão Traseira;1;;;;1;;;;;;1;;;1;
14/04/2015;09:37:00;1863;sem vítima;124;BR-040/RJ;Norte;Colisão Lateral;;;2;;;;;;;;2;;;;
15/04/2015;15:23:00;2028;sem vítima;76;BR-040/RJ;Sul;Choque - Objeto Fixo;;;1;;;;;;;;1;;;;
15/04/2015;11:49:00;2000;sem vítima;80;BR-040/RJ;Sul;Choque - Objeto Fixo;1;;;;;;;;;;1;;;;
15/04/2015;15:53:00;2031;sem vítima;80;BR-040/RJ;Sul;Choque - Objeto Fixo;1;;;;;;;;;;1;;;;
15/04/2015;16:43:00;2038;sem vítima;102;BR-040/RJ;Norte;Colisão Lateral;1;;1;;;;;;;;2;;;;
15/04/2015;07:03:00;1973;com vítima;787;BR-040/MG;Norte;Capotamento;1;;;;;;;;;;0;1;;;
15/04/2015;16:33:00;2036;sem vítima;799;BR-040/MG;Sul;Colisão Lateral;2;;;;;;;;;;2;;;;
15/04/2015;19:41:00;2065;com vítima;827;BR-040/MG;Norte;Colisão Lateral;1;;1;;;;;;;;1;1;;;
15/04/2015;14:54:00;2016;com vítima;122;BR-040/RJ;Sul;Colisão Traseira;1;;;1;;;;;;;1;;1;;
15/04/2015;18:45:00;2061;sem vítima;123;BR-040/RJ;Norte;Colisão Lateral;1;;1;;;;;;;;2;;;;
16/04/2015;17:17:00;2190;com vítima;60;BR-040/RJ;Norte;Colisão Traseira;1;;;1;;;;;;;0;3;;;
16/04/2015;16:50:00;2188;com vítima;105;BR-040/RJ;Norte;Atropelamento - Pedestre;;;1;;;;;;;;1;;1;;
16/04/2015;11:35:00;2142;com vítima;113;BR-040/RJ;Norte;Colisão Lateral;;;;1;1;;;;;;0;1;;;1
16/04/2015;16:00:00;2183;sem vítima;799;BR-040/MG;Sul;Choque - Objeto Fixo;1;;;;;;;;;;1;;;;
17/04/2015;06:26:00;2244;com vítima;43;BR-040/RJ;Norte;Choque - Objeto Fixo;;;1;;;;;;;;0;1;;;
17/04/2015;14:50:00;2310;sem vítima;56;BR-040/RJ;Sul;Choque - Objeto Fixo;1;;;;;;;;;;1;;;;
17/04/2015;09:55:00;2265;com vítima;72;BR-040/RJ;Norte;Capotamento;1;;;;;;;;;;0;1;;;
17/04/2015;08:22:00;2256;sem vítima;92;BR-040/RJ;Norte;Choque - Objeto Fixo;1;;;;;;;;;;1;;;;
17/04/2015;12:42:00;2291;com vítima;96;BR-040/RJ;Sul;Colisão Traseira;;;2;;;;;;;;0;3;;;
17/04/2015;14:17:00;2301;sem vítima;109;BR-040/RJ;Norte;Colisão Traseira;2;;;;;;;;;;2;;;;
17/04/2015;18:09:00;2342;sem vítima;111;BR-040/RJ;Sul;Colisão Traseira;2;;;;;;;;;;2;;;;
17/04/2015;04:03:00;2235;com vítima;124;BR-040/RJ;Sul;Queda de Moto;;;;1;;;;;;;0;1;1;;
18/04/2015;19:45:00;2514;com vítima;61;BR-040/RJ;Norte;Capotamento;1;;;;;;;;;;0;1;;;
18/04/2015;12:01:00;2439;sem vítima;84;BR-040/RJ;Norte;Choque - Objeto Fixo;1;;;;;;;;;;1;;;;
18/04/2015;14:40:00;2458;sem vítima;102;BR-040/RJ;Norte;Colisão Lateral;1;;1;;;;;;;;2;;;;
18/04/2015;18:31:00;2501;com vítima;105;BR-040/RJ;Norte;Atropelamento - Pedestre;;;;;;1;;;;;1;1;;;
18/04/2015;04:21:00;2390;sem vítima;113;BR-040/RJ;Norte;Derrapagem;1;;;;;;;;;;1;;;;
18/04/2015;13:39:00;2453;com vítima;118;BR-040/RJ;Sul;Choque - Objeto Fixo;1;;;;;;;;;;0;1;;;
18/04/2015;09:02:00;2419;sem vítima;123;BR-040/RJ;Sul;Colisão Traseira;1;;1;;;;;;;;2;;;;
19/04/2015;04:07:00;2552;sem vítima;62;BR-040/RJ;Norte;Derrapagem;1;;;;;;;;;;1;;;;
19/04/2015;22:31:00;2663;sem vítima;73;BR-040/RJ;Sul;Queda de Moto;;;;1;;;;;;;1;;;;
19/04/2015;18:18:00;2635;com vítima;75;BR-040/RJ;Norte;Colisão Traseira;1;;;;1;;;;;;0;3;;;
19/04/2015;09:18:00;2574;com vítima;98;BR-040/RJ;Sul;Colisão Traseira;1;;1;;;;;;;;1;1;;;
19/04/2015;13:55:00;2604;com vítima;105;BR-040/RJ;Norte;Colisão Frontal;1;;;1;;;;;;;1;1;;;
19/04/2015;01:35:00;2546;com vítima;115;BR-040/RJ;Norte;Derrapagem;1;;;;;;;;;;0;1;;;
20/04/2015;21:03:00;2801;sem vítima;83;BR-040/RJ;Norte;Choque - Objeto Fixo;1;;;;;;;;;;1;;;;
20/04/2015;14:50:00;2757;sem vítima;90;BR-040/RJ;Norte;Choque - Objeto Fixo;1;;;;;1;;;;;2;;;;
20/04/2015;07:59:00;2710;sem vítima;91;BR-040/RJ;Sul;Choque - Objeto Fixo;1;;;;;;;;;;1;;;;
20/04/2015;12:50:00;2742;sem vítima;93;BR-040/RJ;Norte;Colisão Lateral;1;;1;;;;;;;;2;;;;
20/04/2015;10:40:00;2728;com vítima;101;BR-040/RJ;Norte;Colisão Traseira;2;;;;;;;;;;0;2;;;
20/04/2015;19:10:00;2792;sem vítima;104;BR-040/RJ;Norte;Colisão Lateral;2;;;;;;;;;;2;;;;
20/04/2015;17:38:00;2775;sem vítima;816;BR-040/MG;Norte;Colisão Traseira;1;;;;;1;;;;;2;;;;
20/04/2015;09:02:00;2720;com vítima;822;BR-040/MG;Norte;Colisão Traseira;1;;1;;;;;;;;1;3;;;
20/04/2015;23:33:00;2816;sem vítima;122;BR-040/RJ;Sul;Colisão Lateral;2;;;;;;;;;;2;;;;
21/04/2015;14:23:00;2877;com vítima;13;BR-040/RJ;Norte;Choque - Objeto Fixo;1;;;;;;;;;;0;2;;;
21/04/2015;13:42:00;2875;sem vítima;31;BR-040/RJ;Sul;Choque - Objeto Fixo;1;;;;;;;;;;1;;;;
21/04/2015;17:42:00;2915;com vítima;31;BR-040/RJ;Norte;Capotamento;1;;;;;;;;;;0;2;3;;
21/04/2015;22:24:00;2939;com vítima;37;BR-040/RJ;Norte;Choque - Objeto Fixo;1;;;;;;;;;;0;2;;;
21/04/2015;13:09:00;2871;com vítima;44;BR-040/RJ;Norte;Choque - Objeto Fixo;1;;;;;;;;;;0;3;1;;
21/04/2015;13:09:00;2872;com vítima;44;BR-040/RJ;Norte;Choque - Objeto Fixo;1;;;;;;;;;;0;2;;;
21/04/2015;09:29:00;2853;com vítima;53;BR-040/RJ;Norte;Queda de Moto;;;;1;;;;;;;0;;;;1
21/04/2015;01:35:00;2826;sem vítima;58;BR-040/RJ;Norte;Capotamento;1;;;;;;;;;;1;;;;
21/04/2015;15:40:00;2888;sem vítima;77;BR-040/RJ;Norte;Choque - Objeto Fixo;1;;;;;;;;;;1;;;;
21/04/2015;18:48:00;2921;com vítima;77;BR-040/RJ;Sul;Capotamento;1;;;;;;;;;;0;1;;;
21/04/2015;23:50:00;2952;sem vítima;93;BR-040/RJ;Sul;Choque - Objeto Fixo;1;;;;;;;;;;1;;;;
21/04/2015;17:52:00;2917;sem vítima;96;BR-040/RJ;Norte;Tombamento;;;1;;;;;;;;1;;;;
21/04/2015;23:50:00;2951;com vítima;114;BR-040/RJ;Sul;Choque - Objeto Fixo;1;;;;;;;;;;0;1;;;
21/04/2015;10:30:00;2859;com vítima;117;BR-040/RJ;Norte;Queda de Moto;;;;1;;;;;;;0;2;;;
21/04/2015;16:22:00;2894;com vítima;117;BR-040/RJ;Sul;Engavetamento;5;;;;;;;;;;4;1;;;
21/04/2015;10:58:00;2860;com vítima;799;BR-040/MG;Sul;Queda de Moto;;;;1;;;;;;;0;;1;;
21/04/2015;23:08:00;2945;com vítima;123;BR-040/RJ;Norte;Choque - Objeto Fixo;1;;;;;;;;;;0;1;;;
22/04/2015;08:27:00;2988;com vítima;4;BR-040/RJ;Sul;Capotamento;1;;;;;;;;;;0;3;;;
22/04/2015;07:33:00;2982;sem vítima;73;BR-040/RJ;Norte;Choque - Objeto Fixo;1;;;;;;;;;;1;;;;
22/04/2015;07:33:00;2983;sem vítima;73;BR-040/RJ;Norte;Choque - Objeto Fixo;1;;;;;;;;;;1;;;;
22/04/2015;23:19:00;3103;sem vítima;76;BR-040/RJ;Sul;Derrapagem;1;;;;;;;;;;1;;;;
22/04/2015;15:27:00;3037;sem vítima;78;BR-040/RJ;Sul;Choque - Objeto Fixo;1;;;;;;;;;;1;;;;
22/04/2015;20:17:00;3083;sem vítima;84;BR-040/RJ;Sul;Choque - Objeto Fixo;1;;;;;;;;;;1;;;;
22/04/2015;20:44:00;3088;sem vítima;86;BR-040/RJ;Norte;Derrapagem;1;;;;;;;;;;1;;;;
22/04/2015;07:24:00;2980;com vítima;90;BR-040/RJ;Norte;Choque - Objeto Fixo;1;;;;;;;;;;0;1;1;;
22/04/2015;05:17:00;2969;sem vítima;92;BR-040/RJ;Norte;Choque - Objeto Fixo;1;;;;;;;;;;1;;;;
22/04/2015;20:50:00;3089;sem vítima;92;BR-040/RJ;Norte;Choque - Objeto Fixo;1;;;;;;;;;;1;;;;
22/04/2015;00:38:00;2955;sem vítima;105;BR-040/RJ;Norte;Choque - Objeto Fixo;1;;;;;;;;;;1;;;;
22/04/2015;20:00:00;3082;sem vítima;109;BR-040/RJ;Norte;Colisão Traseira;1;;;;1;;;;;;2;;;;
22/04/2015;15:41:00;3040;com vítima;110;BR-040/RJ;Sul;Capotamento;1;;;;;;;;;;0;1;;;
22/04/2015;19:00:00;3076;sem vítima;110;BR-040/RJ;Sul;Colisão Traseira;;;;;1;1;;;;;2;;;;
22/04/2015;23:40:00;3104;com vítima;774;BR-040/MG;Sul;Atropelamento - Animal;1;;;;;;;;;;0;1;;;
22/04/2015;18:55:00;3074;sem vítima;782;BR-040/MG;Norte;Choque - Objeto Fixo;1;;;;;;;;;;1;;;;
22/04/2015;07:56:00;2985;com vítima;793;BR-040/MG;Sul;Choque - Objeto Fixo;1;;;;;;;;;;0;2;;;
22/04/2015;17:59:00;3063;com vítima;124;BR-040/RJ;Sul;Colisão Traseira;2;;;;;;;;;;1;2;;;
23/04/2015;17:18:00;3183;com vítima;53;BR-040/RJ;Sul;Colisão Lateral;;;;1;;1;;;;;1;1;;;
23/04/2015;15:01:00;3167;sem vítima;83;BR-040/RJ;Norte;Choque - Objeto Fixo;1;;;;;;;;;;1;;;;
23/04/2015;15:15:00;3169;sem vítima;84;BR-040/RJ;Norte;Choque - Objeto Fixo;1;;;;;;;;;;1;;;;
23/04/2015;15:31:00;3171;sem vítima;91;BR-040/RJ;Norte;Choque - Objeto Fixo;1;;;;;;;;;;1;;;;
23/04/2015;12:48:00;3154;sem vítima;109;BR-040/RJ;Norte;Colisão Lateral;1;;1;;;;;;;;2;;;;
23/04/2015;15:20:00;3168;com vítima;787;BR-040/MG;Norte;Tombamento;;;1;;;;;;;;0;1;;;
23/04/2015;19:10:00;3199;com vítima;122;BR-040/RJ;Norte;Queda de Moto;;;;1;;;;;;;0;;1;;
24/04/2015;09:28:00;3257;com vítima;49;BR-040/RJ;Sul;Colisão Traseira;2;;;;;;;;;;0;5;1;;
24/04/2015;13:02:00;3281;sem vítima;90;BR-040/RJ;Norte;Engavetamento;4;;;;;;;;;;4;;;;
24/04/2015;19:56:00;3338;sem vítima;99,002;BR-040/RJ;Norte;Colisão Traseira;;;1;;;1;;;;;2;;;;
24/04/2015;21:59:00;3351;sem vítima;103;BR-040/RJ;Norte;Colisão Lateral;1;;1;;;;;;;;2;;;;
24/04/2015;11:09:00;3269;sem vítima;113;BR-040/RJ;Norte;Colisão Lateral;1;;;;;1;;;;;2;;;;
24/04/2015;22:47:00;3352;com vítima;117;BR-040/RJ;Norte;Choque - Objeto Fixo;1;;;;;;;;;;0;;1;;
24/04/2015;23:00:00;3353;sem vítima;816;BR-040/MG;Norte;Colisão Traseira;1;;1;;;;;;;;2;;;;
24/04/2015;20:31:00;3340;sem vítima;121;BR-040/RJ;Norte;Colisão Traseira;2;;;;;;;;;;2;;;;
24/04/2015;11:12:00;3270;sem vítima;124;BR-040/RJ;Sul;Colisão Lateral;;;2;;;;;;;;2;;;;
24/04/2015;14:43:00;3286;sem vítima;125;BR-040/RJ;Sul;Engavetamento;1;;1;1;;;;;;;3;;;;
25/04/2015;12:26:00;3423;sem vítima;1;BR-040/RJ;Norte;Choque - Objeto Fixo;1;;;;;;;;;;1;;;;
25/04/2015;04:49:00;3381;com vítima;4;BR-040/RJ;Norte;Queda de Moto;;;;1;;;;;;;0;;;1;
25/04/2015;05:41:00;3386;sem vítima;59;BR-040/RJ;Sul;Choque - Objeto Fixo;1;;;;;;;;;;1;;;;
25/04/2015;14:56:00;3441;com vítima;64;BR-040/RJ;Norte;Colisão Traseira;3;;;;;;;;;;0;2;1;;
25/04/2015;16:39:00;3456;sem vítima;82;BR-040/RJ;Sul;Choque - Objeto Fixo;1;;;;;;;;;;1;;;;
25/04/2015;04:58:00;3383;com vítima;113;BR-040/RJ;Norte;Engavetamento;2;;1;;;;;;;;1;3;4;;
25/04/2015;06:32:00;3388;com vítima;801;BR-040/MG;Sul;Choque - Objeto Fixo;1;;;;;;;;;;0;1;;;
26/04/2015;19:16:00;3595;com vítima;40;BR-040/RJ;Sul;Colisão Traseira;;;;;1;1;;;;;1;1;;;
26/04/2015;13:29:00;3557;sem vítima;62;BR-040/RJ;Norte;Colisão Transversal;2;;;;;;;;;;2;;;;
26/04/2015;03:55:00;3519;com vítima;64;BR-040/RJ;Sul;Choque - Objeto Fixo;1;;;;;;;;;;0;;;;1
26/04/2015;01:19:00;3507;com vítima;72;BR-040/RJ;Norte;Choque - Objeto Fixo;1;;;;;;;;;;0;2;;;
26/04/2015;02:45:00;3514;com vítima;77;BR-040/RJ;Sul;Choque - Objeto Fixo;1;;;;;;;;;;0;1;;;
26/04/2015;15:02:00;3567;com vítima;101;BR-040/RJ;Norte;Colisão Frontal;1;;;1;;;;;;;1;;1;;
26/04/2015;04:25:00;3520;sem vítima;102;BR-040/RJ;Sul;Choque - Objeto Fixo;1;;;;;;;;;;1;;;;
26/04/2015;04:47:00;3523;sem vítima;102;BR-040/RJ;Sul;Choque - Objeto Fixo;1;;;;;;;;;;1;;;;
26/04/2015;16:56:00;3580;sem vítima;106;BR-040/RJ;Sul;Choque - Objeto Fixo;1;;;;;;;;;;1;;;;
27/04/2015;06:24:00;3641;com vítima;24;BR-040/RJ;Sul;Tombamento;;;1;;;;;;;;0;1;;;
27/04/2015;01:45:00;3630;sem vítima;69;BR-040/RJ;Sul;Choque - Objeto Fixo;1;;;;;1;;;;;2;;;;
27/04/2015;18:05:00;3726;sem vítima;93;BR-040/RJ;Norte;Colisão Traseira;1;;;;;1;;;;;2;;;;
27/04/2015;08:30:00;3659;com vítima;114;BR-040/RJ;Sul;Queda de Moto;;;;1;;;;;;;0;1;;;
27/04/2015;23:26:00;3754;com vítima;810;BR-040/MG;Sul;Colisão Traseira;;;2;;;;;;;;1;1;;;
28/04/2015;17:15:00;3870;sem vítima;104;BR-040/RJ;Norte;Choque - Objeto Fixo;;;1;;;;;;;;1;;;;
29/04/2015;17:25:00;4013;sem vítima;24;BR-040/RJ;Norte;Choque - Objeto Fixo;1;;;;;;;;;;1;;;;
29/04/2015;06:46:00;3936;com vítima;30;BR-040/RJ;Norte;Tombamento;;;1;;;;;;;;0;;1;;
29/04/2015;14:51:00;3984;sem vítima;32;BR-040/RJ;Sul;Choque - Objeto Fixo;1;;;;;;;;;;1;;;;
29/04/2015;09:12:00;3949;sem vítima;66;BR-040/RJ;Norte;Derrapagem;1;;;;;;;;;;1;;;;
29/04/2015;18:07:00;4018;sem vítima;71;BR-040/RJ;Norte;Colisão Traseira;1;;;;;1;;;;;2;;;;
29/04/2015;16:27:00;4001;com vítima;75;BR-040/RJ;Sul;Choque - Objeto Fixo;1;;;;;;;;;;0;1;;;
29/04/2015;19:43:00;4030;sem vítima;84;BR-040/RJ;Norte;Choque - Objeto Fixo;1;;;;;;;;;;1;;;;
29/04/2015;04:00:00;3922;sem vítima;85;BR-040/RJ;Sul;Choque - Objeto Fixo;1;;;;;;;;;;1;;;;
29/04/2015;21:05:00;4036;sem vítima;85;BR-040/RJ;Norte;Choque - Objeto Fixo;1;;;;;;;;;;1;;;;
29/04/2015;12:58:00;3973;sem vítima;102;BR-040/RJ;Sul;Colisão Traseira;1;;1;;;;;;;;2;;;;
29/04/2015;07:12:00;3940;sem vítima;114;BR-040/RJ;Sul;Capotamento;1;;;;;;;;;;1;;;;
29/04/2015;17:19:00;4010;com vítima;786;BR-040/MG;Norte;Choque - Objeto Fixo;1;;;;;;;;;;0;2;;;
29/04/2015;23:44:00;4051;sem vítima;120;BR-040/RJ;Norte;Colisão Lateral;;;2;;;;;;;;2;;;;
30/04/2015;16:50:00;4151;sem vítima;83;BR-040/RJ;Sul;Choque - Objeto Fixo;1;;;;;;;;;;1;;;;
30/04/2015;02:50:00;4061;sem vítima;85;BR-040/RJ;Sul;Choque - Objeto Fixo;;;1;;;;;;;;1;;;;
30/04/2015;14:57:00;4133;sem vítima;91;BR-040/RJ;Norte;Choque - Objeto Fixo;1;;;;;;;;;;1;;;;
30/04/2015;08:00:00;4077;sem vítima;93;BR-040/RJ;Norte;Choque - Objeto Fixo;1;;;;;;;;;;1;;;;
30/04/2015;08:10:00;4081;sem vítima;93;BR-040/RJ;Norte;Choque - Objeto Fixo;1;;;;;;;;;;1;;;;
30/04/2015;13:03:00;4121;sem vítima;94;BR-040/RJ;Norte;Queda de Moto;;;;1;;;;;;;1;;;;
30/04/2015;15:28:00;4141;sem vítima;94;BR-040/RJ;Sul;Choque - Objeto Fixo;;;1;;;;;;;;1;;;;
30/04/2015;13:50:00;4126;sem vítima;98;BR-040/RJ;Norte;Choque - Objeto Fixo;1;;;;;;;;;;1;;;;
30/04/2015;12:30:00;4120;sem vítima;105;BR-040/RJ;Norte;Colisão Lateral;;;1;;;1;;;;;2;;;;
30/04/2015;19:47:00;4176;sem vítima;110;BR-040/RJ;Norte;Colisão Lateral;1;;1;;;;;;;;2;;;;
30/04/2015;10:59:00;4104;sem vítima;784;BR-040/MG;Norte;Colisão Traseira;2;;;;;;;;;;2;;;;
30/04/2015;16:13:00;4148;sem vítima;790;BR-040/MG;Norte;Colisão Lateral;1;;1;;;;;;;;2;;;;
01/05/2015;06:28:00;13;com vítima;71;BR-040/RJ;Sul;Choque - Objeto Fixo;1;;;;;;;;;;0;1;;;
01/05/2015;09:41:00;34;com vítima;87;BR-040/RJ;Sul;Queda de Moto;;;;1;;;;;;;0;1;;;
01/05/2015;20:10:00;87;com vítima;104;BR-040/RJ;Norte;Colisão Traseira;2;;;;;;;;;;0;5;;;
01/05/2015;18:39:00;81;sem vítima;105;BR-040/RJ;Norte;Colisão Frontal;3;;;;;;;;;;3;;;;
01/05/2015;21:14:00;91;sem vítima;118;BR-040/RJ;Sul;Engavetamento;3;;;;;;;;;;3;;;;
02/05/2015;16:40:00;190;sem vítima;22;BR-040/RJ;Norte;Choque - Objeto Fixo;1;;;;;;;;;;1;;;;
02/05/2015;22:52:00;224;sem vítima;22;BR-040/RJ;Sul;Derrapagem;1;;;;;;;;;;1;;;;
02/05/2015;00:17:00;104;sem vítima;53;BR-040/RJ;Sul;Choque - Objeto Fixo;1;;;;;;;;;;1;;;;
02/05/2015;04:36:00;117;sem vítima;55;BR-040/RJ;Sul;Choque - Objeto Fixo;1;;;;;;;;;;1;;;;
02/05/2015;15:01:00;177;sem vítima;67;BR-040/RJ;Norte;Choque - Objeto Fixo;1;;;;;;;;;;1;;;;
02/05/2015;17:58:00;197;com vítima;109;BR-040/RJ;Sul;Colisão Traseira;;;;1;;1;;;;;1;1;;;
02/05/2015;08:21:00;133;sem vítima;111;BR-040/RJ;Sul;Colisão Traseira;2;;;;;;;;;;2;;;;
02/05/2015;10:01:00;144;com vítima;793;BR-040/MG;Norte;Choque - Objeto Fixo;1;;;;;;;;;;0;1;;;
02/05/2015;10:18:00;146;sem vítima;118;BR-040/RJ;Sul;Colisão Lateral;1;;1;;;;;;;;2;;;;
02/05/2015;07:41:00;129;sem vítima;810;BR-040/MG;Norte;Choque - Objeto Fixo;1;;;;;;;;;;1;;;;
03/05/2015;16:53:00;323;sem vítima;53;BR-040/RJ;Norte;Choque - Objeto Fixo;1;;;;;;;;;;1;;;;
03/05/2015;16:15:00;314;sem vítima;73;BR-040/RJ;Sul;Engavetamento;3;;;;;;;;;;3;;;;
03/05/2015;07:17:00;257;sem vítima;78;BR-040/RJ;Sul;Choque - Objeto Fixo;1;;;;;;;;;;1;;;;
03/05/2015;06:24:00;255;com vítima;95;BR-040/RJ;Sul;Choque - Objeto Fixo;1;;;;;;;;;;0;;2;;
03/05/2015;08:05:00;263;sem vítima;110;BR-040/RJ;Sul;Choque - Objeto Fixo;1;;;;;;;;;;1;;;;
03/05/2015;23:34:00;373;sem vítima;117;BR-040/RJ;Sul;Choque - Objeto Fixo;1;;;;;;;;;;1;;;;
03/05/2015;21:54:00;363;com vítima;821;BR-040/MG;Norte;Colisão Traseira;1;;1;;;;;;;;0;1;1;;
03/05/2015;08:43:00;264;com vítima;824;BR-040/MG;Norte;Choque - Objeto Fixo;1;;;;;;;;;;0;;1;;
03/05/2015;16:53:00;322;sem vítima;124;BR-040/RJ;Sul;Queda de Moto;;;;1;;;;;;;1;;;;
04/05/2015;07:39:00;415;com vítima;81;BR-040/RJ;Norte;Queda de Moto;;;;1;;;;;;;0;1;;;
04/05/2015;22:21:00;528;sem vítima;90;BR-040/RJ;Norte;Derrapagem;1;;;;;;;;;;1;;;;
04/05/2015;15:21:00;478;sem vítima;93;BR-040/RJ;Norte;Colisão Traseira;2;;;;;;;;;;2;;;;
04/05/2015;23:05:00;534;com vítima;93;BR-040/RJ;Sul;Capotamento;1;;;;;;;;;;0;4;;;
04/05/2015;23:55:00;538;com vítima;99;BR-040/RJ;Sul;Derrapagem;1;;;;;;;;;;0;5;;;
04/05/2015;16:41:00;486;sem vítima;105;BR-040/RJ;Norte;Colisão Traseira;2;;;;;;;;;;2;;;;
04/05/2015;04:06:00;397;com vítima;107;BR-040/RJ;Norte;Queda de Moto;;;;1;;;;;;;0;1;;;
04/05/2015;07:26:00;413;com vítima;118;BR-040/RJ;Sul;Queda de Moto;;;;1;;;;;;;0;1;;;
04/05/2015;14:16:00;468;com vítima;823;BR-040/MG;Norte;Capotamento;1;;;;;;;;;;3;2;;;
04/05/2015;08:52:00;423;com vítima;124;BR-040/RJ;Sul;Colisão Lateral;1;;;1;;;;;;;1;1;;;
05/05/2015;07:45:00;562;sem vítima;1;BR-040/RJ;Norte;Choque - Objeto Fixo;1;;;;;;;;;;1;;;;
05/05/2015;06:57:00;557;sem vítima;2;BR-040/RJ;Sul;Choque - Objeto Fixo;1;;;;;;;;;;1;;;;
05/05/2015;06:40:00;555;com vítima;34;BR-040/RJ;Norte;Queda de Moto;;;;1;;;;;;;0;1;;;
05/05/2015;22:43:00;664;com vítima;76;BR-040/RJ;Norte;Capotamento;1;;;;;;;;;;0;1;;;
05/05/2015;09:13:00;574;com vítima;78;BR-040/RJ;Sul;Choque - Objeto Fixo;1;;;;;;;;;;0;1;;;
05/05/2015;11:00:00;588;sem vítima;81;BR-040/RJ;Sul;Choque - Objeto Fixo;1;;;;;;;;;;1;;;;
05/05/2015;14:39:00;611;com vítima;90;BR-040/RJ;Norte;Choque - Objeto Fixo;1;;;;;;;;;;0;3;;;
05/05/2015;10:50:00;587;sem vítima;91;BR-040/RJ;Sul;Choque - Objeto Fixo;1;;;;;;;;;;1;;;;
05/05/2015;05:46:00;553;sem vítima;116;BR-040/RJ;Norte;Colisão Traseira;1;;1;;;;;;;;2;;;;
05/05/2015;02:45:00;548;sem vítima;117;BR-040/RJ;Norte;Choque - Objeto Fixo;1;;;;;;;;;;1;;;;
05/05/2015;07:46:00;563;com vítima;785;BR-040/MG;Norte;Capotamento;1;;;;;;;;;;0;1;;;
05/05/2015;08:26:00;567;com vítima;786;BR-040/MG;Norte;Choque - Objeto Fixo;;;1;;;;;;;;0;1;;;
05/05/2015;11:32:00;592;sem vítima;790;BR-040/MG;Sul;Choque - Objeto Fixo;1;;;;;;;;;;1;;;;
05/05/2015;07:00:00;558;com vítima;807;BR-040/MG;Norte;Capotamento;1;;;;;;;;;;0;1;;;