data;horario;n_da_ocorrencia;tipo_de_ocorrencia;km;trecho;sentido;tipo_de_acidente;automovel;bicicleta;caminhao;moto;onibus;outros;tracao_animal;transporte_de_cargas_especiais;trator_maquinas;utilitarios;ilesos;levemente_feridos;moderadamente_feridos;gravemente_feridos;mortos
05/05/2015;10:05:00;580;sem vítima;121;BR-040/RJ;Sul;Colisão Traseira;1;;;;1;;;;;;2;;;;
05/05/2015;18:00:00;639;com vítima;122;BR-040/RJ;Sul;Capotamento;1;;;;;;;;;;0;;1;;
06/05/2015;17:15:00;759;com vítima;32;BR-040/RJ;Norte;Capotamento;1;;;;;;;;;;0;1;;;
06/05/2015;15:07:00;733;sem vítima;78;BR-040/RJ;Sul;Choque - Objeto Fixo;1;;;;;;;;;;1;;;;
06/05/2015;19:57:00;788;sem vítima;80;BR-040/RJ;Norte;Colisão Traseira;;;2;;;;;;;;2;;;;
06/05/2015;12:04:00;718;sem vítima;82;BR-040/RJ;Sul;Choque - Objeto Fixo;1;;;;;;;;;;1;;;;
06/05/2015;16:19:00;750;com vítima;110;BR-040/RJ;Sul;Engavetamento;3;;1;;;;;;;;3;2;1;;
06/05/2015;15:32:00;739;sem vítima;793;BR-040/MG;Sul;Choque - Objeto Fixo;1;;;;;;;;;;1;;;;
07/05/2015;18:43:00;918;com vítima;67;BR-040/RJ;Norte;Capotamento;1;;;;;;;;;;0;5;;;1
07/05/2015;15:15:00;882;sem vítima;109;BR-040/RJ;Norte;Choque - Objeto Fixo;1;;;;;;;;;;1;;;;
07/05/2015;00:27:00;808;sem vítima;111;BR-040/RJ;Sul;Choque - Objeto Fixo;1;;;;;;;;;;1;;;;
07/05/2015;22:22:00;940;com vítima;123;BR-040/RJ;Sul;Colisão Traseira;1;;1;;;;;;;;0;1;;1;
08/05/2015;21:48:00;1091;com vítima;4;BR-040/RJ;Sul;Choque - Objeto Fixo;1;;;;;;;;;;0;4;;;
08/05/2015;14:33:00;1018;sem vítima;62;BR-040/RJ;Sul;Colisão Lateral;1;;1;;;;;;;;2;;;;
08/05/2015;22:37:00;1098;com vítima;73;BR-040/RJ;Norte;Atropelamento - Pedestre;1;;;;;;;;;;0;1;1;;
08/05/2015;00:15:00;945;sem vítima;77;BR-040/RJ;Sul;Choque - Objeto Fixo;1;;;;;;;;;;1;;;;
08/05/2015;19:48:00;1071;sem vítima;77;BR-040/RJ;Sul;Choque - Objeto Fixo;1;;;;;;;;;;1;;;;
08/05/2015;17:25:00;1049;com vítima;84;BR-040/RJ;Sul;Capotamento;1;;;;;;;;;;0;1;;;
08/05/2015;09:29:00;979;sem vítima;92;BR-040/RJ;Sul;Choque - Objeto Fixo;1;;;;;;;;;;1;;;;
08/05/2015;14:45:00;1021;sem vítima;105;BR-040/RJ;Norte;Colisão Frontal;2;;;;;;;;;;2;;;;
08/05/2015;17:41:00;1052;com vítima;111;BR-040/RJ;Norte;Colisão Traseira;2;;;;;;;;;;1;1;;;
08/05/2015;19:01:00;1066;sem vítima;112;BR-040/RJ;Norte;Queda de Moto;;;;1;;;;;;;1;;;;
08/05/2015;21:07:00;1090;com vítima;113;BR-040/RJ;Norte;Queda de Moto;;;;1;;;;;;;0;1;1;;
08/05/2015;16:28:00;1035;sem vítima;117;BR-040/RJ;Norte;Colisão Traseira;2;;;;;;;;;;2;;;;
08/05/2015;07:40:00;970;sem vítima;120;BR-040/RJ;Sul;Colisão Lateral;1;;1;;;;;;;;2;;;;
08/05/2015;11:56:00;1004;sem vítima;122;BR-040/RJ;Sul;Colisão Lateral;1;;1;;;;;;;;2;;;;
08/05/2015;16:50:00;1038;com vítima;122;BR-040/RJ;Norte;Colisão Transversal;1;;;1;;;;;;;1;1;;;
09/05/2015;11:46:00;1151;sem vítima;81;BR-040/RJ;Norte;Colisão Traseira;;;2;;;;;;;;2;;;;
09/05/2015;14:42:00;1177;sem vítima;105;BR-040/RJ;Norte;Engavetamento;3;;;;;;;;;;3;;;;
09/05/2015;20:05:00;1215;com vítima;110;BR-040/RJ;Sul;Atropelamento - Pedestre;1;;;;;;;;;;1;;;;1
10/05/2015;01:37:00;1242;sem vítima;30;BR-040/RJ;Sul;Choque - Objeto Fixo;1;;;;;;;;;;1;;;;
10/05/2015;11:55:00;1290;sem vítima;70;BR-040/RJ;Norte;Colisão Traseira;2;;;;;;;;;;2;;;;
10/05/2015;22:04:00;1363;sem vítima;85;BR-040/RJ;Sul;Choque - Objeto Fixo;1;;;;;;;;;;1;;;;
10/05/2015;10:10:00;1275;sem vítima;101;BR-040/RJ;Sul;Colisão Traseira;1;;1;;;;;;;;2;;;;
10/05/2015;08:46:00;1268;com vítima;108;BR-040/RJ;Sul;Queda de Moto;;;;1;;;;;;;0;1;;;
10/05/2015;04:41:00;1252;com vítima;113;BR-040/RJ;Sul;Queda de Moto;1;;;;;;;;;;0;1;;;
10/05/2015;02:36:00;1247;sem vítima;790;BR-040/MG;Norte;Derrapagem;1;;;;;;;;;;1;;;;
11/05/2015;06:49:00;1408;com vítima;30;BR-040/RJ;Norte;Colisão Traseira;2;;;;;;;;;;0;3;;;
11/05/2015;01:04:00;1381;com vítima;32;BR-040/RJ;Norte;Choque - Objeto Fixo;1;;;;;;;;;;0;1;;;
11/05/2015;07:57:00;1418;com vítima;34;BR-040/RJ;Norte;Choque - Objeto Fixo;1;;;;;;;;;;0;1;;;
11/05/2015;14:13:00;1454;com vítima;91;BR-040/RJ;Norte;Queda de Moto;;;;1;;;;;;;0;1;;;
11/05/2015;13:52:00;1451;sem vítima;93;BR-040/RJ;Norte;Choque - Objeto Fixo;1;;;;;;;;;;1;;;;
11/05/2015;14:31:00;1458;sem vítima;94;BR-040/RJ;Norte;Choque - Objeto Fixo;1;;;;;;;;;;1;;;;
11/05/2015;01:22:00;1384;sem vítima;96;BR-040/RJ;Norte;Choque - Objeto Fixo;1;;;;;;;;;;1;;;;
11/05/2015;13:35:00;1449;sem vítima;109;BR-040/RJ;Sul;Choque - Objeto Fixo;;;1;;;;;;;;1;;;;
11/05/2015;18:40:00;1488;sem vítima;110;BR-040/RJ;Norte;Colisão Traseira;1;;;;;1;;;;;2;;;;
11/05/2015;07:23:00;1413;sem vítima;812;BR-040/MG;Norte;Choque - Objeto Fixo;1;;;;;;;;;;1;;;;
11/05/2015;07:39:00;1416;sem vítima;823;BR-040/MG;Norte;Choque - Objeto Fixo;1;;;;;;;;;;1;;;;
12/05/2015;20:21:00;1638;com vítima;78;BR-040/RJ;Sul;Capotamento;1;;;;;;;;;;0;1;;;
12/05/2015;16:14:00;1605;com vítima;96;BR-040/RJ;Norte;Tombamento;;;1;;;;;;;;0;1;;;
12/05/2015;21:23:00;1642;sem vítima;98;BR-040/RJ;Norte;Choque - Objeto Fixo;1;;;;;;;;;;1;;;;
12/05/2015;16:30:00;1608;com vítima;109;BR-040/RJ;Norte;Colisão Traseira;;;1;;1;;;;;;1;3;;;
12/05/2015;18:11:00;1620;sem vítima;114;BR-040/RJ;Norte;Engavetamento;2;;;;;1;;;;;3;;;;
12/05/2015;16:20:00;1606;sem vítima;119;BR-040/RJ;Norte;Colisão Traseira;1;;;;;1;;;;;2;;;;
12/05/2015;04:20:00;1529;sem vítima;121;BR-040/RJ;Sul;Colisão Traseira;2;;;;;;;;;;2;;;;
13/05/2015;07:00:00;1671;sem vítima;5;BR-040/RJ;Norte;Choque - Objeto Fixo;1;;;;;;;;;;1;;;;
13/05/2015;20:02:00;1753;com vítima;59;BR-040/RJ;Sul;Atropelamento - Pedestre;1;;;;;;;;;;0;1;1;;1
13/05/2015;07:41:00;1675;sem vítima;77;BR-040/RJ;Sul;Choque - Objeto Fixo;1;;;;;;;;;;1;;;;
13/05/2015;09:50:00;1690;com vítima;82;BR-040/RJ;Sul;Choque - Objeto Fixo;1;;;;;;;;;;0;1;;;
13/05/2015;16:39:00;1734;com vítima;95;BR-040/RJ;Norte;Choque - Objeto Fixo;1;;;;;;;;;;0;1;;;
13/05/2015;05:43:00;1664;com vítima;105;BR-040/RJ;Norte;Atropelamento - Pedestre;;;;;;1;;;;;1;1;;;
13/05/2015;12:22:00;1706;com vítima;107;BR-040/RJ;Norte;Queda de Moto;;;;1;;;;;;;0;;1;;
13/05/2015;06:21:00;1666;sem vítima;118;BR-040/RJ;Sul;Colisão Frontal;;;1;;1;;;;;;2;;;;
13/05/2015;17:39:00;1743;sem vítima;121;BR-040/RJ;Sul;Colisão Lateral;1;;;;1;;;;;;2;;;;
14/05/2015;16:06:00;1859;sem vítima;3;BR-040/RJ;Norte;Derrapagem;1;;;;;;;;;;1;;;;
14/05/2015;10:55:00;1827;com vítima;84;BR-040/RJ;Sul;Colisão Traseira;1;;1;;;;;;;;1;1;;;
14/05/2015;11:06:00;1829;com vítima;84;BR-040/RJ;Sul;Capotamento;1;;;;;;;;;;0;1;;;
14/05/2015;06:37:00;1793;com vítima;94;BR-040/RJ;Sul;Tombamento;;;1;;;;;;;;0;1;;;
14/05/2015;19:08:00;1880;com vítima;107;BR-040/RJ;Norte;Colisão Traseira;2;;;;;;;;;;1;1;;;
14/05/2015;20:45:00;1885;sem vítima;122;BR-040/RJ;Sul;Colisão Traseira;2;;;;;;;;;;2;;;;
14/05/2015;18:32:00;1876;com vítima;124;BR-040/RJ;Sul;Colisão Lateral;2;;;;;;;;;;1;1;1;;
15/05/2015;12:53:00;1970;sem vítima;87;BR-040/RJ;Sul;Colisão Traseira;2;;;;;;;;;;2;;;;
15/05/2015;15:32:00;1989;sem vítima;94;BR-040/RJ;Sul;Colisão Traseira;2;;;;;;;;;;2;;;;
15/05/2015;07:33:00;1927;com vítima;105;BR-040/RJ;Norte;Choque - Objeto Fixo;1;;;;;;;;;;0;1;;;
15/05/2015;09:51:00;1949;sem vítima;122;BR-040/RJ;Sul;Colisão Lateral;1;;1;;;;;;;;2;;;;
16/05/2015;18:20:00;2169;com vítima;38;BR-040/RJ;Norte;Choque - Objeto Fixo;1;;;;;;;;;;0;;1;;
16/05/2015;12:51:00;2131;com vítima;84;BR-040/RJ;Sul;Queda de Moto;;;;1;;;;;;;0;1;;;
16/05/2015;21:39:00;2186;sem vítima;85;BR-040/RJ;Sul;Choque - Objeto Fixo;1;;;;;;;;;;1;;;;
16/05/2015;01:26:00;2060;com vítima;101;BR-040/RJ;Sul;Queda de Moto;;;;1;;;;;;;0;2;;;
16/05/2015;06:55:00;2088;com vítima;113;BR-040/RJ;Sul;Colisão Traseira;2;;;;;;;;;;1;2;;;
16/05/2015;06:36:00;2087;com vítima;787;BR-040/MG;Sul;Choque - Objeto Fixo;1;;;;;;;;;;0;1;;;
16/05/2015;03:42:00;2069;com vítima;805;BR-040/MG;Norte;Choque - Objeto Fixo;1;;;;;;;;;;0;;1;;
16/05/2015;05:25:00;2076;com vítima;120;BR-040/RJ;Sul;Choque - Objeto Fixo;1;;;;;;;;;;0;1;;;
16/05/2015;05:42:00;2079;com vítima;120;BR-040/RJ;Norte;Colisão Traseira;;;;1;;;;;;;0;1;;;
16/05/2015;05:30:00;2085;sem vítima;120;BR-040/RJ;Norte;Capotamento;1;;;;;;;;;;1;;;;
16/05/2015;20:37:00;2183;com vítima;120;BR-040/RJ;Sul;Choque - Objeto Fixo;1;;;;;;;;;;2;3;2;;
16/05/2015;12:16:00;2129;sem vítima;121;BR-040/RJ;Norte;Colisão Traseira;1;;1;;;;;;;;2;;;;
16/05/2015;17:47:00;2164;sem vítima;124;BR-040/RJ;Norte;Colisão Lateral;1;;;1;;;;;;;2;;;;
17/05/2015;20:30:00;2323;sem vítima;40;BR-040/RJ;Sul;Colisão Lateral;1;;1;;;;;;;;2;;;;
17/05/2015;06:13:00;2219;sem vítima;78;BR-040/RJ;Sul;Derrapagem;1;;;;;;;;;;1;;;;
17/05/2015;05:37:00;2214;sem vítima;82;BR-040/RJ;Sul;Choque - Objeto Fixo;1;;;;;;;;;;1;;;;
17/05/2015;16:35:00;2282;sem vítima;92;BR-040/RJ;Sul;Choque - Objeto Fixo;1;;;;;;;;;;1;;;;
17/05/2015;12:57:00;2247;com vítima;93;BR-040/RJ;Sul;Queda de Moto;;;;1;;;;;;;0;1;;;
17/05/2015;07:49:00;2226;com vítima;96;BR-040/RJ;Norte;Queda de Moto;;;;1;;;;;;;0;;1;;
17/05/2015;23:27:00;2335;com vítima;96;BR-040/RJ;Norte;Tombamento;;;1;;;;;;;;0;1;;;
17/05/2015;19:30:00;2314;com vítima;99;BR-040/RJ;Sul;Choque - Objeto Fixo;;;1;;;;;;;;0;;3;;
17/05/2015;02:51:00;2204;com vítima;102;BR-040/RJ;Norte;Queda de Moto;;;;;;1;;;;;0;1;;;
17/05/2015;15:20:00;2269;sem vítima;102;BR-040/RJ;Norte;Choque - Objeto Fixo;1;;;;;;;;;;1;;;;
17/05/2015;20:08:00;2319;sem vítima;105;BR-040/RJ;Norte;Colisão Frontal;2;;;;;;;;;;2;;;;
17/05/2015;18:55:00;2308;sem vítima;106;BR-040/RJ;Norte;Queda de Moto;;;;1;;;;;;;1;;;;
17/05/2015;18:41:00;2303;sem vítima;113;BR-040/RJ;Sul;Colisão Lateral;2;;;;;;;;;;2;;;;
18/05/2015;15:28:00;2413;sem vítima;43;BR-040/RJ;Sul;Choque - Objeto Fixo;1;;;;;;;;;;1;;;;
18/05/2015;09:38:00;2382;com vítima;113;BR-040/RJ;Norte;Capotamento;1;;;;;;;;;;0;;1;;
18/05/2015;20:20:00;2451;sem vítima;120;BR-040/RJ;Norte;Colisão Lateral;1;;;;1;;;;;;2;;;;
19/05/2015;06:14:00;2483;sem vítima;67;BR-040/RJ;Sul;Colisão Lateral;1;;1;;;;;;;;2;;;;
19/05/2015;19:08:00;2567;com vítima;89;BR-040/RJ;Sul;Tombamento;;;1;;;;;;;;0;3;;;
19/05/2015;20:35:00;2575;com vítima;104;BR-040/RJ;Norte;Colisão Frontal;2;;;;;;;;;;1;3;;;
19/05/2015;14:20:00;2533;com vítima;114;BR-040/RJ;Norte;Choque - Objeto Fixo;2;;;;;;;;;;1;1;;;
19/05/2015;08:14:00;2499;com vítima;815;BR-040/MG;Norte;Colisão Traseira;1;;;1;;;;;;;1;1;;;
19/05/2015;21:36:00;2578;sem vítima;125;BR-040/RJ;Sul;Colisão Lateral;1;;;;;1;;;;;2;;;;
20/05/2015;23:42:00;2747;sem vítima;99;BR-040/RJ;Norte;Colisão Lateral;1;;1;;;;;;;;2;;;;
20/05/2015;22:51:00;2742;com vítima;113;BR-040/RJ;Norte;Engavetamento;3;;;;;;;;;;2;;1;;
20/05/2015;09:46:00;2638;com vítima;773;BR-040/MG;Norte;Tombamento;;;1;;;;;;;;0;1;;;
20/05/2015;06:35:00;2615;com vítima;117;BR-040/RJ;Sul;Colisão Traseira;1;;;;1;;;;;;1;1;;;
20/05/2015;23:33:00;2749;sem vítima;121;BR-040/RJ;Norte;Colisão Traseira;1;;1;;;;;;;;2;;;;
20/05/2015;09:30:00;2635;sem vítima;122;BR-040/RJ;Sul;Colisão Lateral;;;1;;1;;;;;;2;;;;
21/05/2015;14:19:00;2838;sem vítima;45;BR-040/RJ;Norte;Colisão Lateral;1;;;;;1;;;;;2;;;;
21/05/2015;16:19:00;2847;sem vítima;82;BR-040/RJ;Sul;Choque - Objeto Fixo;1;;;;;;;;;;1;;;;
21/05/2015;09:33:00;2806;com vítima;106;BR-040/RJ;Sul;Colisão Frontal;1;;;1;;;;;;;1;;1;;
21/05/2015;00:10:00;2750;sem vítima;109;BR-040/RJ;Norte;Colisão Lateral;1;;1;;;;;;;;2;;;;
21/05/2015;14:07:00;2837;com vítima;109;BR-040/RJ;Norte;Colisão Lateral;1;;;1;;;;;;;1;1;;;
21/05/2015;14:47:00;2840;com vítima;116;BR-040/RJ;Norte;Queda de Moto;;;;1;;;;;;;0;1;;;
22/05/2015;13:39:00;2997;sem vítima;45;BR-040/RJ;Norte;Colisão Transversal;2;;;;;;;;;;2;;;;
22/05/2015;04:53:00;2917;sem vítima;78;BR-040/RJ;Sul;Choque - Objeto Fixo;1;;;;;;;;;;1;;;;
22/05/2015;18:58:00;3048;com vítima;91;BR-040/RJ;Sul;Atropelamento - Pedestre;;;;;;1;;;;;1;;1;;
22/05/2015;18:54:00;3046;sem vítima;94;BR-040/RJ;Sul;Choque - Objeto Fixo;1;;;;;;;;;;1;;;;
22/05/2015;09:20:00;2948;com vítima;98;BR-040/RJ;Sul;Colisão Lateral;;;2;;;;;;;;0;2;;;
22/05/2015;11:07:00;2970;com vítima;804;BR-040/MG;Sul;Capotamento;1;;;;;;;;;;0;;;;1
22/05/2015;05:31:00;2920;sem vítima;119;BR-040/RJ;Sul;Colisão Lateral;1;;;;;;;;;;1;;;;
22/05/2015;03:05:00;2911;sem vítima;120;BR-040/RJ;Norte;Choque - Objeto Fixo;1;;;;;;;;;;1;;;;
23/05/2015;07:02:00;3103;sem vítima;84;BR-040/RJ;Sul;Choque - Objeto Fixo;1;;;;;;;;;;1;;;;
23/05/2015;19:02:00;3169;sem vítima;104;BR-040/RJ;Norte;Colisão Frontal;1;;;1;;;;;;;2;;;;
23/05/2015;21:41:00;3188;com vítima;113;BR-040/RJ;Norte;Queda de Moto;;;;1;;;;;;;0;;1;;
23/05/2015;23:09:00;3192;com vítima;124;BR-040/RJ;Sul;Colisão Traseira;2;;;;;;;;;;1;1;;;
24/05/2015;06:46:00;3219;sem vítima;65;BR-040/RJ;Sul;Choque - Objeto Fixo;1;;;;;;;;;;1;;;;
24/05/2015;07:24:00;3223;com vítima;79;BR-040/RJ;Sul;Colisão Traseira;1;;1;;;;;;;;1;;;;1
24/05/2015;14:11:00;3250;sem vítima;91;BR-040/RJ;Sul;Choque - Objeto Fixo;1;;;;;;;;;;1;;;;
24/05/2015;11:54:00;3237;com vítima;104;BR-040/RJ;Norte;Colisão Lateral;2;;;;;;;;;;1;1;;;
24/05/2015;04:01:00;3212;sem vítima;824;BR-040/MG;Norte;Derrapagem;1;;;;;;;;;;1;;;;
24/05/2015;05:48:00;3218;sem vítima;120;BR-040/RJ;Norte;Derrapagem;1;;;;;;;;;;1;;;;
25/05/2015;14:32:00;3399;sem vítima;11;BR-040/RJ;Norte;Colisão Traseira;;;2;;;;;;;;2;;;;
25/05/2015;12:33:00;3383;com vítima;76;BR-040/RJ;Sul;Choque - Objeto Fixo;1;;;;;;;;;;0;3;;;
25/05/2015;16:51:00;3423;com vítima;82;BR-040/RJ;Sul;Choque - Objeto Fixo;;;1;;;;;;;;0;1;;;
25/05/2015;12:58:00;3385;com vítima;102;BR-040/RJ;Sul;Colisão Lateral;;;1;1;;;;;;;1;2;;;
25/05/2015;16:05:00;3413;sem vítima;110;BR-040/RJ;Norte;Colisão Lateral;;;;1;1;;;;;;2;;;;
25/05/2015;14:56:00;3404;com vítima;112;BR-040/RJ;Norte;Engavetamento;;;1;;2;1;;;;;3;2;;;
25/05/2015;03:17:00;3323;com vítima;118;BR-040/RJ;Sul;Capotamento;1;;;;;;;;;;0;1;;;
25/05/2015;12:26:00;3381;com vítima;118;BR-040/RJ;Sul;Queda de Moto;;;;1;;;;;;;0;1;;;
25/05/2015;07:01:00;3334;com vítima;120;BR-040/RJ;Sul;Colisão Lateral;1;;1;1;;;;;;;2;1;;;
26/05/2015;02:40:00;3467;sem vítima;86;BR-040/RJ;Norte;Derrapagem;1;;;;;;;;;;1;;;;
26/05/2015;16:09:00;3546;sem vítima;88;BR-040/RJ;Sul;Tombamento;;;1;;;;;;;;1;;;;
26/05/2015;11:42:00;3514;com vítima;105;BR-040/RJ;Sul;Atropelamento - Pedestre;;;;1;;;;;;;1;1;;;
26/05/2015;18:21:00;3571;sem vítima;105;BR-040/RJ;Norte;Colisão Traseira;2;;;;;;;;;;2;;;;
26/05/2015;21:14:00;3592;sem vítima;105;BR-040/RJ;Norte;Choque - Objeto Fixo;1;;;;;;;;;;1;;;;
26/05/2015;04:58:00;3471;com vítima;109;BR-040/RJ;Norte;Colisão Transversal;1;;1;;;;;;;;1;1;;;
26/05/2015;19:55:00;3586;sem vítima;795;BR-040/MG;Sul;Colisão Traseira;2;;;;;;;;;;2;;;;
26/05/2015;23:16:00;3603;sem vítima;795;BR-040/MG;Sul;Colisão Traseira;2;;;;;;;;;;2;;;;
26/05/2015;06:47:00;3477;com vítima;122;BR-040/RJ;Norte;Atropelamento - Pedestre;;1;;;1;;;;;;1;1;;;
27/05/2015;00:04:00;3610;sem vítima;14;BR-040/RJ;Norte;Derrapagem;1;;;;;;;;;;1;;;;
27/05/2015;15:56:00;3702;com vítima;76;BR-040/RJ;Sul;Queda de Moto;;;;1;;;;;;;0;;1;;
27/05/2015;12:13:00;3674;com vítima;110;BR-040/RJ;Sul;Choque - Objeto Fixo;1;;;;;;;;;;0;;1;;
27/05/2015;07:15:00;3628;com vítima;120;BR-040/RJ;Sul;Atropelamento - Animal;;;;1;;;;;;;0;2;;;
27/05/2015;15:05:00;3693;sem vítima;123;BR-040/RJ;Sul;Colisão Traseira;1;;1;;;;;;;;2;;;;
28/05/2015;13:14:00;3825;sem vítima;23;BR-040/RJ;Norte;Choque - Objeto Fixo;1;;;;;;;;;;1;;;;
28/05/2015;08:19:00;3788;sem vítima;102;BR-040/RJ;Sul;Colisão Traseira;1;;1;;;;;;;;2;;;;
28/05/2015;15:52:00;3853;sem vítima;110;BR-040/RJ;Norte;Colisão Traseira;1;;;;;1;;;;;2;;;;
28/05/2015;22:35:00;3896;com vítima;784;BR-040/MG;Sul;Colisão Traseira;1;;1;;;;;;;;1;1;;;
28/05/2015;16:55:00;3859;sem vítima;119;BR-040/RJ;Norte;Engavetamento;2;;;;1;;;;;;3;;;;
29/05/2015;08:19:00;3949;sem vítima;3;BR-040/RJ;Sul;Choque - Objeto Fixo;1;;;;;;;;;;1;;;;
29/05/2015;09:40:00;3956;com vítima;44;BR-040/RJ;Norte;Choque - Objeto Fixo;1;;;;;;;;;;0;1;;;
29/05/2015;08:32:00;3947;com vítima;72;BR-040/RJ;Norte;Capotamento;1;;;;;;;;;;0;2;;;
29/05/2015;08:20:00;3945;com vítima;78;BR-040/RJ;Sul;Choque - Objeto Fixo;1;;;;;;;;;;0;1;;;
29/05/2015;08:59:00;3950;com vítima;78;BR-040/RJ;Sul;Derrapagem;1;;;;;;;;;;0;1;;;
29/05/2015;07:32:00;3939;sem vítima;83;BR-040/RJ;Norte;Choque - Objeto Fixo;1;;;;;;;;;;1;;;;
29/05/2015;23:20:00;4039;sem vítima;89;BR-040/RJ;Sul;Derrapagem;;;1;;;;;;;;1;;;;
29/05/2015;07:11:00;3934;sem vítima;92;BR-040/RJ;Norte;Choque - Objeto Fixo;1;;;;;;;;;;1;;;;
29/05/2015;06:49:00;3932;sem vítima;93;BR-040/RJ;Sul;Choque - Objeto Fixo;1;;;;;;;;;;1;;;;
29/05/2015;03:36:00;3915;sem vítima;105;BR-040/RJ;Norte;Choque - Objeto Fixo;1;;;;;;;;;;1;;;;
29/05/2015;19:58:00;4020;sem vítima;109;BR-040/RJ;Sul;Colisão Frontal;1;;;;;1;;;;;2;;;;
29/05/2015;09:49:00;3958;sem vítima;778;BR-040/MG;Norte;Capotamento;1;;;;;;;;;;1;;;;
29/05/2015;09:08:00;3951;com vítima;783;BR-040/MG;Norte;Choque - Objeto Fixo;1;;;;;;;;;;0;1;;;
30/05/2015;16:15:00;4135;sem vítima;53;BR-040/RJ;Sul;Queda de Moto;;;;1;;;;;;;1;;;;
30/05/2015;04:24:00;4055;sem vítima;105;BR-040/RJ;Sul;Choque - Objeto Fixo;1;;;;;;;;;;1;;;;
30/05/2015;21:30:00;4173;com vítima;115;BR-040/RJ;Sul;Queda de Moto;;;;1;;;;;;;0;1;;;
30/05/2015;10:01:00;4097;com vítima;824;BR-040/MG;Sul;Choque - Objeto Fixo;1;;;;;;;;;;0;1;;;
30/05/2015;12:27:00;4108;sem vítima;120;BR-040/RJ;Sul;Colisão Traseira;1;;1;;;;;;;;2;;;;
31/05/2015;22:18:00;4281;com vítima;12;BR-040/RJ;Norte;Capotamento;1;;;;;;;;;;0;1;;;
31/05/2015;12:24:00;4219;sem vítima;45;BR-040/RJ;Sul;Colisão Traseira;2;;;;;;;;;;2;;;;
31/05/2015;14:56:00;4240;sem vítima;84;BR-040/RJ;Norte;Choque - Objeto Fixo;1;;;;;;;;;;1;;;;
31/05/2015;17:56:00;4256;sem vítima;84;BR-040/RJ;Norte;Choque - Objeto Fixo;1;;;;;;;;;;1;;;;
31/05/2015;19:19:00;4265;sem vítima;85;BR-040/RJ;Sul;Choque - Objeto Fixo;1;;;;;;;;;;1;;;;
31/05/2015;22:45:00;4285;sem vítima;91;BR-040/RJ;Norte;Choque - Objeto Fixo;1;;;;;;;;;;1;;;;
31/05/2015;22:19:00;4282;com vítima;101;BR-040/RJ;Norte;Choque - Objeto Fixo;;;;;;1;;;;;0;1;1;;
31/05/2015;19:16:00;4264;com vítima;102;BR-040/RJ;Sul;Choque - Objeto Fixo;1;;;;;;;;;;0;1;;;
31/05/2015;12:35:00;4220;sem vítima;105;BR-040/RJ;Norte;Colisão Transversal;2;;;;;;;;;;2;;;;
31/05/2015;02:36:00;4191;sem vítima;112;BR-040/RJ;Norte;Choque - Objeto Fixo;1;;;;;;;;;;1;;;;
31/05/2015;20:28:00;4276;sem vítima;113;BR-040/RJ;Norte;Colisão Traseira;2;;;;;;;;;;2;;;;
31/05/2015;00:57:00;4188;sem vítima;780;BR-040/MG;Norte;Choque - Objeto Fixo;1;;;;;;;;;;1;;;;
31/05/2015;18:06:00;4257;sem vítima;793;BR-040/MG;Sul;Choque - Objeto Fixo;1;;;;;;;;;;1;;;;
31/05/2015;07:52:00;4205;com vítima;123;BR-040/RJ;Norte;Choque - Objeto Fixo;;;;;1;;;;;;0;1;3;;
01/06/2015;02:02:00;9;com vítima;15;BR-040/RJ;Norte;Colisão Traseira;;;1;;1;;;;;;1;3;;;
01/06/2015;21:39:00;136;sem vítima;65;BR-040/RJ;Sul;Colisão Traseira;2;;;;;;;;;;2;;;;
01/06/2015;05:00:00;12;sem vítima;78;BR-040/RJ;Sul;Choque - Objeto Fixo;1;;;;;;;;;;1;;;;
01/06/2015;07:36:00;27;sem vítima;78;BR-040/RJ;Sul;Choque - Objeto Fixo;1;;;;;;;;;;1;;;;
01/06/2015;11:20:00;48;sem vítima;78;BR-040/RJ;Sul;Choque - Objeto Fixo;1;;;;;;;;;;1;;;;
01/06/2015;11:40:00;55;sem vítima;78;BR-040/RJ;Sul;Choque - Objeto Fixo;1;;;;;;;;;;1;;;;
01/06/2015;06:13:00;16;com vítima;84;BR-040/RJ;Norte;Choque - Objeto Fixo;1;;;;;;;;;;0;1;;;
01/06/2015;16:32:00;93;sem vítima;90;BR-040/RJ;Norte;Choque - Objeto Fixo;1;;;;;;;;;;1;;;;
01/06/2015;22:00:00;138;sem vítima;91;BR-040/RJ;Norte;Derrapagem;1;;;;;;;;;;1;;;;
01/06/2015;10:16:00;42;sem vítima;92;BR-040/RJ;Norte;Choque - Objeto Fixo;1;;;;;;;;;;1;;;;
01/06/2015;13:56:00;74;sem vítima;92;BR-040/RJ;Norte;Choque - Objeto Fixo;1;;;;;;;;;;1;;;;
01/06/2015;14:30:00;78;sem vítima;92;BR-040/RJ;Norte;Choque - Objeto Fixo;1;;;;;;;;;;1;;;;
01/06/2015;11:55:00;56;sem vítima;93;BR-040/RJ;Norte;Choque - Objeto Fixo;1;;;;;;;;;;1;;;;
01/06/2015;07:47:00;30;com vítima;109;BR-040/RJ;Norte;Choque - Objeto Fixo;1;;;;;;;;;;0;;1;;