data;horario;n_da_ocorrencia;tipo_de_ocorrencia;km;trecho;sentido;tipo_de_acidente;automovel;bicicleta;caminhao;moto;onibus;outros;tracao_animal;transporte_de_cargas_especiais;trator_maquinas;utilitarios;ilesos;levemente_feridos;moderadamente_feridos;gravemente_feridos;mortos
02/06/2015;23:22:00;285;sem vítima;55;BR-040/RJ;Norte;Choque - Objeto Fixo;1;;;;;;;;;;1;;;;
02/06/2015;08:11:00;189;sem vítima;91;BR-040/RJ;Norte;Choque - Objeto Fixo;1;;;;;;;;;;1;;;;
02/06/2015;15:41:00;234;com vítima;104;BR-040/RJ;Norte;Colisão Lateral;1;;;1;;;;;;;1;;1;;
02/06/2015;05:01:00;165;sem vítima;111;BR-040/RJ;Sul;Colisão Traseira;2;;;;;;;;;;2;;;;
02/06/2015;20:12:00;267;com vítima;822;BR-040/MG;Norte;Choque - Objeto Fixo;;;1;;;;;;;;0;1;;;
02/06/2015;20:35:00;270;sem vítima;121;BR-040/RJ;Norte;Colisão Frontal;2;;;;;;;;;;2;;;;
03/06/2015;05:41:00;309;sem vítima;0;BR-040/RJ;Norte;Derrapagem;1;;;;;;;;;;1;;;;
03/06/2015;15:15:00;378;sem vítima;87;BR-040/RJ;Norte;Colisão Traseira;1;;;;;1;;;;;2;;;;
03/06/2015;13:39:00;364;sem vítima;108;BR-040/RJ;Sul;Colisão Traseira;1;;;;1;;;;;;2;;;;
03/06/2015;18:06:00;401;sem vítima;111;BR-040/RJ;Norte;Engavetamento;4;;;;;;;;;;4;;;;
03/06/2015;14:53:00;373;sem vítima;824;BR-040/MG;Norte;Choque - Objeto Fixo;1;;;;;;;;;;1;;;;
03/06/2015;04:29:00;302;com vítima;123;BR-040/RJ;Norte;Choque - Objeto Fixo;1;;;;;;;;;;0;;1;;
03/06/2015;23:56:00;443;com vítima;123;BR-040/RJ;Sul;Capotamento;2;;;;;;;;;;0;4;;;
04/06/2015;20:33:00;560;com vítima;75;BR-040/RJ;Norte;Atropelamento - Pedestre;;;;;;1;;;;;1;;;1;
04/06/2015;05:51:00;460;sem vítima;109;BR-040/RJ;Sul;Colisão Traseira;2;;;;;;;;;;3;;;;
04/06/2015;00:40:00;444;com vítima;778;BR-040/MG;Sul;Capotamento;1;;;;;;;;;;0;;2;;
04/06/2015;07:37:00;465;sem vítima;805;BR-040/MG;Sul;Choque - Objeto Fixo;1;;;;;;;;;;1;;;;
05/06/2015;19:52:00;682;com vítima;55;BR-040/RJ;Sul;Choque - Objeto Fixo;1;;;;;;;;;;0;;1;;
05/06/2015;15:35:00;648;sem vítima;88;BR-040/RJ;Sul;Colisão Traseira;2;;;;;;;;;;2;;;;
05/06/2015;07:29:00;600;com vítima;92;BR-040/RJ;Norte;Queda de Moto;;;;1;;;;;;;0;1;;;
05/06/2015;01:59:00;580;com vítima;105;BR-040/RJ;Sul;Colisão Traseira;2;;;;;;;;;;1;1;;;
05/06/2015;17:39:00;667;com vítima;105;BR-040/RJ;Norte;Colisão Lateral;;;;1;;1;;;;;1;2;;;
05/06/2015;21:44:00;696;com vítima;115;BR-040/RJ;Norte;Queda de Moto;;;;1;;;;;;;0;2;;;
05/06/2015;21:07:00;693;com vítima;116;BR-040/RJ;Sul;Engavetamento;4;;;;;;;;;;4;2;;;
06/06/2015;05:00:00;724;sem vítima;78;BR-040/RJ;Sul;Choque - Objeto Fixo;1;;;;;;;;;;1;;;;
06/06/2015;15:11:00;795;com vítima;81;BR-040/RJ;Sul;Choque - Objeto Fixo;1;;;;;;;;;;0;;1;;
06/06/2015;07:11:00;735;com vítima;84;BR-040/RJ;Sul;Capotamento;1;;;;;;;;;;0;3;;;
06/06/2015;12:41:00;776;sem vítima;93;BR-040/RJ;Norte;Choque - Objeto Fixo;1;;;;;;;;;;1;;;;
06/06/2015;19:17:00;830;sem vítima;104;BR-040/RJ;Norte;Colisão Frontal;2;;;;;;;;;;2;;;;
06/06/2015;14:22:00;786;sem vítima;110;BR-040/RJ;Sul;Colisão Traseira;2;;;;;;;;;;2;;;;
06/06/2015;17:44:00;817;sem vítima;810;BR-040/MG;Norte;Colisão Transversal;2;;;;;;;;;;2;;;;
06/06/2015;23:27:00;853;com vítima;121;BR-040/RJ;Norte;Colisão Lateral;2;;;;;;;;;;1;1;;;
06/06/2015;10:09:00;762;com vítima;122;BR-040/RJ;Norte;Colisão Lateral;1;;1;;;;;;;;1;3;;;
07/06/2015;03:11:00;868;sem vítima;21;BR-040/RJ;Sul;Colisão Lateral;1;;1;;;;;;;;2;;;;
07/06/2015;11:20:00;915;com vítima;70;BR-040/RJ;Sul;Queda de Moto;;;;1;;;;;;;0;;;1;
07/06/2015;23:08:00;1028;sem vítima;82;BR-040/RJ;Norte;Derrapagem;1;;;;;;;;;;1;;;;
07/06/2015;13:35:00;930;sem vítima;90;BR-040/RJ;Norte;Choque - Objeto Fixo;1;;;;;;;;;;1;;;;
07/06/2015;01:36:00;865;sem vítima;99;BR-040/RJ;Norte;Choque - Objeto Fixo;1;;;;;;;;;;1;;;;
07/06/2015;05:42:00;877;sem vítima;104;BR-040/RJ;Norte;Capotamento;1;;;;;;;;;;1;;;;
07/06/2015;14:48:00;938;sem vítima;110;BR-040/RJ;Sul;Colisão Traseira;2;;;;;;;;;;2;;;;
08/06/2015;01:03:00;1043;com vítima;13;BR-040/RJ;Sul;Derrapagem;1;;;;;;;;;;0;1;;;
08/06/2015;07:52:00;1061;sem vítima;87;BR-040/RJ;Norte;Choque - Objeto Fixo;1;;;;;;;;;;1;;;;
08/06/2015;16:41:00;1133;sem vítima;99;BR-040/RJ;Norte;Choque - Objeto Fixo;1;;;;;;;;;;1;;;;
08/06/2015;18:11:00;1143;sem vítima;117;BR-040/RJ;Norte;Engavetamento;3;;;;;;;;;;3;;;;
08/06/2015;09:15:00;1076;com vítima;824;BR-040/MG;Norte;Capotamento;1;;;;;;;;;;0;3;;;
08/06/2015;16:20:00;1132;sem vítima;826;BR-040/MG;Norte;Choque - Objeto Fixo;1;;;;;;;;;;1;;;;
08/06/2015;14:37:00;1110;com vítima;120;BR-040/RJ;Sul;Colisão Lateral;1;;;1;;;;;;;1;1;;;
08/06/2015;05:10:00;1051;sem vítima;122;BR-040/RJ;Sul;Colisão Traseira;1;;;;;1;;;;;2;;;;
09/06/2015;19:33:00;1299;com vítima;32;BR-040/RJ;Sul;Colisão Lateral;;;2;;;;;;;;0;2;;;
09/06/2015;08:43:00;1222;sem vítima;101;BR-040/RJ;Norte;Colisão Transversal;1;;1;;;;;;;;2;;;;
09/06/2015;18:56:00;1296;com vítima;112;BR-040/RJ;Norte;Capotamento;1;;;;;;;;;;3;;1;1;
09/06/2015;15:16:00;1261;com vítima;113;BR-040/RJ;Norte;Colisão Lateral;2;;;;;;;;;;1;1;;;
09/06/2015;04:48:00;1198;com vítima;120;BR-040/RJ;Norte;Choque - Objeto Fixo;1;;;;;;;;;;0;1;;;
09/06/2015;07:56:00;1214;sem vítima;123;BR-040/RJ;Sul;Colisão Lateral;1;;;;1;;;;;;2;;;;
10/06/2015;03:10:00;1336;sem vítima;92;BR-040/RJ;Norte;Choque - Objeto Fixo;1;;;;;;;;;;1;;;;
10/06/2015;20:42:00;1441;sem vítima;101;BR-040/RJ;Sul;Choque - Objeto Fixo;1;;;;;;;;;;1;;;;
10/06/2015;20:12:00;1436;sem vítima;115;BR-040/RJ;Norte;Capotamento;1;;;;;;;;;;1;;;;
10/06/2015;17:55:00;1423;com vítima;777;BR-040/MG;Norte;Colisão Traseira;2;;;;;;;;;;1;1;;;
10/06/2015;18:16:00;1426;sem vítima;116;BR-040/RJ;Norte;Engavetamento;3;;;;;;;;;;3;;;;
10/06/2015;04:20:00;1339;com vítima;118;BR-040/RJ;Sul;Colisão Traseira;1;;;;;1;;;;;1;1;1;;
11/06/2015;08:02:00;1487;sem vítima;95;BR-040/RJ;Norte;Choque - Objeto Fixo;1;;;;;;;;;;1;;;;
11/06/2015;10:45:00;1514;sem vítima;97;BR-040/RJ;Sul;Colisão Traseira;;;2;;;;;;;;2;;;;
11/06/2015;16:49:00;1551;com vítima;105;BR-040/RJ;Sul;Choque - Objeto Fixo;1;;;;;;;;;;0;1;;;
11/06/2015;19:55:00;1582;com vítima;105;BR-040/RJ;Norte;Atropelamento - Pedestre;;;;;;1;;;;;1;;1;;
11/06/2015;04:02:00;1471;sem vítima;108;BR-040/RJ;Sul;Colisão Lateral;1;;1;;;;;;;;2;;;;
11/06/2015;01:11:00;1461;com vítima;812;BR-040/MG;Norte;Queda de Moto;;;;;;;;;;;0;1;;;
11/06/2015;06:56:00;1482;sem vítima;121;BR-040/RJ;Norte;Engavetamento;2;;1;;;;;;;;3;;;;
12/06/2015;21:50:00;1787;com vítima;32;BR-040/RJ;Norte;Colisão Traseira;2;;;;;;;;;;0;3;;;
12/06/2015;22:00:00;1789;com vítima;72;BR-040/RJ;Norte;Capotamento;1;;;;;;;;;;0;1;;;
12/06/2015;16:12:00;1733;sem vítima;78;BR-040/RJ;Sul;Choque - Objeto Fixo;1;;;;;;;;;;1;;;;
12/06/2015;17:26:00;1744;sem vítima;82;BR-040/RJ;Sul;Choque - Objeto Fixo;1;;;;;;;;;;1;;;;
12/06/2015;18:20:00;1755;com vítima;85;BR-040/RJ;Norte;Choque - Objeto Fixo;1;;;;;;;;;;0;1;;;
12/06/2015;18:24:00;1756;sem vítima;89;BR-040/RJ;Sul;Choque - Objeto Fixo;1;;;;;;;;;;1;;;;
12/06/2015;15:40:00;1725;com vítima;90;BR-040/RJ;Norte;Tombamento;1;;;;;;;;;;0;2;;;
12/06/2015;14:40:00;1712;sem vítima;91;BR-040/RJ;Norte;Choque - Objeto Fixo;1;;;;;;;;;;1;;;;
12/06/2015;18:57:00;1762;sem vítima;94;BR-040/RJ;Sul;Choque - Objeto Fixo;1;;;;;;;;;;1;;;;
12/06/2015;20:16:00;1778;com vítima;94;BR-040/RJ;Norte;Choque - Objeto Fixo;1;;;;;;;;;;0;4;;;
12/06/2015;19:41:00;1771;sem vítima;95;BR-040/RJ;Norte;Choque - Objeto Fixo;1;;;;;;;;;;1;;;;
12/06/2015;22:15:00;1790;sem vítima;95;BR-040/RJ;Norte;Choque - Objeto Fixo;1;;;;;;;;;;1;;;;
12/06/2015;18:50:00;1786;sem vítima;99;BR-040/RJ;Norte;Choque - Objeto Fixo;;;1;;;;;;;;1;;;;
12/06/2015;07:45:00;1637;sem vítima;104;BR-040/RJ;Norte;Engavetamento;3;;;;;;;;;;3;;;;
12/06/2015;19:34:00;1769;com vítima;105;BR-040/RJ;Norte;Colisão Frontal;1;;;1;;;;;;;1;1;;;
12/06/2015;11:00:00;1682;sem vítima;110;BR-040/RJ;Norte;Colisão Traseira;1;;1;;;;;;;;2;;;;
12/06/2015;14:13:00;1707;sem vítima;113;BR-040/RJ;Norte;Choque - Objeto Fixo;1;;;;;;;;;;1;;;;
12/06/2015;16:54:00;1738;sem vítima;118;BR-040/RJ;Norte;Colisão Traseira;1;;;;;1;;;;;2;;;;
12/06/2015;07:47:00;1638;sem vítima;120;BR-040/RJ;Sul;Colisão Traseira;1;;1;;;;;;;;2;;;;
12/06/2015;07:24:00;1633;sem vítima;121;BR-040/RJ;Sul;Colisão Lateral;2;;;;;;;;;;2;;;;
13/06/2015;11:20:00;1850;com vítima;75;BR-040/RJ;Norte;Queda de Moto;;;;1;;;;;;;0;1;;;
13/06/2015;00:36:00;1807;com vítima;84;BR-040/RJ;Sul;Capotamento;1;;;;;;;;;;0;2;;;
13/06/2015;01:04:00;1809;sem vítima;105;BR-040/RJ;Norte;Colisão Traseira;1;;;;;1;;;;;2;;;;
13/06/2015;04:48:00;1824;sem vítima;113;BR-040/RJ;Norte;Choque - Objeto Fixo;1;;;;;;;;;;1;;;;
13/06/2015;15:43:00;1884;sem vítima;113;BR-040/RJ;Norte;Colisão Traseira;2;;;;;;;;;;2;;;;
13/06/2015;15:17:00;1880;com vítima;120;BR-040/RJ;Sul;Choque - Objeto Fixo;1;;;;;;;;;;0;;1;;
14/06/2015;02:35:00;1945;com vítima;38;BR-040/RJ;Norte;Choque - Objeto Fixo;1;;;;;;;;;;0;2;;;
14/06/2015;12:37:00;1985;com vítima;75;BR-040/RJ;Norte;Choque - Objeto Fixo;1;;;;;;;;;;0;1;;;
14/06/2015;00:10:00;1935;sem vítima;84;BR-040/RJ;Norte;Choque - Objeto Fixo;1;;;;;;;;;;1;;;;
14/06/2015;06:05:00;1958;sem vítima;84,002;BR-040/RJ;Norte;Choque - Objeto Fixo;1;;;;;;;;;;1;;;;
14/06/2015;10:35:00;1972;com vítima;89;BR-040/RJ;Norte;Colisão Lateral;1;;;1;;;;;;;1;2;;;
14/06/2015;03:16:00;1947;sem vítima;90;BR-040/RJ;Sul;Derrapagem;1;;;;;;;;;;1;;;;
14/06/2015;20:39:00;2066;sem vítima;96;BR-040/RJ;Sul;Choque - Objeto Fixo;1;;;;;;;;;;1;;;;
14/06/2015;18:03:00;2046;sem vítima;117;BR-040/RJ;Norte;Colisão Traseira;1;;;;;1;;;;;2;;;;
14/06/2015;18:20:00;2051;com vítima;798;BR-040/MG;Sul;Queda de Moto;;;;1;;;;;;;0;1;;;
14/06/2015;18:11:00;2049;com vítima;119;BR-040/RJ;Norte;Colisão Traseira;2;;;1;;;;;;;1;3;;2;
14/06/2015;12:28:00;1982;sem vítima;124;BR-040/RJ;Sul;Choque - Objeto Fixo;1;;;;;;;;;;1;;;;
15/06/2015;02:45:00;2101;sem vítima;5;BR-040/RJ;Sul;Choque - Objeto Fixo;1;;;;;;;;;;1;;;;
15/06/2015;20:52:00;2231;com vítima;38;BR-040/RJ;Sul;Capotamento;1;;;;;;;;;;0;2;;;
15/06/2015;14:26:00;2176;sem vítima;91;BR-040/RJ;Norte;Tombamento;1;;;;;;;;;;1;;;;
15/06/2015;18:57:00;2216;sem vítima;93;BR-040/RJ;Norte;Choque - Objeto Fixo;1;;;;;;;;;;1;;;;
15/06/2015;10:03:00;2135;com vítima;98;BR-040/RJ;Norte;Queda de Moto;;;;1;;;;;;;0;;1;;
15/06/2015;17:45:00;2205;sem vítima;102;BR-040/RJ;Norte;Colisão Traseira;2;;;;;;;;;;2;;;;
15/06/2015;14:50:00;2183;com vítima;110;BR-040/RJ;Norte;Engavetamento;3;;1;;1;;;;;;3;2;;;
15/06/2015;18:38:00;2213;sem vítima;113;BR-040/RJ;Norte;Engavetamento;3;;;;;;;;;;3;;;;
15/06/2015;19:20:00;2219;com vítima;821;BR-040/MG;Norte;Colisão Traseira;1;;;;;1;;;;;1;2;;;
16/06/2015;17:09:00;2327;com vítima;3;BR-040/RJ;Sul;Choque - Objeto Fixo;1;;;;;;;;;;0;2;;;
16/06/2015;19:00:00;2344;sem vítima;92;BR-040/RJ;Norte;Choque - Objeto Fixo;1;;;;;;;;;;1;;;;
16/06/2015;12:53:00;2292;sem vítima;93;BR-040/RJ;Sul;Choque - Objeto Fixo;1;;;;;;;;;;1;;;;
16/06/2015;16:08:00;2314;sem vítima;93;BR-040/RJ;Sul;Choque - Objeto Fixo;1;;;;;;;;;;1;;;;
16/06/2015;15:21:00;2308;sem vítima;109;BR-040/RJ;Sul;Colisão Lateral;;;1;;;1;;;;;2;;;;
16/06/2015;08:57:00;2268;sem vítima;110;BR-040/RJ;Sul;Colisão Transversal;;;2;;;;;;;;2;;;;
16/06/2015;17:52:00;2335;sem vítima;110;BR-040/RJ;Norte;Colisão Lateral;1;;;;;1;;;;;2;;;;
16/06/2015;05:21:00;2255;sem vítima;114;BR-040/RJ;Sul;Engavetamento;3;;;;;;;;;;3;;;;
16/06/2015;05:21:00;2256;com vítima;114;BR-040/RJ;Sul;Engavetamento;2;;;;;2;;;;;3;1;;;
16/06/2015;20:14:00;2351;sem vítima;789;BR-040/MG;Norte;Choque - Objeto Fixo;1;;;;;;;;;;1;;;;
16/06/2015;21:10:00;2359;sem vítima;823;BR-040/MG;Norte;Choque - Objeto Fixo;1;;;;;;;;;;1;;;;
16/06/2015;16:35:00;2323;sem vítima;121;BR-040/RJ;Norte;Colisão Traseira;2;;;;;;;;;;2;;;;
16/06/2015;04:24:00;2253;com vítima;122;BR-040/RJ;Sul;Atropelamento - Pedestre;;;1;;;;;;;;1;;;;1
17/06/2015;06:03:00;2398;com vítima;80;BR-040/RJ;Norte;Colisão Lateral;;;;1;;1;;;;;1;1;;;
17/06/2015;13:17:00;2431;sem vítima;83;BR-040/RJ;Norte;Colisão Lateral;;;2;;;;;;;;2;;;;
17/06/2015;16:16:00;2451;sem vítima;85;BR-040/RJ;Norte;Colisão Traseira;1;;1;;;;;;;;2;;;;
17/06/2015;11:19:00;2424;sem vítima;89;BR-040/RJ;Sul;Tombamento;;;2;;;;;;;;2;;;;
17/06/2015;22:36:00;2486;com vítima;105;BR-040/RJ;Norte;Colisão Frontal;2;;;;;;;;;;0;;2;;
17/06/2015;15:14:00;2449;sem vítima;124;BR-040/RJ;Norte;Colisão Traseira;1;;1;;;;;;;;2;;;;
17/06/2015;19:19:00;2476;com vítima;124;BR-040/RJ;Norte;Colisão Lateral;;;;1;1;;;;;;1;;;;1
17/06/2015;20:26:00;2480;sem vítima;124;BR-040/RJ;Sul;Engavetamento;3;;;;;;;;;;3;;;;
18/06/2015;18:00:00;2611;sem vítima;55;BR-040/RJ;Norte;Colisão Lateral;1;;1;;;;;;;;2;;;;
18/06/2015;14:54:00;2577;com vítima;59;BR-040/RJ;Norte;Colisão Traseira;1;;1;;;;;;;;0;2;;;
18/06/2015;16:57:00;2599;com vítima;123;BR-040/RJ;Norte;Colisão Traseira;1;;;1;;1;;;;;2;1;;;
19/06/2015;16:03:00;2738;sem vítima;38;BR-040/RJ;Norte;Choque - Objeto Fixo;1;;;;;;;;;;1;;;;
19/06/2015;01:03:00;2648;sem vítima;73;BR-040/RJ;Norte;Derrapagem;;;1;;;;;;;;1;;;;
19/06/2015;10:19:00;2697;sem vítima;77;BR-040/RJ;Sul;Choque - Objeto Fixo;1;;;;;;;;;;1;;;;
19/06/2015;09:07:00;2690;com vítima;79;BR-040/RJ;Sul;Choque - Objeto Fixo;1;;;;;;;;;;0;1;;;
19/06/2015;09:24:00;2694;sem vítima;91;BR-040/RJ;Norte;Choque - Objeto Fixo;1;;;;;;;;;;1;;;;
19/06/2015;13:30:00;2719;sem vítima;91;BR-040/RJ;Norte;Choque - Objeto Fixo;1;;;;;;;;;;1;;;;
19/06/2015;20:56:00;2770;sem vítima;94;BR-040/RJ;Norte;Choque - Objeto Fixo;1;;;;;;;;;;1;;;;
19/06/2015;16:50:00;2747;sem vítima;97;BR-040/RJ;Sul;Colisão Traseira;;;1;;;1;;;;;2;;;;
19/06/2015;22:35:00;2778;com vítima;102;BR-040/RJ;Norte;Colisão Lateral;1;;1;;;;;;;;1;;1;;
19/06/2015;08:46:00;2686;com vítima;104;BR-040/RJ;Norte;Colisão Lateral;1;;;1;;;;;;;1;;1;;
19/06/2015;04:40:00;2658;sem vítima;113;BR-040/RJ;Norte;Choque - Objeto Fixo;1;;;;;;;;;;1;;;;
19/06/2015;09:37:00;2695;sem vítima;113;BR-040/RJ;Sul;Choque - Objeto Fixo;1;;;;;;;;;;1;;;;
19/06/2015;17:54:00;2752;com vítima;113;BR-040/RJ;Norte;Engavetamento;3;;;;;;;;;;2;1;;;
19/06/2015;12:19:00;2715;com vítima;118;BR-040/RJ;Sul;Choque - Objeto Fixo;;;1;;;;;;;;0;2;;;
19/06/2015;21:30:00;2775;sem vítima;824;BR-040/MG;Norte;Choque - Objeto Fixo;1;;;;;;;;;;1;;;;
19/06/2015;04:41:00;2659;com vítima;124;BR-040/RJ;Sul;Engavetamento;2;;1;;;;;;;;2;1;;;
19/06/2015;20:37:00;2767;sem vítima;124;BR-040/RJ;Sul;Choque - Objeto Fixo;1;;;;;;;;;;1;;;;
20/06/2015;07:17:00;2815;sem vítima;113;BR-040/RJ;Norte;Choque - Objeto Fixo;1;;;;;;;;;;1;;;;
20/06/2015;10:49:00;2841;sem vítima;123;BR-040/RJ;Norte;Choque - Objeto Fixo;1;;;;;;;;;;1;;;;
21/06/2015;11:59:00;2986;com vítima;15;BR-040/RJ;Norte;Colisão Traseira;1;;1;;;;;;;;1;3;;;
21/06/2015;19:07:00;3044;sem vítima;23;BR-040/RJ;Norte;Choque - Objeto Fixo;1;;;;;;;;;;1;;;;
21/06/2015;07:47:00;2966;com vítima;38;BR-040/RJ;Norte;Choque - Objeto Fixo;1;;;;;;;;;;0;2;;;
21/06/2015;20:29:00;3055;sem vítima;93;BR-040/RJ;Sul;Choque - Objeto Fixo;1;;;;;;;;;;1;;;;
21/06/2015;06:38:00;2957;com vítima;99;BR-040/RJ;Sul;Atropelamento - Pedestre;;;;;;1;;;;;1;1;;;
21/06/2015;11:34:00;2984;sem vítima;102;BR-040/RJ;Sul;Colisão Lateral;1;;;;;1;;;;;2;;;;
21/06/2015;21:48:00;3062;com vítima;104;BR-040/RJ;Sul;Colisão Traseira;1;;;;1;;;;;;1;1;;;
21/06/2015;00:26:00;2937;sem vítima;123;BR-040/RJ;Norte;Choque - Objeto Fixo;1;;;;;;;;;;1;;;;
21/06/2015;06:22:00;2955;com vítima;123;BR-040/RJ;Norte;Queda de Moto;;;;1;;;;;;;0;1;;;
22/06/2015;18:38:00;3195;sem vítima;39;BR-040/RJ;Norte;Choque - Objeto Fixo;1;;;;;;;;;;1;;;;
22/06/2015;07:38:00;3113;com vítima;58;BR-040/RJ;Norte;Choque - Objeto Fixo;1;;;;;;;;;;0;;;1;
22/06/2015;02:34:00;3084;sem vítima;74;BR-040/RJ;Norte;Choque - Objeto Fixo;1;;;;;;;;;;1;;;;
22/06/2015;07:05:00;3105;sem vítima;85;BR-040/RJ;Norte;Choque - Objeto Fixo;1;;;;;;;;;;1;;;;
22/06/2015;22:53:00;3219;com vítima;96;BR-040/RJ;Sul;Derrapagem;1;;;;;;;;;;0;1;;;
22/06/2015;08:33:00;3116;sem vítima;110;BR-040/RJ;Sul;Colisão Traseira;2;;;;;;;;;;2;;;;
22/06/2015;12:39:00;3142;sem vítima;817;BR-040/MG;Norte;Choque - Objeto Fixo;1;;;;;;;;;;1;;;;
23/06/2015;10:44:00;3279;sem vítima;63;BR-040/RJ;Sul;Choque - Objeto Fixo;1;;;;;;;;;;1;;;;
23/06/2015;05:40:00;3256;sem vítima;87;BR-040/RJ;Norte;Capotamento;1;;;;;;;;;;1;;;;
23/06/2015;14:46:00;3302;sem vítima;87;BR-040/RJ;Sul;Colisão Traseira;;;1;;;1;;;;;2;;;;
23/06/2015;02:50:00;3242;sem vítima;97;BR-040/RJ;Sul;Choque - Objeto Fixo;1;;;;;;;;;;1;;;;
23/06/2015;14:45:00;3301;com vítima;105;BR-040/RJ;Norte;Engavetamento;3;;;;;;;;;;2;1;;;
23/06/2015;17:09:00;3321;com vítima;109;BR-040/RJ;Norte;Colisão Traseira;1;;;1;;;;;;;1;2;;;
23/06/2015;00:42:00;3226;com vítima;113;BR-040/RJ;Sul;Choque - Objeto Fixo;1;;;;;;;;;;0;1;;;
23/06/2015;18:38:00;3334;sem vítima;114;BR-040/RJ;Norte;Colisão Traseira;1;;;;;1;;;;;2;;;;
23/06/2015;09:29:00;3272;com vítima;125;BR-040/RJ;Norte;Queda de Moto;;;;1;;;;;;;0;;1;;
24/06/2015;12:43:00;3434;sem vítima;31;BR-040/RJ;Norte;Choque - Objeto Fixo;1;;;;;;;;;;1;;;;
24/06/2015;12:14:00;3430;sem vítima;34;BR-040/RJ;Norte;Choque - Objeto Fixo;1;;;;;;;;;;1;;;;
24/06/2015;15:19:00;3460;com vítima;34;BR-040/RJ;Norte;Choque - Objeto Fixo;1;;;;;;;;;;0;3;;;
24/06/2015;17:15:00;3480;sem vítima;34;BR-040/RJ;Norte;Colisão Lateral;1;;1;;;;;;;;2;;;;
24/06/2015;15:37:00;3462;sem vítima;66;BR-040/RJ;Sul;Queda de Moto;;;;1;;;;;;;1;;;;
24/06/2015;15:35:00;3461;com vítima;72;BR-040/RJ;Norte;Capotamento;1;;;;;;;;;;0;1;;;
24/06/2015;17:13:00;3478;com vítima;72;BR-040/RJ;Norte;Choque - Objeto Fixo;1;;;;;;;;;;0;1;;;
24/06/2015;08:01:00;3400;sem vítima;77;BR-040/RJ;Sul;Choque - Objeto Fixo;1;;;;;;;;;;1;;;;
24/06/2015;09:15:00;3409;sem vítima;85;BR-040/RJ;Norte;Choque - Objeto Fixo;1;;;;;;;;;;1;;;;
24/06/2015;08:26:00;3406;sem vítima;99;BR-040/RJ;Norte;Choque - Objeto Fixo;1;;;;;;;;;;1;;;;
24/06/2015;01:12:00;3376;sem vítima;101;BR-040/RJ;Sul;Choque - Objeto Fixo;1;;;;;;;;;;1;;;;
24/06/2015;17:24:00;3482;com vítima;786;BR-040/MG;Sul;Capotamento;1;;;;;;;;;;0;1;;;
24/06/2015;21:24:00;3508;com vítima;799;BR-040/MG;Sul;Choque - Objeto Fixo;1;;;;;;;;;;0;1;;;
24/06/2015;16:39:00;3470;sem vítima;120;BR-040/RJ;Sul;Colisão Transversal;1;;1;;;;;;;;2;;;;
24/06/2015;08:06:00;3402;sem vítima;121;BR-040/RJ;Sul;Colisão Traseira;1;;1;;;;;;;;2;;;;
25/06/2015;16:21:00;3600;sem vítima;91;BR-040/RJ;Norte;Choque - Objeto Fixo;1;;;;;;;;;;1;;;;
25/06/2015;13:20:00;3577;com vítima;105;BR-040/RJ;Norte;Colisão Lateral;1;;;1;;;;;;;1;;1;1;
25/06/2015;13:41:00;3580;com vítima;105;BR-040/RJ;Norte;Atropelamento - Pedestre;;;;;;1;;;;;1;1;;;
25/06/2015;04:53:00;3531;com vítima;113;BR-040/RJ;Sul;Choque - Objeto Fixo;1;;;;;;;;;;0;;1;;
25/06/2015;18:28:00;3617;com vítima;117;BR-040/RJ;Norte;Tombamento;1;;1;;;1;;;;;1;3;;;
26/06/2015;23:13:00;3811;com vítima;69;BR-040/RJ;Norte;Capotamento;1;;;;;;;;;;0;;2;;
26/06/2015;04:58:00;3666;sem vítima;75;BR-040/RJ;Sul;Colisão Transversal;;;1;;;;;;;;1;;;;
26/06/2015;12:57:00;3725;com vítima;93;BR-040/RJ;Norte;Tombamento;1;;1;;;;;;;;0;1;1;;
26/06/2015;08:02:00;3683;com vítima;124;BR-040/RJ;Norte;Queda de Moto;;;;1;;;;;;;0;;1;;
27/06/2015;03:50:00;3833;com vítima;74;BR-040/RJ;Norte;Capotamento;1;;;;;;;;;;0;1;;;
27/06/2015;06:48:00;3845;com vítima;79;BR-040/RJ;Sul;Capotamento;1;;;;;;;;;;0;2;1;;
27/06/2015;06:54:00;3846;sem vítima;84;BR-040/RJ;Norte;Choque - Objeto Fixo;1;;;;;;;;;;1;;;;
27/06/2015;07:58:00;3855;com vítima;85;BR-040/RJ;Norte;Choque - Objeto Fixo;1;;;;;;;;;;0;2;;;
27/06/2015;11:24:00;3876;sem vítima;85;BR-040/RJ;Norte;Choque - Objeto Fixo;1;;;;;;;;;;1;;;;
27/06/2015;07:03:00;3847;sem vítima;91;BR-040/RJ;Sul;Choque - Objeto Fixo;1;;;;;;;;;;1;;;;
27/06/2015;13:44:00;3895;com vítima;91;BR-040/RJ;Sul;Capotamento;2;;;;;;;;;;1;;1;;
27/06/2015;07:06:00;3849;sem vítima;101;BR-040/RJ;Norte;Choque - Objeto Fixo;1;;;;;;;;;;1;;;;
27/06/2015;12:24:00;3887;sem vítima;108;BR-040/RJ;Sul;Queda de Moto;;;;1;;;;;;;1;;;;
27/06/2015;22:03:00;3955;sem vítima;113;BR-040/RJ;Norte;Colisão Lateral;1;;;;;1;;;;;2;;;;