data;horario;n_da_ocorrencia;tipo_de_ocorrencia;km;trecho;sentido;tipo_de_acidente;automovel;bicicleta;caminhao;moto;onibus;outros;tracao_animal;transporte_de_cargas_especiais;trator_maquinas;utilitarios;ilesos;levemente_feridos;moderadamente_feridos;gravemente_feridos;mortos
27/06/2015;00:13:00;3822;com vítima;789;BR-040/MG;Sul;Atropelamento - Animal;1;;;;;;;;;;0;2;;;
27/06/2015;18:12:00;3931;com vítima;804;BR-040/MG;Norte;Colisão Traseira;1;;;;;1;;;;;1;2;;;
27/06/2015;07:18:00;3852;sem vítima;812;BR-040/MG;Norte;Colisão Lateral;1;;;;1;;;;;;2;;;;
27/06/2015;14:05:00;3897;sem vítima;825;BR-040/MG;Sul;Choque - Objeto Fixo;1;;;;;;;;;;1;;;;
27/06/2015;07:14:00;3850;sem vítima;123;BR-040/RJ;Norte;Colisão Lateral;1;;1;;;;;;;;2;;;;
27/06/2015;23:21:00;3963;sem vítima;123;BR-040/RJ;Norte;Colisão Lateral;1;;;;1;;;;;;2;;;;
28/06/2015;07:19:00;4009;sem vítima;12;BR-040/RJ;Sul;Choque - Objeto Fixo;1;;;;;;;;;;1;;;;
28/06/2015;16:13:00;4064;sem vítima;97;BR-040/RJ;Sul;Queda de Moto;;;;1;;;;;;;1;;;;
28/06/2015;01:21:00;3982;com vítima;101;BR-040/RJ;Sul;Choque - Objeto Fixo;1;;;;;;;;;;0;2;;;
28/06/2015;11:41:00;4038;com vítima;103;BR-040/RJ;Sul;Colisão Traseira;1;;;1;;;;;;;1;1;;;
28/06/2015;08:16:00;4015;com vítima;783;BR-040/MG;Norte;Choque - Objeto Fixo;1;;;;;;;;;;0;3;;;
28/06/2015;07:30:00;4010;sem vítima;793;BR-040/MG;Sul;Choque - Objeto Fixo;1;;;;;;;;;;1;;;;
29/06/2015;21:25:00;4254;sem vítima;22;BR-040/RJ;Sul;Tombamento;;;1;;;;;;;;1;;;;
29/06/2015;14:50:00;4199;sem vítima;75;BR-040/RJ;Norte;Colisão Traseira;2;;;;;;;;;;2;;;;
29/06/2015;13:53:00;4190;sem vítima;108;BR-040/RJ;Norte;Colisão Traseira;2;;;;;;;;;;2;;;;
29/06/2015;19:02:00;4233;sem vítima;109;BR-040/RJ;Norte;Colisão Lateral;1;;;;1;;;;;;2;;;;
29/06/2015;14:22:00;4194;sem vítima;111;BR-040/RJ;Sul;Choque - Objeto Fixo;;;;;1;;;;;;1;;;;
29/06/2015;09:15:00;4161;com vítima;113;BR-040/RJ;Norte;Choque - Objeto Fixo;1;;;;;;;;;;0;1;;;
29/06/2015;10:54:00;4171;sem vítima;777;BR-040/MG;Norte;Choque - Objeto Fixo;1;;;;;;;;;;1;;;;
29/06/2015;17:11:00;4222;sem vítima;116;BR-040/RJ;Sul;Choque - Objeto Fixo;1;;;;;;;;;;1;;;;
29/06/2015;11:59:00;4180;com vítima;117;BR-040/RJ;Sul;Colisão Traseira;2;;;;;;;;;;0;4;;;
29/06/2015;16:08:00;4213;sem vítima;119;BR-040/RJ;Sul;Choque - Objeto Fixo;1;;;;;;;;;;1;;;;
29/06/2015;14:54:00;4200;sem vítima;124;BR-040/RJ;Sul;Queda de Moto;;;;1;;;;;;;1;;;;
30/06/2015;08:32:00;4304;sem vítima;112;BR-040/RJ;Norte;Capotamento;1;;;;;;;;;;1;;;;
30/06/2015;12:19:00;4324;sem vítima;119;BR-040/RJ;Sul;Engavetamento;1;;2;;;;;;;;3;;;;
30/06/2015;05:46:00;4287;sem vítima;124;BR-040/RJ;Sul;Colisão Traseira;1;;1;;;;;;;;2;;;;
01/07/2015;15:20:00;85;sem vítima;74;BR-040/RJ;Norte;Choque - Objeto Fixo;1;;;;;;;;;;1;;;;
01/07/2015;08:39:00;41;com vítima;98;BR-040/RJ;Sul;Colisão Traseira;2;;;;;;;;;;0;2;1;;
01/07/2015;12:15:00;63;com vítima;110;BR-040/RJ;Norte;Colisão Traseira;1;;1;;;;;;;;1;;1;;
01/07/2015;13:27:00;70;sem vítima;119;BR-040/RJ;Sul;Choque - Objeto Fixo;1;;;;;;;;;;1;;;;
01/07/2015;11:27:00;59;sem vítima;120;BR-040/RJ;Norte;Choque - Objeto Fixo;;;1;;;;;;;;1;;;;
02/07/2015;10:58:00;169;sem vítima;87;BR-040/RJ;Norte;Colisão Lateral;1;;;1;;;;;;;2;;;;
02/07/2015;08:04:00;151;sem vítima;91;BR-040/RJ;Norte;Choque - Objeto Fixo;1;;;;;;;;;;1;;;;
02/07/2015;19:29:00;220;com vítima;115;BR-040/RJ;Norte;Choque - Objeto Fixo;1;;;;;;;;;;0;2;;;
02/07/2015;19:28:00;219;com vítima;799;BR-040/MG;Norte;Queda de Moto;;;;1;;;;;;;0;1;;;
02/07/2015;13:00:00;183;sem vítima;121;BR-040/RJ;Norte;Choque - Objeto Fixo;1;;;;;;;;;;1;;;;
02/07/2015;08:56:00;155;com vítima;124;BR-040/RJ;Sul;Queda de Moto;;;;1;;;;;;;0;1;;;
03/07/2015;22:07:00;410;com vítima;96;BR-040/RJ;Sul;Choque - Objeto Fixo;1;;;;;;;;;;0;2;;;
03/07/2015;10:17:00;306;com vítima;104;BR-040/RJ;Norte;Colisão Traseira;;;1;;;1;;;;;1;1;;;
03/07/2015;16:43:00;360;sem vítima;105;BR-040/RJ;Norte;Choque - Objeto Fixo;1;;;;;;;;;;1;;;;
03/07/2015;18:32:00;376;sem vítima;110;BR-040/RJ;Norte;Colisão Traseira;2;;;;;;;;;;2;;;;
03/07/2015;19:02:00;382;sem vítima;112;BR-040/RJ;Norte;Colisão Traseira;2;;;;;;;;;;2;;;;
03/07/2015;01:45:00;247;sem vítima;791;BR-040/MG;Sul;Derrapagem;1;;;;;;;;;;1;;;;
03/07/2015;23:23:00;420;com vítima;118;BR-040/RJ;Norte;Colisão Frontal;;;;1;;1;;;;;1;1;;;
03/07/2015;14:15:00;336;sem vítima;810;BR-040/MG;Norte;Derrapagem;1;;;;;2;;;;;3;;;;
03/07/2015;17:39:00;372;sem vítima;811;BR-040/MG;Norte;Colisão Lateral;;;3;;;;;;;;3;;;;
04/07/2015;16:19:00;524;com vítima;55;BR-040/RJ;Sul;Choque - Objeto Fixo;1;;;;;;;;;;0;1;;;
04/07/2015;18:03:00;542;sem vítima;93;BR-040/RJ;Norte;Choque - Objeto Fixo;1;;;;;;;;;;1;;;;
04/07/2015;20:37:00;560;sem vítima;94;BR-040/RJ;Sul;Choque - Objeto Fixo;1;;;;;;;;;;1;;;;
04/07/2015;23:42:00;585;sem vítima;102;BR-040/RJ;Sul;Derrapagem;1;;;;;;;;;;1;;;;
04/07/2015;15:10:00;510;com vítima;106;BR-040/RJ;Norte;Choque - Objeto Fixo;1;;;;;;;;;;0;3;;;
04/07/2015;19:17:00;546;sem vítima;107;BR-040/RJ;Norte;Engavetamento;2;;;;;1;;;;;3;;;;
04/07/2015;11:15:00;479;sem vítima;109;BR-040/RJ;Sul;Engavetamento;3;;;;;;;;;;3;;;;
04/07/2015;19:22:00;548;sem vítima;794;BR-040/MG;Sul;Choque - Objeto Fixo;1;;;;;;;;;;1;;;;
04/07/2015;20:44:00;561;sem vítima;122;BR-040/RJ;Norte;Choque - Objeto Fixo;1;;;;;;;;;;1;;;;
05/07/2015;16:56:00;659;sem vítima;58;BR-040/RJ;Sul;Colisão Traseira;1;;;;;1;;;;;2;;;;
05/07/2015;07:41:00;610;sem vítima;59;BR-040/RJ;Sul;Capotamento;1;;;;;;;;;;1;;;;
05/07/2015;01:52:00;593;sem vítima;78;BR-040/RJ;Sul;Choque - Objeto Fixo;1;;;;;;;;;;1;;;;
05/07/2015;08:02:00;611;sem vítima;80;BR-040/RJ;Sul;Choque - Objeto Fixo;1;;;;;;;;;;1;;;;
05/07/2015;14:58:00;642;com vítima;82;BR-040/RJ;Sul;Queda de Moto;;;;1;;;;;;;0;;1;;
05/07/2015;20:20:00;696;com vítima;85;BR-040/RJ;Norte;Choque - Objeto Fixo;1;;;;;;;;;;0;4;;;
05/07/2015;18:48:00;683;com vítima;106;BR-040/RJ;Sul;Choque - Objeto Fixo;1;;;;;;;;;;0;2;;;
05/07/2015;11:24:00;625;sem vítima;113;BR-040/RJ;Norte;Capotamento;1;;;;;;;;;;1;;;;
05/07/2015;10:36:00;622;com vítima;780;BR-040/MG;Norte;Tombamento;;;1;;;;;;;;0;1;;;
06/07/2015;09:35:00;752;sem vítima;38;BR-040/RJ;Sul;Choque - Objeto Fixo;1;;;;;;;;;;1;;;;
06/07/2015;19:26:00;820;com vítima;56;BR-040/RJ;Norte;Colisão Traseira;;2;;1;;;;;;;1;;1;1;
06/07/2015;06:33:00;733;com vítima;120;BR-040/RJ;Sul;Queda de Moto;;;;1;;;;;;;0;1;;;
06/07/2015;03:37:00;717;sem vítima;122;BR-040/RJ;Sul;Choque - Objeto Fixo;1;;;;;;;;;;1;;;;
07/07/2015;14:33:00;918;com vítima;73;BR-040/RJ;Sul;Choque - Objeto Fixo;1;;;;;;;;;;0;1;;;
07/07/2015;06:44:00;870;sem vítima;110;BR-040/RJ;Sul;Colisão Traseira;2;;;;;;;;;;2;;;;
07/07/2015;08:08:00;880;sem vítima;113;BR-040/RJ;Sul;Colisão Traseira;2;;;;;;;;;;2;;;;
07/07/2015;23:33:00;989;com vítima;790;BR-040/MG;Sul;Atropelamento - Pedestre;1;;;;;;;;;;1;1;;;
07/07/2015;16:36:00;933;sem vítima;123;BR-040/RJ;Sul;Colisão Transversal;1;;1;;;;;;;;2;;;;
07/07/2015;22:13:00;980;com vítima;123;BR-040/RJ;Norte;Capotamento;1;;;;;1;;;;;1;2;;;
08/07/2015;23:45:00;1119;com vítima;96;BR-040/RJ;Sul;Tombamento;;;1;;;;;;;;0;;1;;1
08/07/2015;13:05:00;1056;sem vítima;113;BR-040/RJ;Norte;Colisão Traseira;2;;;;;;;;;;2;;;;
08/07/2015;05:45:00;1019;sem vítima;124;BR-040/RJ;Sul;Colisão Lateral;1;;1;;;;;;;;2;;;;
09/07/2015;00:40:00;1125;com vítima;22;BR-040/RJ;Sul;Choque - Objeto Fixo;1;;;;;;;;;;0;1;;;
09/07/2015;11:01:00;1178;com vítima;105;BR-040/RJ;Norte;Queda de Moto;;;;1;;;;;;;0;2;;;
09/07/2015;18:41:00;1233;sem vítima;111;BR-040/RJ;Sul;Colisão Traseira;1;;1;;;;;;;;2;;;;
09/07/2015;22:49:00;1257;sem vítima;118;BR-040/RJ;Norte;Colisão Lateral;1;;1;;;;;;;;2;;;;
09/07/2015;18:08:00;1229;sem vítima;119;BR-040/RJ;Norte;Queda de Moto;;;;1;;;;;;;2;;;;
10/07/2015;13:04:00;1346;com vítima;6;BR-040/RJ;Norte;Tombamento;1;;;;;;;;;;0;;;;1
10/07/2015;19:21:00;1396;sem vítima;39;BR-040/RJ;Norte;Queda de Moto;;;;1;;;;;;;2;;;;
10/07/2015;18:04:00;1390;com vítima;41;BR-040/RJ;Norte;Colisão Lateral;1;;1;;;;;;;;0;4;;;
10/07/2015;19:21:00;1397;com vítima;97;BR-040/RJ;Sul;Colisão Lateral;2;;1;;;;;;;;0;3;;;
10/07/2015;16:49:00;1375;com vítima;106;BR-040/RJ;Sul;Colisão Lateral;;1;;;1;;;;;;1;2;;;
10/07/2015;18:22:00;1393;com vítima;115;BR-040/RJ;Norte;Engavetamento;2;;1;;;;;;;;2;1;;;
10/07/2015;13:40:00;1349;sem vítima;117;BR-040/RJ;Sul;Colisão Traseira;1;;1;;;;;;;;2;;;;
10/07/2015;20:03:00;1400;sem vítima;119;BR-040/RJ;Norte;Colisão Traseira;1;;;1;;;;;;;2;;;;
10/07/2015;05:55:00;1292;sem vítima;122;BR-040/RJ;Sul;Colisão Traseira;2;;;;;;;;;;2;;;;
11/07/2015;02:11:00;1434;com vítima;77;BR-040/RJ;Sul;Queda de Moto;;;;1;;;;;;;0;;1;;
11/07/2015;05:05:00;1443;sem vítima;92;BR-040/RJ;Sul;Choque - Objeto Fixo;1;;;;;;;;;;1;;;;
11/07/2015;14:25:00;1500;sem vítima;98;BR-040/RJ;Norte;Colisão Lateral;1;;1;;;;;;;;2;;;;
11/07/2015;14:28:00;1503;sem vítima;110;BR-040/RJ;Norte;Colisão Lateral;1;;1;;;;;;;;2;;;;
11/07/2015;11:17:00;1483;com vítima;112;BR-040/RJ;Norte;Engavetamento;6;;2;;;;;;;;7;1;;;
11/07/2015;07:43:00;1454;com vítima;794;BR-040/MG;Sul;Choque - Objeto Fixo;;;1;;;;;;;;0;1;;;1
11/07/2015;02:27:00;1435;sem vítima;803;BR-040/MG;Sul;Choque - Objeto Fixo;1;;;;;;;;;;1;;;;
11/07/2015;09:12:00;1470;com vítima;812;BR-040/MG;Norte;Choque - Objeto Fixo;1;;;;;;;;;;0;3;;;
11/07/2015;02:58:00;1436;sem vítima;120;BR-040/RJ;Sul;Choque - Objeto Fixo;1;;;;;;;;;;1;;;;
11/07/2015;15:13:00;1512;sem vítima;123;BR-040/RJ;Norte;Colisão Traseira;2;;;;;;;;;;2;;;;
12/07/2015;10:56:00;1638;com vítima;56;BR-040/RJ;Sul;Colisão Traseira;;;;2;;;;;;;1;;1;;
12/07/2015;06:53:00;1610;sem vítima;93;BR-040/RJ;Norte;Choque - Objeto Fixo;1;;;;;;;;;;1;;;;
12/07/2015;20:35:00;1708;sem vítima;113;BR-040/RJ;Norte;Choque - Objeto Fixo;1;;;;;;;;;;1;;;;
12/07/2015;15:10:00;1661;com vítima;121;BR-040/RJ;Norte;Capotamento;1;;;;;;;;;;0;3;;;
12/07/2015;04:53:00;1603;com vítima;123;BR-040/RJ;Sul;Colisão Traseira;2;;;;;;;;;;1;2;;;
13/07/2015;02:40:00;1752;sem vítima;69;BR-040/RJ;Sul;Choque - Objeto Fixo;;;1;;;;;;;;1;;;;
13/07/2015;03:16:00;1754;sem vítima;84;BR-040/RJ;Norte;Capotamento;1;;;;;;;;;;1;;;;
13/07/2015;07:45:00;1781;sem vítima;108;BR-040/RJ;Sul;Colisão Traseira;;;2;;;;;;;;2;;;;
13/07/2015;07:25:00;1779;sem vítima;784;BR-040/MG;Norte;Colisão Traseira;2;;;;;;;;;;2;;;;
13/07/2015;06:33:00;1771;sem vítima;818;BR-040/MG;Sul;Choque - Objeto Fixo;1;;;;;;;;;;1;;;;
13/07/2015;07:25:00;1777;sem vítima;122;BR-040/RJ;Sul;Colisão Lateral;1;;;1;;;;;;;2;;;;
13/07/2015;03:29:00;1756;sem vítima;124;BR-040/RJ;Norte;Choque - Objeto Fixo;1;;;;;;;;;;1;;;;
13/07/2015;20:13:00;1876;sem vítima;124;BR-040/RJ;Norte;Colisão Lateral;1;;1;;;;;;;;2;;;;
14/07/2015;12:51:00;1957;sem vítima;97;BR-040/RJ;Sul;Derrapagem;1;;;;;;;;;;1;;;;
14/07/2015;04:22:00;1904;sem vítima;113;BR-040/RJ;Sul;Colisão Lateral;1;;;;;1;;;;;2;;;;
14/07/2015;14:26:00;1966;sem vítima;120;BR-040/RJ;Sul;Engavetamento;3;;;;;;;;;;3;;;;
14/07/2015;10:00:00;1945;com vítima;123;BR-040/RJ;Sul;Colisão Lateral;1;;1;;;;;;;;1;;1;;
15/07/2015;06:57:00;2070;com vítima;65;BR-040/RJ;Sul;Tombamento;;;1;;;;;;;;0;;;;1
15/07/2015;13:31:00;2110;sem vítima;84;BR-040/RJ;Sul;Choque - Objeto Fixo;1;;;;;;;;;;1;;;;
15/07/2015;13:42:00;2111;sem vítima;84;BR-040/RJ;Sul;Engavetamento;2;;2;;1;;;;;;5;;;;
15/07/2015;15:00:00;2121;sem vítima;96;BR-040/RJ;Sul;Queda de Moto;;;;1;;;;;;;1;;;;
15/07/2015;15:07:00;2122;com vítima;101;BR-040/RJ;Sul;Colisão Lateral;1;1;;;;;;;;;1;;;1;
15/07/2015;18:04:00;2142;com vítima;110;BR-040/RJ;Norte;Colisão Lateral;1;;;1;;;;;;;1;1;;;
15/07/2015;02:09:00;2051;sem vítima;121;BR-040/RJ;Norte;Derrapagem;1;;;;;;;;;;1;;;;
16/07/2015;15:56:00;2273;sem vítima;80;BR-040/RJ;Sul;Choque - Objeto Fixo;;;1;;;;;;;;1;;;;
16/07/2015;20:30:00;2306;sem vítima;85;BR-040/RJ;Norte;Engavetamento;2;;1;;;;;;;;3;;;;
16/07/2015;01:58:00;2193;com vítima;110;BR-040/RJ;Norte;Queda de Moto;;;;1;;;;;;;0;;2;;
16/07/2015;22:38:00;2315;sem vítima;122;BR-040/RJ;Norte;Engavetamento;3;;;;1;;;;;;4;;;;
17/07/2015;14:32:00;2406;sem vítima;43;BR-040/RJ;Norte;Choque - Objeto Fixo;1;;;;;;;;;;1;;;;
17/07/2015;15:04:00;2412;sem vítima;62;BR-040/RJ;Sul;Choque - Objeto Fixo;1;;;;;;;;;;1;;;;
17/07/2015;08:27:00;2359;com vítima;76;BR-040/RJ;Sul;Colisão Traseira;1;;;1;;;;;;;1;1;;;
17/07/2015;09:40:00;2368;sem vítima;77;BR-040/RJ;Sul;Choque - Objeto Fixo;1;;;;;;;;;;1;;;;
17/07/2015;02:09:00;2329;com vítima;78;BR-040/RJ;Sul;Capotamento;1;;;;;;;;;;0;1;;;
17/07/2015;14:00:00;2395;sem vítima;97;BR-040/RJ;Norte;Colisão Lateral;1;;1;;;;;;;;2;;;;
17/07/2015;06:31:00;2349;sem vítima;106;BR-040/RJ;Norte;Colisão Transversal;2;;;;;;;;;;2;;;;
17/07/2015;17:21:00;2438;sem vítima;113;BR-040/RJ;Norte;Colisão Traseira;2;;;;;;;;;;2;;;;
17/07/2015;18:06:00;2444;sem vítima;115;BR-040/RJ;Norte;Colisão Traseira;1;;;;;1;;;;;2;;;;
17/07/2015;14:15:00;2399;com vítima;790;BR-040/MG;Norte;Choque - Objeto Fixo;1;;;;;;;;;;0;1;;;
17/07/2015;06:07:00;2346;com vítima;122;BR-040/RJ;Sul;Colisão Traseira;1;;;1;;;;;;;1;1;;;
17/07/2015;16:05:00;2428;com vítima;122;BR-040/RJ;Norte;Colisão Traseira;;;1;1;;;;;;;1;;1;;
18/07/2015;21:04:00;2625;sem vítima;17;BR-040/RJ;Norte;Colisão Traseira;1;;;;;1;;;;;2;;;;
18/07/2015;11:02:00;2546;sem vítima;32;BR-040/RJ;Norte;Choque - Objeto Fixo;1;;;;;;;;;;1;;;;
18/07/2015;16:31:00;2596;sem vítima;83;BR-040/RJ;Norte;Colisão Lateral;1;;1;;;;;;;;2;;;;
18/07/2015;07:52:00;2520;com vítima;85;BR-040/RJ;Sul;Choque - Objeto Fixo;1;;;;;;;;;;0;3;;;
18/07/2015;14:38:00;2578;sem vítima;86;BR-040/RJ;Norte;Colisão Traseira;1;;;;;;;;;;1;;;;
18/07/2015;14:48:00;2579;sem vítima;105;BR-040/RJ;Norte;Engavetamento;2;;;;;;;;;;2;;;;
18/07/2015;04:31:00;2508;com vítima;112;BR-040/RJ;Norte;Queda de Moto;;;;1;;;;;;;0;;1;;
18/07/2015;13:12:00;2566;com vítima;112;BR-040/RJ;Norte;Capotamento;1;;;;1;;;;;;1;1;;;
19/07/2015;17:15:00;2719;com vítima;42;BR-040/RJ;Sul;Queda de Moto;;;;1;;;;;;;0;;1;;
19/07/2015;23:16:00;2767;sem vítima;91;BR-040/RJ;Sul;Derrapagem;;;1;;;;;;;;1;;;;
19/07/2015;01:44:00;2647;sem vítima;94;BR-040/RJ;Sul;Choque - Objeto Fixo;1;;;;;;;;;;1;;;;
19/07/2015;05:53:00;2656;sem vítima;94;BR-040/RJ;Sul;Choque - Objeto Fixo;1;;;;;;;;;;1;;;;
19/07/2015;02:02:00;2651;sem vítima;816;BR-040/MG;Norte;Capotamento;1;;;;;;;;;;1;;;;
20/07/2015;06:23:00;2793;sem vítima;78;BR-040/RJ;Sul;Choque - Objeto Fixo;1;;;;;;;;;;1;;;;
20/07/2015;13:06:00;2850;sem vítima;84;BR-040/RJ;Sul;Colisão Traseira;1;;1;;;;;;;;2;;;;
20/07/2015;15:43:00;2865;sem vítima;96;BR-040/RJ;Sul;Colisão Traseira;2;;;;;;;;;;2;;;;
20/07/2015;16:36:00;2873;sem vítima;795;BR-040/MG;Norte;Choque - Objeto Fixo;1;;;;;;;;;;1;;;;
20/07/2015;20:49:00;2906;com vítima;124;BR-040/RJ;Sul;Engavetamento;1;;;;;2;;;;;2;1;;;
21/07/2015;17:53:00;3018;com vítima;72;BR-040/RJ;Sul;Colisão Traseira;2;;;;;;;;;;0;3;;;
21/07/2015;08:06:00;2941;com vítima;87;BR-040/RJ;Sul;Choque - Objeto Fixo;;;1;;;;;;;;0;1;;;
21/07/2015;00:27:00;2919;sem vítima;92;BR-040/RJ;Sul;Choque - Objeto Fixo;;;1;;;;;;;;1;;;;
21/07/2015;06:43:00;2932;com vítima;108;BR-040/RJ;Norte;Queda de Moto;;;;1;;;;;;;0;1;;;
21/07/2015;08:22:00;2943;sem vítima;109;BR-040/RJ;Norte;Colisão Traseira;;;2;;;;;;;;2;;;;
21/07/2015;17:42:00;3017;sem vítima;115;BR-040/RJ;Norte;Colisão Lateral;1;;1;;;;;;;;2;;;;
22/07/2015;10:22:00;3105;com vítima;32;BR-040/RJ;Norte;Choque - Objeto Fixo;1;;;;;;;;;;0;5;;;
22/07/2015;10:04:00;3100;sem vítima;84;BR-040/RJ;Norte;Choque - Objeto Fixo;1;;;;;;;;;;1;;;;
22/07/2015;18:11:00;3170;sem vítima;90;BR-040/RJ;Norte;Choque - Objeto Fixo;1;;;;;;;;;;1;;;;
22/07/2015;05:55:00;3079;sem vítima;91;BR-040/RJ;Norte;Choque - Objeto Fixo;1;;;;;;;;;;1;;;;
22/07/2015;11:43:00;3119;sem vítima;91;BR-040/RJ;Norte;Colisão Lateral;1;;1;;;;;;;;2;;;;
22/07/2015;14:29:00;3140;sem vítima;92;BR-040/RJ;Sul;Choque - Objeto Fixo;1;;;;;;;;;;1;;;;
22/07/2015;01:26:00;3063;sem vítima;97;BR-040/RJ;Sul;Choque - Objeto Fixo;1;;;;;;;;;;1;;;;
22/07/2015;18:37:00;3173;com vítima;101;BR-040/RJ;Norte;Engavetamento;2;;;;;1;;;;;3;2;1;;
22/07/2015;15:09:00;3145;com vítima;105;BR-040/RJ;Norte;Capotamento;1;;;;;;;;;;0;1;;;
22/07/2015;08:35:00;3088;sem vítima;109;BR-040/RJ;Sul;Colisão Traseira;2;;;;;;;;;;2;;;;
22/07/2015;11:02:00;3112;sem vítima;782;BR-040/MG;Norte;Choque - Objeto Fixo;1;;;;;;;;;;1;;;;
22/07/2015;10:41:00;3107;sem vítima;823;BR-040/MG;Sul;Choque - Objeto Fixo;1;;;;;;;;;;1;;;;
23/07/2015;09:17:00;3245;com vítima;78;BR-040/RJ;Sul;Tombamento;;;1;;;;;;;;0;1;;;
23/07/2015;14:51:00;3274;com vítima;78;BR-040/RJ;Norte;Choque - Objeto Fixo;1;;;;;;;;;;0;1;;;
23/07/2015;11:39:00;3258;com vítima;96;BR-040/RJ;Norte;Tombamento;;;1;;;;;;;;0;1;;;
23/07/2015;04:35:00;3215;sem vítima;97;BR-040/RJ;Sul;Choque - Objeto Fixo;1;;;;;;;;;;1;;;;
23/07/2015;05:38:00;3225;com vítima;111;BR-040/RJ;Sul;Engavetamento;3;;;;;;;;;;2;1;;;
23/07/2015;05:38:00;3226;com vítima;111;BR-040/RJ;Sul;Colisão Traseira;1;;;;;1;;;;;1;;1;;
23/07/2015;12:22:00;3260;sem vítima;113;BR-040/RJ;Sul;Colisão Lateral;1;;;;;1;;;;;2;;;;
24/07/2015;19:30:00;3436;sem vítima;96;BR-040/RJ;Norte;Choque - Objeto Fixo;1;;;;;;;;;;1;;;;
24/07/2015;05:47:00;3331;sem vítima;102;BR-040/RJ;Norte;Colisão Traseira;1;;;;;1;;;;;2;;;;
24/07/2015;15:46:00;3401;com vítima;109;BR-040/RJ;Norte;Engavetamento;2;;1;;;;;;;;2;1;1;;
24/07/2015;09:45:00;3353;sem vítima;113;BR-040/RJ;Norte;Colisão Lateral;1;;1;;;;;;;;2;;;;
24/07/2015;12:39:00;3373;com vítima;117;BR-040/RJ;Norte;Colisão Traseira;2;;;;;;;;;;0;2;;;
24/07/2015;11:18:00;3364;com vítima;816;BR-040/MG;Norte;Colisão Traseira;2;;;;;;;;;;0;5;;;
24/07/2015;00:07:00;3316;sem vítima;120;BR-040/RJ;Sul;Choque - Objeto Fixo;1;;;;;;;;;;1;;;;
24/07/2015;11:56:00;3370;com vítima;122;BR-040/RJ;Norte;Colisão Lateral;1;;;1;;;;;;;2;1;;;
24/07/2015;18:09:00;3417;sem vítima;124;BR-040/RJ;Norte;Engavetamento;3;;;;;;;;;;3;;;;
24/07/2015;18:58:00;3428;sem vítima;124;BR-040/RJ;Norte;Colisão Traseira;2;;;;;;;;;;2;;;;
25/07/2015;15:25:00;3544;com vítima;1;BR-040/RJ;Sul;Capotamento;1;;;;;;;;;;0;1;;;
25/07/2015;16:09:00;3554;com vítima;3;BR-040/RJ;Sul;Choque - Objeto Fixo;1;;;;;;;;;;0;3;;;
25/07/2015;17:33:00;3567;sem vítima;31;BR-040/RJ;Sul;Choque - Objeto Fixo;1;;;;;;;;;;1;;;;
25/07/2015;09:19:00;3503;com vítima;32;BR-040/RJ;Sul;Capotamento;1;;;;;;;;;;0;4;;;
25/07/2015;22:40:00;3595;sem vítima;34;BR-040/RJ;Sul;Choque - Objeto Fixo;1;;;;;;;;;;1;;;;
25/07/2015;16:16:00;3556;com vítima;36;BR-040/RJ;Norte;Capotamento;1;;;;;;;;;;0;1;1;;
25/07/2015;17:12:00;3563;com vítima;78;BR-040/RJ;Sul;Capotamento;1;;;;;;;;;;0;2;;;
25/07/2015;16:09:00;3553;sem vítima;82;BR-040/RJ;Norte;Choque - Objeto Fixo;1;;;;;;;;;;1;;;;
25/07/2015;17:19:00;3565;sem vítima;85;BR-040/RJ;Norte;Choque - Objeto Fixo;1;;;;;;;;;;1;;;;
25/07/2015;16:11:00;3555;sem vítima;88;BR-040/RJ;Norte;Choque - Objeto Fixo;1;;;;;;;;;;1;;;;
25/07/2015;08:59:00;3499;com vítima;90;BR-040/RJ;Norte;Tombamento;1;;;;;;;;;;0;2;;;
25/07/2015;15:08:00;3541;sem vítima;90;BR-040/RJ;Norte;Choque - Objeto Fixo;1;;;;;;;;;;1;;;;
25/07/2015;08:36:00;3497;sem vítima;91;BR-040/RJ;Norte;Choque - Objeto Fixo;1;;;;;;;;;;1;;;;
25/07/2015;18:39:00;3574;sem vítima;91;BR-040/RJ;Norte;Choque - Objeto Fixo;1;;;;;;;;;;1;;;;
25/07/2015;15:35:00;3549;sem vítima;92;BR-040/RJ;Norte;Derrapagem;1;;;;;;;;;;1;;;;
25/07/2015;21:13:00;3592;sem vítima;92;BR-040/RJ;Norte;Choque - Objeto Fixo;1;;;;;;;;;;1;;;;
25/07/2015;07:53:00;3492;sem vítima;94;BR-040/RJ;Norte;Choque - Objeto Fixo;1;;;;;;;;;;1;;;;
25/07/2015;06:25:00;3481;sem vítima;95;BR-040/RJ;Sul;Choque - Objeto Fixo;1;;;;;;;;;;1;;;;
25/07/2015;17:18:00;3564;com vítima;106;BR-040/RJ;Sul;Colisão Traseira;1;;;;1;;;;;;1;2;;;
25/07/2015;17:23:00;3566;sem vítima;111;BR-040/RJ;Sul;Colisão Traseira;2;;;;;;;;;;2;;;;
25/07/2015;04:32:00;3474;com vítima;112;BR-040/RJ;Norte;Capotamento;1;;;;;;;;;;0;1;1;;