data;horario;n_da_ocorrencia;tipo_de_ocorrencia;km;trecho;sentido;tipo_de_acidente;automovel;bicicleta;caminhao;moto;onibus;outros;tracao_animal;transporte_de_cargas_especiais;trator_maquinas;utilitarios;ilesos;levemente_feridos;moderadamente_feridos;gravemente_feridos;mortos
25/07/2015;15:36:00;3550;com vítima;783;BR-040/MG;Norte;Choque - Objeto Fixo;1;;;;;;;;;;0;5;;;
25/07/2015;20:22:00;3587;com vítima;119;BR-040/RJ;Norte;Atropelamento - Pedestre;1;;;;;;;;;;1;;1;;
26/07/2015;18:12:00;3703;sem vítima;2;BR-040/RJ;Sul;Choque - Objeto Fixo;1;;;;;;;;;;1;;;;
26/07/2015;01:52:00;3610;sem vítima;13;BR-040/RJ;Norte;Choque - Objeto Fixo;1;;;;;;;;;;1;;;;
26/07/2015;04:58:00;3619;sem vítima;58;BR-040/RJ;Sul;Derrapagem;1;;;;;;;;;;1;;;;
26/07/2015;05:23:00;3623;com vítima;67;BR-040/RJ;Sul;Choque - Objeto Fixo;1;;;;;;;;;;0;2;;;
26/07/2015;05:15:00;3622;sem vítima;76;BR-040/RJ;Norte;Choque - Objeto Fixo;1;;;;;;;;;;1;;;;
26/07/2015;07:35:00;3632;com vítima;78;BR-040/RJ;Sul;Capotamento;1;;;;;;;;;;0;;1;;
26/07/2015;00:33:00;3602;sem vítima;84;BR-040/RJ;Sul;Choque - Objeto Fixo;1;;;;;;;;;;1;;;;
26/07/2015;20:10:00;3721;sem vítima;85;BR-040/RJ;Norte;Choque - Objeto Fixo;1;;;;;;;;;;1;;;;
26/07/2015;07:58:00;3636;com vítima;91;BR-040/RJ;Norte;Choque - Objeto Fixo;1;;;;;;;;;;0;1;;;
26/07/2015;20:34:00;3725;sem vítima;110;BR-040/RJ;Sul;Choque - Objeto Fixo;1;;;;;;;;;;1;;;;
26/07/2015;19:12:00;3713;sem vítima;778;BR-040/MG;Sul;Queda de Moto;;;;1;;;;;;;1;;;;
26/07/2015;07:33:00;3630;com vítima;783;BR-040/MG;Norte;Capotamento;1;;;;;;;;;;0;3;1;;
26/07/2015;06:19:00;3625;sem vítima;790;BR-040/MG;Norte;Choque - Objeto Fixo;1;;;;;;;;;;1;;;;
26/07/2015;07:54:00;3635;com vítima;793;BR-040/MG;Sul;Choque - Objeto Fixo;1;;;;;;;;;;0;1;;;
26/07/2015;07:01:00;3627;com vítima;802;BR-040/MG;Norte;Choque - Objeto Fixo;1;;;;;;;;;;0;2;;;
26/07/2015;21:58:00;3732;com vítima;815;BR-040/MG;Sul;Choque - Objeto Fixo;1;;;;;;;;;;0;2;;;
26/07/2015;15:09:00;3674;sem vítima;823;BR-040/MG;Sul;Capotamento;1;;;;;;;;;;1;;;;
26/07/2015;15:18:00;3677;sem vítima;825;BR-040/MG;Sul;Choque - Objeto Fixo;1;;;;;;;;;;1;;;;
26/07/2015;04:08:00;3616;sem vítima;122;BR-040/RJ;Sul;Capotamento;1;;;;;;;;;;1;;;;
26/07/2015;05:07:00;3621;sem vítima;123;BR-040/RJ;Sul;Choque - Objeto Fixo;1;;;;;;;;;;1;;;;
27/07/2015;22:50:00;3860;sem vítima;84;BR-040/RJ;Norte;Choque - Objeto Fixo;1;;;;;;;;;;1;;;;
27/07/2015;10:54:00;3799;sem vítima;88;BR-040/RJ;Norte;Colisão Traseira;1;;;;;1;;;;;2;;;;
27/07/2015;23:52:00;3864;com vítima;118;BR-040/RJ;Norte;Choque - Objeto Fixo;1;;;;;;;;;;0;1;1;;
27/07/2015;17:00:00;3842;sem vítima;119;BR-040/RJ;Norte;Colisão Traseira;1;;;;;1;;;;;2;;;;
27/07/2015;18:43:00;3852;sem vítima;123;BR-040/RJ;Norte;Engavetamento;2;;;;;1;;;;;3;;;;
28/07/2015;13:02:00;3926;sem vítima;13;BR-040/RJ;Norte;Choque - Objeto Fixo;1;;;;;;;;;;1;;;;
28/07/2015;05:38:00;3883;sem vítima;78;BR-040/RJ;Sul;Derrapagem;1;;;;;;;;;;1;;;;
28/07/2015;06:20:00;3889;sem vítima;93;BR-040/RJ;Norte;Colisão Lateral;1;;1;;;;;;;;2;;;;
28/07/2015;20:05:00;3990;sem vítima;93;BR-040/RJ;Sul;Choque - Objeto Fixo;1;;;;;;;;;;1;;;;
28/07/2015;22:26:00;4005;sem vítima;93;BR-040/RJ;Norte;Choque - Objeto Fixo;1;;;;;;;;;;1;;;;
28/07/2015;11:48:00;3915;sem vítima;98;BR-040/RJ;Norte;Choque - Objeto Fixo;1;;;;;;;;;;1;;;;
28/07/2015;15:05:00;3938;com vítima;104;BR-040/RJ;Norte;Queda de Moto;;;;1;;;;;;;0;1;;;
28/07/2015;06:53:00;3886;com vítima;109;BR-040/RJ;Sul;Queda de Moto;1;;;1;;;;;;;1;2;;;
28/07/2015;15:33:00;3947;com vítima;122;BR-040/RJ;Norte;Queda de Moto;;;;1;;;;;;;0;1;;;
29/07/2015;15:10:00;4073;sem vítima;93;BR-040/RJ;Norte;Engavetamento;3;;;;;;;;;;3;;;;
29/07/2015;18:40:00;4105;sem vítima;101;BR-040/RJ;Norte;Colisão Lateral;1;;;;1;;;;;;2;;;;
29/07/2015;23:23:00;4137;com vítima;110;BR-040/RJ;Sul;Colisão Traseira;1;;1;;;;;;;;0;2;;;
29/07/2015;19:05:00;4108;com vítima;784;BR-040/MG;Norte;Colisão Frontal;2;;;;;;;;;;1;1;;;
30/07/2015;06:30:00;4163;sem vítima;29;BR-040/RJ;Sul;Derrapagem;1;;;;;;;;;;1;;;;
30/07/2015;15:52:00;4225;com vítima;116;BR-040/RJ;Sul;Capotamento;1;;1;;;;;;;;1;5;;;
31/07/2015;19:04:00;4433;sem vítima;69;BR-040/RJ;Sul;Choque - Objeto Fixo;1;;;;;;;;;;1;;;;
31/07/2015;17:00:00;4406;sem vítima;90;BR-040/RJ;Sul;Colisão Lateral;1;;1;;;;;;;;2;;;;
31/07/2015;11:09:00;4339;sem vítima;105;BR-040/RJ;Norte;Colisão Transversal;2;;;;;;;;;;2;;;;
31/07/2015;17:45:00;4416;sem vítima;113;BR-040/RJ;Norte;Choque - Objeto Fixo;1;;;;;;;;;;1;;;;
31/07/2015;09:18:00;4331;sem vítima;777;BR-040/MG;Sul;Colisão Traseira;1;;1;;;;;;;;2;;;;
31/07/2015;20:16:00;4451;sem vítima;122;BR-040/RJ;Norte;Choque - Objeto Fixo;2;;;;;;;;;;2;;;;
31/07/2015;16:02:00;4394;sem vítima;124;BR-040/RJ;Norte;Colisão Traseira;;;;;1;1;;;;;2;;;;
31/07/2015;12:36:00;4354;sem vítima;125;BR-040/RJ;Sul;Colisão Traseira;;;2;;;;;;;;2;;;;
01/08/2015;14:37:00;79;com vítima;78;BR-040/RJ;Norte;Colisão Lateral;1;;1;;;;;;;;0;6;;;
01/08/2015;06:32:00;21;sem vítima;117;BR-040/RJ;Norte;Colisão Traseira;1;;;;;1;;;;;2;;;;
01/08/2015;23:18:00;132;com vítima;811;BR-040/MG;Sul;Choque - Objeto Fixo;1;;;;;;;;;;0;1;;;
02/08/2015;10:20:00;161;sem vítima;94;BR-040/RJ;Norte;Colisão Traseira;1;;;;;1;;;;;2;;;;
02/08/2015;18:59:00;237;sem vítima;109;BR-040/RJ;Norte;Choque - Objeto Fixo;1;;;;;;;;;;1;;;;
02/08/2015;17:19:00;225;com vítima;800;BR-040/MG;Sul;Choque - Objeto Fixo;1;;;;;;;;;;0;1;;;
02/08/2015;01:25:00;136;sem vítima;119;BR-040/RJ;Sul;Choque - Objeto Fixo;1;;;;;;;;;;1;;;;
03/08/2015;08:38:00;307;sem vítima;21;BR-040/RJ;Norte;Colisão Lateral;2;;;;;1;;;;;3;;;;
03/08/2015;09:55:00;318;com vítima;119;BR-040/RJ;Sul;Colisão Traseira;1;;;1;;;;;;;0;1;1;;
03/08/2015;09:48:00;316;sem vítima;120;BR-040/RJ;Sul;Queda de Moto;;;;1;;;;;;;1;;;;
03/08/2015;19:48:00;400;sem vítima;121;BR-040/RJ;Sul;Colisão Traseira;2;;;;;;;;;;2;;;;
03/08/2015;19:02:00;392;sem vítima;124;BR-040/RJ;Sul;Colisão Traseira;1;;1;;;;;;;;2;;;;
04/08/2015;23:39:00;572;com vítima;59;BR-040/RJ;Sul;Choque - Objeto Fixo;;;1;;;;;;;;0;1;;;
04/08/2015;10:49:00;478;sem vítima;86;BR-040/RJ;Sul;Queda de Moto;;;;1;;;;;;;1;;;;
04/08/2015;11:35:00;482;com vítima;100;BR-040/RJ;Norte;Colisão Traseira;1;;;1;;;;;;;0;3;;;
04/08/2015;06:07:00;459;com vítima;792;BR-040/MG;Norte;Atropelamento - Animal;1;;;;;;1;;;;1;1;;;
04/08/2015;04:40:00;444;com vítima;118;BR-040/RJ;Norte;Atropelamento - Pedestre;;;;;;1;;;;;1;1;;;
04/08/2015;05:29:00;455;sem vítima;122;BR-040/RJ;Sul;Colisão Lateral;1;;1;;;;;;;;2;;;;
05/08/2015;17:28:00;686;com vítima;22;BR-040/RJ;Norte;Atropelamento - Pedestre;1;1;;;;;;;;;0;4;;1;
05/08/2015;07:04:00;592;sem vítima;80;BR-040/RJ;Sul;Choque - Objeto Fixo;1;;;;;;;;;;1;;;;
05/08/2015;14:55:00;660;sem vítima;781;BR-040/MG;Norte;Choque - Objeto Fixo;1;;;;;;;;;;1;;;;
05/08/2015;12:01:00;633;sem vítima;120;BR-040/RJ;Sul;Colisão Traseira;1;;1;;;;;;;;2;;;;
05/08/2015;14:41:00;658;sem vítima;120;BR-040/RJ;Norte;Colisão Traseira;1;;1;;;;;;;;2;;;;
05/08/2015;10:22:00;616;com vítima;121;BR-040/RJ;Sul;Colisão Traseira;2;;;;;;;;;;1;2;;;
06/08/2015;19:49:00;830;com vítima;60;BR-040/RJ;Norte;Tombamento;;;1;;;;;;;;0;1;;;
06/08/2015;10:24:00;766;sem vítima;66;BR-040/RJ;Norte;Atropelamento - Animal;1;;;;;;1;;;;2;;;;
06/08/2015;08:58:00;752;com vítima;82;BR-040/RJ;Sul;Choque - Objeto Fixo;1;;;;;;;;;;0;1;1;;
06/08/2015;17:23:00;806;com vítima;817;BR-040/MG;Sul;Colisão Traseira;1;;;1;;;;;;;1;2;;;
06/08/2015;09:26:00;756;com vítima;120;BR-040/RJ;Norte;Choque - Objeto Fixo;1;;;;;;;;;;0;2;;;
06/08/2015;15:41:00;794;com vítima;122;BR-040/RJ;Sul;Queda de Moto;;;;1;;;;;;;0;1;;;
07/08/2015;18:26:00;967;com vítima;57;BR-040/RJ;Norte;Atropelamento - Pedestre;1;;;;;;;;;;0;2;;;1
07/08/2015;17:31:00;956;sem vítima;99;BR-040/RJ;Sul;Colisão Lateral;1;;;;;1;;;;;2;;;;
07/08/2015;00:53:00;854;com vítima;113;BR-040/RJ;Sul;Capotamento;1;;;;;;;;;;0;1;;;
07/08/2015;05:17:00;868;sem vítima;116;BR-040/RJ;Sul;Colisão Lateral;1;;1;;;;;;;;2;;;;
08/08/2015;21:23:00;1143;com vítima;104;BR-040/RJ;Norte;Atropelamento - Pedestre;1;2;;;;;;;;;1;1;1;;
08/08/2015;20:13:00;1131;com vítima;120;BR-040/RJ;Norte;Colisão Lateral;1;;;1;;;;;;;0;3;;;
09/08/2015;22:04:00;1281;sem vítima;80;BR-040/RJ;Norte;Derrapagem;1;;;;;;;;;;1;;;;
09/08/2015;03:05:00;1173;sem vítima;100;BR-040/RJ;Sul;Derrapagem;1;;;;;;;;;;1;;;;
09/08/2015;16:51:00;1245;com vítima;101;BR-040/RJ;Sul;Engavetamento;3;;;;;;;;;;1;4;;;
09/08/2015;02:21:00;1171;sem vítima;107;BR-040/RJ;Sul;Choque - Objeto Fixo;1;;;;;;;;;;1;;;;
09/08/2015;19:38:00;1271;sem vítima;111;BR-040/RJ;Sul;Engavetamento;2;;;;;1;;;;;3;;;;
09/08/2015;10:23:00;1206;com vítima;787;BR-040/MG;Norte;Capotamento;1;;;;;;;;;;0;4;;;
09/08/2015;13:33:00;1224;sem vítima;787;BR-040/MG;Norte;Derrapagem;1;;;;;;;;;;1;;;;
09/08/2015;16:19:00;1241;com vítima;790;BR-040/MG;Sul;Colisão Transversal;1;;;1;;;;;;;1;2;;;
09/08/2015;09:47:00;1201;com vítima;792;BR-040/MG;Sul;Choque - Objeto Fixo;1;;;;;;;;;;0;1;;;
09/08/2015;09:01:00;1197;sem vítima;815;BR-040/MG;Norte;Colisão Traseira;2;;;;;;;;;;2;;;;
10/08/2015;10:15:00;1338;sem vítima;35;BR-040/RJ;Sul;Choque - Objeto Fixo;1;;;;;;;;;;1;;;;
10/08/2015;07:29:00;1319;sem vítima;43;BR-040/RJ;Sul;Queda de Moto;;;;1;;;;;;;1;;;;
10/08/2015;08:11:00;1326;sem vítima;59;BR-040/RJ;Sul;Colisão Lateral;1;;1;;;;;;;;2;;;;
10/08/2015;23:24:00;1441;com vítima;69;BR-040/RJ;Norte;Capotamento;1;;;;;;;;;;0;1;1;;
10/08/2015;07:21:00;1318;com vítima;107;BR-040/RJ;Norte;Colisão Traseira;2;;;;;;;;;;0;3;;;
10/08/2015;00:58:00;1299;com vítima;788;BR-040/MG;Norte;Capotamento;1;;;;;;;;;;0;1;;;
10/08/2015;00:28:00;1296;com vítima;793;BR-040/MG;Sul;Tombamento;;;1;;;;;;;;0;1;;;
10/08/2015;15:44:00;1387;sem vítima;119;BR-040/RJ;Sul;Colisão Traseira;2;;;;;;;;;;2;;;;
11/08/2015;19:40:00;1540;com vítima;58;BR-040/RJ;Sul;Engavetamento;3;;1;;;;;;;;1;4;;;
11/08/2015;08:01:00;1472;sem vítima;89;BR-040/RJ;Norte;Choque - Objeto Fixo;1;;;;;;;;;;1;;;;
11/08/2015;10:23:00;1489;sem vítima;90;BR-040/RJ;Sul;Choque - Objeto Fixo;;;1;;;;;;;;1;;;;
11/08/2015;17:10:00;1524;sem vítima;109;BR-040/RJ;Sul;Engavetamento;3;;;;;;;;;;3;;;;
11/08/2015;06:47:00;1465;com vítima;118;BR-040/RJ;Sul;Colisão Lateral;2;;;;;;;;;;0;3;;;
11/08/2015;09:20:00;1484;com vítima;122;BR-040/RJ;Sul;Colisão Lateral;2;;;;;;;;;;2;1;;;
12/08/2015;22:30:00;1707;sem vítima;6;BR-040/RJ;Norte;Choque - Objeto Fixo;1;;;;;;;;;;1;;;;
12/08/2015;05:58:00;1585;com vítima;7;BR-040/RJ;Sul;Engavetamento;;;2;;1;;;;;;2;2;;;1
12/08/2015;17:49:00;1672;com vítima;107;BR-040/RJ;Sul;Colisão Frontal;2;;;;;;;;;;1;1;;;
12/08/2015;08:40:00;1601;sem vítima;109;BR-040/RJ;Sul;Colisão Traseira;2;;;;;;;;;;2;;;;
12/08/2015;09:17:00;1605;sem vítima;114;BR-040/RJ;Norte;Colisão Lateral;1;;;;;;;;;;1;;;;
13/08/2015;09:54:00;1753;sem vítima;45;BR-040/RJ;Sul;Colisão Traseira;2;;1;;;;;;;;3;;;;
13/08/2015;07:10:00;1730;com vítima;78;BR-040/RJ;Sul;Choque - Objeto Fixo;1;;;;;;;;;;0;1;;;
13/08/2015;15:04:00;1783;sem vítima;92;BR-040/RJ;Sul;Choque - Objeto Fixo;1;;;;;;;;;;1;;;;
13/08/2015;23:50:00;1837;sem vítima;105;BR-040/RJ;Norte;Colisão Lateral;2;;;;;;;;;;2;;;;
13/08/2015;23:18:00;1836;com vítima;109;BR-040/RJ;Norte;Colisão Traseira;1;;1;;;;;;;;0;10;2;3;3
13/08/2015;18:05:00;1807;sem vítima;114;BR-040/RJ;Norte;Engavetamento;3;;;;;;;;;;3;;;;
13/08/2015;22:32:00;1832;com vítima;122;BR-040/RJ;Norte;Atropelamento - Pedestre;1;;;;;;;;;;0;1;;;1
13/08/2015;15:50:00;1793;sem vítima;123;BR-040/RJ;Norte;Colisão Lateral;;;;1;1;;;;;;2;;;;
14/08/2015;07:03:00;1860;sem vítima;21;BR-040/RJ;Norte;Choque - Objeto Fixo;1;;;;;;;;;;1;;;;
14/08/2015;10:04:00;1879;sem vítima;92;BR-040/RJ;Norte;Choque - Objeto Fixo;1;;;;;;;;;;1;;;;
14/08/2015;23:00:00;1980;com vítima;108;BR-040/RJ;Norte;Colisão Frontal;;;;1;1;;;;;;0;1;;;2
14/08/2015;01:58:00;1843;com vítima;112;BR-040/RJ;Sul;Colisão Traseira;1;;;;;1;;;;;0;1;;1;
14/08/2015;16:05:00;1928;com vítima;795;BR-040/MG;Norte;Queda de Moto;;;;1;;;;;;;0;1;;;
14/08/2015;13:29:00;1903;com vítima;800;BR-040/MG;Sul;Colisão Lateral;1;;1;;;;;;;;1;3;;;
14/08/2015;12:44:00;1896;com vítima;804;BR-040/MG;Sul;Choque - Objeto Fixo;1;;;;;;;;;;0;1;;;
14/08/2015;01:43:00;1841;sem vítima;119;BR-040/RJ;Sul;Colisão Frontal;2;;;;;;;;;;2;;;;
14/08/2015;06:44:00;1858;com vítima;122;BR-040/RJ;Sul;Colisão Lateral;1;;;1;;;;;;;1;1;;;
15/08/2015;13:07:00;2046;com vítima;111;BR-040/RJ;Sul;Engavetamento;5;;;;;;;;;;4;1;;;
15/08/2015;15:27:00;2062;sem vítima;112;BR-040/RJ;Norte;Choque - Objeto Fixo;1;;;;;;;;;;1;;;;
15/08/2015;07:44:00;2009;sem vítima;788;BR-040/MG;Norte;Choque - Objeto Fixo;1;;;;;;;;;;1;;;;
15/08/2015;13:45:00;2050;com vítima;117;BR-040/RJ;Norte;Choque - Objeto Fixo;1;;;;;;;;;;0;1;;;
16/08/2015;12:11:00;2157;sem vítima;53;BR-040/RJ;Sul;Choque - Objeto Fixo;1;;;;;;;;;;1;;;;
16/08/2015;14:41:00;2168;com vítima;76;BR-040/RJ;Sul;Queda de Moto;;;;1;;;;;;;0;1;;;
16/08/2015;17:46:00;2197;com vítima;101;BR-040/RJ;Norte;Atropelamento - Pedestre;1;;;;;;;;;;0;1;1;;
16/08/2015;05:37:00;2133;sem vítima;108;BR-040/RJ;Norte;Colisão Traseira;1;;;;;1;;;;;2;;;;
16/08/2015;21:46:00;2226;com vítima;111;BR-040/RJ;Norte;Engavetamento;3;;;;;1;;;;;2;4;;;
16/08/2015;17:52:00;2199;com vítima;805;BR-040/MG;Sul;Colisão Lateral;;;;1;;1;;;;;1;;2;;
16/08/2015;04:39:00;2132;sem vítima;118;BR-040/RJ;Norte;Colisão Lateral;1;;1;;;;;;;;2;;;;
17/08/2015;00:55:00;2237;com vítima;6;BR-040/RJ;Sul;Choque - Objeto Fixo;1;;;;;;;;;;0;6;;;
17/08/2015;07:07:00;2256;sem vítima;101;BR-040/RJ;Sul;Colisão Traseira;1;;1;;;;;;;;2;;;;
17/08/2015;21:56:00;2371;com vítima;108;BR-040/RJ;Norte;Tombamento;1;;;;;;;;;;0;1;;;
17/08/2015;16:25:00;2338;sem vítima;115;BR-040/RJ;Norte;Colisão Lateral;2;;;;;;;;;;2;;;;
17/08/2015;06:10:00;2253;sem vítima;123;BR-040/RJ;Sul;Colisão Lateral;1;;1;;;;;;;;2;;;;
18/08/2015;06:11:00;2407;sem vítima;85;BR-040/RJ;Sul;Colisão Lateral;2;;;;;;;;;;2;;;;
18/08/2015;09:57:00;2426;com vítima;109;BR-040/RJ;Norte;Colisão Lateral;1;;1;;;;;;;;2;1;;;
18/08/2015;03:11:00;2391;sem vítima;110;BR-040/RJ;Norte;Capotamento;1;;;;;;;;;;1;;;;
18/08/2015;21:03:00;2508;sem vítima;122;BR-040/RJ;Norte;Choque - Objeto Fixo;1;;;;;;;;;;1;;;;
18/08/2015;07:23:00;2410;sem vítima;124;BR-040/RJ;Sul;Colisão Lateral;1;;1;;;;;;;;2;;;;
19/08/2015;23:40:00;2668;sem vítima;6;BR-040/RJ;Sul;Colisão Lateral;1;;1;;;;;;;;2;;;;
19/08/2015;06:57:00;2546;sem vítima;81;BR-040/RJ;Sul;Derrapagem;1;;;;;;;;;;1;;;;
19/08/2015;06:48:00;2544;sem vítima;110;BR-040/RJ;Sul;Colisão Lateral;2;;;;;;;;;;2;;;;
19/08/2015;06:55:00;2548;sem vítima;110;BR-040/RJ;Sul;Colisão Lateral;2;;;;;;;;;;2;;;;
19/08/2015;11:30:00;2578;com vítima;112;BR-040/RJ;Sul;Engavetamento;2;;1;1;;;;;;;3;;1;;
19/08/2015;11:47:00;2579;sem vítima;112;BR-040/RJ;Sul;Colisão Traseira;2;;;;;;;;;;2;;;;
19/08/2015;14:40:00;2599;com vítima;114;BR-040/RJ;Norte;Queda de Moto;;;;1;;;;;;;0;2;;;
19/08/2015;04:43:00;2531;com vítima;115;BR-040/RJ;Norte;Queda de Moto;;;;1;;;;;;;0;1;;;
19/08/2015;16:40:00;2621;sem vítima;125;BR-040/RJ;Sul;Colisão Lateral;1;;;;1;;;;;;2;;;;
20/08/2015;10:35:00;2717;com vítima;91;BR-040/RJ;Norte;Queda de Moto;;;;1;;;;;;;0;2;;;
20/08/2015;19:26:00;2772;sem vítima;92;BR-040/RJ;Norte;Choque - Objeto Fixo;1;;;;;;;;;;1;;;;
20/08/2015;06:20:00;2695;sem vítima;93;BR-040/RJ;Sul;Derrapagem;1;;;;;;;;;;1;;;;
20/08/2015;19:58:00;2774;com vítima;114;BR-040/RJ;Sul;Engavetamento;3;;;;;;;;;;0;7;;;
20/08/2015;06:12:00;2694;com vítima;818;BR-040/MG;Norte;Colisão Traseira;;;2;;;;;;;;1;1;;;
20/08/2015;16:11:00;2751;sem vítima;122;BR-040/RJ;Sul;Choque - Objeto Fixo;1;;;;;;;;;;1;;;;
21/08/2015;09:45:00;2829;com vítima;13;BR-040/RJ;Norte;Choque - Objeto Fixo;1;;;;;;;;;;0;4;;;
21/08/2015;07:53:00;2818;sem vítima;39;BR-040/RJ;Sul;Choque - Objeto Fixo;1;;;;;;;;;;1;;;;
21/08/2015;15:52:00;2876;sem vítima;52;BR-040/RJ;Norte;Choque - Objeto Fixo;1;;;;;;;;;;1;;;;
21/08/2015;18:51:00;2903;sem vítima;110;BR-040/RJ;Norte;Colisão Traseira;1;;;;;1;;;;;2;;;;
21/08/2015;18:04:00;2899;com vítima;786;BR-040/MG;Norte;Capotamento;1;;;;;;;;;;0;1;;;
21/08/2015;12:05:00;2843;sem vítima;806;BR-040/MG;Sul;Colisão Lateral;1;;;;1;;;;;;2;;;;
21/08/2015;01:45:00;2797;sem vítima;120;BR-040/RJ;Norte;Choque - Objeto Fixo;;;1;;;;;;;;1;;;;
22/08/2015;02:17:00;2947;com vítima;39;BR-040/RJ;Sul;Capotamento;1;;;;;;;;;;0;;1;;
22/08/2015;00:32:00;2941;com vítima;81;BR-040/RJ;Sul;Capotamento;1;;;;;;;;;;0;2;;;
22/08/2015;21:19:00;3057;sem vítima;85;BR-040/RJ;Norte;Choque - Objeto Fixo;1;;;;;;;;;;1;;;;
22/08/2015;09:38:00;2978;sem vítima;91;BR-040/RJ;Norte;Queda de Moto;;;;1;;;;;;;1;;;;
22/08/2015;07:08:00;2965;com vítima;109;BR-040/RJ;Norte;Atropelamento - Pedestre;;1;;;;1;;;;;1;;1;;
22/08/2015;14:03:00;3004;com vítima;113;BR-040/RJ;Sul;Queda de Moto;;;;1;;;;;;;0;1;;;
22/08/2015;20:57:00;3054;sem vítima;116;BR-040/RJ;Sul;Choque - Objeto Fixo;1;;;;;;;;;;1;;;;
22/08/2015;12:33:00;2998;com vítima;795;BR-040/MG;Sul;Colisão Lateral;1;;1;;;;;;;;1;1;;;
22/08/2015;03:36:00;2950;com vítima;803;BR-040/MG;Sul;Choque - Objeto Fixo;1;;;;;;;;;;0;2;;;
22/08/2015;16:58:00;3029;sem vítima;824;BR-040/MG;Sul;Choque - Objeto Fixo;1;;;;;;;;;;1;;;;
22/08/2015;19:59:00;3045;sem vítima;120;BR-040/RJ;Sul;Colisão Traseira;1;;;;1;;;;;;2;;;;
23/08/2015;20:27:00;3204;sem vítima;54;BR-040/RJ;Sul;Choque - Objeto Fixo;1;;;;;;;;;;1;;;;
23/08/2015;22:39:00;3219;sem vítima;60;BR-040/RJ;Norte;Atropelamento - Animal;1;;;;;;;;;;1;;;;
23/08/2015;10:48:00;3123;com vítima;68;BR-040/RJ;Norte;Choque - Objeto Fixo;1;;;;;;;;;;0;1;;;
23/08/2015;21:17:00;3208;com vítima;115;BR-040/RJ;Sul;Choque - Objeto Fixo;1;;;;;;;;;;0;1;;;
23/08/2015;09:57:00;3113;sem vítima;789;BR-040/MG;Sul;Colisão Lateral;1;;;1;;;;;;;2;;;;
23/08/2015;15:27:00;3163;sem vítima;799;BR-040/MG;Norte;Choque - Objeto Fixo;1;;;;;;;;;;1;;;;
24/08/2015;00:50:00;3239;com vítima;57;BR-040/RJ;Norte;Choque - Objeto Fixo;1;;;;;;;;;;0;2;;;
24/08/2015;16:30:00;3327;com vítima;75;BR-040/RJ;Sul;Capotamento;1;;;;;;;;;;0;1;;;
24/08/2015;20:19:00;3356;sem vítima;77;BR-040/RJ;Sul;Choque - Objeto Fixo;1;;;;;1;;;;;2;;;;
24/08/2015;18:32:00;3343;com vítima;86;BR-040/RJ;Norte;Capotamento;1;;;;;;;;;;0;1;;;
24/08/2015;20:33:00;3360;sem vítima;89;BR-040/RJ;Sul;Derrapagem;1;;;;;;;;;;1;;;;
24/08/2015;14:53:00;3308;sem vítima;93;BR-040/RJ;Sul;Choque - Objeto Fixo;1;;;;;;;;;;1;;;;
24/08/2015;21:29:00;3366;sem vítima;102;BR-040/RJ;Norte;Choque - Objeto Fixo;1;;;;;;;;;;1;;;;
24/08/2015;12:15:00;3285;sem vítima;828;BR-040/MG;Norte;Derrapagem;;;;1;;;;;;;1;;;;
25/08/2015;19:15:00;3501;com vítima;34;BR-040/RJ;Norte;Choque - Objeto Fixo;1;;;;;;;;;;0;1;;;
25/08/2015;18:58:00;3495;sem vítima;70;BR-040/RJ;Norte;Choque - Objeto Fixo;1;;;;;;;;;;1;;;;
25/08/2015;07:06:00;3402;sem vítima;72;BR-040/RJ;Norte;Choque - Objeto Fixo;1;;;;;;;;;;1;;;;
25/08/2015;23:04:00;3532;sem vítima;77;BR-040/RJ;Norte;Engavetamento;2;;;;;1;;;;;3;;;;
25/08/2015;21:10:00;3517;sem vítima;78;BR-040/RJ;Sul;Choque - Objeto Fixo;1;;;;;;;;;;1;;;;
25/08/2015;21:15:00;3521;sem vítima;78;BR-040/RJ;Sul;Choque - Objeto Fixo;1;;;;;;;;;;1;;;;
25/08/2015;21:15:00;3522;sem vítima;78;BR-040/RJ;Sul;Choque - Objeto Fixo;1;;;;;;;;;;1;;;;
25/08/2015;18:02:00;3489;com vítima;84;BR-040/RJ;Sul;Choque - Objeto Fixo;1;;;;;;;;;;0;1;;;
25/08/2015;05:48:00;3394;com vítima;92;BR-040/RJ;Sul;Choque - Objeto Fixo;1;;;;;;;;;;1;1;;;
25/08/2015;08:33:00;3417;sem vítima;92;BR-040/RJ;Norte;Choque - Objeto Fixo;1;;;;;;;;;;1;;;;
25/08/2015;10:26:00;3431;sem vítima;92;BR-040/RJ;Sul;Colisão Traseira;2;;;;;1;;;;;3;;;;
25/08/2015;14:58:00;3463;sem vítima;92;BR-040/RJ;Norte;Choque - Objeto Fixo;1;;;;;;;;;;1;;;;
25/08/2015;16:02:00;3475;sem vítima;93;BR-040/RJ;Sul;Choque - Objeto Fixo;2;;;;;;;;;;2;;;;
25/08/2015;16:06:00;3476;sem vítima;93;BR-040/RJ;Norte;Engavetamento;1;;2;;;;;;;;3;;;;
25/08/2015;06:26:00;3396;com vítima;96;BR-040/RJ;Norte;Choque - Objeto Fixo;;;1;;;;;;;;0;1;;;