data;horario;n_da_ocorrencia;tipo_de_ocorrencia;km;trecho;sentido;tipo_de_acidente;automovel;bicicleta;caminhao;moto;onibus;outros;tracao_animal;transporte_de_cargas_especiais;trator_maquinas;utilitarios;ilesos;levemente_feridos;moderadamente_feridos;gravemente_feridos;mortos
25/08/2015;15:22:00;3466;sem vítima;96;BR-040/RJ;Norte;Choque - Objeto Fixo;1;;;;;;;;;;1;;;;
25/08/2015;07:50:00;3409;sem vítima;97;BR-040/RJ;Sul;Colisão Lateral;1;;1;;;;;;;;2;;;;
25/08/2015;21:06:00;3516;sem vítima;105;BR-040/RJ;Norte;Colisão Lateral;;;;;1;1;;;;;2;;;;
25/08/2015;19:28:00;3504;sem vítima;109;BR-040/RJ;Norte;Choque - Objeto Fixo;1;;;;;;;;;;1;;;;
25/08/2015;14:40:00;3460;com vítima;799;BR-040/MG;Sul;Queda de Moto;;;;1;;;;;;;0;;1;;
25/08/2015;07:01:00;3399;com vítima;823;BR-040/MG;Sul;Choque - Objeto Fixo;1;;;;;;;;;;0;1;;;
25/08/2015;03:44:00;3385;com vítima;827;BR-040/MG;Norte;Choque - Objeto Fixo;1;;;;;;;;;;0;1;;;
26/08/2015;00:30:00;3539;sem vítima;83;BR-040/RJ;Norte;Choque - Objeto Fixo;1;;;;;;;;;;1;;;;
26/08/2015;13:58:00;3599;sem vítima;92;BR-040/RJ;Norte;Choque - Objeto Fixo;;;1;;;;;;;;1;;;;
26/08/2015;06:03:00;3559;sem vítima;101;BR-040/RJ;Sul;Choque - Objeto Fixo;1;;;;;;;;;;1;;;;
26/08/2015;20:06:00;3634;sem vítima;105;BR-040/RJ;Norte;Colisão Lateral;1;;1;;;;;;;;2;;;;
26/08/2015;08:15:00;3571;sem vítima;113;BR-040/RJ;Sul;Colisão Traseira;2;;;;;;;;;;2;;;;
26/08/2015;00:17:00;3538;sem vítima;792;BR-040/MG;Norte;Derrapagem;1;;;;;;;;;;1;;;;
27/08/2015;17:01:00;3737;sem vítima;78;BR-040/RJ;Sul;Choque - Objeto Fixo;1;;;;;;;;;;1;;;;
27/08/2015;16:40:00;3735;sem vítima;82;BR-040/RJ;Sul;Choque - Objeto Fixo;1;;;;;;;;;;1;;;;
27/08/2015;16:15:00;3733;sem vítima;110;BR-040/RJ;Norte;Colisão Lateral;2;;;;;;;;;;2;;;;
27/08/2015;20:56:00;3768;sem vítima;113;BR-040/RJ;Sul;Colisão Traseira;2;;;;;;;;;;2;;;;
27/08/2015;08:58:00;3683;com vítima;117;BR-040/RJ;Norte;Colisão Traseira;1;;;1;;;;;;;1;1;;;
27/08/2015;16:09:00;3732;com vítima;798;BR-040/MG;Sul;Choque - Objeto Fixo;1;;;;;;;;;;0;1;;;
27/08/2015;13:03:00;3712;com vítima;121;BR-040/RJ;Sul;Choque - Objeto Fixo;1;;;;;;;;;;0;1;;;
27/08/2015;00:30:00;3653;sem vítima;122;BR-040/RJ;Norte;Colisão Traseira;1;;;;;1;;;;;2;;;;
28/08/2015;18:14:00;3899;sem vítima;78;BR-040/RJ;Sul;Choque - Objeto Fixo;1;;;;;;;;;;1;;;;
28/08/2015;07:20:00;3806;com vítima;108;BR-040/RJ;Norte;Choque - Objeto Fixo;1;;;;;;;;;;0;1;;;
28/08/2015;18:56:00;3905;sem vítima;109;BR-040/RJ;Norte;Colisão Traseira;1;;;;;1;;;;;2;;;;
28/08/2015;18:45:00;3903;sem vítima;110;BR-040/RJ;Norte;Colisão Lateral;1;;1;;;;;;;;2;;;;
28/08/2015;23:39:00;3934;com vítima;115;BR-040/RJ;Sul;Choque - Objeto Fixo;1;;;;;;;;;;0;1;;;
28/08/2015;16:00:00;3875;com vítima;124;BR-040/RJ;Norte;Colisão Traseira;1;;;1;;;;;;;1;;1;;
29/08/2015;02:10:00;3946;com vítima;85;BR-040/RJ;Sul;Capotamento;1;;;;;;;;;;0;;1;;
29/08/2015;09:18:00;3974;sem vítima;89;BR-040/RJ;Sul;Choque - Objeto Fixo;1;;;;;;;;;;1;;;;
29/08/2015;14:32:00;4012;sem vítima;93;BR-040/RJ;Norte;Colisão Lateral;1;;1;;;;;;;;2;;;;
29/08/2015;21:53:00;4058;sem vítima;96;BR-040/RJ;Sul;Choque - Objeto Fixo;1;;;;;;;;;;1;;;;
29/08/2015;23:06:00;4065;sem vítima;96;BR-040/RJ;Norte;Choque - Objeto Fixo;1;;;;;;;;;;1;;;;
29/08/2015;18:17:00;4044;sem vítima;791;BR-040/MG;Sul;Colisão Traseira;2;;;;;;;;;;2;;;;
29/08/2015;10:52:00;3986;com vítima;796;BR-040/MG;Norte;Choque - Objeto Fixo;1;;;;;;;;;;0;3;;;
29/08/2015;05:13:00;3959;com vítima;119;BR-040/RJ;Sul;Queda de Moto;;;;1;;;;;;;0;;2;;
29/08/2015;11:38:00;3992;sem vítima;120;BR-040/RJ;Sul;Derrapagem;1;;;;;;;;;;1;;;;
30/08/2015;20:55:00;4199;com vítima;6;BR-040/RJ;Sul;Choque - Objeto Fixo;;;;1;;;;;;;0;;1;;
30/08/2015;06:29:00;4099;sem vítima;31;BR-040/RJ;Sul;Choque - Objeto Fixo;1;;;;;;;;;;1;;;;
30/08/2015;14:40:00;4140;sem vítima;55;BR-040/RJ;Sul;Choque - Objeto Fixo;1;;;;;;;;;;1;;;;
30/08/2015;10:58:00;4120;com vítima;66;BR-040/RJ;Sul;Choque - Objeto Fixo;1;;;;;;;;;;0;;;1;2
30/08/2015;10:40:00;4118;sem vítima;78;BR-040/RJ;Sul;Queda de Moto;;;;1;;;;;;;1;;;;
30/08/2015;04:51:00;4091;sem vítima;84;BR-040/RJ;Norte;Choque - Objeto Fixo;1;;;;;;;;;;1;;;;
30/08/2015;15:29:00;4146;sem vítima;92;BR-040/RJ;Sul;Engavetamento;5;;;;;;;;;;5;;;;
30/08/2015;16:29:00;4158;sem vítima;94;BR-040/RJ;Norte;Capotamento;1;;;;;;;;;;1;;;;
30/08/2015;14:37:00;4139;com vítima;109;BR-040/RJ;Norte;Queda de Moto;;;;1;;;;;;;0;;1;;
30/08/2015;00:07:00;4073;sem vítima;111;BR-040/RJ;Norte;Choque - Objeto Fixo;1;;;;;;;;;;1;;;;
30/08/2015;07:54:00;4104;sem vítima;796;BR-040/MG;Sul;Choque - Objeto Fixo;1;;;;;;;;;;1;;;;
30/08/2015;02:05:00;4084;sem vítima;118;BR-040/RJ;Sul;Choque - Objeto Fixo;1;;;;;;;;;;1;;;;
31/08/2015;01:56:00;4224;com vítima;22;BR-040/RJ;Sul;Tombamento;1;;;;;;;;;;0;2;;;
31/08/2015;15:51:00;4310;com vítima;82;BR-040/RJ;Norte;Engavetamento;1;;1;1;;;;;;;2;1;;;
31/08/2015;03:52:00;4231;com vítima;105;BR-040/RJ;Norte;Choque - Objeto Fixo;1;;;;;;;;;;0;;1;;
31/08/2015;15:30:00;4304;com vítima;108;BR-040/RJ;Sul;Colisão Lateral;1;;1;;;;;;;;0;2;;;
31/08/2015;11:44:00;4272;com vítima;109;BR-040/RJ;Sul;Colisão Traseira;2;;;;;;;;;;1;1;;;
01/09/2015;16:48:00;107;sem vítima;49;BR-040/RJ;Norte;Colisão Lateral;1;;1;;;;;;;;2;;;;
01/09/2015;18:30:00;115;com vítima;50;BR-040/RJ;Sul;Colisão Traseira;;;1;1;;;;;;;0;1;;;1
01/09/2015;16:47:00;106;sem vítima;59;BR-040/RJ;Sul;Colisão Traseira;2;;;;;;;;;;2;;;;
01/09/2015;23:11:00;152;sem vítima;78;BR-040/RJ;Sul;Choque - Objeto Fixo;1;;;;;;;;;;1;;;;
01/09/2015;03:33:00;10;com vítima;89;BR-040/RJ;Norte;Choque - Objeto Fixo;1;;;;;;;;;;0;3;1;;
01/09/2015;22:40:00;148;sem vítima;95;BR-040/RJ;Norte;Choque - Objeto Fixo;1;;;;;;;;;;1;;;;
01/09/2015;11:36:00;59;com vítima;106;BR-040/RJ;Norte;Colisão Frontal;1;;;1;;;;;;;1;;1;;
01/09/2015;17:40:00;111;com vítima;108;BR-040/RJ;Norte;Queda de Moto;;;;1;;;;;;;0;1;;;
01/09/2015;07:03:00;24;com vítima;111;BR-040/RJ;Sul;Colisão Lateral;1;;;1;;;;;;;1;1;;;
01/09/2015;05:28:00;17;com vítima;113;BR-040/RJ;Sul;Engavetamento;3;;;;;;;;;;1;8;1;;
01/09/2015;08:53:00;39;sem vítima;115;BR-040/RJ;Norte;Choque - Objeto Fixo;1;;;;;;;;;;1;;;;
01/09/2015;16:12:00;99;com vítima;116;BR-040/RJ;Norte;Colisão Traseira;1;;1;;;;;;;;1;;1;;1
01/09/2015;15:27:00;90;sem vítima;123;BR-040/RJ;Sul;Colisão Lateral;;;1;;1;;;;;;2;;;;
02/09/2015;20:13:00;282;sem vítima;30;BR-040/RJ;Norte;Choque - Objeto Fixo;1;;;;;;;;;;1;;;;
02/09/2015;22:03:00;295;sem vítima;38;BR-040/RJ;Norte;Choque - Objeto Fixo;1;;;;;;;;;;1;;;;
02/09/2015;10:50:00;214;sem vítima;80;BR-040/RJ;Norte;Choque - Objeto Fixo;1;;;;;;;;;;1;;;;
02/09/2015;09:35:00;203;sem vítima;84;BR-040/RJ;Norte;Choque - Objeto Fixo;1;;;;;;;;;;1;;;;
02/09/2015;09:35:00;206;sem vítima;84;BR-040/RJ;Norte;Choque - Objeto Fixo;1;;;;;;;;;;1;;;;
02/09/2015;07:31:00;184;sem vítima;90;BR-040/RJ;Norte;Choque - Objeto Fixo;1;;;;;;;;;;1;;;;
02/09/2015;07:25:00;182;sem vítima;91;BR-040/RJ;Sul;Choque - Objeto Fixo;1;;;;;;;;;;1;;;;
02/09/2015;08:38:00;192;com vítima;91;BR-040/RJ;Norte;Capotamento;1;;;;;;;;;;0;1;;;
02/09/2015;08:15:00;188;com vítima;101;BR-040/RJ;Sul;Colisão Traseira;1;;;1;;;;;;;0;2;1;;
02/09/2015;20:08:00;281;com vítima;105;BR-040/RJ;Sul;Colisão Frontal;;;;;;1;1;;;;1;1;1;;
02/09/2015;19:03:00;272;sem vítima;112;BR-040/RJ;Norte;Colisão Traseira;1;;1;;;;;;;;2;;;;
02/09/2015;18:44:00;268;sem vítima;113;BR-040/RJ;Norte;Colisão Traseira;1;;;;;1;;;;;2;;;;
02/09/2015;18:51:00;269;sem vítima;113;BR-040/RJ;Norte;Colisão Traseira;2;;;;;;;;;;2;;;;
03/09/2015;22:50:00;439;com vítima;4;BR-040/RJ;Sul;Capotamento;1;;;;;;;;;;0;1;;;
03/09/2015;20:20:00;419;sem vítima;25;BR-040/RJ;Sul;Choque - Objeto Fixo;1;;;;;;;;;;1;;;;
03/09/2015;03:58:00;314;com vítima;32;BR-040/RJ;Norte;Tombamento;;;1;;;;;;;;0;;;;1
03/09/2015;14:12:00;382;sem vítima;59;BR-040/RJ;Sul;Choque - Objeto Fixo;1;;;;;;;;;;1;;;;
03/09/2015;15:54:00;396;sem vítima;59;BR-040/RJ;Norte;Queda de Moto;;;;1;;;;;;;1;;;;
03/09/2015;06:26:00;327;sem vítima;110;BR-040/RJ;Sul;Colisão Traseira;2;;;;;;;;;;2;;;;
03/09/2015;05:02:00;320;sem vítima;114;BR-040/RJ;Sul;Engavetamento;1;;2;;;1;;;;;4;;;;
04/09/2015;23:30:00;612;sem vítima;3;BR-040/RJ;Sul;Choque - Objeto Fixo;1;;;;;;;;;;1;;;;
04/09/2015;14:35:00;534;sem vítima;57;BR-040/RJ;Norte;Colisão Lateral;1;;1;;;;;;;;2;;;;
04/09/2015;08:06:00;469;sem vítima;74;BR-040/RJ;Sul;Choque - Objeto Fixo;1;;;;;;;;;;1;;;;
04/09/2015;17:34:00;558;com vítima;78;BR-040/RJ;Sul;Capotamento;1;;;;;;;;;;0;;2;;
04/09/2015;14:03:00;529;sem vítima;82;BR-040/RJ;Norte;Colisão Lateral;1;;1;;;;;;;;2;;;;
04/09/2015;15:45:00;546;com vítima;82;BR-040/RJ;Sul;Choque - Objeto Fixo;1;;;;;;;;;;0;;1;;
04/09/2015;22:45:00;604;sem vítima;89;BR-040/RJ;Norte;Choque - Objeto Fixo;1;;;;;;;;;;1;;;;
04/09/2015;22:12:00;598;sem vítima;93;BR-040/RJ;Sul;Choque - Objeto Fixo;1;;;;;;;;;;1;;;;
04/09/2015;13:18:00;519;com vítima;105;BR-040/RJ;Norte;Atropelamento - Pedestre;;;1;;;;;;;;1;1;;;
04/09/2015;11:32:00;505;sem vítima;109;BR-040/RJ;Norte;Colisão Lateral;1;;1;;;;;;;;2;;;;
04/09/2015;09:15:00;477;com vítima;112;BR-040/RJ;Norte;Atropelamento - Pedestre;1;;;;;;;;;;1;;1;;
04/09/2015;23:34:00;611;com vítima;774;BR-040/MG;Norte;Capotamento;1;;;;;;;;;;0;;2;;
04/09/2015;21:40:00;590;com vítima;780;BR-040/MG;Sul;Capotamento;1;;;;;;;;;;0;2;;;
04/09/2015;11:11:00;498;sem vítima;801;BR-040/MG;Sul;Choque - Objeto Fixo;1;;;;;;;;;;1;;;;
05/09/2015;11:24:00;717;com vítima;7;BR-040/RJ;Sul;Colisão Lateral;2;;;;;;;;;;0;7;;;
05/09/2015;15:34:00;754;sem vítima;34;BR-040/RJ;Norte;Choque - Objeto Fixo;1;;;;;;;;;;1;;;;
05/09/2015;18:32:00;783;com vítima;34;BR-040/RJ;Norte;Choque - Objeto Fixo;1;;;;;;;;;;0;3;;;
05/09/2015;00:33:00;619;com vítima;36;BR-040/RJ;Norte;Colisão Traseira;2;;;;;;;;;;0;7;;;
05/09/2015;14:34:00;742;sem vítima;36;BR-040/RJ;Norte;Choque - Objeto Fixo;1;;;;;;;;;;1;;;;
05/09/2015;00:24:00;617;sem vítima;51;BR-040/RJ;Norte;Choque - Objeto Fixo;1;;;;;;;;;;1;;;;
05/09/2015;00:39:00;622;sem vítima;64;BR-040/RJ;Norte;Choque - Objeto Fixo;1;;;;;;;;;;1;;;;
05/09/2015;20:40:00;803;sem vítima;70;BR-040/RJ;Norte;Choque - Objeto Fixo;1;;;;;;;;;;1;;;;
05/09/2015;13:28:00;726;sem vítima;72;BR-040/RJ;Norte;Choque - Objeto Fixo;1;;;;;;;;;;1;;;;
05/09/2015;13:51:00;731;sem vítima;74;BR-040/RJ;Norte;Choque - Objeto Fixo;1;;;;;;;;;;1;;;;
05/09/2015;22:40:00;811;sem vítima;74;BR-040/RJ;Norte;Choque - Objeto Fixo;1;;;;;;;;;;1;;;;
05/09/2015;18:11:00;779;com vítima;77;BR-040/RJ;Sul;Choque - Objeto Fixo;1;;;;;;;;;;0;2;;;
05/09/2015;07:14:00;664;sem vítima;78;BR-040/RJ;Sul;Choque - Objeto Fixo;1;;;;;;;;;;1;;;;
05/09/2015;11:05:00;712;com vítima;78;BR-040/RJ;Sul;Capotamento;1;;;;;;;;;;0;1;;;
05/09/2015;09:24:00;691;sem vítima;81;BR-040/RJ;Sul;Choque - Objeto Fixo;2;;;;;;;;;;2;;;;
05/09/2015;04:33:00;649;sem vítima;86;BR-040/RJ;Norte;Choque - Objeto Fixo;1;;;;;;;;;;1;;;;
05/09/2015;14:56:00;748;sem vítima;89;BR-040/RJ;Sul;Choque - Objeto Fixo;1;;;;;;;;;;1;;;;
05/09/2015;14:30:00;741;sem vítima;90;BR-040/RJ;Sul;Choque - Objeto Fixo;1;;;;;;;;;;1;;;;
05/09/2015;14:30:00;743;com vítima;90;BR-040/RJ;Sul;Choque - Objeto Fixo;1;;;;;;;;;;0;2;2;;
05/09/2015;14:30:00;744;com vítima;90;BR-040/RJ;Sul;Choque - Objeto Fixo;1;;;;;;;;;;0;1;;;
05/09/2015;14:35:00;747;com vítima;90;BR-040/RJ;Sul;Choque - Objeto Fixo;1;;;;;;;;;;0;1;;;
05/09/2015;10:40:00;702;com vítima;91;BR-040/RJ;Sul;Engavetamento;1;;;;;;;;;;0;2;1;;
05/09/2015;12:11:00;719;sem vítima;92;BR-040/RJ;Sul;Choque - Objeto Fixo;1;;;;;;;;;;1;;;;
05/09/2015;17:07:00;766;sem vítima;92;BR-040/RJ;Norte;Choque - Objeto Fixo;1;;;;;;;;;;1;;;;
05/09/2015;08:54:00;682;sem vítima;93;BR-040/RJ;Sul;Choque - Objeto Fixo;1;;;;;;;;;;1;;;;
05/09/2015;09:08:00;687;sem vítima;93;BR-040/RJ;Norte;Choque - Objeto Fixo;1;;;;;;;;;;1;;;;
05/09/2015;10:21:00;701;sem vítima;93;BR-040/RJ;Norte;Choque - Objeto Fixo;1;;;;;;;;;;1;;;;
05/09/2015;10:40:00;706;sem vítima;93;BR-040/RJ;Sul;Choque - Objeto Fixo;1;;;;;;;;;;1;;;;
05/09/2015;14:14:00;735;sem vítima;93;BR-040/RJ;Norte;Choque - Objeto Fixo;1;;;;;;;;;;1;;;;
05/09/2015;14:19:00;739;sem vítima;93;BR-040/RJ;Sul;Choque - Objeto Fixo;1;;;;;;;;;;1;;;;
05/09/2015;06:40:00;663;sem vítima;94;BR-040/RJ;Sul;Choque - Objeto Fixo;1;;;;;;;;;;1;;;;
05/09/2015;06:46:00;667;sem vítima;94;BR-040/RJ;Sul;Choque - Objeto Fixo;1;;;;;;;;;;1;;;;
05/09/2015;20:09:00;797;sem vítima;94;BR-040/RJ;Norte;Choque - Objeto Fixo;1;;;;;;;;;;1;;;;
05/09/2015;11:07:00;713;sem vítima;96;BR-040/RJ;Norte;Choque - Objeto Fixo;1;;;;;;;;;;1;;;;
05/09/2015;15:00:00;751;sem vítima;96;BR-040/RJ;Sul;Choque - Objeto Fixo;1;;;;;;;;;;1;;;;
05/09/2015;09:37:00;696;sem vítima;97;BR-040/RJ;Norte;Colisão Traseira;2;;;;;;;;;;2;;;;
05/09/2015;07:36:00;669;sem vítima;105;BR-040/RJ;Norte;Colisão Lateral;1;;1;;;;;;;;2;;;;
05/09/2015;19:37:00;794;sem vítima;106;BR-040/RJ;Norte;Colisão Traseira;2;;;;;;;;;;2;;;;
05/09/2015;08:58:00;683;sem vítima;109;BR-040/RJ;Norte;Choque - Objeto Fixo;1;;;;;;;;;;1;;;;
05/09/2015;20:29:00;801;sem vítima;109;BR-040/RJ;Norte;Choque - Objeto Fixo;1;;;;;;;;;;1;;;;
05/09/2015;04:58:00;653;sem vítima;110;BR-040/RJ;Norte;Choque - Objeto Fixo;1;;;;;;;;;;1;;;;
05/09/2015;17:21:00;767;sem vítima;784;BR-040/MG;Norte;Choque - Objeto Fixo;1;;;;;;;;;;1;;;;
05/09/2015;05:01:00;654;com vítima;793;BR-040/MG;Sul;Capotamento;1;;;;;;;;;;0;4;;;
05/09/2015;17:42:00;772;com vítima;806;BR-040/MG;Sul;Colisão Traseira;1;;;1;;;;;;;0;4;;;
05/09/2015;12:40:00;722;sem vítima;816;BR-040/MG;Norte;Colisão Traseira;1;;;1;;;;;;;2;;;;
05/09/2015;07:19:00;666;sem vítima;120;BR-040/RJ;Sul;Choque - Objeto Fixo;1;;;;;;;;;;1;;;;
05/09/2015;07:57:00;672;sem vítima;123;BR-040/RJ;Norte;Colisão Lateral;3;;;;;;;;;;3;;;;
06/09/2015;07:19:00;845;sem vítima;9;BR-040/RJ;Norte;Choque - Objeto Fixo;1;;;;;;;;;;1;;;;
06/09/2015;12:54:00;883;com vítima;51;BR-040/RJ;Norte;Queda de Moto;;;;1;;;;;;;0;2;;;
06/09/2015;06:31:00;839;sem vítima;79;BR-040/RJ;Norte;Choque - Objeto Fixo;1;;;;;;;;;;1;;;;
06/09/2015;13:54:00;893;sem vítima;84;BR-040/RJ;Norte;Choque - Objeto Fixo;1;;;;;;;;;;1;;;;
06/09/2015;12:30:00;881;sem vítima;93;BR-040/RJ;Sul;Derrapagem;1;;;;;;;;;;1;;;;
06/09/2015;15:06:00;900;sem vítima;111;BR-040/RJ;Norte;Engavetamento;2;;;;;1;;;;;3;;;;
06/09/2015;05:23:00;833;sem vítima;116;BR-040/RJ;Norte;Choque - Objeto Fixo;1;;;;;;;;;;1;;;;
06/09/2015;06:56:00;841;sem vítima;792;BR-040/MG;Norte;Choque - Objeto Fixo;1;;;;;;;;;;1;;;;
06/09/2015;02:21:00;824;com vítima;793;BR-040/MG;Sul;Choque - Objeto Fixo;1;;;;;;;;;;0;1;;;
06/09/2015;22:35:00;948;com vítima;793;BR-040/MG;Norte;Capotamento;1;;;;;;;;;;0;2;;;
06/09/2015;23:13:00;951;com vítima;120;BR-040/RJ;Sul;Tombamento;;;1;;;;;;;;0;1;;;
07/09/2015;12:10:00;1022;sem vítima;0;BR-040/RJ;Norte;Derrapagem;1;;;;;;;;;;1;;;;
07/09/2015;14:12:00;1052;sem vítima;2;BR-040/RJ;Norte;Choque - Objeto Fixo;1;;;;;;;;;;1;;;;
07/09/2015;15:23:00;1109;com vítima;2;BR-040/RJ;Sul;Choque - Objeto Fixo;1;;;;;;;;;;0;3;2;;
07/09/2015;02:50:00;965;com vítima;3;BR-040/RJ;Sul;Queda de Moto;;;;1;;;;;;;0;1;;;
07/09/2015;00:20:00;954;sem vítima;4;BR-040/RJ;Norte;Choque - Objeto Fixo;1;;;;;;;;;;1;;;;
07/09/2015;14:57:00;1061;sem vítima;4;BR-040/RJ;Sul;Choque - Objeto Fixo;1;;;;;;;;;;1;;;;
07/09/2015;17:57:00;1098;sem vítima;13;BR-040/RJ;Norte;Capotamento;1;;;;;;;;;;1;;;;
07/09/2015;16:23:00;1085;com vítima;30;BR-040/RJ;Sul;Choque - Objeto Fixo;2;;;;;;;;;;0;9;;;
07/09/2015;15:49:00;1070;com vítima;31;BR-040/RJ;Sul;Colisão Traseira;2;;;;;;;;;;0;6;;;
07/09/2015;15:34:00;1068;com vítima;32;BR-040/RJ;Sul;Choque - Objeto Fixo;1;;;;;;;;;;0;1;;;
07/09/2015;13:10:00;1036;sem vítima;34;BR-040/RJ;Norte;Choque - Objeto Fixo;1;;;;;;;;;;1;;;;
07/09/2015;16:30:00;1087;com vítima;34;BR-040/RJ;Norte;Capotamento;1;;;;;;;;;;0;5;;;
07/09/2015;14:07:00;1051;sem vítima;43;BR-040/RJ;Norte;Choque - Objeto Fixo;1;;;;;;;;;;1;;;;
07/09/2015;16:06:00;1074;com vítima;43;BR-040/RJ;Norte;Choque - Objeto Fixo;1;;;;;;;;;;0;2;;;
07/09/2015;19:05:00;1107;sem vítima;43;BR-040/RJ;Sul;Colisão Traseira;1;;;;;1;;;;;2;;;;
07/09/2015;16:05:00;1073;sem vítima;52;BR-040/RJ;Norte;Choque - Objeto Fixo;1;;;;;;;;;;1;;;;
07/09/2015;11:45:00;1016;sem vítima;55;BR-040/RJ;Sul;Derrapagem;1;;;;;;;;;;1;;;;
07/09/2015;13:15:00;1041;sem vítima;59;BR-040/RJ;Norte;Derrapagem;1;;;;;;;;;;1;;;;
07/09/2015;05:22:00;978;sem vítima;62;BR-040/RJ;Norte;Derrapagem;1;;;;;;;;;;1;;;;
07/09/2015;13:22:00;1039;sem vítima;74;BR-040/RJ;Sul;Colisão Traseira;2;;;;;;;;;;2;;;;
07/09/2015;15:26:00;1065;sem vítima;75;BR-040/RJ;Norte;Choque - Objeto Fixo;1;;;;;;;;;;1;;;;
07/09/2015;16:40:00;1081;sem vítima;77;BR-040/RJ;Sul;Choque - Objeto Fixo;1;;;;;;;;;;1;;;;
07/09/2015;12:07:00;1020;sem vítima;78;BR-040/RJ;Sul;Derrapagem;1;;;;;;;;;;1;;;;
07/09/2015;12:40:00;1027;sem vítima;78;BR-040/RJ;Sul;Derrapagem;1;;;;;;;;;;1;;;;
07/09/2015;01:19:00;962;sem vítima;80;BR-040/RJ;Sul;Choque - Objeto Fixo;1;;;;;;;;;;1;;;;
07/09/2015;13:29:00;1042;sem vítima;80;BR-040/RJ;Norte;Choque - Objeto Fixo;1;;;;;;;;;;1;;;;
07/09/2015;13:43:00;1047;sem vítima;80;BR-040/RJ;Sul;Colisão Lateral;2;;;;;;;;;;2;;;;
07/09/2015;02:10:00;963;com vítima;84;BR-040/RJ;Sul;Queda de Moto;;;;1;;;;;;;0;2;;;
07/09/2015;10:57:00;1010;sem vítima;87;BR-040/RJ;Sul;Choque - Objeto Fixo;1;;;;;;;;;;1;;;;
07/09/2015;13:20:00;1044;sem vítima;90;BR-040/RJ;Norte;Colisão Traseira;2;;;;;;;;;;2;;;;
07/09/2015;14:35:00;1055;sem vítima;91;BR-040/RJ;Sul;Capotamento;1;;;;;;;;;;1;;;;
07/09/2015;18:19:00;1100;sem vítima;92;BR-040/RJ;Norte;Engavetamento;2;;;;;;;;;;2;;;;
07/09/2015;14:00:00;1049;com vítima;94;BR-040/RJ;Sul;Capotamento;1;;;;;;;;;;0;1;1;;
07/09/2015;12:55:00;1030;sem vítima;97;BR-040/RJ;Sul;Choque - Objeto Fixo;1;;;;;;;;;;1;;;;
07/09/2015;04:04:00;971;com vítima;110;BR-040/RJ;Norte;Capotamento;1;;;;;;;;;;0;;1;;
07/09/2015;12:35:00;1024;sem vítima;783;BR-040/MG;Norte;Choque - Objeto Fixo;1;;;;;;;;;;1;;;;
07/09/2015;13:15:00;1033;sem vítima;787;BR-040/MG;Norte;Capotamento;1;;;;;;;;;;1;;;;
07/09/2015;15:28:00;1066;com vítima;790;BR-040/MG;Sul;Colisão Lateral;3;;;;;;;;;;1;7;;;
07/09/2015;11:14:00;1011;com vítima;801;BR-040/MG;Sul;Capotamento;1;;;;;;;;;;0;3;;;
07/09/2015;16:32:00;1080;sem vítima;823;BR-040/MG;Sul;Choque - Objeto Fixo;1;;;;;;;;;;1;;;;
08/09/2015;09:15:00;1213;sem vítima;2;BR-040/RJ;Norte;Choque - Objeto Fixo;1;;;;;;;;;;1;;;;
08/09/2015;08:16:00;1198;sem vítima;4;BR-040/RJ;Sul;Choque - Objeto Fixo;1;;;;;;;;;;1;;;;
08/09/2015;09:03:00;1205;sem vítima;34;BR-040/RJ;Norte;Colisão Lateral;3;;;;;1;;;;;4;;;;
08/09/2015;09:34:00;1208;com vítima;38;BR-040/RJ;Norte;Choque - Objeto Fixo;1;;;;;;;;;;0;;4;;
08/09/2015;08:37:00;1202;com vítima;43;BR-040/RJ;Norte;Choque - Objeto Fixo;1;;;;;;;;;;0;4;1;;
08/09/2015;08:12:00;1197;sem vítima;77;BR-040/RJ;Sul;Choque - Objeto Fixo;1;;;;;;;;;;1;;;;
08/09/2015;22:40:00;1284;sem vítima;80;BR-040/RJ;Sul;Colisão Traseira;1;;;;;1;;;;;2;;;;
08/09/2015;17:33:00;1254;com vítima;84;BR-040/RJ;Sul;Colisão Traseira;;;2;;;;;;;;0;3;;;
08/09/2015;18:35:00;1261;sem vítima;89;BR-040/RJ;Norte;Choque - Objeto Fixo;1;;;;;;;;;;1;;;;
08/09/2015;07:55:00;1196;com vítima;92;BR-040/RJ;Sul;Capotamento;1;;;;;;;;;;0;4;;;
08/09/2015;23:32:00;1290;sem vítima;92;BR-040/RJ;Norte;Choque - Objeto Fixo;1;;;;;;;;;;1;;;;
08/09/2015;06:02:00;1185;sem vítima;102;BR-040/RJ;Sul;Colisão Traseira;1;;1;;;;;;;;2;;;;
08/09/2015;06:44:00;1189;com vítima;114;BR-040/RJ;Sul;Colisão Traseira;;;;;2;;;;;;1;3;;;
08/09/2015;23:00:00;1288;com vítima;121;BR-040/RJ;Norte;Queda de Moto;;;;1;;;;;;;0;1;;;
09/09/2015;09:53:00;1341;com vítima;34;BR-040/RJ;Norte;Capotamento;1;;;;;;;;;;0;1;;;
09/09/2015;14:23:00;1374;com vítima;36;BR-040/RJ;Sul;Capotamento;1;;;;;;;;;;0;1;;;
09/09/2015;10:37:00;1349;sem vítima;78;BR-040/RJ;Sul;Choque - Objeto Fixo;1;;;;;;;;;;1;;;;
09/09/2015;06:55:00;1320;sem vítima;92;BR-040/RJ;Norte;Choque - Objeto Fixo;1;;;;;;;;;;1;;;;