data;horario;n_da_ocorrencia;tipo_de_ocorrencia;km;trecho;sentido;tipo_de_acidente;automovel;bicicleta;caminhao;moto;onibus;outros;tracao_animal;transporte_de_cargas_especiais;trator_maquinas;utilitarios;ilesos;levemente_feridos;moderadamente_feridos;gravemente_feridos;mortos
12/11/2015;17:16:00;1722;com vítima;78;BR-040/RJ;Norte;Atropelamento - Pedestre;1;;;;;;;;;;0;1;1;;
12/11/2015;14:55:00;1698;sem vítima;92;BR-040/RJ;Norte;Choque - Objeto Fixo;1;;;;;;;;;;1;;;;
12/11/2015;11:31:00;1676;sem vítima;112;BR-040/RJ;Norte;Choque - Objeto Fixo;1;;;;;;;;;;1;;;;
12/11/2015;19:58:00;1747;com vítima;117;BR-040/RJ;Norte;Atropelamento - Pedestre;1;;;;;;;;;;1;;;;1
12/11/2015;12:21:00;1679;sem vítima;118;BR-040/RJ;Norte;Colisão Traseira;;;1;;1;;;;;;2;;;;
12/11/2015;06:32:00;1652;com vítima;820;BR-040/MG;Sul;Tombamento;;;1;;;;;;;;0;1;;;
12/11/2015;20:33:00;1750;com vítima;119;BR-040/RJ;Norte;Queda de Moto;3;;;1;;;;;;;2;;1;;1
13/11/2015;13:07:00;1833;sem vítima;7;BR-040/RJ;Sul;Colisão Lateral;2;;;;;;;;;;2;;;;
13/11/2015;21:59:00;1907;sem vítima;113;BR-040/RJ;Norte;Choque - Objeto Fixo;1;;;;;;;;;;1;;;;
13/11/2015;20:14:00;1898;sem vítima;825;BR-040/MG;Sul;Choque - Objeto Fixo;1;;;;;;;;;;1;;;;
13/11/2015;18:10:00;1881;sem vítima;121;BR-040/RJ;Norte;Colisão Lateral;1;;1;;;;;;;;2;;;;
13/11/2015;06:28:00;1796;sem vítima;122;BR-040/RJ;Sul;Engavetamento;2;;;1;;;;;;;3;;;;
14/11/2015;12:32:00;1990;com vítima;56;BR-040/RJ;Sul;Colisão Traseira;2;;;;;;;;;;0;3;;;
14/11/2015;14:35:00;2015;sem vítima;90;BR-040/RJ;Norte;Colisão Traseira;1;;;;;1;;;;;2;;;;
14/11/2015;07:04:00;1947;com vítima;110;BR-040/RJ;Norte;Colisão Lateral;;;1;1;;;;;;;1;;;;1
14/11/2015;07:05:00;1948;com vítima;116;BR-040/RJ;Norte;Colisão Lateral;1;;1;;;;;;;;1;1;;;
14/11/2015;17:28:00;2051;sem vítima;786;BR-040/MG;Norte;Choque - Objeto Fixo;1;;;;;;;;;;1;;;;
14/11/2015;17:30:00;2054;sem vítima;786;BR-040/MG;Norte;Choque - Objeto Fixo;1;;;;;;;;;;1;;;;
14/11/2015;23:57:00;2101;com vítima;823;BR-040/MG;Norte;Colisão Traseira;;;2;;;;;;;;0;2;;;
15/11/2015;18:44:00;2205;sem vítima;2;BR-040/RJ;Norte;Choque - Objeto Fixo;1;;;;;;;;;;1;;;;
15/11/2015;17:32:00;2192;sem vítima;6;BR-040/RJ;Sul;Choque - Objeto Fixo;1;;;;;;;;;;1;;;;
15/11/2015;15:01:00;2167;sem vítima;7;BR-040/RJ;Norte;Choque - Objeto Fixo;1;;;;;;;;;;1;;;;
15/11/2015;15:16:00;2169;sem vítima;53;BR-040/RJ;Sul;Choque - Objeto Fixo;1;;;;;;;;;;1;;;;
15/11/2015;10:15:00;2141;sem vítima;58;BR-040/RJ;Sul;Choque - Objeto Fixo;1;;;;;;;;;;1;;;;
15/11/2015;20:13:00;2223;com vítima;79;BR-040/RJ;Sul;Choque - Objeto Fixo;1;;1;;;;;;;;1;;1;;
15/11/2015;18:14:00;2200;sem vítima;80;BR-040/RJ;Sul;Choque - Objeto Fixo;1;;;;;;;;;;1;;;;
15/11/2015;18:17:00;2202;sem vítima;84;BR-040/RJ;Sul;Engavetamento;1;;;;;2;;;;;3;;;;
15/11/2015;18:44:00;2206;sem vítima;84;BR-040/RJ;Sul;Choque - Objeto Fixo;1;;;;;;;;;;6;;;;
15/11/2015;18:12:00;2208;sem vítima;91;BR-040/RJ;Norte;Choque - Objeto Fixo;1;;;;;;;;;;1;;;;
15/11/2015;18:12:00;2209;sem vítima;91;BR-040/RJ;Norte;Choque - Objeto Fixo;1;;;;;;;;;;1;;;;
15/11/2015;09:00:00;2134;com vítima;108;BR-040/RJ;Norte;Derrapagem;;;;1;;;;;;;0;1;;;
15/11/2015;13:56:00;2158;com vítima;790;BR-040/MG;Sul;Capotamento;1;;;;;;;;;;0;2;;;
15/11/2015;18:16:00;2201;com vítima;823;BR-040/MG;Sul;Choque - Objeto Fixo;1;;;;;;;;;;3;2;;;
15/11/2015;15:10:00;2168;sem vítima;827;BR-040/MG;Sul;Choque - Objeto Fixo;1;;;;;;;;;;1;;;;
15/11/2015;17:33:00;2193;sem vítima;123;BR-040/RJ;Norte;Colisão Traseira;1;;;1;;;;;;;2;;;;
16/11/2015;23:05:00;2366;sem vítima;4;BR-040/RJ;Sul;Choque - Objeto Fixo;1;;;;;;;;;;1;;;;
16/11/2015;07:27:00;2267;sem vítima;61;BR-040/RJ;Sul;Choque - Objeto Fixo;1;;;;;;;;;;1;;;;
16/11/2015;16:29:00;2324;sem vítima;82;BR-040/RJ;Sul;Choque - Objeto Fixo;1;;;;;;;;;;1;;;;
16/11/2015;16:00:00;2321;sem vítima;84;BR-040/RJ;Norte;Choque - Objeto Fixo;1;;;;;;;;;;1;;;;
16/11/2015;20:23:00;2350;sem vítima;84;BR-040/RJ;Norte;Choque - Objeto Fixo;1;;;;;;;;;;1;;;;
16/11/2015;11:56:00;2305;sem vítima;85;BR-040/RJ;Norte;Choque - Objeto Fixo;1;;;;;;;;;;1;;;;
16/11/2015;08:33:00;2280;com vítima;91;BR-040/RJ;Norte;Capotamento;1;;;;;;;;;;0;1;;;
16/11/2015;12:51:00;2309;com vítima;91;BR-040/RJ;Sul;Choque - Objeto Fixo;;;1;;;;;;;;0;1;;;
16/11/2015;17:58:00;2337;sem vítima;93;BR-040/RJ;Sul;Choque - Objeto Fixo;1;;;;;;;;;;1;;;;
16/11/2015;07:58:00;2272;sem vítima;98;BR-040/RJ;Norte;Choque - Objeto Fixo;1;;;;;;;;;;1;;;;
16/11/2015;10:38:00;2294;sem vítima;100;BR-040/RJ;Norte;Tombamento;1;;;;;;;;;;1;;;;
16/11/2015;09:02:00;2288;sem vítima;104;BR-040/RJ;Norte;Colisão Frontal;2;;;;;;;;;;2;;;;
16/11/2015;08:37:00;2282;com vítima;118;BR-040/RJ;Sul;Colisão Traseira;2;;;;;;;;;;1;3;;;
16/11/2015;10:15:00;2291;sem vítima;119;BR-040/RJ;Sul;Colisão Traseira;2;;;;;;;;;;2;;;;
17/11/2015;06:53:00;2396;com vítima;13;BR-040/RJ;Norte;Capotamento;1;;;;;;;;;;0;1;;;
17/11/2015;10:04:00;2421;sem vítima;84;BR-040/RJ;Norte;Choque - Objeto Fixo;1;;;;;;;;;;1;;;;
17/11/2015;08:43:00;2412;sem vítima;90;BR-040/RJ;Sul;Colisão Traseira;3;;;;;;;;;;3;;;;
17/11/2015;00:42:00;2368;sem vítima;92;BR-040/RJ;Norte;Derrapagem;;;1;;;;;;;;1;;;;
18/11/2015;17:44:00;2606;sem vítima;68;BR-040/RJ;Norte;Choque - Objeto Fixo;1;;;;;;;;;;1;;;;
18/11/2015;17:54:00;2610;sem vítima;73;BR-040/RJ;Norte;Choque - Objeto Fixo;1;;;;;;;;;;1;;;;
18/11/2015;07:27:00;2528;sem vítima;75;BR-040/RJ;Sul;Choque - Objeto Fixo;1;;;;;;;;;;1;;;;
18/11/2015;17:06:00;2597;com vítima;101;BR-040/RJ;Sul;Colisão Traseira;1;;;1;;;;;;;1;;1;;
18/11/2015;07:19:00;2526;com vítima;108;BR-040/RJ;Norte;Colisão Lateral;2;;;;;;;;;;1;1;;;
18/11/2015;08:36:00;2534;com vítima;108;BR-040/RJ;Sul;Colisão Traseira;1;;;;1;;;;;;1;2;;;
18/11/2015;18:49:00;2615;com vítima;112;BR-040/RJ;Norte;Queda de Moto;;;;1;;;;;;;0;1;;;
18/11/2015;19:15:00;2619;sem vítima;117;BR-040/RJ;Sul;Colisão Traseira;2;;;;;;;;;;2;;;;
18/11/2015;05:05:00;2513;com vítima;826;BR-040/MG;Sul;Capotamento;1;;;;;;;;;;0;;1;;
18/11/2015;15:42:00;2584;sem vítima;124;BR-040/RJ;Norte;Colisão Traseira;1;;2;;;;;;;;3;;;;
18/11/2015;20:05:00;2627;sem vítima;124;BR-040/RJ;Sul;Choque - Objeto Fixo;;;1;;;;;;;;1;;;;
19/11/2015;17:44:00;2748;com vítima;34;BR-040/RJ;Norte;Choque - Objeto Fixo;1;;;;;;;;;;0;1;;;
19/11/2015;23:00:00;2787;sem vítima;68;BR-040/RJ;Norte;Choque - Objeto Fixo;1;;;;;;;;;;1;;;;
19/11/2015;18:05:00;2752;com vítima;74;BR-040/RJ;Norte;Choque - Objeto Fixo;1;;;;;;;;;;0;1;;;
19/11/2015;16:13:00;2730;sem vítima;95;BR-040/RJ;Norte;Engavetamento;1;;;;;2;;;;;3;;;;
19/11/2015;06:12:00;2664;com vítima;108;BR-040/RJ;Norte;Queda de Moto;;;;1;;;;;;;0;;2;;
19/11/2015;21:43:00;2785;sem vítima;114;BR-040/RJ;Norte;Queda de Moto;;;;1;;;;;;;2;;;;
19/11/2015;20:25:00;2769;com vítima;775;BR-040/MG;Norte;Atropelamento - Animal;1;;;;;;;;;;0;2;;;
19/11/2015;16:11:00;2729;com vítima;120;BR-040/RJ;Sul;Colisão Traseira;;;2;;;;;;;;1;;1;1;
20/11/2015;07:36:00;2834;sem vítima;3;BR-040/RJ;Sul;Choque - Objeto Fixo;1;;;;;;;;;;1;;;;
20/11/2015;11:12:00;2868;sem vítima;3;BR-040/RJ;Norte;Choque - Objeto Fixo;1;;;;;;;;;;1;;;;
20/11/2015;08:29:00;2841;sem vítima;30;BR-040/RJ;Norte;Choque - Objeto Fixo;1;;;;;;;;;;1;;;;
20/11/2015;10:07:00;2856;com vítima;30;BR-040/RJ;Norte;Choque - Objeto Fixo;1;;;;;;;;;;0;3;1;;
20/11/2015;10:17:00;2858;sem vítima;32;BR-040/RJ;Norte;Choque - Objeto Fixo;1;;;;;;;;;;4;;;;
20/11/2015;06:52:00;2830;com vítima;34;BR-040/RJ;Norte;Choque - Objeto Fixo;1;;;;;;;;;;0;2;;;
20/11/2015;22:09:00;2948;com vítima;74;BR-040/RJ;Sul;Capotamento;1;;;;;;;;;;0;1;;;
20/11/2015;10:04:00;2854;sem vítima;79;BR-040/RJ;Norte;Choque - Objeto Fixo;1;;;;;;;;;;1;;;;
20/11/2015;21:13:00;2942;com vítima;82;BR-040/RJ;Sul;Capotamento;1;;;;;;;;;;0;3;1;;
20/11/2015;15:25:00;2897;sem vítima;92;BR-040/RJ;Sul;Choque - Objeto Fixo;;;1;;;;;;;;1;;;;
20/11/2015;05:33:00;2821;sem vítima;93;BR-040/RJ;Norte;Derrapagem;1;;;;;;;;;;1;;;;
20/11/2015;06:10:00;2824;sem vítima;99;BR-040/RJ;Norte;Derrapagem;1;;;;;;;;;;1;;;;
20/11/2015;17:05:00;2914;com vítima;110;BR-040/RJ;Sul;Capotamento;1;;1;;;;;;;;1;;3;;
20/11/2015;06:32:00;2828;sem vítima;111;BR-040/RJ;Norte;Colisão Traseira;2;;;;;;;;;;2;;;;
20/11/2015;15:33:00;2900;com vítima;113;BR-040/RJ;Sul;Colisão Traseira;1;;;1;;;;;;;1;;1;;
20/11/2015;13:02:00;2880;sem vítima;780;BR-040/MG;Sul;Colisão Traseira;1;;;;;2;;;;;3;;;;
20/11/2015;07:41:00;2836;com vítima;803;BR-040/MG;Sul;Choque - Objeto Fixo;1;;;;;;;;;;0;1;;;
20/11/2015;23:42:00;2956;com vítima;120;BR-040/RJ;Norte;Queda de Moto;;;;1;;;;;;;0;;1;;
20/11/2015;13:09:00;2879;com vítima;122;BR-040/RJ;Norte;Colisão Traseira;2;;;;;;;;;;1;1;;;
21/11/2015;14:04:00;3039;com vítima;31;BR-040/RJ;Sul;Queda de Moto;;;;1;;;;;;;0;;1;;
21/11/2015;13:40:00;3035;sem vítima;72;BR-040/RJ;Norte;Choque - Objeto Fixo;1;;;;;;;;;;1;;;;
21/11/2015;16:08:00;3063;sem vítima;78;BR-040/RJ;Sul;Choque - Objeto Fixo;1;;;;;;;;;;1;;;;
21/11/2015;13:44:00;3037;sem vítima;80;BR-040/RJ;Norte;Colisão Traseira;;;1;;;1;;;;;2;;;;
21/11/2015;18:28:00;3078;com vítima;81;BR-040/RJ;Sul;Choque - Objeto Fixo;1;;;;;;;;;;0;2;;;
21/11/2015;12:29:00;3024;sem vítima;82;BR-040/RJ;Sul;Choque - Objeto Fixo;1;;;;;;;;;;1;;;;
21/11/2015;13:30:00;3055;sem vítima;82;BR-040/RJ;Sul;Choque - Objeto Fixo;1;;;;;;;;;;1;;;;
21/11/2015;12:57:00;3028;sem vítima;91;BR-040/RJ;Sul;Choque - Objeto Fixo;1;;;;;;;;;;1;;;;
21/11/2015;10:54:00;3012;sem vítima;92;BR-040/RJ;Norte;Colisão Lateral;1;;1;;;;;;;;2;;;;
21/11/2015;13:47:00;3036;com vítima;92;BR-040/RJ;Norte;Capotamento;1;;;;;;;;;;0;3;;;
21/11/2015;15:15:00;3053;com vítima;92;BR-040/RJ;Sul;Capotamento;1;;;;;;;;;;0;3;;;
21/11/2015;15:43:00;3058;com vítima;92;BR-040/RJ;Sul;Choque - Objeto Fixo;1;;;;;;;;;;0;1;;;
21/11/2015;09:19:00;3001;sem vítima;93;BR-040/RJ;Norte;Choque - Objeto Fixo;1;;;;;;;;;;1;;;;
21/11/2015;11:07:00;3014;sem vítima;93;BR-040/RJ;Norte;Choque - Objeto Fixo;1;;;;;;;;;;1;;;;
21/11/2015;12:51:00;3027;com vítima;93;BR-040/RJ;Sul;Choque - Objeto Fixo;1;;;;;;;;;;0;2;;;
21/11/2015;13:11:00;3031;com vítima;96;BR-040/RJ;Sul;Choque - Objeto Fixo;1;;;;;;;;;;0;1;;;
21/11/2015;13:35:00;3034;sem vítima;96;BR-040/RJ;Sul;Choque - Objeto Fixo;1;;;;;;;;;;1;;;;
21/11/2015;13:10:00;3030;sem vítima;107;BR-040/RJ;Sul;Engavetamento;3;;;;;;;;;;3;;;;
21/11/2015;03:05:00;2972;sem vítima;108;BR-040/RJ;Norte;Choque - Objeto Fixo;1;;;;;;;;;;1;;;;
21/11/2015;03:21:00;2973;sem vítima;108;BR-040/RJ;Norte;Colisão Lateral;;;;1;;1;;;;;2;;;;
21/11/2015;04:53:00;2975;com vítima;113;BR-040/RJ;Sul;Capotamento;1;;;;;;;;;;0;1;;;
21/11/2015;18:25:00;3077;com vítima;774;BR-040/MG;Sul;Choque - Objeto Fixo;1;;;;;;;;;;0;1;;;
21/11/2015;02:41:00;2970;com vítima;118;BR-040/RJ;Norte;Colisão Frontal;3;;;;;;;;;;2;1;;;
21/11/2015;14:24:00;3045;sem vítima;121;BR-040/RJ;Norte;Atropelamento - Pedestre;3;;;;;;;;;;4;;;;
21/11/2015;11:19:00;3015;sem vítima;122;BR-040/RJ;Sul;Colisão Traseira;1;;1;;;;;;;;2;;;;
21/11/2015;09:42:00;3005;sem vítima;124;BR-040/RJ;Norte;Choque - Objeto Fixo;1;;;;;;;;;;1;;;;
22/11/2015;05:14:00;3134;sem vítima;49;BR-040/RJ;Sul;Choque - Objeto Fixo;1;;;;;;;;;;1;;;;
22/11/2015;09:34:00;3150;com vítima;77;BR-040/RJ;Sul;Queda de Moto;;;;1;;;;;;;0;;1;;
22/11/2015;20:33:00;3217;com vítima;105;BR-040/RJ;Norte;Colisão Transversal;2;;;;;;;;;;0;1;2;;
22/11/2015;17:03:00;3197;sem vítima;110;BR-040/RJ;Sul;Colisão Traseira;1;;;;;1;;;;;2;;;;
22/11/2015;22:31:00;3223;com vítima;112;BR-040/RJ;Sul;Engavetamento;3;;;;;;;;;;3;1;;;
22/11/2015;07:01:00;3137;sem vítima;114;BR-040/RJ;Norte;Choque - Objeto Fixo;1;;;;;;;;;;1;;;;
22/11/2015;01:21:00;3119;com vítima;119;BR-040/RJ;Norte;Engavetamento;4;;;;;;;;;;3;2;1;;
22/11/2015;18:11:00;3206;sem vítima;120;BR-040/RJ;Norte;Colisão Frontal;2;;;;;;;;;;3;;;;
23/11/2015;09:15:00;3278;sem vítima;2;BR-040/RJ;Norte;Choque - Objeto Fixo;1;;;;;;;;;;1;;;;
23/11/2015;19:10:00;3357;com vítima;2;BR-040/RJ;Sul;Queda de Moto;;;;1;;;;;;;0;1;;;
23/11/2015;08:38:00;3265;sem vítima;32;BR-040/RJ;Norte;Capotamento;1;;;;;;;;;;1;;;;
23/11/2015;11:50:00;3288;com vítima;34;BR-040/RJ;Norte;Choque - Objeto Fixo;1;;;;;;;;;;0;1;;;
23/11/2015;09:01:00;3269;sem vítima;38;BR-040/RJ;Norte;Capotamento;1;;;;;;;;;;1;;;;
23/11/2015;13:42:00;3302;com vítima;39;BR-040/RJ;Norte;Choque - Objeto Fixo;1;;;;;;;;;;0;1;;;
23/11/2015;06:50:00;3249;com vítima;47;BR-040/RJ;Norte;Atropelamento - Pedestre;1;;;;;;;;;;1;3;;1;
23/11/2015;19:37:00;3360;com vítima;82;BR-040/RJ;Sul;Choque - Objeto Fixo;1;;;;;;;;;;0;;1;;
23/11/2015;19:54:00;3387;sem vítima;82;BR-040/RJ;Sul;Colisão Lateral;2;;;;;;;;;;2;;;;
23/11/2015;05:40:00;3247;com vítima;96;BR-040/RJ;Norte;Capotamento;1;;;;;;;;;;0;2;2;;
23/11/2015;07:36:00;3256;com vítima;100;BR-040/RJ;Sul;Colisão Traseira;2;;;;;;;;;;0;5;3;;
23/11/2015;21:21:00;3375;com vítima;101;BR-040/RJ;Sul;Colisão Lateral;1;;;;1;;;;;;1;2;;;
23/11/2015;01:08:00;3234;com vítima;114;BR-040/RJ;Norte;Capotamento;1;;;1;;;;;;;0;1;;;1
23/11/2015;20:55:00;3372;sem vítima;114;BR-040/RJ;Norte;Engavetamento;1;;;;;2;;;;;3;;;;
23/11/2015;12:08:00;3290;sem vítima;803;BR-040/MG;Sul;Derrapagem;;;1;;;;;;;;1;;;;
23/11/2015;08:35:00;3273;sem vítima;823;BR-040/MG;Sul;Choque - Objeto Fixo;1;;;;;;;;;;1;;;;
23/11/2015;07:31:00;3254;sem vítima;122;BR-040/RJ;Sul;Colisão Traseira;1;;;1;;;;;;;2;;;;
23/11/2015;10:02:00;3279;sem vítima;122;BR-040/RJ;Sul;Engavetamento;3;;;;;;;;;;3;;;;
23/11/2015;17:37:00;3345;sem vítima;122;BR-040/RJ;Sul;Colisão Traseira;1;;1;;;;;;;;2;;;;
24/11/2015;16:13:00;3475;sem vítima;6;BR-040/RJ;Norte;Tombamento;1;;;;;;;;;;1;;;;
24/11/2015;17:13:00;3488;sem vítima;16;BR-040/RJ;Sul;Choque - Objeto Fixo;1;;;;;;;;;;1;;;;
24/11/2015;08:41:00;3432;sem vítima;91;BR-040/RJ;Norte;Choque - Objeto Fixo;1;;;;;;;;;;1;;;;
24/11/2015;08:41:00;3435;sem vítima;91;BR-040/RJ;Norte;Colisão Traseira;2;;;;;;;;;;2;;;;
24/11/2015;19:43:00;3511;sem vítima;93;BR-040/RJ;Norte;Colisão Traseira;2;;;;;;;;;;2;;;;
24/11/2015;13:52:00;3466;com vítima;102;BR-040/RJ;Norte;Atropelamento - Pedestre;;;;1;;;;;;;1;1;;;
24/11/2015;16:40:00;3478;sem vítima;117;BR-040/RJ;Norte;Colisão Traseira;1;;1;;;;;;;;2;;;;
25/11/2015;15:53:00;3635;sem vítima;72;BR-040/RJ;Norte;Capotamento;1;;;;;;;;;;1;;;;
25/11/2015;17:56:00;3653;sem vítima;84;BR-040/RJ;Norte;Choque - Objeto Fixo;1;;;;;;;;;;1;;;;
25/11/2015;15:06:00;3629;com vítima;94;BR-040/RJ;Sul;Capotamento;1;;;;;;;;;;0;;1;;
25/11/2015;22:40:00;3675;com vítima;806;BR-040/MG;Sul;Colisão Lateral;2;;;;;;;;;;0;3;;;
25/11/2015;22:40:00;3679;com vítima;806;BR-040/MG;Sul;Choque - Objeto Fixo;1;;;;;;;;;;0;1;;;
25/11/2015;08:44:00;3582;com vítima;120;BR-040/RJ;Sul;Colisão Traseira;2;;;;;;;;;;1;2;;;
26/11/2015;21:47:00;3805;com vítima;107;BR-040/RJ;Norte;Colisão Lateral;1;;;1;;;;;;;1;2;;;
26/11/2015;05:26:00;3697;sem vítima;109;BR-040/RJ;Sul;Colisão Traseira;1;;;;1;;;;;;3;;;;
26/11/2015;06:35:00;3701;sem vítima;109;BR-040/RJ;Norte;Choque - Objeto Fixo;1;;;;;;;;;;1;;;;
26/11/2015;06:38:00;3702;sem vítima;110;BR-040/RJ;Sul;Colisão Lateral;2;;;;;;;;;;2;;;;
26/11/2015;14:59:00;3753;sem vítima;110;BR-040/RJ;Norte;Colisão Traseira;1;;;;1;;;;;;2;;;;
26/11/2015;20:22:00;3797;com vítima;118;BR-040/RJ;Norte;Queda de Moto;;;;1;;;;;;;0;1;1;;
27/11/2015;10:17:00;3868;com vítima;24;BR-040/RJ;Sul;Choque - Objeto Fixo;1;;;;;;;;;;0;1;;;
27/11/2015;10:00:00;3863;sem vítima;109;BR-040/RJ;Norte;Colisão Traseira;;;;;3;;;;;;3;;;;
27/11/2015;13:24:00;3888;com vítima;818;BR-040/MG;Norte;Choque - Objeto Fixo;1;;;;;;;;;;0;2;;;
27/11/2015;04:25:00;3831;com vítima;122;BR-040/RJ;Sul;Atropelamento - Pedestre;1;;;;;;;;;;1;;;1;
28/11/2015;15:19:00;4096;sem vítima;80;BR-040/RJ;Norte;Colisão Lateral;1;;1;;;;;;;;2;;;;
28/11/2015;09:42:00;4055;com vítima;83;BR-040/RJ;Norte;Colisão Lateral;1;;;1;;;;;;;0;2;;;
28/11/2015;20:22:00;4132;sem vítima;95;BR-040/RJ;Norte;Choque - Objeto Fixo;1;;;;;;;;;;1;;;;
28/11/2015;19:40:00;4128;sem vítima;105;BR-040/RJ;Norte;Colisão Traseira;1;;;;;1;;;;;2;;;;
28/11/2015;20:15:00;4131;sem vítima;106;BR-040/RJ;Norte;Engavetamento;3;;;;;;;;;;3;;;;
28/11/2015;14:59:00;4097;sem vítima;111;BR-040/RJ;Sul;Engavetamento;3;;;;;;;;;;3;;;;
28/11/2015;21:13:00;4142;sem vítima;112;BR-040/RJ;Sul;Choque - Objeto Fixo;1;;;;;;;;;;1;;;;
28/11/2015;21:22:00;4145;sem vítima;113;BR-040/RJ;Norte;Choque - Objeto Fixo;1;;;;;;;;;;1;;;;
28/11/2015;17:14:00;4111;sem vítima;784;BR-040/MG;Norte;Choque - Objeto Fixo;1;;;;;;;;;;1;;;;
28/11/2015;02:45:00;4016;sem vítima;813;BR-040/MG;Norte;Derrapagem;1;;;;;;;;;;1;;;;
29/11/2015;15:10:00;4254;sem vítima;0;BR-040/RJ;Sul;Choque - Objeto Fixo;1;;;;;;;;;;1;;;;
29/11/2015;14:25:00;4240;sem vítima;2;BR-040/RJ;Sul;Choque - Objeto Fixo;1;;;;;;;;;;1;;;;
29/11/2015;16:14:00;4264;com vítima;4;BR-040/RJ;Sul;Tombamento;;;1;;;;;;;;0;1;;;
29/11/2015;17:43:00;4274;com vítima;13;BR-040/RJ;Norte;Capotamento;1;;;;;;;;;;0;1;2;;
29/11/2015;18:05:00;4281;com vítima;32;BR-040/RJ;Norte;Capotamento;1;;;;;;;;;;0;1;;;
29/11/2015;19:50:00;4293;com vítima;43;BR-040/RJ;Norte;Choque - Objeto Fixo;1;;;;;;;;;;0;2;;;
29/11/2015;15:33:00;4255;sem vítima;75;BR-040/RJ;Norte;Tombamento;1;;;;;;;;;;1;;;;
29/11/2015;17:55:00;4278;sem vítima;77;BR-040/RJ;Norte;Colisão Traseira;2;;;;;;;;;;2;;;;
29/11/2015;19:48:00;4292;sem vítima;79;BR-040/RJ;Sul;Choque - Objeto Fixo;1;;;;;;;;;;1;;;;
29/11/2015;00:09:00;4165;sem vítima;81;BR-040/RJ;Norte;Choque - Objeto Fixo;1;;;;;;;;;;1;;;;
29/11/2015;20:31:00;4300;sem vítima;82;BR-040/RJ;Sul;Choque - Objeto Fixo;1;;;;;;;;;;1;;;;
29/11/2015;12:29:00;4230;sem vítima;90;BR-040/RJ;Norte;Choque - Objeto Fixo;1;;;;;;;;;;1;;;;
29/11/2015;02:59:00;4175;sem vítima;93;BR-040/RJ;Sul;Colisão Lateral;2;;;;;;;;;;2;;;;
29/11/2015;10:52:00;4222;com vítima;96;BR-040/RJ;Sul;Queda de Moto;;;;1;;;;;;;0;1;;;
29/11/2015;11:31:00;4226;com vítima;98;BR-040/RJ;Sul;Capotamento;1;;;;;;;;;;0;;1;;
29/11/2015;08:59:00;4207;com vítima;108;BR-040/RJ;Sul;Choque - Objeto Fixo;1;;;;;;;;;;0;1;;;
29/11/2015;21:41:00;4309;sem vítima;783;BR-040/MG;Sul;Choque - Objeto Fixo;1;;;;;;;;;;1;;;;
29/11/2015;13:46:00;4238;sem vítima;805;BR-040/MG;Sul;Choque - Objeto Fixo;1;;;;;;;;;;1;;;;
29/11/2015;17:38:00;4275;com vítima;119;BR-040/RJ;Norte;Choque - Objeto Fixo;;;1;;;;;;;;0;1;;;
29/11/2015;20:10:00;4297;com vítima;122;BR-040/RJ;Sul;Capotamento;2;;;;;;;;;;0;3;;;
30/11/2015;00:20:00;4326;com vítima;72;BR-040/RJ;Norte;Capotamento;1;;;;;;;;;;0;;1;;
30/11/2015;14:46:00;4429;sem vítima;82;BR-040/RJ;Sul;Choque - Objeto Fixo;1;;;;;;;;;;1;;;;
30/11/2015;21:34:00;4491;sem vítima;82;BR-040/RJ;Sul;Choque - Objeto Fixo;1;;;;;;;;;;1;;;;
30/11/2015;09:52:00;4387;sem vítima;92;BR-040/RJ;Norte;Choque - Objeto Fixo;1;;;;;;;;;;1;;;;
30/11/2015;15:30:00;4439;com vítima;100;BR-040/RJ;Sul;Choque - Objeto Fixo;1;;;;;;;;;;0;3;;;
30/11/2015;01:17:00;4333;com vítima;101;BR-040/RJ;Norte;Choque - Objeto Fixo;1;;;;;;;;;;0;;1;;
30/11/2015;07:33:00;4365;sem vítima;104;BR-040/RJ;Norte;Choque - Objeto Fixo;1;;;;;;;;;;1;;;;
30/11/2015;10:07:00;4389;sem vítima;105;BR-040/RJ;Norte;Colisão Lateral;2;;;;;;;;;;2;;;;
30/11/2015;08:49:00;4379;sem vítima;109;BR-040/RJ;Norte;Colisão Traseira;1;;;;1;;;;;;2;;;;
30/11/2015;13:44:00;4420;com vítima;801;BR-040/MG;Norte;Choque - Objeto Fixo;1;;;;;;;;;;0;2;;;
30/11/2015;14:17:00;4423;com vítima;817;BR-040/MG;Norte;Choque - Objeto Fixo;1;;;;;;;;;;0;1;;;
30/11/2015;21:54:00;4494;sem vítima;120;BR-040/RJ;Norte;Engavetamento;3;;;;;;;;;;3;;;;
30/11/2015;05:54:00;4351;sem vítima;121;BR-040/RJ;Sul;Colisão Traseira;1;;;;;1;;;;;2;;;;
01/12/2015;21:37:00;143;com vítima;39;BR-040/RJ;Norte;Tombamento;;;1;;;;;;;;0;1;;;
01/12/2015;17:48:00;116;sem vítima;85;BR-040/RJ;Norte;Choque - Objeto Fixo;1;;;;;;;;;;1;;;;
01/12/2015;18:54:00;129;sem vítima;92;BR-040/RJ;Sul;Choque - Objeto Fixo;1;;;;;;;;;;1;;;;
01/12/2015;23:50:00;149;com vítima;120;BR-040/RJ;Sul;Atropelamento - Pedestre;;;;;;1;;;;;1;;;;1