data;horario;n_da_ocorrencia;tipo_de_ocorrencia;km;trecho;sentido;tipo_de_acidente;automovel;bicicleta;caminhao;moto;onibus;outros;tracao_animal;transporte_de_cargas_especiais;trator_maquinas;utilitarios;ilesos;levemente_feridos;moderadamente_feridos;gravemente_feridos;mortos
23/12/2015;05:50:00;3486;sem vítima;817;BR-040/MG;Norte;Choque - Objeto Fixo;1;;;;;;;;;;1;;;;
23/12/2015;07:38:00;3494;sem vítima;120;BR-040/RJ;Sul;Queda de Moto;;;;1;;;;;;;1;;;;
23/12/2015;07:16:00;3493;com vítima;122;BR-040/RJ;Norte;Atropelamento - Pedestre;1;;;;;;;;;;1;;;1;
24/12/2015;10:04:00;3709;com vítima;36;BR-040/RJ;Norte;Colisão Lateral;1;;1;;;;;;;;1;2;;;
24/12/2015;11:28:00;3712;sem vítima;45;BR-040/RJ;Norte;Colisão Traseira;2;;;;;;;;;;2;;;;
24/12/2015;15:00:00;3744;sem vítima;65;BR-040/RJ;Norte;Colisão Lateral;2;;;;;;;;;;2;;;;
24/12/2015;16:01:00;3752;com vítima;825;BR-040/MG;Sul;Capotamento;1;;;;;;;;;;0;1;;;
24/12/2015;07:45:00;3694;com vítima;119;BR-040/RJ;Sul;Capotamento;1;;;;;;;;;;0;1;;;
24/12/2015;05:01:00;3668;sem vítima;120;BR-040/RJ;Norte;Colisão Traseira;1;;;;;1;;;;;2;;;;
24/12/2015;20:27:00;3791;sem vítima;120;BR-040/RJ;Sul;Choque - Objeto Fixo;1;;;;;;;;;;1;;;;
24/12/2015;05:53:00;3674;sem vítima;122;BR-040/RJ;Norte;Choque - Objeto Fixo;1;;;;;;;;;;1;;;;
24/12/2015;19:05:00;3781;sem vítima;123;BR-040/RJ;Sul;Choque - Objeto Fixo;1;;;;;;;;;;1;;;;
25/12/2015;06:49:00;3836;sem vítima;63;BR-040/RJ;Sul;Choque - Objeto Fixo;1;;;;;;;;;;1;;;;
25/12/2015;15:40:00;3881;sem vítima;75;BR-040/RJ;Sul;Choque - Objeto Fixo;1;;;;;;;;;;1;;;;
25/12/2015;15:06:00;3877;com vítima;78;BR-040/RJ;Sul;Choque - Objeto Fixo;1;;;;;;;;;;0;2;;;
25/12/2015;21:18:00;3909;com vítima;113;BR-040/RJ;Sul;Colisão Traseira;2;;;;;;;;;;1;;2;;
25/12/2015;02:24:00;3825;com vítima;121;BR-040/RJ;Sul;Atropelamento - Pedestre;;;;;;1;;;;;1;1;;;
25/12/2015;17:05:00;3888;com vítima;122;BR-040/RJ;Sul;Capotamento;1;;;;;;;;;;0;3;2;;
25/12/2015;02:48:00;3827;com vítima;123;BR-040/RJ;Sul;Colisão Traseira;1;;;1;;;;;;;1;;1;;
25/12/2015;09:02:00;3846;sem vítima;124;BR-040/RJ;Norte;Choque - Objeto Fixo;1;;;;;;;;;;1;;;;
26/12/2015;23:22:00;4069;com vítima;117;BR-040/RJ;Norte;Colisão Lateral;2;;;;;;;;;;0;2;1;;
26/12/2015;13:35:00;3987;sem vítima;816;BR-040/MG;Norte;Colisão Traseira;2;;;;;;;;;;2;;;;
27/12/2015;17:07:00;4174;com vítima;34;BR-040/RJ;Norte;Capotamento;1;;;;;;;;;;0;1;;;
27/12/2015;17:44:00;4186;sem vítima;104;BR-040/RJ;Sul;Colisão Traseira;2;;;;;;;;;;2;;;;
27/12/2015;03:00:00;4088;com vítima;112;BR-040/RJ;Norte;Colisão Traseira;2;;;;;;;;;;0;2;;;
27/12/2015;09:07:00;4108;com vítima;114;BR-040/RJ;Norte;Colisão Lateral;2;;;;;;;;;;1;2;;;
27/12/2015;17:08:00;4175;sem vítima;802;BR-040/MG;Sul;Colisão Traseira;2;;;;;;;;;;2;;;;
27/12/2015;14:04:00;4147;com vítima;120;BR-040/RJ;Norte;Tombamento;1;;;;;;;;;;0;3;;;
28/12/2015;20:20:00;4375;com vítima;3;BR-040/RJ;Sul;Capotamento;1;;;;;;;;;;0;2;;;
28/12/2015;18:19:00;4361;sem vítima;52;BR-040/RJ;Norte;Choque - Objeto Fixo;1;;;;;;;;;;1;;;;
28/12/2015;02:18:00;4251;com vítima;82;BR-040/RJ;Norte;Choque - Objeto Fixo;1;;;;;;;;;;0;1;2;;
28/12/2015;23:24:00;4393;sem vítima;86;BR-040/RJ;Sul;Choque - Objeto Fixo;1;;;;;;;;;;1;;;;
28/12/2015;10:09:00;4292;sem vítima;108;BR-040/RJ;Sul;Colisão Traseira;2;;;;;;;;;;2;;;;
28/12/2015;08:00:00;4268;com vítima;792;BR-040/MG;Sul;Choque - Objeto Fixo;1;;;;;;;;;;0;;1;;
28/12/2015;17:56:00;4358;com vítima;823;BR-040/MG;Sul;Choque - Objeto Fixo;1;;;;;;;;;;0;2;;;
29/12/2015;14:30:00;4471;com vítima;24;BR-040/RJ;Sul;Tombamento;;;2;;;;;;;;1;1;;;
29/12/2015;00:22:00;4396;sem vítima;83;BR-040/RJ;Sul;Choque - Objeto Fixo;1;;;;;;;;;;1;;;;
29/12/2015;23:56:00;4535;com vítima;85;BR-040/RJ;Norte;Queda de Moto;;;;1;;;;;;;0;;;1;
29/12/2015;14:47:00;4472;sem vítima;86;BR-040/RJ;Sul;Choque - Objeto Fixo;;;1;;;;;;;;1;;;;
29/12/2015;08:00:00;4424;sem vítima;93;BR-040/RJ;Sul;Choque - Objeto Fixo;;;1;;;;;;;;1;;;;
29/12/2015;04:43:00;4409;com vítima;96;BR-040/RJ;Sul;Choque - Objeto Fixo;1;;;;;;;;;;0;2;;;
29/12/2015;16:17:00;4487;sem vítima;110;BR-040/RJ;Norte;Colisão Lateral;;;;;1;1;;;;;2;;;;
29/12/2015;19:55:00;4519;com vítima;123;BR-040/RJ;Norte;Colisão Frontal;2;;;;;1;;;;;1;2;;;
29/12/2015;20:23:00;4523;sem vítima;123;BR-040/RJ;Norte;Colisão Traseira;1;;;;1;;;;;;2;;;;
30/12/2015;20:06:00;4686;sem vítima;2;BR-040/RJ;Sul;Colisão Transversal;1;;;;;;;;;;1;;;;
30/12/2015;19:38:00;4679;sem vítima;5;BR-040/RJ;Sul;Choque - Objeto Fixo;1;;;;;;;;;;1;;;;
30/12/2015;17:04:00;4655;sem vítima;49;BR-040/RJ;Sul;Choque - Objeto Fixo;1;;;;;;;;;;1;;;;
30/12/2015;16:46:00;4651;sem vítima;58;BR-040/RJ;Sul;Colisão Lateral;2;;;;;;;;;;2;;;;
30/12/2015;14:49:00;4620;sem vítima;64;BR-040/RJ;Sul;Choque - Objeto Fixo;1;;;;;;;;;;1;;;;
30/12/2015;19:11:00;4676;sem vítima;76;BR-040/RJ;Sul;Choque - Objeto Fixo;1;;;;;;;;;;1;;;;
30/12/2015;13:00:00;4606;sem vítima;79;BR-040/RJ;Norte;Colisão Lateral;1;;1;;;;;;;;2;;;;
30/12/2015;21:28:00;4699;sem vítima;80;BR-040/RJ;Sul;Choque - Objeto Fixo;1;;;;;;;;;;1;;;;
30/12/2015;16:20:00;4703;sem vítima;81;BR-040/RJ;Sul;Choque - Objeto Fixo;1;;;;;;;;;;1;;;;
30/12/2015;18:29:00;4669;sem vítima;84;BR-040/RJ;Norte;Queda de Moto;;;;1;;;;;;;1;;;;
30/12/2015;20:42:00;4692;sem vítima;84;BR-040/RJ;Sul;Choque - Objeto Fixo;1;;;;;;;;;;1;;;;
30/12/2015;20:08:00;4688;com vítima;90;BR-040/RJ;Sul;Colisão Traseira;2;;;;;;;;;;0;3;;;
30/12/2015;17:31:00;4658;sem vítima;91;BR-040/RJ;Norte;Choque - Objeto Fixo;1;;;;;;;;;;1;;;;
30/12/2015;21:20:00;4696;sem vítima;92;BR-040/RJ;Sul;Choque - Objeto Fixo;1;;;;;;;;;;1;;;;
30/12/2015;16:04:00;4640;com vítima;93;BR-040/RJ;Sul;Choque - Objeto Fixo;1;;;;;;;;;;0;1;;;
30/12/2015;16:18:00;4646;com vítima;93;BR-040/RJ;Sul;Capotamento;1;;;;;;;;;;0;2;;1;
30/12/2015;16:47:00;4652;com vítima;93;BR-040/RJ;Sul;Derrapagem;1;;;;;;;;;;0;3;;;
30/12/2015;13:15:00;4614;sem vítima;99;BR-040/RJ;Norte;Colisão Lateral;1;;1;;;;;;;;2;;;;
30/12/2015;08:11:00;4570;com vítima;111;BR-040/RJ;Sul;Colisão Traseira;1;;;1;;;;;;;1;;1;;
30/12/2015;23:27:00;4712;com vítima;116;BR-040/RJ;Norte;Queda de Moto;;;;1;;;;;;;0;1;1;;
30/12/2015;17:40:00;4664;sem vítima;782;BR-040/MG;Sul;Choque - Objeto Fixo;1;;;;;;;;;;1;;;;
30/12/2015;16:32:00;4648;sem vítima;786;BR-040/MG;Norte;Choque - Objeto Fixo;1;;;;;;;;;;1;;;;
30/12/2015;17:50:00;4662;com vítima;793;BR-040/MG;Sul;Capotamento;1;;;;;;;;;;0;2;;;
30/12/2015;19:30:00;4677;sem vítima;799;BR-040/MG;Norte;Derrapagem;1;;;;;;;;;;1;;;;
30/12/2015;18:52:00;4673;com vítima;801;BR-040/MG;Sul;Capotamento;1;;;;;;;;;;0;;1;1;
30/12/2015;20:54:00;4694;com vítima;803;BR-040/MG;Sul;Choque - Objeto Fixo;1;;;;;;;;;;0;4;;;
30/12/2015;17:03:00;4654;com vítima;815;BR-040/MG;Sul;Choque - Objeto Fixo;1;;;;;;;;;;0;5;;;
30/12/2015;21:54:00;4701;sem vítima;123;BR-040/RJ;Sul;Choque - Objeto Fixo;1;;;;;;;;;;1;;;;
30/12/2015;10:37:00;4587;sem vítima;124;BR-040/RJ;Norte;Colisão Traseira;1;;1;;;;;;;;2;;;;
31/12/2015;09:45:00;4773;sem vítima;45;BR-040/RJ;Norte;Colisão Traseira;2;;;;;;;;;;2;;;;
31/12/2015;10:08:00;4779;com vítima;75;BR-040/RJ;Sul;Queda de Moto;;;;1;;;;;;;0;;1;;
31/12/2015;19:53:00;4861;sem vítima;77;BR-040/RJ;Sul;Choque - Objeto Fixo;1;;;;;;;;;;1;;;;
31/12/2015;17:31:00;4837;sem vítima;97;BR-040/RJ;Sul;Choque - Objeto Fixo;1;;;;;;;;;;1;;;;
31/12/2015;17:31:00;4838;sem vítima;97;BR-040/RJ;Sul;Choque - Objeto Fixo;1;;;;;;;;;;1;;;;
31/12/2015;14:18:00;4807;sem vítima;109;BR-040/RJ;Norte;Colisão Traseira;1;;1;;;;;;;;2;;;;
31/12/2015;18:21:00;4844;sem vítima;786;BR-040/MG;Norte;Choque - Objeto Fixo;1;;;;;;;;;;1;;;;
31/12/2015;16:41:00;4827;sem vítima;787;BR-040/MG;Sul;Choque - Objeto Fixo;1;;;;;;;;;;1;;;;
31/12/2015;13:30:00;4805;sem vítima;816;BR-040/MG;Norte;Choque - Objeto Fixo;1;;;;;;;;;;1;;;;
01/01/2016;16:03:00;81;sem vítima;68;BR-040/RJ;Norte;Choque - Objeto Fixo;1;;;;;;;;;;1;;;;
01/01/2016;10:26:00;43;sem vítima;84;BR-040/RJ;Norte;Choque - Objeto Fixo;1;;;;;;;;;;1;;;;
01/01/2016;16:46:00;88;sem vítima;103;BR-040/RJ;Sul;Choque - Objeto Fixo;1;;;;;;;;;;1;;;;
01/01/2016;17:52:00;101;sem vítima;104;BR-040/RJ;Norte;Choque - Objeto Fixo;1;;;;;;;;;;1;;;;
01/01/2016;23:40:00;137;sem vítima;124;BR-040/RJ;Norte;Choque - Objeto Fixo;1;;;;;;;;;;1;;;;
02/01/2016;16:05:00;224;com vítima;2;BR-040/RJ;Norte;Choque - Objeto Fixo;1;;;;;;;;;;0;3;;;
02/01/2016;19:30:00;265;sem vítima;2;BR-040/RJ;Sul;Choque - Objeto Fixo;1;;;;;;;;;;1;;;;
02/01/2016;18:53:00;253;com vítima;12;BR-040/RJ;Norte;Choque - Objeto Fixo;1;;;;;;;;;;1;4;;;
02/01/2016;15:03:00;211;com vítima;13;BR-040/RJ;Norte;Capotamento;1;;;;;;;;;;0;7;;;
02/01/2016;23:15:00;288;sem vítima;24;BR-040/RJ;Norte;Choque - Objeto Fixo;1;;;;;;;;;;1;;;;
02/01/2016;18:36:00;250;com vítima;34;BR-040/RJ;Norte;Capotamento;1;;;;;;;;;;0;1;;;
02/01/2016;16:39:00;228;sem vítima;43;BR-040/RJ;Norte;Choque - Objeto Fixo;1;;;;;;;;;;1;;;;
02/01/2016;20:33:00;274;sem vítima;43;BR-040/RJ;Norte;Choque - Objeto Fixo;1;;;;;;;;;;1;;;;
02/01/2016;16:07:00;225;com vítima;61;BR-040/RJ;Norte;Colisão Transversal;1;;1;;;;;;;;0;3;1;1;
02/01/2016;15:55:00;221;sem vítima;68;BR-040/RJ;Norte;Choque - Objeto Fixo;1;;;;;;;;;;1;;;;
02/01/2016;06:17:00;153;com vítima;73;BR-040/RJ;Sul;Choque - Objeto Fixo;;;1;;;;;;;;0;;2;;
02/01/2016;13:46:00;202;sem vítima;778;BR-040/MG;Norte;Derrapagem;1;;;;;;;;;;1;;;;
02/01/2016;03:42:00;151;sem vítima;85;BR-040/RJ;Norte;Choque - Objeto Fixo;1;;;;;;;;;;1;;;;
02/01/2016;17:37:00;240;sem vítima;88;BR-040/RJ;Norte;Choque - Objeto Fixo;1;;;;;;;;;;1;;;;
02/01/2016;17:29:00;238;sem vítima;93;BR-040/RJ;Norte;Choque - Objeto Fixo;1;;;;;;;;;;1;;;;
02/01/2016;16:54:00;230;sem vítima;94;BR-040/RJ;Sul;Capotamento;1;;;;;;;;;;1;;;;
02/01/2016;15:32:00;217;sem vítima;815;BR-040/MG;Norte;Choque - Objeto Fixo;1;;;;;;;;;;1;;;;
02/01/2016;01:44:00;147;com vítima;123;BR-040/RJ;Sul;Choque - Objeto Fixo;1;;;;;;;;;;0;;;;1
02/01/2016;14:36:00;209;sem vítima;825;BR-040/MG;Norte;Derrapagem;1;;;;;;;;;;1;;;;
02/01/2016;00:07:00;139;com vítima;124;BR-040/RJ;Norte;Queda de Moto;;;;1;;;;;;;0;1;1;;
03/01/2016;07:46:00;312;sem vítima;12;BR-040/RJ;Norte;Choque - Objeto Fixo;1;;;;;;;;;;1;;;;
03/01/2016;06:58:00;304;com vítima;30;BR-040/RJ;Norte;Capotamento;1;;;;;;;;;;0;1;;;
03/01/2016;07:05:00;307;com vítima;30;BR-040/RJ;Norte;Capotamento;1;;;;;;;;;;0;2;;;
03/01/2016;11:42:00;347;com vítima;33;BR-040/RJ;Sul;Capotamento;1;;;;;;;;;;0;1;;;
03/01/2016;15:05:00;376;sem vítima;33;BR-040/RJ;Norte;Choque - Objeto Fixo;1;;;;;;;;;;1;;;;
03/01/2016;13:00:00;358;sem vítima;34;BR-040/RJ;Norte;Choque - Objeto Fixo;1;;;;;;;;;;1;;;;
03/01/2016;15:50:00;384;sem vítima;34;BR-040/RJ;Norte;Choque - Objeto Fixo;1;;;;;;;;;;1;;;;
03/01/2016;09:19:00;326;com vítima;75;BR-040/RJ;Sul;Capotamento;1;;;;;;;;;;0;1;;;
03/01/2016;08:26:00;317;sem vítima;77;BR-040/RJ;Sul;Choque - Objeto Fixo;1;;;;;;;;;;1;;;;
03/01/2016;11:10:00;339;sem vítima;78;BR-040/RJ;Norte;Choque - Objeto Fixo;1;;;;;;;;;;1;;;;
03/01/2016;00:06:00;291;sem vítima;79;BR-040/RJ;Sul;Choque - Objeto Fixo;1;;;;;;;;;;1;;;;
03/01/2016;14:31:00;367;com vítima;80;BR-040/RJ;Sul;Choque - Objeto Fixo;1;;;;;;;;;;0;2;;;
03/01/2016;12:27:00;354;sem vítima;84;BR-040/RJ;Sul;Choque - Objeto Fixo;1;;;;;;;;;;1;;;;
03/01/2016;12:46:00;356;sem vítima;84;BR-040/RJ;Norte;Choque - Objeto Fixo;1;;;;;;;;;;1;;;;
03/01/2016;16:23:00;390;sem vítima;84;BR-040/RJ;Norte;Choque - Objeto Fixo;1;;;;;;;;;;1;;;;
03/01/2016;16:57:00;395;sem vítima;84;BR-040/RJ;Norte;Choque - Objeto Fixo;1;;;;;;;;;;1;;;;
03/01/2016;20:34:00;414;sem vítima;84;BR-040/RJ;Norte;Choque - Objeto Fixo;1;;;;;;;;;;1;;;;
03/01/2016;15:44:00;381;sem vítima;87;BR-040/RJ;Norte;Choque - Objeto Fixo;1;;;;;;;;;;1;;;;
03/01/2016;11:15:00;341;sem vítima;90;BR-040/RJ;Sul;Choque - Objeto Fixo;1;;;;;;;;;;1;;;;
03/01/2016;11:46:00;348;sem vítima;90;BR-040/RJ;Sul;Choque - Objeto Fixo;1;;;;;;;;;;1;;;;
03/01/2016;15:05:00;375;sem vítima;90;BR-040/RJ;Sul;Choque - Objeto Fixo;1;;;;;;;;;;1;;;;
03/01/2016;15:19:00;379;com vítima;90;BR-040/RJ;Sul;Choque - Objeto Fixo;1;;;;;;;;;;0;1;;;
03/01/2016;07:46:00;313;sem vítima;91;BR-040/RJ;Norte;Choque - Objeto Fixo;1;;;;;;;;;;1;;;;
03/01/2016;11:19:00;343;sem vítima;91;BR-040/RJ;Norte;Choque - Objeto Fixo;1;;;;;;;;;;1;;;;
03/01/2016;12:00:00;352;sem vítima;91;BR-040/RJ;Norte;Choque - Objeto Fixo;1;;;;;;;;;;1;;;;
03/01/2016;16:03:00;386;sem vítima;91;BR-040/RJ;Norte;Choque - Objeto Fixo;1;;;;;;;;;;1;;;;
03/01/2016;08:44:00;319;sem vítima;92;BR-040/RJ;Norte;Choque - Objeto Fixo;1;;;;;;;;;;1;;;;
03/01/2016;08:45:00;320;sem vítima;92;BR-040/RJ;Norte;Choque - Objeto Fixo;1;;;;;;;;;;1;;;;
03/01/2016;10:34:00;333;sem vítima;92;BR-040/RJ;Norte;Choque - Objeto Fixo;1;;;;;;;;;;1;;;;
03/01/2016;10:20:00;336;sem vítima;92;BR-040/RJ;Sul;Choque - Objeto Fixo;1;;;;;;;;;;1;;;;
03/01/2016;18:38:00;407;sem vítima;92;BR-040/RJ;Sul;Choque - Objeto Fixo;1;;;;;;;;;;1;;;;
03/01/2016;06:19:00;302;com vítima;93;BR-040/RJ;Sul;Choque - Objeto Fixo;1;;;;;;;;;;0;1;;;
03/01/2016;09:08:00;323;sem vítima;93;BR-040/RJ;Norte;Colisão Lateral;2;;;;;;;;;;2;;;;
03/01/2016;10:00:00;329;sem vítima;93;BR-040/RJ;Sul;Choque - Objeto Fixo;1;;;;;;;;;;1;;;;
03/01/2016;10:38:00;334;sem vítima;93;BR-040/RJ;Sul;Choque - Objeto Fixo;1;;;;;;;;;;1;;;;
03/01/2016;11:10:00;340;com vítima;93;BR-040/RJ;Norte;Choque - Objeto Fixo;1;;;;;;;;;;0;1;;;
03/01/2016;14:48:00;371;sem vítima;93;BR-040/RJ;Norte;Choque - Objeto Fixo;1;;;;;;;;;;1;;;;
03/01/2016;14:30:00;368;sem vítima;94;BR-040/RJ;Sul;Choque - Objeto Fixo;1;;;;;;;;;;1;;;;
03/01/2016;18:27:00;405;sem vítima;94;BR-040/RJ;Sul;Choque - Objeto Fixo;1;;;;;;;;;;1;;;;
03/01/2016;05:11:00;300;com vítima;97;BR-040/RJ;Norte;Capotamento;1;;;;;;;;;;0;5;;;
03/01/2016;01:17:00;294;sem vítima;105;BR-040/RJ;Norte;Choque - Objeto Fixo;1;;;;;;;;;;1;;;;
03/01/2016;11:06:00;338;sem vítima;106;BR-040/RJ;Sul;Colisão Traseira;2;;;;;;;;;;2;;;;
03/01/2016;11:17:00;342;sem vítima;106;BR-040/RJ;Sul;Colisão Traseira;2;;;;;;;;;;2;;;;
03/01/2016;08:48:00;321;sem vítima;109;BR-040/RJ;Sul;Colisão Lateral;;;1;;1;;;;;;2;;;;
03/01/2016;05:00:00;301;sem vítima;113;BR-040/RJ;Sul;Choque - Objeto Fixo;1;;;;;;;;;;1;;;;
03/01/2016;10:32:00;332;com vítima;792;BR-040/MG;Norte;Choque - Objeto Fixo;1;;;;;;;;;;0;4;;;
03/01/2016;17:56:00;400;sem vítima;823;BR-040/MG;Sul;Choque - Objeto Fixo;1;;;;;;;;;;1;;;;
03/01/2016;02:20:00;298;sem vítima;117;BR-040/RJ;Norte;Choque - Objeto Fixo;1;;;;;;;;;;1;;;;
03/01/2016;01:10:00;293;sem vítima;119;BR-040/RJ;Sul;Choque - Objeto Fixo;1;;;;;;;;;;1;;;;
03/01/2016;10:26:00;335;sem vítima;825;BR-040/MG;Sul;Choque - Objeto Fixo;1;;;;;;;;;;1;;;;
04/01/2016;08:45:00;476;sem vítima;16;BR-040/RJ;Norte;Choque - Objeto Fixo;1;;;;;;;;;;1;;;;
04/01/2016;06:15:00;460;com vítima;46;BR-040/RJ;Norte;Choque - Objeto Fixo;1;;;;;;;;;;0;4;;;
04/01/2016;10:37:00;492;com vítima;77;BR-040/RJ;Sul;Derrapagem;;;;1;;;;;;;0;1;;;
04/01/2016;08:57:00;477;sem vítima;85;BR-040/RJ;Norte;Choque - Objeto Fixo;1;;;;;;;;;;1;;;;
04/01/2016;13:50:00;521;com vítima;89;BR-040/RJ;Norte;Engavetamento;2;;;;;1;;;;;2;2;;;
04/01/2016;16:16:00;538;com vítima;90;BR-040/RJ;Norte;Queda de Moto;;;;1;;;;;;;0;1;;;
04/01/2016;03:26:00;452;sem vítima;92;BR-040/RJ;Norte;Choque - Objeto Fixo;1;;;;;;;;;;1;;;;
04/01/2016;06:54:00;462;sem vítima;93;BR-040/RJ;Sul;Choque - Objeto Fixo;1;;;;;;;;;;1;;;;
04/01/2016;16:19:00;539;com vítima;789;BR-040/MG;Norte;Colisão Traseira;1;;;1;;;;;;;0;5;;;
04/01/2016;10:53:00;497;sem vítima;120;BR-040/RJ;Norte;Choque - Objeto Fixo;1;;;;;;;;;;1;;;;
05/01/2016;18:39:00;671;sem vítima;80;BR-040/RJ;Norte;Colisão Traseira;2;;;;;;;;;;2;;;;
05/01/2016;23:10:00;685;sem vítima;85;BR-040/RJ;Norte;Derrapagem;1;;;;;;;;;;1;;;;
05/01/2016;13:33:00;635;com vítima;120;BR-040/RJ;Norte;Capotamento;1;;;;;;;;;;0;2;;;
05/01/2016;08:38:00;604;sem vítima;124;BR-040/RJ;Norte;Colisão Lateral;2;;;;;;;;;;2;;;;
06/01/2016;18:45:00;787;com vítima;47;BR-040/RJ;Norte;Choque - Objeto Fixo;1;;;;;;;;;;0;3;1;1;
06/01/2016;13:08:00;746;com vítima;101;BR-040/RJ;Sul;Colisão Traseira;2;;;;;;;;;;1;;1;;
06/01/2016;15:49:00;764;com vítima;118;BR-040/RJ;Norte;Queda de Moto;;;;1;;;;;;;0;;;1;
07/01/2016;16:43:00;912;com vítima;78;BR-040/RJ;Norte;Colisão Lateral;2;;;;;;;;;;0;4;;;
07/01/2016;16:57:00;917;com vítima;81;BR-040/RJ;Sul;Derrapagem;1;;;;;;;;;;0;1;;;
07/01/2016;05:13:00;832;com vítima;108;BR-040/RJ;Norte;Tombamento;;;1;;;;;;;;0;1;;;
07/01/2016;15:42:00;900;sem vítima;108;BR-040/RJ;Norte;Colisão Lateral;1;;1;;;;;;;;2;;;;
07/01/2016;14:42:00;892;sem vítima;110;BR-040/RJ;Norte;Colisão Traseira;2;;;;;;;;;;2;;;;
07/01/2016;20:33:00;944;com vítima;112;BR-040/RJ;Norte;Queda de Moto;1;;;1;;;;;;;1;2;;;
07/01/2016;15:31:00;898;sem vítima;810;BR-040/MG;Norte;Choque - Objeto Fixo;1;;;;;;;;;;1;;;;
07/01/2016;16:00:00;905;sem vítima;124;BR-040/RJ;Sul;Colisão Lateral;2;;;;;;;;;;2;;;;
08/01/2016;08:45:00;1001;sem vítima;23;BR-040/RJ;Norte;Queda de Moto;;;;1;;;;;;;1;;;;
08/01/2016;05:53:00;984;com vítima;37;BR-040/RJ;Sul;Colisão Traseira;;;2;;;;;;;;0;3;;;
08/01/2016;13:59:00;1041;com vítima;70;BR-040/RJ;Sul;Capotamento;1;;;;;;;;;;0;1;;;
08/01/2016;17:52:00;1090;sem vítima;78;BR-040/RJ;Sul;Choque - Objeto Fixo;1;;;;;;;;;;1;;;;
08/01/2016;01:23:00;971;sem vítima;83;BR-040/RJ;Norte;Choque - Objeto Fixo;1;;;;;;;;;;1;;;;
08/01/2016;03:32:00;975;sem vítima;85;BR-040/RJ;Norte;Choque - Objeto Fixo;1;;;;;;;;;;1;;;;
08/01/2016;08:02:00;996;com vítima;91;BR-040/RJ;Norte;Queda de Moto;;;;1;;;;;;;0;;1;;
08/01/2016;10:34:00;1015;sem vítima;91;BR-040/RJ;Norte;Choque - Objeto Fixo;1;;1;;;;;;;;2;;;;
08/01/2016;10:39:00;1016;com vítima;95;BR-040/RJ;Sul;Choque - Objeto Fixo;1;;;;;;;;;;0;;3;2;
08/01/2016;09:27:00;1007;sem vítima;105;BR-040/RJ;Norte;Colisão Traseira;2;;;;;;;;;;2;;;;
08/01/2016;17:00:00;1078;sem vítima;119;BR-040/RJ;Sul;Colisão Traseira;1;;;;;1;;;;;2;;;;
08/01/2016;17:05:00;1079;com vítima;121;BR-040/RJ;Sul;Atropelamento - Pedestre;;1;1;;;;;;;;1;;;;1
08/01/2016;06:13:00;988;sem vítima;123;BR-040/RJ;Sul;Colisão Traseira;1;;;;;1;;;;;2;;;;
09/01/2016;19:52:00;1266;com vítima;16;BR-040/RJ;Sul;Capotamento;1;;;;;;;;;;0;3;;;
09/01/2016;20:00:00;1273;sem vítima;39;BR-040/RJ;Norte;Choque - Objeto Fixo;1;;;;;;;;;;1;;;;
09/01/2016;09:55:00;1183;com vítima;91;BR-040/RJ;Sul;Tombamento;1;;1;;;;;;;;0;2;2;;1
09/01/2016;01:58:00;1146;com vítima;102;BR-040/RJ;Norte;Colisão Traseira;1;;1;;;;;;;;1;2;;;
09/01/2016;08:09:00;1177;sem vítima;113;BR-040/RJ;Sul;Tombamento;;;1;;;;;;;;1;;;;
09/01/2016;21:55:00;1290;sem vítima;120;BR-040/RJ;Norte;Queda de Moto;;;;1;;;;;;;1;;;;
09/01/2016;07:52:00;1176;sem vítima;123;BR-040/RJ;Norte;Colisão Lateral;1;;1;;;;;;;;2;;;;
09/01/2016;20:03:00;1271;com vítima;825;BR-040/MG;Sul;Capotamento;1;;;;;;;;;;0;1;;;
10/01/2016;02:32:00;1310;com vítima;72;BR-040/RJ;Sul;Choque - Objeto Fixo;1;;;;;;;;;;0;2;2;;
10/01/2016;22:52:00;1461;com vítima;85;BR-040/RJ;Norte;Capotamento;1;;;;;;;;;;0;4;;;
10/01/2016;12:29:00;1363;com vítima;93;BR-040/RJ;Sul;Capotamento;1;;;;;;;;;;0;1;;;
10/01/2016;19:29:00;1426;com vítima;109;BR-040/RJ;Sul;Engavetamento;2;;;;;1;;;;;1;3;;;
11/01/2016;18:38:00;1579;sem vítima;2;BR-040/RJ;Norte;Choque - Objeto Fixo;1;;;;;;;;;;1;;;;
11/01/2016;17:25:00;1564;com vítima;34;BR-040/RJ;Norte;Capotamento;1;;;;;;;;;;0;1;;;
11/01/2016;22:57:00;1599;com vítima;68;BR-040/RJ;Norte;Capotamento;1;;;;;1;;;;;1;2;;;
11/01/2016;16:15:00;1552;com vítima;78;BR-040/RJ;Sul;Capotamento;1;;;;;;;;;;0;1;;;
11/01/2016;17:57:00;1568;com vítima;91;BR-040/RJ;Norte;Choque - Objeto Fixo;2;;;;;;;;;;3;1;;;
11/01/2016;18:31:00;1574;sem vítima;91;BR-040/RJ;Sul;Colisão Traseira;1;;;;;1;;;;;2;;;;
11/01/2016;17:21:00;1563;sem vítima;93;BR-040/RJ;Sul;Choque - Objeto Fixo;1;;;;;;;;;;1;;;;
11/01/2016;17:48:00;1569;sem vítima;93;BR-040/RJ;Sul;Choque - Objeto Fixo;1;;;;;;;;;;1;;;;