data;horario;n_da_ocorrencia;tipo_de_ocorrencia;km;trecho;sentido;tipo_de_acidente;automovel;bicicleta;caminhao;moto;onibus;outros;tracao_animal;transporte_de_cargas_especiais;trator_maquinas;utilitarios;ilesos;levemente_feridos;moderadamente_feridos;gravemente_feridos;mortos
11/01/2016;21:19:00;1591;sem vítima;93;BR-040/RJ;Sul;Choque - Objeto Fixo;1;;;;;;;;;;1;;;;
11/01/2016;17:32:00;1566;sem vítima;113;BR-040/RJ;Norte;Colisão Lateral;1;;;;1;;;;;;2;;;;
11/01/2016;04:55:00;1486;com vítima;118;BR-040/RJ;Norte;Capotamento;1;;;;;1;;;;;1;3;;;
11/01/2016;02:33:00;1480;sem vítima;124;BR-040/RJ;Norte;Choque - Objeto Fixo;1;;;;;;;;;;1;;;;
12/01/2016;06:46:00;1628;sem vítima;13;BR-040/RJ;Sul;Choque - Objeto Fixo;1;;;;;;;;;;1;;;;
12/01/2016;16:32:00;1691;sem vítima;16;BR-040/RJ;Sul;Choque - Objeto Fixo;1;;;;;;;;;;1;;;;
12/01/2016;17:54:00;1702;sem vítima;25;BR-040/RJ;Sul;Choque - Objeto Fixo;1;;;;;;;;;;1;;;;
12/01/2016;07:53:00;1636;sem vítima;30;BR-040/RJ;Norte;Choque - Objeto Fixo;1;;;;;;;;;;1;;;;
12/01/2016;18:53:00;1710;sem vítima;34;BR-040/RJ;Norte;Choque - Objeto Fixo;1;;;;;;;;;;1;;;;
12/01/2016;13:53:00;1670;sem vítima;42;BR-040/RJ;Norte;Choque - Objeto Fixo;1;;;;;;;;;;1;;;;
12/01/2016;18:57:00;1709;com vítima;43;BR-040/RJ;Norte;Choque - Objeto Fixo;1;;;;;;;;;;0;1;;;
12/01/2016;17:19:00;1700;sem vítima;63;BR-040/RJ;Sul;Choque - Objeto Fixo;1;;;;;;;;;;1;;;;
12/01/2016;03:26:00;1615;com vítima;64;BR-040/RJ;Sul;Queda de Moto;;;;1;;;;;;;0;1;;;
12/01/2016;15:40:00;1683;sem vítima;776;BR-040/MG;Sul;Choque - Objeto Fixo;1;;;;;;;;;;1;;;;
12/01/2016;04:54:00;1620;sem vítima;85;BR-040/RJ;Sul;Choque - Objeto Fixo;1;;;;;;;;;;1;;;;
12/01/2016;07:09:00;1631;sem vítima;85;BR-040/RJ;Norte;Choque - Objeto Fixo;1;;;;;;;;;;1;;;;
12/01/2016;08:20:00;1640;sem vítima;85;BR-040/RJ;Norte;Choque - Objeto Fixo;1;;;;;;;;;;1;;;;
12/01/2016;07:56:00;1637;sem vítima;90;BR-040/RJ;Sul;Choque - Objeto Fixo;1;;;;;;;;;;1;;;;
12/01/2016;23:47:00;1731;sem vítima;92;BR-040/RJ;Norte;Choque - Objeto Fixo;1;;;;;;;;;;1;;;;
12/01/2016;08:15:00;1642;sem vítima;96;BR-040/RJ;Sul;Choque - Objeto Fixo;1;;;;;;;;;;1;;;;
12/01/2016;17:50:00;1701;sem vítima;98;BR-040/RJ;Norte;Choque - Objeto Fixo;1;;;;;;;;;;1;;;;
12/01/2016;05:21:00;1622;com vítima;99;BR-040/RJ;Sul;Choque - Objeto Fixo;1;;;;;;;;;;0;1;;;
12/01/2016;06:46:00;1629;com vítima;102;BR-040/RJ;Norte;Choque - Objeto Fixo;;;1;;;;;;;;0;2;;;
12/01/2016;15:42:00;1684;sem vítima;797;BR-040/MG;Sul;Choque - Objeto Fixo;1;;;;;;;;;;1;;;;
12/01/2016;06:16:00;1626;sem vítima;119;BR-040/RJ;Norte;Choque - Objeto Fixo;1;;;;;;;;;;1;;;;
12/01/2016;12:52:00;1665;sem vítima;120;BR-040/RJ;Norte;Colisão Traseira;1;;;;1;;;;;;2;;;;
13/01/2016;19:40:00;1853;sem vítima;7;BR-040/RJ;Norte;Colisão Traseira;1;;1;;;;;;;;2;;;;
13/01/2016;08:36:00;1757;com vítima;35;BR-040/RJ;Norte;Choque - Objeto Fixo;1;;;;;;;;;;0;4;;;
13/01/2016;08:36:00;1763;com vítima;35;BR-040/RJ;Norte;Choque - Objeto Fixo;1;;;;;;;;;;0;5;;;
13/01/2016;07:35:00;1751;sem vítima;78;BR-040/RJ;Sul;Choque - Objeto Fixo;1;;;;;;;;;;1;;;;
13/01/2016;15:19:00;1802;com vítima;85;BR-040/RJ;Sul;Capotamento;1;;;;;;;;;;0;1;1;;
13/01/2016;15:54:00;1807;sem vítima;85;BR-040/RJ;Sul;Choque - Objeto Fixo;1;;;;;;;;;;1;;;;
13/01/2016;23:06:00;1865;sem vítima;86;BR-040/RJ;Sul;Derrapagem;1;;;;;;;;;;1;;;;
13/01/2016;09:44:00;1769;sem vítima;92;BR-040/RJ;Sul;Choque - Objeto Fixo;1;;;;;;;;;;1;;;;
13/01/2016;10:25:00;1774;sem vítima;93;BR-040/RJ;Sul;Choque - Objeto Fixo;1;;;;;;;;;;1;;;;
13/01/2016;15:06:00;1799;com vítima;93;BR-040/RJ;Sul;Capotamento;1;;;;;;;;;;0;;2;;
13/01/2016;21:27:00;1858;sem vítima;102;BR-040/RJ;Sul;Choque - Objeto Fixo;2;;;;;;;;;;3;;;;
13/01/2016;16:44:00;1814;sem vítima;106;BR-040/RJ;Norte;Colisão Traseira;2;;;;;;;;;;2;;;;
13/01/2016;09:46:00;1770;sem vítima;799;BR-040/MG;Sul;Tombamento;;;1;;;;;;;;1;;;;
13/01/2016;18:20:00;1836;com vítima;120;BR-040/RJ;Norte;Colisão Traseira;;;;;2;;;;;;1;3;4;;
14/01/2016;09:50:00;1912;com vítima;44;BR-040/RJ;Sul;Choque - Objeto Fixo;1;;;;;;;;;;0;2;1;;
14/01/2016;01:59:00;1877;sem vítima;62;BR-040/RJ;Sul;Tombamento;1;;;;;;;;;;1;;;;
14/01/2016;08:43:00;1900;sem vítima;72;BR-040/RJ;Norte;Choque - Objeto Fixo;1;;;;;;;;;;1;;;;
14/01/2016;09:28:00;1917;sem vítima;72;BR-040/RJ;Norte;Choque - Objeto Fixo;1;;;;;;;;;;1;;;;
14/01/2016;09:20:00;1908;sem vítima;77;BR-040/RJ;Sul;Choque - Objeto Fixo;1;;;;;;;;;;1;;;;
14/01/2016;08:43:00;1901;sem vítima;81;BR-040/RJ;Sul;Choque - Objeto Fixo;1;;;;;;;;;;1;;;;
14/01/2016;16:16:00;1960;com vítima;783;BR-040/MG;Sul;Choque - Objeto Fixo;1;;;;;;;;;;0;4;;;
14/01/2016;15:05:00;1949;sem vítima;86;BR-040/RJ;Norte;Colisão Traseira;2;;;;;;;;;;2;;;;
14/01/2016;19:52:00;1987;sem vítima;89;BR-040/RJ;Norte;Colisão Lateral;1;;1;;;;;;;;2;;;;
14/01/2016;09:20:00;1906;sem vítima;93;BR-040/RJ;Sul;Choque - Objeto Fixo;1;;;;;;;;;;1;;;;
14/01/2016;18:50:00;1979;sem vítima;93;BR-040/RJ;Sul;Capotamento;1;;;;;;;;;;1;;;;
14/01/2016;22:05:00;2002;com vítima;110;BR-040/RJ;Norte;Colisão Lateral;1;;;1;;;;;;;1;1;;;
15/01/2016;07:08:00;2041;sem vítima;4;BR-040/RJ;Sul;Choque - Objeto Fixo;1;;;;;;;;;;1;;;;
15/01/2016;17:28:00;2140;com vítima;53;BR-040/RJ;Norte;Colisão Traseira;2;;;;;;;;;;0;4;;;
15/01/2016;14:20:00;2110;com vítima;56;BR-040/RJ;Norte;Tombamento;;;1;;;;;;;;0;3;;;
15/01/2016;19:34:00;2167;com vítima;58;BR-040/RJ;Sul;Choque - Objeto Fixo;1;;;;;;;;;;0;2;;;
15/01/2016;22:12:00;2185;sem vítima;66;BR-040/RJ;Norte;Choque - Objeto Fixo;1;;;;;;;;;;1;;;;
15/01/2016;10:02:00;2074;sem vítima;67;BR-040/RJ;Norte;Choque - Objeto Fixo;1;;;;;;;;;;1;;;;
15/01/2016;08:16:00;2052;com vítima;72;BR-040/RJ;Norte;Choque - Objeto Fixo;1;;;;;;;;;;0;4;;;
15/01/2016;17:25:00;2143;sem vítima;73;BR-040/RJ;Sul;Choque - Objeto Fixo;1;;;;;;;;;;1;;;;
15/01/2016;08:23:00;2056;com vítima;77;BR-040/RJ;Sul;Choque - Objeto Fixo;1;;;;;;;;;;0;4;;;
15/01/2016;08:16:00;2069;com vítima;77;BR-040/RJ;Sul;Colisão Traseira;2;;;;;;;;;;0;6;;;
15/01/2016;12:43:00;2098;com vítima;785;BR-040/MG;Norte;Capotamento;1;;;;;;;;;;0;1;;;
15/01/2016;21:07:00;2178;sem vítima;91;BR-040/RJ;Norte;Choque - Objeto Fixo;1;;;;;;;;;;1;;;;
15/01/2016;18:05:00;2147;sem vítima;92;BR-040/RJ;Norte;Choque - Objeto Fixo;1;;;;;;;;;;1;;;;
15/01/2016;17:27:00;2139;sem vítima;93;BR-040/RJ;Sul;Choque - Objeto Fixo;1;;;;;;;;;;1;;;;
15/01/2016;19:15:00;2159;com vítima;99;BR-040/RJ;Sul;Capotamento;1;;;;;;;;;;0;;;2;
15/01/2016;23:41:00;2199;com vítima;101;BR-040/RJ;Norte;Atropelamento - Pedestre;1;;;;;;;;;;1;1;;;
15/01/2016;12:45:00;2100;sem vítima;108;BR-040/RJ;Norte;Choque - Objeto Fixo;1;;;;;;;;;;1;;;;
15/01/2016;15:06:00;2114;com vítima;786;BR-040/MG;Norte;Tombamento;1;;;;;;;;;;0;1;;;
15/01/2016;21:36:00;2182;sem vítima;118;BR-040/RJ;Sul;Choque - Objeto Fixo;1;;;;;;;;;;1;;;;
15/01/2016;23:22:00;2197;sem vítima;123;BR-040/RJ;Sul;Colisão Lateral;1;;;;1;;;;;;2;;;;
16/01/2016;09:04:00;2275;com vítima;0;BR-040/RJ;Sul;Choque - Objeto Fixo;1;;;;;;;;;;0;4;1;;
16/01/2016;09:20:00;2277;sem vítima;3;BR-040/RJ;Sul;Choque - Objeto Fixo;1;;;;;;;;;;1;;;;
16/01/2016;09:25:00;2278;sem vítima;16;BR-040/RJ;Sul;Choque - Objeto Fixo;1;;;;;;;;;;1;;;;
16/01/2016;00:24:00;2205;sem vítima;36;BR-040/RJ;Norte;Colisão Lateral;1;;;;;1;;;;;2;;;;
16/01/2016;02:25:00;2231;sem vítima;47;BR-040/RJ;Norte;Colisão Traseira;1;;;;1;;;;;;2;;;;
16/01/2016;05:29:00;2250;com vítima;53;BR-040/RJ;Norte;Choque - Objeto Fixo;1;;;;;;;;;;0;1;2;;
16/01/2016;04:00:00;2240;com vítima;54;BR-040/RJ;Norte;Capotamento;1;;;;;;;;;;0;3;;;
16/01/2016;10:26:00;2285;sem vítima;84;BR-040/RJ;Norte;Choque - Objeto Fixo;1;;;;;;;;;;1;;;;
16/01/2016;17:49:00;2358;sem vítima;86;BR-040/RJ;Norte;Choque - Objeto Fixo;1;;;;;;;;;;1;;;;
16/01/2016;00:40:00;2208;sem vítima;87;BR-040/RJ;Sul;Choque - Objeto Fixo;1;;;;;;;;;;1;;;;
16/01/2016;13:40:00;2319;sem vítima;90;BR-040/RJ;Sul;Choque - Objeto Fixo;1;;;;;;;;;;1;;;;
16/01/2016;12:22:00;2305;sem vítima;92;BR-040/RJ;Sul;Atropelamento - Pedestre;1;;;;;;;;;;1;;;;
16/01/2016;13:46:00;2320;sem vítima;92;BR-040/RJ;Sul;Choque - Objeto Fixo;1;;;;;;;;;;1;;;;
16/01/2016;12:37:00;2309;sem vítima;93;BR-040/RJ;Sul;Choque - Objeto Fixo;1;;;;;;;;;;1;;;;
16/01/2016;15:07:00;2331;sem vítima;93;BR-040/RJ;Sul;Capotamento;1;;;;;;;;;;1;;;;
16/01/2016;11:58:00;2300;sem vítima;94;BR-040/RJ;Sul;Choque - Objeto Fixo;1;;;;;;;;;;1;;;;
16/01/2016;04:44:00;2245;sem vítima;108;BR-040/RJ;Sul;Choque - Objeto Fixo;1;;;;;1;;;;;2;;;;
16/01/2016;14:00:00;2322;sem vítima;801;BR-040/MG;Sul;Derrapagem;1;;;;;;;;;;1;;;;
16/01/2016;10:44:00;2289;sem vítima;114;BR-040/RJ;Norte;Colisão Traseira;1;;;;1;;;;;;2;;;;
16/01/2016;11:40:00;2299;sem vítima;114;BR-040/RJ;Norte;Colisão Traseira;2;;;;;;;;;;2;;;;
16/01/2016;15:02:00;2330;sem vítima;116;BR-040/RJ;Sul;Derrapagem;1;;;;;;;;;;1;;;;
16/01/2016;07:19:00;2259;sem vítima;124;BR-040/RJ;Sul;Colisão Traseira;2;;;;;;;;;;2;;;;
17/01/2016;14:55:00;2486;sem vítima;0;BR-040/RJ;Sul;Choque - Objeto Fixo;1;;;;;;;;;;1;;;;
17/01/2016;19:11:00;2506;sem vítima;2;BR-040/RJ;Norte;Choque - Objeto Fixo;1;;;;;;;;;;1;;;;
17/01/2016;13:16:00;2473;com vítima;8;BR-040/RJ;Norte;Choque - Objeto Fixo;1;;;;;;;;;;0;2;;;
17/01/2016;22:45:00;2529;sem vítima;32;BR-040/RJ;Sul;Choque - Objeto Fixo;1;;;;;;;;;;1;;;;
17/01/2016;07:00:00;2438;sem vítima;53;BR-040/RJ;Norte;Choque - Objeto Fixo;1;;;;;;;;;;1;;;;
17/01/2016;08:19:00;2446;com vítima;54;BR-040/RJ;Sul;Tombamento;;;1;;;;;;;;0;1;;;
17/01/2016;12:46:00;2470;com vítima;78;BR-040/RJ;Sul;Choque - Objeto Fixo;1;;;;;;;;;;0;2;;;
17/01/2016;13:50:00;2480;sem vítima;82;BR-040/RJ;Norte;Colisão Traseira;2;;;;;;;;;;2;;;;
17/01/2016;05:36:00;2432;sem vítima;91;BR-040/RJ;Norte;Choque - Objeto Fixo;1;;;;;;;;;;1;;;;
17/01/2016;13:36:00;2476;sem vítima;93;BR-040/RJ;Norte;Choque - Objeto Fixo;1;;;;;;;;;;1;;;;
17/01/2016;17:55:00;2502;sem vítima;93;BR-040/RJ;Sul;Choque - Objeto Fixo;1;;;;;;;;;;1;;;;
17/01/2016;19:25:00;2512;sem vítima;93;BR-040/RJ;Sul;Choque - Objeto Fixo;1;;;;;;;;;;1;;;;
17/01/2016;18:17:00;2504;sem vítima;94;BR-040/RJ;Sul;Choque - Objeto Fixo;1;;;;;;;;;;1;;;;
17/01/2016;08:23:00;2447;com vítima;791;BR-040/MG;Sul;Choque - Objeto Fixo;1;;;;;;;;;;0;1;;;
17/01/2016;08:46:00;2448;com vítima;799;BR-040/MG;Sul;Choque - Objeto Fixo;1;;;;;;;;;;0;1;;;
17/01/2016;08:46:00;2452;sem vítima;799;BR-040/MG;Sul;Choque - Objeto Fixo;1;;;;;;;;;;1;;;;
17/01/2016;09:17:00;2451;sem vítima;120;BR-040/RJ;Sul;Choque - Objeto Fixo;1;;;;;;;;;;1;;;;
17/01/2016;05:54:00;2433;sem vítima;122;BR-040/RJ;Sul;Colisão Traseira;1;;;;;1;;;;;2;;;;
18/01/2016;15:55:00;2618;com vítima;74;BR-040/RJ;Norte;Capotamento;1;;;;;;;;;;0;4;;;
18/01/2016;12:23:00;2590;sem vítima;78;BR-040/RJ;Sul;Choque - Objeto Fixo;1;;;;;;;;;;1;;;;
18/01/2016;16:13:00;2621;sem vítima;85;BR-040/RJ;Norte;Choque - Objeto Fixo;1;;;;;;;;;;1;;;;
18/01/2016;12:00:00;2588;sem vítima;90;BR-040/RJ;Sul;Choque - Objeto Fixo;1;;;;;;;;;;1;;;;
18/01/2016;12:57:00;2594;com vítima;90;BR-040/RJ;Sul;Colisão Traseira;1;;1;;;;;;;;1;1;;;
18/01/2016;03:30:00;2553;sem vítima;91;BR-040/RJ;Norte;Choque - Objeto Fixo;1;;;;;;;;;;1;;;;
18/01/2016;00:38:00;2539;sem vítima;93;BR-040/RJ;Norte;Choque - Objeto Fixo;1;;;;;;;;;;1;;;;
18/01/2016;01:10:00;2541;sem vítima;93;BR-040/RJ;Norte;Choque - Objeto Fixo;1;;;;;;;;;;1;;;;
18/01/2016;01:30:00;2545;sem vítima;93;BR-040/RJ;Norte;Derrapagem;;;1;;;;;;;;1;;;;
18/01/2016;01:30:00;2546;sem vítima;93;BR-040/RJ;Norte;Choque - Objeto Fixo;1;;;;;;;;;;1;;;;
18/01/2016;07:17:00;2564;sem vítima;101;BR-040/RJ;Sul;Colisão Traseira;1;;;;1;;;;;;2;;;;
18/01/2016;17:21:00;2632;sem vítima;108;BR-040/RJ;Norte;Colisão Lateral;1;;1;;;;;;;;2;;;;
18/01/2016;15:12:00;2613;sem vítima;109;BR-040/RJ;Norte;Colisão Traseira;;;1;;1;;;;;;2;;;;
18/01/2016;14:27:00;2610;sem vítima;123;BR-040/RJ;Sul;Choque - Objeto Fixo;1;;;;;;;;;;1;;;;
18/01/2016;17:13:00;2631;sem vítima;123;BR-040/RJ;Norte;Engavetamento;2;;;;1;;;;;;3;;;;
19/01/2016;14:29:00;2744;com vítima;774,007;BR-040/MG;Sul;Choque - Objeto Fixo;1;;;;;;;;;;0;3;;;
19/01/2016;20:57:00;2807;sem vítima;777;BR-040/MG;Norte;Atropelamento - Animal;1;;;;;;;;;;1;;;;
19/01/2016;18:19:00;2782;sem vítima;82;BR-040/RJ;Sul;Choque - Objeto Fixo;;;1;;;;;;;;1;;;;
19/01/2016;16:28:00;2764;sem vítima;85;BR-040/RJ;Sul;Colisão Traseira;;;2;;;;;;;;2;;;;
19/01/2016;17:34:00;2777;com vítima;86;BR-040/RJ;Sul;Capotamento;1;;;;;;;;;;0;2;;;
19/01/2016;16:19:00;2763;sem vítima;109;BR-040/RJ;Sul;Colisão Lateral;1;;1;;;;;;;;2;;;;
19/01/2016;19:49:00;2797;sem vítima;112;BR-040/RJ;Sul;Choque - Objeto Fixo;1;;;;;;;;;;1;;;;
19/01/2016;16:13:00;2767;sem vítima;817;BR-040/MG;Norte;Choque - Objeto Fixo;1;;;;;;;;;;1;;;;
20/01/2016;16:15:00;2907;sem vítima;78;BR-040/RJ;Sul;Choque - Objeto Fixo;1;;;;;;;;;;1;;;;
20/01/2016;09:14:00;2859;sem vítima;782;BR-040/MG;Norte;Choque - Objeto Fixo;1;;;;;;;;;;1;;;;
20/01/2016;08:14:00;2849;sem vítima;82;BR-040/RJ;Sul;Choque - Objeto Fixo;1;;;;;;;;;;1;;;;
20/01/2016;22:19:00;2947;sem vítima;82;BR-040/RJ;Sul;Choque - Objeto Fixo;1;;;;;;;;;;1;;;;
20/01/2016;15:47:00;2900;com vítima;91;BR-040/RJ;Sul;Choque - Objeto Fixo;1;;;;;;;;;;0;1;;;
20/01/2016;00:42:00;2824;sem vítima;92;BR-040/RJ;Sul;Tombamento;;;1;;;;;;;;2;;;;
20/01/2016;15:30:00;2898;sem vítima;93;BR-040/RJ;Sul;Choque - Objeto Fixo;1;;;;;;;;;;1;;;;
20/01/2016;14:51:00;2894;sem vítima;98;BR-040/RJ;Norte;Choque - Objeto Fixo;1;;;;;;;;;;1;;;;
20/01/2016;11:40:00;2873;com vítima;108;BR-040/RJ;Norte;Colisão Lateral;1;;;1;;;;;;;1;;1;;
20/01/2016;12:46:00;2880;sem vítima;109;BR-040/RJ;Norte;Choque - Objeto Fixo;;;1;;;;;;;;1;;;;
20/01/2016;13:33:00;2887;sem vítima;795;BR-040/MG;Sul;Colisão Traseira;2;;;;;;;;;;2;;;;
20/01/2016;20:57:00;2936;sem vítima;120;BR-040/RJ;Sul;Choque - Objeto Fixo;1;;;;;;;;;;1;;;;
21/01/2016;08:22:00;2992;sem vítima;71;BR-040/RJ;Norte;Choque - Objeto Fixo;1;;;;;;;;;;1;;;;
21/01/2016;22:28:00;3107;sem vítima;94;BR-040/RJ;Norte;Choque - Objeto Fixo;1;;;;;;;;;;1;;;;
21/01/2016;08:03:00;2990;com vítima;98;BR-040/RJ;Sul;Derrapagem;1;;;;;;;;;;0;2;;;
21/01/2016;01:45:00;2965;sem vítima;119;BR-040/RJ;Norte;Choque - Objeto Fixo;1;;;;;;;;;;1;;;;
22/01/2016;16:09:00;3222;sem vítima;19;BR-040/RJ;Sul;Queda de Moto;;;;1;;;;;;;1;;;;
22/01/2016;03:16:00;3132;sem vítima;51;BR-040/RJ;Norte;Choque - Objeto Fixo;1;;;;;;;;;;1;;;;
22/01/2016;02:15:00;3129;sem vítima;78;BR-040/RJ;Norte;Choque - Objeto Fixo;1;;;;;;;;;;1;;;;
22/01/2016;18:42:00;3251;sem vítima;82;BR-040/RJ;Norte;Choque - Objeto Fixo;1;;;;;;;;;;1;;;;
22/01/2016;08:59:00;3161;sem vítima;89;BR-040/RJ;Sul;Choque - Objeto Fixo;1;;;;;;;;;;1;;;;
22/01/2016;06:51:00;3146;sem vítima;91;BR-040/RJ;Norte;Choque - Objeto Fixo;1;;;;;;;;;;1;;;;
22/01/2016;19:36:00;3258;sem vítima;92;BR-040/RJ;Norte;Choque - Objeto Fixo;1;;;;;;;;;;1;;;;
22/01/2016;21:33:00;3269;sem vítima;98;BR-040/RJ;Sul;Atropelamento - Pedestre;1;;;;;;;;;;1;;;;
22/01/2016;18:35:00;3249;com vítima;105;BR-040/RJ;Norte;Capotamento;1;;;;;;;;;;0;3;;;
22/01/2016;19:11:00;3253;sem vítima;106;BR-040/RJ;Norte;Choque - Objeto Fixo;1;;;;;;;;;;1;;;;
22/01/2016;12:52:00;3198;sem vítima;108;BR-040/RJ;Norte;Choque - Objeto Fixo;1;;;;;;;;;;1;;;;
22/01/2016;16:55:00;3234;sem vítima;111;BR-040/RJ;Norte;Colisão Lateral;1;;1;;;;;;;;2;;;;
22/01/2016;03:13:00;3131;com vítima;811;BR-040/MG;Norte;Atropelamento - Animal;1;;;;;;;;;;0;2;;;
22/01/2016;08:46:00;3160;com vítima;121;BR-040/RJ;Sul;Queda de Moto;;;;1;;;;;;;0;1;;;
22/01/2016;14:03:00;3203;com vítima;123;BR-040/RJ;Norte;Queda de Moto;;;;1;;1;;;;;1;1;;;
23/01/2016;20:13:00;3408;com vítima;16;BR-040/RJ;Norte;Atropelamento - Animal;1;;;;;;;;;;0;2;;;
23/01/2016;03:42:00;3298;sem vítima;66;BR-040/RJ;Norte;Derrapagem;1;;;;;;;;;;1;;;;
23/01/2016;10:41:00;3327;sem vítima;84;BR-040/RJ;Sul;Choque - Objeto Fixo;1;;;;;;;;;;1;;;;
23/01/2016;12:25:00;3337;sem vítima;97;BR-040/RJ;Sul;Choque - Objeto Fixo;1;;;;;;;;;;1;;;;
23/01/2016;23:28:00;3428;sem vítima;109;BR-040/RJ;Norte;Colisão Traseira;2;;;;;;;;;;2;;;;
23/01/2016;09:29:00;3318;sem vítima;815;BR-040/MG;Sul;Colisão Traseira;2;;;;;;;;;;2;;;;
23/01/2016;15:59:00;3366;sem vítima;119;BR-040/RJ;Sul;Choque - Objeto Fixo;2;;;;;;;;;;2;;;;
23/01/2016;11:30:00;3333;com vítima;122;BR-040/RJ;Sul;Colisão Lateral;;;;1;1;;;;;;1;2;;;
24/01/2016;16:14:00;3510;sem vítima;87;BR-040/RJ;Norte;Choque - Objeto Fixo;1;;;;;;;;;;1;;;;
24/01/2016;04:40:00;3452;sem vítima;124;BR-040/RJ;Sul;Choque - Objeto Fixo;1;;;;;;;;;;1;;;;
25/01/2016;23:13:00;3727;com vítima;25;BR-040/RJ;Norte;Choque - Objeto Fixo;;;1;;;;;;;;0;;1;;
25/01/2016;07:25:00;3605;sem vítima;88;BR-040/RJ;Norte;Choque - Objeto Fixo;1;;;;;;;;;;1;;;;
25/01/2016;06:39:00;3600;sem vítima;98;BR-040/RJ;Norte;Derrapagem;1;;;;;;;;;;1;;;;
25/01/2016;14:35:00;3655;sem vítima;109;BR-040/RJ;Norte;Colisão Traseira;2;;;;;;;;;;2;;;;
25/01/2016;17:05:00;3680;com vítima;111;BR-040/RJ;Norte;Colisão Traseira;2;;;;;;;;;;1;2;1;;
25/01/2016;05:38:00;3596;sem vítima;790;BR-040/MG;Sul;Choque - Objeto Fixo;;;1;;;;;;;;1;;;;
25/01/2016;17:35:00;3684;sem vítima;114;BR-040/RJ;Sul;Choque - Objeto Fixo;1;;;;;;;;;;1;;;;
25/01/2016;07:42:00;3607;com vítima;119;BR-040/RJ;Norte;Capotamento;1;;;;;;;;;;0;1;;;
26/01/2016;19:41:00;3852;sem vítima;1;BR-040/RJ;Norte;Choque - Objeto Fixo;1;;;;;;;;;;1;;;;
26/01/2016;07:26:00;3767;com vítima;3;BR-040/RJ;Sul;Choque - Objeto Fixo;1;;;;;;;;;;0;3;;;
26/01/2016;04:30:00;3754;com vítima;25;BR-040/RJ;Norte;Choque - Objeto Fixo;1;;;;;;;;;;0;5;;;
26/01/2016;18:29:00;3844;com vítima;93;BR-040/RJ;Norte;Choque - Objeto Fixo;1;;;;;;;;;;0;1;;;
26/01/2016;16:38:00;3828;sem vítima;109;BR-040/RJ;Norte;Colisão Traseira;2;;;;;;;;;;2;;;;
26/01/2016;18:10:00;3839;sem vítima;113;BR-040/RJ;Norte;Capotamento;;;1;;;;;;;;1;;;;
26/01/2016;08:30:00;3775;com vítima;121;BR-040/RJ;Norte;Choque - Objeto Fixo;1;;;;;;;;;;0;1;;;
26/01/2016;05:04:00;3757;sem vítima;122;BR-040/RJ;Norte;Colisão Lateral;2;;;;;;;;;;2;;;;
26/01/2016;08:46:00;3776;sem vítima;122;BR-040/RJ;Sul;Choque - Objeto Fixo;1;;;;;;;;;;1;;;;
27/01/2016;16:57:00;3978;sem vítima;84;BR-040/RJ;Norte;Choque - Objeto Fixo;1;;;;;;;;;;1;;;;
27/01/2016;07:19:00;3903;com vítima;810;BR-040/MG;Norte;Colisão Frontal;2;;;;;;;;;;1;1;;;
27/01/2016;13:05:00;3943;com vítima;122;BR-040/RJ;Norte;Colisão Lateral;1;;1;;;;;;;;1;1;;;
27/01/2016;17:15:00;3982;sem vítima;124;BR-040/RJ;Sul;Colisão Traseira;;;;1;1;;;;;;2;;;;
28/01/2016;18:42:00;4153;sem vítima;41;BR-040/RJ;Norte;Choque - Objeto Fixo;1;;;;;;;;;;1;;;;
28/01/2016;17:17:00;4142;com vítima;43;BR-040/RJ;Norte;Tombamento;1;;;;;;;;;;0;1;;;
28/01/2016;12:10:00;4092;com vítima;71;BR-040/RJ;Norte;Colisão Traseira;1;;1;;;;;;;;1;2;;;
28/01/2016;18:24:00;4149;sem vítima;77;BR-040/RJ;Sul;Choque - Objeto Fixo;1;;;;;;;;;;1;;;;
28/01/2016;14:14:00;4104;sem vítima;82;BR-040/RJ;Norte;Colisão Lateral;1;;1;;;;;;;;2;;;;
28/01/2016;15:20:00;4117;sem vítima;104;BR-040/RJ;Norte;Colisão Lateral;1;;;;;1;;;;;2;;;;
28/01/2016;09:54:00;4078;com vítima;120;BR-040/RJ;Sul;Colisão Traseira;1;;1;;;;;;;;1;1;;;
28/01/2016;16:58:00;4138;sem vítima;825;BR-040/MG;Sul;Choque - Objeto Fixo;;;1;;;;;;;;1;;;;
28/01/2016;18:01:00;4146;sem vítima;124;BR-040/RJ;Norte;Choque - Objeto Fixo;;;1;;;;;;;;1;;;;
29/01/2016;12:49:00;4246;com vítima;32;BR-040/RJ;Norte;Choque - Objeto Fixo;1;;;;;;;;;;0;4;;;
29/01/2016;17:30:00;4296;com vítima;83;BR-040/RJ;Norte;Colisão Lateral;2;;;;;;;;;;1;1;;;
29/01/2016;00:44:00;4189;sem vítima;89;BR-040/RJ;Norte;Queda de Moto;;;;1;;;;;;;1;;;;
29/01/2016;20:11:00;4331;com vítima;94;BR-040/RJ;Sul;Tombamento;;;1;;;;;;;;0;;1;;1
29/01/2016;15:13:00;4263;sem vítima;109;BR-040/RJ;Sul;Colisão Lateral;;;;;2;;;;;;2;;;;
29/01/2016;00:32:00;4187;sem vítima;118;BR-040/RJ;Sul;Choque - Objeto Fixo;1;;;;;1;;;;;2;;;;
29/01/2016;20:10:00;4330;com vítima;119;BR-040/RJ;Sul;Queda de Moto;;;;1;;;;;;;0;;1;;