data;horario;n_da_ocorrencia;tipo_de_ocorrencia;km;trecho;sentido;tipo_de_acidente;automovel;bicicleta;caminhao;moto;onibus;outros;tracao_animal;transporte_de_cargas_especiais;trator_maquinas;utilitarios;ilesos;levemente_feridos;moderadamente_feridos;gravemente_feridos;mortos
29/01/2016;06:32:00;4210;com vítima;120;BR-040/RJ;Sul;Colisão Traseira;2;;;;;;;;;;0;2;;;
29/01/2016;21:37:00;4335;com vítima;121;BR-040/RJ;Norte;Atropelamento - Pedestre;1;;;;;;;;;;1;;1;;
30/01/2016;13:26:00;4429;com vítima;4;BR-040/RJ;Sul;Queda de Moto;;;;1;;;;;;;0;;;1;
30/01/2016;15:43:00;4448;sem vítima;78;BR-040/RJ;Sul;Choque - Objeto Fixo;1;;;;;;;;;;1;;;;
30/01/2016;09:21:00;4401;sem vítima;102;BR-040/RJ;Norte;Colisão Traseira;2;;;;;;;;;;2;;;;
30/01/2016;16:08:00;4451;com vítima;110;BR-040/RJ;Norte;Queda de Moto;;;;1;;1;;;;;1;1;;;
30/01/2016;05:52:00;4381;com vítima;116;BR-040/RJ;Norte;Colisão Traseira;1;;;;;1;;;;;1;1;;;
30/01/2016;23:13:00;4507;com vítima;123;BR-040/RJ;Norte;Colisão Lateral;1;;1;;;;;;;;1;1;;;
31/01/2016;06:34:00;4530;com vítima;30;BR-040/RJ;Sul;Choque - Objeto Fixo;1;;;;;;;;;;0;1;;;
31/01/2016;22:00:00;4662;com vítima;41;BR-040/RJ;Sul;Queda de Moto;;;;1;;;;;;;0;1;;;
31/01/2016;03:42:00;4524;sem vítima;58;BR-040/RJ;Norte;Atropelamento - Animal;1;;;;;;;;;;1;;;;
31/01/2016;08:45:00;4545;com vítima;73;BR-040/RJ;Norte;Queda de Moto;;;;1;;;;;;;0;1;;;
31/01/2016;11:00:00;4562;sem vítima;81;BR-040/RJ;Sul;Queda de Moto;;;;1;;;;;;;1;;;;
31/01/2016;15:24:00;4588;sem vítima;86;BR-040/RJ;Norte;Choque - Objeto Fixo;1;;;;;;;;;;1;;;;
31/01/2016;20:53:00;4654;sem vítima;88;BR-040/RJ;Sul;Choque - Objeto Fixo;1;;;;;;;;;;1;;;;
31/01/2016;19:00:00;4633;com vítima;109;BR-040/RJ;Norte;Engavetamento;2;;1;;;;;;;;2;1;;;
31/01/2016;09:28:00;4549;sem vítima;789;BR-040/MG;Norte;Choque - Objeto Fixo;1;;;;;;;;;;1;;;;
31/01/2016;02:34:00;4519;sem vítima;116;BR-040/RJ;Sul;Choque - Objeto Fixo;1;;;;;;;;;;1;;;;
31/01/2016;21:58:00;4660;com vítima;116;BR-040/RJ;Sul;Queda de Moto;;;;1;;;;;;;0;;1;;
31/01/2016;17:20:00;4614;sem vítima;118;BR-040/RJ;Norte;Queda de Moto;1;;;;;;;;;;1;;;;
31/01/2016;18:27:00;4629;com vítima;124;BR-040/RJ;Sul;Colisão Lateral;1;;;;;1;;;;;1;2;;;
01/02/2016;11:28:00;55;sem vítima;84;BR-040/RJ;Norte;Colisão Traseira;2;;;;;;;;;;2;;;;
01/02/2016;00:30:00;5;com vítima;92;BR-040/RJ;Norte;Queda de Moto;;;;1;;;;;;;0;2;;;
01/02/2016;20:55:00;139;sem vítima;101;BR-040/RJ;Sul;Choque - Objeto Fixo;1;;;;;;;;;;1;;;;
01/02/2016;11:57:00;59;com vítima;106;BR-040/RJ;Norte;Colisão Traseira;2;;;;;;;;;;1;1;;;
01/02/2016;21:56:00;146;com vítima;119;BR-040/RJ;Sul;Choque - Objeto Fixo;1;;;;;;;;;;0;2;;;
01/02/2016;20:15:00;131;com vítima;124;BR-040/RJ;Norte;Atropelamento - Pedestre;;;;;;1;;;;;1;;1;;
02/02/2016;00:55:00;166;sem vítima;61;BR-040/RJ;Sul;Colisão Frontal;1;;1;;;;;;;;2;;;;
02/02/2016;16:05:00;257;com vítima;76;BR-040/RJ;Norte;Capotamento;1;;;;;;;;;;0;;1;;
02/02/2016;19:38:00;295;sem vítima;92;BR-040/RJ;Norte;Colisão Lateral;1;;1;;;;;;;;2;;;;
02/02/2016;15:03:00;246;com vítima;99;BR-040/RJ;Norte;Capotamento;1;;;;;;;;;;0;1;;;
02/02/2016;17:36:00;279;sem vítima;113;BR-040/RJ;Sul;Colisão Traseira;2;;;;;1;;;;;4;;;;
02/02/2016;17:44:00;281;com vítima;113;BR-040/RJ;Sul;Queda de Moto;;;;1;;;;;;;0;1;;;
02/02/2016;16:15:00;259;com vítima;822;BR-040/MG;Norte;Colisão Traseira;1;;1;;;;;;;;1;1;;1;
02/02/2016;17:36:00;278;com vítima;123;BR-040/RJ;Norte;Colisão Traseira;1;;;1;;;;;;;1;1;;;
03/02/2016;20:28:00;464;com vítima;36;BR-040/RJ;Sul;Atropelamento - Animal;1;;;;;;;;;;0;5;;;
03/02/2016;10:00:00;365;com vítima;43;BR-040/RJ;Norte;Tombamento;;;1;;;;;;;;0;2;;;
03/02/2016;17:49:00;442;sem vítima;59;BR-040/RJ;Sul;Colisão Traseira;2;;;;;;;;;;2;;;;
03/02/2016;14:31:00;410;sem vítima;74;BR-040/RJ;Sul;Colisão Traseira;1;;1;;;;;;;;2;;;;
03/02/2016;11:24:00;380;sem vítima;98;BR-040/RJ;Norte;Colisão Lateral;1;;1;;;;;;;;2;;;;
03/02/2016;07:12:00;348;sem vítima;124;BR-040/RJ;Sul;Colisão Traseira;1;;;1;;;;;;;2;;;;
03/02/2016;07:31:00;350;sem vítima;124;BR-040/RJ;Sul;Colisão Traseira;2;;;;;;;;;;2;;;;
04/02/2016;17:24:00;604;com vítima;51;BR-040/RJ;Norte;Choque - Objeto Fixo;1;;;;;;;;;;0;3;;;
04/02/2016;17:49:00;611;sem vítima;54;BR-040/RJ;Sul;Choque - Objeto Fixo;1;;;;;;;;;;1;;;;
04/02/2016;01:01:00;490;com vítima;58;BR-040/RJ;Sul;Capotamento;1;;;;;;;;;;0;2;;;
04/02/2016;01:46:00;496;sem vítima;61;BR-040/RJ;Sul;Colisão Traseira;;;2;;;;;;;;2;;;;
04/02/2016;13:23:00;565;com vítima;105;BR-040/RJ;Norte;Atropelamento - Pedestre;;;1;;;;;;;;1;1;;;
04/02/2016;18:44:00;619;sem vítima;106;BR-040/RJ;Sul;Colisão Frontal;1;;;1;;;;;;;2;;;;
04/02/2016;14:13:00;569;sem vítima;109;BR-040/RJ;Sul;Colisão Lateral;1;;1;;;;;;;;2;;;;
04/02/2016;07:20:00;529;com vítima;123;BR-040/RJ;Sul;Colisão Lateral;;;;1;1;;;;;;1;1;;;
05/02/2016;17:36:00;791;com vítima;25;BR-040/RJ;Sul;Tombamento;;;1;;;;;;;;0;;1;;
05/02/2016;22:02:00;838;com vítima;37;BR-040/RJ;Sul;Atropelamento - Pedestre;1;;;;1;;;;;;2;1;;;1
05/02/2016;11:15:00;722;sem vítima;58;BR-040/RJ;Norte;Colisão Traseira;1;;1;;;;;;;;2;;;;
05/02/2016;05:34:00;676;sem vítima;85;BR-040/RJ;Norte;Choque - Objeto Fixo;1;;;;;;;;;;1;;;;
05/02/2016;22:32:00;843;com vítima;85;BR-040/RJ;Sul;Tombamento;;;1;;;;;;;;0;;1;;
05/02/2016;13:46:00;744;sem vítima;799;BR-040/MG;Sul;Choque - Objeto Fixo;1;;;;;;;;;;1;;;;
05/02/2016;01:35:00;662;com vítima;114;BR-040/RJ;Norte;Colisão Traseira;2;;;;;;;;;;1;1;;;
06/02/2016;17:37:00;988;sem vítima;61;BR-040/RJ;Sul;Colisão Lateral;1;;;1;;;;;;;2;;;;
06/02/2016;23:58:00;1035;com vítima;72;BR-040/RJ;Norte;Choque - Objeto Fixo;1;;;;;;;;;;0;5;;;
06/02/2016;20:55:00;1013;sem vítima;83;BR-040/RJ;Norte;Choque - Objeto Fixo;1;;;;;;;;;;1;;;;
06/02/2016;16:27:00;978;com vítima;84;BR-040/RJ;Norte;Capotamento;1;;;;;;;;;;0;1;;;
06/02/2016;18:43:00;997;sem vítima;85;BR-040/RJ;Norte;Capotamento;1;;;;;;;;;;1;;;;
06/02/2016;23:56:00;1034;com vítima;102;BR-040/RJ;Norte;Atropelamento - Pedestre;;;;;;1;;;;;1;;;1;
06/02/2016;02:37:00;880;com vítima;107;BR-040/RJ;Norte;Queda de Moto;;;;1;;;;;;;0;1;2;;
06/02/2016;04:38:00;886;sem vítima;112;BR-040/RJ;Norte;Colisão Traseira;1;;1;;;;;;;;2;;;;
06/02/2016;19:58:00;1007;sem vítima;113;BR-040/RJ;Norte;Choque - Objeto Fixo;1;;;;;;;;;;1;;;;
06/02/2016;21:36:00;1018;sem vítima;116;BR-040/RJ;Sul;Choque - Objeto Fixo;1;;;;;;;;;;1;;;;
06/02/2016;07:58:00;911;com vítima;117;BR-040/RJ;Sul;Colisão Traseira;1;;;;1;;;;;;1;1;;;
06/02/2016;20:38:00;1010;sem vítima;119;BR-040/RJ;Sul;Colisão Lateral;1;;;;;1;;;;;2;;;;
06/02/2016;00:38:00;864;sem vítima;120;BR-040/RJ;Norte;Capotamento;1;;;;;;;;;;1;;;;
07/02/2016;23:13:00;1170;com vítima;0;BR-040/RJ;Sul;Queda de Moto;;;;1;;;;;;;0;1;;;
07/02/2016;04:11:00;1055;com vítima;26;BR-040/RJ;Sul;Colisão Traseira;2;;;;;;;;;;0;9;;;
07/02/2016;14:21:00;1112;sem vítima;42;BR-040/RJ;Norte;Choque - Objeto Fixo;1;;;;;;;;;;1;;;;
07/02/2016;23:10:00;1172;sem vítima;70;BR-040/RJ;Sul;Choque - Objeto Fixo;1;;;;;1;;;;;2;;;;
07/02/2016;12:42:00;1102;sem vítima;85;BR-040/RJ;Norte;Choque - Objeto Fixo;1;;;;;;;;;;1;;;;
07/02/2016;15:11:00;1118;com vítima;88;BR-040/RJ;Sul;Choque - Objeto Fixo;1;;;;;;;;;;0;2;;;
07/02/2016;16:10:00;1127;sem vítima;92;BR-040/RJ;Sul;Choque - Objeto Fixo;1;;;;;;;;;;1;;;;
07/02/2016;15:08:00;1117;sem vítima;93;BR-040/RJ;Sul;Choque - Objeto Fixo;1;;;;;;;;;;1;;;;
07/02/2016;12:07:00;1093;com vítima;98;BR-040/RJ;Norte;Colisão Lateral;;;;;1;1;;;;;1;2;;;
07/02/2016;15:13:00;1120;com vítima;109;BR-040/RJ;Sul;Colisão Transversal;2;;;;;;;;;;0;4;;;
07/02/2016;01:43:00;1042;com vítima;111;BR-040/RJ;Sul;Choque - Objeto Fixo;1;;;;;;;;;;0;;;;1
08/02/2016;09:20:00;1214;sem vítima;9;BR-040/RJ;Norte;Choque - Objeto Fixo;1;;;;;;;;;;1;;;;
08/02/2016;03:00:00;1189;sem vítima;77;BR-040/RJ;Sul;Colisão Lateral;1;;;;;1;;;;;2;;;;
08/02/2016;09:59:00;1219;sem vítima;83;BR-040/RJ;Sul;Choque - Objeto Fixo;1;;;;;;;;;;1;;;;
08/02/2016;15:19:00;1252;sem vítima;84;BR-040/RJ;Norte;Derrapagem;1;;;;;;;;;;1;;;;
08/02/2016;17:44:00;1274;sem vítima;84;BR-040/RJ;Norte;Choque - Objeto Fixo;2;;;;;;;;;;2;;;;
08/02/2016;10:37:00;1224;sem vítima;108;BR-040/RJ;Sul;Choque - Objeto Fixo;1;;;;;;;;;;1;;;;
08/02/2016;12:56:00;1243;com vítima;799;BR-040/MG;Sul;Choque - Objeto Fixo;1;;;;;;;;;;0;5;;;
08/02/2016;06:05:00;1199;com vítima;119;BR-040/RJ;Norte;Choque - Objeto Fixo;1;;;;;;;;;;0;1;;;
09/02/2016;20:44:00;1449;com vítima;31;BR-040/RJ;Sul;Capotamento;1;;;;;;;;;;0;2;;;
09/02/2016;15:29:00;1402;com vítima;39;BR-040/RJ;Norte;Colisão Lateral;1;;;1;;;;;;;0;5;1;;
09/02/2016;19:15:00;1439;sem vítima;70;BR-040/RJ;Sul;Choque - Objeto Fixo;1;;;;;;;;;;1;;;;
09/02/2016;14:15:00;1390;sem vítima;84;BR-040/RJ;Norte;Choque - Objeto Fixo;1;;;;;;;;;;1;;;;
09/02/2016;15:44:00;1403;com vítima;84;BR-040/RJ;Norte;Capotamento;1;;;;;;;;;;1;2;;;
09/02/2016;15:48:00;1408;sem vítima;84;BR-040/RJ;Norte;Colisão Lateral;1;;;;;1;;;;;3;;;;
09/02/2016;20:28:00;1447;com vítima;109;BR-040/RJ;Sul;Colisão Traseira;1;;1;;;1;;;;;4;2;;;
09/02/2016;08:08:00;1343;sem vítima;120;BR-040/RJ;Norte;Colisão Traseira;2;;;;;;;;;;2;;;;
09/02/2016;07:12:00;1337;sem vítima;123;BR-040/RJ;Norte;Choque - Objeto Fixo;1;;;;;;;;;;1;;;;
10/02/2016;11:26:00;1524;sem vítima;50;BR-040/RJ;Sul;Colisão Traseira;2;;;;;;;;;;2;;;;
10/02/2016;17:16:00;1593;sem vítima;82;BR-040/RJ;Sul;Choque - Objeto Fixo;1;;;;;1;;;;;2;;;;
10/02/2016;05:52:00;1489;sem vítima;85;BR-040/RJ;Norte;Choque - Objeto Fixo;1;;;;;;;;;;1;;;;
10/02/2016;18:50:00;1608;sem vítima;92;BR-040/RJ;Norte;Choque - Objeto Fixo;;;;;1;;;;;;1;;;;
10/02/2016;03:12:00;1481;sem vítima;97;BR-040/RJ;Sul;Capotamento;1;;;;;;;;;;1;;;;
10/02/2016;09:46:00;1513;sem vítima;102;BR-040/RJ;Sul;Colisão Traseira;2;;;;;;;;;;2;;;;
10/02/2016;17:29:00;1594;sem vítima;108;BR-040/RJ;Sul;Engavetamento;3;;;;;;;;;;3;;;;
10/02/2016;01:16:00;1475;com vítima;113;BR-040/RJ;Norte;Queda de Moto;;;;1;;;;;;;0;;2;;
10/02/2016;14:54:00;1566;sem vítima;124;BR-040/RJ;Norte;Choque - Objeto Fixo;1;;;;;;;;;;1;;;;
11/02/2016;17:33:00;1752;sem vítima;32;BR-040/RJ;Norte;Choque - Objeto Fixo;1;;;;;;;;;;1;;;;
11/02/2016;14:15:00;1727;sem vítima;72;BR-040/RJ;Norte;Choque - Objeto Fixo;1;;;;;;;;;;1;;;;
11/02/2016;14:03:00;1726;sem vítima;77;BR-040/RJ;Sul;Choque - Objeto Fixo;1;;;;;;;;;;1;;;;
11/02/2016;14:22:00;1728;sem vítima;77;BR-040/RJ;Sul;Choque - Objeto Fixo;1;;;;;;;;;;1;;;;
11/02/2016;10:00:00;1697;sem vítima;78;BR-040/RJ;Sul;Choque - Objeto Fixo;1;;;;;;;;;;1;;;;
11/02/2016;19:23:00;1771;sem vítima;80;BR-040/RJ;Sul;Choque - Objeto Fixo;1;;;;;;;;;;1;;;;
11/02/2016;10:08:00;1694;sem vítima;84;BR-040/RJ;Norte;Choque - Objeto Fixo;1;;;;;;;;;;1;;;;
11/02/2016;18:00:00;1759;com vítima;84;BR-040/RJ;Sul;Choque - Objeto Fixo;1;;;;;;;;;;0;3;;;
11/02/2016;18:52:00;1769;sem vítima;84;BR-040/RJ;Norte;Choque - Objeto Fixo;1;;;;;;;;;;1;;;;
11/02/2016;10:02:00;1691;sem vítima;91;BR-040/RJ;Norte;Choque - Objeto Fixo;1;;;;;;;;;;1;;;;
11/02/2016;10:22:00;1698;sem vítima;91;BR-040/RJ;Norte;Choque - Objeto Fixo;1;;;;;;;;;;1;;;;
11/02/2016;18:39:00;1765;sem vítima;91;BR-040/RJ;Norte;Choque - Objeto Fixo;1;;;;;;;;;;1;;;;
11/02/2016;02:35:00;1653;com vítima;93;BR-040/RJ;Sul;Capotamento;1;;;;;;;;;;0;1;;1;
11/02/2016;09:08:00;1686;sem vítima;94;BR-040/RJ;Sul;Choque - Objeto Fixo;1;;;;;;;;;;1;;;;
11/02/2016;21:12:00;1784;sem vítima;101;BR-040/RJ;Norte;Choque - Objeto Fixo;1;;;;;;;;;;1;;;;
11/02/2016;13:41:00;1723;com vítima;112;BR-040/RJ;Norte;Colisão Traseira;;;1;1;;;;;;;1;1;;;
11/02/2016;00:04:00;1646;com vítima;113;BR-040/RJ;Norte;Choque - Objeto Fixo;1;;;;;;;;;;0;1;;;
11/02/2016;20:50:00;1782;sem vítima;113;BR-040/RJ;Norte;Engavetamento;2;;1;;;;;;;;3;;;;
11/02/2016;21:19:00;1786;com vítima;113;BR-040/RJ;Norte;Colisão Traseira;2;;;;;;;;;;0;1;1;;
11/02/2016;18:13:00;1762;com vítima;800;BR-040/MG;Sul;Capotamento;1;;;;;;;;;;0;1;;;
11/02/2016;12:27:00;1715;sem vítima;124;BR-040/RJ;Norte;Colisão Traseira;2;;;;;;;;;;2;;;;
12/02/2016;07:03:00;1821;sem vítima;11;BR-040/RJ;Sul;Choque - Objeto Fixo;1;;;;;;;;;;1;;;;
12/02/2016;17:07:00;1900;sem vítima;53;BR-040/RJ;Norte;Choque - Objeto Fixo;1;;;;;;;;;;1;;;;
12/02/2016;06:56:00;1818;com vítima;84;BR-040/RJ;Norte;Choque - Objeto Fixo;1;;;;;;;;;;0;3;1;;
12/02/2016;19:30:00;1915;sem vítima;111;BR-040/RJ;Norte;Colisão Traseira;2;;;;;;;;;;2;;;;
12/02/2016;16:52:00;1896;sem vítima;119;BR-040/RJ;Sul;Colisão Traseira;2;;;;;;;;;;2;;;;
13/02/2016;08:12:00;1969;com vítima;46;BR-040/RJ;Norte;Colisão Traseira;2;;;;;;;;;;0;2;;;
13/02/2016;23:43:00;2070;sem vítima;784;BR-040/MG;Sul;Choque - Objeto Fixo;1;;;;;;;;;;1;;;;
14/02/2016;03:51:00;2083;sem vítima;780;BR-040/MG;Norte;Choque - Objeto Fixo;1;;;;;;;;;;1;;;;
14/02/2016;19:12:00;2189;sem vítima;91;BR-040/RJ;Norte;Choque - Objeto Fixo;1;;;;;;;;;;1;;;;
14/02/2016;03:57:00;2085;com vítima;117;BR-040/RJ;Norte;Queda de Moto;;;;1;;;;;;;1;1;;;
15/02/2016;14:26:00;2324;sem vítima;6;BR-040/RJ;Norte;Capotamento;1;;;;;;;;;;1;;;;
15/02/2016;16:56:00;2357;sem vítima;76;BR-040/RJ;Sul;Choque - Objeto Fixo;1;;;;;;;;;;1;;;;
15/02/2016;17:14:00;2364;sem vítima;77;BR-040/RJ;Sul;Tombamento;1;;;;;;;;;;1;;;;
15/02/2016;18:01:00;2342;com vítima;78;BR-040/RJ;Sul;Queda de Moto;;;;1;;;;;;;0;2;;;
15/02/2016;16:46:00;2353;sem vítima;91;BR-040/RJ;Norte;Choque - Objeto Fixo;1;;;;;;;;;;1;;;;
15/02/2016;17:39:00;2369;sem vítima;92;BR-040/RJ;Sul;Choque - Objeto Fixo;1;;;;;;;;;;1;;;;
15/02/2016;20:15:00;2395;sem vítima;93;BR-040/RJ;Norte;Choque - Objeto Fixo;1;;;;;;;;;;1;;;;
15/02/2016;18:28:00;2375;sem vítima;94;BR-040/RJ;Sul;Choque - Objeto Fixo;1;;;;;;;;;;1;;;;
15/02/2016;18:40:00;2379;sem vítima;94;BR-040/RJ;Sul;Choque - Objeto Fixo;1;;;;;;;;;;1;;;;
15/02/2016;17:35:00;2368;sem vítima;104;BR-040/RJ;Sul;Choque - Objeto Fixo;1;;;;;;;;;;1;;;;
15/02/2016;17:39:00;2370;sem vítima;105;BR-040/RJ;Norte;Engavetamento;3;;1;;;;;;;;4;;;;
15/02/2016;16:40:00;2352;com vítima;823;BR-040/MG;Sul;Choque - Objeto Fixo;1;;;;;;;;;;0;3;;;
15/02/2016;21:34:00;2406;sem vítima;120;BR-040/RJ;Norte;Choque - Objeto Fixo;1;;;;;;;;;;1;;;;
15/02/2016;07:51:00;2263;com vítima;124;BR-040/RJ;Sul;Colisão Transversal;1;;1;;;;;;;;1;1;;;
16/02/2016;11:08:00;2469;sem vítima;34;BR-040/RJ;Sul;Choque - Objeto Fixo;1;;;;;;;;;;1;;;;
16/02/2016;12:11:00;2471;sem vítima;34;BR-040/RJ;Norte;Choque - Objeto Fixo;1;;;;;;;;;;1;;;;
16/02/2016;15:40:00;2507;com vítima;47;BR-040/RJ;Norte;Queda de Moto;;;;1;;;;;;;0;2;;;
16/02/2016;13:52:00;2488;sem vítima;59;BR-040/RJ;Norte;Colisão Traseira;2;;;;;;;;;;2;;;;
16/02/2016;18:11:00;2530;sem vítima;78;BR-040/RJ;Norte;Choque - Objeto Fixo;1;;;;;;;;;;1;;;;
16/02/2016;09:26:00;2455;com vítima;785;BR-040/MG;Norte;Choque - Objeto Fixo;1;;;;;;;;;;0;2;;;
16/02/2016;19:05:00;2542;sem vítima;88;BR-040/RJ;Sul;Choque - Objeto Fixo;1;;;;;;;;;;1;;;;
16/02/2016;18:48:00;2537;sem vítima;89;BR-040/RJ;Sul;Colisão Traseira;1;;1;;;;;;;;2;;;;
16/02/2016;19:17:00;2543;sem vítima;90;BR-040/RJ;Sul;Colisão Lateral;2;;;;;;;;;;2;;;;
16/02/2016;19:35:00;2547;com vítima;104;BR-040/RJ;Sul;Capotamento;1;;;;;;;;;;0;1;;;
16/02/2016;18:10:00;2532;sem vítima;122;BR-040/RJ;Norte;Choque - Objeto Fixo;;;;;1;;;;;;1;;;;
17/02/2016;02:14:00;2577;com vítima;36;BR-040/RJ;Sul;Tombamento;;;1;;;;;;;;0;1;;;
17/02/2016;09:17:00;2606;sem vítima;84;BR-040/RJ;Norte;Choque - Objeto Fixo;1;;;;;;;;;;1;;;;
17/02/2016;19:24:00;2679;sem vítima;93;BR-040/RJ;Sul;Choque - Objeto Fixo;1;;;;;;;;;;1;;;;
17/02/2016;18:14:00;2672;sem vítima;111;BR-040/RJ;Norte;Colisão Traseira;2;;;;;;;;;;2;;;;
17/02/2016;23:05:00;2704;sem vítima;113;BR-040/RJ;Norte;Choque - Objeto Fixo;1;;;;;;;;;;1;;;;
18/02/2016;17:05:00;2822;com vítima;25;BR-040/RJ;Sul;Capotamento;1;;;;;;;;;;0;1;;;
18/02/2016;14:59:00;2800;com vítima;784;BR-040/MG;Norte;Queda de Moto;;;;1;;;;;;;0;1;1;;
18/02/2016;12:46:00;2782;com vítima;104;BR-040/RJ;Norte;Atropelamento - Pedestre;2;;;;;;;;;;2;;1;;
18/02/2016;01:45:00;2710;com vítima;105;BR-040/RJ;Sul;Atropelamento - Pedestre;;;;;;1;;;;;1;;1;;
18/02/2016;10:22:00;2765;sem vítima;109;BR-040/RJ;Sul;Engavetamento;3;;;;;;;;;;3;;;;
18/02/2016;15:14:00;2805;com vítima;795;BR-040/MG;Sul;Choque - Objeto Fixo;;;1;;;;;;;;0;1;;;
18/02/2016;10:50:00;2771;com vítima;801;BR-040/MG;Norte;Choque - Objeto Fixo;1;;;;;;;;;;0;1;;;
18/02/2016;10:44:00;2770;com vítima;117;BR-040/RJ;Norte;Colisão Traseira;1;;;;1;;;;;;1;3;1;;
19/02/2016;01:21:00;2864;sem vítima;17;BR-040/RJ;Norte;Derrapagem;;;1;;;;;;;;1;;;;
19/02/2016;07:19:00;2890;com vítima;78;BR-040/RJ;Sul;Tombamento;;;1;;;;;;;;0;1;;;
19/02/2016;02:18:00;2867;sem vítima;101;BR-040/RJ;Norte;Derrapagem;1;;;;;;;;;;1;;;;
19/02/2016;14:35:00;2948;com vítima;102;BR-040/RJ;Norte;Choque - Objeto Fixo;1;;;;;1;;;;;1;1;;;
19/02/2016;21:56:00;3010;com vítima;102;BR-040/RJ;Sul;Queda de Moto;;;;1;;;;;;;0;1;;;
19/02/2016;08:56:00;2903;com vítima;109;BR-040/RJ;Sul;Colisão Traseira;;;2;;;;;;;;1;3;;;
19/02/2016;12:35:00;2934;sem vítima;109;BR-040/RJ;Norte;Choque - Objeto Fixo;1;;;;;;;;;;1;;;;
19/02/2016;19:11:00;2995;sem vítima;110;BR-040/RJ;Norte;Colisão Lateral;1;;1;;;;;;;;2;;;;
19/02/2016;08:48:00;2902;sem vítima;115;BR-040/RJ;Norte;Colisão Traseira;;;2;;;;;;;;2;;;;
19/02/2016;14:30:00;2946;sem vítima;116;BR-040/RJ;Sul;Capotamento;1;;;;;;;;;;3;;;;
19/02/2016;08:25:00;2896;sem vítima;121;BR-040/RJ;Norte;Colisão Traseira;2;;;;;;;;;;2;;;;
19/02/2016;15:21:00;2953;com vítima;124;BR-040/RJ;Norte;Atropelamento - Pedestre;2;;;;;;;;;;2;;1;;
19/02/2016;20:27:00;3005;sem vítima;124;BR-040/RJ;Sul;Colisão Traseira;1;;;1;;;;;;;2;;;;
20/02/2016;09:57:00;3061;com vítima;31;BR-040/RJ;Norte;Choque - Objeto Fixo;1;;;;;;;;;;0;1;;;
20/02/2016;04:00:00;3025;sem vítima;61;BR-040/RJ;Norte;Colisão Traseira;1;;;;;1;;;;;2;;;;
20/02/2016;08:34:00;3047;sem vítima;77;BR-040/RJ;Norte;Choque - Objeto Fixo;1;;;;;;;;;;1;;;;
20/02/2016;19:51:00;3142;com vítima;84;BR-040/RJ;Norte;Choque - Objeto Fixo;1;;;;;;;;;;0;1;;;
20/02/2016;08:01:00;3042;com vítima;86;BR-040/RJ;Norte;Queda de Moto;;;;1;;;;;;;0;1;;;
20/02/2016;18:08:00;3127;com vítima;88;BR-040/RJ;Norte;Choque - Objeto Fixo;1;;;;;;;;;;0;1;;;
20/02/2016;21:10:00;3154;sem vítima;91;BR-040/RJ;Norte;Choque - Objeto Fixo;1;;;;;;;;;;1;;;;
20/02/2016;06:57:00;3035;sem vítima;93;BR-040/RJ;Sul;Choque - Objeto Fixo;1;;;;;;;;;;1;;;;
20/02/2016;11:24:00;3071;com vítima;97;BR-040/RJ;Norte;Queda de Moto;;;;1;;;;;;;0;2;;;
20/02/2016;12:54:00;3086;sem vítima;102;BR-040/RJ;Norte;Choque - Objeto Fixo;1;;;;;;;;;;1;;;;
20/02/2016;17:32:00;3121;sem vítima;111;BR-040/RJ;Sul;Engavetamento;2;;;;;1;;;;;3;;;;
20/02/2016;22:10:00;3158;com vítima;808;BR-040/MG;Sul;Capotamento;1;;;;;;;;;;0;2;;;
20/02/2016;10:03:00;3062;sem vítima;124;BR-040/RJ;Sul;Choque - Objeto Fixo;1;;;;;;;;;;1;;;;
21/02/2016;03:51:00;3191;sem vítima;84;BR-040/RJ;Norte;Derrapagem;1;;;;;;;;;;1;;;;
21/02/2016;08:06:00;3207;sem vítima;102;BR-040/RJ;Norte;Choque - Objeto Fixo;1;;;;;;;;;;1;;;;
21/02/2016;17:05:00;3267;sem vítima;804;BR-040/MG;Sul;Choque - Objeto Fixo;1;;;;;;;;;;1;;;;
21/02/2016;05:30:00;3195;sem vítima;816;BR-040/MG;Sul;Choque - Objeto Fixo;1;;;;;;;;;;1;;;;
21/02/2016;22:31:00;3302;com vítima;822;BR-040/MG;Norte;Colisão Traseira;1;;1;;;;;;;;1;4;;;
21/02/2016;12:52:00;3239;sem vítima;117;BR-040/RJ;Norte;Colisão Lateral;2;;;;;;;;;;2;;;;
22/02/2016;09:03:00;3350;com vítima;19;BR-040/RJ;Sul;Colisão Traseira;;;2;;;;;;;;1;2;;;
22/02/2016;11:43:00;3367;com vítima;19;BR-040/RJ;Norte;Colisão Lateral;;;2;;;;;;;;1;1;;;
22/02/2016;05:19:00;3324;com vítima;95;BR-040/RJ;Sul;Colisão Lateral;;;2;;;;;;;;0;4;;;
22/02/2016;16:17:00;3392;com vítima;109;BR-040/RJ;Norte;Tombamento;;;1;;;;;;;;0;1;;;
22/02/2016;02:38:00;3320;com vítima;110;BR-040/RJ;Sul;Colisão Traseira;1;;1;;;;;;;;1;1;;;
22/02/2016;20:23:00;3429;sem vítima;113;BR-040/RJ;Sul;Engavetamento;4;;;;;;;;;;4;;;;