data;horario;n_da_ocorrencia;tipo_de_ocorrencia;km;trecho;sentido;tipo_de_acidente;automovel;bicicleta;caminhao;moto;onibus;outros;tracao_animal;transporte_de_cargas_especiais;trator_maquinas;utilitarios;ilesos;levemente_feridos;moderadamente_feridos;gravemente_feridos;mortos
24/04/2016;21:24:00;3346;sem vítima;89;BR-040/RJ;Norte;Engavetamento;3;;;;;;;;;;3;;;;
24/04/2016;07:07:00;3239;sem vítima;98;BR-040/RJ;Sul;Choque - Objeto Fixo;1;;;;;;;;;;1;;;;
24/04/2016;16:49:00;3309;com vítima;107;BR-040/RJ;Norte;Colisão Lateral;2;;;;;;;;;;0;6;;;
24/04/2016;11:32:00;3263;com vítima;111;BR-040/RJ;Sul;Tombamento;;;1;;;;;;;;0;2;;;
24/04/2016;08:44:00;3244;com vítima;787;BR-040/MG;Norte;Queda de Moto;;;;1;;;;;;;0;;;;1
24/04/2016;15:48:00;3297;sem vítima;802;BR-040/MG;Sul;Colisão Traseira;2;;;;;;;;;;2;;;;
24/04/2016;13:30:00;3278;com vítima;819;BR-040/MG;Norte;Queda de Moto;;;;1;;;;;;;0;;;1;
24/04/2016;20:16:00;3339;com vítima;116;BR-040/RJ;Sul;Engavetamento;3;;;;;;;;;;1;1;1;;
24/04/2016;07:37:00;3240;sem vítima;122;BR-040/RJ;Sul;Choque - Objeto Fixo;1;;;;;;;;;;1;;;;
25/04/2016;05:40:00;3391;com vítima;1;BR-040/RJ;Norte;Tombamento;;;1;;;;;;;;0;;1;;
25/04/2016;08:14:00;3407;sem vítima;77;BR-040/RJ;Sul;Choque - Objeto Fixo;1;;;;;;;;;;1;;;;
25/04/2016;08:14:00;3414;sem vítima;77;BR-040/RJ;Sul;Colisão Traseira;2;;;;;;;;;;2;;;;
25/04/2016;05:37:00;3390;sem vítima;102;BR-040/RJ;Sul;Colisão Traseira;1;;1;;;;;;;;2;;;;
25/04/2016;21:16:00;3489;com vítima;105;BR-040/RJ;Norte;Colisão Traseira;2;;;;;;;;;;1;3;;;
25/04/2016;07:40:00;3401;com vítima;121;BR-040/RJ;Norte;Colisão Lateral;1;;;1;;;;;;;1;1;;;
25/04/2016;07:51:00;3403;sem vítima;123;BR-040/RJ;Sul;Colisão Lateral;1;;1;;;;;;;;2;;;;
26/04/2016;19:31:00;3596;com vítima;62;BR-040/RJ;Sul;Choque - Objeto Fixo;1;;;;;;;;;;0;3;1;;
26/04/2016;05:51:00;3519;sem vítima;74;BR-040/RJ;Norte;Choque - Objeto Fixo;1;;;;;;;;;;1;;;;
26/04/2016;15:58:00;3574;sem vítima;85;BR-040/RJ;Sul;Choque - Objeto Fixo;1;;;;;;;;;;1;;;;
26/04/2016;16:05:00;3575;com vítima;108;BR-040/RJ;Norte;Queda de Moto;;;;1;;;;;;;0;1;;;
26/04/2016;19:01:00;3593;com vítima;113;BR-040/RJ;Norte;Choque - Objeto Fixo;1;;;;;;;;;;0;;1;;
27/04/2016;16:10:00;3691;sem vítima;49;BR-040/RJ;Norte;Choque - Objeto Fixo;1;;;;;;;;;;1;;;;
27/04/2016;12:21:00;3672;com vítima;77;BR-040/RJ;Sul;Colisão Traseira;;;2;;;;;;;;0;3;2;;
27/04/2016;06:57:00;3632;sem vítima;78;BR-040/RJ;Sul;Choque - Objeto Fixo;1;;;;;;;;;;1;;;;
27/04/2016;12:01:00;3670;sem vítima;78;BR-040/RJ;Sul;Choque - Objeto Fixo;1;;;;;;;;;;1;;;;
27/04/2016;19:48:00;3718;sem vítima;92;BR-040/RJ;Sul;Choque - Objeto Fixo;1;;;;;;;;;;1;;;;
27/04/2016;22:31:00;3733;com vítima;92;BR-040/RJ;Sul;Derrapagem;;;1;;;;;;;;0;2;;;
27/04/2016;20:43:00;3727;sem vítima;94;BR-040/RJ;Sul;Choque - Objeto Fixo;1;;;;;;;;;;1;;;;
27/04/2016;14:13:00;3685;sem vítima;791;BR-040/MG;Norte;Choque - Objeto Fixo;1;;;;;1;;;;;2;;;;
28/04/2016;01:31:00;3744;sem vítima;18;BR-040/RJ;Norte;Atropelamento - Animal;;;;;1;1;;;;;2;;;;
28/04/2016;04:20:00;3756;sem vítima;23;BR-040/RJ;Norte;Derrapagem;1;;;;;;;;;;1;;;;
28/04/2016;05:15:00;3761;com vítima;37;BR-040/RJ;Sul;Choque - Objeto Fixo;;;1;;;;;;;;0;1;;;
28/04/2016;13:27:00;3806;sem vítima;84;BR-040/RJ;Norte;Choque - Objeto Fixo;1;;;;;;;;;;1;;;;
28/04/2016;11:55:00;3797;sem vítima;85;BR-040/RJ;Norte;Choque - Objeto Fixo;1;;;;;;;;;;1;;;;
28/04/2016;10:56:00;3787;sem vítima;90;BR-040/RJ;Norte;Choque - Objeto Fixo;1;;;;;;;;;;1;;;;
28/04/2016;13:50:00;3810;com vítima;93;BR-040/RJ;Sul;Capotamento;1;;;;;;;;;;0;;2;1;
28/04/2016;16:10:00;3827;sem vítima;93;BR-040/RJ;Norte;Choque - Objeto Fixo;1;;;;;;;;;;1;;;;
28/04/2016;08:50:00;3778;sem vítima;104;BR-040/RJ;Norte;Colisão Transversal;1;;1;;;;;;;;2;;;;
28/04/2016;19:43:00;3852;com vítima;111;BR-040/RJ;Norte;Queda de Moto;;;;1;;;;;;;0;;1;;
28/04/2016;20:41:00;3857;com vítima;111;BR-040/RJ;Norte;Engavetamento;4;;;;;1;;;;;4;1;;;
28/04/2016;05:18:00;3762;sem vítima;115;BR-040/RJ;Sul;Colisão Traseira;2;;;;;;;;;;2;;;;
28/04/2016;20:53:00;3861;sem vítima;825;BR-040/MG;Sul;Choque - Objeto Fixo;1;;;;;;;;;;1;;;;
29/04/2016;07:22:00;3897;sem vítima;3;BR-040/RJ;Sul;Choque - Objeto Fixo;1;;;;;;;;;;1;;;;
29/04/2016;10:06:00;3917;com vítima;5;BR-040/RJ;Sul;Capotamento;1;;;;;;;;;;0;4;;;
29/04/2016;07:37:00;3899;com vítima;15;BR-040/RJ;Sul;Capotamento;1;;;;;;;;;;0;;;1;
29/04/2016;18:28:00;3987;com vítima;31;BR-040/RJ;Sul;Choque - Objeto Fixo;1;;;;;;;;;;0;3;;;
29/04/2016;11:21:00;3930;com vítima;32;BR-040/RJ;Norte;Choque - Objeto Fixo;1;;;;;;;;;;0;5;;;
29/04/2016;19:17:00;3994;sem vítima;32;BR-040/RJ;Norte;Choque - Objeto Fixo;1;;;;;;;;;;1;;;;
29/04/2016;09:42:00;3912;sem vítima;34;BR-040/RJ;Norte;Choque - Objeto Fixo;1;;;;;;;;;;1;;;;
29/04/2016;12:31:00;3940;com vítima;43;BR-040/RJ;Norte;Choque - Objeto Fixo;1;;;;;;;;;;0;;1;;
29/04/2016;05:26:00;3889;sem vítima;78;BR-040/RJ;Sul;Choque - Objeto Fixo;1;;;;;;;;;;1;;;;
29/04/2016;13:32:00;3947;sem vítima;78;BR-040/RJ;Sul;Choque - Objeto Fixo;1;;;;;;;;;;1;;;;
29/04/2016;20:40:00;4010;sem vítima;84;BR-040/RJ;Norte;Choque - Objeto Fixo;1;;;;;;;;;;1;;;;
29/04/2016;04:17:00;3885;sem vítima;93;BR-040/RJ;Sul;Choque - Objeto Fixo;1;;;;;;;;;;1;;;;
29/04/2016;10:34:00;3920;sem vítima;93;BR-040/RJ;Sul;Choque - Objeto Fixo;1;;;;;;;;;;1;;;;
29/04/2016;11:18:00;3928;sem vítima;97;BR-040/RJ;Sul;Choque - Objeto Fixo;1;;;;;;;;;;1;;;;
29/04/2016;07:15:00;3898;sem vítima;105;BR-040/RJ;Norte;Colisão Traseira;2;;;;;;;;;;2;;;;
29/04/2016;17:38:00;3981;sem vítima;112;BR-040/RJ;Norte;Engavetamento;2;;;;;1;;;;;3;;;;
29/04/2016;14:22:00;3950;com vítima;793;BR-040/MG;Sul;Choque - Objeto Fixo;1;;;;;;;;;;0;2;;;
29/04/2016;14:47:00;3953;com vítima;793;BR-040/MG;Sul;Choque - Objeto Fixo;1;;;;;;;;;;0;;1;;
29/04/2016;00:01:00;3872;sem vítima;794;BR-040/MG;Sul;Derrapagem;1;;;;;;;;;;1;;;;
29/04/2016;20:19:00;4002;sem vítima;117;BR-040/RJ;Norte;Queda de Moto;;;;1;;;;;;;2;;;;
29/04/2016;11:02:00;3926;sem vítima;122;BR-040/RJ;Norte;Engavetamento;2;;;;1;;;;;;3;;;;
30/04/2016;03:19:00;4035;sem vítima;38;BR-040/RJ;Norte;Derrapagem;1;;;;;;;;;;1;;;;
30/04/2016;00:47:00;4020;com vítima;43;BR-040/RJ;Norte;Derrapagem;1;;;;;;;;;;0;1;;;
30/04/2016;15:26:00;4092;com vítima;77;BR-040/RJ;Sul;Capotamento;1;;;;;;;;;;0;;2;;
30/04/2016;16:09:00;4099;sem vítima;80;BR-040/RJ;Norte;Engavetamento;3;;;;;;;;;;3;;;;
30/04/2016;08:28:00;4053;sem vítima;84;BR-040/RJ;Norte;Choque - Objeto Fixo;1;;;;;;;;;;1;;;;
30/04/2016;13:44:00;4085;sem vítima;84;BR-040/RJ;Norte;Choque - Objeto Fixo;1;;;;;;;;;;1;;;;
30/04/2016;18:47:00;4117;sem vítima;90;BR-040/RJ;Norte;Choque - Objeto Fixo;1;;;;;;;;;;1;;;;
30/04/2016;19:14:00;4119;sem vítima;90;BR-040/RJ;Norte;Choque - Objeto Fixo;1;;;;;;;;;;1;;;;
30/04/2016;12:35:00;4075;com vítima;91;BR-040/RJ;Norte;Choque - Objeto Fixo;1;;;;;;;;;;0;2;;;
30/04/2016;16:46:00;4106;sem vítima;93;BR-040/RJ;Sul;Choque - Objeto Fixo;1;;;;;;;;;;1;;;;
30/04/2016;20:04:00;4122;sem vítima;93;BR-040/RJ;Norte;Choque - Objeto Fixo;1;;;;;;;;;;1;;;;
30/04/2016;20:39:00;4124;sem vítima;93;BR-040/RJ;Sul;Choque - Objeto Fixo;1;;;;;;;;;;1;;;;
30/04/2016;18:15:00;4114;sem vítima;98;BR-040/RJ;Sul;Choque - Objeto Fixo;1;;;;;;;;;;1;;;;
30/04/2016;15:47:00;4096;com vítima;112;BR-040/RJ;Sul;Colisão Lateral;1;;1;;;;;;;;1;2;;;
30/04/2016;03:43:00;4037;com vítima;115;BR-040/RJ;Sul;Capotamento;1;;;;;;;;;;0;1;;;
30/04/2016;16:54:00;4107;com vítima;115;BR-040/RJ;Norte;Colisão Lateral;2;;;;;;;;;;0;4;;;
30/04/2016;08:28:00;4054;com vítima;117;BR-040/RJ;Sul;Colisão Lateral;;;1;;1;;;;;;1;1;;;
01/05/2016;05:52:00;13;sem vítima;23;BR-040/RJ;Sul;Tombamento;1;;;;;;;;;;1;;;;
01/05/2016;23:31:00;102;com vítima;55;BR-040/RJ;Norte;Queda de Moto;;;;1;;;;;;;0;;;;1
01/05/2016;08:15:00;25;sem vítima;78;BR-040/RJ;Norte;Capotamento;1;;;;;;;;;;1;;;;
01/05/2016;12:09:00;41;com vítima;78;BR-040/RJ;Sul;Queda de Moto;;;;1;;;;;;;0;1;;;
01/05/2016;12:09:00;48;com vítima;78;BR-040/RJ;Sul;Queda de Moto;;;;1;;;;;;;0;1;;;
01/05/2016;16:58:00;70;sem vítima;84;BR-040/RJ;Norte;Choque - Objeto Fixo;1;;;;;;;;;;1;;;;
01/05/2016;23:21:00;99;com vítima;85;BR-040/RJ;Norte;Queda de Moto;;;;1;;;;;;;0;;1;;
01/05/2016;06:59:00;18;sem vítima;118;BR-040/RJ;Sul;Choque - Objeto Fixo;1;;;;;;;;;;1;;;;
02/05/2016;16:02:00;200;sem vítima;9;BR-040/RJ;Norte;Choque - Objeto Fixo;;;1;;;;;;;;1;;;;
02/05/2016;13:24:00;176;sem vítima;65;BR-040/RJ;Norte;Tombamento;;;1;;;;;;;;1;;;;
02/05/2016;17:15:00;209;sem vítima;95;BR-040/RJ;Sul;Tombamento;;;1;;;;;;;;1;;;;
02/05/2016;10:23:00;163;com vítima;111;BR-040/RJ;Sul;Engavetamento;3;;;;;;;;;;1;2;;;
02/05/2016;06:23:00;122;sem vítima;113;BR-040/RJ;Norte;Choque - Objeto Fixo;1;;;;;;;;;;1;;;;
02/05/2016;14:27:00;182;com vítima;804;BR-040/MG;Norte;Choque - Objeto Fixo;1;;;;;;;;;;0;2;;;
03/05/2016;09:36:00;300;sem vítima;84;BR-040/RJ;Norte;Choque - Objeto Fixo;1;;;;;;;;;;1;;;;
03/05/2016;09:33:00;299;sem vítima;113;BR-040/RJ;Norte;Tombamento;;;1;;;;;;;;1;;;;
03/05/2016;14:28:00;339;com vítima;798;BR-040/MG;Norte;Colisão Traseira;1;;;;;1;;;;;1;2;;;
03/05/2016;06:44:00;272;com vítima;803;BR-040/MG;Norte;Colisão Traseira;1;;1;;;;;;;;1;1;;;
03/05/2016;15:10:00;345;sem vítima;823;BR-040/MG;Norte;Colisão Traseira;;;2;;;;;;;;2;;;;
03/05/2016;22:35:00;384;com vítima;121;BR-040/RJ;Sul;Colisão Lateral;2;;;;;;;;;;1;2;1;;
03/05/2016;14:20:00;337;sem vítima;124;BR-040/RJ;Norte;Colisão Lateral;2;;;;;;;;;;2;;;;
04/05/2016;10:00:00;433;com vítima;89;BR-040/RJ;Norte;Tombamento;;;1;;;;;;;;0;;1;;
04/05/2016;13:51:00;457;com vítima;92;BR-040/RJ;Sul;Colisão Traseira;1;;1;;;;;;;;0;2;2;;
04/05/2016;15:45:00;472;com vítima;786;BR-040/MG;Norte;Tombamento;;;1;;;;;;;;0;1;1;;
04/05/2016;06:13:00;402;com vítima;123;BR-040/RJ;Sul;Colisão Lateral;1;;;1;;;;;;;1;1;;;
05/05/2016;13:22:00;577;sem vítima;86;BR-040/RJ;Norte;Choque - Objeto Fixo;1;;;;;;;;;;1;;;;
05/05/2016;18:27:00;628;sem vítima;89;BR-040/RJ;Norte;Choque - Objeto Fixo;1;;;;;;;;;;1;;;;
05/05/2016;08:11:00;545;sem vítima;109;BR-040/RJ;Norte;Colisão Traseira;2;;;;;;;;;;2;;;;
06/05/2016;23:21:00;793;com vítima;22;BR-040/RJ;Norte;Derrapagem;1;;;;;;;;;;0;;1;;
06/05/2016;20:25:00;772;com vítima;57;BR-040/RJ;Sul;Colisão Traseira;1;;;1;;;;;;;0;1;1;;
06/05/2016;20:21:00;771;com vítima;87;BR-040/RJ;Sul;Choque - Objeto Fixo;1;;;;;;;;;;0;3;;;
06/05/2016;18:23:00;758;sem vítima;105;BR-040/RJ;Sul;Colisão Traseira;1;;;;;;;;;;1;;;;
06/05/2016;20:03:00;769;com vítima;105;BR-040/RJ;Norte;Colisão Frontal;1;1;;;;;;;;;1;1;;;
06/05/2016;23:35:00;796;com vítima;108;BR-040/RJ;Norte;Queda de Moto;;;;1;;;;;;;0;;1;;
06/05/2016;18:51:00;761;com vítima;113;BR-040/RJ;Norte;Engavetamento;3;;;;;;;;;;1;3;;;
06/05/2016;17:50:00;750;sem vítima;791;BR-040/MG;Sul;Choque - Objeto Fixo;1;;;;;;;;;;1;;;;
06/05/2016;04:49:00;675;com vítima;114;BR-040/RJ;Sul;Queda de Moto;;;;1;;;;;;;0;;1;;
06/05/2016;20:38:00;773;com vítima;117;BR-040/RJ;Norte;Colisão Traseira;1;;;1;;;;;;;1;1;;;
06/05/2016;15:54:00;734;sem vítima;124;BR-040/RJ;Norte;Colisão Traseira;2;;;;;;;;;;2;;;;
07/05/2016;20:34:00;920;com vítima;48;BR-040/RJ;Sul;Choque - Objeto Fixo;1;;;;;;;;;;0;;1;;
07/05/2016;16:04:00;891;com vítima;54;BR-040/RJ;Sul;Colisão Lateral;;1;;1;;;;;;;0;;1;1;
07/05/2016;18:45:00;910;com vítima;74;BR-040/RJ;Norte;Capotamento;1;;;;;;;;;;1;1;;;
07/05/2016;19:45:00;915;com vítima;77;BR-040/RJ;Sul;Choque - Objeto Fixo;1;;;;;;;;;;0;4;;;
07/05/2016;08:18:00;842;sem vítima;778;BR-040/MG;Sul;Colisão Lateral;1;;1;;;;;;;;2;;;;
07/05/2016;17:12:00;898;sem vítima;87;BR-040/RJ;Norte;Choque - Objeto Fixo;1;;;;;;;;;;1;;;;
07/05/2016;22:30:00;927;com vítima;92;BR-040/RJ;Norte;Queda de Moto;;;;1;;;;;;;0;1;;;
07/05/2016;16:18:00;892;com vítima;106;BR-040/RJ;Norte;Atropelamento - Pedestre;1;;;;;;1;;;;1;1;;;
07/05/2016;19:45:00;918;sem vítima;108;BR-040/RJ;Norte;Colisão Traseira;1;;;;;1;;;;;2;;;;
07/05/2016;16:21:00;893;com vítima;109;BR-040/RJ;Norte;Colisão Traseira;;;2;;;;;;;;0;2;;;
07/05/2016;18:09:00;906;sem vítima;110;BR-040/RJ;Norte;Engavetamento;3;;;;;;;;;;3;;;;
07/05/2016;00:00:00;800;sem vítima;111;BR-040/RJ;Sul;Colisão Traseira;2;;;;;;;;;;2;;;;
07/05/2016;17:49:00;904;com vítima;115;BR-040/RJ;Norte;Tombamento;1;;;;;;;;;;0;;1;;
07/05/2016;18:41:00;909;sem vítima;120;BR-040/RJ;Norte;Engavetamento;3;;;;;;;;;;3;;;;
07/05/2016;19:49:00;914;sem vítima;121;BR-040/RJ;Norte;Colisão Traseira;2;;;;;;;;;;2;;;;
08/05/2016;21:55:00;1046;sem vítima;45;BR-040/RJ;Norte;Colisão Traseira;2;;;;;;;;;;2;;;;
08/05/2016;22:49:00;1050;com vítima;62;BR-040/RJ;Sul;Queda de Moto;;;;1;;;;;;;0;1;;;
08/05/2016;19:58:00;1032;com vítima;72;BR-040/RJ;Sul;Capotamento;1;;;;;;;;;;0;3;;;
08/05/2016;10:13:00;968;com vítima;75;BR-040/RJ;Sul;Queda de Moto;;;;1;;;;;;;0;;1;;
08/05/2016;19:02:00;1022;sem vítima;82;BR-040/RJ;Sul;Colisão Traseira;2;;;;;;;;;;2;;;;
08/05/2016;07:06:00;956;sem vítima;84;BR-040/RJ;Norte;Choque - Objeto Fixo;1;;;;;;;;;;1;;;;
08/05/2016;09:16:00;967;sem vítima;84;BR-040/RJ;Norte;Choque - Objeto Fixo;1;;;;;;;;;;1;;;;
08/05/2016;18:43:00;1017;sem vítima;84;BR-040/RJ;Norte;Choque - Objeto Fixo;1;;;;;;;;;;1;;;;
08/05/2016;13:05:00;986;com vítima;107;BR-040/RJ;Norte;Colisão Traseira;2;;;;;;;;;;1;5;;;
09/05/2016;00:21:00;1063;sem vítima;85;BR-040/RJ;Norte;Choque - Objeto Fixo;1;;;;;;;;;;1;;;;
09/05/2016;07:47:00;1099;com vítima;94;BR-040/RJ;Sul;Queda de Moto;;;;1;;;;;;;0;2;;;
09/05/2016;13:09:00;1138;com vítima;823;BR-040/MG;Sul;Choque - Objeto Fixo;1;;;;;;;;;;0;5;;;
09/05/2016;15:04:00;1145;com vítima;121;BR-040/RJ;Norte;Colisão Frontal;;;3;;;;;;;;2;;1;;
09/05/2016;07:10:00;1092;sem vítima;123;BR-040/RJ;Sul;Colisão Lateral;2;;;;;;;;;;2;;;;
10/05/2016;04:34:00;1206;sem vítima;43;BR-040/RJ;Sul;Choque - Objeto Fixo;1;;;;;;;;;;1;;;;
10/05/2016;01:56:00;1196;sem vítima;84;BR-040/RJ;Norte;Queda de Moto;;;;1;;;;;;;1;;;;
10/05/2016;21:44:00;1313;com vítima;84;BR-040/RJ;Norte;Queda de Moto;;;;1;;;;;;;0;1;1;;
10/05/2016;23:05:00;1321;sem vítima;84;BR-040/RJ;Norte;Choque - Objeto Fixo;1;;;;;;;;;;1;;;;
10/05/2016;23:58:00;1329;com vítima;84;BR-040/RJ;Norte;Queda de Moto;;;;1;;;;;;;0;1;;;
10/05/2016;15:47:00;1282;sem vítima;108;BR-040/RJ;Sul;Colisão Traseira;2;;;;;;;;;;2;;;;
10/05/2016;11:24:00;1249;com vítima;111;BR-040/RJ;Norte;Colisão Traseira;;;2;;;;;;;;1;1;;;
10/05/2016;16:48:00;1288;com vítima;120;BR-040/RJ;Norte;Queda de Moto;;;;1;1;;;;;;1;1;;;
11/05/2016;19:19:00;1439;sem vítima;78;BR-040/RJ;Sul;Choque - Objeto Fixo;1;;;;;;;;;;1;;;;
11/05/2016;18:27:00;1434;com vítima;105;BR-040/RJ;Norte;Colisão Lateral;;;;1;1;;;;;;1;;1;;
11/05/2016;10:17:00;1370;com vítima;113;BR-040/RJ;Norte;Atropelamento - Pedestre;1;;;1;;;;;;;1;;1;;
11/05/2016;23:31:00;1468;com vítima;818;BR-040/MG;Norte;Colisão Traseira;;;2;;;;;;;;0;;;1;1
12/05/2016;07:50:00;1500;com vítima;15;BR-040/RJ;Norte;Engavetamento;1;;;;;;;;;;0;1;;;
12/05/2016;08:20:00;1506;sem vítima;27;BR-040/RJ;Norte;Tombamento;1;;;;;1;;;;;2;;;;
12/05/2016;09:09:00;1510;com vítima;45;BR-040/RJ;Norte;Colisão Lateral;2;;;;;;;;;;0;2;1;;
12/05/2016;12:12:00;1542;sem vítima;74;BR-040/RJ;Norte;Choque - Objeto Fixo;1;;;;;;;;;;1;;;;
12/05/2016;23:34:00;1604;com vítima;78;BR-040/RJ;Sul;Tombamento;;;1;;;;;;;;0;1;;;
12/05/2016;00:20:00;1473;sem vítima;85;BR-040/RJ;Sul;Choque - Objeto Fixo;1;;;;;;;;;;1;;;;
12/05/2016;22:15:00;1594;sem vítima;88;BR-040/RJ;Norte;Choque - Objeto Fixo;1;;;;;;;;;;1;;;;
12/05/2016;06:17:00;1489;sem vítima;91;BR-040/RJ;Norte;Derrapagem;;;1;;;;;;;;1;;;;
12/05/2016;13:03:00;1539;com vítima;93;BR-040/RJ;Norte;Choque - Objeto Fixo;1;;;;;;;;;;0;1;;;
12/05/2016;12:43:00;1537;com vítima;94;BR-040/RJ;Sul;Choque - Objeto Fixo;1;;;;;;;;;;0;2;;;
12/05/2016;00:14:00;1471;com vítima;108;BR-040/RJ;Sul;Choque - Objeto Fixo;1;;;;;;;;;;0;1;2;;
12/05/2016;18:43:00;1579;sem vítima;110;BR-040/RJ;Norte;Engavetamento;3;;;;;;;;;;3;;;;
12/05/2016;19:03:00;1581;sem vítima;112;BR-040/RJ;Norte;Engavetamento;3;;;;;;;;;;3;;;;
12/05/2016;13:50:00;1546;sem vítima;793;BR-040/MG;Sul;Choque - Objeto Fixo;1;;;;;;;;;;1;;;;
12/05/2016;14:34:00;1552;com vítima;115;BR-040/RJ;Norte;Colisão Traseira;;;;1;1;;;;;;1;1;;;
12/05/2016;03:21:00;1482;sem vítima;124;BR-040/RJ;Sul;Colisão Traseira;2;;;;;;;;;;2;;;;
13/05/2016;16:53:00;1707;com vítima;30;BR-040/RJ;Norte;Capotamento;1;;;;;;;;;;0;2;;;
13/05/2016;21:03:00;1736;sem vítima;74;BR-040/RJ;Sul;Choque - Objeto Fixo;1;;;;;;;;;;1;;;;
13/05/2016;20:12:00;1732;com vítima;86;BR-040/RJ;Norte;Choque - Objeto Fixo;1;;;;;;;;;;0;;1;;
13/05/2016;11:41:00;1657;sem vítima;91;BR-040/RJ;Norte;Choque - Objeto Fixo;1;;;;;;;;;;1;;;;
13/05/2016;14:08:00;1676;sem vítima;91;BR-040/RJ;Norte;Choque - Objeto Fixo;1;;;;;;;;;;1;;;;
13/05/2016;17:18:00;1709;sem vítima;91;BR-040/RJ;Norte;Choque - Objeto Fixo;1;;;;;;;;;;1;;;;
13/05/2016;10:12:00;1646;sem vítima;92;BR-040/RJ;Sul;Choque - Objeto Fixo;1;;;;;;;;;;1;;;;
13/05/2016;18:40:00;1719;sem vítima;92;BR-040/RJ;Norte;Choque - Objeto Fixo;1;;;;;;;;;;1;;;;
13/05/2016;15:19:00;1688;com vítima;93;BR-040/RJ;Norte;Queda de Moto;;;;1;;;;;;;0;2;;;
13/05/2016;16:12:00;1699;com vítima;93;BR-040/RJ;Sul;Capotamento;1;;;;;;;;;;0;4;;;
13/05/2016;16:27:00;1701;sem vítima;93;BR-040/RJ;Norte;Colisão Traseira;2;;;;;;;;;;2;;;;
13/05/2016;02:57:00;1612;sem vítima;97;BR-040/RJ;Sul;Derrapagem;;;1;;;;;;;;1;;;;
13/05/2016;09:37:00;1640;com vítima;792;BR-040/MG;Norte;Choque - Objeto Fixo;1;;;;;;;;;;0;1;;;
13/05/2016;03:33:00;1615;com vítima;821;BR-040/MG;Sul;Derrapagem;1;;;;;;;;;;0;1;;;
13/05/2016;16:51:00;1706;sem vítima;119;BR-040/RJ;Norte;Colisão Traseira;2;;;;;;;;;;2;;;;
13/05/2016;10:56:00;1654;com vítima;121;BR-040/RJ;Norte;Colisão Lateral;1;;1;;;;;;;;1;1;;;
13/05/2016;18:29:00;1718;com vítima;124;BR-040/RJ;Norte;Engavetamento;;;4;;;;;;;;2;1;1;;
14/05/2016;17:53:00;1828;com vítima;45;BR-040/RJ;Sul;Atropelamento - Animal;1;;;;;;;;;;0;2;;;
14/05/2016;11:57:00;1798;sem vítima;55;BR-040/RJ;Norte;Colisão Lateral;2;;;;;;;;;;2;;;;
14/05/2016;06:34:00;1769;sem vítima;80;BR-040/RJ;Sul;Choque - Objeto Fixo;1;;;;;;;;;;1;;;;
14/05/2016;03:35:00;1760;sem vítima;780;BR-040/MG;Norte;Derrapagem;1;;;;;;;;;;1;;;;
14/05/2016;07:43:00;1778;sem vítima;92;BR-040/RJ;Sul;Choque - Objeto Fixo;1;;;;;;;;;;1;;;;
14/05/2016;07:30:00;1775;sem vítima;93;BR-040/RJ;Sul;Choque - Objeto Fixo;1;;;;;;;;;;1;;;;
14/05/2016;01:23:00;1751;sem vítima;94;BR-040/RJ;Norte;Derrapagem;1;;;;;;;;;;1;;;;
14/05/2016;18:22:00;1836;sem vítima;94;BR-040/RJ;Norte;Choque - Objeto Fixo;1;;;;;;;;;;1;;;;
14/05/2016;21:20:00;1855;com vítima;104;BR-040/RJ;Norte;Tombamento;1;;;;;;;;;;0;;1;;
15/05/2016;23:51:00;2002;sem vítima;25;BR-040/RJ;Sul;Colisão Traseira;1;;;;;1;;;;;2;;;;
15/05/2016;10:51:00;1909;com vítima;95;BR-040/RJ;Norte;Queda de Moto;;;;1;;;;;;;0;;1;;
15/05/2016;20:39:00;1977;sem vítima;112;BR-040/RJ;Norte;Capotamento;2;;;;;;;;;;2;;;;
15/05/2016;22:30:00;1992;sem vítima;118;BR-040/RJ;Norte;Choque - Objeto Fixo;1;;;;;;;;;;1;;;;
15/05/2016;11:58:00;1919;com vítima;826;BR-040/MG;Sul;Queda de Moto;;;;1;;;;;;;0;1;;;
16/05/2016;09:28:00;2047;sem vítima;71;BR-040/RJ;Sul;Colisão Transversal;2;;;;;;;;;;2;;;;
16/05/2016;14:19:00;2076;com vítima;79;BR-040/RJ;Norte;Tombamento;;;1;;;;;;;;0;1;;;
16/05/2016;12:08:00;2066;sem vítima;112;BR-040/RJ;Sul;Colisão Traseira;2;;;;;;;;;;2;;;;
16/05/2016;15:54:00;2090;com vítima;121;BR-040/RJ;Norte;Colisão Frontal;1;;1;;;;;;;;0;1;1;;
16/05/2016;09:47:00;2056;sem vítima;122;BR-040/RJ;Norte;Colisão Traseira;1;;;;1;;;;;;2;;;;
17/05/2016;12:24:00;2201;sem vítima;45;BR-040/RJ;Sul;Queda de Moto;;;;1;;;;;;;1;;;;
17/05/2016;11:18:00;2197;sem vítima;74;BR-040/RJ;Norte;Choque - Objeto Fixo;;;1;;;;;;;;1;;;;
17/05/2016;13:20:00;2207;com vítima;91;BR-040/RJ;Sul;Capotamento;1;;;;;;;;;;0;1;;;
17/05/2016;13:05:00;2206;sem vítima;92;BR-040/RJ;Sul;Choque - Objeto Fixo;1;;;;;;;;;;1;;;;