data;horario;n_da_ocorrencia;tipo_de_ocorrencia;km;trecho;sentido;tipo_de_acidente;automovel;bicicleta;caminhao;moto;onibus;outros;tracao_animal;transporte_de_cargas_especiais;trator_maquinas;utilitarios;ilesos;levemente_feridos;moderadamente_feridos;gravemente_feridos;mortos
06/06/2016;10:31:00;714;sem vítima;4;BR-040/RJ;Sul;Choque - Objeto Fixo;1;;;;;;;;;;1;;;;
06/06/2016;09:35:00;707;com vítima;14;BR-040/RJ;Sul;Capotamento;1;;;;;;;;;;0;1;;;
06/06/2016;08:50:00;698;sem vítima;31;BR-040/RJ;Norte;Choque - Objeto Fixo;1;;;;;;;;;;1;;;;
06/06/2016;07:46:00;684;sem vítima;35;BR-040/RJ;Norte;Choque - Objeto Fixo;1;;;;;;;;;;1;;;;
06/06/2016;13:07:00;731;com vítima;38;BR-040/RJ;Norte;Tombamento;;;1;;;;;;;;0;1;;;
06/06/2016;15:32:00;746;com vítima;54;BR-040/RJ;Sul;Capotamento;1;;;;;;;;;;0;1;;;
06/06/2016;23:43:00;781;sem vítima;95;BR-040/RJ;Sul;Choque - Objeto Fixo;;;1;;;;;;;;1;;;;
06/06/2016;09:04:00;700;sem vítima;97;BR-040/RJ;Sul;Choque - Objeto Fixo;1;;;;;;;;;;1;;;;
06/06/2016;15:39:00;747;sem vítima;113;BR-040/RJ;Norte;Queda de Moto;;;;1;;;;;;;2;;;;
06/06/2016;16:08:00;749;sem vítima;116;BR-040/RJ;Sul;Colisão Lateral;1;;1;;;;;;;;2;;;;
06/06/2016;09:09:00;703;sem vítima;824;BR-040/MG;Sul;Colisão Traseira;2;;;;;;;;;;2;;;;
07/06/2016;07:22:00;815;com vítima;6;BR-040/RJ;Norte;Choque - Objeto Fixo;1;;;;;;;;;;0;1;;;
07/06/2016;16:42:00;879;sem vítima;21;BR-040/RJ;Norte;Choque - Objeto Fixo;1;;;;;;;;;;1;;;;
07/06/2016;15:41:00;869;sem vítima;59;BR-040/RJ;Norte;Choque - Objeto Fixo;1;;;;;;;;;;1;;;;
07/06/2016;12:16:00;846;sem vítima;77;BR-040/RJ;Sul;Choque - Objeto Fixo;1;;;;;;;;;;1;;;;
07/06/2016;20:37:00;904;sem vítima;781;BR-040/MG;Norte;Atropelamento - Animal;;;1;;;;;;;;1;;;;
07/06/2016;15:40:00;872;sem vítima;82;BR-040/RJ;Sul;Choque - Objeto Fixo;1;;;;;;;;;;1;;;;
07/06/2016;15:40:00;873;sem vítima;82;BR-040/RJ;Sul;Choque - Objeto Fixo;1;;;;;1;;;;;2;;;;
07/06/2016;14:23:00;857;sem vítima;83;BR-040/RJ;Norte;Choque - Objeto Fixo;1;;;;;;;;;;1;;;;
07/06/2016;08:19:00;822;sem vítima;92;BR-040/RJ;Sul;Choque - Objeto Fixo;1;;;;;;;;;;1;;;;
07/06/2016;15:11:00;862;com vítima;93;BR-040/RJ;Sul;Choque - Objeto Fixo;1;;;;;;;;;;0;1;;;
07/06/2016;18:42:00;895;sem vítima;93;BR-040/RJ;Norte;Choque - Objeto Fixo;1;;;;;;;;;;1;;;;
07/06/2016;09:49:00;830;sem vítima;100;BR-040/RJ;Norte;Choque - Objeto Fixo;1;;;;;;;;;;1;;;;
07/06/2016;18:02:00;887;sem vítima;104;BR-040/RJ;Norte;Colisão Transversal;2;;;;;;;;;;2;;;;
07/06/2016;17:07:00;882;sem vítima;787;BR-040/MG;Norte;Choque - Objeto Fixo;1;;;;;;;;;;1;;;;
07/06/2016;15:16:00;864;sem vítima;808;BR-040/MG;Norte;Capotamento;1;;;;;;;;;;1;;;;
07/06/2016;18:15:00;896;sem vítima;808;BR-040/MG;Norte;Colisão Traseira;2;;;;;;;;;;2;;;;
07/06/2016;15:26:00;868;sem vítima;810;BR-040/MG;Norte;Choque - Objeto Fixo;1;;;;;;;;;;1;;;;
07/06/2016;18:32:00;893;sem vítima;114;BR-040/RJ;Norte;Engavetamento;3;;;;;;;;;;3;;;;
07/06/2016;17:30:00;883;sem vítima;812;BR-040/MG;Norte;Colisão Traseira;1;;1;;;;;;;;2;;;;
07/06/2016;21:12:00;906;sem vítima;115;BR-040/RJ;Norte;Choque - Objeto Fixo;1;;;;;;;;;;1;;;;
07/06/2016;06:15:00;809;sem vítima;118;BR-040/RJ;Sul;Colisão Lateral;;;2;;;;;;;;2;;;;
07/06/2016;03:14:00;791;com vítima;120;BR-040/RJ;Sul;Choque - Objeto Fixo;1;;;;;;;;;;0;;1;;
07/06/2016;04:24:00;794;com vítima;120;BR-040/RJ;Sul;Choque - Objeto Fixo;1;;;;;;;;;;0;1;;;
07/06/2016;18:28:00;891;sem vítima;124;BR-040/RJ;Norte;Colisão Lateral;1;;1;;;;;;;;2;;;;
08/06/2016;07:44:00;953;com vítima;72;BR-040/RJ;Norte;Colisão Lateral;2;;;;;;;;;;0;2;;;
08/06/2016;13:08:00;994;sem vítima;78;BR-040/RJ;Sul;Choque - Objeto Fixo;1;;;;;;;;;;1;;;;
08/06/2016;14:33:00;999;com vítima;92;BR-040/RJ;Sul;Choque - Objeto Fixo;1;;;;;;;;;;0;2;;;
08/06/2016;09:43:00;967;sem vítima;94;BR-040/RJ;Sul;Choque - Objeto Fixo;1;;;;;;;;;;1;;;;
08/06/2016;07:47:00;954;sem vítima;97;BR-040/RJ;Sul;Colisão Lateral;1;;;;;1;;;;;2;;;;
08/06/2016;08:16:00;961;sem vítima;97;BR-040/RJ;Sul;Colisão Traseira;1;;;;;1;;;;;2;;;;
08/06/2016;07:01:00;944;sem vítima;113;BR-040/RJ;Sul;Engavetamento;4;;;;;;;;;;4;;;;
08/06/2016;07:09:00;947;sem vítima;113;BR-040/RJ;Sul;Colisão Traseira;2;;;;;;;;;;2;;;;
08/06/2016;02:25:00;920;sem vítima;815;BR-040/MG;Norte;Capotamento;1;;;;;;;;;;1;;;;
09/06/2016;14:42:00;1163;com vítima;88;BR-040/RJ;Sul;Colisão Lateral;1;;;;;;;;;;0;4;;;
09/06/2016;12:45:00;1155;com vítima;96;BR-040/RJ;Sul;Choque - Objeto Fixo;1;;;;;;;;;;0;1;;;
09/06/2016;15:10:00;1166;sem vítima;109;BR-040/RJ;Norte;Colisão Lateral;1;;1;;;;;;;;2;;;;
09/06/2016;16:34:00;1179;sem vítima;111;BR-040/RJ;Norte;Colisão Traseira;2;;;;;;;;;;2;;;;
10/06/2016;06:04:00;1251;sem vítima;19;BR-040/RJ;Sul;Atropelamento - Animal;;;1;;;;;;;;1;;;;
10/06/2016;07:46:00;1259;sem vítima;45;BR-040/RJ;Norte;Colisão Lateral;2;;;;;;;;;;2;;;;
10/06/2016;12:54:00;1305;sem vítima;45;BR-040/RJ;Norte;Colisão Lateral;1;;1;;;;;;;;2;;;;
10/06/2016;17:23:00;1337;sem vítima;84;BR-040/RJ;Sul;Choque - Objeto Fixo;1;;;;;;;;;;1;;;;
10/06/2016;06:44:00;1254;sem vítima;89;BR-040/RJ;Norte;Choque - Objeto Fixo;1;;;;;;;;;;1;;;;
10/06/2016;07:06:00;1256;sem vítima;90;BR-040/RJ;Norte;Choque - Objeto Fixo;1;;;;;;;;;;1;;;;
10/06/2016;08:45:00;1264;sem vítima;109;BR-040/RJ;Norte;Colisão Lateral;1;;;1;;;;;;;2;;;;
10/06/2016;16:28:00;1327;sem vítima;110;BR-040/RJ;Norte;Colisão Traseira;1;;1;;;;;;;;2;;;;
10/06/2016;16:53:00;1332;sem vítima;111;BR-040/RJ;Norte;Colisão Traseira;2;;;;;;;;;;2;;;;
10/06/2016;10:44:00;1283;com vítima;117;BR-040/RJ;Norte;Queda de Moto;;;;1;;;;;;;0;1;;;
10/06/2016;22:24:00;1382;com vítima;119;BR-040/RJ;Norte;Capotamento;1;;;;;;;;;;0;1;;;
10/06/2016;23:01:00;1388;com vítima;120;BR-040/RJ;Norte;Engavetamento;2;;;1;;;;;;;2;1;;;
11/06/2016;09:49:00;1445;com vítima;17;BR-040/RJ;Norte;Queda de Moto;;;;1;;;;;;;0;;1;;
11/06/2016;20:41:00;1533;sem vítima;57;BR-040/RJ;Sul;Choque - Objeto Fixo;1;;;;;;;;;;1;;;;
11/06/2016;03:52:00;1411;com vítima;87;BR-040/RJ;Norte;Choque - Objeto Fixo;1;;;;;;;;;;0;2;;1;
11/06/2016;14:31:00;1484;com vítima;87;BR-040/RJ;Sul;Tombamento;1;;1;;;;;;;;0;4;;;
11/06/2016;20:32:00;1528;com vítima;100;BR-040/RJ;Norte;Colisão Frontal;1;;;1;;;;;;;1;2;;;
11/06/2016;20:48:00;1534;sem vítima;111;BR-040/RJ;Norte;Queda de Moto;;;;1;;;;;;;1;;;;
11/06/2016;20:17:00;1526;com vítima;810;BR-040/MG;Norte;Colisão Frontal;2;;;;;;;;;;0;2;;;
11/06/2016;13:47:00;1480;com vítima;117;BR-040/RJ;Sul;Choque - Objeto Fixo;1;;;;;;;;;;0;2;;;
11/06/2016;23:08:00;1542;sem vítima;117;BR-040/RJ;Sul;Colisão Traseira;1;;;;;1;;;;;2;;;;
11/06/2016;18:28:00;1517;sem vítima;118;BR-040/RJ;Norte;Choque - Objeto Fixo;1;;;;;;;;;;1;;;;
11/06/2016;20:36:00;1531;com vítima;121;BR-040/RJ;Sul;Colisão Lateral;1;;;1;;;;;;;1;2;;;
11/06/2016;22:57:00;1541;sem vítima;122;BR-040/RJ;Sul;Choque - Objeto Fixo;1;;;;;;;;;;1;;;;
11/06/2016;06:40:00;1422;com vítima;124;BR-040/RJ;Sul;Colisão Traseira;1;;;1;;;;;;;1;1;;;
12/06/2016;05:25:00;1571;sem vítima;87;BR-040/RJ;Norte;Choque - Objeto Fixo;2;;;;;;;;;;2;;;;
12/06/2016;00:22:00;1550;com vítima;113;BR-040/RJ;Sul;Capotamento;1;;;;;;;;;;0;1;1;;
12/06/2016;09:13:00;1587;sem vítima;113;BR-040/RJ;Sul;Choque - Objeto Fixo;1;;;;;;;;;;1;;;;
12/06/2016;14:17:00;1616;com vítima;805;BR-040/MG;Sul;Queda de Moto;;;;1;;;;;;;0;2;;;
12/06/2016;22:00:00;1672;com vítima;116;BR-040/RJ;Sul;Capotamento;1;;;;;;;;;;0;1;;;
12/06/2016;21:08:00;1668;com vítima;120;BR-040/RJ;Sul;Atropelamento - Pedestre;;;;;;1;;;;;1;;;;1
12/06/2016;19:59:00;1660;sem vítima;124;BR-040/RJ;Sul;Colisão Lateral;2;;;;;;;;;;2;;;;
13/06/2016;20:05:00;1828;sem vítima;77;BR-040/RJ;Norte;Choque - Objeto Fixo;1;;;;;;;;;;1;;;;
13/06/2016;15:55:00;1795;sem vítima;83;BR-040/RJ;Norte;Choque - Objeto Fixo;1;;;;1;;;;;;2;;;;
13/06/2016;10:51:00;1740;com vítima;94;BR-040/RJ;Sul;Colisão Traseira;1;;1;;;;;;;;1;2;;;
13/06/2016;18:15:00;1815;sem vítima;97;BR-040/RJ;Sul;Queda de Moto;;;;1;;;;;;;1;;;;
13/06/2016;14:32:00;1781;com vítima;102;BR-040/RJ;Sul;Colisão Frontal;1;1;;;;;;;;;1;1;;;
13/06/2016;05:15:00;1704;sem vítima;796;BR-040/MG;Norte;Choque - Objeto Fixo;1;;;;;;;;;;1;;;;
13/06/2016;11:48:00;1750;sem vítima;797;BR-040/MG;Sul;Colisão Traseira;1;;1;;;;;;;;2;;;;
13/06/2016;14:59:00;1789;com vítima;799;BR-040/MG;Sul;Choque - Objeto Fixo;1;;;;;;;;;;0;1;;;
13/06/2016;08:50:00;1722;com vítima;121;BR-040/RJ;Sul;Queda de Moto;;;;1;;;;;;;0;1;;;
14/06/2016;01:52:00;1862;sem vítima;84;BR-040/RJ;Norte;Choque - Objeto Fixo;1;;;;;;;;;;1;;;;
14/06/2016;00:03:00;1854;sem vítima;86;BR-040/RJ;Sul;Derrapagem;;;1;;;;;;;;1;;;;
14/06/2016;12:57:00;1918;sem vítima;89;BR-040/RJ;Norte;Choque - Objeto Fixo;1;;;;;;;;;;1;;;;
14/06/2016;07:47:00;1884;sem vítima;113;BR-040/RJ;Norte;Choque - Objeto Fixo;1;;;;;;;;;;1;;;;
14/06/2016;09:04:00;1894;sem vítima;823;BR-040/MG;Norte;Choque - Objeto Fixo;1;;;;;;;;;;1;;;;
15/06/2016;07:37:00;2017;com vítima;114;BR-040/RJ;Sul;Queda de Moto;;;;1;;;;;;;0;1;1;;
16/06/2016;02:59:00;2116;sem vítima;34;BR-040/RJ;Sul;Choque - Objeto Fixo;;;1;;;;;;;;1;;;;
16/06/2016;06:26:00;2132;com vítima;45;BR-040/RJ;Norte;Queda de Moto;;;;1;;;;;;;0;1;;;
16/06/2016;16:35:00;2196;sem vítima;84;BR-040/RJ;Sul;Choque - Objeto Fixo;;;1;;;;;;;;1;;;;
16/06/2016;08:19:00;2144;sem vítima;111;BR-040/RJ;Norte;Colisão Traseira;2;;;;;;;;;;2;;;;
16/06/2016;07:26:00;2140;com vítima;794;BR-040/MG;Sul;Colisão Traseira;2;;;;;;;;;;0;2;2;;
16/06/2016;10:36:00;2157;sem vítima;816;BR-040/MG;Norte;Engavetamento;3;;;;;;;;;;3;;;;
16/06/2016;12:07:00;2163;sem vítima;117;BR-040/RJ;Sul;Colisão Traseira;2;;;;;;;;;;2;;;;
17/06/2016;16:36:00;2350;sem vítima;111;BR-040/RJ;Sul;Colisão Traseira;1;;;;1;;;;;;2;;;;
17/06/2016;18:01:00;2365;sem vítima;113;BR-040/RJ;Norte;Engavetamento;6;;1;;;;;;;;7;;;;
17/06/2016;10:12:00;2295;com vítima;810;BR-040/MG;Norte;Colisão Transversal;2;;;;;;;;;;0;2;;;
17/06/2016;17:54:00;2362;com vítima;115;BR-040/RJ;Sul;Colisão Traseira;2;;;;;;;;;;0;4;;;
17/06/2016;05:10:00;2253;com vítima;121;BR-040/RJ;Sul;Atropelamento - Pedestre;1;;;;;;;;;;1;;;1;
17/06/2016;19:25:00;2375;com vítima;123;BR-040/RJ;Norte;Colisão Traseira;1;;;1;;;;;;;1;1;;;
17/06/2016;07:50:00;2271;sem vítima;125;BR-040/RJ;Sul;Colisão Lateral;1;;1;;;;;;;;2;;;;
18/06/2016;15:05:00;2483;com vítima;11;BR-040/RJ;Sul;Choque - Objeto Fixo;1;;;;;;;;;;0;2;;;
18/06/2016;07:46:00;2438;sem vítima;78;BR-040/RJ;Sul;Choque - Objeto Fixo;1;;;;;;;;;;1;;;;
18/06/2016;12:39:00;2471;com vítima;774;BR-040/MG;Norte;Colisão Traseira;1;;1;;;;;;;;1;3;1;;
18/06/2016;19:57:00;2513;com vítima;106;BR-040/RJ;Sul;Colisão Frontal;2;;;1;;;;;;;1;1;;;1
18/06/2016;09:26:00;2447;com vítima;107;BR-040/RJ;Sul;Choque - Objeto Fixo;1;;;;;;;;;;0;2;2;1;
18/06/2016;03:20:00;2422;sem vítima;108;BR-040/RJ;Norte;Colisão Lateral;;;1;;1;;;;;;2;;;;
18/06/2016;16:15:00;2493;sem vítima;110;BR-040/RJ;Sul;Colisão Traseira;2;;;;;;;;;;2;;;;
18/06/2016;06:26:00;2428;com vítima;791;BR-040/MG;Sul;Choque - Objeto Fixo;1;;;;;;;;;;0;2;;;
18/06/2016;07:22:00;2433;com vítima;803;BR-040/MG;Norte;Colisão Traseira;1;;1;;;;;;;;0;2;;;
19/06/2016;19:12:00;2636;com vítima;19;BR-040/RJ;Sul;Capotamento;1;;;;;;;;;;0;2;;;
19/06/2016;08:35:00;2567;com vítima;78;BR-040/RJ;Sul;Choque - Objeto Fixo;1;;;;;;;;;;0;1;;;
19/06/2016;14:57:00;2599;sem vítima;89;BR-040/RJ;Norte;Choque - Objeto Fixo;1;;;;;;;;;;1;;;;
19/06/2016;05:22:00;2556;sem vítima;98;BR-040/RJ;Norte;Choque - Objeto Fixo;1;;;;;;;;;;1;;;;
19/06/2016;00:04:00;2533;sem vítima;102;BR-040/RJ;Sul;Atropelamento - Animal;;;;;1;;;;;;1;;;;
19/06/2016;08:22:00;2565;com vítima;108;BR-040/RJ;Norte;Queda de Moto;;;;1;;;;;;;0;;;;1
19/06/2016;19:33:00;2641;sem vítima;109;BR-040/RJ;Norte;Colisão Lateral;1;;;;1;;;;;;2;;;;
19/06/2016;15:41:00;2605;com vítima;121;BR-040/RJ;Norte;Choque - Objeto Fixo;1;;;;;;;;;;0;;1;;
19/06/2016;21:30:00;2652;com vítima;123;BR-040/RJ;Norte;Queda de Moto;;;;1;;;;;;;0;;1;;
20/06/2016;23:02:00;2825;sem vítima;88;BR-040/RJ;Norte;Derrapagem;1;;;;;;;;;;1;;;;
20/06/2016;18:38:00;2794;sem vítima;92;BR-040/RJ;Norte;Choque - Objeto Fixo;1;;;;;;;;;;1;;;;
20/06/2016;22:40:00;2821;com vítima;94;BR-040/RJ;Sul;Choque - Objeto Fixo;1;;;;;;;;;;0;1;;;
20/06/2016;15:54:00;2773;com vítima;105;BR-040/RJ;Norte;Queda de Moto;;;;1;;;;;;;0;1;;;
20/06/2016;08:20:00;2723;com vítima;109;BR-040/RJ;Norte;Queda de Moto;;;;1;;;;;;;0;;1;;
20/06/2016;16:55:00;2780;sem vítima;110;BR-040/RJ;Sul;Colisão Lateral;1;;1;;;;;;;;2;;;;
20/06/2016;14:08:00;2765;sem vítima;112;BR-040/RJ;Norte;Colisão Lateral;2;;;;;;;;;;2;;;;
20/06/2016;00:18:00;2666;com vítima;114;BR-040/RJ;Norte;Queda de Moto;;;;1;;;;;;;0;1;;;
20/06/2016;10:26:00;2737;com vítima;119;BR-040/RJ;Sul;Colisão Traseira;2;;;;;;;;;;0;2;;;
21/06/2016;11:10:00;2885;sem vítima;62;BR-040/RJ;Sul;Colisão Traseira;1;;1;;;;;;;;2;;;;
21/06/2016;07:25:00;2860;sem vítima;82;BR-040/RJ;Sul;Choque - Objeto Fixo;1;;;;;;;;;;1;;;;
21/06/2016;08:14:00;2864;sem vítima;105;BR-040/RJ;Sul;Colisão Lateral;;;1;;1;;;;;;2;;;;
21/06/2016;21:46:00;2954;sem vítima;108;BR-040/RJ;Norte;Choque - Objeto Fixo;1;;;;;;;;;;1;;;;
21/06/2016;07:36:00;2861;sem vítima;113;BR-040/RJ;Sul;Colisão Lateral;2;;;;;;;;;;2;;;;
21/06/2016;18:42:00;2934;com vítima;801;BR-040/MG;Norte;Colisão Traseira;1;;1;;;;;;;;0;4;;;
21/06/2016;20:13:00;2947;sem vítima;116;BR-040/RJ;Sul;Colisão Traseira;1;;;1;;1;;;;;3;;;;
22/06/2016;18:12:00;3052;sem vítima;58;BR-040/RJ;Norte;Colisão Lateral;3;;;;;;;;;;3;;;;
22/06/2016;10:43:00;3009;sem vítima;90;BR-040/RJ;Sul;Colisão Traseira;1;;1;;;;;;;;2;;;;
22/06/2016;04:06:00;2974;sem vítima;91;BR-040/RJ;Norte;Derrapagem;1;;;;;;;;;;1;;;;
22/06/2016;08:13:00;2995;com vítima;825;BR-040/MG;Sul;Choque - Objeto Fixo;1;;;;;;;;;;0;1;;;
23/06/2016;08:43:00;3127;com vítima;54;BR-040/RJ;Sul;Colisão Traseira;1;;1;;;;;;;;0;3;;;
23/06/2016;17:23:00;3202;sem vítima;92;BR-040/RJ;Sul;Choque - Objeto Fixo;;;1;;;;;;;;1;;;;
23/06/2016;01:06:00;3089;com vítima;109;BR-040/RJ;Sul;Choque - Objeto Fixo;1;;;;;;;;;;0;;4;;
23/06/2016;18:17:00;3210;com vítima;109;BR-040/RJ;Sul;Colisão Lateral;2;;;;;1;;;;;1;2;1;;
23/06/2016;01:26:00;3093;sem vítima;112;BR-040/RJ;Sul;Choque - Objeto Fixo;1;;;;;;;;;;1;;;;
23/06/2016;02:56:00;3101;com vítima;793;BR-040/MG;Sul;Capotamento;1;;;;;;;;;;0;;2;;
23/06/2016;01:22:00;3091;com vítima;118;BR-040/RJ;Sul;Colisão Lateral;1;;;;;1;;;;;1;1;;;
23/06/2016;07:02:00;3109;com vítima;122;BR-040/RJ;Sul;Colisão Traseira;2;;;;;;;;;;1;1;;;
23/06/2016;10:04:00;3140;sem vítima;123;BR-040/RJ;Sul;Colisão Traseira;;;2;;;;;;;;2;;;;
23/06/2016;22:15:00;3234;sem vítima;123;BR-040/RJ;Sul;Colisão Lateral;1;;;1;;;;;;;2;;;;
24/06/2016;14:11:00;3318;sem vítima;109;BR-040/RJ;Norte;Colisão Lateral;1;;1;;;;;;;;2;;;;
24/06/2016;20:10:00;3366;sem vítima;113;BR-040/RJ;Norte;Engavetamento;3;;1;;;;;;;;4;;;;
25/06/2016;07:27:00;3405;com vítima;13;BR-040/RJ;Norte;Capotamento;1;;;;;;;;;;0;3;;;
25/06/2016;20:40:00;3514;sem vítima;74;BR-040/RJ;Norte;Choque - Objeto Fixo;1;;;;;;;;;;1;;;;
26/06/2016;16:40:00;3622;sem vítima;17;BR-040/RJ;Sul;Atropelamento - Animal;1;;;;;;;;;;1;;;;
26/06/2016;18:28:00;3637;com vítima;77;BR-040/RJ;Norte;Colisão Traseira;2;;;;;;;;;;0;4;;;
26/06/2016;17:51:00;3630;com vítima;82;BR-040/RJ;Norte;Capotamento;1;;;;;;;;;;0;1;;;
27/06/2016;06:50:00;3708;sem vítima;84;BR-040/RJ;Norte;Choque - Objeto Fixo;1;;;;;;;;;;1;;;;
27/06/2016;21:14:00;3825;com vítima;122;BR-040/RJ;Sul;Capotamento;1;;;;;;;;;;1;1;1;;
28/06/2016;18:34:00;3936;sem vítima;23;BR-040/RJ;Norte;Atropelamento - Animal;1;;;;;;;;;;1;;;;
28/06/2016;20:03:00;3942;sem vítima;63;BR-040/RJ;Norte;Choque - Objeto Fixo;1;;;;;1;;;;;2;;;;
28/06/2016;07:12:00;3860;com vítima;783;BR-040/MG;Norte;Capotamento;1;;;;;;;;;;0;2;;;
28/06/2016;01:58:00;3846;com vítima;107;BR-040/RJ;Norte;Choque - Objeto Fixo;2;;;;;;;;;;0;1;1;;1
29/06/2016;17:16:00;4058;com vítima;42;BR-040/RJ;Sul;Colisão Traseira;;;1;1;;;;;;;1;;1;;
29/06/2016;13:53:00;4030;com vítima;43;BR-040/RJ;Norte;Tombamento;;;1;;;;;;;;0;1;;;
29/06/2016;11:45:00;4017;sem vítima;84;BR-040/RJ;Norte;Choque - Objeto Fixo;1;;;;;;;;;;1;;;;
29/06/2016;15:22:00;4041;sem vítima;120;BR-040/RJ;Sul;Colisão Lateral;1;;;;;1;;;;;2;;;;
29/06/2016;07:12:00;3980;com vítima;122;BR-040/RJ;Sul;Colisão Lateral;;;;1;2;;;;;;2;1;;;
29/06/2016;08:37:00;3990;com vítima;123;BR-040/RJ;Sul;Colisão Lateral;1;;;1;;;;;;;1;;1;;
30/06/2016;13:16:00;4177;sem vítima;78;BR-040/RJ;Norte;Colisão Lateral;1;;1;;;;;;;;2;;;;
30/06/2016;05:15:00;4109;com vítima;87;BR-040/RJ;Sul;Queda de Moto;1;;;;;;;;;;0;;1;;
30/06/2016;23:30:00;4241;sem vítima;93;BR-040/RJ;Norte;Choque - Objeto Fixo;1;;;;;;;;;;1;;;;
30/06/2016;06:35:00;4118;sem vítima;108;BR-040/RJ;Norte;Choque - Objeto Fixo;1;;;;;;;;;;1;;;;
30/06/2016;16:25:00;4208;sem vítima;111;BR-040/RJ;Norte;Colisão Traseira;2;;;;;;;;;;2;;;;
30/06/2016;17:00:00;4211;sem vítima;111;BR-040/RJ;Norte;Queda de Moto;;;;1;;1;;;;;2;;;;
01/07/2016;14:39:00;86;sem vítima;1;BR-040/RJ;Norte;Choque - Objeto Fixo;1;;;;;;;;;;1;;;;
01/07/2016;12:25:00;67;sem vítima;89;BR-040/RJ;Norte;Choque - Objeto Fixo;1;;;;;;;;;;1;;;;
01/07/2016;08:02:00;27;sem vítima;91;BR-040/RJ;Norte;Queda de Moto;;;;1;;;;;;;1;;;;
01/07/2016;13:08:00;74;com vítima;104;BR-040/RJ;Norte;Colisão Traseira;2;;;;;;;;;;1;2;;;
02/07/2016;11:58:00;231;sem vítima;56;BR-040/RJ;Sul;Colisão Lateral;2;;;;;;;;;;2;;;;
02/07/2016;17:15:00;292;sem vítima;63;BR-040/RJ;Norte;Choque - Objeto Fixo;1;;;;;;;;;;1;;;;
02/07/2016;11:55:00;230;com vítima;69;BR-040/RJ;Norte;Choque - Objeto Fixo;1;;;;;;;;;;0;2;2;1;
02/07/2016;00:01:00;154;sem vítima;71;BR-040/RJ;Norte;Derrapagem;1;;;;;;;;;;1;;;;
02/07/2016;23:21:00;331;com vítima;72;BR-040/RJ;Sul;Derrapagem;1;;;;;;;;;;0;1;;;
02/07/2016;07:28:00;172;sem vítima;82;BR-040/RJ;Sul;Choque - Objeto Fixo;;;;;1;1;;;;;2;;;;
02/07/2016;22:17:00;326;sem vítima;93;BR-040/RJ;Sul;Choque - Objeto Fixo;1;;;;;;;;;;1;;;;
02/07/2016;15:49:00;272;sem vítima;96;BR-040/RJ;Norte;Colisão Traseira;1;;1;;;;;;;;2;;;;
02/07/2016;01:31:00;160;com vítima;105;BR-040/RJ;Sul;Capotamento;1;;;;;;;;;;0;2;;;
02/07/2016;09:46:00;208;sem vítima;109;BR-040/RJ;Norte;Colisão Lateral;;;1;1;;;;;;;2;;;;
02/07/2016;12:29:00;235;com vítima;113;BR-040/RJ;Sul;Colisão Lateral;1;;1;;;;;;;;1;1;1;;
03/07/2016;16:40:00;424;com vítima;14;BR-040/RJ;Norte;Colisão Traseira;1;;1;;;;;;;;1;1;;;
03/07/2016;12:33:00;399;com vítima;40;BR-040/RJ;Norte;Choque - Objeto Fixo;1;;;;;;;;;;0;2;;;
03/07/2016;09:14:00;378;com vítima;90;BR-040/RJ;Norte;Queda de Moto;;;;1;;;;;;;0;1;;;
03/07/2016;17:46:00;436;com vítima;90;BR-040/RJ;Norte;Queda de Moto;;;;1;;;;;;;1;1;;;
03/07/2016;09:07:00;376;sem vítima;98;BR-040/RJ;Norte;Queda de Moto;;;;1;;;;;;;1;;;;
03/07/2016;14:49:00;411;sem vítima;100;BR-040/RJ;Norte;Colisão Traseira;;;;;1;1;;;;;2;;;;
03/07/2016;12:00:00;397;com vítima;102;BR-040/RJ;Norte;Atropelamento - Pedestre;1;;;;;;;;;;1;;1;;
03/07/2016;04:37:00;344;sem vítima;108;BR-040/RJ;Sul;Colisão Lateral;2;;;;;;;;;;2;;;;
03/07/2016;13:26:00;405;sem vítima;111;BR-040/RJ;Norte;Choque - Objeto Fixo;1;;;;;;;;;;1;;;;
04/07/2016;01:38:00;482;com vítima;29;BR-040/RJ;Norte;Capotamento;1;;;;;;;;;;0;2;;;
04/07/2016;18:21:00;589;sem vítima;70;BR-040/RJ;Norte;Colisão Lateral;2;;;;;;;;;;2;;;;
04/07/2016;16:10:00;565;com vítima;105;BR-040/RJ;Norte;Colisão Lateral;;1;;;;1;;;;;1;1;;;
04/07/2016;13:57:00;553;com vítima;108;BR-040/RJ;Norte;Queda de Moto;;;;1;;;;;;;0;;1;;
04/07/2016;16:50:00;577;sem vítima;110;BR-040/RJ;Norte;Choque - Objeto Fixo;;;1;;;;;;;;1;;;;
04/07/2016;18:01:00;587;sem vítima;111;BR-040/RJ;Norte;Colisão Traseira;1;;;;;1;;;;;2;;;;
04/07/2016;03:22:00;486;sem vítima;119;BR-040/RJ;Norte;Queda de Moto;;;;1;;;;;;;1;;;;
04/07/2016;02:34:00;484;com vítima;124;BR-040/RJ;Sul;Queda de Moto;;;;1;;;;;;;0;;;;1
05/07/2016;06:56:00;645;sem vítima;78;BR-040/RJ;Sul;Choque - Objeto Fixo;1;;;;;;;;;;1;;;;