data;horario;n_da_ocorrencia;tipo_de_ocorrencia;km;trecho;sentido;tipo_de_acidente;automovel;bicicleta;caminhao;moto;onibus;outros;tracao_animal;transporte_de_cargas_especiais;trator_maquinas;utilitarios;ilesos;levemente_feridos;moderadamente_feridos;gravemente_feridos;mortos
05/07/2016;17:40:00;718;sem vítima;780;BR-040/MG;Sul;Colisão Lateral;1;;;1;;;;;;;2;;;;
05/07/2016;01:43:00;627;sem vítima;82;BR-040/RJ;Norte;Choque - Objeto Fixo;1;;;;;;;;;;1;;;;
05/07/2016;07:17:00;646;com vítima;91;BR-040/RJ;Norte;Queda de Moto;;;;1;;;;;;;0;1;;;
05/07/2016;08:53:00;661;sem vítima;115;BR-040/RJ;Sul;Queda de Moto;;;;1;;;;;;;1;;;;
06/07/2016;14:50:00;833;sem vítima;81;BR-040/RJ;Sul;Colisão Lateral;1;;;;1;;;;;;2;;;;
06/07/2016;11:53:00;817;com vítima;82;BR-040/RJ;Sul;Tombamento;;;1;;;1;;;;;1;;1;;
06/07/2016;15:26:00;840;sem vítima;87;BR-040/RJ;Norte;Engavetamento;2;;;;;1;;;;;3;;;;
06/07/2016;21:20:00;872;sem vítima;94;BR-040/RJ;Norte;Choque - Objeto Fixo;1;;;;;;;;;;1;;;;
06/07/2016;15:08:00;836;com vítima;108;BR-040/RJ;Norte;Tombamento;;;1;;;;;;;;0;1;;;
06/07/2016;15:19:00;838;com vítima;108;BR-040/RJ;Norte;Queda de Moto;;;;1;;;;;;;0;;1;;
06/07/2016;15:30:00;841;com vítima;108;BR-040/RJ;Norte;Queda de Moto;;;;1;;;;;;;0;2;;;
06/07/2016;17:29:00;849;com vítima;793;BR-040/MG;Sul;Capotamento;1;;;;;;;;;;0;;;1;
06/07/2016;19:47:00;862;com vítima;116;BR-040/RJ;Norte;Capotamento;1;;;;;;;;;;0;2;1;;
07/07/2016;18:20:00;983;com vítima;69;BR-040/RJ;Norte;Choque - Objeto Fixo;;;1;;;;;;;;0;1;;;
07/07/2016;16:30:00;971;sem vítima;107;BR-040/RJ;Norte;Choque - Objeto Fixo;1;;;;;;;;;;1;;;;
07/07/2016;14:55:00;952;com vítima;123;BR-040/RJ;Sul;Colisão Frontal;;;;1;;1;;;;;1;;1;;
07/07/2016;15:37:00;959;com vítima;123;BR-040/RJ;Sul;Queda de Moto;;;;1;;;;;;;0;1;;;
08/07/2016;10:23:00;1062;sem vítima;1;BR-040/RJ;Norte;Choque - Objeto Fixo;1;;;;;;;;;;1;;;;
08/07/2016;23:31:00;1180;sem vítima;2;BR-040/RJ;Norte;Choque - Objeto Fixo;1;;;;;;;;;;1;;;;
08/07/2016;06:53:00;1036;sem vítima;13;BR-040/RJ;Sul;Colisão Traseira;;;1;;1;;;;;;2;;;;
08/07/2016;23:32:00;1181;sem vítima;34;BR-040/RJ;Norte;Choque - Objeto Fixo;1;;;;;;;;;;1;;;;
08/07/2016;07:55:00;1048;com vítima;92;BR-040/RJ;Norte;Queda de Moto;;;;1;;;;;;;0;1;;;
08/07/2016;11:27:00;1070;sem vítima;105;BR-040/RJ;Sul;Colisão Traseira;2;;;;;;;;;;2;;;;
08/07/2016;13:02:00;1082;sem vítima;112;BR-040/RJ;Norte;Colisão Traseira;1;;1;;;;;;;;2;;;;
08/07/2016;18:10:00;1131;sem vítima;823;BR-040/MG;Sul;Choque - Objeto Fixo;1;;;;;;;;;;1;;;;
08/07/2016;18:23:00;1145;sem vítima;823;BR-040/MG;Sul;Choque - Objeto Fixo;1;;;;;;;;;;1;;;;
09/07/2016;01:00:00;1186;com vítima;6;BR-040/RJ;Sul;Colisão Lateral;2;;;;;;;;;;0;4;;;
09/07/2016;16:32:00;1270;com vítima;89;BR-040/RJ;Sul;Choque - Objeto Fixo;;;1;;;;;;;;0;;1;;
09/07/2016;16:41:00;1272;com vítima;105;BR-040/RJ;Norte;Colisão Lateral;;1;;;;1;;;;;1;1;;;
09/07/2016;10:15:00;1222;com vítima;121;BR-040/RJ;Norte;Queda de Moto;;;;1;;;;;;;0;1;;;
10/07/2016;11:44:00;1360;com vítima;60;BR-040/RJ;Sul;Choque - Objeto Fixo;1;;;;;;;;;;0;1;;;
10/07/2016;17:12:00;1406;com vítima;71;BR-040/RJ;Sul;Queda de Moto;;;;1;;;;;;;0;;2;;
10/07/2016;10:32:00;1353;sem vítima;85;BR-040/RJ;Norte;Choque - Objeto Fixo;1;;;;;;;;;;1;;;;
10/07/2016;21:15:00;1438;sem vítima;104;BR-040/RJ;Norte;Colisão Transversal;1;;;;;1;;;;;2;;;;
10/07/2016;06:22:00;1334;sem vítima;108;BR-040/RJ;Sul;Colisão Lateral;1;;;;1;;;;;;2;;;;
10/07/2016;07:15:00;1338;com vítima;112;BR-040/RJ;Norte;Colisão Traseira;1;;;;;1;;;;;1;2;;;
10/07/2016;21:23:00;1440;com vítima;799;BR-040/MG;Sul;Derrapagem;1;;;;;;;;;;0;3;;;
10/07/2016;08:28:00;1341;com vítima;121;BR-040/RJ;Norte;Engavetamento;3;;;;;;;;;;0;3;;;
11/07/2016;12:17:00;1534;com vítima;32;BR-040/RJ;Norte;Capotamento;1;;;;;;;;;;0;1;;;
11/07/2016;23:17:00;1623;sem vítima;90;BR-040/RJ;Sul;Colisão Traseira;1;;1;;;;;;;;2;;;;
11/07/2016;15:08:00;1558;com vítima;108;BR-040/RJ;Norte;Queda de Moto;;;;1;;;;;;;0;1;;;
11/07/2016;04:50:00;1476;com vítima;122;BR-040/RJ;Norte;Colisão Traseira;2;;;;;;;;;;0;2;;;
11/07/2016;07:42:00;1491;sem vítima;124;BR-040/RJ;Sul;Colisão Lateral;1;;1;;;;;;;;2;;;;
12/07/2016;08:36:00;1654;com vítima;3;BR-040/RJ;Norte;Choque - Objeto Fixo;1;;;;;;;;;;0;;;1;
12/07/2016;05:59:00;1637;sem vítima;83;BR-040/RJ;Sul;Colisão Lateral;1;;;;;1;;;;;2;;;;
12/07/2016;19:30:00;1750;com vítima;105;BR-040/RJ;Norte;Colisão Frontal;;1;;;1;;;;;;1;;1;;
12/07/2016;07:44:00;1651;sem vítima;111;BR-040/RJ;Norte;Colisão Lateral;1;;1;;;;;;;;2;;;;
13/07/2016;13:55:00;1857;com vítima;108;BR-040/RJ;Norte;Queda de Moto;;;;1;;;;;;;0;2;;;
13/07/2016;13:55:00;1862;com vítima;108;BR-040/RJ;Norte;Queda de Moto;;;;1;;;;;;;0;1;;;
14/07/2016;19:38:00;2059;com vítima;39;BR-040/RJ;Norte;Queda de Moto;;;;1;;1;;;;;1;;1;;
14/07/2016;13:29:00;2004;sem vítima;100;BR-040/RJ;Sul;Choque - Objeto Fixo;1;;;;;;;;;;1;;;;
14/07/2016;17:37:00;2035;com vítima;120;BR-040/RJ;Norte;Colisão Lateral;;;;1;;1;;;;;1;1;;;
15/07/2016;09:21:00;2115;sem vítima;11;BR-040/RJ;Norte;Tombamento;;;1;;;;;;;;1;;;;
15/07/2016;14:02:00;2157;com vítima;32;BR-040/RJ;Norte;Capotamento;1;;;;;;;;;;0;1;;;
15/07/2016;12:01:00;2137;sem vítima;101;BR-040/RJ;Sul;Colisão Traseira;2;;;;;;;;;;2;;;;
15/07/2016;07:35:00;2102;com vítima;102;BR-040/RJ;Norte;Colisão Traseira;;;1;;1;;;;;;1;2;;;
15/07/2016;16:32:00;2183;com vítima;104;BR-040/RJ;Norte;Queda de Moto;;;;1;;;;;;;0;1;;;
15/07/2016;22:58:00;2233;sem vítima;104;BR-040/RJ;Norte;Colisão Lateral;1;;1;;;;;;;;2;;;;
15/07/2016;17:25:00;2190;sem vítima;112;BR-040/RJ;Norte;Engavetamento;3;;;;;;;;;;3;;;;
15/07/2016;22:51:00;2232;sem vítima;795;BR-040/MG;Sul;Choque - Objeto Fixo;1;;;;;;;;;;1;;;;
15/07/2016;18:13:00;2197;sem vítima;115;BR-040/RJ;Norte;Colisão Traseira;2;;;;;;;;;;2;;;;
15/07/2016;05:00:00;2086;com vítima;124;BR-040/RJ;Sul;Choque - Objeto Fixo;1;;;;;;;;;;0;1;;;
16/07/2016;13:29:00;2314;com vítima;12;BR-040/RJ;Sul;Capotamento;1;;;;;;;;;;0;3;;;
16/07/2016;07:32:00;2270;com vítima;34;BR-040/RJ;Norte;Tombamento;;;1;;;;;;;;0;1;;;
16/07/2016;16:25:00;2347;sem vítima;52;BR-040/RJ;Sul;Choque - Objeto Fixo;1;;;;;;;;;;1;;;;
16/07/2016;15:14:00;2332;sem vítima;84;BR-040/RJ;Sul;Choque - Objeto Fixo;1;;;;;;;;;;1;;;;
16/07/2016;06:15:00;2262;com vítima;91;BR-040/RJ;Sul;Choque - Objeto Fixo;1;;;;;;;;;;0;;2;;
16/07/2016;18:48:00;2362;sem vítima;113;BR-040/RJ;Norte;Choque - Objeto Fixo;1;;;;;;;;;;1;;;;
16/07/2016;07:54:00;2273;com vítima;116;BR-040/RJ;Sul;Capotamento;1;;;;;;;;;;0;1;;;
16/07/2016;01:26:00;2250;com vítima;120;BR-040/RJ;Sul;Capotamento;1;;;;;;;;;;0;2;1;;
16/07/2016;02:43:00;2255;sem vítima;124;BR-040/RJ;Sul;Colisão Traseira;1;;;1;;;;;;;2;;;;
16/07/2016;02:44:00;2256;com vítima;124;BR-040/RJ;Sul;Atropelamento - Pedestre;;;;;;1;;;;;1;;1;;
17/07/2016;09:56:00;2424;com vítima;781;BR-040/MG;Norte;Queda de Moto;;;;1;;;;;;;0;2;;;
17/07/2016;22:44:00;2534;com vítima;782;BR-040/MG;Sul;Choque - Objeto Fixo;1;;;;;1;;;;;1;1;;;
17/07/2016;21:58:00;2531;com vítima;85;BR-040/RJ;Sul;Capotamento;1;;;;;;;;;;0;2;;;
17/07/2016;09:10:00;2420;sem vítima;93;BR-040/RJ;Sul;Choque - Objeto Fixo;1;;;;;;;;;;1;;;;
17/07/2016;10:06:00;2428;sem vítima;93;BR-040/RJ;Norte;Choque - Objeto Fixo;1;;;;;;;;;;1;;;;
17/07/2016;21:33:00;2526;sem vítima;101;BR-040/RJ;Sul;Choque - Objeto Fixo;1;;;;;;;;;;1;;;;
17/07/2016;10:45:00;2431;sem vítima;104;BR-040/RJ;Norte;Colisão Lateral;2;;;;;;;;;;2;;;;
17/07/2016;17:29:00;2496;sem vítima;111;BR-040/RJ;Sul;Engavetamento;3;;;;;;;;;;3;;;;
17/07/2016;21:48:00;2528;sem vítima;117;BR-040/RJ;Sul;Colisão Lateral;2;;;;;;;;;;2;;;;
17/07/2016;20:36:00;2522;com vítima;118;BR-040/RJ;Sul;Colisão Traseira;2;;;;;;;;;;0;3;;1;
18/07/2016;04:57:00;2546;com vítima;78;BR-040/RJ;Sul;Choque - Objeto Fixo;1;;;;;;;;;;0;2;1;;
18/07/2016;23:53:00;2674;sem vítima;83;BR-040/RJ;Norte;Choque - Objeto Fixo;1;;;;;;;;;;1;;;;
18/07/2016;07:10:00;2552;sem vítima;84;BR-040/RJ;Norte;Queda de Moto;;;;1;;;;;;;1;;;;
18/07/2016;07:54:00;2560;sem vítima;85;BR-040/RJ;Norte;Capotamento;1;;;;;;;;;;1;;;;
18/07/2016;15:30:00;2624;sem vítima;98;BR-040/RJ;Sul;Tombamento;1;;;;;;;;;;1;;;;
18/07/2016;17:38:00;2643;com vítima;113;BR-040/RJ;Norte;Engavetamento;4;;;;;;;;;;1;6;;;
18/07/2016;18:07:00;2646;sem vítima;114;BR-040/RJ;Norte;Colisão Traseira;2;;;;;;;;;;2;;;;
18/07/2016;16:14:00;2630;com vítima;115;BR-040/RJ;Norte;Colisão Traseira;1;;1;;;;;;;;0;5;;;
18/07/2016;18:42:00;2653;com vítima;825;BR-040/MG;Sul;Choque - Objeto Fixo;1;;;;;;;;;;0;1;;;
19/07/2016;16:22:00;2771;sem vítima;61;BR-040/RJ;Sul;Colisão Lateral;;;2;;;;;;;;2;;;;
19/07/2016;12:01:00;2728;sem vítima;91;BR-040/RJ;Sul;Colisão Traseira;2;;;;;;;;;;2;;;;
19/07/2016;12:12:00;2729;sem vítima;95;BR-040/RJ;Sul;Colisão Traseira;;;1;;1;;;;;;2;;;;
19/07/2016;15:38:00;2757;com vítima;108;BR-040/RJ;Norte;Choque - Objeto Fixo;1;;;;;;;;;;0;2;;;
19/07/2016;15:26:00;2755;sem vítima;119;BR-040/RJ;Norte;Engavetamento;3;;;;;;;;;;3;;;;
19/07/2016;13:32:00;2739;sem vítima;121;BR-040/RJ;Norte;Choque - Objeto Fixo;1;;;;;;;;;;1;;;;
20/07/2016;18:20:00;2950;sem vítima;58;BR-040/RJ;Norte;Colisão Traseira;2;;;;;;;;;;2;;;;
20/07/2016;00:14:00;2823;sem vítima;84;BR-040/RJ;Norte;Choque - Objeto Fixo;1;;;;;;;;;;1;;;;
20/07/2016;18:24:00;2944;sem vítima;92;BR-040/RJ;Norte;Choque - Objeto Fixo;1;;;;;;;;;;1;;;;
20/07/2016;10:49:00;2897;sem vítima;94;BR-040/RJ;Norte;Choque - Objeto Fixo;;;1;;;;;;;;1;;;;
20/07/2016;06:28:00;2853;com vítima;104;BR-040/RJ;Sul;Capotamento;1;;;;;;;;;;0;1;;;
20/07/2016;06:26:00;2852;com vítima;105;BR-040/RJ;Norte;Atropelamento - Pedestre;1;;;;;;;;;;1;1;;;
20/07/2016;17:21:00;2936;com vítima;105;BR-040/RJ;Norte;Queda de Moto;;;;1;;;;;;;0;;1;;
20/07/2016;15:03:00;2920;sem vítima;110;BR-040/RJ;Norte;Colisão Traseira;;;;;2;;;;;;2;;;;
20/07/2016;17:33:00;2937;sem vítima;114;BR-040/RJ;Norte;Queda de Moto;;;;1;;;;;;;1;;;;
20/07/2016;17:33:00;2940;sem vítima;114;BR-040/RJ;Norte;Colisão Traseira;1;;;;;1;;;;;2;;;;
20/07/2016;18:47:00;2948;sem vítima;122;BR-040/RJ;Norte;Colisão Traseira;2;;;;;;;;;;2;;;;
20/07/2016;01:15:00;2829;sem vítima;825;BR-040/MG;Norte;Derrapagem;1;;;;;;;;;;1;;;;
21/07/2016;07:49:00;3015;sem vítima;74;BR-040/RJ;Norte;Choque - Objeto Fixo;1;;;;;;;;;;1;;;;
21/07/2016;08:23:00;3021;sem vítima;74;BR-040/RJ;Norte;Choque - Objeto Fixo;1;;;;;;;;;;1;;;;
21/07/2016;05:37:00;2999;sem vítima;85;BR-040/RJ;Norte;Derrapagem;1;;;;;;;;;;1;;;;
21/07/2016;14:56:00;3076;sem vítima;85;BR-040/RJ;Sul;Choque - Objeto Fixo;1;;;;;;;;;;1;;;;
21/07/2016;14:54:00;3075;sem vítima;90;BR-040/RJ;Norte;Colisão Traseira;2;;;;;;;;;;2;;;;
21/07/2016;13:19:00;3064;sem vítima;91;BR-040/RJ;Norte;Choque - Objeto Fixo;;;1;;;;;;;;1;;;;
21/07/2016;16:52:00;3094;sem vítima;94;BR-040/RJ;Sul;Choque - Objeto Fixo;1;;;;;;;;;;1;;;;
21/07/2016;19:43:00;3112;sem vítima;94;BR-040/RJ;Norte;Choque - Objeto Fixo;1;;;;;;;;;;1;;;;
21/07/2016;01:39:00;2984;sem vítima;96;BR-040/RJ;Sul;Choque - Objeto Fixo;;;1;;;;;;;;1;;;;
21/07/2016;11:03:00;3043;com vítima;102;BR-040/RJ;Norte;Colisão Lateral;1;;1;;;;;;;;1;1;;;
21/07/2016;12:20:00;3056;sem vítima;107;BR-040/RJ;Sul;Atropelamento - Animal;;;1;;;;;;;;1;;;;
21/07/2016;17:24:00;3101;sem vítima;110;BR-040/RJ;Norte;Colisão Traseira;2;;;;;;;;;;2;;;;
21/07/2016;15:12:00;3079;sem vítima;111;BR-040/RJ;Sul;Colisão Traseira;2;;;;;;;;;;2;;;;
21/07/2016;18:50:00;3108;com vítima;122;BR-040/RJ;Sul;Engavetamento;3;;;;;;;;;;2;;1;;
21/07/2016;05:50:00;3001;sem vítima;123;BR-040/RJ;Sul;Colisão Traseira;1;;1;;;;;;;;2;;;;
22/07/2016;17:51:00;3258;sem vítima;38;BR-040/RJ;Norte;Colisão Transversal;1;;;;;1;;;;;2;;;;
22/07/2016;02:34:00;3143;sem vítima;71;BR-040/RJ;Sul;Choque - Objeto Fixo;;;1;;;;;;;;1;;;;
22/07/2016;15:05:00;3218;sem vítima;76;BR-040/RJ;Sul;Choque - Objeto Fixo;1;;;;;;;;;;1;;;;
22/07/2016;13:27:00;3208;sem vítima;84;BR-040/RJ;Norte;Choque - Objeto Fixo;1;;;;;;;;;;1;;;;
22/07/2016;06:50:00;3163;sem vítima;85;BR-040/RJ;Sul;Choque - Objeto Fixo;1;;;;;;;;;;1;;;;
22/07/2016;13:55:00;3210;sem vítima;93;BR-040/RJ;Sul;Choque - Objeto Fixo;1;;;;;;;;;;1;;;;
22/07/2016;15:39:00;3225;sem vítima;94;BR-040/RJ;Sul;Choque - Objeto Fixo;1;;;;;;;;;;1;;;;
22/07/2016;06:55:00;3164;sem vítima;105;BR-040/RJ;Sul;Colisão Traseira;2;;;;;;;;;;2;;;;
22/07/2016;12:24:00;3200;com vítima;109;BR-040/RJ;Norte;Engavetamento;2;;1;;;;;;;;2;2;;;
22/07/2016;11:21:00;3193;com vítima;793;BR-040/MG;Sul;Capotamento;1;;;;;;;;;;0;1;;;
22/07/2016;11:27:00;3195;com vítima;117;BR-040/RJ;Norte;Choque - Objeto Fixo;1;;;;;;;;;;0;1;;;
23/07/2016;13:56:00;3369;com vítima;6;BR-040/RJ;Norte;Capotamento;1;;;;;;;;;;0;1;;;
23/07/2016;17:30:00;3389;sem vítima;72;BR-040/RJ;Norte;Choque - Objeto Fixo;1;;;;;;;;;;1;;;;
23/07/2016;07:19:00;3330;sem vítima;84;BR-040/RJ;Norte;Queda de Moto;;;;1;;;;;;;1;;;;
23/07/2016;12:40:00;3359;sem vítima;84;BR-040/RJ;Norte;Choque - Objeto Fixo;1;;;;;;;;;;1;;;;
23/07/2016;16:55:00;3384;com vítima;84;BR-040/RJ;Norte;Queda de Moto;;;;1;;;;;;;0;1;;;
23/07/2016;19:58:00;3409;sem vítima;84;BR-040/RJ;Norte;Queda de Moto;;;;1;;;;;;;1;;;;
23/07/2016;21:26:00;3419;sem vítima;108;BR-040/RJ;Norte;Choque - Objeto Fixo;1;;;;;;;;;;1;;;;
24/07/2016;15:04:00;3510;sem vítima;3;BR-040/RJ;Norte;Colisão Lateral;1;;;;1;;;;;;2;;;;
24/07/2016;00:36:00;3438;sem vítima;20;BR-040/RJ;Norte;Choque - Objeto Fixo;1;;;;;;;;;;1;;;;
24/07/2016;07:05:00;3462;com vítima;57;BR-040/RJ;Norte;Queda de Moto;;;;1;;;;;;;0;1;;;
24/07/2016;20:46:00;3565;com vítima;80;BR-040/RJ;Sul;Tombamento;;;1;;;;;;;;0;;;1;
24/07/2016;09:56:00;3480;sem vítima;84;BR-040/RJ;Norte;Queda de Moto;;;;1;;;;;;;1;;;;
24/07/2016;22:13:00;3572;sem vítima;84;BR-040/RJ;Norte;Derrapagem;1;;;;;;;;;;1;;;;
24/07/2016;03:00:00;3449;com vítima;91;BR-040/RJ;Sul;Capotamento;1;;;;;;;;;;0;;1;;
24/07/2016;19:01:00;3550;sem vítima;109;BR-040/RJ;Sul;Colisão Traseira;1;;;;;1;;;;;2;;;;
24/07/2016;05:07:00;3456;com vítima;110;BR-040/RJ;Sul;Choque - Objeto Fixo;1;;;;;;;;;;0;1;1;;
24/07/2016;12:28:00;3498;com vítima;115;BR-040/RJ;Norte;Colisão Lateral;2;;;;;;;;;;1;2;;;
24/07/2016;21:08:00;3567;sem vítima;119;BR-040/RJ;Sul;Colisão Traseira;2;;;;;;;;;;2;;;;
25/07/2016;15:02:00;3661;com vítima;12;BR-040/RJ;Sul;Colisão Lateral;;;;2;;;;;;;0;2;;;
25/07/2016;09:58:00;3625;sem vítima;80;BR-040/RJ;Norte;Engavetamento;3;;;;;;;;;;3;;;;
25/07/2016;15:17:00;3664;com vítima;82;BR-040/RJ;Norte;Colisão Traseira;1;;;1;;;;;;;0;2;;;
25/07/2016;17:10:00;3686;com vítima;82;BR-040/RJ;Norte;Queda de Moto;;;;1;;;;;;;0;1;;;
25/07/2016;09:35:00;3622;sem vítima;85;BR-040/RJ;Norte;Choque - Objeto Fixo;1;;;;;;;;;;1;;;;
25/07/2016;06:00:00;3594;sem vítima;92;BR-040/RJ;Sul;Choque - Objeto Fixo;1;;;;;;;;;;1;;;;
25/07/2016;22:58:00;3721;com vítima;105;BR-040/RJ;Norte;Colisão Frontal;1;;;1;;;;;;;0;2;1;;
25/07/2016;19:21:00;3701;com vítima;107;BR-040/RJ;Norte;Colisão Traseira;2;;;;;;;;;;0;2;1;;
25/07/2016;07:42:00;3607;sem vítima;803;BR-040/MG;Norte;Colisão Traseira;;;2;;;;;;;;2;;;;
25/07/2016;20:00:00;3706;sem vítima;820;BR-040/MG;Norte;Colisão Lateral;1;;1;;;;;;;;2;;;;
25/07/2016;06:12:00;3597;sem vítima;122;BR-040/RJ;Sul;Choque - Objeto Fixo;1;;;;;;;;;;1;;;;
26/07/2016;09:58:00;3791;sem vítima;81;BR-040/RJ;Norte;Colisão Lateral;2;;;;;;;;;;2;;;;
26/07/2016;16:43:00;3848;com vítima;784;BR-040/MG;Norte;Capotamento;1;;;;;;;;;;0;2;;1;1
26/07/2016;09:49:00;3789;com vítima;93;BR-040/RJ;Norte;Choque - Objeto Fixo;1;;;;;;;;;;0;1;3;;
26/07/2016;15:03:00;3829;sem vítima;109;BR-040/RJ;Sul;Engavetamento;2;;1;;;;;;;;3;;;;
26/07/2016;11:55:00;3810;sem vítima;124;BR-040/RJ;Sul;Colisão Traseira;1;;1;;;;;;;;2;;;;
26/07/2016;16:27:00;3846;sem vítima;125;BR-040/RJ;Norte;Colisão Lateral;1;;2;;;;;;;;3;;;;
27/07/2016;22:45:00;4048;sem vítima;44;BR-040/RJ;Norte;Choque - Objeto Fixo;1;;;;;1;;;;;2;;;;
27/07/2016;08:29:00;3942;sem vítima;88;BR-040/RJ;Norte;Queda de Moto;;;;1;;;;;;;1;;;;
27/07/2016;21:06:00;4042;com vítima;113;BR-040/RJ;Sul;Queda de Moto;;;;1;;;;;;;0;;;1;
27/07/2016;19:15:00;4031;com vítima;807;BR-040/MG;Norte;Queda de Moto;;;;1;;;;;;;0;1;1;;
27/07/2016;19:29:00;4033;sem vítima;118;BR-040/RJ;Sul;Colisão Traseira;1;;;;1;;;;;;2;;;;
27/07/2016;07:36:00;3935;sem vítima;824;BR-040/MG;Norte;Choque - Objeto Fixo;1;;;;;;;;;;1;;;;
28/07/2016;07:24:00;4088;sem vítima;75;BR-040/RJ;Sul;Choque - Objeto Fixo;1;;;;;;;;;;1;;;;
28/07/2016;19:50:00;4171;sem vítima;77;BR-040/RJ;Sul;Choque - Objeto Fixo;1;;;;;;;;;;1;;;;
28/07/2016;18:34:00;4160;com vítima;83;BR-040/RJ;Sul;Capotamento;1;;;;;;;;;;0;;1;;
28/07/2016;21:21:00;4179;com vítima;86;BR-040/RJ;Norte;Capotamento;1;;;;;;;;;;0;2;;;
28/07/2016;11:29:00;4116;sem vítima;114;BR-040/RJ;Sul;Colisão Traseira;2;;;;;;;;;;2;;;;
28/07/2016;12:27:00;4125;com vítima;821;BR-040/MG;Norte;Choque - Objeto Fixo;1;;;;;;;;;;0;3;;;
29/07/2016;06:57:00;4220;com vítima;36;BR-040/RJ;Norte;Tombamento;;;1;;;;;;;;0;1;;;
29/07/2016;22:03:00;4334;sem vítima;84;BR-040/RJ;Norte;Choque - Objeto Fixo;1;;;;;;;;;;1;;;;
29/07/2016;03:22:00;4206;com vítima;112;BR-040/RJ;Norte;Choque - Objeto Fixo;1;;;;;;;;;;0;2;;;
29/07/2016;23:56:00;4341;sem vítima;112;BR-040/RJ;Sul;Colisão Lateral;1;;;;;;;;;;1;;;;
29/07/2016;01:19:00;4197;sem vítima;798;BR-040/MG;Sul;Choque - Objeto Fixo;1;;;;;;;;;;1;;;;
29/07/2016;07:48:00;4225;sem vítima;808;BR-040/MG;Sul;Choque - Objeto Fixo;1;;;;;;;;;;1;;;;
29/07/2016;16:31:00;4288;sem vítima;114;BR-040/RJ;Norte;Engavetamento;3;;;;;;;;;;3;;;;
29/07/2016;15:53:00;4286;com vítima;122;BR-040/RJ;Sul;Colisão Traseira;1;;;1;;;;;;;1;1;1;;
29/07/2016;21:20:00;4327;com vítima;123;BR-040/RJ;Norte;Choque - Objeto Fixo;1;;;;;1;;;;;1;2;;;
30/07/2016;06:56:00;4367;sem vítima;22;BR-040/RJ;Sul;Colisão Traseira;1;;;1;;;;;;;2;;;;
30/07/2016;18:18:00;4441;com vítima;25;BR-040/RJ;Norte;Colisão Traseira;1;;1;;;;;;;;0;2;1;;
30/07/2016;04:24:00;4356;com vítima;52;BR-040/RJ;Sul;Choque - Objeto Fixo;;;1;;;;;;;;0;2;;;
30/07/2016;17:40:00;4436;com vítima;84;BR-040/RJ;Norte;Capotamento;1;;;;;;;;;;0;2;;;
30/07/2016;21:57:00;4457;com vítima;84;BR-040/RJ;Norte;Capotamento;1;;;;;;;;;;0;5;;;
30/07/2016;11:06:00;4394;sem vítima;85;BR-040/RJ;Norte;Choque - Objeto Fixo;1;;;;;;;;;;1;;;;
30/07/2016;02:41:00;4350;sem vítima;90;BR-040/RJ;Norte;Choque - Objeto Fixo;1;;;;;;;;;;1;;;;
30/07/2016;19:12:00;4445;com vítima;102;BR-040/RJ;Norte;Queda de Moto;;;;1;;;;;;;0;2;;;
30/07/2016;21:33:00;4455;sem vítima;810;BR-040/MG;Norte;Colisão Lateral;1;;;1;;;;;;;2;;;;
30/07/2016;13:44:00;4408;sem vítima;123;BR-040/RJ;Norte;Colisão Lateral;1;;1;;;;;;;;2;;;;
31/07/2016;05:07:00;4489;sem vítima;25;BR-040/RJ;Sul;Choque - Objeto Fixo;1;;;;;;;;;;1;;;;
31/07/2016;05:37:00;4492;com vítima;38;BR-040/RJ;Sul;Choque - Objeto Fixo;1;;;;;;;;;;0;3;;;
31/07/2016;11:20:00;4521;com vítima;75;BR-040/RJ;Sul;Queda de Moto;;;;1;;;;;;;0;1;;;
31/07/2016;00:41:00;4477;sem vítima;774;BR-040/MG;Norte;Atropelamento - Animal;1;;;;;;;;;;1;;;;
31/07/2016;06:27:00;4494;sem vítima;85;BR-040/RJ;Norte;Choque - Objeto Fixo;1;;;;;;;;;;1;;;;
31/07/2016;07:58:00;4499;sem vítima;85;BR-040/RJ;Norte;Colisão Traseira;2;;;;;;;;;;2;;;;
31/07/2016;02:52:00;4482;sem vítima;86;BR-040/RJ;Norte;Choque - Objeto Fixo;1;;;;;;;;;;1;;;;
31/07/2016;18:08:00;4573;sem vítima;109;BR-040/RJ;Norte;Choque - Objeto Fixo;1;;;;;;;;;;1;;;;
31/07/2016;02:12:00;4480;sem vítima;121;BR-040/RJ;Norte;Colisão Lateral;2;;;;;;;;;;2;;;;
31/07/2016;21:30:00;4596;com vítima;124;BR-040/RJ;Norte;Atropelamento - Pedestre;;;;;;1;;;;;1;;;1;
01/08/2016;15:43:00;94;sem vítima;64;BR-040/RJ;Norte;Colisão Traseira;1;;1;;;;;;;;2;;;;
01/08/2016;14:25:00;81;com vítima;72;BR-040/RJ;Norte;Tombamento;;;1;;;;;;;;0;;;;1
01/08/2016;14:44:00;87;sem vítima;104;BR-040/RJ;Sul;Colisão Traseira;2;;;;;;;;;;2;;;;
01/08/2016;17:37:00;113;com vítima;111;BR-040/RJ;Sul;Colisão Lateral;1;;;1;;;;;;;1;1;;;
01/08/2016;06:55:00;25;com vítima;124;BR-040/RJ;Sul;Atropelamento - Pedestre;;;;1;2;;;;;;2;2;;;