data;horario;n_da_ocorrencia;tipo_de_ocorrencia;km;trecho;sentido;tipo_de_acidente;automovel;bicicleta;caminhao;moto;onibus;outros;tracao_animal;transporte_de_cargas_especiais;trator_maquinas;utilitarios;ilesos;levemente_feridos;moderadamente_feridos;gravemente_feridos;mortos
24/08/2016;19:15:00;3480;com vítima;795;BR-040/MG;Sul;Queda de Moto;;;;1;;;;;;;0;1;;;
24/08/2016;21:34:00;3493;sem vítima;116;BR-040/RJ;Sul;Colisão Traseira;2;;;;;;;;;;2;;;;
24/08/2016;18:08:00;3469;com vítima;123;BR-040/RJ;Sul;Colisão Lateral;1;;;1;;;;;;;1;;1;;
25/08/2016;08:32:00;3527;com vítima;124;BR-040/RJ;Sul;Queda de Moto;;;;1;;;;;;;0;2;;;
26/08/2016;09:22:00;3661;sem vítima;88;BR-040/RJ;Norte;Colisão Traseira;2;;;;;;;;;;2;;;;
26/08/2016;20:35:00;3756;sem vítima;101;BR-040/RJ;Norte;Colisão Traseira;2;;;;;;;;;;2;;;;
26/08/2016;22:00:00;3764;sem vítima;110;BR-040/RJ;Norte;Engavetamento;1;;2;;;;;;;;3;;;;
26/08/2016;14:33:00;3706;com vítima;112;BR-040/RJ;Norte;Queda de Moto;;;;1;;;;;;;0;2;;;
26/08/2016;00:50:00;3614;sem vítima;113;BR-040/RJ;Norte;Choque - Objeto Fixo;1;;;;;;;;;;1;;;;
26/08/2016;06:22:00;3634;sem vítima;792;BR-040/MG;Sul;Choque - Objeto Fixo;1;;;;;;;;;;1;;;;
26/08/2016;17:42:00;3734;sem vítima;118;BR-040/RJ;Norte;Colisão Traseira;;;;;2;;;;;;2;;;;
26/08/2016;13:50:00;3701;sem vítima;120;BR-040/RJ;Norte;Engavetamento;3;;;;;;;;;;3;;;;
27/08/2016;08:26:00;3819;com vítima;45;BR-040/RJ;Norte;Queda de Moto;;;;1;;;;;;;0;1;;;
27/08/2016;07:00:00;3808;sem vítima;74;BR-040/RJ;Norte;Choque - Objeto Fixo;1;;;;;;;;;;1;;;;
27/08/2016;11:52:00;3851;sem vítima;116;BR-040/RJ;Norte;Colisão Traseira;2;;;;;;;;;;2;;;;
27/08/2016;19:20:00;3916;sem vítima;116;BR-040/RJ;Sul;Colisão Lateral;2;;;;;;;;;;2;;;;
27/08/2016;19:20:00;3917;sem vítima;116;BR-040/RJ;Sul;Colisão Lateral;2;;;;;;;;;;2;;;;
27/08/2016;14:11:00;3870;com vítima;118;BR-040/RJ;Sul;Capotamento;1;;;;;;;;;;0;1;;;
27/08/2016;23:43:00;3943;com vítima;118;BR-040/RJ;Sul;Choque - Objeto Fixo;1;;;;;;;;;;1;2;;;
27/08/2016;10:25:00;3839;sem vítima;122;BR-040/RJ;Norte;Colisão Lateral;;;2;;;;;;;;2;;;;
27/08/2016;10:25:00;3843;com vítima;122;BR-040/RJ;Norte;Engavetamento;3;;;;;;;;;;1;2;1;;
28/08/2016;14:17:00;4014;com vítima;0;BR-040/RJ;Sul;Queda de Moto;;;;1;;;;;;;0;;;;1
28/08/2016;05:10:00;3965;com vítima;3;BR-040/RJ;Sul;Capotamento;1;;;;;;;;;;0;2;;;
28/08/2016;01:07:00;3952;com vítima;32;BR-040/RJ;Norte;Derrapagem;1;;;;;;;;;;0;1;;;
28/08/2016;07:30:00;3976;com vítima;61;BR-040/RJ;Norte;Choque - Objeto Fixo;1;;;;;;;;;;0;1;;;
28/08/2016;12:52:00;4001;sem vítima;71;BR-040/RJ;Sul;Choque - Objeto Fixo;1;;;;;;;;;;1;;;;
28/08/2016;13:52:00;4011;sem vítima;74;BR-040/RJ;Norte;Choque - Objeto Fixo;1;;;;;;;;;;1;;;;
28/08/2016;06:20:00;3971;sem vítima;101;BR-040/RJ;Sul;Choque - Objeto Fixo;;;1;;;;;;;;1;;;;
28/08/2016;05:25:00;3967;sem vítima;105;BR-040/RJ;Norte;Colisão Traseira;2;;;;;;;;;;2;;;;
28/08/2016;06:45:00;3972;sem vítima;118;BR-040/RJ;Sul;Capotamento;1;;;;;;;;;;1;;;;
28/08/2016;04:33:00;3963;com vítima;122;BR-040/RJ;Sul;Atropelamento - Pedestre;;;;;;1;;;;;1;1;;;
29/08/2016;17:06:00;4191;sem vítima;84;BR-040/RJ;Norte;Choque - Objeto Fixo;1;;;;;;;;;;1;;;;
29/08/2016;16:46:00;4186;sem vítima;86;BR-040/RJ;Norte;Choque - Objeto Fixo;1;;;;;;;;;;1;;;;
29/08/2016;22:49:00;4221;com vítima;109;BR-040/RJ;Sul;Colisão Traseira;1;;1;;;;;;;;1;1;1;;
29/08/2016;19:03:00;4209;sem vítima;114;BR-040/RJ;Norte;Colisão Traseira;1;;;;;1;;;;;2;;;;
30/08/2016;14:24:00;4317;sem vítima;0;BR-040/RJ;Sul;Choque - Objeto Fixo;1;;;;;;;;;;1;;;;
30/08/2016;19:45:00;4361;com vítima;118;BR-040/RJ;Norte;Choque - Objeto Fixo;1;;;;;;;;;;0;;1;;
30/08/2016;21:28:00;4373;sem vítima;119;BR-040/RJ;Norte;Choque - Objeto Fixo;1;;;;;;;;;;1;;;;
31/08/2016;15:16:00;4467;sem vítima;43;BR-040/RJ;Norte;Choque - Objeto Fixo;1;;;;;;;;;;1;;;;
31/08/2016;19:47:00;4506;sem vítima;51;BR-040/RJ;Sul;Choque - Objeto Fixo;1;;;;;;;;;;1;;;;
31/08/2016;13:33:00;4456;sem vítima;62;BR-040/RJ;Norte;Colisão Traseira;2;;;;;;;;;;2;;;;
31/08/2016;17:19:00;4489;com vítima;72;BR-040/RJ;Norte;Choque - Objeto Fixo;1;;;;;;;;;;0;;1;;
31/08/2016;17:27:00;4490;sem vítima;85;BR-040/RJ;Sul;Choque - Objeto Fixo;1;;;;;;;;;;1;;;;
31/08/2016;17:05:00;4484;sem vítima;90;BR-040/RJ;Sul;Choque - Objeto Fixo;1;;;;;;;;;;1;;;;
31/08/2016;17:36:00;4491;sem vítima;90;BR-040/RJ;Sul;Choque - Objeto Fixo;1;;;;;;;;;;1;;;;
31/08/2016;15:36:00;4471;sem vítima;92;BR-040/RJ;Norte;Choque - Objeto Fixo;1;;;;;;;;;;1;;;;
31/08/2016;14:53:00;4465;com vítima;112;BR-040/RJ;Norte;Colisão Traseira;1;;1;;;;;;;;1;;2;;
31/08/2016;15:37:00;4472;sem vítima;786;BR-040/MG;Norte;Choque - Objeto Fixo;1;;;;;;;;;;1;;;;
31/08/2016;11:50:00;4442;com vítima;113;BR-040/RJ;Norte;Tombamento;;;1;;;;;;;;0;1;;;
31/08/2016;16:12:00;4476;com vítima;793;BR-040/MG;Sul;Choque - Objeto Fixo;1;;;;;;;;;;0;1;;;
31/08/2016;16:22:00;4485;com vítima;793;BR-040/MG;Sul;Choque - Objeto Fixo;1;;;;;;;;;;0;2;;;
31/08/2016;12:02:00;4446;com vítima;114;BR-040/RJ;Norte;Colisão Lateral;1;;;1;;;;;;;0;2;1;;
31/08/2016;15:27:00;4468;com vítima;823;BR-040/MG;Sul;Choque - Objeto Fixo;1;;;;;;;;;;0;1;;;
31/08/2016;02:51:00;4393;com vítima;117;BR-040/RJ;Norte;Choque - Objeto Fixo;1;;;;;;;;;;0;1;;;
31/08/2016;07:37:00;4411;sem vítima;121;BR-040/RJ;Norte;Choque - Objeto Fixo;1;;;;;;;;;;1;;;;
31/08/2016;10:05:00;4427;sem vítima;121;BR-040/RJ;Sul;Colisão Traseira;1;;;;1;;;;;;2;;;;
31/08/2016;16:29:00;4479;sem vítima;825;BR-040/MG;Norte;Choque - Objeto Fixo;1;;;;;;;;;;1;;;;
31/08/2016;11:06:00;4434;sem vítima;124;BR-040/RJ;Sul;Colisão Lateral;1;;1;;;;;;;;2;;;;
01/09/2016;02:24:00;7;com vítima;113;BR-040/RJ;Sul;Colisão Traseira;1;;1;;;;;;;;1;;1;;
01/09/2016;03:45:00;12;com vítima;125;BR-040/RJ;Sul;Tombamento;;;1;;;;;;;;1;;1;;
01/09/2016;04:49:00;14;sem vítima;54;BR-040/RJ;Sul;Choque - Objeto Fixo;1;;;;;;;;;;1;;;;
01/09/2016;05:59:00;19;sem vítima;51;BR-040/RJ;Sul;Choque - Objeto Fixo;1;;;;;;;;;;1;;;;
01/09/2016;07:02:00;22;com vítima;97;BR-040/RJ;Sul;Atropelamento - Pedestre;1;1;;;;;;;;;0;1;1;;
01/09/2016;07:21:00;26;sem vítima;122;BR-040/RJ;Sul;Colisão Traseira;1;;;;;1;;;;;2;;;;
01/09/2016;07:43:00;30;com vítima;823;BR-040/MG;Sul;Choque - Objeto Fixo;1;;;;;;;;;;0;;;;2
01/09/2016;07:46:00;31;sem vítima;44;BR-040/RJ;Norte;Choque - Objeto Fixo;1;;;;;;;;;;1;;;;
01/09/2016;07:54:00;32;com vítima;101;BR-040/RJ;Norte;Atropelamento - Pedestre;;;;1;;;;;;;1;;1;;
01/09/2016;08:07:00;33;sem vítima;4;BR-040/RJ;Sul;Choque - Objeto Fixo;1;;;;;;;;;;1;;;;
01/09/2016;08:29:00;35;com vítima;25;BR-040/RJ;Sul;Tombamento;;;1;;;;;;;;0;1;;;
01/09/2016;11:19:00;60;sem vítima;123;BR-040/RJ;Sul;Colisão Traseira;1;;1;;;;;;;;2;;;;
01/09/2016;17:22:00;99;sem vítima;62;BR-040/RJ;Sul;Choque - Objeto Fixo;1;;;;;;;;;;1;;;;
02/09/2016;13:43:00;224;com vítima;43;BR-040/RJ;Norte;Derrapagem;1;;;;;;;;;;0;1;;;
02/09/2016;18:55:00;274;sem vítima;109;BR-040/RJ;Norte;Engavetamento;2;;1;;;;;;;;3;;;;
02/09/2016;21:17:00;290;sem vítima;95;BR-040/RJ;Norte;Choque - Objeto Fixo;1;;;;;;;;;;1;;;;
03/09/2016;01:32:00;316;sem vítima;106;BR-040/RJ;Sul;Colisão Traseira;1;;;;;1;;;;;2;;;;
03/09/2016;02:04:00;318;sem vítima;51;BR-040/RJ;Sul;Atropelamento - Animal;1;;;;;;;;;;1;;;;
03/09/2016;02:26:00;321;com vítima;123;BR-040/RJ;Norte;Queda de Moto;;;;1;;;;;;;0;;;1;
03/09/2016;03:30:00;322;sem vítima;111;BR-040/RJ;Norte;Derrapagem;1;;;;;;;;;;1;;;;
03/09/2016;04:19:00;325;sem vítima;113;BR-040/RJ;Sul;Choque - Objeto Fixo;1;;;;;;;;;;1;;;;
03/09/2016;04:53:00;326;sem vítima;110;BR-040/RJ;Sul;Choque - Objeto Fixo;1;;;;;;;;;;1;;;;
03/09/2016;05:12:00;328;sem vítima;90;BR-040/RJ;Norte;Derrapagem;1;;;;;;;;;;1;;;;
03/09/2016;18:08:00;426;sem vítima;124;BR-040/RJ;Norte;Choque - Objeto Fixo;1;;;;;;;;;;1;;;;
03/09/2016;22:55:00;456;com vítima;47;BR-040/RJ;Norte;Colisão Traseira;1;;;1;;;;;;;1;1;;;
03/09/2016;23:21:00;462;com vítima;92;BR-040/RJ;Norte;Derrapagem;1;;;;;;;;;;0;2;;;
04/09/2016;00:49:00;469;sem vítima;109;BR-040/RJ;Sul;Choque - Objeto Fixo;1;;;;;;;;;;1;;;;
04/09/2016;01:07:00;470;sem vítima;54;BR-040/RJ;Sul;Choque - Objeto Fixo;1;;;;;;;;;;1;;;;
04/09/2016;01:28:00;471;sem vítima;92;BR-040/RJ;Sul;Choque - Objeto Fixo;1;;;;;;;;;;1;;;;
04/09/2016;04:46:00;482;com vítima;72;BR-040/RJ;Sul;Derrapagem;1;;;;;;;;;;0;1;;;
04/09/2016;04:57:00;483;sem vítima;124;BR-040/RJ;Sul;Choque - Objeto Fixo;;;1;;;;;;;;1;;;;
04/09/2016;04:58:00;484;com vítima;7;BR-040/RJ;Sul;Choque - Objeto Fixo;1;;;;;;;;;;0;1;;;
04/09/2016;07:09:00;489;sem vítima;794;BR-040/MG;Sul;Colisão Traseira;1;;1;;;;;;;;2;;;;
04/09/2016;10:10:00;513;sem vítima;120;BR-040/RJ;Norte;Choque - Objeto Fixo;1;;;;;;;;;;1;;;;
04/09/2016;13:04:00;529;com vítima;116;BR-040/RJ;Norte;Capotamento;2;;;;;;;;;;1;1;;;
04/09/2016;13:20:00;530;sem vítima;787;BR-040/MG;Norte;Choque - Objeto Fixo;1;;;;;;;;;;1;;;;
04/09/2016;13:49:00;532;com vítima;123;BR-040/RJ;Sul;Colisão Lateral;;;;1;;1;;;;;1;1;;;
05/09/2016;01:49:00;616;sem vítima;113;BR-040/RJ;Sul;Colisão Traseira;1;;;;;1;;;;;2;;;;
05/09/2016;13:16:00;691;sem vítima;112;BR-040/RJ;Norte;Colisão Lateral;1;;1;;;;;;;;2;;;;
05/09/2016;13:47:00;698;sem vítima;78;BR-040/RJ;Norte;Colisão Lateral;1;;;;1;;;;;;2;;;;
05/09/2016;17:44:00;728;sem vítima;123;BR-040/RJ;Norte;Colisão Traseira;1;;;;1;;;;;;2;;;;
06/09/2016;07:16:00;783;sem vítima;61;BR-040/RJ;Norte;Colisão Traseira;;;2;;;;;;;;2;;;;
06/09/2016;07:20:00;785;com vítima;110;BR-040/RJ;Norte;Colisão Traseira;2;;;;;;;;;;0;4;;;
06/09/2016;08:27:00;796;com vítima;112;BR-040/RJ;Norte;Colisão Lateral;1;;;1;;;;;;;1;1;;;
06/09/2016;23:06:00;910;sem vítima;105;BR-040/RJ;Norte;Choque - Objeto Fixo;1;;;;;;;;;;1;;;;
07/09/2016;05:03:00;931;sem vítima;93;BR-040/RJ;Norte;Choque - Objeto Fixo;1;;;;;;;;;;1;;;;
07/09/2016;07:07:00;938;sem vítima;17;BR-040/RJ;Sul;Colisão Lateral;2;;;;;;;;;;2;;;;
07/09/2016;15:01:00;1011;sem vítima;89;BR-040/RJ;Sul;Choque - Objeto Fixo;;;1;;;;;;;;1;;;;
07/09/2016;16:34:00;1028;sem vítima;824;BR-040/MG;Sul;Choque - Objeto Fixo;1;;;;;;;;;;1;;;;
07/09/2016;19:17:00;1048;sem vítima;87;BR-040/RJ;Norte;Choque - Objeto Fixo;1;;;;;;;;;;1;;;;
07/09/2016;22:03:00;1061;sem vítima;98;BR-040/RJ;Norte;Choque - Objeto Fixo;1;;;;;;;;;;1;;;;
07/09/2016;22:33:00;1063;com vítima;85;BR-040/RJ;Norte;Atropelamento - Pedestre;;;;;;1;;;;;1;;1;;
08/09/2016;06:48:00;1091;sem vítima;93;BR-040/RJ;Norte;Colisão Lateral;2;;;;;;;;;;2;;;;
08/09/2016;07:26:00;1099;com vítima;93;BR-040/RJ;Sul;Choque - Objeto Fixo;1;;;;;;;;;;0;1;1;;
08/09/2016;08:07:00;1106;sem vítima;84;BR-040/RJ;Sul;Choque - Objeto Fixo;1;;;;;;;;;;1;;;;
08/09/2016;13:45:00;1160;com vítima;105;BR-040/RJ;Norte;Colisão Lateral;1;1;;;;;;;;;0;1;1;;
08/09/2016;15:34:00;1175;sem vítima;117;BR-040/RJ;Sul;Queda de Moto;;;;1;;;;;;;1;;;;
08/09/2016;15:47:00;1177;sem vítima;85;BR-040/RJ;Sul;Choque - Objeto Fixo;1;;;;;;;;;;1;;;;
08/09/2016;18:06:00;1197;sem vítima;91;BR-040/RJ;Norte;Choque - Objeto Fixo;1;;;;;;;;;;1;;;;
08/09/2016;19:04:00;1206;com vítima;100;BR-040/RJ;Sul;Atropelamento - Pedestre;;;;1;;;;;;;0;1;;1;
08/09/2016;19:46:00;1213;com vítima;63;BR-040/RJ;Sul;Capotamento;1;;;;;;;;;;0;1;;;
08/09/2016;23:41:00;1236;sem vítima;113;BR-040/RJ;Sul;Derrapagem;;;1;;;;;;;;1;;;;
09/09/2016;03:33:00;1251;com vítima;80;BR-040/RJ;Sul;Capotamento;1;;;;;;;;;;0;2;;;
09/09/2016;10:27:00;1277;com vítima;76;BR-040/RJ;Sul;Capotamento;1;;;;;;;;;;0;4;;;
09/09/2016;11:40:00;1285;sem vítima;124;BR-040/RJ;Sul;Colisão Traseira;2;;;;;;;;;;2;;;;
09/09/2016;15:54:00;1314;sem vítima;85;BR-040/RJ;Norte;Choque - Objeto Fixo;1;;;;;;;;;;1;;;;
09/09/2016;17:08:00;1326;sem vítima;91;BR-040/RJ;Norte;Choque - Objeto Fixo;1;;;;;;;;;;1;;;;
09/09/2016;17:15:00;1327;sem vítima;92;BR-040/RJ;Norte;Choque - Objeto Fixo;1;;;;;;;;;;1;;;;
09/09/2016;19:05:00;1340;sem vítima;78;BR-040/RJ;Sul;Choque - Objeto Fixo;1;;;;;;;;;;1;;;;
09/09/2016;19:10:00;1342;sem vítima;124;BR-040/RJ;Norte;Colisão Traseira;2;;;;;;;;;;2;;;;
09/09/2016;21:05:00;1353;com vítima;72;BR-040/RJ;Norte;Capotamento;1;;;;;;;;;;0;1;;;
09/09/2016;21:20:00;1355;com vítima;32;BR-040/RJ;Norte;Capotamento;1;;;;;;;;;;0;;1;;
09/09/2016;23:23:00;1365;sem vítima;61;BR-040/RJ;Sul;Derrapagem;1;;;;;;;;;;1;;;;
10/09/2016;04:37:00;1380;com vítima;85;BR-040/RJ;Norte;Derrapagem;1;;;;;;;;;;0;1;1;;
10/09/2016;12:07:00;1424;com vítima;99;BR-040/RJ;Norte;Queda de Moto;;;;1;;;;;;;0;;1;;
10/09/2016;13:33:00;1437;sem vítima;103;BR-040/RJ;Norte;Colisão Traseira;2;;;;;;;;;;2;;;;
10/09/2016;13:45:00;1440;com vítima;101;BR-040/RJ;Norte;Colisão Lateral;1;;;1;;;;;;;1;1;;;
10/09/2016;18:25:00;1477;sem vítima;116;BR-040/RJ;Norte;Colisão Traseira;1;;;;;1;;;;;2;;;;
10/09/2016;18:34:00;1481;com vítima;110;BR-040/RJ;Sul;Colisão Lateral;;;;1;;1;;;;;1;1;;;
10/09/2016;21:51:00;1499;sem vítima;84;BR-040/RJ;Sul;Choque - Objeto Fixo;1;;;;;;;;;;1;;;;
10/09/2016;21:53:00;1500;com vítima;75;BR-040/RJ;Norte;Colisão Lateral;1;;;;1;;;;;;0;3;1;;
11/09/2016;04:33:00;1524;sem vítima;51;BR-040/RJ;Sul;Derrapagem;1;;;;;;;;;;1;;;;
11/09/2016;11:46:00;1564;com vítima;38;BR-040/RJ;Norte;Queda de Moto;;;;1;;;;;;;0;;;1;
11/09/2016;12:57:00;1569;sem vítima;104;BR-040/RJ;Norte;Colisão Transversal;1;;1;;;;;;;;2;;;;
11/09/2016;16:21:00;1595;sem vítima;111;BR-040/RJ;Sul;Engavetamento;3;;;;;;;;;;3;;;;
11/09/2016;22:34:00;1643;com vítima;113;BR-040/RJ;Norte;Capotamento;1;;;;;;;;;;0;3;;;
12/09/2016;05:37:00;1668;sem vítima;112;BR-040/RJ;Sul;Colisão Traseira;1;;;1;;1;;;;;3;;;;
12/09/2016;15:39:00;1757;sem vítima;824;BR-040/MG;Norte;Colisão Lateral;1;;;;1;;;;;;2;;;;
13/09/2016;12:11:00;1889;sem vítima;95;BR-040/RJ;Norte;Colisão Traseira;;;1;;1;;;;;;2;;;;
13/09/2016;12:13:00;1891;com vítima;88;BR-040/RJ;Norte;Queda de Moto;;;;1;;;;;;;0;;1;;
13/09/2016;16:01:00;1922;com vítima;73;BR-040/RJ;Norte;Capotamento;1;;;;;;;;;;0;;1;;
13/09/2016;16:09:00;1925;sem vítima;113;BR-040/RJ;Norte;Colisão Lateral;1;;1;;;;;;;;2;;;;
13/09/2016;17:12:00;1930;sem vítima;83;BR-040/RJ;Norte;Colisão Lateral;1;;;1;;;;;;;2;;;;
13/09/2016;21:05:00;1955;sem vítima;121;BR-040/RJ;Sul;Colisão Lateral;2;;;;;;;;;;2;;;;
14/09/2016;04:33:00;1992;com vítima;4;BR-040/RJ;Sul;Capotamento;1;;;;;;;;;;0;3;;;
14/09/2016;13:22:00;2052;com vítima;121;BR-040/RJ;Norte;Choque - Objeto Fixo;1;;;;;;;;;;0;1;;;
14/09/2016;15:00:00;2072;sem vítima;74;BR-040/RJ;Sul;Choque - Objeto Fixo;1;;;;;;;;;;1;;;;
14/09/2016;15:52:00;2075;sem vítima;30;BR-040/RJ;Sul;Queda de Moto;;;;1;;;;;;;1;;;;
14/09/2016;19:04:00;2113;sem vítima;89;BR-040/RJ;Sul;Choque - Objeto Fixo;;;1;;;;;;;;1;;;;
14/09/2016;23:41:00;2140;sem vítima;121;BR-040/RJ;Norte;Derrapagem;;;1;;;;;;;;1;;;;
15/09/2016;01:19:00;2146;com vítima;122;BR-040/RJ;Sul;Atropelamento - Pedestre;;;;;;1;;;;;1;;;;1
15/09/2016;05:16:00;2150;sem vítima;91;BR-040/RJ;Norte;Choque - Objeto Fixo;1;;;;;;;;;;1;;;;
15/09/2016;06:56:00;2154;sem vítima;124;BR-040/RJ;Sul;Choque - Objeto Fixo;1;;;;;;;;;;1;;;;
15/09/2016;12:00:00;2193;com vítima;100;BR-040/RJ;Sul;Choque - Objeto Fixo;1;;;;;;;;;;0;2;;;
15/09/2016;12:11:00;2195;sem vítima;799;BR-040/MG;Sul;Choque - Objeto Fixo;1;;;;;;;;;;1;;;;
15/09/2016;14:59:00;2216;com vítima;780;BR-040/MG;Norte;Colisão Frontal;1;1;;;;;;;;;1;;1;;
15/09/2016;19:53:00;2253;com vítima;106;BR-040/RJ;Sul;Colisão Traseira;1;;;;;1;;;;;1;1;;;
16/09/2016;23:50:00;2273;sem vítima;113;BR-040/RJ;Sul;Colisão Traseira;1;;;;;1;;;;;2;;;;
16/09/2016;07:34:00;2309;sem vítima;105;BR-040/RJ;Sul;Colisão Lateral;1;;;;1;;;;;;2;;;;
16/09/2016;07:37:00;2311;sem vítima;782;BR-040/MG;Norte;Colisão Lateral;2;;;;;;;;;;2;;;;
16/09/2016;07:59:00;2313;com vítima;109;BR-040/RJ;Norte;Tombamento;;;1;;;;;;;;0;1;;;
16/09/2016;07:54:00;2314;com vítima;61;BR-040/RJ;Sul;Choque - Objeto Fixo;1;;;;;;;;;;0;1;;;
16/09/2016;11:55:00;2349;sem vítima;117;BR-040/RJ;Sul;Colisão Lateral;2;;;;;;;;;;2;;;;
16/09/2016;17:02:00;2385;sem vítima;91;BR-040/RJ;Norte;Choque - Objeto Fixo;1;;;;;;;;;;1;;;;
16/09/2016;17:26:00;2388;sem vítima;112;BR-040/RJ;Norte;Colisão Traseira;2;;;;;;;;;;2;;;;
16/09/2016;18:04:00;2391;sem vítima;118;BR-040/RJ;Norte;Colisão Traseira;2;;;;;;;;;;2;;;;
16/09/2016;18:34:00;2392;com vítima;91;BR-040/RJ;Norte;Capotamento;1;;;;;;;;;;0;1;;;
16/09/2016;19:07:00;2398;sem vítima;84;BR-040/RJ;Sul;Choque - Objeto Fixo;;;1;;;;;;;;1;;;;
16/09/2016;21:11:00;2410;com vítima;78;BR-040/RJ;Sul;Choque - Objeto Fixo;1;;;;;;;;;;0;1;;;
16/09/2016;23:06:00;2419;com vítima;121;BR-040/RJ;Norte;Atropelamento - Pedestre;;;;1;;;;;;;0;;1;1;
17/09/2016;04:58:00;2437;com vítima;823;BR-040/MG;Sul;Derrapagem;1;;;;;;;;;;0;4;;;
17/09/2016;05:30:00;2441;com vítima;82;BR-040/RJ;Sul;Atropelamento - Pedestre;;;;;;1;;;;;1;;1;;
17/09/2016;05:36:00;2442;sem vítima;97;BR-040/RJ;Norte;Choque - Objeto Fixo;1;;;;;;;;;;1;;;;
17/09/2016;06:18:00;2445;com vítima;52;BR-040/RJ;Norte;Choque - Objeto Fixo;1;;;;;;;;;;0;1;;;
17/09/2016;06:20:00;2446;sem vítima;111;BR-040/RJ;Sul;Colisão Lateral;2;;;;;;;;;;2;;;;
17/09/2016;06:36:00;2447;com vítima;787;BR-040/MG;Norte;Capotamento;1;;;;;;;;;;0;5;;;
17/09/2016;07:06:00;2451;sem vítima;34;BR-040/RJ;Norte;Choque - Objeto Fixo;1;;;;;;;;;;1;;;;
17/09/2016;14:17:00;2504;com vítima;114;BR-040/RJ;Sul;Capotamento;1;;;;;;;;;;0;;1;;
17/09/2016;14:43:00;2505;sem vítima;114;BR-040/RJ;Sul;Colisão Lateral;2;;;;;;;;;;2;;;;
17/09/2016;15:01:00;2508;com vítima;122;BR-040/RJ;Norte;Colisão Traseira;2;;;;;;;;;;1;;1;;
17/09/2016;17:03:00;2519;sem vítima;114;BR-040/RJ;Sul;Colisão Traseira;2;;;;;;;;;;2;;;;
17/09/2016;19:31:00;2537;sem vítima;78;BR-040/RJ;Sul;Colisão Lateral;1;;;;;1;;;;;2;;;;
17/09/2016;22:35:00;2564;com vítima;118;BR-040/RJ;Sul;Atropelamento - Pedestre;;;;;;1;;;;;1;;;;1
17/09/2016;22:57:00;2568;com vítima;790;BR-040/MG;Sul;Colisão Frontal;2;;;1;;;;;;;1;;2;1;2
17/09/2016;23:43:00;2574;sem vítima;18;BR-040/RJ;Norte;Atropelamento - Animal;1;;;;;1;;;;;2;;;;
18/09/2016;04:02:00;2590;sem vítima;109;BR-040/RJ;Sul;Choque - Objeto Fixo;1;;;;;;;;;;1;;;;
18/09/2016;06:16:00;2595;com vítima;115;BR-040/RJ;Sul;Capotamento;1;;;;;;;;;;0;1;;;
18/09/2016;07:38:00;2603;sem vítima;104;BR-040/RJ;Sul;Choque - Objeto Fixo;1;;;;;;;;;;1;;;;
18/09/2016;11:19:00;2633;sem vítima;98;BR-040/RJ;Norte;Choque - Objeto Fixo;1;;;;;;;;;;1;;;;
18/09/2016;14:31:00;2651;com vítima;95;BR-040/RJ;Sul;Capotamento;1;;;;;;;;;;0;1;;;
18/09/2016;17:16:00;2673;com vítima;96;BR-040/RJ;Norte;Atropelamento - Pedestre;;;;;;1;;;;;0;2;;;
18/09/2016;18:50:00;2683;com vítima;111;BR-040/RJ;Norte;Colisão Traseira;2;;;;;;;;;;1;1;1;;
18/09/2016;20:12:00;2692;sem vítima;110;BR-040/RJ;Sul;Colisão Traseira;2;;;;;;;;;;2;;;;
18/09/2016;20:58:00;2698;sem vítima;101;BR-040/RJ;Sul;Choque - Objeto Fixo;1;;;;;;;;;;1;;;;
18/09/2016;23:25:00;2719;com vítima;93;BR-040/RJ;Sul;Derrapagem;1;;;;;;;;;;0;1;;;
18/09/2016;23:55:00;2721;sem vítima;119;BR-040/RJ;Norte;Colisão Lateral;2;;;;;;;;;;2;;;;
19/09/2016;00:21:00;2727;sem vítima;78;BR-040/RJ;Sul;Derrapagem;1;;;;;;;;;;1;;;;
19/09/2016;03:24:00;2736;sem vítima;73;BR-040/RJ;Norte;Choque - Objeto Fixo;1;;;;;;;;;;1;;;;
19/09/2016;04:15:00;2739;sem vítima;90;BR-040/RJ;Sul;Derrapagem;1;;;;;;;;;;1;;;;
19/09/2016;10:35:00;2787;com vítima;109;BR-040/RJ;Norte;Colisão Traseira;1;;;1;;;;;;;1;1;;;
19/09/2016;12:23:00;2801;sem vítima;109;BR-040/RJ;Norte;Colisão Traseira;1;;1;;;;;;;;2;;;;
19/09/2016;19:25:00;2856;com vítima;121;BR-040/RJ;Norte;Choque - Objeto Fixo;1;;;;;;;;;;0;1;;;
19/09/2016;19:49:00;2859;com vítima;85;BR-040/RJ;Sul;Capotamento;1;;;;;;;;;;0;2;1;;
20/09/2016;06:54:00;2913;sem vítima;93;BR-040/RJ;Sul;Choque - Objeto Fixo;1;;;;;;;;;;1;;;;
20/09/2016;07:38:00;2916;sem vítima;92;BR-040/RJ;Norte;Choque - Objeto Fixo;1;;;;;;;;;;1;;;;
20/09/2016;08:23:00;2923;sem vítima;96;BR-040/RJ;Sul;Choque - Objeto Fixo;1;;;;;;;;;;1;;;;
20/09/2016;09:26:00;2934;sem vítima;77;BR-040/RJ;Sul;Colisão Traseira;1;;2;;;;;;;;3;;;;