data;horario;n_da_ocorrencia;tipo_de_ocorrencia;km;trecho;sentido;tipo_de_acidente;automovel;bicicleta;caminhao;moto;onibus;outros;tracao_animal;transporte_de_cargas_especiais;trator_maquinas;utilitarios;ilesos;levemente_feridos;moderadamente_feridos;gravemente_feridos;mortos
20/09/2016;10:07:00;2941;sem vítima;93;BR-040/RJ;Sul;Choque - Objeto Fixo;1;;;;;;;;;;1;;;;
20/09/2016;10:08:00;2942;sem vítima;91;BR-040/RJ;Norte;Choque - Objeto Fixo;1;;;;;;;;;;1;;;;
20/09/2016;11:42:00;2955;sem vítima;91;BR-040/RJ;Sul;Choque - Objeto Fixo;1;;;;;;;;;;1;;;;
20/09/2016;12:35:00;2959;sem vítima;84;BR-040/RJ;Norte;Choque - Objeto Fixo;1;;;;;;;;;;1;;;;
20/09/2016;13:25:00;2964;sem vítima;82;BR-040/RJ;Sul;Choque - Objeto Fixo;1;;;;;;;;;;1;;;;
20/09/2016;13:52:00;2967;sem vítima;94;BR-040/RJ;Sul;Capotamento;1;;;;;;;;;;1;;;;
20/09/2016;14:15:00;2969;sem vítima;96;BR-040/RJ;Sul;Choque - Objeto Fixo;1;;;;;;;;;;1;;;;
20/09/2016;14:25:00;2971;sem vítima;96;BR-040/RJ;Sul;Choque - Objeto Fixo;1;;;;;;;;;;1;;;;
20/09/2016;14:26:00;2972;sem vítima;96;BR-040/RJ;Sul;Choque - Objeto Fixo;1;;;;;;;;;;1;;;;
20/09/2016;15:13:00;2977;sem vítima;93;BR-040/RJ;Sul;Choque - Objeto Fixo;1;;;;;;;;;;1;;;;
20/09/2016;15:28:00;2980;sem vítima;92;BR-040/RJ;Norte;Colisão Lateral;;;1;;;1;;;;;2;;;;
20/09/2016;15:36:00;2982;com vítima;91;BR-040/RJ;Sul;Capotamento;1;;;;;;;;;;0;4;;;
20/09/2016;17:42:00;3000;sem vítima;82;BR-040/RJ;Sul;Choque - Objeto Fixo;1;;;;;;;;;;1;;;;
20/09/2016;18:02:00;3002;sem vítima;777;BR-040/MG;Sul;Choque - Objeto Fixo;;;1;;;;;;;;1;;;;
21/09/2016;07:56:00;3066;com vítima;103;BR-040/RJ;Norte;Colisão Lateral;2;;;;;;;;;;0;2;1;;
21/09/2016;08:41:00;3070;sem vítima;77;BR-040/RJ;Sul;Colisão Traseira;1;;1;;;;;;;;2;;;;
21/09/2016;08:50:00;3072;com vítima;17;BR-040/RJ;Sul;Choque - Objeto Fixo;1;;;;;;;;;;0;2;;;
21/09/2016;23:37:00;3163;com vítima;114;BR-040/RJ;Sul;Derrapagem;1;;;;;;;;;;0;4;;;
22/09/2016;04:36:00;3175;com vítima;796;BR-040/MG;Sul;Colisão Traseira;;;2;;;;;;;;0;2;;;
22/09/2016;10:21:00;3204;sem vítima;825;BR-040/MG;Norte;Derrapagem;1;;;;;;;;;;1;;;;
23/09/2016;00:28:00;3286;com vítima;88;BR-040/RJ;Sul;Colisão Traseira;;;2;;;;;;;;0;2;;;
23/09/2016;03:53:00;3295;sem vítima;53;BR-040/RJ;Sul;Atropelamento - Animal;;;1;;;;;;;;1;;;;
23/09/2016;14:25:00;3355;sem vítima;108;BR-040/RJ;Sul;Colisão Traseira;1;;;;;1;;;;;2;;;;
23/09/2016;15:18:00;3364;com vítima;96;BR-040/RJ;Norte;Tombamento;;;1;;;;;;;;0;;1;;
23/09/2016;16:25:00;3373;com vítima;95;BR-040/RJ;Norte;Queda de Moto;;;;1;;;;;;;0;1;;;
23/09/2016;17:37:00;3388;sem vítima;779;BR-040/MG;Norte;Choque - Objeto Fixo;1;;;;;;;;;;1;;;;
23/09/2016;17:37:00;3389;sem vítima;119;BR-040/RJ;Norte;Colisão Traseira;2;;;;;;;;;;2;;;;
23/09/2016;18:57:00;3402;sem vítima;77;BR-040/RJ;Sul;Capotamento;1;;;;;;;;;;1;;;;
24/09/2016;00:44:00;3428;com vítima;18;BR-040/RJ;Norte;Capotamento;1;;;;;;;;;;0;1;;;
24/09/2016;17:04:00;3521;sem vítima;84;BR-040/RJ;Norte;Choque - Objeto Fixo;1;;;;;;;;;;1;;;;
24/09/2016;17:32:00;3528;sem vítima;91;BR-040/RJ;Norte;Choque - Objeto Fixo;1;;;;;;;;;;1;;;;
24/09/2016;19:09:00;3539;com vítima;86;BR-040/RJ;Norte;Choque - Objeto Fixo;1;;;;;;;;;;0;1;;;
24/09/2016;19:38:00;3541;sem vítima;85;BR-040/RJ;Sul;Derrapagem;1;;;;;;;;;;1;;;;
24/09/2016;20:45:00;3546;sem vítima;93;BR-040/RJ;Sul;Choque - Objeto Fixo;1;;;;;;;;;;1;;;;
24/09/2016;21:20:00;3549;sem vítima;89;BR-040/RJ;Sul;Choque - Objeto Fixo;1;;;;;;;;;;1;;;;
24/09/2016;23:38:00;3553;sem vítima;124;BR-040/RJ;Norte;Colisão Traseira;2;;;;;;;;;;2;;;;
25/09/2016;00:30:00;3557;sem vítima;122;BR-040/RJ;Norte;Derrapagem;1;;;;;;;;;;1;;;;
25/09/2016;01:21:00;3566;com vítima;93;BR-040/RJ;Norte;Queda de Moto;;;;1;;;;;;;0;2;;;
25/09/2016;01:44:00;3567;sem vítima;69;BR-040/RJ;Sul;Derrapagem;1;;;;;;;;;;1;;;;
25/09/2016;03:58:00;3574;sem vítima;118;BR-040/RJ;Sul;Choque - Objeto Fixo;1;;;;;;;;;;1;;;;
25/09/2016;04:31:00;3578;sem vítima;105;BR-040/RJ;Norte;Choque - Objeto Fixo;1;;;;;;;;;;1;;;;
25/09/2016;06:37:00;3588;sem vítima;111;BR-040/RJ;Norte;Choque - Objeto Fixo;1;;;;;;;;;;1;;;;
25/09/2016;07:38:00;3596;sem vítima;77;BR-040/RJ;Sul;Choque - Objeto Fixo;1;;;;;;;;;;1;;;;
25/09/2016;08:00:00;3598;sem vítima;91;BR-040/RJ;Norte;Choque - Objeto Fixo;1;;;;;;;;;;1;;;;
25/09/2016;08:03:00;3599;sem vítima;92;BR-040/RJ;Norte;Choque - Objeto Fixo;1;;;;;;;;;;1;;;;
25/09/2016;08:47:00;3607;sem vítima;74;BR-040/RJ;Norte;Capotamento;1;;;;;;;;;;1;;;;
25/09/2016;09:02:00;3610;sem vítima;92;BR-040/RJ;Norte;Choque - Objeto Fixo;1;;;;;;;;;;1;;;;
25/09/2016;10:06:00;3614;com vítima;92;BR-040/RJ;Sul;Choque - Objeto Fixo;1;;;;;;;;;;0;2;;;
25/09/2016;10:31:00;3620;sem vítima;92;BR-040/RJ;Norte;Choque - Objeto Fixo;1;;;;;;;;;;1;;;;
25/09/2016;10:46:00;3623;sem vítima;94;BR-040/RJ;Norte;Queda de Moto;;;;1;;;;;;;1;;;;
25/09/2016;10:49:00;3625;sem vítima;94;BR-040/RJ;Sul;Choque - Objeto Fixo;1;;;;;;;;;;1;;;;
25/09/2016;11:01:00;3626;sem vítima;93;BR-040/RJ;Norte;Choque - Objeto Fixo;1;;;;;;;;;;1;;;;
25/09/2016;11:09:00;3629;com vítima;98;BR-040/RJ;Norte;Choque - Objeto Fixo;1;;;;;;;;;;0;1;;;
25/09/2016;12:01:00;3634;sem vítima;89;BR-040/RJ;Norte;Choque - Objeto Fixo;1;;;;;;;;;;1;;;;
25/09/2016;12:05:00;3638;sem vítima;77;BR-040/RJ;Sul;Choque - Objeto Fixo;1;;;;;;;;;;1;;;;
25/09/2016;12:26:00;3639;com vítima;90;BR-040/RJ;Sul;Choque - Objeto Fixo;1;;;;;;;;;;0;3;;;
25/09/2016;12:50:00;3641;sem vítima;91;BR-040/RJ;Sul;Choque - Objeto Fixo;1;;;;;;;;;;1;;;;
25/09/2016;13:05:00;3642;sem vítima;93;BR-040/RJ;Sul;Choque - Objeto Fixo;1;;;;;;;;;;1;;;;
25/09/2016;13:18:00;3644;sem vítima;85;BR-040/RJ;Sul;Choque - Objeto Fixo;1;;;;;;;;;;1;;;;
25/09/2016;13:48:00;3647;com vítima;92;BR-040/RJ;Norte;Choque - Objeto Fixo;1;;;;;;;;;;0;3;;;
25/09/2016;14:28:00;3654;sem vítima;82;BR-040/RJ;Sul;Choque - Objeto Fixo;1;;;;;;;;;;1;;;;
25/09/2016;14:41:00;3655;com vítima;96;BR-040/RJ;Norte;Capotamento;1;;;;;;;;;;0;3;;;
25/09/2016;15:27:00;3663;sem vítima;90;BR-040/RJ;Norte;Choque - Objeto Fixo;1;;;;;;;;;;1;;;;
25/09/2016;16:00:00;3664;sem vítima;94;BR-040/RJ;Norte;Choque - Objeto Fixo;1;;;;;;;;;;1;;;;
25/09/2016;16:14:00;3665;sem vítima;91;BR-040/RJ;Norte;Choque - Objeto Fixo;1;;;;;;;;;;1;;;;
25/09/2016;16:23:00;3667;com vítima;96;BR-040/RJ;Sul;Capotamento;1;;;;;;;;;;0;3;;;
25/09/2016;16:56:00;3672;sem vítima;92;BR-040/RJ;Sul;Choque - Objeto Fixo;1;;;;;;;;;;1;;;;
25/09/2016;17:56:00;3679;sem vítima;85;BR-040/RJ;Sul;Choque - Objeto Fixo;1;;;;;;;;;;1;;;;
25/09/2016;19:17:00;3687;sem vítima;13;BR-040/RJ;Norte;Choque - Objeto Fixo;1;;;;;;;;;;1;;;;
25/09/2016;19:39:00;3691;com vítima;792;BR-040/MG;Norte;Choque - Objeto Fixo;1;;;;;;;;;;0;1;;;
25/09/2016;19:54:00;3696;sem vítima;92;BR-040/RJ;Sul;Choque - Objeto Fixo;1;;;;;;;;;;1;;;;
25/09/2016;20:07:00;3697;sem vítima;118;BR-040/RJ;Sul;Choque - Objeto Fixo;1;;;;;;;;;;1;;;;
25/09/2016;20:15:00;3700;sem vítima;93;BR-040/RJ;Sul;Colisão Lateral;2;;;;;1;;;;;3;;;;
25/09/2016;20:55:00;3705;com vítima;123;BR-040/RJ;Norte;Choque - Objeto Fixo;1;;;;;;;;;;0;2;;;
25/09/2016;21:04:00;3707;sem vítima;78;BR-040/RJ;Sul;Choque - Objeto Fixo;1;;;;;;;;;;1;;;;
25/09/2016;21:07:00;3708;com vítima;123;BR-040/RJ;Norte;Colisão Traseira;1;;;;;;;;;;0;1;;;
25/09/2016;21:44:00;3711;sem vítima;93;BR-040/RJ;Sul;Choque - Objeto Fixo;1;;;;;;;;;;1;;;;
25/09/2016;23:50:00;3722;com vítima;91;BR-040/RJ;Norte;Choque - Objeto Fixo;1;;;;;;;;;;0;2;;;
26/09/2016;00:09:00;3727;com vítima;116;BR-040/RJ;Norte;Choque - Objeto Fixo;1;;;;;;;;;;0;1;;;
26/09/2016;04:16:00;3745;sem vítima;75;BR-040/RJ;Norte;Choque - Objeto Fixo;;;1;;;;;;;;1;;;;
26/09/2016;06:02:00;3753;sem vítima;84;BR-040/RJ;Sul;Choque - Objeto Fixo;1;;;;;;;;;;1;;;;
26/09/2016;07:13:00;3757;sem vítima;77;BR-040/RJ;Sul;Choque - Objeto Fixo;1;;;;;;;;;;1;;;;
26/09/2016;07:36:00;3763;com vítima;74;BR-040/RJ;Norte;Colisão Traseira;2;;;;;;;;;;2;1;;;
26/09/2016;07:38:00;3764;com vítima;122;BR-040/RJ;Sul;Colisão Lateral;1;;;1;;;;;;;1;1;;;
26/09/2016;07:48:00;3767;sem vítima;84;BR-040/RJ;Norte;Colisão Traseira;1;;1;;;;;;;;2;;;;
26/09/2016;07:55:00;3769;com vítima;74;BR-040/RJ;Norte;Choque - Objeto Fixo;1;;;;;;;;;;0;;1;;
26/09/2016;07:57:00;3772;com vítima;74;BR-040/RJ;Norte;Capotamento;1;;;;;;;;;;0;1;;;
26/09/2016;10:50:00;3793;sem vítima;85;BR-040/RJ;Sul;Choque - Objeto Fixo;1;;;;;;;;;;1;;;;
26/09/2016;12:52:00;3805;sem vítima;812;BR-040/MG;Norte;Choque - Objeto Fixo;1;;;;;;;;;;1;;;;
26/09/2016;13:51:00;3810;sem vítima;32;BR-040/RJ;Norte;Choque - Objeto Fixo;1;;;;;;;;;;1;;;;
26/09/2016;16:31:00;3827;sem vítima;91;BR-040/RJ;Sul;Choque - Objeto Fixo;1;;;;;;;;;;1;;;;
26/09/2016;16:34:00;3828;sem vítima;92;BR-040/RJ;Sul;Choque - Objeto Fixo;1;;;;;;;;;;1;;;;
26/09/2016;16:51:00;3831;sem vítima;85;BR-040/RJ;Norte;Choque - Objeto Fixo;1;;;;;;;;;;1;;;;
26/09/2016;18:34:00;3840;sem vítima;39;BR-040/RJ;Sul;Choque - Objeto Fixo;1;;;;;;;;;;1;;;;
27/09/2016;01:14:00;3873;com vítima;77;BR-040/RJ;Sul;Derrapagem;;;1;;;;;;;;0;1;;;
27/09/2016;06:29:00;3881;com vítima;78;BR-040/RJ;Sul;Capotamento;1;;;;;;;;;;0;1;;;
27/09/2016;07:22:00;3882;com vítima;56;BR-040/RJ;Sul;Choque - Objeto Fixo;2;;;;;;;;;;0;4;;;
27/09/2016;23:24:00;3963;com vítima;91;BR-040/RJ;Norte;Derrapagem;1;;;;;;;;;;0;1;1;;
28/09/2016;06:53:00;3976;com vítima;62;BR-040/RJ;Sul;Choque - Objeto Fixo;1;;;;;;;;;;0;;1;;
28/09/2016;12:11:00;4017;sem vítima;117;BR-040/RJ;Norte;Colisão Traseira;2;;;;;;;;;;2;;;;
28/09/2016;14:55:00;4037;com vítima;779;BR-040/MG;Norte;Capotamento;1;;;;;;;;;;0;;2;2;
28/09/2016;16:01:00;4052;com vítima;105;BR-040/RJ;Norte;Engavetamento;2;;;;;1;;;;;2;;2;;
28/09/2016;18:20:00;4070;sem vítima;112;BR-040/RJ;Norte;Engavetamento;2;;;;;1;;;;;3;;;;
28/09/2016;19:09:00;4072;sem vítima;120;BR-040/RJ;Norte;Engavetamento;3;;;;;;;;;;3;;;;
29/09/2016;10:40:00;4150;sem vítima;105;BR-040/RJ;Sul;Colisão Lateral;1;;;;1;;;;;;2;;;;
29/09/2016;12:29:00;4163;sem vítima;33;BR-040/RJ;Norte;Derrapagem;1;;;;;;;;;;1;;;;
29/09/2016;17:07:00;4204;com vítima;91;BR-040/RJ;Norte;Tombamento;1;;;;;;;;;;0;2;;;
30/09/2016;00:38:00;4237;sem vítima;83;BR-040/RJ;Sul;Derrapagem;1;;;;;;;;;;1;;;;
30/09/2016;05:35:00;4254;sem vítima;122;BR-040/RJ;Norte;Colisão Lateral;2;;;;;;;;;;2;;;;
30/09/2016;08:05:00;4274;com vítima;21;BR-040/RJ;Norte;Tombamento;;;1;;;;;;;;0;2;;;
30/09/2016;09:55:00;4288;com vítima;78;BR-040/RJ;Sul;Choque - Objeto Fixo;1;;;;;;;;;;0;;1;;
30/09/2016;10:42:00;4294;sem vítima;824;BR-040/MG;Sul;Colisão Lateral;1;;;;;1;;;;;2;;;;
30/09/2016;14:05:00;4312;com vítima;117;BR-040/RJ;Sul;Capotamento;1;;;;;;;;;;0;;2;;
30/09/2016;15:20:00;4320;sem vítima;123;BR-040/RJ;Sul;Colisão Lateral;1;;;;;1;;;;;2;;;;
30/09/2016;16:02:00;4326;sem vítima;121;BR-040/RJ;Norte;Colisão Traseira;2;;;;;1;;;;;3;;;;
30/09/2016;16:17:00;4327;sem vítima;90;BR-040/RJ;Norte;Choque - Objeto Fixo;1;;;;;;;;;;1;;;;
30/09/2016;16:27:00;4328;sem vítima;104;BR-040/RJ;Norte;Choque - Objeto Fixo;1;;;;;;;;;;1;;;;
30/09/2016;17:03:00;4334;sem vítima;93;BR-040/RJ;Norte;Choque - Objeto Fixo;1;;;;;;;;;;1;;;;
30/09/2016;17:15:00;4338;sem vítima;92;BR-040/RJ;Norte;Choque - Objeto Fixo;1;;;;;;;;;;1;;;;
30/09/2016;19:05:00;4348;sem vítima;93;BR-040/RJ;Norte;Choque - Objeto Fixo;1;;;;;;;;;;1;;;;
30/09/2016;20:03:00;4353;com vítima;94;BR-040/RJ;Sul;Capotamento;1;;;;;;;;;;0;2;;;
30/09/2016;23:15:00;4379;sem vítima;780;BR-040/MG;Norte;Derrapagem;1;;;;;;;;;;1;;;;
01/10/2016;00:17:00;1;com vítima;113;BR-040/RJ;Sul;Queda de Moto;;;;1;;;;;;;0;2;;;
01/10/2016;00:44:00;2;sem vítima;114;BR-040/RJ;Norte;Colisão Traseira;2;;;;;;;;;;2;;;;
01/10/2016;02:30:00;5;com vítima;113;BR-040/RJ;Sul;Capotamento;1;;;;;;;;;;0;2;;;
01/10/2016;04:38:00;8;sem vítima;122;BR-040/RJ;Sul;Colisão Lateral;3;;;;;;;;;;3;;;;
01/10/2016;06:04:00;15;com vítima;113;BR-040/RJ;Sul;Capotamento;1;;;;;;;;;;0;1;;;
01/10/2016;08:19:00;33;sem vítima;4;BR-040/RJ;Norte;Choque - Objeto Fixo;1;;;;;;;;;;1;;;;
01/10/2016;08:38:00;38;com vítima;77;BR-040/RJ;Sul;Choque - Objeto Fixo;1;;;;;;;;;;0;3;;;
01/10/2016;08:42:00;39;sem vítima;91;BR-040/RJ;Norte;Choque - Objeto Fixo;1;;;;;;;;;;1;;;;
01/10/2016;08:52:00;41;sem vítima;83;BR-040/RJ;Sul;Choque - Objeto Fixo;1;;;;;;;;;;1;;;;
01/10/2016;09:01:00;43;com vítima;74;BR-040/RJ;Norte;Choque - Objeto Fixo;1;;;;;;;;;;0;;1;;
01/10/2016;09:31:00;49;sem vítima;85;BR-040/RJ;Norte;Capotamento;1;;;;;;;;;;1;;;;
01/10/2016;10:19:00;53;com vítima;50;BR-040/RJ;Sul;Atropelamento - Pedestre;;1;1;;;;;;;;0;1;1;;
01/10/2016;10:34:00;55;com vítima;119;BR-040/RJ;Sul;Choque - Objeto Fixo;1;;;;;;;;;;0;1;;;
01/10/2016;10:37:00;58;com vítima;4;BR-040/RJ;Sul;Capotamento;1;;;;;;;;;;0;1;;;
01/10/2016;10:49:00;61;com vítima;81;BR-040/RJ;Norte;Queda de Moto;;;;1;;;;;;;0;1;;;
01/10/2016;10:38:00;62;sem vítima;119;BR-040/RJ;Sul;Colisão Traseira;1;;;;;1;;;;;2;;;;
01/10/2016;11:36:00;64;com vítima;823;BR-040/MG;Sul;Choque - Objeto Fixo;1;;;;;;;;;;0;1;;;
01/10/2016;11:56:00;68;com vítima;783;BR-040/MG;Norte;Choque - Objeto Fixo;1;;;;;;;;;;0;2;;;
01/10/2016;14:39:00;87;sem vítima;93;BR-040/RJ;Sul;Choque - Objeto Fixo;1;;;;;;;;;;1;;;;
01/10/2016;14:46:00;89;com vítima;84;BR-040/RJ;Norte;Choque - Objeto Fixo;1;;;;;;;;;;0;2;;;
01/10/2016;14:55:00;92;com vítima;92;BR-040/RJ;Sul;Choque - Objeto Fixo;1;;;;;;;;;;0;1;;;
01/10/2016;15:59:00;97;sem vítima;82;BR-040/RJ;Sul;Choque - Objeto Fixo;1;;;;;;;;;;1;;;;
01/10/2016;16:48:00;106;sem vítima;26;BR-040/RJ;Sul;Choque - Objeto Fixo;1;;;;;;;;;;1;;;;
01/10/2016;19:10:00;115;sem vítima;90;BR-040/RJ;Norte;Choque - Objeto Fixo;1;;;;;;;;;;1;;;;
01/10/2016;20:18:00;124;com vítima;43;BR-040/RJ;Norte;Choque - Objeto Fixo;1;;;;;;;;;;0;1;;;
01/10/2016;21:09:00;127;sem vítima;2;BR-040/RJ;Sul;Choque - Objeto Fixo;1;;;;;;;;;;1;;;;
02/10/2016;04:44:00;147;sem vítima;77;BR-040/RJ;Sul;Choque - Objeto Fixo;1;;;;;;;;;;1;;;;
02/10/2016;07:28:00;154;sem vítima;85;BR-040/RJ;Sul;Choque - Objeto Fixo;1;;;;;;;;;;1;;;;
02/10/2016;11:00:00;172;sem vítima;6;BR-040/RJ;Norte;Choque - Objeto Fixo;1;;;;;;;;;;1;;;;
02/10/2016;13:51:00;186;com vítima;82;BR-040/RJ;Sul;Capotamento;1;;;;;;;;;;0;3;;;
02/10/2016;13:58:00;187;sem vítima;93;BR-040/RJ;Norte;Choque - Objeto Fixo;1;;;;;;;;;;1;;;;
02/10/2016;14:10:00;190;sem vítima;82;BR-040/RJ;Sul;Choque - Objeto Fixo;1;;;;;;;;;;1;;;;
02/10/2016;15:32:00;196;sem vítima;92;BR-040/RJ;Sul;Choque - Objeto Fixo;1;;;;;;;;;;1;;;;
02/10/2016;15:37:00;197;sem vítima;93;BR-040/RJ;Norte;Choque - Objeto Fixo;1;;;;;;;;;;1;;;;
02/10/2016;15:53:00;198;com vítima;72;BR-040/RJ;Norte;Capotamento;1;;;;;;;;;;0;2;;;
02/10/2016;16:04:00;202;sem vítima;91;BR-040/RJ;Sul;Capotamento;1;;;;;;;;;;1;;;;
02/10/2016;16:30:00;206;sem vítima;90;BR-040/RJ;Norte;Choque - Objeto Fixo;1;;;;;;;;;;1;;;;
02/10/2016;17:39:00;214;sem vítima;91;BR-040/RJ;Sul;Choque - Objeto Fixo;1;;;;;;;;;;1;;;;
02/10/2016;19:00:00;218;sem vítima;91;BR-040/RJ;Sul;Choque - Objeto Fixo;1;;;;;;;;;;1;;;;
02/10/2016;19:22:00;221;sem vítima;96;BR-040/RJ;Sul;Choque - Objeto Fixo;1;;;;;;;;;;1;;;;
02/10/2016;22:08:00;230;sem vítima;104;BR-040/RJ;Norte;Colisão Frontal;2;;;;;;;;;;2;;;;
02/10/2016;22:18:00;233;com vítima;9;BR-040/RJ;Sul;Tombamento;;;1;;;;;;;;0;1;;;
02/10/2016;23:06:00;235;com vítima;118;BR-040/RJ;Sul;Choque - Objeto Fixo;1;;;;;;;;;;0;2;;;
03/10/2016;11:36:00;296;sem vítima;120;BR-040/RJ;Norte;Colisão Traseira;1;;1;;;;;;;;2;;;;
03/10/2016;11:43:00;299;sem vítima;88;BR-040/RJ;Norte;Colisão Traseira;2;;;;;;;;;;2;;;;
03/10/2016;12:49:00;302;sem vítima;109;BR-040/RJ;Sul;Colisão Traseira;1;;1;;;;;;;;2;;;;
03/10/2016;12:56:00;303;com vítima;30;BR-040/RJ;Norte;Tombamento;;;1;;;;;;;;0;2;;;
03/10/2016;13:10:00;304;sem vítima;116;BR-040/RJ;Norte;Derrapagem;1;;;;;;;;;;1;;;;
03/10/2016;17:13:00;327;sem vítima;84;BR-040/RJ;Norte;Choque - Objeto Fixo;1;;;;;;;;;;1;;;;
03/10/2016;17:58:00;331;sem vítima;88;BR-040/RJ;Norte;Choque - Objeto Fixo;1;;;;;;;;;;1;;;;
03/10/2016;19:23:00;338;com vítima;43;BR-040/RJ;Norte;Choque - Objeto Fixo;1;;;;;;;;;;0;1;;;
03/10/2016;19:45:00;340;sem vítima;4;BR-040/RJ;Sul;Choque - Objeto Fixo;1;;;;;;;;;;1;;;;
04/10/2016;02:59:00;350;com vítima;113;BR-040/RJ;Sul;Derrapagem;1;;;;;;;;;;0;1;;;
04/10/2016;04:11:00;352;sem vítima;124;BR-040/RJ;Norte;Colisão Traseira;1;;;;;;;;;;1;;;;
04/10/2016;06:57:00;361;sem vítima;111;BR-040/RJ;Sul;Colisão Traseira;2;;;;;;;;;;2;;;;
04/10/2016;07:26:00;365;sem vítima;92;BR-040/RJ;Sul;Choque - Objeto Fixo;1;;;;;;;;;;1;;;;
04/10/2016;07:49:00;368;sem vítima;80;BR-040/RJ;Sul;Choque - Objeto Fixo;1;;;;;;;;;;1;;;;
04/10/2016;07:52:00;370;sem vítima;94;BR-040/RJ;Sul;Choque - Objeto Fixo;1;;;;;;;;;;1;;;;
04/10/2016;08:38:00;379;sem vítima;93;BR-040/RJ;Sul;Choque - Objeto Fixo;1;;;;;;;;;;1;;;;
04/10/2016;12:03:00;397;sem vítima;4;BR-040/RJ;Sul;Choque - Objeto Fixo;1;;;;;;;;;;1;;;;
04/10/2016;15:22:00;415;sem vítima;793;BR-040/MG;Sul;Choque - Objeto Fixo;1;;;;;;;;;;1;;;;
04/10/2016;17:08:00;429;sem vítima;91;BR-040/RJ;Norte;Choque - Objeto Fixo;1;;;;;;;;;;1;;;;
04/10/2016;17:42:00;433;sem vítima;85;BR-040/RJ;Sul;Choque - Objeto Fixo;1;;;;;1;;;;;2;;;;
04/10/2016;18:26:00;437;sem vítima;109;BR-040/RJ;Norte;Colisão Lateral;1;;1;;;;;;;;2;;;;
04/10/2016;20:06:00;443;com vítima;788;BR-040/MG;Norte;Choque - Objeto Fixo;1;;;;;;;;;;0;;1;;
05/10/2016;09:48:00;505;sem vítima;78;BR-040/RJ;Sul;Choque - Objeto Fixo;1;;;;;;;;;;1;;;;
05/10/2016;10:09:00;507;com vítima;88;BR-040/RJ;Sul;Capotamento;2;;;;;;;;;;0;1;2;1;
05/10/2016;15:26:00;550;com vítima;116;BR-040/RJ;Norte;Colisão Lateral;;;;1;;;;;;;0;1;;;
05/10/2016;16:53:00;565;com vítima;86;BR-040/RJ;Norte;Colisão Lateral;;;;1;1;;;;;;1;;1;;
05/10/2016;22:39:00;587;sem vítima;790;BR-040/MG;Sul;Colisão Frontal;;;1;;;1;;;;;2;;;;
05/10/2016;23:03:00;588;sem vítima;774;BR-040/MG;Norte;Choque - Objeto Fixo;1;;;;;;;;;;1;;;;
05/10/2016;23:37:00;592;com vítima;54;BR-040/RJ;Sul;Choque - Objeto Fixo;1;;;;;;;;;;0;1;;;
06/10/2016;07:22:00;625;com vítima;47;BR-040/RJ;Norte;Capotamento;1;;;;;;;;;;0;3;;;
06/10/2016;08:19:00;629;sem vítima;116;BR-040/RJ;Sul;Colisão Lateral;1;;;;1;;;;;;2;;;;
06/10/2016;09:39:00;643;com vítima;31;BR-040/RJ;Norte;Capotamento;1;;;;;;;;;;0;1;;;
06/10/2016;09:40:00;644;sem vítima;92;BR-040/RJ;Norte;Choque - Objeto Fixo;1;;;;;;;;;;1;;;;
06/10/2016;09:57:00;647;sem vítima;78;BR-040/RJ;Sul;Choque - Objeto Fixo;1;;;;;;;;;;1;;;;
06/10/2016;09:58:00;648;sem vítima;93;BR-040/RJ;Sul;Choque - Objeto Fixo;1;;;;;;;;;;1;;;;
06/10/2016;10:00:00;649;com vítima;808;BR-040/MG;Norte;Choque - Objeto Fixo;1;;;;;;;;;;0;1;;;
06/10/2016;11:02:00;655;com vítima;786;BR-040/MG;Norte;Capotamento;1;;;;;;;;;;0;1;;;
06/10/2016;16:33:00;689;sem vítima;91;BR-040/RJ;Norte;Choque - Objeto Fixo;1;;;;;;;;;;1;;;;
06/10/2016;16:36:00;690;com vítima;105;BR-040/RJ;Sul;Atropelamento - Pedestre;;;;1;;;;;;;0;3;;;
06/10/2016;17:12:00;692;com vítima;53;BR-040/RJ;Norte;Capotamento;1;;;;;;;;;;0;3;;;
06/10/2016;17:53:00;700;com vítima;92;BR-040/RJ;Norte;Choque - Objeto Fixo;1;;;;;;;;;;0;1;;;
06/10/2016;17:55:00;704;sem vítima;124;BR-040/RJ;Norte;Colisão Lateral;1;;;1;;;;;;;2;;;;
06/10/2016;19:00:00;707;sem vítima;67;BR-040/RJ;Sul;Choque - Objeto Fixo;1;;;;;;;;;;1;;;;
06/10/2016;19:09:00;711;com vítima;90;BR-040/RJ;Norte;Choque - Objeto Fixo;1;;;;;;;;;;0;1;;;
06/10/2016;20:20:00;718;com vítima;804;BR-040/MG;Norte;Colisão Traseira;1;;1;;;;;;;;1;;1;;
07/10/2016;02:39:00;739;com vítima;88;BR-040/RJ;Norte;Choque - Objeto Fixo;1;;;;;;;;;;0;2;;;
07/10/2016;04:42:00;744;sem vítima;29;BR-040/RJ;Norte;Choque - Objeto Fixo;1;;;;;;;;;;1;;;;
07/10/2016;11:19:00;796;sem vítima;92;BR-040/RJ;Norte;Derrapagem;1;;;;;;;;;;1;;;;
07/10/2016;12:20:00;802;com vítima;105;BR-040/RJ;Sul;Atropelamento - Pedestre;1;;;;;;;;;;1;;1;;
07/10/2016;12:56:00;809;sem vítima;105;BR-040/RJ;Sul;Colisão Traseira;1;;;;1;;;;;;2;;;;