data;horario;n_da_ocorrencia;tipo_de_ocorrencia;km;trecho;sentido;tipo_de_acidente;automovel;bicicleta;caminhao;moto;onibus;outros;tracao_animal;transporte_de_cargas_especiais;trator_maquinas;utilitarios;ilesos;levemente_feridos;moderadamente_feridos;gravemente_feridos;mortos
13/11/2016;18:14:00;1877;com vítima;34;BR-040/RJ;Norte;Choque - Objeto Fixo;1;;;;;;;;;;0;2;;;
13/11/2016;20:01:00;1899;sem vítima;84;BR-040/RJ;Norte;Choque - Objeto Fixo;1;;;;;;;;;;1;;;;
13/11/2016;20:18:00;1904;sem vítima;105;BR-040/RJ;Norte;Colisão Traseira;2;;;;;;;;;;2;;;;
13/11/2016;21:21:00;1909;sem vítima;108;BR-040/RJ;Norte;Choque - Objeto Fixo;1;;;;;;;;;;1;;;;
13/11/2016;21:31:00;1911;com vítima;13;BR-040/RJ;Sul;Capotamento;1;;;;;;;;;;0;1;;;
14/11/2016;06:42:00;1939;sem vítima;92;BR-040/RJ;Norte;Derrapagem;1;;;;;;;;;;1;;;;
14/11/2016;07:58:00;1949;sem vítima;68;BR-040/RJ;Norte;Choque - Objeto Fixo;1;;;;;;;;;;1;;;;
14/11/2016;08:54:00;1960;com vítima;782;BR-040/MG;Sul;Tombamento;1;;;;;;;;;;0;2;;;
14/11/2016;08:55:00;1961;sem vítima;59;BR-040/RJ;Sul;Choque - Objeto Fixo;1;;;;;;;;;;1;;;;
14/11/2016;10:05:00;1968;sem vítima;43;BR-040/RJ;Sul;Derrapagem;1;;;;;;;;;;1;;;;
14/11/2016;09:53:00;1969;sem vítima;82;BR-040/RJ;Sul;Choque - Objeto Fixo;1;;;;;;;;;;1;;;;
14/11/2016;11:48:00;1981;sem vítima;93;BR-040/RJ;Norte;Choque - Objeto Fixo;1;;;;;;;;;;1;;;;
14/11/2016;12:22:00;1985;com vítima;17;BR-040/RJ;Norte;Choque - Objeto Fixo;;;1;;;;;;;;0;1;;;
14/11/2016;12:58:00;1989;sem vítima;93;BR-040/RJ;Sul;Choque - Objeto Fixo;1;;;;;;;;;;1;;;;
14/11/2016;13:18:00;1992;com vítima;66;BR-040/RJ;Sul;Capotamento;1;;;;;;;;;;0;2;;;
14/11/2016;14:03:00;1996;sem vítima;786;BR-040/MG;Norte;Derrapagem;1;;;;;;;;;;1;;;;
14/11/2016;14:23:00;1999;com vítima;814;BR-040/MG;Sul;Queda de Moto;;;;1;;;;;;;0;1;;;
14/11/2016;15:32:00;2005;sem vítima;13;BR-040/RJ;Norte;Choque - Objeto Fixo;1;;;;;;;;;;1;;;;
14/11/2016;15:33:00;2006;sem vítima;78;BR-040/RJ;Sul;Choque - Objeto Fixo;1;;;;;;;;;;1;;;;
14/11/2016;16:11:00;2013;sem vítima;101;BR-040/RJ;Norte;Colisão Traseira;2;;;;;;;;;;2;;;;
14/11/2016;16:43:00;2019;sem vítima;93;BR-040/RJ;Norte;Colisão Lateral;1;;;;1;;;;;;2;;;;
14/11/2016;17:09:00;2025;sem vítima;15;BR-040/RJ;Sul;Choque - Objeto Fixo;1;;;;;;;;;;1;;;;
14/11/2016;18:35:00;2040;sem vítima;92;BR-040/RJ;Sul;Choque - Objeto Fixo;1;;;;;;;;;;1;;;;
14/11/2016;20:03:00;2048;com vítima;117;BR-040/RJ;Norte;Colisão Traseira;2;;;;;;;;;;1;2;;;
14/11/2016;22:29:00;2062;sem vítima;824;BR-040/MG;Sul;Choque - Objeto Fixo;1;;;;;;;;;;1;;;;
14/11/2016;23:31:00;2069;com vítima;94;BR-040/RJ;Sul;Capotamento;1;;;;;;;;;;0;5;;;
15/11/2016;05:20:00;2098;com vítima;110;BR-040/RJ;Norte;Choque - Objeto Fixo;1;;;;;;;;;;0;1;;;
15/11/2016;06:48:00;2103;com vítima;13;BR-040/RJ;Sul;Capotamento;1;;;;;;;;;;0;1;;;
15/11/2016;06:58:00;2104;com vítima;95;BR-040/RJ;Sul;Choque - Objeto Fixo;1;;;;;;;;;;0;2;;;
15/11/2016;07:24:00;2107;sem vítima;85;BR-040/RJ;Norte;Choque - Objeto Fixo;1;;;;;;;;;;1;;;;
15/11/2016;07:45:00;2110;sem vítima;78;BR-040/RJ;Sul;Choque - Objeto Fixo;1;;;;;;;;;;1;;;;
15/11/2016;08:28:00;2118;sem vítima;82;BR-040/RJ;Sul;Choque - Objeto Fixo;1;;;;;;;;;;1;;;;
15/11/2016;08:29:00;2119;com vítima;825;BR-040/MG;Sul;Choque - Objeto Fixo;1;;;;;;;;;;0;;1;;
15/11/2016;10:07:00;2131;sem vítima;78;BR-040/RJ;Sul;Choque - Objeto Fixo;1;;;;;;;;;;1;;;;
15/11/2016;12:39:00;2144;sem vítima;13;BR-040/RJ;Norte;Capotamento;1;;;;;;;;;;1;;;;
15/11/2016;16:47:00;2177;sem vítima;93;BR-040/RJ;Sul;Choque - Objeto Fixo;1;;;;;;;;;;1;;;;
15/11/2016;17:32:00;2185;com vítima;102;BR-040/RJ;Sul;Tombamento;1;;;;;;;;;;0;2;;;
15/11/2016;18:08:00;2190;com vítima;112;BR-040/RJ;Norte;Colisão Lateral;1;;;1;;;;;;;0;1;;2;1
15/11/2016;19:02:00;2192;sem vítima;114;BR-040/RJ;Norte;Choque - Objeto Fixo;1;;;;;;;;;;1;;;;
15/11/2016;20:40:00;2210;sem vítima;3;BR-040/RJ;Sul;Atropelamento - Animal;1;;;;;;;;;;1;;;;
15/11/2016;20:40:00;2212;sem vítima;3;BR-040/RJ;Sul;Atropelamento - Animal;1;;;;;;;;;;1;;;;
15/11/2016;22:24:00;2223;sem vítima;794;BR-040/MG;Norte;Atropelamento - Animal;1;;;;;;;;;;1;;;;
16/11/2016;07:55:00;2280;com vítima;121;BR-040/RJ;Sul;Colisão Lateral;1;;;1;;;;;;;1;;1;;
16/11/2016;10:54:00;2314;com vítima;55;BR-040/RJ;Sul;Queda de Moto;;;;1;;;;;;;0;2;;;
16/11/2016;12:37:00;2324;sem vítima;77;BR-040/RJ;Norte;Colisão Lateral;2;;;;;;;;;;2;;;;
16/11/2016;14:29:00;2332;com vítima;74;BR-040/RJ;Norte;Choque - Objeto Fixo;1;;;;;;;;;;0;1;2;;
16/11/2016;16:04:00;2341;sem vítima;85;BR-040/RJ;Sul;Choque - Objeto Fixo;1;;;;;;;;;;1;;;;
16/11/2016;17:49:00;2362;sem vítima;96;BR-040/RJ;Sul;Choque - Objeto Fixo;1;;;;;;;;;;1;;;;
16/11/2016;18:09:00;2365;com vítima;39;BR-040/RJ;Sul;Capotamento;1;;;;;;;;;;0;1;2;;
16/11/2016;23:57:00;2413;sem vítima;78;BR-040/RJ;Norte;Choque - Objeto Fixo;1;;;;;;;;;;1;;;;
17/11/2016;01:08:00;2416;sem vítima;79;BR-040/RJ;Sul;Choque - Objeto Fixo;1;;;;;;;;;;1;;;;
17/11/2016;04:20:00;2435;sem vítima;65;BR-040/RJ;Norte;Choque - Objeto Fixo;1;;;;;;;;;;1;;;;
17/11/2016;07:03:00;2445;sem vítima;784;BR-040/MG;Norte;Choque - Objeto Fixo;1;;;;;;;;;;1;;;;
17/11/2016;08:01:00;2455;sem vítima;799;BR-040/MG;Norte;Choque - Objeto Fixo;1;;;;;;;;;;1;;;;
17/11/2016;15:02:00;2511;sem vítima;103;BR-040/RJ;Sul;Colisão Traseira;1;;1;;;;;;;;2;;;;
18/11/2016;01:34:00;2580;sem vítima;96;BR-040/RJ;Sul;Derrapagem;;;1;;;;;;;;1;;;;
18/11/2016;04:39:00;2595;com vítima;123;BR-040/RJ;Sul;Colisão Lateral;1;;;1;;;;;;;1;;1;;
18/11/2016;06:45:00;2601;com vítima;802;BR-040/MG;Norte;Capotamento;1;;;;;;;;;;0;2;;;
18/11/2016;09:22:00;2613;com vítima;117;BR-040/RJ;Sul;Colisão Traseira;1;;;1;;;;;;;1;1;;;
18/11/2016;10:28:00;2624;sem vítima;31;BR-040/RJ;Norte;Choque - Objeto Fixo;1;;;;;1;;;;;2;;;;
18/11/2016;11:34:00;2630;com vítima;105;BR-040/RJ;Sul;Engavetamento;3;;;;;;;;;;2;1;;;
18/11/2016;15:14:00;2656;com vítima;72;BR-040/RJ;Sul;Queda de Moto;1;;;1;;;;;;;1;;2;;
18/11/2016;16:17:00;2666;sem vítima;69;BR-040/RJ;Norte;Choque - Objeto Fixo;1;;;;;;;;;;1;;;;
18/11/2016;16:20:00;2667;sem vítima;1;BR-040/RJ;Norte;Choque - Objeto Fixo;1;;;;;;;;;;1;;;;
18/11/2016;18:00:00;2678;sem vítima;13;BR-040/RJ;Sul;Choque - Objeto Fixo;1;;;;;;;;;;1;;;;
18/11/2016;18:01:00;2679;sem vítima;13;BR-040/RJ;Norte;Choque - Objeto Fixo;1;;;;;;;;;;1;;;;
18/11/2016;18:05:00;2680;com vítima;786;BR-040/MG;Norte;Colisão Traseira;2;;;;;;;;;;0;3;;;
18/11/2016;18:45:00;2687;sem vítima;77;BR-040/RJ;Sul;Choque - Objeto Fixo;1;;;;;;;;;;1;;;;
18/11/2016;22:28:00;2717;com vítima;103;BR-040/RJ;Norte;Choque - Objeto Fixo;1;;;;;;;;;;0;1;;;
19/11/2016;02:01:00;2740;sem vítima;86;BR-040/RJ;Sul;Choque - Objeto Fixo;1;;;;;;;;;;1;;;;
19/11/2016;06:03:00;2751;sem vítima;85;BR-040/RJ;Sul;Choque - Objeto Fixo;1;;;;;;;;;;1;;;;
19/11/2016;07:34:00;2759;sem vítima;93;BR-040/RJ;Sul;Choque - Objeto Fixo;1;;;;;;;;;;1;;;;
19/11/2016;07:50:00;2760;sem vítima;93;BR-040/RJ;Norte;Choque - Objeto Fixo;1;;;;;;;;;;1;;;;
19/11/2016;17:05:00;2839;com vítima;32;BR-040/RJ;Norte;Capotamento;1;;;;;;;;;;0;2;;;
19/11/2016;18:27:00;2847;com vítima;59;BR-040/RJ;Sul;Choque - Objeto Fixo;1;;;;;;;;;;0;;1;;
19/11/2016;21:41:00;2869;com vítima;47;BR-040/RJ;Sul;Capotamento;1;;;;;;;;;;0;1;;;
19/11/2016;23:00:00;2877;sem vítima;114;BR-040/RJ;Sul;Colisão Lateral;2;;;;;;;;;;2;;;;
20/11/2016;04:14:00;2892;sem vítima;113;BR-040/RJ;Norte;Colisão Traseira;2;;;;;;;;;;2;;;;
20/11/2016;05:12:00;2895;sem vítima;85;BR-040/RJ;Norte;Derrapagem;1;;;;;;;;;;1;;;;
20/11/2016;06:17:00;2898;com vítima;91;BR-040/RJ;Sul;Choque - Objeto Fixo;1;;;;;;;;;;0;2;;;
20/11/2016;10:01:00;2919;sem vítima;78;BR-040/RJ;Sul;Choque - Objeto Fixo;1;;;;;;;;;;1;;;;
20/11/2016;13:29:00;2946;com vítima;795;BR-040/MG;Norte;Capotamento;2;;;;;;;;;;0;2;3;1;
20/11/2016;14:15:00;2951;sem vítima;102;BR-040/RJ;Norte;Capotamento;1;;;;;;;;;;1;;;;
20/11/2016;14:18:00;2952;com vítima;52;BR-040/RJ;Sul;Queda de Moto;;;;1;;;;;;;0;1;;;
20/11/2016;16:18:00;2971;com vítima;117;BR-040/RJ;Norte;Capotamento;2;;;;;;;;;;0;4;;;
20/11/2016;21:32:00;3002;sem vítima;113;BR-040/RJ;Sul;Choque - Objeto Fixo;1;;;;;;;;;;1;;;;
21/11/2016;09:34:00;3073;com vítima;124;BR-040/RJ;Sul;Colisão Lateral;1;;1;1;;;;;;;2;1;;;
22/11/2016;00:52:00;3187;sem vítima;107;BR-040/RJ;Sul;Colisão Traseira;2;;;;;;;;;;2;;;;
22/11/2016;21:08:00;3321;com vítima;82;BR-040/RJ;Sul;Atropelamento - Pedestre;;;;1;;;;;;;0;1;;1;
22/11/2016;21:30:00;3324;com vítima;78;BR-040/RJ;Norte;Capotamento;1;;;;;;;;;;0;;1;;
23/11/2016;05:32:00;3348;com vítima;825;BR-040/MG;Norte;Tombamento;;;1;;;;;;;;0;1;;;
23/11/2016;09:30:00;3374;sem vítima;5;BR-040/RJ;Sul;Choque - Objeto Fixo;1;;;;;;;;;;1;;;;
23/11/2016;13:50:00;3398;sem vítima;93;BR-040/RJ;Norte;Derrapagem;;;1;;;;;;;;1;;;;
23/11/2016;16:01:00;3411;sem vítima;89;BR-040/RJ;Sul;Choque - Objeto Fixo;;;1;;;;;;;;1;;;;
23/11/2016;18:26:00;3428;sem vítima;114;BR-040/RJ;Norte;Engavetamento;3;;;;;;;;;;3;;;;
24/11/2016;05:52:00;3481;sem vítima;91;BR-040/RJ;Sul;Derrapagem;1;;;;;;;;;;1;;;;
24/11/2016;08:49:00;3499;com vítima;116;BR-040/RJ;Sul;Colisão Traseira;1;;1;;;;;;;;1;1;;;
24/11/2016;09:29:00;3504;sem vítima;93;BR-040/RJ;Norte;Choque - Objeto Fixo;1;;;;;;;;;;1;;;;
24/11/2016;09:46:00;3510;com vítima;90;BR-040/RJ;Norte;Choque - Objeto Fixo;1;;;;;;;;;;0;1;;;
24/11/2016;09:57:00;3512;com vítima;94;BR-040/RJ;Sul;Derrapagem;1;;;;;;;;;;0;2;;;
24/11/2016;10:20:00;3516;com vítima;90;BR-040/RJ;Sul;Choque - Objeto Fixo;1;;;;;;;;;;0;2;;;
24/11/2016;10:31:00;3520;com vítima;90;BR-040/RJ;Norte;Colisão Lateral;1;;1;;;;;;;;1;3;;;
24/11/2016;13:20:00;3536;sem vítima;95;BR-040/RJ;Sul;Choque - Objeto Fixo;;;1;;;;;;;;3;;;;
24/11/2016;16:05:00;3562;sem vítima;81;BR-040/RJ;Sul;Choque - Objeto Fixo;1;;;;;;;;;;1;;;;
25/11/2016;05:20:00;3621;com vítima;48;BR-040/RJ;Sul;Choque - Objeto Fixo;1;;;;;;;;;;0;1;;;
25/11/2016;05:25:00;3623;com vítima;22;BR-040/RJ;Sul;Colisão Traseira;;;2;;;;;;;;0;3;;;
25/11/2016;18:14:00;3717;com vítima;37;BR-040/RJ;Norte;Colisão Lateral;1;;;;;1;;;;;1;2;;;
25/11/2016;18:16:00;3718;com vítima;122;BR-040/RJ;Norte;Engavetamento;3;;;;;;;;;;9;6;2;;
25/11/2016;18:35:00;3722;sem vítima;820;BR-040/MG;Norte;Choque - Objeto Fixo;1;;;;;;;;;;1;;;;
26/11/2016;04:16:00;3771;com vítima;121;BR-040/RJ;Sul;Tombamento;1;;;;;;;;;;0;1;;;
26/11/2016;08:40:00;3802;com vítima;119;BR-040/RJ;Sul;Colisão Lateral;2;;;;;;;;;;1;1;;;
26/11/2016;10:07:00;3819;sem vítima;124;BR-040/RJ;Sul;Choque - Objeto Fixo;1;;;;;;;;;;1;;;;
26/11/2016;11:38:00;3834;com vítima;85;BR-040/RJ;Norte;Derrapagem;1;;;;;;;;;;0;1;1;;
26/11/2016;16:45:00;3878;sem vítima;99;BR-040/RJ;Norte;Choque - Objeto Fixo;1;;;;;;;;;;1;;;;
27/11/2016;00:28:00;3925;com vítima;76;BR-040/RJ;Sul;Choque - Objeto Fixo;1;;;;;;;;;;0;1;;;
27/11/2016;04:58:00;3940;sem vítima;118;BR-040/RJ;Norte;Colisão Traseira;1;;;;1;;;;;;2;;;;
27/11/2016;08:54:00;3964;com vítima;119;BR-040/RJ;Norte;Colisão Lateral;2;;;;;;;;;;1;1;;;
27/11/2016;12:11:00;3980;sem vítima;85;BR-040/RJ;Norte;Choque - Objeto Fixo;1;;;;;;;;;;1;;;;
27/11/2016;12:38:00;3982;com vítima;92;BR-040/RJ;Norte;Queda de Moto;;;;1;;;;;;;0;2;;;
27/11/2016;19:52:00;4052;sem vítima;84;BR-040/RJ;Norte;Choque - Objeto Fixo;1;;;;;;;;;;1;;;;
27/11/2016;21:32:00;4060;com vítima;84;BR-040/RJ;Norte;Queda de Moto;;;;1;;;;;;;0;2;;;
28/11/2016;05:36:00;4093;sem vítima;91;BR-040/RJ;Norte;Derrapagem;1;;;;;;;;;;1;;;;
28/11/2016;10:55:00;4137;com vítima;105;BR-040/RJ;Sul;Queda de Moto;;;;1;;;;;;;0;1;;;
28/11/2016;12:57:00;4155;sem vítima;828;BR-040/MG;Sul;Choque - Objeto Fixo;1;;;;;;;;;;1;;;;
28/11/2016;16:56:00;4192;com vítima;74;BR-040/RJ;Sul;Choque - Objeto Fixo;1;;;;;;;;;;0;2;;;
28/11/2016;18:11:00;4204;com vítima;111;BR-040/RJ;Norte;Colisão Lateral;1;;;1;;;;;;;1;1;;;
28/11/2016;23:08:00;4232;sem vítima;1;BR-040/RJ;Norte;Derrapagem;1;;;;;;;;;;1;;;;
29/11/2016;08:07:00;4269;sem vítima;112;BR-040/RJ;Sul;Engavetamento;4;;;;;;;;;;4;;;;
29/11/2016;08:11:00;4270;com vítima;96;BR-040/RJ;Norte;Tombamento;;;1;;;;;;;;0;1;;;
29/11/2016;10:08:00;4282;com vítima;115;BR-040/RJ;Norte;Colisão Traseira;1;;1;;;;;;;;1;1;;;
29/11/2016;13:29:00;4303;sem vítima;93;BR-040/RJ;Sul;Choque - Objeto Fixo;1;;;;;;;;;;1;;;;
29/11/2016;15:48:00;4321;sem vítima;109;BR-040/RJ;Norte;Colisão Lateral;1;;1;;;;;;;;2;;;;
29/11/2016;17:09:00;4334;sem vítima;87;BR-040/RJ;Norte;Choque - Objeto Fixo;1;;;;;;;;;;1;;;;
29/11/2016;18:05:00;4340;sem vítima;93;BR-040/RJ;Sul;Choque - Objeto Fixo;1;;;;;;;;;;1;;;;
29/11/2016;18:27:00;4343;sem vítima;91;BR-040/RJ;Norte;Choque - Objeto Fixo;1;;;;;;;;;;1;;;;
30/11/2016;04:08:00;4371;com vítima;14;BR-040/RJ;Sul;Choque - Objeto Fixo;1;;;;;;;;;;0;2;;;
30/11/2016;06:11:00;4375;sem vítima;92;BR-040/RJ;Sul;Choque - Objeto Fixo;;;1;;;;;;;;1;;;;
30/11/2016;07:26:00;4382;sem vítima;90;BR-040/RJ;Sul;Choque - Objeto Fixo;1;;;;;;;;;;1;;;;
30/11/2016;10:35:00;4406;sem vítima;90;BR-040/RJ;Norte;Choque - Objeto Fixo;1;;;;;;;;;;1;;;;
30/11/2016;13:09:00;4426;com vítima;118;BR-040/RJ;Norte;Colisão Lateral;1;;1;;;;;;;;1;;1;;
30/11/2016;13:32:00;4430;sem vítima;91;BR-040/RJ;Norte;Choque - Objeto Fixo;1;;;;;;;;;;1;;;;
30/11/2016;13:43:00;4431;com vítima;93;BR-040/RJ;Norte;Choque - Objeto Fixo;1;;;;;;;;;;0;;1;;
30/11/2016;14:02:00;4432;com vítima;122;BR-040/RJ;Sul;Colisão Traseira;1;;1;;;;;;;;1;;4;1;
30/11/2016;15:05:00;4440;sem vítima;93;BR-040/RJ;Sul;Choque - Objeto Fixo;1;;;;;;;;;;1;;;;
30/11/2016;15:24:00;4441;sem vítima;109;BR-040/RJ;Sul;Colisão Lateral;1;;;;1;;;;;;2;;;;
30/11/2016;18:06:00;4462;sem vítima;93;BR-040/RJ;Sul;Choque - Objeto Fixo;1;;;;;;;;;;1;;;;
30/11/2016;20:03:00;4469;com vítima;112;BR-040/RJ;Sul;Choque - Objeto Fixo;1;;;;;;;;;;0;;1;;
30/11/2016;20:08:00;4470;sem vítima;84;BR-040/RJ;Norte;Colisão Lateral;2;;;;;;;;;;2;;;;
30/11/2016;21:32:00;4476;com vítima;77;BR-040/RJ;Sul;Capotamento;1;;;;;;;;;;0;1;;;
01/12/2016;07:22:00;26;sem vítima;123;BR-040/RJ;Sul;Engavetamento;3;;;;;;;;;;3;;;;
01/12/2016;08:42:00;38;sem vítima;107;BR-040/RJ;Sul;Colisão Lateral;1;;;;;;;;;;1;;;;
01/12/2016;11:12:00;57;sem vítima;110;BR-040/RJ;Sul;Choque - Objeto Fixo;;;1;;;1;;;;;2;;;;
01/12/2016;11:45:00;59;com vítima;775;BR-040/MG;Sul;Capotamento;1;;;;;;;;;;0;1;;;
01/12/2016;13:09:00;69;com vítima;122;BR-040/RJ;Sul;Colisão Lateral;1;;;1;;;;;;;1;1;;;
01/12/2016;20:58:00;123;com vítima;51;BR-040/RJ;Sul;Capotamento;1;;;;;;;;;;0;1;;;
02/12/2016;07:40:00;163;sem vítima;124;BR-040/RJ;Sul;Colisão Traseira;1;;;;;1;;;;;2;;;;
02/12/2016;08:54:00;181;sem vítima;123;BR-040/RJ;Sul;Colisão Traseira;1;;1;;;;;;;;2;;;;
02/12/2016;09:26:00;185;com vítima;92;BR-040/RJ;Norte;Queda de Moto;;;;1;;;;;;;0;1;;;
02/12/2016;13:00:00;220;com vítima;11;BR-040/RJ;Sul;Capotamento;1;;;;;;;;;;0;3;;;
02/12/2016;22:00:00;278;sem vítima;105;BR-040/RJ;Norte;Choque - Objeto Fixo;1;;;;;;;;;;1;;;;
03/12/2016;00:35:00;298;sem vítima;84;BR-040/RJ;Sul;Derrapagem;1;;;;;;;;;;1;;;;
03/12/2016;23:32:00;299;sem vítima;104;BR-040/RJ;Norte;Choque - Objeto Fixo;;;;;;1;;;;;1;;;;
03/12/2016;01:52:00;305;com vítima;789;BR-040/MG;Sul;Atropelamento - Animal;1;;;;;;;;;;0;3;;;
03/12/2016;03:20:00;309;sem vítima;118;BR-040/RJ;Sul;Choque - Objeto Fixo;1;;;;;;;;;;1;;;;
03/12/2016;03:45:00;312;sem vítima;62;BR-040/RJ;Sul;Choque - Objeto Fixo;1;;;;;;;;;;1;;;;
03/12/2016;22:19:00;449;com vítima;109;BR-040/RJ;Norte;Choque - Objeto Fixo;1;;;;;;;;;;0;2;;;
03/12/2016;23:10:00;454;com vítima;51;BR-040/RJ;Norte;Choque - Objeto Fixo;1;;;;;;;;;;0;;2;;
03/12/2016;23:30:00;456;com vítima;123;BR-040/RJ;Sul;Colisão Traseira;2;;;;;1;;;;;2;2;2;;
04/12/2016;00:03:00;459;com vítima;124;BR-040/RJ;Norte;Atropelamento - Pedestre;;;;;;1;;;;;1;;1;;
04/12/2016;03:48:00;477;sem vítima;13;BR-040/RJ;Sul;Derrapagem;1;;;;;;;;;;1;;;;
04/12/2016;04:39:00;479;sem vítima;122;BR-040/RJ;Sul;Choque - Objeto Fixo;1;;;;;;;;;;1;;;;
04/12/2016;05:55:00;480;com vítima;101;BR-040/RJ;Norte;Capotamento;1;;;;;;;;;;0;1;;;
04/12/2016;06:29:00;481;sem vítima;108;BR-040/RJ;Sul;Choque - Objeto Fixo;1;;;;;;;;;;1;;;;
04/12/2016;07:14:00;484;sem vítima;83;BR-040/RJ;Norte;Choque - Objeto Fixo;1;;;;;;;;;;1;;;;
04/12/2016;07:05:00;485;com vítima;17;BR-040/RJ;Norte;Choque - Objeto Fixo;1;;;;;;;;;;0;2;;;
04/12/2016;07:45:00;486;sem vítima;34;BR-040/RJ;Sul;Choque - Objeto Fixo;1;;;;;;;;;;1;;;;
04/12/2016;07:47:00;487;sem vítima;34;BR-040/RJ;Sul;Colisão Traseira;2;;;;;;;;;;2;;;;
04/12/2016;07:47:00;488;sem vítima;53;BR-040/RJ;Sul;Choque - Objeto Fixo;1;;;;;;;;;;1;;;;
04/12/2016;08:05:00;490;sem vítima;108;BR-040/RJ;Norte;Choque - Objeto Fixo;1;;;;;;;;;;1;;;;
04/12/2016;08:24:00;494;sem vítima;32;BR-040/RJ;Norte;Choque - Objeto Fixo;1;;;;;;;;;;1;;;;
04/12/2016;09:17:00;497;sem vítima;8;BR-040/RJ;Norte;Choque - Objeto Fixo;1;;;;;;;;;;1;;;;
04/12/2016;09:50:00;499;sem vítima;91;BR-040/RJ;Norte;Choque - Objeto Fixo;1;;;;;;;;;;1;;;;
04/12/2016;11:01:00;505;sem vítima;78;BR-040/RJ;Sul;Choque - Objeto Fixo;1;;;;;;;;;;1;;;;
04/12/2016;11:41:00;511;com vítima;825;BR-040/MG;Sul;Choque - Objeto Fixo;1;;;;;;;;;;0;1;1;;
04/12/2016;11:56:00;512;sem vítima;84;BR-040/RJ;Norte;Atropelamento - Pedestre;1;;;;;;;;;;1;;;;
04/12/2016;13:00:00;516;sem vítima;84;BR-040/RJ;Norte;Choque - Objeto Fixo;1;;;;;;;;;;1;;;;
04/12/2016;16:13:00;536;sem vítima;93;BR-040/RJ;Sul;Choque - Objeto Fixo;1;;;;;;;;;;1;;;;
04/12/2016;16:25:00;538;sem vítima;62;BR-040/RJ;Sul;Choque - Objeto Fixo;1;;;;;;;;;;1;;;;
04/12/2016;16:43:00;542;com vítima;43;BR-040/RJ;Norte;Choque - Objeto Fixo;1;;;;;;;;;;0;1;;;
04/12/2016;18:12:00;552;com vítima;92;BR-040/RJ;Sul;Capotamento;1;;;;;;;;;;0;1;;;
04/12/2016;18:22:00;553;com vítima;824;BR-040/MG;Sul;Capotamento;1;;;;;;;;;;0;4;;;
04/12/2016;18:27:00;554;com vítima;824;BR-040/MG;Sul;Choque - Objeto Fixo;1;;;;;;;;;;0;2;;;
04/12/2016;18:44:00;557;sem vítima;32;BR-040/RJ;Norte;Choque - Objeto Fixo;1;;;;;;;;;;1;;;;
04/12/2016;18:45:00;558;com vítima;13;BR-040/RJ;Sul;Capotamento;1;;;;;;;;;;0;6;5;;
04/12/2016;18:48:00;559;sem vítima;91;BR-040/RJ;Norte;Choque - Objeto Fixo;1;;;;;;;;;;1;;;;
04/12/2016;19:11:00;561;sem vítima;43;BR-040/RJ;Norte;Choque - Objeto Fixo;1;;;;;;;;;;1;;;;
04/12/2016;19:29:00;563;sem vítima;62;BR-040/RJ;Sul;Colisão Transversal;1;;;;;1;;;;;2;;;;
04/12/2016;21:28:00;577;com vítima;105;BR-040/RJ;Norte;Colisão Frontal;2;;;;;;;;;;1;1;;;
05/12/2016;00:43:00;593;sem vítima;93;BR-040/RJ;Norte;Choque - Objeto Fixo;1;;;;;;;;;;1;;;;
05/12/2016;06:49:00;617;sem vítima;85;BR-040/RJ;Sul;Choque - Objeto Fixo;1;;;;;;;;;;1;;;;
05/12/2016;07:27:00;620;sem vítima;85;BR-040/RJ;Norte;Choque - Objeto Fixo;1;;;;;;;;;;1;;;;
05/12/2016;07:55:00;628;com vítima;799;BR-040/MG;Norte;Capotamento;1;;;;;;;;;;0;2;;;
05/12/2016;09:53:00;651;sem vítima;825;BR-040/MG;Sul;Choque - Objeto Fixo;1;;;;;;;;;;1;;;;
05/12/2016;10:30:00;656;sem vítima;784;BR-040/MG;Norte;Derrapagem;1;;;;;;;;;;1;;;;
05/12/2016;14:26:00;680;sem vítima;789;BR-040/MG;Sul;Colisão Traseira;;;2;;;;;;;;2;;;;
05/12/2016;16:05:00;693;com vítima;93;BR-040/RJ;Sul;Capotamento;1;;;;;;;;;;0;1;;;
05/12/2016;16:13:00;696;sem vítima;93;BR-040/RJ;Sul;Choque - Objeto Fixo;1;;;;;;;;;;1;;;;
05/12/2016;18:50:00;715;sem vítima;5;BR-040/RJ;Sul;Choque - Objeto Fixo;1;;;;;;;;;;1;;;;
05/12/2016;19:55:00;725;sem vítima;13;BR-040/RJ;Sul;Choque - Objeto Fixo;1;;;;;;;;;;1;;;;
06/12/2016;04:43:00;766;com vítima;123;BR-040/RJ;Sul;Atropelamento - Pedestre;;;;;;1;;;;;2;;1;;
06/12/2016;06:07:00;771;com vítima;808;BR-040/MG;Sul;Colisão Traseira;1;;1;;;;;;;;1;3;;;
06/12/2016;09:19:00;787;com vítima;113;BR-040/RJ;Norte;Tombamento;;;1;;;;;;;;0;1;;;
06/12/2016;11:45:00;799;com vítima;31;BR-040/RJ;Norte;Tombamento;;;1;;;;;;;;0;;1;;
06/12/2016;14:29:00;822;com vítima;94;BR-040/RJ;Norte;Queda de Moto;;;;1;;;;;;;0;1;;;
06/12/2016;20:23:00;862;com vítima;85;BR-040/RJ;Sul;Choque - Objeto Fixo;1;;;;;;;;;;0;1;;;