data;horario;n_da_ocorrencia;tipo_de_ocorrencia;km;trecho;sentido;tipo_de_acidente;automovel;bicicleta;caminhao;moto;onibus;outros;tracao_animal;transporte_de_cargas_especiais;trator_maquinas;utilitarios;ilesos;levemente_feridos;moderadamente_feridos;gravemente_feridos;mortos
29/12/2016;12:44:00;4568;com vítima;118;BR-040/RJ;Sul;Colisão Traseira;1;;1;;;;;;;;1;2;;;
29/12/2016;13:53:00;4580;sem vítima;117;BR-040/RJ;Sul;Colisão Lateral;1;;1;;;;;;;;2;;;;
29/12/2016;16:00:00;4600;sem vítima;90;BR-040/RJ;Norte;Colisão Traseira;2;;;;;;;;;;2;;;;
29/12/2016;16:42:00;4608;com vítima;90;BR-040/RJ;Sul;Colisão Traseira;1;;1;;;;;;;;1;4;1;;
29/12/2016;17:54:00;4621;sem vítima;84;BR-040/RJ;Norte;Queda de Moto;;;;1;;;;;;;1;;;;
29/12/2016;19:57:00;4642;sem vítima;1;BR-040/RJ;Sul;Choque - Objeto Fixo;1;;;;;;;;;;1;;;;
29/12/2016;20:40:00;4646;sem vítima;113;BR-040/RJ;Sul;Engavetamento;2;;;;;1;;;;;3;;;;
29/12/2016;21:00:00;4652;com vítima;113;BR-040/RJ;Sul;Colisão Traseira;2;;;;;;;;;;1;3;;;
30/12/2016;02:52:00;4680;sem vítima;121;BR-040/RJ;Norte;Derrapagem;;;1;;;;;;;;1;;;;
30/12/2016;06:11:00;4691;com vítima;98;BR-040/RJ;Sul;Queda de Moto;;;;1;;;;;;;0;2;;;
30/12/2016;06:55:00;4695;sem vítima;80;BR-040/RJ;Sul;Choque - Objeto Fixo;1;;;;;;;;;;1;;;;
30/12/2016;07:42:00;4703;com vítima;80;BR-040/RJ;Sul;Colisão Lateral;1;;1;;;;;;;;0;2;1;;
30/12/2016;16:57:00;4796;com vítima;33;BR-040/RJ;Sul;Queda de Moto;;;;1;;;;;;;0;1;;;
30/12/2016;17:13:00;4813;com vítima;33;BR-040/RJ;Sul;Choque - Objeto Fixo;1;;;;;;;;;;0;2;;;
30/12/2016;20:38:00;4835;sem vítima;84;BR-040/RJ;Norte;Choque - Objeto Fixo;1;;;;;;;;;;1;;;;
31/12/2016;05:08:00;4874;sem vítima;815;BR-040/MG;Sul;Colisão Traseira;1;;;;;1;;;;;2;;;;
31/12/2016;05:23:00;4875;sem vítima;104;BR-040/RJ;Norte;Choque - Objeto Fixo;1;;;;;;;;;;1;;;;
31/12/2016;06:08:00;4878;sem vítima;113;BR-040/RJ;Norte;Choque - Objeto Fixo;1;;;;;;;;;;1;;;;
31/12/2016;11:06:00;4910;sem vítima;84;BR-040/RJ;Norte;Choque - Objeto Fixo;1;;;;;;;;;;1;;;;
31/12/2016;11:24:00;4914;com vítima;82;BR-040/RJ;Sul;Colisão Lateral;2;;;;;;;;;;0;4;;;
31/12/2016;14:33:00;4940;sem vítima;93;BR-040/RJ;Norte;Choque - Objeto Fixo;1;;;;;;;;;;1;;;;
31/12/2016;17:07:00;4961;com vítima;112;BR-040/RJ;Norte;Queda de Moto;;;;1;;;;;;;0;;1;;
31/12/2016;21:49:00;4989;com vítima;111;BR-040/RJ;Norte;Atropelamento - Pedestre;;;;;;1;;;;;1;;;;1
01/01/2017;05:14:00;15;com vítima;113;BR-040/RJ;Norte;Colisão Traseira;2;;;;;;;;;;0;5;;;
01/01/2017;07:53:00;31;sem vítima;116;BR-040/RJ;Sul;Choque - Objeto Fixo;1;;;;;;;;;;1;;;;
01/01/2017;07:58:00;33;com vítima;774;BR-040/MG;Norte;Queda de Moto;;;;1;;;;;;;0;1;1;;
01/01/2017;08:37:00;36;sem vítima;84;BR-040/RJ;Norte;Choque - Objeto Fixo;1;;;;;;;;;;1;;;;
01/01/2017;12:33:00;64;com vítima;84;BR-040/RJ;Norte;Queda de Moto;;;;1;;;;;;;0;2;;;
01/01/2017;12:37:00;66;sem vítima;25;BR-040/RJ;Sul;Choque - Objeto Fixo;1;;;;;;;;;;1;;;;
01/01/2017;13:04:00;77;sem vítima;43;BR-040/RJ;Norte;Choque - Objeto Fixo;1;;;;;;;;;;1;;;;
01/01/2017;14:07:00;84;sem vítima;84;BR-040/RJ;Norte;Choque - Objeto Fixo;1;;;;;;;;;;1;;;;
01/01/2017;14:25:00;86;com vítima;85;BR-040/RJ;Norte;Capotamento;1;;;;;;;;;;0;2;;;
01/01/2017;15:52:00;105;com vítima;68;BR-040/RJ;Sul;Capotamento;1;;;;;;;;;;0;7;;;
01/01/2017;16:43:00;111;sem vítima;111;BR-040/RJ;Norte;Choque - Objeto Fixo;1;;;;;;;;;;1;;;;
01/01/2017;17:12:00;117;sem vítima;101;BR-040/RJ;Sul;Derrapagem;1;;;;;;;;;;1;;;;
01/01/2017;21:46:00;159;com vítima;83;BR-040/RJ;Norte;Choque - Objeto Fixo;1;;;;;;;;;;0;1;;;
01/01/2017;23:56:00;176;sem vítima;81;BR-040/RJ;Norte;Choque - Objeto Fixo;1;;;;;;;;;;1;;;;
02/01/2017;00:00:00;178;sem vítima;94;BR-040/RJ;Sul;Derrapagem;1;;;;;;;;;;1;;;;
02/01/2017;06:32:00;196;com vítima;821;BR-040/MG;Norte;Choque - Objeto Fixo;;;1;;;;;;;;0;2;;;
02/01/2017;08:09:00;212;com vítima;122;BR-040/RJ;Sul;Colisão Traseira;1;;;1;;;;;;;1;1;;;
02/01/2017;14:44:00;278;sem vítima;114;BR-040/RJ;Norte;Choque - Objeto Fixo;1;;;;;;;;;;1;;;;
02/01/2017;16:58:00;302;com vítima;82;BR-040/RJ;Sul;Choque - Objeto Fixo;1;;;;;;;;;;0;2;;;
03/01/2017;05:21:00;370;sem vítima;110;BR-040/RJ;Norte;Choque - Objeto Fixo;1;;;;;;;;;;1;;;;
03/01/2017;06:04:00;372;com vítima;120;BR-040/RJ;Sul;Choque - Objeto Fixo;;;;;1;;;;;;0;6;;;
03/01/2017;11:38:00;419;sem vítima;74;BR-040/RJ;Norte;Colisão Traseira;1;;1;;;;;;;;2;;;;
03/01/2017;14:57:00;443;com vítima;122;BR-040/RJ;Norte;Colisão Traseira;1;;;;1;;;;;;1;1;;;
03/01/2017;16:47:00;464;sem vítima;784;BR-040/MG;Norte;Derrapagem;1;;;;;;;;;;1;;;;
03/01/2017;16:51:00;466;sem vítima;99;BR-040/RJ;Norte;Tombamento;;;1;;;1;;;;;2;;;;
03/01/2017;17:30:00;471;com vítima;85;BR-040/RJ;Sul;Capotamento;1;;;;;;;;;;0;2;;;
03/01/2017;17:42:00;472;sem vítima;86;BR-040/RJ;Norte;Capotamento;1;;;;;;;;;;1;;;;
03/01/2017;17:52:00;473;com vítima;92;BR-040/RJ;Norte;Choque - Objeto Fixo;1;;;;;;;;;;0;1;;;
03/01/2017;17:59:00;475;sem vítima;87;BR-040/RJ;Sul;Choque - Objeto Fixo;1;;;;;;;;;;1;;;;
03/01/2017;18:09:00;477;sem vítima;84;BR-040/RJ;Sul;Choque - Objeto Fixo;1;;;;;;;;;;1;;;;
03/01/2017;18:19:00;478;sem vítima;3;BR-040/RJ;Sul;Choque - Objeto Fixo;1;;;;;;;;;;1;;;;
03/01/2017;18:34:00;480;sem vítima;828;BR-040/MG;Sul;Derrapagem;1;;;;;;;;;;1;;;;
03/01/2017;19:05:00;486;com vítima;64;BR-040/RJ;Sul;Choque - Objeto Fixo;;;1;;;;;;;;0;;1;;
03/01/2017;20:13:00;497;sem vítima;783;BR-040/MG;Norte;Choque - Objeto Fixo;1;;;;;;;;;;1;;;;
03/01/2017;20:24:00;498;sem vítima;87;BR-040/RJ;Sul;Choque - Objeto Fixo;1;;;;;;;;;;1;;;;
03/01/2017;20:54:00;501;sem vítima;13;BR-040/RJ;Sul;Tombamento;;;1;;;;;;;;1;;;;
03/01/2017;22:20:00;506;sem vítima;101;BR-040/RJ;Norte;Choque - Objeto Fixo;1;;;;;;;;;;1;;;;
03/01/2017;23:02:00;510;com vítima;116;BR-040/RJ;Norte;Colisão Lateral;2;;;;;;;;;;1;;1;;
04/01/2017;00:08:00;516;sem vítima;89;BR-040/RJ;Norte;Capotamento;1;;;;;;;;;;1;;;;
04/01/2017;17:09:00;632;sem vítima;109;BR-040/RJ;Norte;Queda de Moto;;;;1;;;;;;;1;;;;
04/01/2017;23:05:00;674;com vítima;76;BR-040/RJ;Sul;Colisão Lateral;1;;1;;;;;;;;0;4;;;
05/01/2017;06:39:00;694;com vítima;36;BR-040/RJ;Sul;Choque - Objeto Fixo;1;;;;;;;;;;0;1;;;
05/01/2017;08:36:00;704;com vítima;94;BR-040/RJ;Sul;Queda de Moto;;;;1;;;;;;;0;1;;;
05/01/2017;09:12:00;709;com vítima;108;BR-040/RJ;Norte;Atropelamento - Pedestre;1;;;;;;;;;;1;1;;;
05/01/2017;11:04:00;724;sem vítima;89;BR-040/RJ;Norte;Choque - Objeto Fixo;1;;;;;;;;;;1;;;;
05/01/2017;13:35:00;743;sem vítima;109;BR-040/RJ;Norte;Colisão Lateral;1;;1;;;;;;;;2;;;;
05/01/2017;14:07:00;748;sem vítima;85;BR-040/RJ;Norte;Choque - Objeto Fixo;1;;;;;;;;;;1;;;;
05/01/2017;18:14:00;779;sem vítima;92;BR-040/RJ;Sul;Choque - Objeto Fixo;;;1;;;;;;;;1;;;;
05/01/2017;18:21:00;780;sem vítima;93;BR-040/RJ;Sul;Choque - Objeto Fixo;1;;;;;;;;;;1;;;;
05/01/2017;22:22:00;806;com vítima;113;BR-040/RJ;Norte;Choque - Objeto Fixo;1;;;;;;;;;;0;;1;2;
06/01/2017;07:42:00;845;sem vítima;11;BR-040/RJ;Norte;Choque - Objeto Fixo;1;;;;;;;;;;1;;;;
06/01/2017;07:56:00;846;com vítima;124;BR-040/RJ;Sul;Colisão Lateral;1;;;1;;;;;;;1;1;;;
06/01/2017;09:22:00;861;sem vítima;802;BR-040/MG;Sul;Engavetamento;3;;;;;;;;;;3;;;;
06/01/2017;10:00:00;868;com vítima;123;BR-040/RJ;Norte;Choque - Objeto Fixo;;;1;;;;;;;;0;1;;;
06/01/2017;14:51:00;909;sem vítima;89;BR-040/RJ;Norte;Colisão Traseira;2;;;;;;;;;;2;;;;
06/01/2017;16:15:00;922;sem vítima;110;BR-040/RJ;Norte;Colisão Lateral;1;;;1;;;;;;;2;;;;
06/01/2017;18:51:00;946;com vítima;21;BR-040/RJ;Norte;Colisão Traseira;2;;;;;;;;;;0;5;;;
06/01/2017;21:17:00;961;sem vítima;34;BR-040/RJ;Norte;Choque - Objeto Fixo;1;;;;;;;;;;1;;;;
07/01/2017;08:01:00;1007;sem vítima;111;BR-040/RJ;Sul;Colisão Traseira;2;;;;;;;;;;2;;;;
07/01/2017;14:58:00;1055;sem vítima;123;BR-040/RJ;Sul;Colisão Lateral;2;;;;;;;;;;2;;;;
07/01/2017;17:58:00;1083;sem vítima;93;BR-040/RJ;Sul;Choque - Objeto Fixo;1;;;;;;;;;;1;;;;
07/01/2017;18:03:00;1085;sem vítima;93;BR-040/RJ;Sul;Choque - Objeto Fixo;1;;;;;;;;;;1;;;;
07/01/2017;17:55:00;1086;sem vítima;82;BR-040/RJ;Sul;Choque - Objeto Fixo;1;;;;;;;;;;1;;;;
07/01/2017;18:05:00;1089;sem vítima;82;BR-040/RJ;Sul;Choque - Objeto Fixo;1;;;;;;;;;;1;;;;
07/01/2017;20:30:00;1101;sem vítima;77;BR-040/RJ;Sul;Choque - Objeto Fixo;1;;;;;;;;;;1;;;;
08/01/2017;00:03:00;1123;sem vítima;85;BR-040/RJ;Norte;Choque - Objeto Fixo;1;;;;;;;;;;1;;;;
08/01/2017;01:04:00;1130;com vítima;114;BR-040/RJ;Norte;Colisão Traseira;2;;;;;;;;;;1;4;;;
08/01/2017;01:20:00;1135;sem vítima;792;BR-040/MG;Sul;Choque - Objeto Fixo;1;;;;;;;;;;1;;;;
08/01/2017;01:21:00;1136;com vítima;113;BR-040/RJ;Sul;Capotamento;1;;;;;;;;;;0;1;;;
08/01/2017;02:22:00;1139;sem vítima;77;BR-040/RJ;Sul;Choque - Objeto Fixo;1;;;;;;;;;;1;;;;
08/01/2017;03:46:00;1141;com vítima;108;BR-040/RJ;Norte;Choque - Objeto Fixo;1;;;;;;;;;;0;1;;;
08/01/2017;04:14:00;1143;sem vítima;75;BR-040/RJ;Sul;Choque - Objeto Fixo;1;;;;;;;;;;1;;;;
08/01/2017;07:03:00;1157;sem vítima;85;BR-040/RJ;Norte;Colisão Lateral;2;;;;;;;;;;2;;;;
08/01/2017;10:46:00;1187;com vítima;69;BR-040/RJ;Sul;Colisão Traseira;1;;;1;;;;;;;0;3;;;
08/01/2017;13:26:00;1199;com vítima;114;BR-040/RJ;Sul;Colisão Lateral;2;;;;;;;;;;1;1;;;
08/01/2017;20:00:00;1263;sem vítima;801;BR-040/MG;Sul;Choque - Objeto Fixo;1;;;;;;;;;;1;;;;
08/01/2017;20:25:00;1266;sem vítima;109;BR-040/RJ;Sul;Engavetamento;3;;;;;;;;;;3;;;;
08/01/2017;20:37:00;1269;sem vítima;84;BR-040/RJ;Norte;Choque - Objeto Fixo;1;;;;;;;;;;1;;;;
08/01/2017;22:07:00;1282;com vítima;118;BR-040/RJ;Sul;Queda de Moto;;;;1;;;;;;;0;2;;;
08/01/2017;22:57:00;1288;sem vítima;121;BR-040/RJ;Norte;Colisão Frontal;2;;;;;;;;;;2;;;;
09/01/2017;08:10:00;1329;sem vítima;780;BR-040/MG;Sul;Choque - Objeto Fixo;1;;;;;;;;;;1;;;;
09/01/2017;08:08:00;1331;sem vítima;800;BR-040/MG;Norte;Choque - Objeto Fixo;1;;;;;;;;;;1;;;;
09/01/2017;10:27:00;1352;com vítima;84;BR-040/RJ;Norte;Capotamento;1;;;;;;;;;;0;1;;;
09/01/2017;16:15:00;1393;com vítima;793;BR-040/MG;Sul;Capotamento;1;;;;;;;;;;0;2;;;
09/01/2017;17:22:00;1403;com vítima;88;BR-040/RJ;Norte;Tombamento;1;;;;;;;;;;0;1;;;
09/01/2017;17:26:00;1404;sem vítima;91;BR-040/RJ;Norte;Choque - Objeto Fixo;1;;;;;;;;;;1;;;;
09/01/2017;19:05:00;1413;sem vítima;93;BR-040/RJ;Norte;Choque - Objeto Fixo;1;;;;;;;;;;1;;;;
09/01/2017;19:07:00;1415;sem vítima;69;BR-040/RJ;Norte;Choque - Objeto Fixo;1;;;;;;;;;;1;;;;
09/01/2017;21:43:00;1431;sem vítima;116;BR-040/RJ;Norte;Colisão Traseira;1;;;;;1;;;;;2;;;;
10/01/2017;04:54:00;1458;sem vítima;122;BR-040/RJ;Sul;Colisão Traseira;1;;1;;;;;;;;2;;;;
10/01/2017;07:49:00;1474;sem vítima;57;BR-040/RJ;Norte;Capotamento;1;;;;;;;;;;1;;;;
10/01/2017;09:40:00;1494;sem vítima;89;BR-040/RJ;Sul;Choque - Objeto Fixo;;;1;;;;;;;;1;;;;
10/01/2017;09:52:00;1500;sem vítima;123;BR-040/RJ;Norte;Colisão Lateral;1;;1;;;;;;;;2;;;;
10/01/2017;14:13:00;1530;sem vítima;70;BR-040/RJ;Norte;Choque - Objeto Fixo;1;;;;;;;;;;1;;;;
10/01/2017;17:20:00;1563;sem vítima;821;BR-040/MG;Sul;Choque - Objeto Fixo;1;;;;;;;;;;1;;;;
10/01/2017;17:20:00;1565;com vítima;69;BR-040/RJ;Norte;Capotamento;1;;;;;;;;;;0;3;2;;
10/01/2017;17:34:00;1568;com vítima;823;BR-040/MG;Sul;Choque - Objeto Fixo;1;;;;;;;;;;0;1;;;
10/01/2017;17:51:00;1572;sem vítima;93;BR-040/RJ;Sul;Choque - Objeto Fixo;1;;;;;;;;;;1;;;;
10/01/2017;19:02:00;1582;sem vítima;77;BR-040/RJ;Sul;Choque - Objeto Fixo;1;;;;;;;;;;1;;;;
10/01/2017;22:40:00;1594;com vítima;91;BR-040/RJ;Norte;Queda de Moto;;;;1;;;;;;;0;1;;;
11/01/2017;04:20:00;1624;com vítima;84;BR-040/RJ;Norte;Queda de Moto;;;;1;;;;;;;0;1;1;;
11/01/2017;04:29:00;1625;sem vítima;60;BR-040/RJ;Sul;Atropelamento - Animal;1;;;;;;;;;;1;;;;
11/01/2017;08:45:00;1647;com vítima;111;BR-040/RJ;Sul;Colisão Lateral;1;;;1;;;;;;;1;1;;;
11/01/2017;11:51:00;1668;sem vítima;95;BR-040/RJ;Sul;Choque - Objeto Fixo;1;;;;;;;;;;1;;;;
11/01/2017;13:39:00;1675;sem vítima;63;BR-040/RJ;Norte;Choque - Objeto Fixo;1;;;;;;;;;;1;;;;
11/01/2017;13:47:00;1676;com vítima;800;BR-040/MG;Sul;Engavetamento;2;;;;;1;;;;;2;;1;;
11/01/2017;15:26:00;1691;com vítima;82;BR-040/RJ;Sul;Choque - Objeto Fixo;1;;;;;;;;;;0;3;;;
11/01/2017;15:27:00;1692;sem vítima;10;BR-040/RJ;Norte;Choque - Objeto Fixo;;;1;;;;;;;;1;;;;
11/01/2017;18:10:00;1712;sem vítima;75;BR-040/RJ;Sul;Choque - Objeto Fixo;1;;;;;;;;;;1;;;;
11/01/2017;18:17:00;1713;sem vítima;82;BR-040/RJ;Sul;Choque - Objeto Fixo;1;;;;;;;;;;1;;;;
11/01/2017;18:37:00;1714;com vítima;89;BR-040/RJ;Sul;Colisão Traseira;2;;;;;;;;;;0;3;2;;
11/01/2017;20:43:00;1728;sem vítima;91;BR-040/RJ;Norte;Choque - Objeto Fixo;1;;;;;;;;;;1;;;;
11/01/2017;20:50:00;1730;sem vítima;93;BR-040/RJ;Sul;Choque - Objeto Fixo;1;;;;;;;;;;1;;;;
11/01/2017;21:19:00;1733;com vítima;13;BR-040/RJ;Sul;Choque - Objeto Fixo;1;;;;;;;;;;0;1;;;
12/01/2017;07:28:00;1771;sem vítima;791;BR-040/MG;Norte;Choque - Objeto Fixo;1;;;;;;;;;;1;;;;
12/01/2017;08:44:00;1782;com vítima;81;BR-040/RJ;Norte;Colisão Traseira;1;;;1;;;;;;;1;;1;;
12/01/2017;19:01:00;1860;sem vítima;71;BR-040/RJ;Norte;Choque - Objeto Fixo;1;;;;;;;;;;1;;;;
12/01/2017;22:28:00;1873;sem vítima;90;BR-040/RJ;Sul;Choque - Objeto Fixo;1;;;;;;;;;;1;;;;
12/01/2017;23:19:00;1878;sem vítima;82;BR-040/RJ;Sul;Choque - Objeto Fixo;1;;;;;;;;;;1;;;;
13/01/2017;07:18:00;1909;com vítima;93;BR-040/RJ;Sul;Tombamento;;;1;;;;;;;;0;2;1;;
13/01/2017;08:10:00;1910;sem vítima;815;BR-040/MG;Sul;Colisão Traseira;2;;;;;;;;;;2;;;;
13/01/2017;08:45:00;1915;sem vítima;72;BR-040/RJ;Norte;Choque - Objeto Fixo;1;;;;;;;;;;1;;;;
13/01/2017;08:50:00;1916;com vítima;2;BR-040/RJ;Sul;Queda de Moto;;;;1;;;;;;;0;1;;;
13/01/2017;08:57:00;1919;sem vítima;84;BR-040/RJ;Sul;Choque - Objeto Fixo;1;;;;;;;;;;1;;;;
13/01/2017;09:01:00;1920;sem vítima;93;BR-040/RJ;Sul;Choque - Objeto Fixo;1;;;;;;;;;;1;;;;
13/01/2017;09:15:00;1922;com vítima;5;BR-040/RJ;Sul;Capotamento;1;;;;;;;;;;0;;;;1
13/01/2017;09:18:00;1923;sem vítima;56;BR-040/RJ;Sul;Choque - Objeto Fixo;1;;;;;;;;;;1;;;;
13/01/2017;09:22:00;1924;sem vítima;13;BR-040/RJ;Sul;Choque - Objeto Fixo;1;;;;;;;;;;1;;;;
13/01/2017;09:45:00;1925;sem vítima;74;BR-040/RJ;Norte;Choque - Objeto Fixo;1;;;;;;;;;;1;;;;
13/01/2017;10:12:00;1932;com vítima;813;BR-040/MG;Norte;Choque - Objeto Fixo;1;;;;;;;;;;0;4;;;
13/01/2017;10:34:00;1934;com vítima;34;BR-040/RJ;Sul;Choque - Objeto Fixo;1;;;;;;;;;;0;5;;;
13/01/2017;10:40:00;1935;com vítima;86;BR-040/RJ;Sul;Choque - Objeto Fixo;1;;;;;;;;;;0;6;;;
13/01/2017;10:40:00;1938;sem vítima;34;BR-040/RJ;Sul;Colisão Traseira;1;;;;;1;;;;;2;;;;
13/01/2017;11:52:00;1944;sem vítima;31;BR-040/RJ;Norte;Colisão Traseira;2;;;;;;;;;;2;;;;
13/01/2017;12:53:00;1954;sem vítima;96;BR-040/RJ;Sul;Choque - Objeto Fixo;1;;;;;;;;;;1;;;;
13/01/2017;13:08:00;1957;sem vítima;93;BR-040/RJ;Sul;Capotamento;1;;;;;;;;;;1;;;;
13/01/2017;13:51:00;1964;sem vítima;63;BR-040/RJ;Sul;Choque - Objeto Fixo;;;1;;;;;;;;1;;;;
13/01/2017;13:54:00;1966;sem vítima;90;BR-040/RJ;Norte;Choque - Objeto Fixo;1;;;;;;;;;;1;;;;
13/01/2017;14:20:00;1968;com vítima;92;BR-040/RJ;Norte;Colisão Traseira;2;;;;;;;;;;1;2;;;
13/01/2017;14:33:00;1970;com vítima;96;BR-040/RJ;Sul;Choque - Objeto Fixo;1;;;;;;;;;;0;2;;;
13/01/2017;15:05:00;1976;sem vítima;85;BR-040/RJ;Sul;Choque - Objeto Fixo;1;;;;;;;;;;1;;;;
13/01/2017;15:11:00;1977;com vítima;13;BR-040/RJ;Sul;Choque - Objeto Fixo;1;;;;;;;;;;0;2;;;
13/01/2017;15:37:00;1980;sem vítima;84;BR-040/RJ;Norte;Choque - Objeto Fixo;1;;;;;;;;;;1;;;;
13/01/2017;16:02:00;1983;com vítima;34;BR-040/RJ;Norte;Choque - Objeto Fixo;1;;;;;;;;;;0;1;;;
13/01/2017;16:20:00;1984;com vítima;42;BR-040/RJ;Norte;Choque - Objeto Fixo;1;;;;;;;;;;0;4;;;
13/01/2017;16:52:00;1988;com vítima;31;BR-040/RJ;Norte;Capotamento;1;;;;;;;;;;0;;1;;
13/01/2017;16:58:00;1989;sem vítima;104;BR-040/RJ;Norte;Colisão Lateral;1;;;;1;;;;;;2;;;;
13/01/2017;17:10:00;1991;com vítima;74;BR-040/RJ;Norte;Capotamento;1;;;;;;;;;;0;1;1;;
13/01/2017;18:05:00;1992;sem vítima;77;BR-040/RJ;Sul;Choque - Objeto Fixo;1;;;;;;;;;;1;;;;
13/01/2017;18:14:00;1999;sem vítima;825;BR-040/MG;Norte;Choque - Objeto Fixo;1;;;;;;;;;;1;;;;
13/01/2017;18:50:00;2004;sem vítima;1;BR-040/RJ;Norte;Choque - Objeto Fixo;1;;;;;;;;;;1;;;;
13/01/2017;19:07:00;2006;sem vítima;43;BR-040/RJ;Norte;Choque - Objeto Fixo;1;;;;;;;;;;1;;;;
13/01/2017;23:36:00;2030;com vítima;68;BR-040/RJ;Norte;Capotamento;1;;;;;;;;;;0;;1;;1
14/01/2017;04:14:00;2043;com vítima;109;BR-040/RJ;Norte;Colisão Traseira;;;1;1;;;;;;;1;;;2;
14/01/2017;06:20:00;2049;com vítima;112;BR-040/RJ;Norte;Capotamento;1;;;;;;;;;;0;1;;;
14/01/2017;10:19:00;2080;sem vítima;51;BR-040/RJ;Sul;Colisão Transversal;1;;;1;;;;;;;2;;;;
14/01/2017;13:45:00;2100;com vítima;112;BR-040/RJ;Sul;Capotamento;1;;;;;;;;;;0;3;;;
14/01/2017;14:06:00;2108;sem vítima;122;BR-040/RJ;Norte;Choque - Objeto Fixo;1;;;;;;;;;;1;;;;
14/01/2017;15:23:00;2116;com vítima;105;BR-040/RJ;Norte;Queda de Moto;;;;1;;;;;;;0;;;1;
14/01/2017;16:33:00;2124;sem vítima;120;BR-040/RJ;Sul;Colisão Traseira;2;;;;;;;;;;2;;;;
14/01/2017;18:03:00;2135;com vítima;105;BR-040/RJ;Norte;Colisão Traseira;2;;;;;;;;;;1;5;1;;
14/01/2017;19:25:00;2147;sem vítima;41;BR-040/RJ;Norte;Derrapagem;1;;;;;;;;;;1;;;;
14/01/2017;19:14:00;2148;sem vítima;72;BR-040/RJ;Norte;Choque - Objeto Fixo;1;;;;;;;;;;1;;;;
14/01/2017;21:11:00;2154;com vítima;79;BR-040/RJ;Norte;Atropelamento - Pedestre;;;;;;1;;;;;1;;;;1
15/01/2017;08:28:00;2201;com vítima;104;BR-040/RJ;Sul;Choque - Objeto Fixo;;;;1;;;;;;;0;1;;;
15/01/2017;13:10:00;2232;sem vítima;81;BR-040/RJ;Sul;Queda de Moto;;;;1;;;;;;;1;;;;
15/01/2017;13:26:00;2233;sem vítima;804;BR-040/MG;Norte;Choque - Objeto Fixo;1;;;;;;;;;;1;;;;
15/01/2017;14:43:00;2245;sem vítima;816;BR-040/MG;Sul;Colisão Lateral;2;;;;;;;;;;2;;;;
15/01/2017;15:12:00;2249;sem vítima;788;BR-040/MG;Norte;Choque - Objeto Fixo;1;;;;;;;;;;1;;;;
15/01/2017;16:01:00;2252;sem vítima;41;BR-040/RJ;Norte;Choque - Objeto Fixo;1;;;;;;;;;;1;;;;
15/01/2017;16:21:00;2258;sem vítima;785;BR-040/MG;Norte;Choque - Objeto Fixo;1;;;;;;;;;;1;;;;
15/01/2017;18:07:00;2272;sem vítima;91;BR-040/RJ;Norte;Choque - Objeto Fixo;1;;;;;;;;;;1;;;;
15/01/2017;18:30:00;2278;sem vítima;102;BR-040/RJ;Sul;Engavetamento;2;;1;;;;;;;;3;;;;
15/01/2017;22:54:00;2303;com vítima;123;BR-040/RJ;Sul;Capotamento;1;;;;;;;;;;0;3;;;
15/01/2017;23:32:00;2307;com vítima;123;BR-040/RJ;Sul;Colisão Traseira;2;;;;;;;;;;0;2;;;
15/01/2017;23:49:00;2310;sem vítima;91;BR-040/RJ;Sul;Choque - Objeto Fixo;1;;;;;;;;;;1;;;;
16/01/2017;02:25:00;2327;sem vítima;790;BR-040/MG;Norte;Choque - Objeto Fixo;1;;;;;;;;;;1;;;;
16/01/2017;05:53:00;2345;com vítima;112;BR-040/RJ;Sul;Atropelamento - Pedestre;;;1;;;;;;;;1;;;1;
16/01/2017;07:09:00;2355;com vítima;32;BR-040/RJ;Norte;Choque - Objeto Fixo;1;;;;;;;;;;0;3;1;;
16/01/2017;07:33:00;2358;sem vítima;75;BR-040/RJ;Sul;Choque - Objeto Fixo;1;;;;;;;;;;1;;;;
16/01/2017;07:56:00;2361;sem vítima;77;BR-040/RJ;Sul;Choque - Objeto Fixo;1;;;;;;;;;;1;;;;
16/01/2017;08:31:00;2366;sem vítima;77;BR-040/RJ;Sul;Choque - Objeto Fixo;1;;;;;;;;;;1;;;;
16/01/2017;17:13:00;2445;sem vítima;5;BR-040/RJ;Sul;Choque - Objeto Fixo;1;;;;;;;;;;1;;;;
16/01/2017;17:20:00;2447;sem vítima;18;BR-040/RJ;Norte;Choque - Objeto Fixo;1;;;;;;;;;;1;;;;
16/01/2017;19:13:00;2466;sem vítima;108;BR-040/RJ;Norte;Tombamento;;;1;;;;;;;;1;;;;
16/01/2017;20:15:00;2470;sem vítima;23;BR-040/RJ;Sul;Choque - Objeto Fixo;1;;;;;;;;;;1;;;;
17/01/2017;07:08:00;2519;sem vítima;122;BR-040/RJ;Sul;Colisão Traseira;2;;;;;;;;;;2;;;;
17/01/2017;11:14:00;2554;com vítima;85;BR-040/RJ;Sul;Tombamento;;;1;;;;;;;;0;;;1;
17/01/2017;14:17:00;2574;sem vítima;123;BR-040/RJ;Sul;Choque - Objeto Fixo;;;1;;;;;;;;1;;;;
17/01/2017;17:42:00;2597;sem vítima;114;BR-040/RJ;Norte;Colisão Traseira;1;;;;;1;;;;;2;;;;
18/01/2017;01:50:00;2630;sem vítima;101;BR-040/RJ;Norte;Choque - Objeto Fixo;1;;;;;;;;;;1;;;;