data;horario;n_da_ocorrencia;tipo_de_ocorrencia;km;trecho;sentido;tipo_de_acidente;automovel;bicicleta;caminhao;moto;onibus;outros;tracao_animal;transporte_de_cargas_especiais;trator_maquinas;utilitarios;ilesos;levemente_feridos;moderadamente_feridos;gravemente_feridos;mortos
18/01/2017;03:15:00;2633;com vítima;800;BR-040/MG;Norte;Choque - Objeto Fixo;1;;;;;;;;;;0;1;;;
18/01/2017;10:00:00;2669;com vítima;67;BR-040/RJ;Norte;Tombamento;1;;;;;;;;;;0;2;;;
18/01/2017;10:14:00;2673;com vítima;121;BR-040/RJ;Norte;Colisão Lateral;1;;;1;;;;;;;1;1;;;
18/01/2017;11:00:00;2680;com vítima;120;BR-040/RJ;Norte;Colisão Traseira;;;1;;;1;;;;;1;1;;;
18/01/2017;11:50:00;2682;sem vítima;777;BR-040/MG;Norte;Colisão Traseira;2;;;;;;;;;;2;;;;
18/01/2017;14:37:00;2699;sem vítima;60;BR-040/RJ;Norte;Choque - Objeto Fixo;1;;;;;;;;;;1;;;;
18/01/2017;15:58:00;2713;sem vítima;113;BR-040/RJ;Norte;Choque - Objeto Fixo;1;;;;;;;;;;1;;;;
18/01/2017;17:10:00;2724;sem vítima;90;BR-040/RJ;Norte;Engavetamento;1;;;;1;1;;;;;3;;;;
18/01/2017;18:50:00;2739;sem vítima;89;BR-040/RJ;Norte;Choque - Objeto Fixo;1;;;;;;;;;;1;;;;
18/01/2017;21:21:00;2750;com vítima;118;BR-040/RJ;Norte;Colisão Frontal;1;;1;;;;;;;;1;;2;;
18/01/2017;21:44:00;2754;sem vítima;774;BR-040/MG;Sul;Choque - Objeto Fixo;1;;;;;;;;;;1;;;;
19/01/2017;05:53:00;2780;sem vítima;76;BR-040/RJ;Sul;Choque - Objeto Fixo;1;;;;;;;;;;1;;;;
19/01/2017;11:41:00;2820;com vítima;51;BR-040/RJ;Sul;Capotamento;1;;;;;;;;;;0;1;;;
19/01/2017;14:41:00;2841;com vítima;108;BR-040/RJ;Norte;Queda de Moto;;;;1;;;;;;;0;1;1;;
19/01/2017;15:58:00;2846;sem vítima;93;BR-040/RJ;Norte;Choque - Objeto Fixo;1;;;;;;;;;;1;;;;
19/01/2017;16:02:00;2847;sem vítima;93;BR-040/RJ;Sul;Choque - Objeto Fixo;1;;;;;;;;;;1;;;;
19/01/2017;17:22:00;2858;com vítima;77;BR-040/RJ;Norte;Queda de Moto;;;;1;;;;;;;0;1;;;
19/01/2017;19:03:00;2871;sem vítima;90;BR-040/RJ;Norte;Choque - Objeto Fixo;1;;;;;;;;;;1;;;;
19/01/2017;20:24:00;2885;sem vítima;117;BR-040/RJ;Norte;Colisão Traseira;2;;;;;;;;;;2;;;;
19/01/2017;20:25:00;2886;sem vítima;92;BR-040/RJ;Norte;Choque - Objeto Fixo;1;;;;;;;;;;1;;;;
19/01/2017;20:46:00;2890;com vítima;31;BR-040/RJ;Norte;Choque - Objeto Fixo;1;;;;;;;;;;0;7;;;
19/01/2017;22:32:00;2902;com vítima;77;BR-040/RJ;Norte;Atropelamento - Pedestre;;;;;;1;;;;;1;;1;;
20/01/2017;02:53:00;2923;sem vítima;113;BR-040/RJ;Norte;Atropelamento - Animal;1;;;;;;;;;;1;;;;
20/01/2017;05:55:00;2936;sem vítima;71;BR-040/RJ;Norte;Choque - Objeto Fixo;;;1;;;;;;;;1;;;;
20/01/2017;11:23:00;2976;com vítima;780;BR-040/MG;Sul;Queda de Moto;;;;1;;;;;;;0;1;;;
20/01/2017;11:34:00;2978;com vítima;119;BR-040/RJ;Norte;Queda de Moto;;;;1;;;;;;;0;1;;;
20/01/2017;14:56:00;3008;com vítima;99;BR-040/RJ;Norte;Queda de Moto;;;;1;;;;;;;0;1;;;
20/01/2017;19:17:00;3045;com vítima;93;BR-040/RJ;Sul;Capotamento;1;;;;;;;;;;0;2;;;
20/01/2017;22:41:00;3065;sem vítima;84;BR-040/RJ;Sul;Choque - Objeto Fixo;1;;;;;;;;;;5;;;;
21/01/2017;00:27:00;3076;sem vítima;115;BR-040/RJ;Sul;Choque - Objeto Fixo;1;;;;;;;;;;1;;;;
21/01/2017;01:20:00;3079;com vítima;824;BR-040/MG;Sul;Colisão Traseira;;;1;;1;;;;;;1;3;5;;
21/01/2017;04:48:00;3091;com vítima;122;BR-040/RJ;Sul;Atropelamento - Pedestre;1;;;;;;;;;;1;;;1;
21/01/2017;06:59:00;3096;com vítima;801;BR-040/MG;Norte;Queda de Moto;;;;1;;;;;;;0;1;;;
21/01/2017;13:52:00;3131;sem vítima;3;BR-040/RJ;Sul;Colisão Lateral;1;;1;;;;;;;;2;;;;
21/01/2017;14:27:00;3134;sem vítima;121;BR-040/RJ;Sul;Colisão Traseira;1;;;;1;;;;;;2;;;;
21/01/2017;15:29:00;3141;com vítima;111;BR-040/RJ;Sul;Colisão Traseira;2;;;;;;;;;;1;;1;;
21/01/2017;18:11:00;3155;com vítima;111;BR-040/RJ;Sul;Engavetamento;3;;;;;;;;;;2;1;;;
21/01/2017;18:43:00;3159;sem vítima;93;BR-040/RJ;Norte;Choque - Objeto Fixo;1;;;;;;;;;;1;;;;
21/01/2017;22:06:00;3177;com vítima;117;BR-040/RJ;Norte;Queda de Moto;;;;1;;;;;;;0;2;;;
22/01/2017;08:13:00;3210;sem vítima;117;BR-040/RJ;Sul;Colisão Lateral;2;;;;;;;;;;2;;;;
22/01/2017;11:38:00;3227;sem vítima;84;BR-040/RJ;Norte;Choque - Objeto Fixo;1;;;;;;;;;;1;;;;
22/01/2017;17:59:00;3277;sem vítima;94;BR-040/RJ;Sul;Queda de Moto;;;;1;;;;;;;1;;;;
22/01/2017;20:50:00;3297;sem vítima;91;BR-040/RJ;Sul;Choque - Objeto Fixo;1;;;;;;;;;;1;;;;
23/01/2017;06:47:00;3331;sem vítima;12;BR-040/RJ;Norte;Choque - Objeto Fixo;1;;;;;;;;;;1;;;;
23/01/2017;19:42:00;3423;com vítima;85;BR-040/RJ;Sul;Choque - Objeto Fixo;1;;;;;;;;;;0;;1;;
23/01/2017;19:55:00;3424;sem vítima;97;BR-040/RJ;Sul;Choque - Objeto Fixo;1;;;;;;;;;;1;;;;
23/01/2017;21:20:00;3432;sem vítima;85;BR-040/RJ;Sul;Choque - Objeto Fixo;1;;;;;;;;;;1;;;;
23/01/2017;21:57:00;3436;sem vítima;113;BR-040/RJ;Norte;Colisão Traseira;1;;;;;;;;;;1;;;;
23/01/2017;23:10:00;3444;sem vítima;89;BR-040/RJ;Sul;Choque - Objeto Fixo;;;1;;;;;;;;1;;;;
24/01/2017;08:03:00;3470;com vítima;5;BR-040/RJ;Sul;Choque - Objeto Fixo;1;;;;;;;;;;0;2;1;;
24/01/2017;09:35:00;3482;com vítima;84;BR-040/RJ;Sul;Queda de Moto;;;;1;;;;;;;0;;1;;
24/01/2017;11:00:00;3495;sem vítima;92;BR-040/RJ;Norte;Choque - Objeto Fixo;;;1;;;;;;;;1;;;;
24/01/2017;15:10:00;3535;sem vítima;800;BR-040/MG;Norte;Colisão Traseira;2;;;;;;;;;;2;;;;
24/01/2017;18:27:00;3573;sem vítima;123;BR-040/RJ;Sul;Colisão Traseira;2;;;;;;;;;;2;;;;
24/01/2017;19:26:00;3580;sem vítima;124;BR-040/RJ;Sul;Colisão Traseira;2;;;;;;;;;;2;;;;
24/01/2017;23:17:00;3603;com vítima;98;BR-040/RJ;Sul;Atropelamento - Pedestre;1;;;;;;;;;;1;;;;1
25/01/2017;09:21:00;3649;sem vítima;113;BR-040/RJ;Norte;Queda de Moto;;;;1;;;;;;;1;;;;
25/01/2017;14:35:00;3693;sem vítima;120;BR-040/RJ;Sul;Choque - Objeto Fixo;1;;;;;;;;;;1;;;;
25/01/2017;17:39:00;3715;com vítima;13;BR-040/RJ;Sul;Derrapagem;;;1;;;;;;;;0;1;;;
26/01/2017;03:43:00;3749;sem vítima;99;BR-040/RJ;Sul;Derrapagem;1;;;;;;;;;;1;;;;
26/01/2017;13:57:00;3812;sem vítima;58;BR-040/RJ;Sul;Choque - Objeto Fixo;1;;;;;;;;;;1;;;;
26/01/2017;17:46:00;3846;com vítima;104;BR-040/RJ;Sul;Derrapagem;1;;;;;;;;;;0;2;;;
26/01/2017;18:54:00;3855;com vítima;101;BR-040/RJ;Sul;Choque - Objeto Fixo;1;;;;;;;;;;0;1;;;
27/01/2017;02:22:00;3884;sem vítima;109;BR-040/RJ;Sul;Choque - Objeto Fixo;;;1;;;;;;;;1;;;;
27/01/2017;03:57:00;3888;sem vítima;803;BR-040/MG;Sul;Atropelamento - Animal;1;;;;;;;;;;1;;;;
27/01/2017;05:39:00;3891;com vítima;78;BR-040/RJ;Norte;Queda de Moto;;;;1;;;;;;;0;;1;;
27/01/2017;11:43:00;3927;sem vítima;100;BR-040/RJ;Norte;Choque - Objeto Fixo;1;;;;;;;;;;1;;;;
27/01/2017;13:30:00;3963;sem vítima;73;BR-040/RJ;Norte;Choque - Objeto Fixo;1;;;;;;;;;;1;;;;
27/01/2017;14:41:00;3977;com vítima;101;BR-040/RJ;Sul;Atropelamento - Pedestre;1;;;;;;;;;;1;;;;1
27/01/2017;18:18:00;4017;sem vítima;824;BR-040/MG;Norte;Derrapagem;1;;;;;;;;;;1;;;;
27/01/2017;19:28:00;4037;sem vítima;93;BR-040/RJ;Sul;Choque - Objeto Fixo;1;;;;;;;;;;1;;;;
27/01/2017;20:24:00;4043;com vítima;824;BR-040/MG;Norte;Choque - Objeto Fixo;1;;1;;;;;;;;1;4;;;
27/01/2017;20:22:00;4045;sem vítima;124;BR-040/RJ;Sul;Colisão Traseira;2;;;;;;;;;;2;;;;
28/01/2017;01:00:00;4078;sem vítima;88;BR-040/RJ;Norte;Choque - Objeto Fixo;1;;;;;;;;;;1;;;;
28/01/2017;04:05:00;4090;sem vítima;88;BR-040/RJ;Norte;Choque - Objeto Fixo;1;;;;;;;;;;1;;;;
28/01/2017;05:26:00;4097;com vítima;120;BR-040/RJ;Sul;Queda de Moto;;;;1;;;;;;;0;1;;;
28/01/2017;06:32:00;4104;sem vítima;76;BR-040/RJ;Norte;Choque - Objeto Fixo;1;;;;;;;;;;1;;;;
28/01/2017;09:57:00;4130;com vítima;86;BR-040/RJ;Sul;Choque - Objeto Fixo;;;1;;;;;;;;0;2;;;
28/01/2017;13:34:00;4158;sem vítima;84;BR-040/RJ;Norte;Choque - Objeto Fixo;1;;;;;;;;;;1;;;;
28/01/2017;13:41:00;4160;com vítima;91;BR-040/RJ;Sul;Tombamento;;;1;;;;;;;;0;;;2;1
28/01/2017;20:39:00;4214;sem vítima;70;BR-040/RJ;Norte;Choque - Objeto Fixo;1;;;;;;;;;;1;;;;
28/01/2017;21:27:00;4219;sem vítima;113;BR-040/RJ;Norte;Colisão Lateral;2;;;;;;;;;;2;;;;
28/01/2017;21:40:00;4222;sem vítima;785;BR-040/MG;Norte;Choque - Objeto Fixo;1;;;;;;;;;;1;;;;
28/01/2017;21:55:00;4223;sem vítima;22;BR-040/RJ;Norte;Derrapagem;1;;;;;;;;;;1;;;;
28/01/2017;21:56:00;4224;sem vítima;84;BR-040/RJ;Norte;Derrapagem;1;;;;;;;;;;1;;;;
29/01/2017;07:12:00;4265;com vítima;108;BR-040/RJ;Sul;Queda de Moto;;;;1;;;;;;;0;1;;;
29/01/2017;12:21:00;4301;com vítima;112;BR-040/RJ;Norte;Capotamento;1;;;;;;;;;;0;4;1;;
29/01/2017;16:32:00;4337;sem vítima;105;BR-040/RJ;Norte;Colisão Traseira;2;;;;;;;;;;2;;;;
29/01/2017;17:02:00;4342;sem vítima;85;BR-040/RJ;Sul;Choque - Objeto Fixo;1;;;;;;;;;;1;;;;
29/01/2017;17:04:00;4343;com vítima;68;BR-040/RJ;Norte;Colisão Traseira;2;;;;;;;;;;0;8;2;;
29/01/2017;18:05:00;4353;sem vítima;62;BR-040/RJ;Sul;Choque - Objeto Fixo;1;;;;;;;;;;1;;;;
29/01/2017;18:10:00;4356;sem vítima;93;BR-040/RJ;Norte;Choque - Objeto Fixo;1;;;;;;;;;;1;;;;
29/01/2017;18:19:00;4361;sem vítima;85;BR-040/RJ;Sul;Colisão Traseira;1;;;;;1;;;;;2;;;;
29/01/2017;18:41:00;4364;sem vítima;83;BR-040/RJ;Norte;Choque - Objeto Fixo;1;;;;;;;;;;1;;;;
29/01/2017;19:07:00;4370;sem vítima;80;BR-040/RJ;Norte;Choque - Objeto Fixo;1;;;;;;;;;;1;;;;
29/01/2017;19:09:00;4371;sem vítima;84;BR-040/RJ;Sul;Choque - Objeto Fixo;1;;;;;;;;;;1;;;;
29/01/2017;19:28:00;4374;sem vítima;74;BR-040/RJ;Norte;Choque - Objeto Fixo;1;;;;;;;;;;1;;;;
29/01/2017;19:35:00;4376;sem vítima;84;BR-040/RJ;Sul;Choque - Objeto Fixo;1;;;;;;;;;;1;;;;
29/01/2017;22:16:00;4394;sem vítima;84;BR-040/RJ;Norte;Choque - Objeto Fixo;1;;;;;;;;;;1;;;;
30/01/2017;00:52:00;4410;sem vítima;84;BR-040/RJ;Norte;Choque - Objeto Fixo;1;;;;;;;;;;1;;;;
30/01/2017;01:39:00;4411;com vítima;806;BR-040/MG;Sul;Choque - Objeto Fixo;;;1;;;;;;;;0;1;;;
30/01/2017;07:29:00;4436;sem vítima;817;BR-040/MG;Norte;Choque - Objeto Fixo;1;;;;;;;;;;1;;;;
30/01/2017;08:37:00;4447;sem vítima;84;BR-040/RJ;Norte;Choque - Objeto Fixo;1;;;;;;;;;;1;;;;
30/01/2017;08:40:00;4448;sem vítima;84;BR-040/RJ;Norte;Choque - Objeto Fixo;1;;;;;;;;;;1;;;;
30/01/2017;11:04:00;4465;com vítima;112;BR-040/RJ;Norte;Colisão Traseira;2;;;;;;;;;;0;2;;;
30/01/2017;11:42:00;4473;sem vítima;73;BR-040/RJ;Sul;Colisão Lateral;2;;;;;;;;;;2;;;;
30/01/2017;15:55:00;4502;sem vítima;824;BR-040/MG;Norte;Choque - Objeto Fixo;;;1;;;;;;;;1;;;;
30/01/2017;16:43:00;4511;sem vítima;15;BR-040/RJ;Sul;Choque - Objeto Fixo;1;;;;;;;;;;1;;;;
30/01/2017;16:46:00;4512;sem vítima;78;BR-040/RJ;Sul;Choque - Objeto Fixo;1;;;;;;;;;;1;;;;
30/01/2017;17:00:00;4513;sem vítima;62;BR-040/RJ;Sul;Choque - Objeto Fixo;1;;;;;;;;;;1;;;;
30/01/2017;18:16:00;4525;sem vítima;93;BR-040/RJ;Sul;Choque - Objeto Fixo;1;;;;;;;;;;1;;;;
30/01/2017;18:36:00;4528;sem vítima;93;BR-040/RJ;Norte;Choque - Objeto Fixo;1;;;;;;;;;;1;;;;
30/01/2017;19:00:00;4531;sem vítima;100;BR-040/RJ;Sul;Choque - Objeto Fixo;1;;;;;;;;;;1;;;;
30/01/2017;19:08:00;4532;sem vítima;85;BR-040/RJ;Sul;Choque - Objeto Fixo;1;;;;;;;;;;1;;;;
30/01/2017;18:38:00;4549;sem vítima;72;BR-040/RJ;Sul;Choque - Objeto Fixo;1;;;;;;;;;;1;;;;
31/01/2017;08:47:00;4591;sem vítima;85;BR-040/RJ;Norte;Choque - Objeto Fixo;1;;;;;;;;;;1;;;;
31/01/2017;11:40:00;4618;sem vítima;102;BR-040/RJ;Sul;Engavetamento;2;;1;;;;;;;;3;;;;
31/01/2017;15:09:00;4648;sem vítima;101;BR-040/RJ;Norte;Colisão Traseira;1;;;;;1;;;;;2;;;;
31/01/2017;17:40:00;4675;sem vítima;109;BR-040/RJ;Norte;Colisão Traseira;1;;;1;;;;;;;2;;;;
31/01/2017;18:47:00;4680;sem vítima;92;BR-040/RJ;Sul;Choque - Objeto Fixo;1;;;;;;;;;;1;;;;
31/01/2017;18:46:00;4682;sem vítima;74;BR-040/RJ;Sul;Choque - Objeto Fixo;1;;;;;;;;;;1;;;;
31/01/2017;19:55:00;4692;sem vítima;60;BR-040/RJ;Norte;Choque - Objeto Fixo;1;;;;;;;;;;1;;;;
31/01/2017;23:02:00;4705;com vítima;85;BR-040/RJ;Sul;Choque - Objeto Fixo;;;1;;;;;;;;0;1;;;
01/02/2017;04:44:00;20;com vítima;122;BR-040/RJ;Norte;Atropelamento - Pedestre;;;;;;1;;;;;1;;1;;
01/02/2017;05:54:00;27;sem vítima;124;BR-040/RJ;Sul;Engavetamento;;;1;;2;;;;;;3;;;;
01/02/2017;13:11:00;76;sem vítima;119;BR-040/RJ;Sul;Colisão Traseira;;;1;1;;;;;;;2;;;;
01/02/2017;14:45:00;88;com vítima;84;BR-040/RJ;Norte;Queda de Moto;;;;1;;;;;;;0;1;;;
01/02/2017;15:33:00;96;com vítima;94;BR-040/RJ;Sul;Capotamento;1;;;;;;;;;;0;3;;;
01/02/2017;16:27:00;100;com vítima;84;BR-040/RJ;Sul;Choque - Objeto Fixo;1;;;;;;;;;;0;2;;;
01/02/2017;16:56:00;103;com vítima;119;BR-040/RJ;Norte;Colisão Lateral;1;;1;;;;;;;;1;1;;;
01/02/2017;17:38:00;110;sem vítima;109;BR-040/RJ;Norte;Colisão Lateral;1;;1;;;;;;;;2;;;;
01/02/2017;18:01:00;115;sem vítima;112;BR-040/RJ;Norte;Colisão Traseira;2;;;;;;;;;;2;;;;
01/02/2017;18:00:00;134;sem vítima;85;BR-040/RJ;Sul;Colisão Traseira;2;;;;;;;;;;2;;;;
02/02/2017;01:55:00;167;sem vítima;823;BR-040/MG;Norte;Colisão Traseira;;;2;;;;;;;;2;;;;
02/02/2017;08:01:00;191;sem vítima;784;BR-040/MG;Sul;Choque - Objeto Fixo;1;;;;;;;;;;1;;;;
02/02/2017;09:45:00;209;com vítima;110;BR-040/RJ;Sul;Atropelamento - Pedestre;1;;;;;;;;;;1;;1;;
02/02/2017;10:26:00;212;sem vítima;109;BR-040/RJ;Sul;Colisão Traseira;2;;;;;;;;;;2;;;;
02/02/2017;14:24:00;246;com vítima;18;BR-040/RJ;Sul;Capotamento;1;;;;;;;;;;3;2;;;
02/02/2017;16:08:00;258;com vítima;17;BR-040/RJ;Sul;Choque - Objeto Fixo;1;;;;;;;;;;0;3;1;;
02/02/2017;17:04:00;263;sem vítima;113;BR-040/RJ;Norte;Engavetamento;3;;;;;;;;;;3;;;;
02/02/2017;17:20:00;266;sem vítima;11;BR-040/RJ;Sul;Choque - Objeto Fixo;1;;;;;;;;;;1;;;;
02/02/2017;17:21:00;267;sem vítima;87;BR-040/RJ;Norte;Choque - Objeto Fixo;1;;;;;;;;;;1;;;;
02/02/2017;17:58:00;270;com vítima;13;BR-040/RJ;Sul;Capotamento;1;;;;;;;;;;0;1;;;
02/02/2017;18:56:00;275;com vítima;99;BR-040/RJ;Norte;Queda de Moto;;;;1;;;;;;;0;1;;;
02/02/2017;19:22:00;280;sem vítima;789;BR-040/MG;Norte;Choque - Objeto Fixo;1;;;;;;;;;;1;;;;
02/02/2017;20:23:00;286;sem vítima;124;BR-040/RJ;Sul;Engavetamento;2;;;;;1;;;;;3;;;;
02/02/2017;21:58:00;294;sem vítima;114;BR-040/RJ;Sul;Colisão Lateral;1;;1;;;;;;;;2;;;;
02/02/2017;22:51:00;299;com vítima;13;BR-040/RJ;Sul;Tombamento;1;;;;;;;;;;0;1;;;
03/02/2017;01:55:00;322;com vítima;70;BR-040/RJ;Norte;Derrapagem;;;1;;;;;;;;0;1;;;
03/02/2017;07:07:00;344;sem vítima;38;BR-040/RJ;Sul;Choque - Objeto Fixo;1;;;;;;;;;;1;;;;
03/02/2017;09:05:00;360;com vítima;800;BR-040/MG;Sul;Atropelamento - Pedestre;;;1;;;;;;;;1;;;1;
03/02/2017;15:57:00;416;sem vítima;800;BR-040/MG;Sul;Choque - Objeto Fixo;1;;;;;;;;;;1;;;;
03/02/2017;17:38:00;435;com vítima;18;BR-040/RJ;Norte;Tombamento;;;1;;;;;;;;0;1;;;
03/02/2017;18:03:00;439;sem vítima;82;BR-040/RJ;Sul;Choque - Objeto Fixo;1;;;;;;;;;;1;;;;
03/02/2017;18:39:00;443;sem vítima;84;BR-040/RJ;Norte;Choque - Objeto Fixo;1;;;;;;;;;;1;;;;
03/02/2017;18:49:00;445;com vítima;33;BR-040/RJ;Sul;Capotamento;1;;;;;;;;;;0;;1;;
03/02/2017;19:07:00;446;sem vítima;34;BR-040/RJ;Norte;Choque - Objeto Fixo;1;;;;;;;;;;1;;;;
03/02/2017;19:12:00;447;com vítima;34;BR-040/RJ;Norte;Capotamento;1;;;;;;;;;;0;1;;;
03/02/2017;19:50:00;456;sem vítima;74;BR-040/RJ;Norte;Choque - Objeto Fixo;1;;;;;;;;;;1;;;;
03/02/2017;22:30:00;463;sem vítima;17;BR-040/RJ;Norte;Choque - Objeto Fixo;1;;;;;;;;;;1;;;;
04/02/2017;06:41:00;486;sem vítima;2;BR-040/RJ;Sul;Choque - Objeto Fixo;1;;;;;;;;;;1;;;;
04/02/2017;07:50:00;492;com vítima;123;BR-040/RJ;Sul;Colisão Traseira;;;;2;;;;;;;1;1;;;
04/02/2017;12:01:00;522;sem vítima;118;BR-040/RJ;Sul;Colisão Traseira;2;;;;;;;;;;2;;;;
04/02/2017;13:39:00;531;sem vítima;120;BR-040/RJ;Norte;Colisão Traseira;2;;;;;;;;;;2;;;;
04/02/2017;13:59:00;537;com vítima;800;BR-040/MG;Sul;Capotamento;1;;;;;;;;;;0;;1;;
04/02/2017;14:09:00;538;com vítima;54;BR-040/RJ;Sul;Colisão Traseira;1;;;1;;;;;;;0;2;2;;
04/02/2017;16:01:00;544;sem vítima;76;BR-040/RJ;Sul;Choque - Objeto Fixo;1;;;;;;;;;;1;;;;
04/02/2017;16:55:00;554;com vítima;78;BR-040/RJ;Sul;Choque - Objeto Fixo;1;;;;;;;;;;0;4;1;;
04/02/2017;16:56:00;556;com vítima;91;BR-040/RJ;Sul;Choque - Objeto Fixo;1;;;;;;;;;;0;4;;;
04/02/2017;17:52:00;560;com vítima;82;BR-040/RJ;Sul;Choque - Objeto Fixo;1;;;;;;;;;;0;1;;;
04/02/2017;17:54:00;562;com vítima;93;BR-040/RJ;Sul;Choque - Objeto Fixo;1;;;;;;;;;;0;3;;;
04/02/2017;18:17:00;566;com vítima;85;BR-040/RJ;Sul;Capotamento;1;;;;;;;;;;0;3;;;
04/02/2017;18:20:00;568;sem vítima;82;BR-040/RJ;Sul;Choque - Objeto Fixo;1;;;;;;;;;;1;;;;
04/02/2017;19:03:00;570;sem vítima;33;BR-040/RJ;Norte;Choque - Objeto Fixo;1;;;;;;;;;;1;;;;
04/02/2017;20:47:00;574;sem vítima;108;BR-040/RJ;Sul;Colisão Traseira;2;;;;;1;;;;;3;;;;
04/02/2017;21:29:00;578;sem vítima;113;BR-040/RJ;Sul;Colisão Traseira;2;;;;;;;;;;2;;;;
04/02/2017;21:43:00;579;com vítima;793;BR-040/MG;Sul;Capotamento;1;;;;;;;;;;0;1;1;;
04/02/2017;23:35:00;586;com vítima;123;BR-040/RJ;Norte;Choque - Objeto Fixo;1;;;;;;;;;;0;1;;;
05/02/2017;02:32:00;596;sem vítima;787;BR-040/MG;Norte;Choque - Objeto Fixo;1;;;;;;;;;;1;;;;
05/02/2017;05:12:00;603;com vítima;122;BR-040/RJ;Sul;Colisão Traseira;2;;;;;;;;;;0;1;2;;
05/02/2017;09:19:00;616;com vítima;85;BR-040/RJ;Norte;Capotamento;1;;;;;;;;;;0;4;;;
05/02/2017;11:49:00;630;com vítima;30;BR-040/RJ;Norte;Choque - Objeto Fixo;1;;;;;;;;;;0;2;;;
05/02/2017;11:51:00;631;sem vítima;110;BR-040/RJ;Sul;Colisão Lateral;2;;;;;;;;;;2;;;;
05/02/2017;12:10:00;635;sem vítima;802;BR-040/MG;Sul;Colisão Traseira;2;;;;;;;;;;2;;;;
05/02/2017;13:42:00;643;com vítima;113;BR-040/RJ;Norte;Colisão Traseira;1;;1;;;;;;;;0;2;;;
05/02/2017;15:29:00;649;sem vítima;87;BR-040/RJ;Sul;Choque - Objeto Fixo;1;;;;;;;;;;1;;;;
05/02/2017;15:41:00;650;sem vítima;87;BR-040/RJ;Sul;Choque - Objeto Fixo;1;;;;;;;;;;1;;;;
05/02/2017;15:59:00;654;sem vítima;84;BR-040/RJ;Norte;Choque - Objeto Fixo;1;;;;;;;;;;1;;;;
05/02/2017;16:56:00;663;sem vítima;100;BR-040/RJ;Sul;Choque - Objeto Fixo;1;;;;;;;;;;1;;;;
05/02/2017;16:35:00;665;sem vítima;82;BR-040/RJ;Sul;Choque - Objeto Fixo;1;;;;;;;;;;1;;;;
05/02/2017;17:11:00;667;sem vítima;93;BR-040/RJ;Sul;Choque - Objeto Fixo;1;;;;;;;;;;1;;;;
05/02/2017;17:30:00;671;sem vítima;93;BR-040/RJ;Norte;Choque - Objeto Fixo;1;;;;;;;;;;1;;;;
05/02/2017;18:00:00;674;com vítima;84;BR-040/RJ;Sul;Capotamento;1;;;;;;;;;;0;2;;;
05/02/2017;18:45:00;678;com vítima;90;BR-040/RJ;Sul;Capotamento;1;;;;;;;;;;0;1;;;
05/02/2017;18:55:00;682;sem vítima;111;BR-040/RJ;Sul;Colisão Traseira;2;;;;;;;;;;2;;;;
05/02/2017;19:16:00;685;sem vítima;85;BR-040/RJ;Sul;Choque - Objeto Fixo;1;;;;;;;;;;1;;;;
05/02/2017;19:17:00;686;sem vítima;1;BR-040/RJ;Sul;Colisão Lateral;2;;;;;;;;;;2;;;;
05/02/2017;19:29:00;689;sem vítima;85;BR-040/RJ;Norte;Choque - Objeto Fixo;1;;;;;;;;;;1;;;;
05/02/2017;19:33:00;691;sem vítima;92;BR-040/RJ;Sul;Choque - Objeto Fixo;1;;;;;;;;;;1;;;;
05/02/2017;19:37:00;693;sem vítima;81;BR-040/RJ;Norte;Choque - Objeto Fixo;1;;;;;;;;;;1;;;;
05/02/2017;20:18:00;697;sem vítima;93;BR-040/RJ;Sul;Choque - Objeto Fixo;1;;;;;;;;;;1;;;;
05/02/2017;22:06:00;705;sem vítima;94;BR-040/RJ;Sul;Choque - Objeto Fixo;1;;;;;;;;;;1;;;;
06/02/2017;02:50:00;727;com vítima;803;BR-040/MG;Sul;Tombamento;;;1;;;;;;;;0;1;;;
06/02/2017;08:39:00;759;sem vítima;122;BR-040/RJ;Sul;Engavetamento;4;;;;;;;;;;4;;;;
06/02/2017;11:05:00;783;com vítima;112;BR-040/RJ;Sul;Colisão Traseira;2;;;;;;;;;;1;4;;;
06/02/2017;12:03:00;790;sem vítima;796;BR-040/MG;Norte;Choque - Objeto Fixo;;;1;;;;;;;;1;;;;
06/02/2017;17:55:00;827;sem vítima;91;BR-040/RJ;Norte;Colisão Traseira;1;;;;;1;;;;;2;;;;
06/02/2017;21:23:00;847;sem vítima;18;BR-040/RJ;Norte;Choque - Objeto Fixo;1;;;;;;;;;;1;;;;
06/02/2017;21:45:00;850;com vítima;781;BR-040/MG;Norte;Atropelamento - Animal;;;;1;;;;;;;0;1;;;
07/02/2017;06:53:00;882;sem vítima;99;BR-040/RJ;Sul;Colisão Lateral;2;;;;;;;;;;2;;;;
07/02/2017;07:19:00;886;com vítima;119;BR-040/RJ;Sul;Engavetamento;1;;1;1;;;;;;;2;1;;;
07/02/2017;08:33:00;900;sem vítima;120;BR-040/RJ;Norte;Queda de Moto;;;;1;;;;;;;1;;;;
07/02/2017;10:41:00;916;sem vítima;121;BR-040/RJ;Norte;Colisão Traseira;2;;;;;;;;;;2;;;;
07/02/2017;12:34:00;934;com vítima;105;BR-040/RJ;Sul;Capotamento;1;;;;;;;;;;0;2;;;
07/02/2017;13:31:00;945;com vítima;110;BR-040/RJ;Norte;Queda de Moto;;;;1;;;;;;;0;2;;;