data;horario;n_da_ocorrencia;tipo_de_ocorrencia;km;trecho;sentido;tipo_de_acidente;automovel;bicicleta;caminhao;moto;onibus;outros;tracao_animal;transporte_de_cargas_especiais;trator_maquinas;utilitarios;ilesos;levemente_feridos;moderadamente_feridos;gravemente_feridos;mortos
01/03/2017;16:01:00;131;sem vítima;111;BR-040/RJ;Sul;Colisão Traseira;1;;;;;1;;;;;2;;;;
02/03/2017;06:36:00;200;com vítima;111;BR-040/RJ;Sul;Tombamento;;;1;;;;;;;;0;1;;;
02/03/2017;06:53:00;203;sem vítima;111;BR-040/RJ;Sul;Engavetamento;4;;;;;;;;;;4;;;;
02/03/2017;09:06:00;222;com vítima;810;BR-040/MG;Sul;Colisão Lateral;2;;;;;;;;;;1;1;;;
02/03/2017;11:30:00;239;com vítima;90;BR-040/RJ;Norte;Colisão Traseira;2;;;;;;;;;;1;1;;;
02/03/2017;13:54:00;255;com vítima;796;BR-040/MG;Sul;Choque - Objeto Fixo;1;;;;;;;;;;0;1;;;
02/03/2017;15:45:00;270;sem vítima;82;BR-040/RJ;Sul;Choque - Objeto Fixo;1;;;;;;;;;;1;;;;
02/03/2017;16:23:00;274;com vítima;97;BR-040/RJ;Sul;Choque - Objeto Fixo;;;1;;;;;;;;0;1;;;
02/03/2017;16:49:00;278;com vítima;93;BR-040/RJ;Sul;Capotamento;1;;;;;;;;;;0;4;;;
02/03/2017;17:07:00;281;sem vítima;92;BR-040/RJ;Norte;Choque - Objeto Fixo;1;;;;;;;;;;1;;;;
02/03/2017;17:05:00;282;sem vítima;93;BR-040/RJ;Sul;Choque - Objeto Fixo;1;;;;;;;;;;1;;;;
02/03/2017;19:10:00;293;sem vítima;91;BR-040/RJ;Norte;Choque - Objeto Fixo;1;;;;;;;;;;1;;;;
02/03/2017;20:16:00;296;sem vítima;83;BR-040/RJ;Sul;Choque - Objeto Fixo;1;;;;;;;;;;1;;;;
02/03/2017;21:14:00;300;sem vítima;31;BR-040/RJ;Sul;Derrapagem;1;;;;;;;;;;1;;;;
02/03/2017;22:09:00;304;sem vítima;115;BR-040/RJ;Norte;Colisão Traseira;1;;;1;;;;;;;2;;;;
03/03/2017;04:18:00;317;sem vítima;36;BR-040/RJ;Sul;Choque - Objeto Fixo;1;;;;;;;;;;1;;;;
03/03/2017;15:13:00;396;sem vítima;87;BR-040/RJ;Norte;Colisão Traseira;1;;1;;;;;;;;2;;;;
03/03/2017;16:31:00;406;sem vítima;93;BR-040/RJ;Norte;Engavetamento;2;;;;;1;;;;;3;;;;
03/03/2017;20:23:00;426;sem vítima;108;BR-040/RJ;Norte;Colisão Lateral;1;;1;;;;;;;;2;;;;
04/03/2017;00:25:00;450;sem vítima;84;BR-040/RJ;Norte;Choque - Objeto Fixo;1;;;;;;;;;;1;;;;
04/03/2017;07:21:00;467;sem vítima;35;BR-040/RJ;Norte;Choque - Objeto Fixo;1;;;;;;;;;;1;;;;
04/03/2017;10:35:00;491;com vítima;109;BR-040/RJ;Sul;Engavetamento;1;;2;;1;;;;;;0;11;6;;
04/03/2017;13:33:00;516;com vítima;74;BR-040/RJ;Sul;Queda de Moto;;;;1;;;;;;;0;1;;;
04/03/2017;15:55:00;537;com vítima;104;BR-040/RJ;Norte;Colisão Transversal;1;1;;;;;;;;;1;;;1;
04/03/2017;17:47:00;558;sem vítima;109;BR-040/RJ;Sul;Colisão Traseira;1;;1;;;;;;;;2;;;;
05/03/2017;21:10:00;576;com vítima;828;BR-040/MG;Norte;Derrapagem;1;;;;;;;;;;0;1;;;
05/03/2017;21:55:00;578;sem vítima;9;BR-040/RJ;Norte;Colisão Traseira;;;2;;;;;;;;2;;;;
05/03/2017;11:06:00;631;com vítima;108;BR-040/RJ;Norte;Colisão Lateral;;;;1;;1;;;;;1;1;;;
05/03/2017;16:34:00;667;sem vítima;84;BR-040/RJ;Norte;Choque - Objeto Fixo;1;;;;;;;;;;1;;;;
05/03/2017;16:42:00;669;sem vítima;113;BR-040/RJ;Sul;Colisão Lateral;2;;;;1;;;;;;3;;;;
05/03/2017;17:24:00;677;sem vítima;84;BR-040/RJ;Sul;Choque - Objeto Fixo;1;;;;;;;;;;1;;;;
05/03/2017;17:36:00;681;sem vítima;93;BR-040/RJ;Sul;Choque - Objeto Fixo;1;;;;;;;;;;1;;;;
05/03/2017;17:40:00;682;sem vítima;85;BR-040/RJ;Sul;Choque - Objeto Fixo;1;;;;;;;;;;1;;;;
05/03/2017;17:52:00;683;sem vítima;81;BR-040/RJ;Norte;Choque - Objeto Fixo;1;;;;;;;;;;1;;;;
05/03/2017;18:05:00;687;sem vítima;91;BR-040/RJ;Norte;Choque - Objeto Fixo;1;;;;;;;;;;1;;;;
05/03/2017;17:48:00;688;sem vítima;85;BR-040/RJ;Sul;Colisão Traseira;1;;;;;;;;;;1;;;;
05/03/2017;17:48:00;689;sem vítima;85;BR-040/RJ;Sul;Colisão Traseira;1;;;;;;;;;;1;;;;
06/03/2017;02:21:00;724;sem vítima;83;BR-040/RJ;Norte;Choque - Objeto Fixo;1;;;;;;;;;;1;;;;
06/03/2017;05:23:00;732;sem vítima;816;BR-040/MG;Sul;Colisão Lateral;1;;1;;;;;;;;2;;;;
06/03/2017;05:48:00;734;com vítima;118;BR-040/RJ;Norte;Choque - Objeto Fixo;1;;;;;;;;;;0;;1;;
06/03/2017;07:56:00;750;sem vítima;799;BR-040/MG;Norte;Choque - Objeto Fixo;1;;;;;;;;;;1;;;;
06/03/2017;11:40:00;777;com vítima;112;BR-040/RJ;Norte;Colisão Traseira;2;;;;;;;;;;1;1;;;
06/03/2017;15:19:00;805;com vítima;811;BR-040/MG;Norte;Queda de Moto;;;;1;;;;;;;0;;1;;
06/03/2017;15:58:00;813;sem vítima;68;BR-040/RJ;Norte;Choque - Objeto Fixo;1;;;;;;;;;;1;;;;
06/03/2017;16:11:00;814;com vítima;82;BR-040/RJ;Sul;Choque - Objeto Fixo;1;;;;;;;;;;0;1;;;
06/03/2017;16:24:00;818;sem vítima;12;BR-040/RJ;Sul;Choque - Objeto Fixo;;;1;;;;;;;;1;;;;
06/03/2017;16:46:00;823;sem vítima;10;BR-040/RJ;Sul;Choque - Objeto Fixo;1;;;;;;;;;;1;;;;
06/03/2017;17:05:00;828;com vítima;85;BR-040/RJ;Sul;Choque - Objeto Fixo;1;;;;;;;;;;0;1;;;
06/03/2017;17:07:00;830;sem vítima;100;BR-040/RJ;Norte;Choque - Objeto Fixo;1;;;;;;;;;;1;;;;
06/03/2017;17:35:00;833;sem vítima;783;BR-040/MG;Sul;Colisão Traseira;;;2;;;;;;;;2;;;;
06/03/2017;17:43:00;835;sem vítima;93;BR-040/RJ;Sul;Choque - Objeto Fixo;1;;;;;;;;;;1;;;;
06/03/2017;17:49:00;836;sem vítima;91;BR-040/RJ;Norte;Choque - Objeto Fixo;1;;;;;;;;;;1;;;;
06/03/2017;18:38:00;841;sem vítima;118;BR-040/RJ;Norte;Colisão Traseira;1;;;;;1;;;;;2;;;;
06/03/2017;19:33:00;849;com vítima;47;BR-040/RJ;Sul;Capotamento;1;;;;;;;;;;0;1;;;
06/03/2017;20:08:00;853;sem vítima;123;BR-040/RJ;Norte;Colisão Lateral;1;;;;;1;;;;;2;;;;
06/03/2017;20:26:00;854;sem vítima;92;BR-040/RJ;Sul;Choque - Objeto Fixo;1;;;;;;;;;;1;;;;
06/03/2017;20:57:00;859;sem vítima;91;BR-040/RJ;Sul;Choque - Objeto Fixo;1;;;;;;;;;;1;;;;
06/03/2017;21:02:00;860;sem vítima;122;BR-040/RJ;Norte;Engavetamento;3;;;;;2;;;;;5;;;;
07/03/2017;02:03:00;885;com vítima;87;BR-040/RJ;Sul;Derrapagem;;;1;;;;;;;;0;1;;;
07/03/2017;10:38:00;942;sem vítima;816;BR-040/MG;Sul;Colisão Traseira;2;;;;;;;;;;2;;;;
07/03/2017;10:42:00;943;sem vítima;124;BR-040/RJ;Sul;Colisão Traseira;2;;;;;;;;;;2;;;;
07/03/2017;11:39:00;948;com vítima;92;BR-040/RJ;Norte;Queda de Moto;;;;1;;;;;;;0;1;;;
07/03/2017;14:48:00;961;sem vítima;90;BR-040/RJ;Sul;Capotamento;1;;;;;;;;;;1;;;;
07/03/2017;15:51:00;968;com vítima;92;BR-040/RJ;Sul;Choque - Objeto Fixo;1;;;;;;;;;;0;4;;;
07/03/2017;17:42:00;980;com vítima;820;BR-040/MG;Norte;Capotamento;1;;;;;;;;;;0;;2;;
07/03/2017;17:49:00;981;sem vítima;97;BR-040/RJ;Sul;Choque - Objeto Fixo;1;;;;;;;;;;1;;;;
07/03/2017;18:16:00;985;com vítima;93;BR-040/RJ;Sul;Capotamento;1;;;;;;;;;;0;1;;;
07/03/2017;18:55:00;994;sem vítima;98;BR-040/RJ;Norte;Choque - Objeto Fixo;1;;;;;;;;;;1;;;;
07/03/2017;18:57:00;996;sem vítima;78;BR-040/RJ;Norte;Choque - Objeto Fixo;1;;;;;;;;;;1;;;;
07/03/2017;21:00:00;1007;sem vítima;111;BR-040/RJ;Norte;Engavetamento;2;;1;;;;;;;;3;;;;
07/03/2017;22:24:00;1011;sem vítima;93;BR-040/RJ;Sul;Choque - Objeto Fixo;1;;;;;;;;;;1;;;;
07/03/2017;23:10:00;1018;com vítima;105;BR-040/RJ;Sul;Atropelamento - Pedestre;1;;;;;;;;;;1;;1;;
08/03/2017;07:26:00;1039;com vítima;94;BR-040/RJ;Sul;Capotamento;1;;;;;;;;;;0;1;;;
08/03/2017;07:42:00;1042;sem vítima;77;BR-040/RJ;Sul;Choque - Objeto Fixo;;;1;;;;;;;;1;;;;
08/03/2017;07:46:00;1044;com vítima;92;BR-040/RJ;Sul;Choque - Objeto Fixo;1;;;;;;;;;;0;1;;;
08/03/2017;08:28:00;1049;com vítima;115;BR-040/RJ;Sul;Queda de Moto;;;;1;;;;;;;0;;1;;
08/03/2017;09:07:00;1052;sem vítima;84;BR-040/RJ;Sul;Choque - Objeto Fixo;1;;;;;;;;;;1;;;;
08/03/2017;14:54:00;1097;sem vítima;93;BR-040/RJ;Sul;Choque - Objeto Fixo;1;;;;;;;;;;1;;;;
08/03/2017;15:11:00;1104;sem vítima;84;BR-040/RJ;Sul;Choque - Objeto Fixo;1;;;;;;;;;;1;;;;
08/03/2017;15:12:00;1105;com vítima;85;BR-040/RJ;Sul;Choque - Objeto Fixo;1;;;;;;;;;;0;1;;;
08/03/2017;15:49:00;1107;sem vítima;77;BR-040/RJ;Sul;Choque - Objeto Fixo;1;;;;;;;;;;1;;;;
08/03/2017;15:45:00;1108;sem vítima;85;BR-040/RJ;Norte;Choque - Objeto Fixo;1;;;;;;;;;;1;;;;
08/03/2017;16:03:00;1111;sem vítima;92;BR-040/RJ;Sul;Choque - Objeto Fixo;1;;;;;;;;;;1;;;;
08/03/2017;17:04:00;1128;sem vítima;94;BR-040/RJ;Sul;Choque - Objeto Fixo;1;;;;;;;;;;1;;;;
08/03/2017;19:52:00;1141;com vítima;104;BR-040/RJ;Norte;Atropelamento - Pedestre;1;;;;;;;;;;1;;;1;
08/03/2017;20:39:00;1146;com vítima;93;BR-040/RJ;Sul;Capotamento;1;;;;;;;;;;0;;2;;
08/03/2017;20:39:00;1147;sem vítima;93;BR-040/RJ;Sul;Choque - Objeto Fixo;1;;;;;;;;;;1;;;;
08/03/2017;21:11:00;1151;sem vítima;94;BR-040/RJ;Sul;Choque - Objeto Fixo;1;;;;;;;;;;1;;;;
08/03/2017;22:06:00;1158;sem vítima;806;BR-040/MG;Norte;Choque - Objeto Fixo;1;;;;;;;;;;1;;;;
09/03/2017;08:46:00;1196;com vítima;55;BR-040/RJ;Norte;Colisão Lateral;1;;;1;;;;;;;0;2;;;
09/03/2017;17:02:00;1258;com vítima;113;BR-040/RJ;Sul;Queda de Moto;;;;1;;;;;;;0;1;;;
09/03/2017;20:35:00;1278;sem vítima;84;BR-040/RJ;Sul;Choque - Objeto Fixo;;;1;;;;;;;;1;;;;
10/03/2017;12:13:00;1348;com vítima;36;BR-040/RJ;Sul;Queda de Moto;;;;1;;;;;;;0;;1;1;
10/03/2017;12:30:00;1351;sem vítima;96;BR-040/RJ;Norte;Engavetamento;3;;;;;;;;;;3;;;;
10/03/2017;16:09:00;1375;com vítima;122;BR-040/RJ;Sul;Colisão Traseira;2;;;;;;;;;;0;2;;;
10/03/2017;19:13:00;1409;com vítima;113;BR-040/RJ;Norte;Queda de Moto;;;;1;;;;;;;0;1;;;
10/03/2017;20:07:00;1420;com vítima;785;BR-040/MG;Sul;Queda de Moto;;;;1;;;;;;;0;1;;;
11/03/2017;06:05:00;1470;com vítima;102;BR-040/RJ;Norte;Colisão Lateral;1;;;1;;;;;;;1;;2;;
11/03/2017;10:19:00;1487;sem vítima;124;BR-040/RJ;Norte;Colisão Traseira;1;;1;;;;;;;;2;;;;
11/03/2017;13:24:00;1511;com vítima;105;BR-040/RJ;Norte;Capotamento;1;;;;;;;;;;0;1;;;
11/03/2017;15:01:00;1521;com vítima;792;BR-040/MG;Sul;Atropelamento - Pedestre;1;;;;;;;;;;0;1;;;1
11/03/2017;17:59:00;1547;com vítima;85;BR-040/RJ;Sul;Choque - Objeto Fixo;1;;;;;;;;;;0;1;;;
11/03/2017;18:09:00;1548;com vítima;93;BR-040/RJ;Sul;Capotamento;1;;;;;;;;;;0;4;;;
11/03/2017;18:14:00;1549;sem vítima;94;BR-040/RJ;Norte;Choque - Objeto Fixo;1;;;;;;;;;;1;;;;
12/03/2017;01:37:00;1582;sem vítima;121;BR-040/RJ;Sul;Choque - Objeto Fixo;1;;;;;;;;;;1;;;;
12/03/2017;08:13:00;1610;sem vítima;97;BR-040/RJ;Sul;Choque - Objeto Fixo;1;;;;;;;;;;1;;;;
12/03/2017;18:12:00;1688;sem vítima;89;BR-040/RJ;Norte;Choque - Objeto Fixo;1;;;;;;;;;;1;;;;
12/03/2017;20:13:00;1705;sem vítima;109;BR-040/RJ;Sul;Colisão Lateral;1;;;;;1;;;;;2;;;;
12/03/2017;20:47:00;1710;com vítima;823;BR-040/MG;Norte;Colisão Traseira;1;;;;1;;;;;;1;4;;;
12/03/2017;22:39:00;1719;sem vítima;120;BR-040/RJ;Sul;Colisão Lateral;1;;;;;1;;;;;2;;;;
13/03/2017;14:54:00;1798;sem vítima;813;BR-040/MG;Norte;Choque - Objeto Fixo;1;;;;;;;;;;1;;;;
13/03/2017;14:54:00;1799;sem vítima;85;BR-040/RJ;Sul;Choque - Objeto Fixo;1;;;;;;;;;;1;;;;
13/03/2017;15:32:00;1804;sem vítima;95;BR-040/RJ;Sul;Capotamento;1;;;;;;;;;;1;;;;
13/03/2017;15:52:00;1809;sem vítima;91;BR-040/RJ;Norte;Choque - Objeto Fixo;1;;;;;;;;;;1;;;;
13/03/2017;16:19:00;1811;sem vítima;93;BR-040/RJ;Sul;Choque - Objeto Fixo;1;;;;;;;;;;1;;;;
13/03/2017;16:36:00;1813;sem vítima;92;BR-040/RJ;Sul;Choque - Objeto Fixo;1;;;;;;;;;;1;;;;
13/03/2017;17:18:00;1821;sem vítima;86;BR-040/RJ;Sul;Choque - Objeto Fixo;1;;;;;;;;;;1;;;;
13/03/2017;17:22:00;1822;sem vítima;122;BR-040/RJ;Norte;Colisão Traseira;;;1;1;;;;;;;2;;;;
13/03/2017;17:37:00;1824;sem vítima;78;BR-040/RJ;Sul;Choque - Objeto Fixo;1;;;;;;;;;;1;;;;
13/03/2017;17:42:00;1825;sem vítima;92;BR-040/RJ;Sul;Choque - Objeto Fixo;1;;;;;;;;;;1;;;;
13/03/2017;18:51:00;1829;com vítima;122;BR-040/RJ;Norte;Colisão Traseira;;;;;2;;;;;;1;4;;;
13/03/2017;19:15:00;1831;com vítima;113;BR-040/RJ;Sul;Queda de Moto;;;;1;;;;;;;0;2;;;
14/03/2017;06:11:00;1877;sem vítima;117;BR-040/RJ;Sul;Engavetamento;3;;;;;;;;;;3;;;;
14/03/2017;06:16:00;1878;com vítima;797;BR-040/MG;Sul;Choque - Objeto Fixo;1;;;;;;;;;;0;4;2;;
14/03/2017;06:31:00;1881;com vítima;106;BR-040/RJ;Sul;Colisão Frontal;2;;;;;;;;;;0;2;;;
14/03/2017;06:54:00;1883;com vítima;116;BR-040/RJ;Sul;Colisão Lateral;1;;;1;;;;;;;2;1;;;
14/03/2017;13:31:00;1927;sem vítima;94;BR-040/RJ;Sul;Choque - Objeto Fixo;1;;;;;;;;;;1;;;;
14/03/2017;14:06:00;1933;sem vítima;93;BR-040/RJ;Norte;Choque - Objeto Fixo;1;;;;;;;;;;1;;;;
14/03/2017;15:18:00;1939;sem vítima;93;BR-040/RJ;Norte;Choque - Objeto Fixo;1;;;;;;;;;;1;;;;
14/03/2017;17:16:00;1955;sem vítima;52;BR-040/RJ;Sul;Choque - Objeto Fixo;1;;;;;;;;;;1;;;;
14/03/2017;17:30:00;1957;sem vítima;794;BR-040/MG;Norte;Choque - Objeto Fixo;1;;;;;;;;;;1;;;;
14/03/2017;17:45:00;1958;sem vítima;54;BR-040/RJ;Sul;Choque - Objeto Fixo;1;;;;;;;;;;1;;;;
14/03/2017;18:18:00;1961;sem vítima;93;BR-040/RJ;Sul;Choque - Objeto Fixo;1;;;;;;;;;;1;;;;
14/03/2017;19:16:00;1966;sem vítima;13;BR-040/RJ;Sul;Choque - Objeto Fixo;1;;;;;;;;;;1;;;;
15/03/2017;05:21:00;2004;sem vítima;122;BR-040/RJ;Sul;Colisão Traseira;2;;;;;;;;;;2;;;;
15/03/2017;17:13:00;2083;com vítima;813;BR-040/MG;Sul;Choque - Objeto Fixo;1;;;;;;;;;;0;3;;;
15/03/2017;17:24:00;2085;sem vítima;114;BR-040/RJ;Norte;Colisão Traseira;2;;;;;;;;;;2;;;;
15/03/2017;21:25:00;2106;sem vítima;119;BR-040/RJ;Norte;Choque - Objeto Fixo;;;1;;;;;;;;1;;;;
15/03/2017;22:16:00;2109;com vítima;58;BR-040/RJ;Sul;Capotamento;1;;;;;;;;;;0;1;;;
16/03/2017;00:46:00;2118;com vítima;780;BR-040/MG;Sul;Derrapagem;;;1;;;;;;;;0;1;;;
16/03/2017;09:41:00;2158;com vítima;123;BR-040/RJ;Norte;Colisão Lateral;1;;2;;;;;;;;1;3;;;
16/03/2017;13:36:00;2187;sem vítima;98;BR-040/RJ;Norte;Choque - Objeto Fixo;;;1;;;;;;;;1;;;;
17/03/2017;02:01:00;2259;com vítima;116;BR-040/RJ;Norte;Choque - Objeto Fixo;1;;;;;;;;;;0;1;;;
17/03/2017;05:13:00;2269;com vítima;104;BR-040/RJ;Sul;Choque - Objeto Fixo;;;1;;;;;;;;0;3;;;
17/03/2017;11:46:00;2318;sem vítima;91;BR-040/RJ;Sul;Choque - Objeto Fixo;1;;;;;;;;;;1;;;;
17/03/2017;14:56:00;2333;sem vítima;101;BR-040/RJ;Sul;Choque - Objeto Fixo;1;;;;;;;;;;1;;;;
17/03/2017;15:04:00;2335;sem vítima;119;BR-040/RJ;Sul;Capotamento;1;;;;;;;;;;1;;;;
17/03/2017;19:18:00;2364;sem vítima;124;BR-040/RJ;Sul;Colisão Traseira;2;;;;;;;;;;2;;;;
18/03/2017;01:15:00;2393;sem vítima;52;BR-040/RJ;Sul;Choque - Objeto Fixo;1;;;;;;;;;;1;;;;
18/03/2017;02:13:00;2395;sem vítima;82;BR-040/RJ;Sul;Choque - Objeto Fixo;1;;;;;;;;;;1;;;;
18/03/2017;04:09:00;2404;com vítima;70;BR-040/RJ;Sul;Colisão Traseira;1;;1;;;;;;;;1;;1;;
18/03/2017;04:14:00;2405;sem vítima;84;BR-040/RJ;Sul;Choque - Objeto Fixo;1;;;;;;;;;;1;;;;
18/03/2017;06:21:00;2410;sem vítima;105;BR-040/RJ;Norte;Colisão Lateral;2;;;;;;;;;;2;;;;
18/03/2017;06:58:00;2417;sem vítima;94;BR-040/RJ;Sul;Choque - Objeto Fixo;1;;;;;;;;;;1;;;;
18/03/2017;07:31:00;2422;sem vítima;71;BR-040/RJ;Norte;Choque - Objeto Fixo;1;;;;;;;;;;1;;;;
18/03/2017;07:18:00;2425;sem vítima;92;BR-040/RJ;Norte;Choque - Objeto Fixo;1;;;;;;;;;;1;;;;
18/03/2017;07:53:00;2428;sem vítima;92;BR-040/RJ;Sul;Choque - Objeto Fixo;1;;;;;;;;;;1;;;;
18/03/2017;08:05:00;2430;sem vítima;90;BR-040/RJ;Norte;Choque - Objeto Fixo;1;;;;;;;;;;1;;;;
18/03/2017;08:33:00;2435;com vítima;82;BR-040/RJ;Sul;Choque - Objeto Fixo;1;;;;;;;;;;0;1;;;
18/03/2017;08:38:00;2436;sem vítima;85;BR-040/RJ;Norte;Choque - Objeto Fixo;1;;;;;;;;;;1;;;;
18/03/2017;09:14:00;2439;sem vítima;90;BR-040/RJ;Sul;Derrapagem;1;;;;;;;;;;1;;;;
18/03/2017;09:32:00;2441;sem vítima;93;BR-040/RJ;Sul;Choque - Objeto Fixo;1;;;;;;;;;;1;;;;
18/03/2017;10:12:00;2447;sem vítima;93;BR-040/RJ;Sul;Choque - Objeto Fixo;1;;;;;;;;;;1;;;;
18/03/2017;10:36:00;2450;sem vítima;94;BR-040/RJ;Sul;Choque - Objeto Fixo;1;;;;;;;;;;1;;;;
18/03/2017;10:38:00;2451;com vítima;78;BR-040/RJ;Norte;Choque - Objeto Fixo;1;;;;;;;;;;0;6;;;
18/03/2017;11:07:00;2454;sem vítima;84;BR-040/RJ;Norte;Choque - Objeto Fixo;1;;;;;;;;;;1;;;;
18/03/2017;11:55:00;2460;sem vítima;85;BR-040/RJ;Norte;Choque - Objeto Fixo;1;;;;;;;;;;1;;;;
18/03/2017;11:57:00;2461;sem vítima;85;BR-040/RJ;Sul;Choque - Objeto Fixo;1;;;;;;;;;;1;;;;
18/03/2017;12:58:00;2468;com vítima;104;BR-040/RJ;Norte;Atropelamento - Pedestre;1;1;;;;;;;;;1;1;;;
18/03/2017;15:56:00;2488;sem vítima;85;BR-040/RJ;Norte;Choque - Objeto Fixo;1;;;;;;;;;;1;;;;
18/03/2017;17:40:00;2506;sem vítima;57;BR-040/RJ;Norte;Colisão Lateral;1;;1;;;;;;;;2;;;;
18/03/2017;20:47:00;2517;sem vítima;101;BR-040/RJ;Sul;Choque - Objeto Fixo;1;;;;;;;;;;1;;;;
18/03/2017;20:51:00;2518;sem vítima;91;BR-040/RJ;Sul;Choque - Objeto Fixo;1;;;;;;;;;;1;;;;
19/03/2017;00:10:00;2528;com vítima;13;BR-040/RJ;Sul;Capotamento;1;;;;;;;;;;0;4;;;
19/03/2017;00:43:00;2532;com vítima;119;BR-040/RJ;Norte;Colisão Traseira;1;;;;1;;;;;;1;1;1;;
19/03/2017;01:36:00;2534;com vítima;818;BR-040/MG;Norte;Choque - Objeto Fixo;1;;;;;;;;;;0;1;;;
19/03/2017;04:13:00;2545;sem vítima;123;BR-040/RJ;Norte;Choque - Objeto Fixo;1;;;;;;;;;;1;;;;
19/03/2017;05:33:00;2549;sem vítima;804;BR-040/MG;Sul;Choque - Objeto Fixo;1;;;;;;;;;;1;;;;
19/03/2017;06:50:00;2554;sem vítima;100;BR-040/RJ;Sul;Choque - Objeto Fixo;1;;;;;;;;;;1;;;;
19/03/2017;07:09:00;2557;com vítima;43;BR-040/RJ;Norte;Capotamento;1;;;;;;;;;;0;1;;;
19/03/2017;07:30:00;2560;com vítima;85;BR-040/RJ;Sul;Choque - Objeto Fixo;1;;;;;;;;;;0;3;1;;
19/03/2017;08:19:00;2564;sem vítima;824;BR-040/MG;Sul;Capotamento;1;;;;;;;;;;1;;;;
19/03/2017;09:14:00;2567;com vítima;34;BR-040/RJ;Norte;Choque - Objeto Fixo;1;;;;;;;;;;0;1;;;
19/03/2017;09:29:00;2569;sem vítima;93;BR-040/RJ;Norte;Choque - Objeto Fixo;1;;;;;;;;;;1;;;;
19/03/2017;10:38:00;2575;sem vítima;92;BR-040/RJ;Norte;Choque - Objeto Fixo;1;;;;;;;;;;1;;;;
19/03/2017;10:38:00;2576;sem vítima;91;BR-040/RJ;Norte;Choque - Objeto Fixo;1;;;;;;;;;;1;;;;
19/03/2017;11:07:00;2580;sem vítima;85;BR-040/RJ;Norte;Choque - Objeto Fixo;1;;;;;;;;;;1;;;;
19/03/2017;11:08:00;2581;com vítima;95;BR-040/RJ;Norte;Choque - Objeto Fixo;1;;;;;;;;;;0;1;;;
19/03/2017;12:41:00;2589;sem vítima;91;BR-040/RJ;Sul;Choque - Objeto Fixo;1;;;;;;;;;;1;;;;
19/03/2017;12:57:00;2592;sem vítima;93;BR-040/RJ;Norte;Choque - Objeto Fixo;1;;;;;;;;;;1;;;;
19/03/2017;12:59:00;2593;sem vítima;85;BR-040/RJ;Sul;Choque - Objeto Fixo;1;;;;;;;;;;1;;;;
19/03/2017;13:07:00;2595;sem vítima;74;BR-040/RJ;Norte;Choque - Objeto Fixo;1;;;;;;;;;;1;;;;
19/03/2017;13:37:00;2599;sem vítima;93;BR-040/RJ;Sul;Choque - Objeto Fixo;1;;;;;;;;;;1;;;;
19/03/2017;13:40:00;2600;sem vítima;91;BR-040/RJ;Norte;Choque - Objeto Fixo;1;;;;;;;;;;1;;;;
19/03/2017;14:02:00;2604;sem vítima;78;BR-040/RJ;Sul;Choque - Objeto Fixo;1;;;;;;;;;;1;;;;
19/03/2017;14:13:00;2605;sem vítima;93;BR-040/RJ;Sul;Choque - Objeto Fixo;1;;;;;;;;;;1;;;;
19/03/2017;15:05:00;2609;com vítima;72;BR-040/RJ;Norte;Capotamento;1;;;;;;;;;;0;2;;;
19/03/2017;15:20:00;2610;sem vítima;92;BR-040/RJ;Sul;Choque - Objeto Fixo;1;;;;;;;;;;1;;;;
19/03/2017;15:55:00;2615;sem vítima;93;BR-040/RJ;Sul;Derrapagem;1;;;;;;;;;;1;;;;
19/03/2017;16:12:00;2618;sem vítima;90;BR-040/RJ;Sul;Choque - Objeto Fixo;1;;;;;;;;;;1;;;;
19/03/2017;15:55:00;2620;sem vítima;93;BR-040/RJ;Sul;Choque - Objeto Fixo;1;;;;;;;;;;1;;;;
19/03/2017;16:29:00;2623;com vítima;90;BR-040/RJ;Norte;Capotamento;1;;;;;;;;;;0;2;;;
19/03/2017;16:41:00;2625;sem vítima;78;BR-040/RJ;Sul;Choque - Objeto Fixo;1;;;;;;;;;;1;;;;
19/03/2017;16:53:00;2626;sem vítima;82;BR-040/RJ;Sul;Choque - Objeto Fixo;1;;;;;;;;;;1;;;;
19/03/2017;17:05:00;2627;com vítima;10;BR-040/RJ;Sul;Capotamento;1;;;;;;;;;;0;4;;;
19/03/2017;17:09:00;2628;sem vítima;82;BR-040/RJ;Sul;Choque - Objeto Fixo;1;;;;;;;;;;1;;;;
19/03/2017;17:37:00;2633;sem vítima;84;BR-040/RJ;Sul;Choque - Objeto Fixo;1;;;;;;;;;;1;;;;
19/03/2017;17:40:00;2635;sem vítima;77;BR-040/RJ;Sul;Choque - Objeto Fixo;1;;;;;;;;;;1;;;;
19/03/2017;18:09:00;2638;sem vítima;92;BR-040/RJ;Sul;Choque - Objeto Fixo;1;;;;;;;;;;1;;;;
19/03/2017;19:41:00;2646;com vítima;102;BR-040/RJ;Norte;Choque - Objeto Fixo;1;;;;;;;;;;0;2;;;
19/03/2017;19:57:00;2649;sem vítima;84;BR-040/RJ;Sul;Choque - Objeto Fixo;1;;;;;;;;;;1;;;;
19/03/2017;20:37:00;2651;sem vítima;91;BR-040/RJ;Sul;Choque - Objeto Fixo;1;;;;;;;;;;1;;;;
19/03/2017;20:40:00;2653;com vítima;104;BR-040/RJ;Norte;Colisão Frontal;;1;;;1;;;;;;1;;;;1
19/03/2017;21:28:00;2655;sem vítima;78;BR-040/RJ;Norte;Colisão Lateral;2;;;;;;;;;;2;;;;