data;horario;n_da_ocorrencia;tipo_de_ocorrencia;km;trecho;sentido;tipo_de_acidente;automovel;bicicleta;caminhao;moto;onibus;outros;tracao_animal;transporte_de_cargas_especiais;trator_maquinas;utilitarios;ilesos;levemente_feridos;moderadamente_feridos;gravemente_feridos;mortos
29/04/2017;21:02:00;3957;com vítima;36;BR-040/RJ;Norte;Choque - Objeto Fixo;1;;;;;;;;;;0;;;1;
29/04/2017;21:13:00;3959;sem vítima;43;BR-040/RJ;Norte;Choque - Objeto Fixo;1;;;;;;;;;;1;;;;
29/04/2017;22:30:00;3964;sem vítima;5;BR-040/RJ;Norte;Choque - Objeto Fixo;1;;;;;;;;;;1;;;;
29/04/2017;22:58:00;3967;sem vítima;123;BR-040/RJ;Norte;Colisão Traseira;1;;;;;1;;;;;2;;;;
29/04/2017;23:32:00;3971;sem vítima;82;BR-040/RJ;Sul;Derrapagem;1;;;;;;;;;;1;;;;
30/04/2017;04:58:00;3984;com vítima;123;BR-040/RJ;Sul;Colisão Traseira;2;;;;;;;;;;1;1;;;
30/04/2017;06:44:00;3988;sem vítima;94;BR-040/RJ;Norte;Derrapagem;1;;;;;;;;;;1;;;;
30/04/2017;12:03:00;4016;com vítima;85;BR-040/RJ;Sul;Queda de Moto;;;;1;;;;;;;0;2;;;
30/04/2017;17:16:00;4041;sem vítima;92;BR-040/RJ;Sul;Choque - Objeto Fixo;1;;;;;;;;;;1;;;;
30/04/2017;17:45:00;4042;sem vítima;85;BR-040/RJ;Sul;Choque - Objeto Fixo;1;;;;;;;;;;1;;;;
30/04/2017;18:43:00;4046;com vítima;116;BR-040/RJ;Norte;Queda de Moto;;;;1;;;;;;;0;2;;;
30/04/2017;19:15:00;4049;sem vítima;796;BR-040/MG;Norte;Colisão Traseira;1;;;;;1;;;;;2;;;;
30/04/2017;21:20:00;4065;sem vítima;82;BR-040/RJ;Sul;Choque - Objeto Fixo;1;;;;;;;;;;1;;;;
01/05/2017;04:26:00;9;sem vítima;100;BR-040/RJ;Sul;Choque - Objeto Fixo;1;;;;;;;;;;1;;;;
01/05/2017;08:50:00;24;sem vítima;5;BR-040/RJ;Norte;Choque - Objeto Fixo;1;;;;;;;;;;1;;;;
01/05/2017;19:54:00;90;com vítima;123;BR-040/RJ;Sul;Atropelamento - Pedestre;1;;;;;;;;;;1;;;1;
01/05/2017;23:23:00;109;com vítima;803;BR-040/MG;Sul;Colisão Frontal;2;;;;;;;;;;0;4;;;
02/05/2017;04:35:00;127;com vítima;30;BR-040/RJ;Norte;Tombamento;;;1;;;;;;;;0;1;;;
02/05/2017;10:33:00;165;sem vítima;92;BR-040/RJ;Sul;Choque - Objeto Fixo;1;;;;;;;;;;1;;;;
02/05/2017;10:49:00;167;com vítima;124;BR-040/RJ;Sul;Colisão Lateral;1;;;1;;;;;;;0;2;;;
02/05/2017;16:31:00;204;sem vítima;119;BR-040/RJ;Norte;Choque - Objeto Fixo;;;1;;;;;;;;1;;;;
02/05/2017;19:13:00;220;sem vítima;19;BR-040/RJ;Norte;Atropelamento - Animal;1;;;;;;;;;;1;;;;
03/05/2017;00:28:00;238;sem vítima;87;BR-040/RJ;Sul;Capotamento;1;;;;;;;;;;1;;;;
03/05/2017;02:34:00;245;com vítima;59;BR-040/RJ;Norte;Capotamento;1;;;;;;;;;;0;1;;;
03/05/2017;03:35:00;251;com vítima;788;BR-040/MG;Norte;Derrapagem;1;;;;;;;;;;0;2;;;
03/05/2017;05:17:00;258;com vítima;106;BR-040/RJ;Norte;Queda de Moto;;;;1;;;;;;;0;;1;1;
03/05/2017;06:23:00;265;com vítima;123;BR-040/RJ;Sul;Colisão Traseira;1;;;1;;;;;;;1;1;;;
03/05/2017;07:32:00;275;com vítima;101;BR-040/RJ;Norte;Colisão Traseira;1;;;1;;;;;;;1;;1;;
03/05/2017;07:38:00;276;sem vítima;111;BR-040/RJ;Sul;Engavetamento;4;;;;;;;;;;4;;;;
03/05/2017;08:07:00;277;com vítima;122;BR-040/RJ;Sul;Colisão Lateral;1;;1;1;;;;;;;2;;1;;
03/05/2017;08:54:00;281;com vítima;16;BR-040/RJ;Norte;Choque - Objeto Fixo;1;;;;;;;;;;0;1;;;
03/05/2017;10:00:00;286;sem vítima;112;BR-040/RJ;Norte;Colisão Traseira;2;;1;;;;;;;;3;;;;
03/05/2017;10:11:00;292;sem vítima;70;BR-040/RJ;Sul;Choque - Objeto Fixo;1;;;;;;;;;;1;;;;
03/05/2017;15:36:00;321;sem vítima;86;BR-040/RJ;Norte;Choque - Objeto Fixo;;;1;;;;;;;;1;;;;
03/05/2017;20:36:00;353;com vítima;85;BR-040/RJ;Sul;Capotamento;1;;;;;;;;;;0;1;;;
04/05/2017;05:09:00;389;com vítima;109;BR-040/RJ;Sul;Atropelamento - Pedestre;1;;;;;;;;;;1;;1;;
04/05/2017;05:29:00;392;com vítima;93;BR-040/RJ;Sul;Tombamento;1;;;;;;;;;;0;13;2;;
04/05/2017;05:54:00;396;com vítima;123;BR-040/RJ;Norte;Colisão Traseira;1;;;1;;;;;;;1;;;1;
04/05/2017;10:21:00;433;sem vítima;121;BR-040/RJ;Sul;Engavetamento;3;;;;;1;;;;;4;;;;
04/05/2017;12:51:00;450;sem vítima;86;BR-040/RJ;Norte;Derrapagem;;;;1;;;;;;;1;;;;
04/05/2017;14:11:00;457;com vítima;110;BR-040/RJ;Norte;Queda de Moto;;;;1;;;;;;;0;1;;;
04/05/2017;19:14:00;495;sem vítima;121;BR-040/RJ;Norte;Colisão Lateral;1;;1;;;;;;;;2;;;;
04/05/2017;22:00:00;508;sem vítima;21;BR-040/RJ;Norte;Derrapagem;;;1;;;;;;;;1;;;;
05/05/2017;10:00:00;566;sem vítima;84;BR-040/RJ;Norte;Choque - Objeto Fixo;;;1;;;;;;;;1;;;;
05/05/2017;13:38:00;594;com vítima;64;BR-040/RJ;Sul;Choque - Objeto Fixo;1;;;;;;;;;;0;2;;;
05/05/2017;17:35:00;627;com vítima;92;BR-040/RJ;Norte;Capotamento;1;;;;;;;;;;0;2;;;
05/05/2017;17:53:00;630;sem vítima;109;BR-040/RJ;Sul;Engavetamento;1;;1;;1;;;;;;3;;;;
05/05/2017;19:13:00;635;sem vítima;84;BR-040/RJ;Norte;Choque - Objeto Fixo;1;;;;;;;;;;1;;;;
05/05/2017;23:23:00;647;com vítima;64;BR-040/RJ;Norte;Colisão Frontal;;;;1;;1;;;;;1;2;;;
06/05/2017;01:31:00;652;sem vítima;123;BR-040/RJ;Sul;Capotamento;1;;;;;;;;;;1;;;;
06/05/2017;05:56:00;667;com vítima;123;BR-040/RJ;Sul;Choque - Objeto Fixo;1;;;;;;;;;;0;;;;1
06/05/2017;07:16:00;671;sem vítima;85;BR-040/RJ;Sul;Choque - Objeto Fixo;1;;;;;;;;;;1;;;;
06/05/2017;07:22:00;672;sem vítima;782;BR-040/MG;Norte;Choque - Objeto Fixo;1;;;;;;;;;;1;;;;
06/05/2017;07:15:00;674;sem vítima;74;BR-040/RJ;Norte;Colisão Lateral;2;;;;;;;;;;2;;;;
06/05/2017;07:45:00;675;sem vítima;92;BR-040/RJ;Sul;Choque - Objeto Fixo;1;;;;;;;;;;1;;;;
06/05/2017;07:58:00;676;com vítima;34;BR-040/RJ;Norte;Capotamento;1;;;;;;;;;;0;3;;;
06/05/2017;08:23:00;678;sem vítima;13;BR-040/RJ;Sul;Choque - Objeto Fixo;1;;;;;;;;;;1;;;;
06/05/2017;08:49:00;680;com vítima;120;BR-040/RJ;Norte;Colisão Lateral;1;;;1;;;;;;;1;1;;;
06/05/2017;09:34:00;682;sem vítima;108;BR-040/RJ;Norte;Choque - Objeto Fixo;1;;;;;;;;;;1;;;;
06/05/2017;10:04:00;683;sem vítima;90;BR-040/RJ;Sul;Choque - Objeto Fixo;1;;;;;;;;;;1;;;;
06/05/2017;11:05:00;693;com vítima;92;BR-040/RJ;Sul;Choque - Objeto Fixo;1;;;;;;;;;;0;1;;;
06/05/2017;11:42:00;697;sem vítima;90;BR-040/RJ;Norte;Choque - Objeto Fixo;1;;;;;;;;;;1;;;;
07/05/2017;02:28:00;762;sem vítima;125;BR-040/RJ;Sul;Choque - Objeto Fixo;1;;;;;;;;;;1;;;;
07/05/2017;04:45:00;770;sem vítima;123;BR-040/RJ;Norte;Capotamento;1;;;;;;;;;;1;;;;
07/05/2017;06:00:00;776;com vítima;89;BR-040/RJ;Norte;Choque - Objeto Fixo;1;;;;;;;;;;0;;2;;
07/05/2017;11:27:00;804;com vítima;43;BR-040/RJ;Norte;Choque - Objeto Fixo;1;;;;;;;;;;0;;1;;
07/05/2017;14:35:00;819;com vítima;84;BR-040/RJ;Sul;Queda de Moto;;;;1;;;;;;;0;;1;;
07/05/2017;18:46:00;853;sem vítima;77;BR-040/RJ;Sul;Choque - Objeto Fixo;1;;;;;;;;;;1;;;;
07/05/2017;21:37:00;862;sem vítima;53;BR-040/RJ;Sul;Colisão Lateral;;;2;;;;;;;;2;;;;
07/05/2017;21:57:00;865;sem vítima;112;BR-040/RJ;Norte;Choque - Objeto Fixo;1;;;;;;;;;;1;;;;
08/05/2017;11:01:00;926;com vítima;124;BR-040/RJ;Sul;Colisão Lateral;2;;;;;;;;;;1;1;;;
08/05/2017;11:24:00;931;com vítima;118;BR-040/RJ;Norte;Colisão Lateral;1;;1;;;;;;;;0;2;;;
08/05/2017;12:23:00;936;sem vítima;781;BR-040/MG;Sul;Choque - Objeto Fixo;1;;;;;;;;;;1;;;;
08/05/2017;13:33:00;942;com vítima;118;BR-040/RJ;Norte;Tombamento;;;1;;;;;;;;0;2;1;;
08/05/2017;13:40:00;944;com vítima;62;BR-040/RJ;Sul;Choque - Objeto Fixo;;;1;;;;;;;;0;1;;;
08/05/2017;15:42:00;958;com vítima;104;BR-040/RJ;Norte;Colisão Transversal;1;1;;;;;;;;;1;;;1;
08/05/2017;16:21:00;966;com vítima;111;BR-040/RJ;Norte;Colisão Traseira;2;;;;;;;;;;0;2;;;
08/05/2017;16:42:00;968;sem vítima;94;BR-040/RJ;Sul;Choque - Objeto Fixo;1;;;;;;;;;;1;;;;
08/05/2017;18:06:00;979;com vítima;121;BR-040/RJ;Norte;Colisão Traseira;2;;;;;;;;;;1;2;;;
08/05/2017;23:44:00;1005;sem vítima;1;BR-040/RJ;Sul;Choque - Objeto Fixo;1;;;;;;;;;;1;;;;
09/05/2017;06:05:00;1022;com vítima;67;BR-040/RJ;Norte;Capotamento;1;;;;;;;;;;0;1;;;
09/05/2017;06:37:00;1024;com vítima;107;BR-040/RJ;Sul;Colisão Traseira;1;;;1;;;;;;;1;1;;;
09/05/2017;10:43:00;1052;com vítima;116;BR-040/RJ;Sul;Colisão Lateral;1;;1;;;;;;;;1;1;;;
09/05/2017;18:51:00;1111;com vítima;124;BR-040/RJ;Sul;Atropelamento - Pedestre;1;;;;;;;;;;0;1;;;1
09/05/2017;19:50:00;1119;com vítima;34;BR-040/RJ;Norte;Capotamento;1;;;;;;;;;;0;1;;;
10/05/2017;10:42:00;1182;com vítima;783;BR-040/MG;Sul;Queda de Moto;;;;1;;;;;;;0;1;;;
10/05/2017;18:27:00;1235;com vítima;25;BR-040/RJ;Norte;Colisão Transversal;1;;;1;;;;;;;0;2;2;;
10/05/2017;21:42:00;1256;sem vítima;122;BR-040/RJ;Norte;Derrapagem;1;;;;;;;;;;1;;;;
11/05/2017;07:05:00;1284;sem vítima;124;BR-040/RJ;Sul;Colisão Lateral;1;;1;;;;;;;;2;;;;
11/05/2017;07:25:00;1288;sem vítima;92;BR-040/RJ;Sul;Choque - Objeto Fixo;1;;;;;;;;;;1;;;;
11/05/2017;08:01:00;1292;com vítima;90;BR-040/RJ;Sul;Choque - Objeto Fixo;1;;;;;;;;;;0;1;;;
11/05/2017;08:16:00;1298;sem vítima;85;BR-040/RJ;Sul;Choque - Objeto Fixo;1;;;;;;;;;;1;;;;
11/05/2017;08:18:00;1299;sem vítima;95;BR-040/RJ;Norte;Queda de Moto;;;;1;;;;;;;1;;;;
11/05/2017;08:22:00;1301;sem vítima;94;BR-040/RJ;Norte;Choque - Objeto Fixo;1;;;;;;;;;;1;;;;
11/05/2017;09:26:00;1307;sem vítima;74;BR-040/RJ;Sul;Choque - Objeto Fixo;1;;;;;;;;;;1;;;;
11/05/2017;09:31:00;1308;sem vítima;85;BR-040/RJ;Norte;Choque - Objeto Fixo;1;;;;;;;;;;1;;;;
11/05/2017;09:55:00;1313;sem vítima;91;BR-040/RJ;Norte;Choque - Objeto Fixo;1;;;;;;;;;;1;;;;
11/05/2017;11:17:00;1326;com vítima;92;BR-040/RJ;Sul;Choque - Objeto Fixo;1;;;;;;;;;;0;2;;;
11/05/2017;11:29:00;1328;sem vítima;99;BR-040/RJ;Norte;Colisão Lateral;1;;1;;;;;;;;2;;;;
11/05/2017;19:05:00;1377;com vítima;123;BR-040/RJ;Sul;Colisão Traseira;1;;1;;;;;;;;1;1;;;
11/05/2017;23:11:00;1390;sem vítima;113;BR-040/RJ;Norte;Derrapagem;1;;;;;;;;;;1;;;;
12/05/2017;04:46:00;1402;sem vítima;118;BR-040/RJ;Norte;Colisão Frontal;2;;;;;;;;;;2;;;;
12/05/2017;06:02:00;1411;com vítima;109;BR-040/RJ;Norte;Choque - Objeto Fixo;2;;;;;;;;;;1;1;;;
12/05/2017;15:48:00;1477;sem vítima;111;BR-040/RJ;Norte;Colisão Lateral;1;;1;;;;;;;;2;;;;
12/05/2017;15:40:00;1481;com vítima;74;BR-040/RJ;Norte;Colisão Traseira;1;;1;;;;;;;;1;3;;;
12/05/2017;17:45:00;1492;com vítima;112;BR-040/RJ;Sul;Colisão Traseira;2;;;;;;;;;;1;1;;;
12/05/2017;17:48:00;1494;com vítima;44;BR-040/RJ;Norte;Atropelamento - Pedestre;1;;;;;;;;;;1;;1;;
12/05/2017;18:57:00;1497;sem vítima;39;BR-040/RJ;Norte;Derrapagem;1;;;;;;;;;;1;;;;
12/05/2017;20:44:00;1504;com vítima;117;BR-040/RJ;Norte;Colisão Traseira;2;;;;;;;;;;1;1;;;
12/05/2017;23:23:00;1517;com vítima;112;BR-040/RJ;Norte;Choque - Objeto Fixo;1;;;;;;;;;;0;1;;;
13/05/2017;03:50:00;1539;com vítima;113;BR-040/RJ;Sul;Colisão Traseira;2;;;;;;;;;;0;3;;;
13/05/2017;08:01:00;1550;sem vítima;100;BR-040/RJ;Norte;Choque - Objeto Fixo;1;;;;;;;;;;1;;;;
13/05/2017;09:21:00;1562;com vítima;31;BR-040/RJ;Norte;Capotamento;1;;;;;;;;;;0;1;;;
13/05/2017;10:38:00;1572;com vítima;99;BR-040/RJ;Sul;Capotamento;1;;;;;;;;;;0;;1;;1
13/05/2017;15:07:00;1608;com vítima;75;BR-040/RJ;Sul;Choque - Objeto Fixo;1;;;;;;;;;;0;1;;;
13/05/2017;17:55:00;1626;com vítima;110;BR-040/RJ;Sul;Atropelamento - Pedestre;1;;;;;;;;;;1;;;1;
13/05/2017;19:26:00;1636;com vítima;54;BR-040/RJ;Sul;Choque - Objeto Fixo;1;;;;;;;;;;0;2;;;
13/05/2017;19:58:00;1639;sem vítima;799;BR-040/MG;Norte;Colisão Lateral;1;;;;;1;;;;;2;;;;
13/05/2017;22:59:00;1659;com vítima;67;BR-040/RJ;Norte;Choque - Objeto Fixo;1;;;;;;;;;;0;1;1;;
14/05/2017;06:45:00;1685;sem vítima;821;BR-040/MG;Sul;Choque - Objeto Fixo;1;;;;;;;;;;1;;;;
14/05/2017;10:44:00;1710;sem vítima;120;BR-040/RJ;Norte;Colisão Lateral;2;;;;;;;;;;2;;;;
14/05/2017;10:53:00;1712;com vítima;74;BR-040/RJ;Sul;Queda de Moto;;;;1;;;;;;;0;;1;;
14/05/2017;11:14:00;1713;com vítima;85;BR-040/RJ;Sul;Queda de Moto;;;;1;;;;;;;0;1;;;
14/05/2017;17:02:00;1762;com vítima;94;BR-040/RJ;Sul;Choque - Objeto Fixo;;;1;;;;;;;;0;1;;;
14/05/2017;18:13:00;1767;com vítima;123;BR-040/RJ;Norte;Colisão Frontal;2;;;;;;;;;;1;1;;;
14/05/2017;20:03:00;1788;sem vítima;19;BR-040/RJ;Norte;Atropelamento - Animal;1;;;;;;;;;;1;;;;
15/05/2017;02:34:00;1821;com vítima;90;BR-040/RJ;Sul;Capotamento;1;;;;;;;;;;0;2;;;
15/05/2017;08:48:00;1856;sem vítima;69;BR-040/RJ;Sul;Choque - Objeto Fixo;1;;;;;;;;;;1;;;;
15/05/2017;18:13:00;1910;sem vítima;102;BR-040/RJ;Sul;Colisão Traseira;2;;;;;;;;;;2;;;;
15/05/2017;22:08:00;1930;com vítima;48;BR-040/RJ;Sul;Atropelamento - Animal;1;;;;;1;;;;;1;2;;;
16/05/2017;06:03:00;1962;com vítima;123;BR-040/RJ;Norte;Colisão Lateral;1;;1;;;;;;;;1;1;;;
16/05/2017;06:20:00;1964;sem vítima;123;BR-040/RJ;Norte;Colisão Traseira;1;;1;;;;;;;;2;;;;
16/05/2017;11:20:00;1989;sem vítima;84;BR-040/RJ;Norte;Derrapagem;1;;;;;;;;;;1;;;;
16/05/2017;17:02:00;2028;sem vítima;119;BR-040/RJ;Norte;Colisão Lateral;1;;1;;;;;;;;2;;;;
16/05/2017;22:50:00;2060;sem vítima;65;BR-040/RJ;Sul;Atropelamento - Animal;1;;;;;;;;;;1;;;;
16/05/2017;22:51:00;2062;com vítima;97;BR-040/RJ;Sul;Tombamento;;;1;;;1;;;;;1;;;;1
16/05/2017;23:20:00;2065;sem vítima;94;BR-040/RJ;Sul;Derrapagem;1;;;;;;;;;;1;;;;
17/05/2017;03:06:00;2078;com vítima;116;BR-040/RJ;Norte;Queda de Moto;;;;1;;;;;;;0;2;;;
17/05/2017;03:06:00;2079;sem vítima;116;BR-040/RJ;Norte;Derrapagem;1;;;;;;;;;;1;;;;
17/05/2017;07:53:00;2096;sem vítima;112;BR-040/RJ;Norte;Engavetamento;2;;;;;;;;;;2;;;;
17/05/2017;14:52:00;2135;sem vítima;122;BR-040/RJ;Norte;Colisão Lateral;1;;1;;;;;;;;2;;;;
17/05/2017;20:20:00;2167;sem vítima;85;BR-040/RJ;Sul;Choque - Objeto Fixo;1;;;;;;;;;;1;;;;
17/05/2017;23:11:00;2172;sem vítima;84;BR-040/RJ;Norte;Derrapagem;1;;;;;;;;;;1;;;;
18/05/2017;00:10:00;2182;com vítima;93;BR-040/RJ;Norte;Choque - Objeto Fixo;1;;;;;;;;;;0;1;;;
18/05/2017;02:07:00;2192;sem vítima;86;BR-040/RJ;Sul;Derrapagem;;;1;;;;;;;;1;;;;
18/05/2017;02:14:00;2193;sem vítima;123;BR-040/RJ;Sul;Choque - Objeto Fixo;1;;;;;;;;;;1;;;;
18/05/2017;05:56:00;2201;sem vítima;92;BR-040/RJ;Sul;Choque - Objeto Fixo;1;;;;;;;;;;1;;;;
18/05/2017;06:53:00;2204;sem vítima;122;BR-040/RJ;Sul;Colisão Traseira;2;;;;;;;;;;2;;;;
18/05/2017;15:13:00;2256;com vítima;91;BR-040/RJ;Sul;Capotamento;1;;;;;;;;;;0;1;;;
18/05/2017;15:27:00;2257;com vítima;93;BR-040/RJ;Sul;Capotamento;1;;;;;;;;;;0;3;;;
18/05/2017;15:53:00;2261;sem vítima;82;BR-040/RJ;Sul;Choque - Objeto Fixo;1;;;;;;;;;;1;;;;
18/05/2017;17:45:00;2278;sem vítima;111;BR-040/RJ;Norte;Engavetamento;3;;;;;2;;;;;5;;;;
18/05/2017;22:24:00;2294;com vítima;118;BR-040/RJ;Norte;Atropelamento - Pedestre;;;;1;;;;;;;1;;1;;
18/05/2017;22:24:00;2296;com vítima;118;BR-040/RJ;Norte;Atropelamento - Pedestre;1;;;;;;;;;;1;;1;;
19/05/2017;06:48:00;2322;sem vítima;85;BR-040/RJ;Sul;Choque - Objeto Fixo;1;;;;;;;;;;1;;;;
19/05/2017;06:49:00;2323;com vítima;823;BR-040/MG;Norte;Colisão Lateral;1;;1;;;;;;;;0;2;;;
19/05/2017;07:35:00;2330;sem vítima;824;BR-040/MG;Sul;Choque - Objeto Fixo;1;;;;;;;;;;1;;;;
19/05/2017;07:47:00;2333;com vítima;119;BR-040/RJ;Sul;Queda de Moto;;;;1;;;;;;;0;;1;;
19/05/2017;08:59:00;2338;sem vítima;90;BR-040/RJ;Sul;Choque - Objeto Fixo;1;;;;;;;;;;1;;;;
19/05/2017;09:49:00;2343;sem vítima;94;BR-040/RJ;Sul;Choque - Objeto Fixo;1;;;;;;;;;;1;;;;
19/05/2017;11:17:00;2354;sem vítima;92;BR-040/RJ;Sul;Choque - Objeto Fixo;1;;;;;;;;;;1;;;;
19/05/2017;11:38:00;2359;com vítima;35;BR-040/RJ;Norte;Choque - Objeto Fixo;1;;;;;;;;;;0;2;;;
19/05/2017;12:33:00;2364;sem vítima;93;BR-040/RJ;Sul;Choque - Objeto Fixo;1;;;;;;;;;;1;;;;
19/05/2017;12:40:00;2365;sem vítima;93;BR-040/RJ;Norte;Choque - Objeto Fixo;1;;;;;;;;;;1;;;;
19/05/2017;12:48:00;2369;sem vítima;93;BR-040/RJ;Sul;Choque - Objeto Fixo;1;;;;;;;;;;1;;;;
19/05/2017;12:55:00;2370;sem vítima;85;BR-040/RJ;Sul;Choque - Objeto Fixo;1;;;;;;;;;;1;;;;
19/05/2017;13:44:00;2381;sem vítima;18;BR-040/RJ;Norte;Derrapagem;1;;;;;;;;;;1;;;;
19/05/2017;14:00:00;2387;sem vítima;77;BR-040/RJ;Sul;Choque - Objeto Fixo;1;;;;;;;;;;1;;;;
19/05/2017;14:21:00;2389;com vítima;34;BR-040/RJ;Norte;Capotamento;1;;;;;;;;;;0;2;2;;
19/05/2017;14:59:00;2392;sem vítima;796;BR-040/MG;Sul;Choque - Objeto Fixo;1;;;;;;;;;;1;;;;
19/05/2017;15:14:00;2395;sem vítima;783;BR-040/MG;Sul;Derrapagem;1;;;;;;;;;;1;;;;
19/05/2017;16:00:00;2400;sem vítima;94;BR-040/RJ;Norte;Choque - Objeto Fixo;1;;;;;;;;;;1;;;;
19/05/2017;16:39:00;2405;sem vítima;123;BR-040/RJ;Norte;Colisão Traseira;2;;;;;;;;;;2;;;;
19/05/2017;17:01:00;2411;sem vítima;825;BR-040/MG;Sul;Choque - Objeto Fixo;1;;;;;;;;;;1;;;;
19/05/2017;17:23:00;2413;sem vítima;825;BR-040/MG;Sul;Choque - Objeto Fixo;1;;;;;;;;;;1;;;;
19/05/2017;18:44:00;2427;sem vítima;72;BR-040/RJ;Sul;Choque - Objeto Fixo;1;;;;;;;;;;1;;;;
19/05/2017;19:13:00;2435;com vítima;801;BR-040/MG;Sul;Choque - Objeto Fixo;1;;;;;;;;;;0;2;;;
19/05/2017;19:25:00;2436;sem vítima;7;BR-040/RJ;Norte;Choque - Objeto Fixo;1;;;;;;;;;;1;;;;
19/05/2017;19:37:00;2438;com vítima;111;BR-040/RJ;Norte;Colisão Traseira;1;;;;;1;;;;;1;1;;;
19/05/2017;19:55:00;2440;sem vítima;113;BR-040/RJ;Norte;Colisão Traseira;3;;;;;;;;;;3;;;;
20/05/2017;01:26:00;2460;sem vítima;124;BR-040/RJ;Sul;Capotamento;1;;;;;1;;;;;2;;;;
20/05/2017;01:19:00;2461;sem vítima;34;BR-040/RJ;Norte;Choque - Objeto Fixo;1;;;;;;;;;;1;;;;
20/05/2017;03:20:00;2466;sem vítima;68;BR-040/RJ;Norte;Capotamento;1;;;;;;;;;;2;;;;
20/05/2017;05:04:00;2472;com vítima;48;BR-040/RJ;Norte;Queda de Moto;;;;1;;;;;;;0;;1;;
20/05/2017;06:40:00;2477;sem vítima;80;BR-040/RJ;Sul;Choque - Objeto Fixo;1;;;;;;;;;;1;;;;
20/05/2017;07:12:00;2480;com vítima;120;BR-040/RJ;Sul;Colisão Lateral;2;;;;;;;;;;1;1;;;
20/05/2017;08:04:00;2485;sem vítima;804;BR-040/MG;Sul;Choque - Objeto Fixo;1;;;;;;;;;;1;;;;
20/05/2017;17:39:00;2548;sem vítima;85;BR-040/RJ;Sul;Choque - Objeto Fixo;1;;;;;;;;;;1;;;;
20/05/2017;18:31:00;2555;sem vítima;117;BR-040/RJ;Sul;Engavetamento;6;;;;;3;;;;;9;;;;
20/05/2017;19:38:00;2564;sem vítima;124;BR-040/RJ;Sul;Choque - Objeto Fixo;1;;;;;;;;;;1;;;;
20/05/2017;22:32:00;2572;com vítima;105;BR-040/RJ;Norte;Colisão Frontal;2;;;;;;;;;;1;;1;;
21/05/2017;06:32:00;2607;sem vítima;22;BR-040/RJ;Sul;Choque - Objeto Fixo;1;;;;;;;;;;1;;;;
21/05/2017;06:32:00;2608;com vítima;809;BR-040/MG;Sul;Capotamento;1;;;;;;;;;;0;2;;;
21/05/2017;16:13:00;2655;sem vítima;82;BR-040/RJ;Sul;Queda de Moto;;;;1;;;;;;;1;;;;
21/05/2017;17:02:00;2660;sem vítima;78;BR-040/RJ;Sul;Choque - Objeto Fixo;1;;;;;;;;;;1;;;;
21/05/2017;17:21:00;2663;com vítima;118;BR-040/RJ;Norte;Colisão Traseira;2;;;;;;;;;;0;2;1;;
21/05/2017;18:54:00;2672;sem vítima;805;BR-040/MG;Norte;Colisão Traseira;2;;;;;;;;;;2;;;;
21/05/2017;21:12:00;2688;com vítima;812;BR-040/MG;Sul;Colisão Traseira;;;2;;;;;;;;0;2;;;
21/05/2017;22:36:00;2697;com vítima;89;BR-040/RJ;Sul;Tombamento;;;1;;;;;;;;0;;;;1
22/05/2017;02:28:00;2713;com vítima;3;BR-040/RJ;Sul;Derrapagem;;;1;;;1;;;;;1;2;;;
22/05/2017;06:25:00;2719;sem vítima;105;BR-040/RJ;Sul;Choque - Objeto Fixo;1;;;;;;;;;;1;;;;
22/05/2017;08:52:00;2742;sem vítima;91;BR-040/RJ;Norte;Choque - Objeto Fixo;1;;;;;;;;;;1;;;;
22/05/2017;09:22:00;2744;com vítima;801;BR-040/MG;Norte;Choque - Objeto Fixo;1;;;;;;;;;;0;1;1;;
22/05/2017;11:15:00;2760;sem vítima;82;BR-040/RJ;Sul;Choque - Objeto Fixo;1;;;;;;;;;;1;;;;
22/05/2017;11:33:00;2762;sem vítima;92;BR-040/RJ;Sul;Choque - Objeto Fixo;1;;;;;;;;;;1;;;;
22/05/2017;13:44:00;2773;sem vítima;93;BR-040/RJ;Norte;Colisão Frontal;1;;1;;;;;;;;2;;;;
22/05/2017;14:30:00;2780;com vítima;51;BR-040/RJ;Norte;Choque - Objeto Fixo;1;;;;;;;;;;0;1;;;
22/05/2017;15:23:00;2786;sem vítima;93;BR-040/RJ;Norte;Choque - Objeto Fixo;1;;;;;;;;;;1;;;;
22/05/2017;15:44:00;2787;com vítima;52;BR-040/RJ;Norte;Capotamento;1;;;;;;;;;;0;1;;;
22/05/2017;16:25:00;2794;sem vítima;93;BR-040/RJ;Sul;Choque - Objeto Fixo;1;;;;;;;;;;1;;;;
22/05/2017;17:49:00;2808;sem vítima;92;BR-040/RJ;Norte;Queda de Moto;;;1;1;;;;;;;2;;;;
22/05/2017;19:18:00;2811;sem vítima;124;BR-040/RJ;Sul;Choque - Objeto Fixo;1;;;;;;;;;;1;;;;
22/05/2017;19:47:00;2813;com vítima;92;BR-040/RJ;Sul;Tombamento;1;;;;;;;;;;0;8;;;
22/05/2017;21:38:00;2817;com vítima;90;BR-040/RJ;Sul;Tombamento;;;1;;;;;;;;0;1;;;
23/05/2017;05:44:00;2848;com vítima;96;BR-040/RJ;Norte;Choque - Objeto Fixo;1;;;;;;;;;;0;;3;;
23/05/2017;13:07:00;2897;sem vítima;90;BR-040/RJ;Norte;Colisão Lateral;1;;;;1;;;;;;2;;;;