data;horario;n_da_ocorrencia;tipo_de_ocorrencia;km;trecho;sentido;tipo_de_acidente;automovel;bicicleta;caminhao;moto;onibus;outros;tracao_animal;transporte_de_cargas_especiais;trator_maquinas;utilitarios;ilesos;levemente_feridos;moderadamente_feridos;gravemente_feridos;mortos
24/05/2017;07:16:00;2988;sem vítima;85;BR-040/RJ;Norte;Choque - Objeto Fixo;1;;;;;;;;;;1;;;;
24/05/2017;14:27:00;3042;sem vítima;122;BR-040/RJ;Norte;Colisão Lateral;1;;;;1;;;;;;2;;;;
24/05/2017;18:23:00;3060;sem vítima;105;BR-040/RJ;Norte;Engavetamento;2;;1;;;;;;;;3;;;;
24/05/2017;19:19:00;3064;sem vítima;101;BR-040/RJ;Norte;Colisão Lateral;;;2;;;;;;;;2;;;;
25/05/2017;03:38:00;3087;com vítima;68;BR-040/RJ;Norte;Tombamento;;;1;;;;;;;;0;;1;;
25/05/2017;06:20:00;3096;sem vítima;124;BR-040/RJ;Norte;Colisão Traseira;1;;1;;;;;;;;2;;;;
25/05/2017;09:22:00;3115;sem vítima;122;BR-040/RJ;Sul;Colisão Traseira;2;;;;;;;;;;2;;;;
25/05/2017;14:08:00;3146;com vítima;109;BR-040/RJ;Norte;Atropelamento - Pedestre;1;1;;;;;;;;;0;2;;;
26/05/2017;23:47:00;3197;com vítima;71;BR-040/RJ;Norte;Capotamento;1;;;;;;;;;;0;1;;;
26/05/2017;07:22:00;3221;com vítima;124;BR-040/RJ;Sul;Colisão Lateral;;;;2;;;;;;;1;1;;;
26/05/2017;12:39:00;3253;com vítima;816;BR-040/MG;Norte;Choque - Objeto Fixo;1;;;;;;;;;;0;;1;;
26/05/2017;22:25:00;3313;com vítima;109;BR-040/RJ;Sul;Colisão Traseira;2;;;;;;;;;;1;1;;;
27/05/2017;00:27:00;3323;com vítima;110;BR-040/RJ;Sul;Queda de Moto;;;;1;;;;;;;0;1;;;
27/05/2017;04:31:00;3340;com vítima;119;BR-040/RJ;Norte;Choque - Objeto Fixo;1;;;;;;;;;;0;1;;;
27/05/2017;04:58:00;3343;com vítima;112;BR-040/RJ;Norte;Choque - Objeto Fixo;1;;;;;;;;;;0;2;;;
27/05/2017;07:24:00;3351;com vítima;71;BR-040/RJ;Norte;Colisão Traseira;1;;1;;;;;;;;1;1;;;
27/05/2017;07:29:00;3352;sem vítima;123;BR-040/RJ;Sul;Colisão Lateral;2;;;;;;;;;;2;;;;
27/05/2017;07:31:00;3353;com vítima;71;BR-040/RJ;Norte;Colisão Traseira;;;1;;1;;;;;;0;40;;;
27/05/2017;11:24:00;3373;sem vítima;110;BR-040/RJ;Norte;Colisão Traseira;1;;1;;;;;;;;2;;;;
27/05/2017;13:38:00;3392;com vítima;84;BR-040/RJ;Norte;Choque - Objeto Fixo;1;;;;;;;;;;0;1;;;
27/05/2017;17:11:00;3423;sem vítima;105;BR-040/RJ;Sul;Colisão Traseira;2;;;;;;;;;;2;;;;
27/05/2017;17:24:00;3425;sem vítima;111;BR-040/RJ;Norte;Colisão Traseira;2;;;;;1;;;;;3;;;;
28/05/2017;00:25:00;3462;com vítima;794;BR-040/MG;Sul;Engavetamento;3;;;;;;;;;;1;4;;;
28/05/2017;03:55:00;3467;sem vítima;112;BR-040/RJ;Norte;Derrapagem;1;;;;;;;;;;1;;;;
28/05/2017;05:48:00;3472;sem vítima;92;BR-040/RJ;Norte;Derrapagem;1;;;;;;;;;;1;;;;
28/05/2017;11:04:00;3496;sem vítima;110;BR-040/RJ;Norte;Choque - Objeto Fixo;;;;;1;1;;;;;2;;;;
28/05/2017;14:56:00;3520;com vítima;55;BR-040/RJ;Norte;Colisão Lateral;1;;;1;;;;;;;0;4;;;
28/05/2017;18:45:00;3549;sem vítima;122;BR-040/RJ;Sul;Engavetamento;3;;;;;;;;;;3;;;;
28/05/2017;19:06:00;3553;com vítima;38;BR-040/RJ;Norte;Queda de Moto;;;;1;;;;;;;0;1;;;
29/05/2017;07:00:00;3592;sem vítima;122;BR-040/RJ;Sul;Colisão Traseira;3;;;;;;;;;;3;;;;
29/05/2017;08:51:00;3609;com vítima;125;BR-040/RJ;Norte;Colisão Lateral;1;;;1;;;;;;;1;1;;;
29/05/2017;09:19:00;3616;com vítima;123;BR-040/RJ;Sul;Colisão Lateral;1;;;;;1;;;;;1;1;;;
29/05/2017;12:32:00;3631;com vítima;119;BR-040/RJ;Norte;Engavetamento;3;;1;;;;;;;;2;6;;;
29/05/2017;13:44:00;3639;sem vítima;120;BR-040/RJ;Norte;Engavetamento;3;;;;;;;;;;3;;;;
29/05/2017;15:06:00;3643;com vítima;82;BR-040/RJ;Norte;Choque - Objeto Fixo;1;;;;;;;;;;0;;2;;
29/05/2017;19:03:00;3668;sem vítima;121;BR-040/RJ;Norte;Colisão Lateral;1;;1;;;;;;;;2;;;;
30/05/2017;03:02:00;3689;sem vítima;773;BR-040/MG;Sul;Choque - Objeto Fixo;;;1;;;;;;;;1;;;;
30/05/2017;09:15:00;3705;sem vítima;29;BR-040/RJ;Sul;Colisão Lateral;;;2;;;;;;;;2;;;;
30/05/2017;11:49:00;3724;com vítima;97;BR-040/RJ;Sul;Colisão Traseira;;;2;;;;;;;;1;1;;;
30/05/2017;15:05:00;3739;com vítima;82;BR-040/RJ;Sul;Queda de Moto;;;;1;;;;;;;0;1;;;
30/05/2017;21:59:00;3781;sem vítima;115;BR-040/RJ;Norte;Colisão Traseira;3;;;;;;;;;;3;;;;
31/05/2017;05:12:00;3804;sem vítima;87;BR-040/RJ;Sul;Choque - Objeto Fixo;;;1;;;;;;;;1;;;;
31/05/2017;06:58:00;3813;com vítima;777;BR-040/MG;Norte;Capotamento;1;;;;;;;;;;0;1;;;
31/05/2017;09:21:00;3827;sem vítima;94;BR-040/RJ;Norte;Choque - Objeto Fixo;1;;;;;;;;;;1;;;;
31/05/2017;15:09:00;3865;sem vítima;113;BR-040/RJ;Sul;Colisão Traseira;1;;1;;;;;;;;2;;;;
31/05/2017;18:25:00;3883;sem vítima;85;BR-040/RJ;Norte;Choque - Objeto Fixo;1;;;;;;;;;;1;;;;
31/05/2017;19:19:00;3892;com vítima;105;BR-040/RJ;Norte;Colisão Transversal;;1;;1;;;;;;;0;;2;;
31/05/2017;21:23:00;3904;com vítima;45;BR-040/RJ;Norte;Colisão Traseira;1;;1;;;;;;;;0;1;1;;
01/06/2017;06:29:00;23;com vítima;117;BR-040/RJ;Sul;Colisão Lateral;;;1;;1;;;;;;1;1;;;
01/06/2017;07:47:00;34;com vítima;10;BR-040/RJ;Norte;Choque - Objeto Fixo;1;;;;;;;;;;0;;1;;
01/06/2017;14:08:00;75;com vítima;105;BR-040/RJ;Norte;Colisão Transversal;1;;;1;;;;;;;1;1;;;
01/06/2017;17:00:00;101;sem vítima;121;BR-040/RJ;Norte;Colisão Lateral;;;;1;;1;;;;;2;;;;
02/06/2017;18:26:00;265;com vítima;780;BR-040/MG;Sul;Colisão Traseira;2;;;;;;;;;;0;5;;;
02/06/2017;19:57:00;278;com vítima;122;BR-040/RJ;Norte;Colisão Traseira;;;;1;;1;;;;;1;1;;;
02/06/2017;21:22:00;286;com vítima;68;BR-040/RJ;Norte;Queda de Moto;;;;1;;;;;;;0;1;;;
03/06/2017;02:26:00;311;com vítima;109;BR-040/RJ;Sul;Queda de Moto;;;;1;;;;;;;0;;2;;
03/06/2017;02:31:00;312;com vítima;32;BR-040/RJ;Norte;Derrapagem;1;;;;;;;;;;0;1;;;
03/06/2017;11:26:00;348;sem vítima;92;BR-040/RJ;Norte;Choque - Objeto Fixo;1;;;;;;;;;;1;;;;
03/06/2017;14:21:00;370;sem vítima;91;BR-040/RJ;Norte;Derrapagem;1;;;;;;;;;;1;;;;
03/06/2017;14:26:00;371;com vítima;124;BR-040/RJ;Norte;Capotamento;1;;;;;;;;;;0;1;;;
03/06/2017;14:45:00;374;sem vítima;124;BR-040/RJ;Norte;Engavetamento;2;;1;;;;;;;;3;;;;
03/06/2017;18:33:00;392;com vítima;814;BR-040/MG;Norte;Atropelamento - Pedestre;;1;;;;1;;;;;1;;;;1
03/06/2017;20:38:00;404;com vítima;113;BR-040/RJ;Sul;Capotamento;1;;;;;;;;;;0;3;;;
03/06/2017;20:56:00;405;sem vítima;85;BR-040/RJ;Norte;Choque - Objeto Fixo;1;;;;;;;;;;1;;;;
03/06/2017;22:34:00;409;sem vítima;96;BR-040/RJ;Norte;Choque - Objeto Fixo;1;;;;;;;;;;1;;;;
04/06/2017;07:24:00;435;sem vítima;78;BR-040/RJ;Sul;Choque - Objeto Fixo;1;;;;;;;;;;1;;;;
04/06/2017;07:23:00;437;sem vítima;13;BR-040/RJ;Norte;Choque - Objeto Fixo;1;;;;;;;;;;1;;;;
04/06/2017;15:36:00;476;sem vítima;105;BR-040/RJ;Norte;Choque - Objeto Fixo;1;;;;;;;;;;1;;;;
04/06/2017;20:57:00;502;com vítima;79;BR-040/RJ;Sul;Capotamento;1;;;;;;;;;;0;2;1;;
04/06/2017;21:37:00;505;com vítima;92;BR-040/RJ;Sul;Tombamento;;;1;;;;;;;;0;;1;;
04/06/2017;21:44:00;506;com vítima;5;BR-040/RJ;Norte;Colisão Traseira;;1;;;1;;;;;;0;2;;;1
04/06/2017;23:15:00;513;sem vítima;66;BR-040/RJ;Sul;Derrapagem;1;;;;;;;;;;1;;;;
05/06/2017;01:19:00;518;sem vítima;105;BR-040/RJ;Sul;Atropelamento - Animal;;;;;;2;;;;;2;;;;
05/06/2017;05:06:00;526;sem vítima;108;BR-040/RJ;Norte;Queda de Moto;;;;1;;;;;;;1;;;;
05/06/2017;09:26:00;549;com vítima;108;BR-040/RJ;Norte;Choque - Objeto Fixo;1;;;;;;;;;;0;1;;;
05/06/2017;12:20:00;574;com vítima;105;BR-040/RJ;Norte;Colisão Lateral;;;;1;;1;;;;;1;;2;;
05/06/2017;17:14:00;605;sem vítima;81;BR-040/RJ;Norte;Colisão Traseira;;;1;;;1;;;;;2;;;;
05/06/2017;21:42:00;626;com vítima;74;BR-040/RJ;Sul;Choque - Objeto Fixo;1;;;;;;;;;;0;;1;;
06/06/2017;12:30:00;687;com vítima;105;BR-040/RJ;Norte;Colisão Lateral;;1;;1;;;;;;;0;2;;;
06/06/2017;15:01:00;700;com vítima;123;BR-040/RJ;Sul;Choque - Objeto Fixo;1;;;;;1;;;;;1;1;;;
07/06/2017;05:36:00;769;sem vítima;105;BR-040/RJ;Sul;Colisão Lateral;1;;1;;;;;;;;2;;;;
07/06/2017;12:42:00;823;sem vítima;14;BR-040/RJ;Sul;Choque - Objeto Fixo;1;;;;;;;;;;1;;;;
07/06/2017;14:44:00;836;sem vítima;92;BR-040/RJ;Sul;Choque - Objeto Fixo;1;;;;;;;;;;1;;;;
07/06/2017;19:42:00;866;sem vítima;101;BR-040/RJ;Norte;Colisão Frontal;2;;;;;;;;;;2;;;;
08/06/2017;10:47:00;931;com vítima;121;BR-040/RJ;Sul;Queda de Moto;;;;1;;;;;;;0;1;;;
08/06/2017;18:21:00;980;sem vítima;120;BR-040/RJ;Norte;Colisão Traseira;2;;;;;;;;;;2;;;;
08/06/2017;18:25:00;986;sem vítima;120;BR-040/RJ;Norte;Engavetamento;1;;;;;2;;;;;3;;;;
08/06/2017;21:13:00;1003;com vítima;105;BR-040/RJ;Norte;Choque - Objeto Fixo;1;;;;;;;;;;0;2;;;
08/06/2017;22:10:00;1006;sem vítima;96;BR-040/RJ;Sul;Choque - Objeto Fixo;1;;;;;;;;;;1;;;;
08/06/2017;22:35:00;1007;sem vítima;109;BR-040/RJ;Sul;Choque - Objeto Fixo;1;;;;;;;;;;1;;;;
08/06/2017;23:54:00;1015;com vítima;107;BR-040/RJ;Norte;Capotamento;1;;;;;;;;;;0;2;;;
09/06/2017;05:22:00;1029;sem vítima;27;BR-040/RJ;Norte;Choque - Objeto Fixo;1;;;;;;;;;;1;;;;
09/06/2017;14:27:00;1083;com vítima;121;BR-040/RJ;Norte;Queda de Moto;;;;1;;;;;;;0;;1;;
09/06/2017;16:18:00;1100;com vítima;48;BR-040/RJ;Sul;Choque - Objeto Fixo;1;;;;;;;;;;0;1;;;
09/06/2017;18:39:00;1122;com vítima;85;BR-040/RJ;Norte;Choque - Objeto Fixo;1;;;;;;;;;;0;4;;;
09/06/2017;19:07:00;1128;sem vítima;111;BR-040/RJ;Norte;Engavetamento;1;;;;;2;;;;;3;;;;
09/06/2017;19:11:00;1129;sem vítima;111;BR-040/RJ;Sul;Colisão Traseira;2;;;;;;;;;;2;;;;
09/06/2017;19:24:00;1131;sem vítima;92;BR-040/RJ;Sul;Tombamento;1;;;;;;;;;;1;;;;
09/06/2017;20:22:00;1141;sem vítima;78;BR-040/RJ;Sul;Choque - Objeto Fixo;1;;;;;;;;;;1;;;;
09/06/2017;20:50:00;1143;sem vítima;92;BR-040/RJ;Norte;Engavetamento;1;;;;;2;;;;;3;;;;
09/06/2017;23:54:00;1160;com vítima;785;BR-040/MG;Norte;Capotamento;1;;;;;;;;;;0;1;;;
10/06/2017;00:21:00;1162;sem vítima;88;BR-040/RJ;Norte;Choque - Objeto Fixo;1;;;;;;;;;;1;;;;
10/06/2017;01:27:00;1166;sem vítima;72;BR-040/RJ;Norte;Choque - Objeto Fixo;1;;;;;;;;;;1;;;;
10/06/2017;06:04:00;1179;com vítima;792;BR-040/MG;Sul;Colisão Frontal;2;;;;;;;;;;1;1;1;1;
10/06/2017;06:56:00;1183;sem vítima;92;BR-040/RJ;Sul;Choque - Objeto Fixo;1;;;;;;;;;;1;;;;
10/06/2017;07:23:00;1185;sem vítima;84;BR-040/RJ;Norte;Choque - Objeto Fixo;1;;;;;;;;;;1;;;;
10/06/2017;08:22:00;1192;com vítima;84;BR-040/RJ;Norte;Choque - Objeto Fixo;1;;;;;;;;;;0;2;;;
10/06/2017;08:22:00;1193;sem vítima;74;BR-040/RJ;Norte;Choque - Objeto Fixo;1;;;;;;;;;;1;;;;
10/06/2017;09:14:00;1201;sem vítima;84;BR-040/RJ;Norte;Colisão Traseira;1;;1;;;;;;;;2;;;;
10/06/2017;10:37:00;1208;sem vítima;118;BR-040/RJ;Norte;Colisão Lateral;1;;;;1;;;;;;2;;;;
10/06/2017;13:52:00;1229;sem vítima;82;BR-040/RJ;Norte;Choque - Objeto Fixo;1;;;;;;;;;;1;;;;
11/06/2017;09:18:00;1316;sem vítima;86;BR-040/RJ;Norte;Colisão Lateral;1;;1;;;;;;;;2;;;;
11/06/2017;11:15:00;1327;com vítima;81;BR-040/RJ;Sul;Queda de Moto;;;;1;;;;;;;0;;1;;
11/06/2017;23:12:00;1381;com vítima;825;BR-040/MG;Sul;Capotamento;1;;;;;;;;;;0;4;;;
12/06/2017;06:28:00;1407;com vítima;124;BR-040/RJ;Sul;Atropelamento - Pedestre;1;;;;;;;;;;1;1;;;
12/06/2017;07:26:00;1410;com vítima;78;BR-040/RJ;Sul;Choque - Objeto Fixo;1;;;;;;;;;;0;1;;;
12/06/2017;07:36:00;1412;sem vítima;1;BR-040/RJ;Norte;Choque - Objeto Fixo;1;;;;;;;;;;1;;;;
12/06/2017;08:13:00;1417;sem vítima;63;BR-040/RJ;Sul;Choque - Objeto Fixo;1;;;;;;;;;;1;;;;
12/06/2017;10:00:00;1433;sem vítima;72;BR-040/RJ;Norte;Derrapagem;1;;;;;;;;;;1;;;;
12/06/2017;10:32:00;1434;sem vítima;113;BR-040/RJ;Norte;Choque - Objeto Fixo;1;;;;;;;;;;1;;;;
12/06/2017;13:08:00;1450;sem vítima;34;BR-040/RJ;Norte;Choque - Objeto Fixo;1;;;;;;;;;;1;;;;
12/06/2017;13:16:00;1451;com vítima;90;BR-040/RJ;Sul;Capotamento;1;;;;;;;;;;0;2;;;
12/06/2017;13:37:00;1455;sem vítima;93;BR-040/RJ;Norte;Choque - Objeto Fixo;1;;;;;;;;;;2;;;;
12/06/2017;13:36:00;1459;sem vítima;85;BR-040/RJ;Sul;Choque - Objeto Fixo;1;;;;;;;;;;1;;;;
12/06/2017;16:55:00;1479;com vítima;2;BR-040/RJ;Sul;Capotamento;1;;;;;;;;;;0;1;;;
12/06/2017;20:06:00;1498;com vítima;119;BR-040/RJ;Norte;Colisão Lateral;1;;;1;;;;;;;1;1;1;;
12/06/2017;21:33:00;1504;sem vítima;25;BR-040/RJ;Sul;Colisão Lateral;1;;1;;;;;;;;2;;;;
13/06/2017;05:08:00;1529;com vítima;123;BR-040/RJ;Sul;Tombamento;1;;;;;;;;;;0;1;;;
13/06/2017;05:17:00;1530;sem vítima;113;BR-040/RJ;Sul;Derrapagem;1;;;;1;;;;;;2;;;;
13/06/2017;05:57:00;1535;com vítima;807;BR-040/MG;Sul;Queda de Moto;;;;1;;;;;;;0;1;1;;
13/06/2017;20:53:00;1634;com vítima;39;BR-040/RJ;Norte;Queda de Moto;;;;1;;;;;;;0;;1;;
13/06/2017;22:13:00;1645;sem vítima;92;BR-040/RJ;Norte;Derrapagem;1;;;;;;;;;;1;;;;
13/06/2017;23:16:00;1654;sem vítima;122;BR-040/RJ;Sul;Choque - Objeto Fixo;1;;;;;;;;;;1;;;;
14/06/2017;04:06:00;1671;sem vítima;828;BR-040/MG;Sul;Choque - Objeto Fixo;;;1;;;;;;;;1;;;;
14/06/2017;04:11:00;1672;sem vítima;92;BR-040/RJ;Sul;Choque - Objeto Fixo;1;;;;;;;;;;1;;;;
14/06/2017;07:03:00;1683;com vítima;13;BR-040/RJ;Sul;Tombamento;1;;;;;;;;;;0;2;;;
14/06/2017;07:11:00;1686;sem vítima;92;BR-040/RJ;Sul;Choque - Objeto Fixo;1;;;;;;;;;;1;;;;
14/06/2017;07:16:00;1687;com vítima;86;BR-040/RJ;Sul;Choque - Objeto Fixo;1;;;;;;;;;;0;1;;;
14/06/2017;07:16:00;1688;sem vítima;86;BR-040/RJ;Sul;Capotamento;1;;;;;;;;;;1;;;;
14/06/2017;13:51:00;1742;com vítima;85;BR-040/RJ;Sul;Capotamento;1;;;;;;;;;;0;1;;;
14/06/2017;14:08:00;1746;sem vítima;82;BR-040/RJ;Sul;Choque - Objeto Fixo;1;;;;;;;;;;1;;;;
14/06/2017;14:17:00;1747;com vítima;94;BR-040/RJ;Sul;Choque - Objeto Fixo;1;;;;;;;;;;0;2;;;
14/06/2017;14:27:00;1748;com vítima;91;BR-040/RJ;Sul;Choque - Objeto Fixo;1;;;;;;;;;;0;1;;;
14/06/2017;14:36:00;1751;com vítima;93;BR-040/RJ;Sul;Choque - Objeto Fixo;1;;;;;;;;;;0;1;;;
14/06/2017;17:37:00;1768;sem vítima;82;BR-040/RJ;Sul;Choque - Objeto Fixo;1;;;;;;;;;;1;;;;
14/06/2017;22:20:00;1791;sem vítima;85;BR-040/RJ;Sul;Choque - Objeto Fixo;1;;;;;;;;;;1;;;;
14/06/2017;22:57:00;1796;com vítima;101;BR-040/RJ;Norte;Atropelamento - Animal;1;;;;;;;;;;0;2;1;;
15/06/2017;05:34:00;1818;com vítima;109;BR-040/RJ;Norte;Capotamento;1;;;;;;;;;;0;1;;;
15/06/2017;05:40:00;1819;sem vítima;80;BR-040/RJ;Sul;Choque - Objeto Fixo;1;;;;;;;;;;1;;;;
15/06/2017;05:45:00;1821;sem vítima;84;BR-040/RJ;Sul;Choque - Objeto Fixo;1;;;;;;;;;;1;;;;
15/06/2017;05:46:00;1822;sem vítima;117;BR-040/RJ;Norte;Choque - Objeto Fixo;1;;;;;;;;;;1;;;;
15/06/2017;06:25:00;1825;sem vítima;112;BR-040/RJ;Norte;Choque - Objeto Fixo;1;;;;;;;;;;1;;;;
15/06/2017;06:32:00;1826;com vítima;96;BR-040/RJ;Sul;Choque - Objeto Fixo;1;;;;;;;;;;0;3;1;;
15/06/2017;07:37:00;1830;sem vítima;93;BR-040/RJ;Sul;Choque - Objeto Fixo;1;;;;;;;;;;1;;;;
15/06/2017;08:36:00;1835;sem vítima;96;BR-040/RJ;Sul;Choque - Objeto Fixo;1;;;;;;;;;;1;;;;
15/06/2017;08:52:00;1840;sem vítima;39;BR-040/RJ;Norte;Choque - Objeto Fixo;1;;;;;;;;;;1;;;;
15/06/2017;08:59:00;1842;sem vítima;101;BR-040/RJ;Sul;Choque - Objeto Fixo;1;;;;;;;;;;1;;;;
15/06/2017;09:04:00;1843;sem vítima;77;BR-040/RJ;Sul;Choque - Objeto Fixo;1;;;;;;;;;;1;;;;
15/06/2017;15:05:00;1886;com vítima;114;BR-040/RJ;Norte;Capotamento;1;;1;;;;;;;;1;2;;;
15/06/2017;15:11:00;1893;com vítima;114;BR-040/RJ;Norte;Queda de Moto;;;;1;;;;;;;0;;1;;
15/06/2017;17:14:00;1904;com vítima;112;BR-040/RJ;Norte;Queda de Moto;;;;1;;;;;;;0;2;;;
15/06/2017;21:45:00;1930;com vítima;116;BR-040/RJ;Norte;Atropelamento - Pedestre;;;;;;1;;;;;1;1;;;
16/06/2017;00:45:00;1938;com vítima;116;BR-040/RJ;Sul;Capotamento;1;;;;;;;;;;0;3;;;
16/06/2017;05:15:00;1947;com vítima;120;BR-040/RJ;Norte;Choque - Objeto Fixo;1;;2;;;;;;;;1;5;;;
16/06/2017;19:01:00;2014;sem vítima;111;BR-040/RJ;Norte;Colisão Lateral;2;;;;;;;;;;2;;;;
16/06/2017;20:07:00;2017;sem vítima;111;BR-040/RJ;Sul;Choque - Objeto Fixo;1;;;;;;;;;;1;;;;
16/06/2017;21:18:00;2021;sem vítima;85;BR-040/RJ;Norte;Choque - Objeto Fixo;1;;;;;;;;;;1;;;;
17/06/2017;03:10:00;2043;sem vítima;87;BR-040/RJ;Norte;Choque - Objeto Fixo;1;;;;;;;;;;1;;;;
17/06/2017;05:53:00;2046;com vítima;115;BR-040/RJ;Sul;Colisão Lateral;2;;;;;;;;;;0;2;;;
17/06/2017;07:32:00;2050;com vítima;65;BR-040/RJ;Norte;Colisão Traseira;1;;;1;;;;;;;0;4;1;;
17/06/2017;09:47:00;2057;com vítima;122;BR-040/RJ;Norte;Colisão Lateral;;;;1;;1;;;;;1;1;;;
17/06/2017;11:02:00;2061;com vítima;78;BR-040/RJ;Sul;Capotamento;1;;;;;;;;;;0;1;;;
17/06/2017;16:44:00;2088;com vítima;124;BR-040/RJ;Sul;Colisão Lateral;1;;;1;;;;;;;1;2;;;
18/06/2017;01:10:00;2126;sem vítima;78;BR-040/RJ;Sul;Choque - Objeto Fixo;1;;;;;;;;;;1;;;;
18/06/2017;01:52:00;2127;sem vítima;78;BR-040/RJ;Sul;Choque - Objeto Fixo;1;;;;;;;;;;1;;;;
18/06/2017;07:00:00;2146;sem vítima;825;BR-040/MG;Norte;Choque - Objeto Fixo;1;;;;;;;;;;1;;;;
18/06/2017;07:48:00;2147;com vítima;122;BR-040/RJ;Sul;Queda de Moto;;;;1;;;;;;;0;1;;;
18/06/2017;09:04:00;2158;com vítima;93;BR-040/RJ;Norte;Queda de Moto;;;;1;;;;;;;0;1;;;
18/06/2017;09:46:00;2168;com vítima;112;BR-040/RJ;Norte;Colisão Traseira;2;;;;;;;;;;1;1;;;
18/06/2017;09:17:00;2170;com vítima;93;BR-040/RJ;Norte;Queda de Moto;;;;1;;;;;;;0;2;;;
18/06/2017;12:11:00;2176;sem vítima;784;BR-040/MG;Sul;Choque - Objeto Fixo;1;;;;;;;;;;1;;;;
18/06/2017;13:01:00;2183;com vítima;792;BR-040/MG;Sul;Capotamento;1;;;;;;;;;;0;1;;;
18/06/2017;13:12:00;2184;sem vítima;85;BR-040/RJ;Sul;Choque - Objeto Fixo;1;;;;;;;;;;1;;;;
18/06/2017;17:34:00;2233;sem vítima;64;BR-040/RJ;Sul;Colisão Traseira;1;;;;;1;;;;;2;;;;
19/06/2017;06:54:00;2288;sem vítima;114;BR-040/RJ;Sul;Engavetamento;2;;;;1;;;;;;3;;;;
19/06/2017;07:11:00;2291;com vítima;108;BR-040/RJ;Norte;Queda de Moto;;;;1;;;;;;;0;1;;;
19/06/2017;16:10:00;2369;com vítima;780;BR-040/MG;Sul;Choque - Objeto Fixo;;;1;;;;;;;;0;2;;;
19/06/2017;16:31:00;2371;sem vítima;124;BR-040/RJ;Sul;Engavetamento;2;;;1;;;;;;;3;;;;
19/06/2017;16:10:00;2372;com vítima;780;BR-040/MG;Sul;Choque - Objeto Fixo;;;1;;;;;;;;0;1;;;
20/06/2017;01:22:00;2417;com vítima;32;BR-040/RJ;Sul;Tombamento;;;1;;;1;;;;;1;1;;;
20/06/2017;15:31:00;2471;sem vítima;109;BR-040/RJ;Sul;Colisão Traseira;1;;1;;;;;;;;2;;;;
20/06/2017;16:17:00;2475;sem vítima;93;BR-040/RJ;Norte;Choque - Objeto Fixo;1;;;;;;;;;;1;;;;
20/06/2017;16:23:00;2477;sem vítima;92;BR-040/RJ;Sul;Choque - Objeto Fixo;1;;;;;;;;;;1;;;;
20/06/2017;16:41:00;2479;com vítima;92;BR-040/RJ;Sul;Colisão Traseira;;;2;;;;;;;;1;1;1;1;
20/06/2017;18:07:00;2489;sem vítima;83;BR-040/RJ;Norte;Choque - Objeto Fixo;1;;;;;;;;;;1;;;;
20/06/2017;19:00:00;2493;sem vítima;120;BR-040/RJ;Sul;Choque - Objeto Fixo;1;;;;;;;;;;1;;;;
20/06/2017;20:02:00;2495;sem vítima;85;BR-040/RJ;Sul;Choque - Objeto Fixo;1;;;;;;;;;;1;;;;
20/06/2017;20:27:00;2497;com vítima;805;BR-040/MG;Sul;Queda de Moto;;;;1;;;;;;;0;;1;;
21/06/2017;01:40:00;2516;sem vítima;124;BR-040/RJ;Sul;Derrapagem;;;1;;;;;;;;1;;;;
21/06/2017;06:42:00;2539;com vítima;124;BR-040/RJ;Norte;Colisão Lateral;1;;;;1;;;;;;1;1;;;
21/06/2017;09:22:00;2560;com vítima;90;BR-040/RJ;Norte;Derrapagem;1;;;;;;;;;;0;;1;;
21/06/2017;10:21:00;2567;sem vítima;72;BR-040/RJ;Norte;Choque - Objeto Fixo;1;;;;;;;;;;1;;;;
21/06/2017;17:41:00;2615;sem vítima;67;BR-040/RJ;Norte;Choque - Objeto Fixo;1;;;;;;;;;;1;;;;
21/06/2017;20:49:00;2629;sem vítima;77;BR-040/RJ;Sul;Choque - Objeto Fixo;1;;;;;;;;;;1;;;;
21/06/2017;21:47:00;2632;sem vítima;109;BR-040/RJ;Sul;Choque - Objeto Fixo;1;;;;;;;;;;1;;;;
21/06/2017;23:05:00;2640;sem vítima;88;BR-040/RJ;Norte;Choque - Objeto Fixo;1;;;;;;;;;;1;;;;
22/06/2017;03:05:00;2653;com vítima;816;BR-040/MG;Norte;Colisão Lateral;;;2;;;;;;;;0;2;;;
22/06/2017;03:10:00;2654;com vítima;113;BR-040/RJ;Norte;Tombamento;;;1;;;;;;;;0;2;1;;
22/06/2017;08:17:00;2670;sem vítima;123;BR-040/RJ;Sul;Colisão Traseira;1;;1;;;;;;;;2;;;;
22/06/2017;11:31:00;2695;com vítima;104;BR-040/RJ;Norte;Colisão Traseira;2;;;;;;;;;;1;3;;;
22/06/2017;11:38:00;2696;com vítima;82;BR-040/RJ;Norte;Capotamento;1;;;;;;;;;;0;4;;;
22/06/2017;15:38:00;2723;sem vítima;8;BR-040/RJ;Norte;Choque - Objeto Fixo;1;;;;;;;;;;1;;;;
22/06/2017;17:40:00;2737;sem vítima;82;BR-040/RJ;Sul;Colisão Lateral;2;;;;;;;;;;2;;;;
22/06/2017;18:13:00;2740;sem vítima;22;BR-040/RJ;Sul;Choque - Objeto Fixo;1;;;;;;;;;;1;;;;
23/06/2017;01:06:00;2765;com vítima;110;BR-040/RJ;Sul;Colisão Traseira;;;1;;1;;;;;;1;15;;;