data;horario;n_da_ocorrencia;tipo_de_ocorrencia;km;trecho;sentido;tipo_de_acidente;automovel;bicicleta;caminhao;moto;onibus;outros;tracao_animal;transporte_de_cargas_especiais;trator_maquinas;utilitarios;ilesos;levemente_feridos;moderadamente_feridos;gravemente_feridos;mortos
23/06/2017;07:13:00;2783;com vítima;110;BR-040/RJ;Sul;Queda de Moto;;;;1;;;;;;;0;;1;;
23/06/2017;08:19:00;2792;sem vítima;109;BR-040/RJ;Sul;Colisão Traseira;1;;1;;;;;;;;2;;;;
23/06/2017;15:15:00;2839;sem vítima;92;BR-040/RJ;Norte;Colisão Traseira;2;;;;;;;;;;2;;;;
23/06/2017;16:16:00;2845;sem vítima;109;BR-040/RJ;Norte;Colisão Lateral;;;2;;;;;;;;2;;;;
23/06/2017;16:29:00;2849;com vítima;810;BR-040/MG;Norte;Colisão Frontal;1;;;1;;;;;;;1;1;;;
23/06/2017;17:48:00;2856;sem vítima;115;BR-040/RJ;Norte;Engavetamento;4;;;;;;;;;;4;;;;
23/06/2017;18:39:00;2864;sem vítima;121;BR-040/RJ;Norte;Engavetamento;3;;;;;;;;;;3;;;;
23/06/2017;22:04:00;2885;com vítima;779;BR-040/MG;Norte;Atropelamento - Animal;1;;;;;;;;;;0;3;;;
23/06/2017;23:42:00;2897;com vítima;109;BR-040/RJ;Norte;Colisão Lateral;2;;;;;;;;;;1;1;;;
24/06/2017;02:39:00;2906;sem vítima;53;BR-040/RJ;Norte;Choque - Objeto Fixo;1;;;;;;;;;;1;;;;
24/06/2017;06:04:00;2921;sem vítima;39;BR-040/RJ;Sul;Choque - Objeto Fixo;1;;;;;;;;;;1;;;;
24/06/2017;07:30:00;2930;com vítima;790;BR-040/MG;Sul;Colisão Traseira;2;;;;;1;;;;;1;2;;;
24/06/2017;08:00:00;2934;sem vítima;121;BR-040/RJ;Norte;Choque - Objeto Fixo;1;;;;;;;;;;1;;;;
24/06/2017;07:30:00;2935;com vítima;789;BR-040/MG;Norte;Tombamento;;;;;1;;;;;;0;8;1;;
24/06/2017;09:01:00;2943;sem vítima;105;BR-040/RJ;Norte;Choque - Objeto Fixo;1;;;;;;;;;;1;;;;
24/06/2017;09:30:00;2946;sem vítima;123;BR-040/RJ;Norte;Colisão Lateral;1;;1;;;;;;;;2;;;;
24/06/2017;14:07:00;2976;com vítima;123;BR-040/RJ;Norte;Choque - Objeto Fixo;1;;;;;;;;;;0;;2;;
24/06/2017;15:13:00;2987;com vítima;111;BR-040/RJ;Norte;Colisão Traseira;1;;;1;;;;;;;1;1;1;;
24/06/2017;21:44:00;3018;com vítima;46;BR-040/RJ;Norte;Atropelamento - Pedestre;;;;1;;;;;;;0;;1;1;
24/06/2017;23:20:00;3025;sem vítima;83;BR-040/RJ;Sul;Choque - Objeto Fixo;1;;;;;;;;;;1;;;;
25/06/2017;09:44:00;3068;com vítima;45;BR-040/RJ;Norte;Colisão Traseira;1;;;1;;;;;;;0;2;;;
25/06/2017;12:12:00;3086;com vítima;66;BR-040/RJ;Norte;Atropelamento - Pedestre;1;;;;;;;;;;0;3;;1;
25/06/2017;20:32:00;3143;sem vítima;120;BR-040/RJ;Norte;Colisão Lateral;1;;;;;1;;;;;2;;;;
25/06/2017;23:04:00;3155;sem vítima;118;BR-040/RJ;Norte;Choque - Objeto Fixo;1;;;;;;;;;;1;;;;
26/06/2017;01:08:00;3167;com vítima;89;BR-040/RJ;Sul;Choque - Objeto Fixo;1;;;;;;;;;;0;1;;;
26/06/2017;01:41:00;3169;sem vítima;37;BR-040/RJ;Norte;Atropelamento - Animal;1;;;;;;;;;;1;;;;
26/06/2017;05:30:00;3178;com vítima;118;BR-040/RJ;Sul;Atropelamento - Animal;1;;;;;;;;;;0;2;;;
26/06/2017;08:08:00;3193;sem vítima;114;BR-040/RJ;Norte;Choque - Objeto Fixo;1;;;;;;;;;;1;;;;
26/06/2017;12:03:00;3224;sem vítima;123;BR-040/RJ;Norte;Colisão Lateral;2;;;;;;;;;;2;;;;
26/06/2017;14:43:00;3246;sem vítima;114;BR-040/RJ;Sul;Engavetamento;4;;;;;;;;;;4;;;;
27/06/2017;01:34:00;3302;sem vítima;0;BR-040/RJ;Norte;Choque - Objeto Fixo;1;;;;;;;;;;1;;;;
27/06/2017;13:03:00;3360;com vítima;85;BR-040/RJ;Sul;Colisão Traseira;;;2;;;;;;;;1;1;;;
27/06/2017;14:05:00;3369;com vítima;110;BR-040/RJ;Norte;Colisão Lateral;;;1;1;;;;;;;1;1;;;
27/06/2017;16:56:00;3391;com vítima;78;BR-040/RJ;Norte;Queda de Moto;;;;1;;;;;;;0;1;;;
27/06/2017;18:05:00;3400;sem vítima;777;BR-040/MG;Sul;Atropelamento - Animal;;;1;;;;;;;;1;;;;
27/06/2017;19:08:00;3407;com vítima;121;BR-040/RJ;Norte;Colisão Lateral;1;;1;;;;;;;;0;2;;;
27/06/2017;20:25:00;3415;sem vítima;35;BR-040/RJ;Norte;Atropelamento - Animal;1;;;;;;;;;;1;;;;
28/06/2017;01:18:00;3427;com vítima;121;BR-040/RJ;Norte;Colisão Frontal;2;;;;;;;;;;1;1;;;
28/06/2017;03:30:00;3439;sem vítima;58;BR-040/RJ;Norte;Derrapagem;1;;;;;;;;;;1;;;;
28/06/2017;06:16:00;3444;com vítima;48;BR-040/RJ;Norte;Colisão Traseira;2;;;;;;;;;;0;5;;;
28/06/2017;07:32:00;3452;com vítima;104;BR-040/RJ;Sul;Colisão Lateral;;1;;;1;;;;;;1;;;2;
28/06/2017;09:03:00;3466;sem vítima;115;BR-040/RJ;Norte;Colisão Traseira;2;;;;;;;;;;2;;;;
28/06/2017;11:47:00;3481;com vítima;93;BR-040/RJ;Sul;Queda de Moto;;;;1;;;;;;;0;;1;;
28/06/2017;11:51:00;3483;com vítima;75;BR-040/RJ;Norte;Colisão Frontal;2;;;;;;;;;;1;2;1;;
28/06/2017;17:38:00;3521;com vítima;112;BR-040/RJ;Sul;Queda de Moto;2;;;1;;;;;;;2;;1;;
28/06/2017;18:05:00;3530;sem vítima;116;BR-040/RJ;Norte;Colisão Traseira;1;;1;;1;;;;;;3;;;;
28/06/2017;23:36:00;3547;sem vítima;113;BR-040/RJ;Sul;Derrapagem;1;;;;;;;;;;1;;;;
29/06/2017;00:50:00;3555;sem vítima;116;BR-040/RJ;Norte;Choque - Objeto Fixo;1;;;;;;;;;;1;;;;
29/06/2017;02:14:00;3558;sem vítima;101;BR-040/RJ;Sul;Choque - Objeto Fixo;1;;;;;;;;;;1;;;;
29/06/2017;06:35:00;3566;sem vítima;122;BR-040/RJ;Sul;Colisão Traseira;2;;;;;;;;;;2;;;;
29/06/2017;11:18:00;3597;com vítima;110;BR-040/RJ;Norte;Queda de Moto;;;;1;;;;;;;0;1;;;
29/06/2017;12:29:00;3603;sem vítima;77;BR-040/RJ;Sul;Colisão Traseira;;;2;;;;;;;;2;;;;
29/06/2017;17:54:00;3643;com vítima;92;BR-040/RJ;Sul;Choque - Objeto Fixo;;;1;;;;;;;;0;1;;;
29/06/2017;18:29:00;3647;com vítima;111;BR-040/RJ;Norte;Engavetamento;4;;;;;;;;;;2;4;;;
30/06/2017;00:54:00;3667;sem vítima;82;BR-040/RJ;Sul;Choque - Objeto Fixo;1;;;;;;;;;;1;;;;
30/06/2017;11:17:00;3719;com vítima;78;BR-040/RJ;Sul;Capotamento;1;;;;;;;;;;0;;1;;
30/06/2017;14:56:00;3745;com vítima;52;BR-040/RJ;Norte;Choque - Objeto Fixo;1;;;;;;;;;;0;4;;;
30/06/2017;15:02:00;3752;sem vítima;35;BR-040/RJ;Norte;Choque - Objeto Fixo;1;;;;;;;;;;1;;;;
30/06/2017;15:40:00;3756;com vítima;820;BR-040/MG;Norte;Tombamento;;;1;;;1;;;;;1;;;1;
30/06/2017;15:55:00;3762;sem vítima;113;BR-040/RJ;Sul;Colisão Traseira;2;;;;;;;;;;2;;;;
30/06/2017;16:40:00;3764;sem vítima;795;BR-040/MG;Sul;Colisão Lateral;1;;1;;;;;;;;2;;;;
30/06/2017;20:40:00;3792;com vítima;778;BR-040/MG;Norte;Colisão Traseira;1;;;;;1;;;;;1;1;;;
30/06/2017;22:18:00;3798;com vítima;114;BR-040/RJ;Sul;Choque - Objeto Fixo;1;;;;;;;;;;0;1;;;
01/07/2017;09:01:00;42;com vítima;812;BR-040/MG;Norte;Choque - Objeto Fixo;1;;;;;;;;;;0;1;;;
01/07/2017;11:33:00;71;sem vítima;113;BR-040/RJ;Norte;Colisão Lateral;2;;;;;;;;;;2;;;;
01/07/2017;12:50:00;76;sem vítima;98;BR-040/RJ;Sul;Tombamento;1;;;;;;;;;;1;;;;
01/07/2017;15:07:00;89;com vítima;92;BR-040/RJ;Sul;Choque - Objeto Fixo;1;;;;;;;;;;0;3;;;
01/07/2017;15:17:00;91;sem vítima;85;BR-040/RJ;Norte;Choque - Objeto Fixo;1;;;;;;;;;;1;;;;
01/07/2017;15:29:00;92;sem vítima;93;BR-040/RJ;Sul;Choque - Objeto Fixo;1;;;;;;;;;;1;;;;
01/07/2017;15:41:00;94;sem vítima;25;BR-040/RJ;Norte;Choque - Objeto Fixo;1;;;;;;;;;;1;;;;
01/07/2017;15:42:00;95;com vítima;91;BR-040/RJ;Sul;Capotamento;1;;;;;;;;;;0;4;;;
01/07/2017;19:04:00;118;sem vítima;36;BR-040/RJ;Norte;Choque - Objeto Fixo;1;;;;;;;;;;1;;;;
01/07/2017;19:06:00;119;sem vítima;90;BR-040/RJ;Norte;Choque - Objeto Fixo;1;;;;;;;;;;1;;;;
02/07/2017;00:35:00;144;sem vítima;93;BR-040/RJ;Norte;Choque - Objeto Fixo;1;;;;;;;;;;1;;;;
02/07/2017;02:35:00;150;sem vítima;114;BR-040/RJ;Sul;Choque - Objeto Fixo;1;;;;;;;;;;1;;;;
02/07/2017;02:54:00;152;com vítima;92;BR-040/RJ;Sul;Capotamento;1;;;;;;;;;;0;1;;;
02/07/2017;05:38:00;161;sem vítima;116;BR-040/RJ;Norte;Derrapagem;1;;;;;;;;;;1;;;;
02/07/2017;08:25:00;167;sem vítima;78;BR-040/RJ;Sul;Choque - Objeto Fixo;1;;;;;;;;;;1;;;;
02/07/2017;09:30:00;173;sem vítima;92;BR-040/RJ;Sul;Choque - Objeto Fixo;1;;;;;;;;;;1;;;;
02/07/2017;11:03:00;181;com vítima;124;BR-040/RJ;Norte;Queda de Moto;;;;1;;;;;;;0;1;;;
02/07/2017;11:09:00;184;sem vítima;85;BR-040/RJ;Norte;Choque - Objeto Fixo;1;;;;;;;;;;1;;;;
02/07/2017;11:55:00;196;sem vítima;76;BR-040/RJ;Sul;Derrapagem;1;;;;;;;;;;1;;;;
02/07/2017;13:19:00;204;sem vítima;93;BR-040/RJ;Sul;Choque - Objeto Fixo;1;;;;;;;;;;1;;;;
02/07/2017;13:53:00;211;sem vítima;85;BR-040/RJ;Norte;Choque - Objeto Fixo;1;;;;;;;;;;1;;;;
02/07/2017;13:54:00;212;sem vítima;113;BR-040/RJ;Norte;Choque - Objeto Fixo;1;;;;;;;;;;2;;;;
02/07/2017;13:52:00;213;sem vítima;92;BR-040/RJ;Sul;Choque - Objeto Fixo;1;;;;;;;;;;1;;;;
02/07/2017;14:00:00;214;sem vítima;96;BR-040/RJ;Sul;Choque - Objeto Fixo;1;;;;;;;;;;1;;;;
02/07/2017;14:04:00;216;com vítima;82;BR-040/RJ;Sul;Choque - Objeto Fixo;1;;;;;;;;;;0;5;;;
02/07/2017;14:48:00;220;com vítima;84;BR-040/RJ;Sul;Choque - Objeto Fixo;1;;;;;;;;;;0;2;;;
02/07/2017;14:52:00;221;sem vítima;78;BR-040/RJ;Sul;Choque - Objeto Fixo;1;;;;;;;;;;1;;;;
02/07/2017;15:45:00;226;sem vítima;74;BR-040/RJ;Sul;Choque - Objeto Fixo;1;;;;;;;;;;1;;;;
02/07/2017;16:15:00;227;sem vítima;92;BR-040/RJ;Sul;Choque - Objeto Fixo;1;;;;;;;;;;1;;;;
02/07/2017;17:53:00;239;sem vítima;82;BR-040/RJ;Sul;Choque - Objeto Fixo;1;;;;;;;;;;1;;;;
02/07/2017;18:04:00;240;com vítima;79;BR-040/RJ;Norte;Atropelamento - Pedestre;1;;;;;;;;;;0;1;1;;
02/07/2017;18:24:00;244;sem vítima;113;BR-040/RJ;Norte;Engavetamento;3;;;;;;;;;;3;;;;
02/07/2017;18:28:00;245;sem vítima;77;BR-040/RJ;Sul;Choque - Objeto Fixo;1;;;;;;;;;;1;;;;
02/07/2017;18:57:00;249;sem vítima;75;BR-040/RJ;Sul;Choque - Objeto Fixo;1;;;;;;;;;;1;;;;
02/07/2017;19:45:00;255;com vítima;82;BR-040/RJ;Sul;Colisão Frontal;2;;;;;;;;;;0;4;1;;
02/07/2017;20:45:00;265;com vítima;119;BR-040/RJ;Sul;Choque - Objeto Fixo;1;;;;;;;;;;0;1;;;
02/07/2017;21:29:00;271;sem vítima;86;BR-040/RJ;Sul;Choque - Objeto Fixo;1;;;;;;;;;;1;;;;
02/07/2017;23:08:00;278;sem vítima;119;BR-040/RJ;Sul;Derrapagem;1;;;;;;;;;;1;;;;
02/07/2017;23:50:00;285;sem vítima;92;BR-040/RJ;Sul;Choque - Objeto Fixo;1;;;;;;;;;;1;;;;
03/07/2017;03:31:00;297;com vítima;83;BR-040/RJ;Sul;Colisão Traseira;;;2;;;;;;;;1;1;;;
03/07/2017;05:05:00;301;sem vítima;92;BR-040/RJ;Sul;Derrapagem;1;;;;;;;;;;1;;;;
03/07/2017;05:35:00;304;com vítima;105;BR-040/RJ;Sul;Colisão Lateral;1;;;1;;;;;;;1;2;;;
03/07/2017;06:40:00;311;sem vítima;65;BR-040/RJ;Sul;Derrapagem;1;;;;;;;;;;1;;;;
03/07/2017;06:47:00;313;sem vítima;111;BR-040/RJ;Sul;Engavetamento;2;;1;;;;;;;;3;;;;
03/07/2017;06:51:00;314;sem vítima;68;BR-040/RJ;Norte;Choque - Objeto Fixo;1;;;;;;;;;;1;;;;
03/07/2017;08:05:00;329;sem vítima;84;BR-040/RJ;Norte;Choque - Objeto Fixo;1;;;;;;;;;;1;;;;
03/07/2017;13:24:00;370;sem vítima;94;BR-040/RJ;Sul;Choque - Objeto Fixo;1;;;;;;;;;;1;;;;
03/07/2017;14:10:00;381;sem vítima;77;BR-040/RJ;Sul;Choque - Objeto Fixo;1;;;;;;;;;;1;;;;
03/07/2017;15:41:00;390;sem vítima;124;BR-040/RJ;Sul;Colisão Lateral;1;;;;;1;;;;;2;;;;
03/07/2017;16:21:00;398;sem vítima;116;BR-040/RJ;Norte;Colisão Traseira;1;;1;;;;;;;;2;;;;
03/07/2017;17:22:00;406;sem vítima;114;BR-040/RJ;Norte;Colisão Lateral;1;;;1;;;;;;;2;;;;
04/07/2017;05:44:00;441;com vítima;124;BR-040/RJ;Sul;Capotamento;1;;;;;;;;;;0;1;;;
04/07/2017;07:34:00;449;sem vítima;89;BR-040/RJ;Sul;Colisão Traseira;;;2;;;;;;;;2;;;;
04/07/2017;09:03:00;454;com vítima;94;BR-040/RJ;Sul;Colisão Traseira;;;2;;;;;;;;1;;;1;
04/07/2017;11:02:00;471;com vítima;790;BR-040/MG;Norte;Choque - Objeto Fixo;1;;;;;;;;;;0;1;;;
04/07/2017;18:27:00;511;sem vítima;113;BR-040/RJ;Norte;Engavetamento;2;;;;;2;;;;;4;;;;
04/07/2017;21:10:00;522;com vítima;109;BR-040/RJ;Norte;Colisão Lateral;1;;;1;;;;;;;1;1;;;
05/07/2017;10:17:00;584;com vítima;17;BR-040/RJ;Sul;Queda de Moto;;;;1;;;;;;;0;;1;;
05/07/2017;14:11:00;613;sem vítima;84;BR-040/RJ;Norte;Colisão Lateral;1;;1;;;;;;;;2;;;;
05/07/2017;17:57:00;640;sem vítima;121;BR-040/RJ;Norte;Engavetamento;4;;;;;;;;;;4;;;;
06/07/2017;08:59:00;719;com vítima;793;BR-040/MG;Sul;Capotamento;1;;;;;;;;;;0;2;;;
06/07/2017;12:25:00;744;sem vítima;113;BR-040/RJ;Norte;Engavetamento;3;;;;;;;;;;3;;;;
07/07/2017;07:29:00;823;com vítima;85;BR-040/RJ;Sul;Choque - Objeto Fixo;1;;;;;;;;;;0;1;;;
07/07/2017;10:27:00;845;sem vítima;120;BR-040/RJ;Sul;Choque - Objeto Fixo;1;;;;;;;;;;1;;;;
07/07/2017;12:25:00;853;com vítima;4;BR-040/RJ;Norte;Colisão Traseira;1;;;1;;;;;;;0;2;;;
07/07/2017;16:58:00;892;sem vítima;124;BR-040/RJ;Sul;Colisão Transversal;2;;;;;;;;;;2;;;;
07/07/2017;16:58:00;895;sem vítima;124;BR-040/RJ;Sul;Colisão Transversal;1;;;1;;;;;;;2;;;;
07/07/2017;18:08:00;902;sem vítima;85;BR-040/RJ;Sul;Choque - Objeto Fixo;1;;;;;;;;;;1;;;;
07/07/2017;21:43:00;925;com vítima;34;BR-040/RJ;Norte;Capotamento;1;;;;;;;;;;0;;1;;
07/07/2017;21:53:00;927;com vítima;48;BR-040/RJ;Norte;Queda de Moto;;;;1;;;;;;;0;1;;;
07/07/2017;22:32:00;930;sem vítima;113;BR-040/RJ;Sul;Derrapagem;1;;;;;;;;;;1;;;;
07/07/2017;23:18:00;933;com vítima;121;BR-040/RJ;Norte;Colisão Traseira;2;;;;;;;;;;1;;1;;
08/07/2017;01:53:00;941;com vítima;81;BR-040/RJ;Sul;Capotamento;1;;;;;;;;;;0;1;;;
08/07/2017;09:49:00;974;com vítima;92;BR-040/RJ;Norte;Queda de Moto;;;;1;;;;;;;0;2;;;
08/07/2017;10:25:00;977;com vítima;66;BR-040/RJ;Norte;Atropelamento - Pedestre;1;;;;;;;;;;0;2;;;1
08/07/2017;22:56:00;1060;sem vítima;117;BR-040/RJ;Norte;Colisão Traseira;1;;;;;1;;;;;2;;;;
09/07/2017;01:34:00;1071;com vítima;103;BR-040/RJ;Norte;Colisão Traseira;1;;;1;;;;;;;0;1;;;1
09/07/2017;04:07:00;1077;sem vítima;117;BR-040/RJ;Norte;Capotamento;1;;;;;;;;;;1;;;;
09/07/2017;06:09:00;1087;sem vítima;106;BR-040/RJ;Norte;Choque - Objeto Fixo;1;;;;;;;;;;1;;;;
09/07/2017;06:47:00;1089;com vítima;112;BR-040/RJ;Norte;Choque - Objeto Fixo;1;;;;;;;;;;0;;1;;
09/07/2017;07:09:00;1090;com vítima;824;BR-040/MG;Sul;Choque - Objeto Fixo;1;;;;;;;;;;0;1;;;
09/07/2017;07:16:00;1092;sem vítima;74;BR-040/RJ;Sul;Choque - Objeto Fixo;1;;;;;;;;;;1;;;;
09/07/2017;12:53:00;1117;sem vítima;64;BR-040/RJ;Norte;Choque - Objeto Fixo;1;;;;;;;;;;1;;;;
09/07/2017;15:49:00;1128;sem vítima;85;BR-040/RJ;Sul;Queda de Moto;;;;1;;;;;;;1;;;;
09/07/2017;18:03:00;1147;sem vítima;111;BR-040/RJ;Sul;Engavetamento;3;;;;;;;;;;3;;;;
09/07/2017;18:16:00;1151;com vítima;101;BR-040/RJ;Norte;Atropelamento - Pedestre;;;;;;1;;;;;1;;1;;
09/07/2017;18:34:00;1153;com vítima;109;BR-040/RJ;Sul;Colisão Traseira;2;;;;;;;;;;0;2;;;
09/07/2017;19:05:00;1157;sem vítima;31;BR-040/RJ;Norte;Choque - Objeto Fixo;1;;;;;;;;;;1;;;;
09/07/2017;20:51:00;1169;com vítima;85;BR-040/RJ;Norte;Choque - Objeto Fixo;1;;;;;;;;;;0;1;;;
10/07/2017;01:37:00;1190;com vítima;103;BR-040/RJ;Sul;Choque - Objeto Fixo;1;;;;;;;;;;0;1;1;;
10/07/2017;06:33:00;1203;com vítima;115;BR-040/RJ;Norte;Colisão Lateral;;;;1;1;;;;;;1;1;;;
10/07/2017;12:33:00;1254;com vítima;794;BR-040/MG;Sul;Capotamento;1;;;;;;;;;;0;1;;;
10/07/2017;15:19:00;1277;sem vítima;101;BR-040/RJ;Norte;Choque - Objeto Fixo;1;;;;;;;;;;1;;;;
10/07/2017;20:32:00;1305;sem vítima;90;BR-040/RJ;Norte;Choque - Objeto Fixo;1;;;;;;;;;;1;;;;
10/07/2017;20:59:00;1306;com vítima;54;BR-040/RJ;Norte;Choque - Objeto Fixo;1;;;;;;;;;;0;;;1;
10/07/2017;21:14:00;1316;com vítima;54;BR-040/RJ;Norte;Atropelamento - Pedestre;2;;;;;;;;;;0;2;;1;
11/07/2017;02:02:00;1330;com vítima;122;BR-040/RJ;Sul;Choque - Objeto Fixo;1;;;;;;;;;;0;1;;;
11/07/2017;05:40:00;1344;sem vítima;775;BR-040/MG;Norte;Choque - Objeto Fixo;1;;;;;;;;;;1;;;;
11/07/2017;18:45:00;1442;sem vítima;121;BR-040/RJ;Norte;Colisão Traseira;2;;;;;;;;;;2;;;;
11/07/2017;18:50:00;1444;sem vítima;784;BR-040/MG;Norte;Colisão Lateral;1;;1;;;;;;;;2;;;;
11/07/2017;21:24:00;1456;sem vítima;121;BR-040/RJ;Sul;Choque - Objeto Fixo;1;;;;;;;;;;1;;;;
12/07/2017;08:14:00;1488;sem vítima;112;BR-040/RJ;Sul;Colisão Traseira;2;;;;;;;;;;2;;;;
12/07/2017;08:28:00;1489;sem vítima;111;BR-040/RJ;Sul;Engavetamento;3;;;;;;;;;;3;;;;
12/07/2017;12:00:00;1520;sem vítima;30;BR-040/RJ;Sul;Colisão Lateral;2;;;;;;;;;;2;;;;
12/07/2017;23:19:00;1579;sem vítima;123;BR-040/RJ;Sul;Colisão Traseira;2;;;;;;;;;;2;;;;
13/07/2017;00:06:00;1581;sem vítima;123;BR-040/RJ;Norte;Choque - Objeto Fixo;1;;;;;;;;;;1;;;;
13/07/2017;05:53:00;1590;sem vítima;61;BR-040/RJ;Sul;Choque - Objeto Fixo;;;1;;;;;;;;1;;;;
13/07/2017;08:45:00;1609;sem vítima;124;BR-040/RJ;Sul;Colisão Lateral;2;;;;;;;;;;2;;;;
13/07/2017;10:27:00;1620;sem vítima;54;BR-040/RJ;Norte;Choque - Objeto Fixo;1;;;;;;;;;;1;;;;
13/07/2017;10:42:00;1623;com vítima;121;BR-040/RJ;Sul;Capotamento;1;;;;;;;;;;0;2;;;
13/07/2017;14:02:00;1640;com vítima;124;BR-040/RJ;Sul;Colisão Traseira;2;;;;;;;;;;1;2;;;
13/07/2017;23:17:00;1701;com vítima;825;BR-040/MG;Sul;Choque - Objeto Fixo;1;;;;;;;;;;0;1;;;
14/07/2017;06:55:00;1724;com vítima;123;BR-040/RJ;Sul;Colisão Lateral;1;;;1;;;;;;;1;1;;;
14/07/2017;07:27:00;1730;sem vítima;97;BR-040/RJ;Norte;Choque - Objeto Fixo;1;;;;;;;;;;1;;;;
14/07/2017;12:10:00;1778;sem vítima;120;BR-040/RJ;Norte;Colisão Traseira;2;;;;;;;;;;2;;;;
14/07/2017;15:09:00;1796;sem vítima;111;BR-040/RJ;Norte;Colisão Traseira;2;;;;;;;;;;2;;;;
14/07/2017;15:18:00;1797;com vítima;31;BR-040/RJ;Norte;Choque - Objeto Fixo;;;1;;;;;;;;0;;1;;
14/07/2017;15:20:00;1801;sem vítima;111;BR-040/RJ;Norte;Colisão Lateral;1;;1;;;;;;;;2;;;;
14/07/2017;15:59:00;1803;sem vítima;91;BR-040/RJ;Norte;Colisão Lateral;1;;1;;;;;;;;2;;;;
14/07/2017;16:49:00;1809;sem vítima;111;BR-040/RJ;Sul;Colisão Traseira;2;;;;;;;;;;2;;;;
14/07/2017;20:16:00;1829;sem vítima;31;BR-040/RJ;Norte;Choque - Objeto Fixo;1;;;;;;;;;;1;;;;
14/07/2017;23:39:00;1843;com vítima;23;BR-040/RJ;Norte;Capotamento;1;;;;;;;;;;0;5;;;
15/07/2017;08:31:00;1883;com vítima;115;BR-040/RJ;Norte;Choque - Objeto Fixo;1;;;;;;;;;;0;1;;;
15/07/2017;12:15:00;1925;com vítima;119;BR-040/RJ;Norte;Colisão Traseira;2;;;;;;;;;;0;5;;;
15/07/2017;15:22:00;1942;sem vítima;110;BR-040/RJ;Sul;Choque - Objeto Fixo;1;;;;;;;;;;1;;;;
15/07/2017;18:38:00;1962;com vítima;83;BR-040/RJ;Sul;Choque - Objeto Fixo;1;;;;;;;;;;0;1;;;
15/07/2017;21:42:00;1980;com vítima;115;BR-040/RJ;Norte;Engavetamento;4;;;;;;;;;;2;2;;;
16/07/2017;14:17:00;2036;com vítima;790;BR-040/MG;Norte;Colisão Traseira;1;;;1;;;;;;;1;2;;;
16/07/2017;15:36:00;2044;com vítima;75;BR-040/RJ;Sul;Queda de Moto;;;;1;;;;;;;0;2;;;
16/07/2017;18:41:00;2065;com vítima;104;BR-040/RJ;Norte;Colisão Transversal;1;1;;;;;;;;;1;;1;;
16/07/2017;19:12:00;2070;sem vítima;121;BR-040/RJ;Norte;Colisão Lateral;1;;;;;1;;;;;2;;;;
17/07/2017;09:19:00;2141;com vítima;101;BR-040/RJ;Sul;Colisão Frontal;1;;1;;1;;;;;;1;3;;;
17/07/2017;14:14:00;2174;com vítima;110;BR-040/RJ;Norte;Colisão Traseira;;;1;1;;;;;;;1;1;;;
17/07/2017;16:16:00;2186;com vítima;115;BR-040/RJ;Norte;Choque - Objeto Fixo;;;1;;;;;;;;0;;1;;
17/07/2017;19:06:00;2205;sem vítima;93;BR-040/RJ;Norte;Choque - Objeto Fixo;1;;;;;;;;;;1;;;;
18/07/2017;06:12:00;2237;com vítima;112;BR-040/RJ;Sul;Colisão Traseira;;;2;;;;;;;;0;2;;;
18/07/2017;11:43:00;2283;com vítima;84;BR-040/RJ;Norte;Choque - Objeto Fixo;1;;;;;;;;;;0;1;;;
18/07/2017;12:06:00;2285;com vítima;97;BR-040/RJ;Norte;Queda de Moto;;;;1;;;;;;;0;1;;;
18/07/2017;12:37:00;2286;sem vítima;77;BR-040/RJ;Sul;Capotamento;1;;;;;;;;;;1;;;;
18/07/2017;12:40:00;2288;sem vítima;78;BR-040/RJ;Sul;Choque - Objeto Fixo;1;;;;;;;;;;1;;;;
18/07/2017;13:04:00;2290;sem vítima;92;BR-040/RJ;Sul;Choque - Objeto Fixo;1;;;;;;;;;;1;;;;
18/07/2017;13:09:00;2291;sem vítima;91;BR-040/RJ;Sul;;1;;;;;;;;;;1;;;;
18/07/2017;13:11:00;2292;sem vítima;91;BR-040/RJ;Norte;Choque - Objeto Fixo;1;;;;;;;;;;1;;;;
18/07/2017;14:44:00;2297;sem vítima;115;BR-040/RJ;Sul;Choque - Objeto Fixo;1;;;;;1;;;;;2;;;;
18/07/2017;15:17:00;2301;sem vítima;87;BR-040/RJ;Sul;Choque - Objeto Fixo;1;;;;;;;;;;1;;;;
18/07/2017;15:31:00;2303;sem vítima;82;BR-040/RJ;Sul;Choque - Objeto Fixo;1;;;;;;;;;;1;;;;
18/07/2017;15:34:00;2306;com vítima;124;BR-040/RJ;Sul;Colisão Lateral;1;;;1;;;;;;;1;1;;;
18/07/2017;15:39:00;2309;sem vítima;82;BR-040/RJ;Sul;Choque - Objeto Fixo;1;;;;;;;;;;1;;;;
18/07/2017;15:40:00;2310;sem vítima;77;BR-040/RJ;Sul;Choque - Objeto Fixo;1;;;;;;;;;;1;;;;
18/07/2017;16:52:00;2312;sem vítima;93;BR-040/RJ;Sul;Choque - Objeto Fixo;1;;;;;;;;;;1;;;;
18/07/2017;17:13:00;2315;com vítima;106;BR-040/RJ;Sul;Colisão Lateral;2;;;;;;;;;;0;2;1;;
18/07/2017;18:34:00;2324;sem vítima;111;BR-040/RJ;Sul;Colisão Lateral;1;;;;;1;;;;;2;;;;