data;horario;n_da_ocorrencia;tipo_de_ocorrencia;km;trecho;sentido;tipo_de_acidente;automovel;bicicleta;caminhao;moto;onibus;outros;tracao_animal;transporte_de_cargas_especiais;trator_maquinas;utilitarios;ilesos;levemente_feridos;moderadamente_feridos;gravemente_feridos;mortos
16/08/2017;17:03:00;1974;sem vítima;84;BR-040/RJ;Norte;Choque - Objeto Fixo;1;;;;;;;;;;1;;;;
16/08/2017;20:08:00;1992;com vítima;82;BR-040/RJ;Sul;Capotamento;1;;;;;;;;;;0;1;;;
16/08/2017;21:04:00;1998;sem vítima;824;BR-040/MG;Norte;Colisão Traseira;;;2;;;;;;;;2;;;;
16/08/2017;21:33:00;2000;sem vítima;14;BR-040/RJ;Norte;Choque - Objeto Fixo;1;;;;;;;;;;1;;;;
16/08/2017;22:56:00;2004;sem vítima;84;BR-040/RJ;Norte;Choque - Objeto Fixo;1;;;;;;;;;;1;;;;
16/08/2017;23:50:00;2007;sem vítima;125;BR-040/RJ;Sul;Derrapagem;;;1;;;;;;;;1;;;;
17/08/2017;08:57:00;2042;sem vítima;9;BR-040/RJ;Norte;Queda de Moto;;;;1;;;;;;;1;;;;
17/08/2017;13:34:00;2076;sem vítima;91;BR-040/RJ;Sul;Choque - Objeto Fixo;1;;;;;;;;;;1;;;;
17/08/2017;14:34:00;2083;sem vítima;31;BR-040/RJ;Sul;Choque - Objeto Fixo;1;;;;;;;;;;1;;;;
17/08/2017;14:50:00;2088;sem vítima;93;BR-040/RJ;Sul;Tombamento;1;;;;;;;;;;1;;;;
17/08/2017;15:08:00;2092;sem vítima;93;BR-040/RJ;Sul;Choque - Objeto Fixo;1;;;;;;;;;;1;;;;
17/08/2017;15:32:00;2095;com vítima;782;BR-040/MG;Sul;Queda de Moto;;;;1;;;;;;;0;2;;;
17/08/2017;15:44:00;2096;sem vítima;93;BR-040/RJ;Norte;Choque - Objeto Fixo;1;;;;;;;;;;1;;;;
17/08/2017;15:54:00;2097;sem vítima;121;BR-040/RJ;Sul;Colisão Traseira;;;1;;;1;;;;;2;;;;
17/08/2017;16:44:00;2101;sem vítima;92;BR-040/RJ;Sul;Choque - Objeto Fixo;1;;;;;;;;;;1;;;;
17/08/2017;17:04:00;2105;sem vítima;93;BR-040/RJ;Sul;Choque - Objeto Fixo;1;;;;;;;;;;1;;;;
17/08/2017;17:07:00;2106;sem vítima;96;BR-040/RJ;Sul;Choque - Objeto Fixo;1;;;;;;;;;;1;;;;
17/08/2017;18:11:00;2113;com vítima;52;BR-040/RJ;Norte;Colisão Traseira;1;;1;;;;;;;;0;3;;;
17/08/2017;19:39:00;2127;sem vítima;53;BR-040/RJ;Norte;Colisão Traseira;2;;;;;;;;;;2;;;;
17/08/2017;22:16:00;2138;sem vítima;119;BR-040/RJ;Norte;Choque - Objeto Fixo;1;;;;;;;;;;1;;;;
18/08/2017;03:06:00;2151;com vítima;7;BR-040/RJ;Sul;Capotamento;1;;;;;;;;;;0;4;;;
18/08/2017;04:37:00;2157;com vítima;116;BR-040/RJ;Sul;Atropelamento - Pedestre;1;;;;;;;;;;0;1;;;1
18/08/2017;05:38:00;2160;com vítima;87;BR-040/RJ;Sul;Tombamento;;;1;;;;;;;;0;1;;;
18/08/2017;07:10:00;2166;sem vítima;93;BR-040/RJ;Sul;Choque - Objeto Fixo;1;;;;;;;;;;1;;;;
18/08/2017;09:35:00;2176;sem vítima;84;BR-040/RJ;Norte;Choque - Objeto Fixo;1;;;;;;;;;;1;;;;
18/08/2017;10:00:00;2180;com vítima;82;BR-040/RJ;Sul;Derrapagem;1;;;;;;;;;;0;5;;;
18/08/2017;13:08:00;2200;sem vítima;90;BR-040/RJ;Norte;Choque - Objeto Fixo;1;;;;;;;;;;1;;;;
18/08/2017;14:45:00;2209;sem vítima;93;BR-040/RJ;Sul;Choque - Objeto Fixo;1;;;;;;;;;;1;;;;
18/08/2017;17:05:00;2222;com vítima;787;BR-040/MG;Norte;Choque - Objeto Fixo;1;;;;;;;;;;0;;1;;
18/08/2017;17:39:00;2225;sem vítima;97;BR-040/RJ;Sul;Choque - Objeto Fixo;1;;;;;;;;;;1;;;;
18/08/2017;17:37:00;2226;sem vítima;93;BR-040/RJ;Sul;Choque - Objeto Fixo;1;;;;;;;;;;1;;;;
18/08/2017;18:03:00;2230;com vítima;115;BR-040/RJ;Norte;Colisão Traseira;1;;;1;;;;;;;1;;1;;
18/08/2017;18:00:00;2232;sem vítima;787;BR-040/MG;Norte;Colisão Traseira;2;;;;;;;;;;2;;;;
18/08/2017;18:32:00;2234;com vítima;90;BR-040/RJ;Norte;Capotamento;1;;;;;;;;;;0;1;;;
18/08/2017;20:11:00;2241;sem vítima;92;BR-040/RJ;Norte;Choque - Objeto Fixo;1;;;;;;;;;;1;;;;
18/08/2017;21:01:00;2247;sem vítima;90;BR-040/RJ;Norte;Choque - Objeto Fixo;1;;;;;;;;;;1;;;;
18/08/2017;21:03:00;2248;sem vítima;13;BR-040/RJ;Norte;Choque - Objeto Fixo;1;;;;;;;;;;1;;;;
18/08/2017;22:00:00;2253;sem vítima;21;BR-040/RJ;Norte;Derrapagem;1;;;;;;;;;;1;;;;
18/08/2017;22:07:00;2254;sem vítima;43;BR-040/RJ;Norte;Choque - Objeto Fixo;1;;;;;;;;;;1;;;;
18/08/2017;22:48:00;2258;sem vítima;92;BR-040/RJ;Sul;Derrapagem;1;;;;;;;;;;1;;;;
19/08/2017;04:45:00;2283;sem vítima;94;BR-040/RJ;Norte;Choque - Objeto Fixo;;;1;;;;;;;;1;;;;
19/08/2017;08:20:00;2303;com vítima;108;BR-040/RJ;Norte;Queda de Moto;;;;1;;;;;;;0;1;1;;
19/08/2017;11:28:00;2326;sem vítima;6;BR-040/RJ;Norte;Choque - Objeto Fixo;1;;;;;;;;;;1;;;;
19/08/2017;17:05:00;2357;sem vítima;92;BR-040/RJ;Sul;Choque - Objeto Fixo;1;;;;;;;;;;1;;;;
19/08/2017;21:35:00;2381;sem vítima;62;BR-040/RJ;Norte;Choque - Objeto Fixo;1;;;;;;;;;;1;;;;
20/08/2017;10:56:00;2448;sem vítima;44;BR-040/RJ;Norte;Atropelamento - Animal;1;;;;;;;;;;1;;;;
20/08/2017;11:43:00;2455;sem vítima;80;BR-040/RJ;Norte;Choque - Objeto Fixo;1;;;;;;;;;;1;;;;
20/08/2017;16:48:00;2490;sem vítima;83;BR-040/RJ;Norte;Choque - Objeto Fixo;1;;;;;;;;;;1;;;;
20/08/2017;18:34:00;2502;sem vítima;86;BR-040/RJ;Sul;Choque - Objeto Fixo;1;;;;;;;;;;1;;;;
20/08/2017;19:05:00;2508;sem vítima;91;BR-040/RJ;Sul;Capotamento;1;;;;;;;;;;1;;;;
20/08/2017;19:09:00;2509;com vítima;82;BR-040/RJ;Sul;Capotamento;1;;;;;;;;;;0;2;;;
20/08/2017;19:19:00;2511;sem vítima;122;BR-040/RJ;Sul;Colisão Lateral;2;;;;;;;;;;2;;;;
20/08/2017;19:34:00;2512;com vítima;85;BR-040/RJ;Sul;Choque - Objeto Fixo;1;;;;;;;;;;0;1;;;
20/08/2017;20:00:00;2516;sem vítima;75;BR-040/RJ;Sul;Choque - Objeto Fixo;1;;;;;;;;;;1;;;;
20/08/2017;23:02:00;2529;com vítima;124;BR-040/RJ;Sul;Queda de Moto;;;;1;;;;;;;0;;1;1;
20/08/2017;23:26:00;2533;sem vítima;17;BR-040/RJ;Norte;Choque - Objeto Fixo;1;;;;;;;;;;1;;;;
20/08/2017;23:55:00;2537;sem vítima;119;BR-040/RJ;Norte;Engavetamento;3;;;;;;;;;;3;;;;
21/08/2017;00:01:00;2538;sem vítima;119;BR-040/RJ;Sul;Choque - Objeto Fixo;1;;;;;;;;;;1;;;;
21/08/2017;03:51:00;2557;com vítima;77;BR-040/RJ;Sul;Choque - Objeto Fixo;;;1;;;;;;;;0;1;;;
21/08/2017;06:36:00;2565;com vítima;825;BR-040/MG;Sul;Choque - Objeto Fixo;1;;;;;;;;;;0;2;;;
21/08/2017;07:29:00;2570;sem vítima;813;BR-040/MG;Norte;Choque - Objeto Fixo;1;;;;;;;;;;1;;;;
21/08/2017;07:30:00;2571;sem vítima;8;BR-040/RJ;Norte;Choque - Objeto Fixo;1;;;;;;;;;;1;;;;
21/08/2017;07:39:00;2572;sem vítima;33;BR-040/RJ;Sul;Choque - Objeto Fixo;1;;;;;;;;;;1;;;;
21/08/2017;10:47:00;2594;sem vítima;93;BR-040/RJ;Sul;Choque - Objeto Fixo;1;;;;;;;;;;1;;;;
21/08/2017;11:42:00;2600;sem vítima;91;BR-040/RJ;Norte;Choque - Objeto Fixo;1;;;;;;;;;;1;;;;
21/08/2017;12:29:00;2606;sem vítima;92;BR-040/RJ;Norte;Choque - Objeto Fixo;1;;;;;;;;;;1;;;;
21/08/2017;13:05:00;2610;sem vítima;84;BR-040/RJ;Norte;Choque - Objeto Fixo;1;;;;;;;;;;1;;;;
21/08/2017;13:55:00;2613;sem vítima;90;BR-040/RJ;Sul;Choque - Objeto Fixo;1;;;;;;;;;;1;;;;
21/08/2017;14:07:00;2615;sem vítima;90;BR-040/RJ;Norte;Choque - Objeto Fixo;1;;;;;;;;;;1;;;;
21/08/2017;15:18:00;2622;com vítima;94;BR-040/RJ;Sul;Tombamento;;;1;;;;;;;;0;1;;;
21/08/2017;16:12:00;2629;sem vítima;92;BR-040/RJ;Sul;Choque - Objeto Fixo;1;;;;;;;;;;1;;;;
21/08/2017;19:28:00;2646;sem vítima;92;BR-040/RJ;Sul;Choque - Objeto Fixo;1;;;;;;;;;;1;;;;
21/08/2017;19:10:00;2648;sem vítima;50;BR-040/RJ;Norte;Atropelamento - Animal;1;;;;;;;;;;1;;;;
21/08/2017;21:12:00;2654;sem vítima;110;BR-040/RJ;Sul;Colisão Traseira;2;;;;;;;;;;2;;;;
21/08/2017;22:04:00;2660;com vítima;120;BR-040/RJ;Norte;Queda de Moto;;;;1;;;;;;;0;1;1;;
22/08/2017;03:59:00;2674;com vítima;110;BR-040/RJ;Norte;Choque - Objeto Fixo;1;;;;;;;;;;0;1;;;
22/08/2017;04:58:00;2676;sem vítima;113;BR-040/RJ;Sul;Choque - Objeto Fixo;1;;;;;;;;;;1;;;;
22/08/2017;07:55:00;2701;sem vítima;74;BR-040/RJ;Norte;Choque - Objeto Fixo;1;;;;;;;;;;1;;;;
22/08/2017;08:25:00;2702;sem vítima;72;BR-040/RJ;Norte;Choque - Objeto Fixo;1;;;;;;;;;;1;;;;
22/08/2017;08:57:00;2703;sem vítima;120;BR-040/RJ;Sul;Colisão Lateral;1;;;1;;;;;;;2;;;;
22/08/2017;10:00:00;2711;sem vítima;45;BR-040/RJ;Norte;Colisão Traseira;2;;;;;;;;;;2;;;;
22/08/2017;10:23:00;2712;com vítima;108;BR-040/RJ;Norte;Colisão Lateral;1;1;;;;;;;;;1;1;;;
22/08/2017;11:10:00;2718;sem vítima;109;BR-040/RJ;Norte;Colisão Lateral;1;;1;;;;;;;;2;;;;
22/08/2017;18:10:00;2751;com vítima;124;BR-040/RJ;Sul;Atropelamento - Pedestre;;;;1;;;;;;;0;1;1;;
22/08/2017;19:26:00;2758;sem vítima;791;BR-040/MG;Sul;Atropelamento - Animal;1;;;;;;;;;;1;;;;
22/08/2017;21:58:00;2764;com vítima;31;BR-040/RJ;Norte;Tombamento;;;1;;;;;;;;0;;2;;
23/08/2017;02:40:00;2781;sem vítima;67;BR-040/RJ;Norte;Derrapagem;1;;;;;;;;;;1;;;;
23/08/2017;15:02:00;2836;com vítima;72;BR-040/RJ;Norte;Capotamento;1;;;;;;;;;;0;1;;;
23/08/2017;16:51:00;2845;sem vítima;123;BR-040/RJ;Sul;Colisão Traseira;2;;;;;;;;;;2;;;;
23/08/2017;19:21:00;2866;sem vítima;104;BR-040/RJ;Norte;Colisão Lateral;;;1;;;1;;;;;2;;;;
23/08/2017;21:16:00;2877;sem vítima;775;BR-040/MG;Sul;Atropelamento - Animal;1;;;;;;;;;;1;;;;
24/08/2017;00:35:00;2892;sem vítima;784;BR-040/MG;Norte;Choque - Objeto Fixo;1;;;;;;;;;;1;;;;
24/08/2017;11:24:00;2942;sem vítima;70;BR-040/RJ;Sul;Colisão Lateral;1;;;;;1;;;;;2;;;;
24/08/2017;15:05:00;2964;sem vítima;113;BR-040/RJ;Norte;Colisão Traseira;1;;1;;;;;;;;2;;;;
24/08/2017;17:36:00;2986;com vítima;113;BR-040/RJ;Sul;Choque - Objeto Fixo;1;;;;;;;;;;0;1;1;;
25/08/2017;01:27:00;3017;sem vítima;121;BR-040/RJ;Norte;Choque - Objeto Fixo;1;;;;;;;;;;1;;;;
25/08/2017;05:42:00;3031;sem vítima;76;BR-040/RJ;Sul;Choque - Objeto Fixo;;;1;;;;;;;;1;;;;
25/08/2017;08:01:00;3039;sem vítima;125;BR-040/RJ;Sul;Engavetamento;1;;1;1;;1;;;;;4;;;;
25/08/2017;10:11:00;3052;sem vítima;113;BR-040/RJ;Sul;Colisão Traseira;1;;1;;;;;;;;2;;;;
25/08/2017;10:20:00;3053;com vítima;119;BR-040/RJ;Sul;Queda de Moto;;;;1;;;;;;;0;2;;;
25/08/2017;12:45:00;3072;sem vítima;123;BR-040/RJ;Norte;Colisão Lateral;1;;1;;;;;;;;2;;;;
25/08/2017;17:11:00;3098;sem vítima;96;BR-040/RJ;Norte;Choque - Objeto Fixo;1;;;;;;;;;;1;;;;
25/08/2017;23:24:00;3131;com vítima;799;BR-040/MG;Norte;Atropelamento - Animal;1;;;;;;;;;;0;1;;;
26/08/2017;11:03:00;3189;sem vítima;44;BR-040/RJ;Sul;Choque - Objeto Fixo;1;;;;;;;;;;1;;;;
26/08/2017;12:13:00;3199;sem vítima;791;BR-040/MG;Norte;Colisão Traseira;2;;;;;;;;;;2;;;;
26/08/2017;15:40:00;3224;sem vítima;91;BR-040/RJ;Norte;Colisão Traseira;2;;;;;;;;;;2;;;;
26/08/2017;17:12:00;3236;com vítima;111;BR-040/RJ;Norte;Queda de Moto;;;;1;;;;;;;0;1;;;
26/08/2017;17:24:00;3237;com vítima;82;BR-040/RJ;Sul;Engavetamento;2;;;;1;;;;;;0;5;;;
26/08/2017;19:05:00;3248;sem vítima;91;BR-040/RJ;Norte;Choque - Objeto Fixo;1;;;;;;;;;;1;;;;
27/08/2017;07:00:00;3283;com vítima;87;BR-040/RJ;Norte;Queda de Moto;;;;1;;;;;;;0;1;;;
27/08/2017;10:55:00;3301;sem vítima;52;BR-040/RJ;Norte;Choque - Objeto Fixo;1;;;;;;;;;;1;;;;
27/08/2017;15:19:00;3324;sem vítima;123;BR-040/RJ;Norte;Colisão Traseira;2;;;;;;;;;;2;;;;
27/08/2017;16:11:00;3331;com vítima;111;BR-040/RJ;Sul;Colisão Lateral;;;;2;;;;;;;1;1;;;
27/08/2017;19:43:00;3359;sem vítima;77;BR-040/RJ;Sul;Choque - Objeto Fixo;1;;;;;;;;;;1;;;;
28/08/2017;03:41:00;3394;sem vítima;92;BR-040/RJ;Sul;Choque - Objeto Fixo;1;;;;;;;;;;1;;;;
28/08/2017;05:54:00;3406;com vítima;122;BR-040/RJ;Sul;Queda de Moto;;;;1;;;;;;;0;1;;;
28/08/2017;07:03:00;3411;com vítima;121;BR-040/RJ;Sul;Queda de Moto;;;;1;;;;;;;0;1;;;
28/08/2017;07:44:00;3417;com vítima;120;BR-040/RJ;Sul;Colisão Traseira;;;1;1;;;;;;;1;1;;;
28/08/2017;08:33:00;3423;com vítima;96;BR-040/RJ;Sul;Queda de Moto;;;;1;;;;;;;0;1;;;
28/08/2017;09:53:00;3436;com vítima;78;BR-040/RJ;Sul;Queda de Moto;;;;1;;;;;;;0;1;;;
28/08/2017;17:20:00;3485;com vítima;122;BR-040/RJ;Norte;Colisão Lateral;;1;;;1;;;;;;1;1;;;
28/08/2017;17:23:00;3488;com vítima;802;BR-040/MG;Norte;Choque - Objeto Fixo;1;;;;;;;;;;0;1;;;
29/08/2017;00:55:00;3513;sem vítima;90;BR-040/RJ;Sul;Colisão Lateral;;;2;;;;;;;;2;;;;
29/08/2017;06:26:00;3525;sem vítima;112;BR-040/RJ;Sul;Engavetamento;2;;1;1;;;;;;;4;;;;
29/08/2017;12:06:00;3566;sem vítima;108;BR-040/RJ;Norte;Colisão Traseira;2;;;;;;;;;;2;;;;
29/08/2017;14:53:00;3578;sem vítima;85;BR-040/RJ;Sul;Choque - Objeto Fixo;;;1;;;;;;;;1;;;;
29/08/2017;16:35:00;3595;com vítima;16;BR-040/RJ;Norte;Queda de Moto;;;;1;;;;;;;0;;1;;
29/08/2017;16:38:00;3596;com vítima;110;BR-040/RJ;Sul;Engavetamento;2;;;;1;;;;;;0;3;;;
29/08/2017;18:39:00;3612;com vítima;122;BR-040/RJ;Norte;Engavetamento;4;;;;;;;;;;3;1;;;
30/08/2017;09:15:00;3677;com vítima;25;BR-040/RJ;Sul;Tombamento;;;1;;;;;;;;0;;1;;
30/08/2017;12:27:00;3693;sem vítima;125;BR-040/RJ;Norte;Colisão Traseira;2;;;;;;;;;;2;;;;
30/08/2017;17:04:00;3718;sem vítima;804;BR-040/MG;Norte;Colisão Traseira;;;2;;;;;;;;2;;;;
30/08/2017;18:55:00;3734;sem vítima;101;BR-040/RJ;Sul;Colisão Traseira;2;;;;;;;;;;2;;;;
31/08/2017;02:23:00;3769;com vítima;89;BR-040/RJ;Sul;Tombamento;;;1;;;;;;;;0;2;;;
31/08/2017;03:26:00;3773;com vítima;114;BR-040/RJ;Norte;Choque - Objeto Fixo;1;;;;;;;;;;0;;1;2;1
31/08/2017;12:13:00;3799;sem vítima;113;BR-040/RJ;Sul;Choque - Objeto Fixo;1;;;;;;;;;;1;;;;
31/08/2017;13:49:00;3813;com vítima;75;BR-040/RJ;Sul;Choque - Objeto Fixo;1;;;;;;;;;;0;1;;;
31/08/2017;14:21:00;3817;sem vítima;86;BR-040/RJ;Norte;Choque - Objeto Fixo;1;;;;;;;;;;1;;;;
31/08/2017;15:54:00;3827;sem vítima;94;BR-040/RJ;Sul;Choque - Objeto Fixo;1;;;;;;;;;;1;;;;
31/08/2017;17:47:00;3835;com vítima;94;BR-040/RJ;Sul;Capotamento;1;;;;;;;;;;0;2;;;
31/08/2017;18:59:00;3844;sem vítima;80;BR-040/RJ;Norte;Choque - Objeto Fixo;1;;;;;;;;;;1;;;;
31/08/2017;19:05:00;3845;com vítima;7;BR-040/RJ;Norte;Colisão Frontal;;1;;1;;;;;;;0;2;;;
31/08/2017;23:14:00;3860;sem vítima;78;BR-040/RJ;Sul;Choque - Objeto Fixo;1;;;;;;;;;;1;;;;
01/09/2017;00:04:00;1;sem vítima;64;BR-040/RJ;Norte;Derrapagem;1;;;;;;;;;;1;;;;
01/09/2017;00:32:00;4;com vítima;781;BR-040/MG;Norte;Atropelamento - Animal;1;;;;;1;;;;;1;1;;;
01/09/2017;03:01:00;13;sem vítima;106;BR-040/RJ;Norte;Choque - Objeto Fixo;1;;;;;;;;;;1;;;;
01/09/2017;06:18:00;20;sem vítima;91;BR-040/RJ;Norte;Choque - Objeto Fixo;1;;;;;;;;;;1;;;;
01/09/2017;06:40:00;22;com vítima;806;BR-040/MG;Norte;Capotamento;1;;;;;;;;;;0;1;;;
01/09/2017;06:45:00;23;sem vítima;111;BR-040/RJ;Sul;Colisão Traseira;2;;;;;;;;;;2;;;;
01/09/2017;07:08:00;28;com vítima;94;BR-040/RJ;Sul;Capotamento;1;;;;;;;;;;0;4;;;
01/09/2017;09:17:00;49;sem vítima;85;BR-040/RJ;Norte;Choque - Objeto Fixo;1;;;;;;;;;;1;;;;
01/09/2017;09:36:00;51;sem vítima;95;BR-040/RJ;Norte;Choque - Objeto Fixo;1;;;;;;;;;;1;;;;
01/09/2017;11:05:00;61;sem vítima;90;BR-040/RJ;Norte;Choque - Objeto Fixo;1;;;;;;;;;;1;;;;
01/09/2017;10:46:00;62;sem vítima;45;BR-040/RJ;Norte;Colisão Lateral;1;;1;;;;;;;;2;;;;
01/09/2017;16:53:00;106;sem vítima;92;BR-040/RJ;Norte;Tombamento;1;;;;;;;;;;1;;;;
01/09/2017;17:19:00;110;sem vítima;85;BR-040/RJ;Sul;Choque - Objeto Fixo;1;;;;;;;;;;1;;;;
01/09/2017;18:37:00;122;sem vítima;111;BR-040/RJ;Norte;Engavetamento;3;;;;;;;;;;3;;;;
01/09/2017;21:29:00;145;com vítima;54;BR-040/RJ;Sul;Choque - Objeto Fixo;1;;;;;;;;;;0;1;;;
01/09/2017;21:31:00;146;sem vítima;109;BR-040/RJ;Sul;Choque - Objeto Fixo;1;;;;;;;;;;1;;;;
02/09/2017;00:07:00;163;sem vítima;820;BR-040/MG;Norte;Colisão Lateral;1;;;;;2;;;;;3;;;;
02/09/2017;08:02:00;189;com vítima;63;BR-040/RJ;Norte;Capotamento;1;;;;;;;;;;0;1;;;
02/09/2017;11:22:00;204;com vítima;124;BR-040/RJ;Sul;Colisão Transversal;1;;;1;;;;;;;1;1;;;
02/09/2017;12:17:00;208;com vítima;99;BR-040/RJ;Sul;Capotamento;1;;;;;;;;;;0;;1;;
02/09/2017;17:45:00;247;sem vítima;77;BR-040/RJ;Sul;Choque - Objeto Fixo;1;;;;;;;;;;1;;;;
02/09/2017;18:35:00;251;sem vítima;101;BR-040/RJ;Sul;Queda de Moto;;;;1;;;;;;;1;;;;
03/09/2017;10:44:00;341;com vítima;124;BR-040/RJ;Sul;Capotamento;1;;;;;;;;;;0;;1;;
03/09/2017;16:35:00;378;sem vítima;83;BR-040/RJ;Norte;Choque - Objeto Fixo;1;;;;;;;;;;1;;;;
03/09/2017;17:24:00;383;com vítima;124;BR-040/RJ;Sul;Colisão Traseira;1;;;1;;;;;;;1;1;;;
03/09/2017;17:43:00;385;sem vítima;810;BR-040/MG;Norte;Colisão Frontal;1;;;;;1;;;;;2;;;;
04/09/2017;06:50:00;443;com vítima;799;BR-040/MG;Sul;Queda de Moto;;;;1;;;;;;;0;1;;;
04/09/2017;13:29:00;489;sem vítima;116;BR-040/RJ;Sul;Colisão Traseira;1;;;;;1;;;;;2;;;;
04/09/2017;23:13:00;549;sem vítima;798;BR-040/MG;Sul;Choque - Objeto Fixo;1;;;;;;;;;;1;;;;
05/09/2017;09:49:00;604;sem vítima;123;BR-040/RJ;Sul;Colisão Lateral;1;;1;;;;;;;;2;;;;
05/09/2017;10:20:00;606;sem vítima;123;BR-040/RJ;Sul;Colisão Lateral;1;;1;;;;;;;;2;;;;
05/09/2017;10:58:00;609;com vítima;117;BR-040/RJ;Sul;Colisão Lateral;1;;;1;;;;;;;1;1;;;
05/09/2017;15:08:00;641;com vítima;79;BR-040/RJ;Norte;Tombamento;;;1;;;1;;;;;1;1;;;
05/09/2017;16:55:00;658;com vítima;790;BR-040/MG;Sul;Atropelamento - Animal;;;;1;;;;;;;0;;1;;
06/09/2017;07:49:00;711;com vítima;77;BR-040/RJ;Norte;Capotamento;2;;;;;;;;;;0;1;4;1;
06/09/2017;08:51:00;723;sem vítima;113;BR-040/RJ;Sul;Colisão Lateral;1;;1;;;;;;;;2;;;;
06/09/2017;10:15:00;732;com vítima;115;BR-040/RJ;Norte;Choque - Objeto Fixo;1;;;;;;;;;;0;1;1;;
06/09/2017;15:08:00;776;sem vítima;123;BR-040/RJ;Sul;Colisão Traseira;2;;;;;;;;;;2;;;;
06/09/2017;18:50:00;805;sem vítima;113;BR-040/RJ;Norte;Colisão Traseira;2;;;;;;;;;;2;;;;
07/09/2017;06:31:00;858;sem vítima;113;BR-040/RJ;Sul;Derrapagem;1;;;;;;;;;;1;;;;
07/09/2017;07:16:00;870;com vítima;112;BR-040/RJ;Sul;Atropelamento - Pedestre;;;1;;;;;;;;1;;;1;
07/09/2017;12:42:00;925;com vítima;104;BR-040/RJ;Norte;Colisão Lateral;1;;1;;;;;;;;1;3;;;
08/09/2017;08:32:00;1030;sem vítima;113;BR-040/RJ;Sul;Choque - Objeto Fixo;1;;1;;;;;;;;2;;;;
08/09/2017;09:01:00;1034;com vítima;113;BR-040/RJ;Sul;Colisão Traseira;2;;;;;;;;;;0;3;;;
08/09/2017;09:57:00;1042;sem vítima;111;BR-040/RJ;Sul;Engavetamento;5;;;;;;;;;;5;;;;
08/09/2017;10:35:00;1046;sem vítima;110;BR-040/RJ;Sul;Colisão Traseira;2;;;;;;;;;;2;;;;
08/09/2017;11:29:00;1054;sem vítima;113;BR-040/RJ;Norte;Colisão Traseira;2;;;;;;;;;;2;;;;
08/09/2017;15:00:00;1081;sem vítima;85;BR-040/RJ;Norte;Queda de Moto;1;;;;;;;;;;1;;;;
08/09/2017;17:30:00;1105;com vítima;122;BR-040/RJ;Norte;Colisão Traseira;1;;;1;;;;;;;1;1;;;
08/09/2017;19:43:00;1119;com vítima;786;BR-040/MG;Sul;Atropelamento - Animal;3;;;;;;;;;;0;3;;;
08/09/2017;19:58:00;1128;com vítima;785;BR-040/MG;Sul;Atropelamento - Animal;1;;;;;;;;;;0;2;;;
09/09/2017;01:48:00;1146;com vítima;113;BR-040/RJ;Sul;Choque - Objeto Fixo;;;1;;;;;;;;0;2;;;
09/09/2017;08:26:00;1162;com vítima;70;BR-040/RJ;Norte;Capotamento;1;;;;;;;;;;0;2;;;
09/09/2017;09:29:00;1169;com vítima;104;BR-040/RJ;Norte;Queda de Moto;;;;1;;;;;;;0;1;;;
09/09/2017;11:22:00;1183;sem vítima;110;BR-040/RJ;Norte;Colisão Traseira;2;;;;;;;;;;2;;;;
09/09/2017;16:36:00;1211;sem vítima;116;BR-040/RJ;Sul;Choque - Objeto Fixo;1;;;;;;;;;;1;;;;
09/09/2017;17:47:00;1218;com vítima;102;BR-040/RJ;Sul;Atropelamento - Pedestre;1;;;;;;;;;;1;;1;;
10/09/2017;00:20:00;1254;sem vítima;112;BR-040/RJ;Norte;Choque - Objeto Fixo;1;;;;;;;;;;1;;;;
10/09/2017;04:49:00;1266;sem vítima;82;BR-040/RJ;Sul;Capotamento;1;;;;;;;;;;1;;;;
10/09/2017;07:25:00;1276;sem vítima;37;BR-040/RJ;Sul;Choque - Objeto Fixo;1;;;;;;;;;;1;;;;
10/09/2017;13:08:00;1306;sem vítima;108;BR-040/RJ;Norte;Choque - Objeto Fixo;1;;;;;;;;;;1;;;;
10/09/2017;14:39:00;1323;sem vítima;123;BR-040/RJ;Sul;Colisão Traseira;1;;;;;1;;;;;2;;;;
10/09/2017;14:45:00;1325;sem vítima;45;BR-040/RJ;Norte;Colisão Traseira;1;;;;;1;;;;;2;;;;
10/09/2017;18:15:00;1361;sem vítima;828;BR-040/MG;Norte;Choque - Objeto Fixo;1;;;;;;;;;;1;;;;
11/09/2017;09:15:00;1426;com vítima;103;BR-040/RJ;Norte;Colisão Frontal;;1;;;1;;;;;;1;1;;;
11/09/2017;13:35:00;1461;com vítima;113;BR-040/RJ;Norte;Colisão Lateral;1;;;1;;;;;;;1;1;;;
11/09/2017;13:23:00;1466;sem vítima;5;BR-040/RJ;Norte;Colisão Traseira;2;;;;;;;;;;2;;;;
12/09/2017;17:24:00;1609;com vítima;70;BR-040/RJ;Sul;Colisão Traseira;1;;;1;;;;;;;0;4;;;
12/09/2017;18:32:00;1619;sem vítima;111;BR-040/RJ;Norte;Engavetamento;3;;;;;1;;;;;4;;;;
12/09/2017;18:34:00;1621;com vítima;105;BR-040/RJ;Norte;Atropelamento - Pedestre;;;;;;1;;;;;1;1;;;
12/09/2017;19:12:00;1626;com vítima;109;BR-040/RJ;Norte;Choque - Objeto Fixo;1;;;;;;;;;;0;1;;;
13/09/2017;08:18:00;1673;sem vítima;85;BR-040/RJ;Sul;Choque - Objeto Fixo;1;;;;;;;;;;1;;;;