data;horario;n_da_ocorrencia;tipo_de_ocorrencia;km;trecho;sentido;tipo_de_acidente;automovel;bicicleta;caminhao;moto;onibus;outros;tracao_animal;transporte_de_cargas_especiais;trator_maquinas;utilitarios;ilesos;levemente_feridos;moderadamente_feridos;gravemente_feridos;mortos
13/09/2017;18:42:00;1755;com vítima;780;BR-040/MG;Sul;Colisão Lateral;1;;;1;;;;;;;1;1;;;
14/09/2017;01:20:00;1786;sem vítima;76;BR-040/RJ;Sul;Derrapagem;;;1;;;;;;;;1;;;;
14/09/2017;03:21:00;1789;sem vítima;97;BR-040/RJ;Norte;Choque - Objeto Fixo;1;;;;;;;;;;1;;;;
14/09/2017;06:33:00;1801;com vítima;29;BR-040/RJ;Norte;Capotamento;1;;;;;;;;;;0;1;;;
14/09/2017;08:39:00;1812;sem vítima;124;BR-040/RJ;Norte;Engavetamento;3;;;;;;;;;;3;;;;
14/09/2017;08:45:00;1814;sem vítima;84;BR-040/RJ;Norte;Colisão Lateral;2;;;;;;;;;;2;;;;
14/09/2017;09:24:00;1818;sem vítima;91;BR-040/RJ;Norte;Colisão Traseira;1;;;1;;;;;;;2;;;;
14/09/2017;10:56:00;1829;sem vítima;93;BR-040/RJ;Norte;Choque - Objeto Fixo;1;;;;;;;;;;1;;;;
14/09/2017;17:40:00;1880;sem vítima;104;BR-040/RJ;Norte;Colisão Traseira;1;;1;;;;;;;;2;;;;
14/09/2017;18:35:00;1889;sem vítima;104;BR-040/RJ;Norte;Colisão Traseira;2;;;;;;;;;;2;;;;
15/09/2017;01:28:00;1921;com vítima;74;BR-040/RJ;Norte;Queda de Moto;;;;1;;;;;;;0;1;;;
15/09/2017;04:49:00;1934;sem vítima;22;BR-040/RJ;Sul;Choque - Objeto Fixo;1;;;;;;;;;;1;;;;
15/09/2017;06:34:00;1943;sem vítima;72;BR-040/RJ;Sul;Choque - Objeto Fixo;1;;;;;;;;;;1;;;;
15/09/2017;08:38:00;1947;com vítima;120;BR-040/RJ;Sul;Colisão Lateral;1;;;1;;;;;;;0;2;;;
16/09/2017;02:47:00;2069;com vítima;62;BR-040/RJ;Sul;Choque - Objeto Fixo;1;;;;;;;;;;0;1;;;
16/09/2017;03:34:00;2071;com vítima;3;BR-040/RJ;Norte;Atropelamento - Animal;1;;;;;;;;;;0;1;;;
16/09/2017;15:17:00;2143;com vítima;777;BR-040/MG;Sul;Choque - Objeto Fixo;1;;;;;;;;;;0;3;;;
16/09/2017;17:43:00;2159;sem vítima;776;BR-040/MG;Sul;Choque - Objeto Fixo;1;;;;;;;;;;1;;;;
16/09/2017;17:58:00;2160;com vítima;821;BR-040/MG;Sul;Choque - Objeto Fixo;1;;;;;;;;;;0;5;;;
16/09/2017;18:27:00;2164;com vítima;101;BR-040/RJ;Norte;Colisão Transversal;1;;;1;;;;;;;1;1;;;
16/09/2017;21:37:00;2188;com vítima;104;BR-040/RJ;Sul;Choque - Objeto Fixo;1;;;;;;;;;;0;;;1;
17/09/2017;03:09:00;2205;sem vítima;95;BR-040/RJ;Sul;Queda de Moto;;;;1;;;;;;;1;;;;
17/09/2017;14:47:00;2253;com vítima;80;BR-040/RJ;Sul;Capotamento;1;;;;;;;;;;0;1;;;
17/09/2017;20:00:00;2285;com vítima;120;BR-040/RJ;Sul;Colisão Traseira;2;;;;;;;;;;2;;;1;
18/09/2017;09:45:00;2362;sem vítima;40;BR-040/RJ;Sul;Choque - Objeto Fixo;1;;;;;;;;;;1;;;;
18/09/2017;14:13:00;2395;sem vítima;105;BR-040/RJ;Norte;Colisão Traseira;1;;;;;1;;;;;2;;;;
19/09/2017;14:46:00;2519;com vítima;92;BR-040/RJ;Norte;Choque - Objeto Fixo;1;;;;;;;;;;0;2;;;
19/09/2017;17:12:00;2536;com vítima;31;BR-040/RJ;Norte;Choque - Objeto Fixo;1;;;;;;;;;;0;3;;;
20/09/2017;15:27:00;2653;sem vítima;83;BR-040/RJ;Norte;Colisão Traseira;2;;;;;;;;;;2;;;;
20/09/2017;18:13:00;2673;com vítima;125;BR-040/RJ;Sul;Colisão Traseira;;;;1;;1;;;;;1;;1;;
20/09/2017;20:40:00;2689;sem vítima;112;BR-040/RJ;Norte;Colisão Traseira;2;;;;;;;;;;2;;;;
20/09/2017;21:50:00;2691;sem vítima;82;BR-040/RJ;Sul;Colisão Traseira;2;;;;;;;;;;2;;;;
21/09/2017;03:42:00;2706;com vítima;123;BR-040/RJ;Sul;Atropelamento - Pedestre;;;;;;1;;;;;1;;;;1
21/09/2017;07:18:00;2720;sem vítima;79;BR-040/RJ;Norte;Choque - Objeto Fixo;1;;;;;;;;;;1;;;;
21/09/2017;09:25:00;2738;com vítima;113;BR-040/RJ;Sul;Colisão Traseira;1;;1;;;;;;;;1;1;;;
21/09/2017;13:47:00;2766;com vítima;91;BR-040/RJ;Sul;Tombamento;;;2;;;;;;;;0;1;;;1
21/09/2017;14:50:00;2775;sem vítima;87;BR-040/RJ;Norte;Queda de Moto;;;;1;;;;;;;1;;;;
21/09/2017;19:46:00;2799;com vítima;118;BR-040/RJ;Sul;Colisão Traseira;1;;;1;;;;;;;1;1;1;;
22/09/2017;00:26:00;2819;sem vítima;825;BR-040/MG;Norte;Choque - Objeto Fixo;;;1;;;;;;;;1;;;;
22/09/2017;06:50:00;2841;sem vítima;112;BR-040/RJ;Sul;Choque - Objeto Fixo;1;;;;;;;;;;1;;;;
22/09/2017;07:15:00;2843;com vítima;112;BR-040/RJ;Sul;Colisão Traseira;2;;;;;2;;;;;3;1;;;
22/09/2017;08:12:00;2850;sem vítima;85;BR-040/RJ;Sul;Choque - Objeto Fixo;1;;;;;;;;;;1;;;;
22/09/2017;09:25:00;2861;sem vítima;91;BR-040/RJ;Norte;Capotamento;1;;;;;;;;;;1;;;;
22/09/2017;12:17:00;2878;com vítima;120;BR-040/RJ;Sul;Engavetamento;2;;1;;1;1;;;;;5;3;;;
22/09/2017;12:17:00;2881;com vítima;120;BR-040/RJ;Sul;Atropelamento - Pedestre;;;1;;;;;;;;1;;2;;
22/09/2017;14:24:00;2886;com vítima;9;BR-040/RJ;Sul;Atropelamento - Pedestre;1;;;;;;;;;;1;;1;;
22/09/2017;18:05:00;2911;com vítima;123;BR-040/RJ;Norte;Colisão Traseira;1;;;1;;;;;;;1;1;;;
22/09/2017;21:53:00;2934;com vítima;65;BR-040/RJ;Sul;Queda de Moto;;;;1;;;;;;;0;;1;;
23/09/2017;04:27:00;2954;com vítima;109;BR-040/RJ;Norte;Choque - Objeto Fixo;1;;;;;;;;;;0;;1;;
23/09/2017;06:11:00;2960;com vítima;18;BR-040/RJ;Sul;Choque - Objeto Fixo;1;;;;;;;;;;0;;2;;
23/09/2017;08:15:00;2969;sem vítima;98;BR-040/RJ;Norte;;;;;1;;;;;;;1;;;;
23/09/2017;18:43:00;3066;sem vítima;122;BR-040/RJ;Norte;Choque - Objeto Fixo;1;;;;;;;;;;1;;;;
23/09/2017;22:15:00;3086;com vítima;81;BR-040/RJ;Norte;Queda de Moto;;;;1;;;;;;;0;1;;;
23/09/2017;22:50:00;3089;sem vítima;116;BR-040/RJ;Sul;Colisão Traseira;2;;;;;;;;;;2;;;;
24/09/2017;02:34:00;3102;sem vítima;67;BR-040/RJ;Norte;Choque - Objeto Fixo;1;;;;;;;;;;1;;;;
24/09/2017;06:18:00;3111;com vítima;100;BR-040/RJ;Sul;Queda de Moto;;;;1;;;;;;;0;1;;;
24/09/2017;14:27:00;3150;com vítima;23;BR-040/RJ;Sul;Choque - Objeto Fixo;1;;;;;;;;;;0;;1;1;
24/09/2017;17:06:00;3172;sem vítima;61;BR-040/RJ;Norte;Colisão Lateral;2;;;;;;;;;;2;;;;
24/09/2017;19:04:00;3183;com vítima;51;BR-040/RJ;Sul;Engavetamento;2;;1;;;;;;;;1;4;;;
24/09/2017;21:35:00;3200;com vítima;42;BR-040/RJ;Norte;Colisão Traseira;2;;;;;;;;;;4;4;;;
24/09/2017;21:30:00;3201;com vítima;56;BR-040/RJ;Sul;Colisão Lateral;1;;;1;;;;;;;1;;1;;
25/09/2017;07:23:00;3247;sem vítima;121;BR-040/RJ;Sul;Colisão Traseira;1;;1;;;;;;;;2;;;;
25/09/2017;10:48:00;3268;com vítima;119;BR-040/RJ;Sul;Capotamento;1;;;;;;;;;;0;1;;;
25/09/2017;16:56:00;3320;com vítima;105;BR-040/RJ;Norte;Colisão Traseira;1;;1;;;;;;;;1;2;;;
25/09/2017;17:41:00;3326;com vítima;113;BR-040/RJ;Sul;Choque - Objeto Fixo;1;;;;;;;;;;0;1;;;
26/09/2017;02:47:00;3374;com vítima;91;BR-040/RJ;Sul;Choque - Objeto Fixo;;;1;;;;;;;;0;1;;;
26/09/2017;18:56:00;3462;sem vítima;77;BR-040/RJ;Norte;Colisão Lateral;1;;1;;;;;;;;2;;;;
26/09/2017;19:25:00;3467;com vítima;62;BR-040/RJ;Norte;Colisão Frontal;1;1;;;;;;;;;1;;;1;
26/09/2017;21:22:00;3471;com vítima;85;BR-040/RJ;Sul;Capotamento;1;;;;;;;;;;0;1;;;
27/09/2017;07:49:00;3512;sem vítima;53;BR-040/RJ;Norte;Colisão Lateral;1;;1;;;;;;;;2;;;;
27/09/2017;08:14:00;3514;com vítima;31;BR-040/RJ;Sul;Capotamento;1;;;;;;;;;;0;1;;;
27/09/2017;13:04:00;3545;sem vítima;83;BR-040/RJ;Norte;Choque - Objeto Fixo;1;;;;;;;;;;1;;;;
27/09/2017;14:01:00;3552;com vítima;109;BR-040/RJ;Sul;Queda de Moto;;;;1;;;;;;;0;;1;;
27/09/2017;15:11:00;3560;sem vítima;109;BR-040/RJ;Sul;Colisão Traseira;1;;;1;;;;;;;3;;;;
27/09/2017;15:16:00;3562;com vítima;96;BR-040/RJ;Norte;Tombamento;;;1;;;1;;;;;1;;2;;
27/09/2017;16:43:00;3569;com vítima;100;BR-040/RJ;Norte;Capotamento;1;;;;;;;;;;0;1;;;
27/09/2017;17:21:00;3572;sem vítima;125;BR-040/RJ;Norte;Colisão Lateral;;;2;;;;;;;;2;;;;
28/09/2017;12:56:00;3676;sem vítima;121;BR-040/RJ;Norte;Colisão Traseira;1;;;;;1;;;;;2;;;;
29/09/2017;01:00:00;3737;sem vítima;92;BR-040/RJ;Sul;Capotamento;1;;;;;;;;;;1;;;;
29/09/2017;05:23:00;3742;sem vítima;111;BR-040/RJ;Norte;Queda de Moto;;;;1;;;;;;;1;;;;
29/09/2017;11:09:00;3779;sem vítima;90;BR-040/RJ;Norte;Choque - Objeto Fixo;1;;;;;;;;;;1;;;;
29/09/2017;14:03:00;3791;com vítima;121;BR-040/RJ;Norte;Colisão Lateral;;;1;1;;;;;;;1;;;1;
29/09/2017;16:17:00;3804;com vítima;122;BR-040/RJ;Norte;Choque - Objeto Fixo;1;;;;;;;;;;0;1;;;
29/09/2017;16:39:00;3807;sem vítima;86;BR-040/RJ;Norte;Colisão Lateral;1;;;;1;;;;;;2;;;;
29/09/2017;16:40:00;3809;sem vítima;808;BR-040/MG;Sul;Colisão Traseira;1;;1;;;;;;;;2;;;;
29/09/2017;21:24:00;3830;sem vítima;84;BR-040/RJ;Sul;Choque - Objeto Fixo;1;;;;;;;;;;1;;;;
29/09/2017;23:42:00;3844;sem vítima;85;BR-040/RJ;Sul;Choque - Objeto Fixo;1;;;;;;;;;;1;;;;
29/09/2017;23:58:00;3849;com vítima;107;BR-040/RJ;Sul;Colisão Frontal;1;1;;;;;;;;;1;;;1;
30/09/2017;06:41:00;3863;com vítima;114;BR-040/RJ;Sul;Choque - Objeto Fixo;1;;;;;;;;;;0;1;;;
30/09/2017;07:36:00;3869;sem vítima;84;BR-040/RJ;Sul;Choque - Objeto Fixo;1;;;;;;;;;;1;;;;
30/09/2017;08:10:00;3874;com vítima;31;BR-040/RJ;Norte;Capotamento;1;;;;;;;;;;0;4;;;
30/09/2017;08:11:00;3875;sem vítima;96;BR-040/RJ;Sul;Choque - Objeto Fixo;1;;;;;;;;;;1;;;;
30/09/2017;08:04:00;3876;sem vítima;12;BR-040/RJ;Norte;Choque - Objeto Fixo;1;;;;;;;;;;1;;;;
30/09/2017;08:31:00;3881;sem vítima;85;BR-040/RJ;Sul;Choque - Objeto Fixo;1;;;;;;;;;;1;;;;
30/09/2017;08:55:00;3884;sem vítima;100;BR-040/RJ;Norte;Choque - Objeto Fixo;1;;;;;;;;;;1;;;;
30/09/2017;09:23:00;3888;sem vítima;93;BR-040/RJ;Sul;Choque - Objeto Fixo;1;;;;;;;;;;1;;;;
30/09/2017;09:30:00;3892;sem vítima;799;BR-040/MG;Sul;Choque - Objeto Fixo;1;;;;;;;;;;1;;;;
30/09/2017;09:47:00;3894;sem vítima;92;BR-040/RJ;Sul;Choque - Objeto Fixo;1;;;;;;;;;;1;;;;
30/09/2017;09:52:00;3895;sem vítima;84;BR-040/RJ;Sul;Choque - Objeto Fixo;1;;;;;;;;;;1;;;;
30/09/2017;10:04:00;3896;sem vítima;87;BR-040/RJ;Norte;Choque - Objeto Fixo;1;;;;;;;;;;1;;;;
30/09/2017;10:29:00;3899;sem vítima;92;BR-040/RJ;Sul;Choque - Objeto Fixo;1;;;;;;;;;;1;;;;
30/09/2017;10:31:00;3900;com vítima;827;BR-040/MG;Sul;Choque - Objeto Fixo;1;;;;;;;;;;0;4;;;
30/09/2017;11:01:00;3901;sem vítima;85;BR-040/RJ;Sul;Choque - Objeto Fixo;1;;;;;;;;;;1;;;;
30/09/2017;11:17:00;3905;sem vítima;25;BR-040/RJ;Sul;Choque - Objeto Fixo;1;;;;;;;;;;1;;;;
30/09/2017;11:28:00;3906;sem vítima;78;BR-040/RJ;Sul;Choque - Objeto Fixo;1;;;;;;;;;;1;;;;
30/09/2017;11:30:00;3907;sem vítima;89;BR-040/RJ;Sul;Choque - Objeto Fixo;1;;;;;;;;;;1;;;;
30/09/2017;11:30:00;3908;sem vítima;784;BR-040/MG;Sul;Choque - Objeto Fixo;1;;;;;;;;;;1;;;;
30/09/2017;11:56:00;3912;com vítima;793;BR-040/MG;Sul;Choque - Objeto Fixo;1;;;;;;;;;;0;1;;;
30/09/2017;12:04:00;3915;sem vítima;32;BR-040/RJ;Norte;Choque - Objeto Fixo;1;;;;;;;;;;1;;;;
30/09/2017;12:31:00;3918;sem vítima;87;BR-040/RJ;Sul;Choque - Objeto Fixo;1;;;;;;;;;;1;;;;
30/09/2017;12:34:00;3919;sem vítima;93;BR-040/RJ;Norte;Choque - Objeto Fixo;1;;;;;;;;;;1;;;;
30/09/2017;12:36:00;3920;sem vítima;87;BR-040/RJ;Sul;Choque - Objeto Fixo;1;;;;;;;;;;1;;;;
30/09/2017;12:41:00;3921;sem vítima;86;BR-040/RJ;Sul;Choque - Objeto Fixo;1;;;;;;;;;;1;;;;
30/09/2017;12:50:00;3922;com vítima;86;BR-040/RJ;Sul;Choque - Objeto Fixo;1;;;;;;;;;;0;2;;;
30/09/2017;13:21:00;3926;sem vítima;801;BR-040/MG;Sul;Choque - Objeto Fixo;1;;;;;;;;;;1;;;;
30/09/2017;13:22:00;3927;sem vítima;92;BR-040/RJ;Norte;Choque - Objeto Fixo;1;;;;;;;;;;1;;;;
30/09/2017;13:19:00;3928;sem vítima;78;BR-040/RJ;Sul;Choque - Objeto Fixo;1;;;;;;;;;;1;;;;
30/09/2017;13:30:00;3929;sem vítima;85;BR-040/RJ;Norte;Choque - Objeto Fixo;1;;;;;;;;;;1;;;;
30/09/2017;13:40:00;3930;sem vítima;826;BR-040/MG;Sul;Choque - Objeto Fixo;1;;;;;;;;;;1;;;;
30/09/2017;14:14:00;3937;sem vítima;96;BR-040/RJ;Norte;Tombamento;;;1;;;;;;;;1;;;;
30/09/2017;14:28:00;3938;sem vítima;84;BR-040/RJ;Sul;Choque - Objeto Fixo;1;;;;;;;;;;1;;;;
30/09/2017;14:41:00;3940;sem vítima;12;BR-040/RJ;Norte;Choque - Objeto Fixo;1;;;;;;;;;;1;;;;
30/09/2017;15:00:00;3942;sem vítima;32;BR-040/RJ;Norte;Choque - Objeto Fixo;1;;;;;;;;;;1;;;;
30/09/2017;15:01:00;3943;sem vítima;78;BR-040/RJ;Norte;Choque - Objeto Fixo;1;;;;;;;;;;1;;;;
30/09/2017;15:09:00;3944;sem vítima;5;BR-040/RJ;Sul;Choque - Objeto Fixo;1;;;;;;;;;;1;;;;
30/09/2017;15:15:00;3945;com vítima;43;BR-040/RJ;Norte;Choque - Objeto Fixo;1;;;;;;;;;;0;5;;;
30/09/2017;15:46:00;3949;sem vítima;91;BR-040/RJ;Norte;Choque - Objeto Fixo;1;;;;;;;;;;1;;;;
30/09/2017;15:57:00;3951;sem vítima;74;BR-040/RJ;Sul;Choque - Objeto Fixo;1;;;;;;;;;;1;;;;
30/09/2017;15:55:00;3952;sem vítima;85;BR-040/RJ;Sul;Choque - Objeto Fixo;1;;;;;;;;;;1;;;;
30/09/2017;15:54:00;3953;sem vítima;33;BR-040/RJ;Norte;Choque - Objeto Fixo;1;;;;;;;;;;1;;;;
30/09/2017;16:20:00;3955;sem vítima;78;BR-040/RJ;Sul;Choque - Objeto Fixo;1;;;;;;;;;;1;;;;
30/09/2017;16:23:00;3956;sem vítima;74;BR-040/RJ;Norte;Choque - Objeto Fixo;1;;;;;;;;;;1;;;;
30/09/2017;16:17:00;3957;sem vítima;85;BR-040/RJ;Norte;Choque - Objeto Fixo;1;;;;;;;;;;1;;;;
30/09/2017;16:48:00;3958;sem vítima;124;BR-040/RJ;Norte;Colisão Traseira;2;;;;;;;;;;2;;;;
30/09/2017;17:04:00;3959;sem vítima;76;BR-040/RJ;Sul;Choque - Objeto Fixo;1;;;;;;;;;;1;;;;
30/09/2017;17:37:00;3962;sem vítima;85;BR-040/RJ;Sul;Choque - Objeto Fixo;1;;;;;;;;;;1;;;;
30/09/2017;18:42:00;3968;sem vítima;43;BR-040/RJ;Norte;Choque - Objeto Fixo;1;;;;;;;;;;1;;;;
30/09/2017;19:00:00;3970;sem vítima;76;BR-040/RJ;Sul;Choque - Objeto Fixo;1;;;;;;;;;;1;;;;
30/09/2017;19:42:00;3972;sem vítima;82;BR-040/RJ;Sul;Choque - Objeto Fixo;1;;;;;;;;;;1;;;;
30/09/2017;21:29:00;3978;sem vítima;84;BR-040/RJ;Norte;Choque - Objeto Fixo;1;;;;;;;;;;1;;;;
30/09/2017;21:30:00;3979;com vítima;86;BR-040/RJ;Sul;Choque - Objeto Fixo;1;;;;;;;;;;0;1;;;
30/09/2017;21:51:00;3981;sem vítima;77;BR-040/RJ;Sul;Choque - Objeto Fixo;1;;;;;;;;;;1;;;;
01/10/2017;03:02:00;12;com vítima;60;BR-040/RJ;Sul;Capotamento;1;;;;;;;;;;0;1;;;
01/10/2017;05:48:00;16;com vítima;64;BR-040/RJ;Sul;Choque - Objeto Fixo;1;;;;;;;;;;0;1;;;
01/10/2017;08:11:00;23;sem vítima;96;BR-040/RJ;Norte;Queda de Moto;;;;1;;;;;;;1;;;;
01/10/2017;08:25:00;32;sem vítima;96;BR-040/RJ;Norte;Queda de Moto;;;;1;;;;;;;1;;;;
01/10/2017;13:28:00;55;com vítima;119;BR-040/RJ;Sul;Capotamento;1;;;;;;;;;;0;;1;;
01/10/2017;13:28:00;56;com vítima;84;BR-040/RJ;Sul;Choque - Objeto Fixo;1;;;;;;;;;;0;1;;;
01/10/2017;19:16:00;97;com vítima;90;BR-040/RJ;Sul;Atropelamento - Pedestre;;;;;;1;;;;;1;;;1;
01/10/2017;20:20:00;106;com vítima;111;BR-040/RJ;Norte;Engavetamento;3;;;;;;;;;;2;;1;;2
01/10/2017;20:31:00;109;sem vítima;111;BR-040/RJ;Norte;Choque - Objeto Fixo;1;;;;;;;;;;1;;;;
02/10/2017;07:22:00;148;com vítima;0;BR-040/RJ;Norte;Choque - Objeto Fixo;1;;;;;;;;;;0;1;;;
02/10/2017;19:04:00;243;sem vítima;92;BR-040/RJ;Sul;Choque - Objeto Fixo;1;;;;;;;;;;1;;;;
02/10/2017;19:13:00;246;com vítima;67;BR-040/RJ;Sul;Capotamento;1;;;;;;;;;;0;;1;;
02/10/2017;20:07:00;253;com vítima;0;BR-040/RJ;Sul;Capotamento;1;;;;;;;;;;0;2;;;
02/10/2017;21:11:00;257;sem vítima;105;BR-040/RJ;Sul;Colisão Lateral;1;;;;;1;;;;;2;;;;
02/10/2017;23:37:00;268;com vítima;828;BR-040/MG;Sul;Choque - Objeto Fixo;1;;;;;;;;;;0;3;;;
03/10/2017;04:48:00;281;sem vítima;94;BR-040/RJ;Norte;Choque - Objeto Fixo;1;;;;;;;;;;1;;;;
03/10/2017;05:10:00;283;sem vítima;89;BR-040/RJ;Norte;Choque - Objeto Fixo;1;;;;;;;;;;1;;;;
03/10/2017;05:50:00;285;com vítima;119;BR-040/RJ;Sul;Atropelamento - Pedestre;;;1;;;;;;;;1;;;1;
03/10/2017;06:09:00;286;com vítima;92;BR-040/RJ;Sul;Capotamento;1;;;;;;;;;;0;1;;;
03/10/2017;06:33:00;287;sem vítima;120;BR-040/RJ;Sul;Colisão Traseira;1;;1;;;;;;;;2;;;;
03/10/2017;07:10:00;290;com vítima;121;BR-040/RJ;Sul;Colisão Lateral;;;;2;;;;;;;0;3;;;
03/10/2017;07:51:00;300;sem vítima;89;BR-040/RJ;Norte;Choque - Objeto Fixo;1;;;;;;;;;;1;;;;
03/10/2017;09:17:00;312;sem vítima;100;BR-040/RJ;Norte;Choque - Objeto Fixo;1;;;;;;;;;;1;;;;
03/10/2017;09:40:00;315;sem vítima;76;BR-040/RJ;Sul;Choque - Objeto Fixo;1;;;;;;;;;;1;;;;
03/10/2017;09:49:00;317;sem vítima;82;BR-040/RJ;Norte;Choque - Objeto Fixo;1;;;;;;;;;;1;;;;
03/10/2017;10:05:00;320;sem vítima;93;BR-040/RJ;Sul;Choque - Objeto Fixo;1;;;;;;;;;;1;;;;
03/10/2017;10:15:00;321;com vítima;31;BR-040/RJ;Norte;Choque - Objeto Fixo;1;;;;;;;;;;0;1;;;
03/10/2017;10:46:00;326;com vítima;44;BR-040/RJ;Sul;Choque - Objeto Fixo;;;1;;;;;;;;0;1;;;
03/10/2017;11:14:00;329;sem vítima;825;BR-040/MG;Sul;Choque - Objeto Fixo;1;;;;;;;;;;1;;;;
03/10/2017;12:28:00;335;sem vítima;91;BR-040/RJ;Norte;Choque - Objeto Fixo;1;;;;;;;;;;1;;;;
03/10/2017;12:50:00;336;com vítima;75;BR-040/RJ;Sul;Tombamento;1;;;;;;;;;;0;1;;;
03/10/2017;15:19:00;344;sem vítima;93;BR-040/RJ;Norte;Choque - Objeto Fixo;1;;;;;;;;;;1;;;;
03/10/2017;17:25:00;356;com vítima;77;BR-040/RJ;Sul;Choque - Objeto Fixo;1;;;;;;;;;;0;1;;;
03/10/2017;20:25:00;375;sem vítima;6;BR-040/RJ;Sul;Choque - Objeto Fixo;1;;;;;;;;;;1;;;;
04/10/2017;02:01:00;389;com vítima;98;BR-040/RJ;Sul;Atropelamento - Animal;1;;;;;;;;;;0;4;;;
04/10/2017;07:55:00;402;sem vítima;117;BR-040/RJ;Sul;Colisão Traseira;1;;1;;;;;;;;2;;;;
04/10/2017;08:39:00;409;sem vítima;109;BR-040/RJ;Norte;Choque - Objeto Fixo;1;;;;;;;;;;1;;;;
04/10/2017;11:45:00;428;sem vítima;78;BR-040/RJ;Sul;Choque - Objeto Fixo;1;;;;;;;;;;1;;;;
05/10/2017;08:15:00;533;com vítima;122;BR-040/RJ;Sul;Colisão Traseira;1;;1;;;;;;;;1;2;;;
05/10/2017;13:00:00;570;sem vítima;783;BR-040/MG;Sul;Colisão Traseira;1;;1;;;;;;;;2;;;;
05/10/2017;16:59:00;601;com vítima;80;BR-040/RJ;Norte;Colisão Traseira;1;;;1;;;;;;;1;;1;;
05/10/2017;18:35:00;613;sem vítima;75;BR-040/RJ;Sul;Colisão Traseira;1;;;;;1;;;;;2;;;;
05/10/2017;20:28:00;622;com vítima;51;BR-040/RJ;Norte;Atropelamento - Pedestre;;;;1;;;;;;;0;1;1;1;
06/10/2017;06:32:00;655;sem vítima;123;BR-040/RJ;Sul;Queda de Moto;;;;1;;;;;;;1;;;;
06/10/2017;10:26:00;681;com vítima;93;BR-040/RJ;Norte;Queda de Moto;;;;1;;;;;;;0;2;;;
06/10/2017;10:44:00;685;com vítima;34;BR-040/RJ;Sul;Choque - Objeto Fixo;1;;;;;;;;;;0;1;;;
06/10/2017;12:20:00;696;sem vítima;120;BR-040/RJ;Sul;Colisão Lateral;1;;;;;;;;;;1;;;;
06/10/2017;15:30:00;729;sem vítima;123;BR-040/RJ;Norte;Colisão Traseira;1;;;;;1;;;;;2;;;;
07/10/2017;16:07:00;888;com vítima;107;BR-040/RJ;Sul;Colisão Traseira;2;;;;;;;;;;0;2;;;
07/10/2017;21:18:00;930;com vítima;120;BR-040/RJ;Sul;Queda de Moto;;;;1;;;;;;;0;1;;;
07/10/2017;23:24:00;937;sem vítima;780;BR-040/MG;Sul;Choque - Objeto Fixo;1;;;;;;;;;;1;;;;
08/10/2017;05:28:00;953;sem vítima;113;BR-040/RJ;Sul;Derrapagem;1;;;;;;;;;;1;;;;
08/10/2017;08:54:00;968;sem vítima;96;BR-040/RJ;Norte;Queda de Moto;;;;1;;;;;;;1;;;;
08/10/2017;09:59:00;973;com vítima;102;BR-040/RJ;Sul;Engavetamento;3;;;;1;;;;;;3;;1;;
08/10/2017;10:01:00;974;com vítima;91;BR-040/RJ;Sul;Capotamento;1;;;;;;;;;;0;2;;;
08/10/2017;17:47:00;1018;sem vítima;94;BR-040/RJ;Norte;Choque - Objeto Fixo;1;;;;;;;;;;1;;;;
08/10/2017;20:39:00;1041;sem vítima;121;BR-040/RJ;Sul;Engavetamento;3;;;;;;;;;;3;;;;
09/10/2017;11:53:00;1122;com vítima;70;BR-040/RJ;Sul;Queda de Moto;;;;1;;1;;;;;1;2;;;
09/10/2017;18:45:00;1180;com vítima;113;BR-040/RJ;Norte;Queda de Moto;;;;1;;;;;;;0;1;;;
10/10/2017;04:44:00;1217;sem vítima;103;BR-040/RJ;Sul;Choque - Objeto Fixo;;;1;;;;;;;;1;;;;
10/10/2017;07:09:00;1229;com vítima;54;BR-040/RJ;Sul;Queda de Moto;;;;1;;;;;;;0;1;;;
10/10/2017;07:43:00;1232;com vítima;121;BR-040/RJ;Sul;Colisão Traseira;;;1;1;;;;;;;1;1;;;
10/10/2017;09:26:00;1240;com vítima;30;BR-040/RJ;Norte;Choque - Objeto Fixo;;;1;;;;;;;;0;1;;;
10/10/2017;12:58:00;1267;sem vítima;21;BR-040/RJ;Sul;Colisão Traseira;1;;1;;;;;;;;2;;;;
10/10/2017;15:06:00;1287;com vítima;110;BR-040/RJ;Sul;Queda de Moto;;;;1;;;;;;;0;1;;;
10/10/2017;19:08:00;1329;sem vítima;120;BR-040/RJ;Norte;Colisão Traseira;;;1;;1;;;;;;2;;;;
10/10/2017;21:40:00;1341;com vítima;107;BR-040/RJ;Sul;Colisão Traseira;;;;1;;1;;;;;1;;;1;
10/10/2017;22:18:00;1344;com vítima;107;BR-040/RJ;Norte;Colisão Frontal;;;1;1;;;;;;;1;1;;;
11/10/2017;00:25:00;1354;sem vítima;31;BR-040/RJ;Sul;Derrapagem;;;1;;;;;;;;1;;;;
11/10/2017;08:02:00;1388;com vítima;805;BR-040/MG;Norte;Colisão Traseira;;;1;1;;;;;;;1;;1;;
11/10/2017;22:46:00;1517;sem vítima;103;BR-040/RJ;Norte;Colisão Traseira;1;;;;;1;;;;;2;;;;
12/10/2017;04:42:00;1544;com vítima;116;BR-040/RJ;Norte;Colisão Lateral;2;;;;;;;;;;0;4;;;