data;horario;n_da_ocorrencia;tipo_de_ocorrencia;km;trecho;sentido;tipo_de_acidente;automovel;bicicleta;caminhao;moto;onibus;outros;tracao_animal;transporte_de_cargas_especiais;trator_maquinas;utilitarios;ilesos;levemente_feridos;moderadamente_feridos;gravemente_feridos;mortos
27/10/2017;00:43:00;3725;com vítima;124;BR-040/RJ;Norte;Choque - Objeto Fixo;1;;;;;;;;;;0;1;;;
27/10/2017;06:42:00;3746;com vítima;113;BR-040/RJ;Sul;Queda de Moto;;;;1;;;;;;;0;1;;;
27/10/2017;15:30:00;3800;sem vítima;32;BR-040/RJ;Sul;Choque - Objeto Fixo;1;;;;;;;;;;1;;;;
27/10/2017;17:40:00;3823;com vítima;114;BR-040/RJ;Norte;Queda de Moto;;;;1;;;;;;;0;2;;;
28/10/2017;00:00:00;3855;sem vítima;85;BR-040/RJ;Sul;Choque - Objeto Fixo;1;;;;;;;;;;1;;;;
28/10/2017;01:01:00;3858;com vítima;120;BR-040/RJ;Sul;Colisão Traseira;2;;;;;;;;;;0;2;;;
28/10/2017;03:21:00;3871;sem vítima;113;BR-040/RJ;Norte;Colisão Lateral;2;;;;;;;;;;2;;;;
28/10/2017;04:06:00;3876;com vítima;82;BR-040/RJ;Sul;Derrapagem;1;;;;;;;;;;0;5;;;
28/10/2017;05:31:00;3877;sem vítima;86;BR-040/RJ;Sul;Choque - Objeto Fixo;1;;;;;;;;;;1;;;;
28/10/2017;07:17:00;3880;com vítima;67;BR-040/RJ;Norte;Choque - Objeto Fixo;1;;;;;;;;;;0;1;;;
28/10/2017;07:56:00;3884;com vítima;78;BR-040/RJ;Sul;Tombamento;;;1;;;;;;;;0;1;;;
28/10/2017;08:43:00;3890;sem vítima;124;BR-040/RJ;Norte;Colisão Lateral;1;;;;;;;;;;1;;;;
28/10/2017;10:14:00;3900;com vítima;99;BR-040/RJ;Sul;Capotamento;1;;;;;;;;;;0;1;;;
28/10/2017;11:22:00;3906;sem vítima;116;BR-040/RJ;Norte;Colisão Traseira;1;;1;;;;;;;;2;;;;
28/10/2017;12:40:00;3913;sem vítima;117;BR-040/RJ;Norte;Colisão Traseira;2;;;;;;;;;;2;;;;
28/10/2017;13:20:00;3916;sem vítima;13;BR-040/RJ;Norte;Capotamento;1;;;;;;;;;;1;;;;
28/10/2017;19:50:00;3962;sem vítima;55;BR-040/RJ;Norte;Colisão Lateral;2;;;;;;;;;;2;;;;
28/10/2017;23:05:00;3972;com vítima;122;BR-040/RJ;Norte;Queda de Moto;;;;1;;;;;;;0;;;1;
29/10/2017;04:34:00;3991;com vítima;79;BR-040/RJ;Norte;Choque - Objeto Fixo;1;;;;;;;;;;0;3;1;;
29/10/2017;08:26:00;4009;sem vítima;122;BR-040/RJ;Norte;Colisão Traseira;2;;;;;;;;;;2;;;;
29/10/2017;10:24:00;4018;sem vítima;40;BR-040/RJ;Norte;Queda de Moto;;;;1;;;;;;;1;;;;
29/10/2017;14:29:00;4036;com vítima;782;BR-040/MG;Sul;Choque - Objeto Fixo;1;;;;;;;;;;0;3;;;
29/10/2017;17:10:00;4056;com vítima;108;BR-040/RJ;Sul;Choque - Objeto Fixo;1;;;;;;;;;;0;1;;;
29/10/2017;20:17:00;4083;sem vítima;78;BR-040/RJ;Sul;Choque - Objeto Fixo;1;;;;;;;;;;1;;;;
30/10/2017;03:47:00;4107;sem vítima;75;BR-040/RJ;Norte;Choque - Objeto Fixo;1;;;;;;;;;;1;;;;
30/10/2017;06:41:00;4117;sem vítima;92;BR-040/RJ;Sul;Choque - Objeto Fixo;1;;;;;;;;;;1;;;;
30/10/2017;06:43:00;4118;sem vítima;72;BR-040/RJ;Norte;Choque - Objeto Fixo;1;;;;;;;;;;1;;;;
30/10/2017;06:53:00;4120;com vítima;111;BR-040/RJ;Sul;Engavetamento;1;;2;;;;;;;;2;1;;;
30/10/2017;07:02:00;4122;com vítima;99;BR-040/RJ;Sul;Capotamento;1;;;;;;;;;;0;1;;;
30/10/2017;08:10:00;4128;sem vítima;5;BR-040/RJ;Norte;Choque - Objeto Fixo;1;;;;;;;;;;1;;;;
30/10/2017;08:50:00;4135;sem vítima;5;BR-040/RJ;Norte;Choque - Objeto Fixo;1;;;;;;;;;;1;;;;
30/10/2017;20:17:00;4220;sem vítima;805;BR-040/MG;Norte;Colisão Traseira;1;;;;;1;;;;;2;;;;
31/10/2017;08:49:00;4270;sem vítima;118;BR-040/RJ;Sul;Colisão Lateral;1;;1;;;;;;;;2;;;;
31/10/2017;09:03:00;4272;sem vítima;84;BR-040/RJ;Norte;Colisão Traseira;2;;;;;;;;;;2;;;;
31/10/2017;09:31:00;4275;sem vítima;84;BR-040/RJ;Sul;Queda de Moto;;;;1;;;;;;;1;;;;
31/10/2017;13:21:00;4300;com vítima;30;BR-040/RJ;Sul;Capotamento;1;;;;;;;;;;0;1;;;
31/10/2017;14:58:00;4311;sem vítima;93;BR-040/RJ;Sul;Choque - Objeto Fixo;1;;;;;;;;;;1;;;;
31/10/2017;16:21:00;4318;com vítima;799;BR-040/MG;Norte;Queda de Moto;;;;1;;;;;;;0;;1;;
31/10/2017;18:31:00;4334;com vítima;29;BR-040/RJ;Norte;;;;;1;;;;;;;0;1;;;
31/10/2017;19:00:00;4338;sem vítima;90;BR-040/RJ;Sul;Choque - Objeto Fixo;1;;;;;;;;;;1;;;;
31/10/2017;19:05:00;4339;sem vítima;93;BR-040/RJ;Sul;Choque - Objeto Fixo;1;;;;;;;;;;1;;;;
31/10/2017;21:09:00;4352;sem vítima;116;BR-040/RJ;Sul;Choque - Objeto Fixo;1;;;;;;;;;;1;;;;
31/10/2017;22:08:00;4355;sem vítima;92;BR-040/RJ;Sul;Choque - Objeto Fixo;1;;;;;;;;;;1;;;;
31/10/2017;23:24:00;4359;sem vítima;90;BR-040/RJ;Sul;Choque - Objeto Fixo;1;;;;;;;;;;1;;;;
01/11/2017;06:43:00;22;sem vítima;68;BR-040/RJ;Norte;Choque - Objeto Fixo;1;;;;;;;;;;1;;;;
01/11/2017;08:08:00;31;sem vítima;121;BR-040/RJ;Sul;Queda de Moto;;;;1;;;;;;;1;;;;
01/11/2017;09:20:00;41;sem vítima;96;BR-040/RJ;Sul;Choque - Objeto Fixo;1;;1;;;;;;;;2;;;;
01/11/2017;09:43:00;43;sem vítima;93;BR-040/RJ;Sul;Choque - Objeto Fixo;1;;;;;;;;;;1;;;;
01/11/2017;09:52:00;46;sem vítima;75;BR-040/RJ;Sul;Tombamento;1;;;;;;;;;;1;;;;
01/11/2017;11:04:00;53;com vítima;113;BR-040/RJ;Norte;Colisão Lateral;1;;;1;;;;;;;1;1;;;
01/11/2017;12:10:00;59;com vítima;115;BR-040/RJ;Sul;Colisão Traseira;2;;;;;;;;;;0;5;;;
01/11/2017;14:49:00;67;com vítima;93;BR-040/RJ;Sul;Tombamento;;;1;;;;;;;;0;1;;;
01/11/2017;15:35:00;75;sem vítima;92;BR-040/RJ;Sul;Colisão Traseira;3;;;;;;;;;;3;;;;
01/11/2017;18:11:00;91;sem vítima;799;BR-040/MG;Sul;Choque - Objeto Fixo;1;;;;;;;;;;1;;;;
02/11/2017;05:32:00;139;sem vítima;117;BR-040/RJ;Norte;Colisão Lateral;1;;;;;1;;;;;2;;;;
02/11/2017;05:51:00;140;com vítima;70;BR-040/RJ;Sul;Derrapagem;1;;;;;;;;;;0;2;2;;1
02/11/2017;16:40:00;210;sem vítima;109;BR-040/RJ;Sul;Colisão Lateral;2;;;;;1;;;;;3;;;;
02/11/2017;22:48:00;239;sem vítima;115;BR-040/RJ;Norte;Choque - Objeto Fixo;1;;;;;;;;;;1;;;;
02/11/2017;23:19:00;242;sem vítima;779;BR-040/MG;Sul;Atropelamento - Animal;1;;;;;;;;;;1;;;;
03/11/2017;07:51:00;273;com vítima;120;BR-040/RJ;Sul;;1;;;1;;;;;;;1;1;;;
03/11/2017;13:49:00;302;com vítima;41;BR-040/RJ;Norte;Colisão Lateral;1;;;;;1;;;;;1;1;1;;
03/11/2017;17:23:00;326;sem vítima;120;BR-040/RJ;Norte;Colisão Traseira;1;;;;;1;;;;;2;;;;
04/11/2017;08:17:00;388;com vítima;120;BR-040/RJ;Sul;Capotamento;2;;;;;;;;;;0;2;;;
04/11/2017;08:44:00;392;com vítima;119;BR-040/RJ;Sul;Colisão Lateral;1;;;1;;;;;;;0;3;;;
04/11/2017;10:23:00;404;sem vítima;82;BR-040/RJ;Norte;Colisão Traseira;2;;;;;;;;;;2;;;;
04/11/2017;11:11:00;410;com vítima;84;BR-040/RJ;Norte;Queda de Moto;;;;1;;;;;;;0;2;;;
04/11/2017;11:16:00;411;sem vítima;123;BR-040/RJ;Norte;Colisão Traseira;1;;1;;;;;;;;2;;;;
04/11/2017;12:43:00;419;com vítima;121;BR-040/RJ;Sul;Queda de Moto;;;;1;;;;;;;0;2;;;
04/11/2017;13:02:00;420;sem vítima;111;BR-040/RJ;Sul;Colisão Lateral;1;;;1;;;;;;;2;;;;
05/11/2017;07:22:00;502;sem vítima;74;BR-040/RJ;Sul;Choque - Objeto Fixo;1;;;;;;;;;;1;;;;
05/11/2017;08:10:00;509;sem vítima;796;BR-040/MG;Sul;Choque - Objeto Fixo;1;;;;;;;;;;1;;;;
05/11/2017;11:00:00;522;sem vítima;74;BR-040/RJ;Norte;Choque - Objeto Fixo;1;;;;;;;;;;1;;;;
05/11/2017;11:17:00;526;sem vítima;93;BR-040/RJ;Norte;Choque - Objeto Fixo;1;;;;;;;;;;1;;;;
05/11/2017;11:43:00;529;sem vítima;85;BR-040/RJ;Sul;Choque - Objeto Fixo;1;;;;;;;;;;1;;;;
05/11/2017;15:07:00;543;sem vítima;92;BR-040/RJ;Sul;Choque - Objeto Fixo;1;;;;;;;;;;1;;;;
05/11/2017;15:36:00;548;com vítima;92;BR-040/RJ;Norte;Choque - Objeto Fixo;1;;;;;;;;;;0;1;;;
05/11/2017;15:59:00;552;com vítima;827;BR-040/MG;Sul;Colisão Traseira;1;;;;1;;;;;;1;1;;;
05/11/2017;16:16:00;554;sem vítima;31;BR-040/RJ;Norte;Choque - Objeto Fixo;1;;;;;;;;;;1;;;;
05/11/2017;16:31:00;558;com vítima;97;BR-040/RJ;Sul;Capotamento;1;;;;;;;;;;0;1;;;
05/11/2017;16:44:00;561;com vítima;85;BR-040/RJ;Sul;Queda de Moto;;;;1;;;;;;;0;;2;;
05/11/2017;16:46:00;562;sem vítima;82;BR-040/RJ;Sul;Choque - Objeto Fixo;1;;;;;;;;;;1;;;;
05/11/2017;16:40:00;564;sem vítima;92;BR-040/RJ;Sul;Choque - Objeto Fixo;1;;;;;;;;;;1;;;;
05/11/2017;16:53:00;565;sem vítima;90;BR-040/RJ;Sul;Choque - Objeto Fixo;1;;;;;;;;;;1;;;;
05/11/2017;16:40:00;566;sem vítima;88;BR-040/RJ;Norte;Choque - Objeto Fixo;1;;;;;;;;;;1;;;;
05/11/2017;17:24:00;569;sem vítima;92;BR-040/RJ;Norte;Choque - Objeto Fixo;1;;;;;;;;;;1;;;;
05/11/2017;17:35:00;572;sem vítima;84;BR-040/RJ;Norte;Choque - Objeto Fixo;1;;;;;;;;;;1;;;;
05/11/2017;18:05:00;574;sem vítima;94;BR-040/RJ;Sul;Choque - Objeto Fixo;1;;;;;;;;;;1;;;;
05/11/2017;19:01:00;579;com vítima;119;BR-040/RJ;Sul;Choque - Objeto Fixo;1;;;;;;;;;;0;1;;;
05/11/2017;21:11:00;591;sem vítima;92;BR-040/RJ;Sul;Choque - Objeto Fixo;1;;;;;;;;;;1;;;;
05/11/2017;21:27:00;594;sem vítima;96;BR-040/RJ;Sul;Choque - Objeto Fixo;1;;;;;;;;;;1;;;;
05/11/2017;23:20:00;610;sem vítima;81;BR-040/RJ;Sul;Choque - Objeto Fixo;1;;;;;;;;;;1;;;;
06/11/2017;00:11:00;614;sem vítima;92;BR-040/RJ;Sul;Derrapagem;1;;;;;;;;;;1;;;;
06/11/2017;01:22:00;619;sem vítima;114;BR-040/RJ;Norte;Choque - Objeto Fixo;1;;;;;;;;;;1;;;;
06/11/2017;02:32:00;620;sem vítima;77;BR-040/RJ;Sul;Choque - Objeto Fixo;1;;;;;;;;;;1;;;;
06/11/2017;06:18:00;634;sem vítima;91;BR-040/RJ;Sul;Choque - Objeto Fixo;1;;;;;;;;;;1;;;;
06/11/2017;06:32:00;635;sem vítima;92;BR-040/RJ;Sul;Queda de Moto;;;;1;;;;;;;1;;;;
06/11/2017;07:04:00;638;com vítima;93;BR-040/RJ;Sul;Capotamento;1;;;;;;;;;;0;4;;;
06/11/2017;07:19:00;642;sem vítima;84;BR-040/RJ;Norte;Colisão Lateral;2;;;;;;;;;;2;;;;
06/11/2017;07:48:00;645;sem vítima;93;BR-040/RJ;Norte;Choque - Objeto Fixo;1;;;;;;;;;;1;;;;
06/11/2017;07:50:00;647;com vítima;78;BR-040/RJ;Sul;Choque - Objeto Fixo;1;;;;;;;;;;0;1;;;
06/11/2017;08:30:00;651;sem vítima;86;BR-040/RJ;Norte;Choque - Objeto Fixo;1;;;;;;;;;;1;;;;
06/11/2017;09:42:00;661;sem vítima;85;BR-040/RJ;Norte;Choque - Objeto Fixo;1;;;;;;;;;;1;;;;
06/11/2017;09:43:00;662;com vítima;78;BR-040/RJ;Sul;Capotamento;1;;;;;;;;;;0;1;;;
06/11/2017;10:08:00;666;sem vítima;92;BR-040/RJ;Sul;Tombamento;1;;;;;;;;;;1;;;;
06/11/2017;11:28:00;675;sem vítima;81;BR-040/RJ;Sul;Derrapagem;1;;;;;;;;;;1;;;;
06/11/2017;11:26:00;676;sem vítima;124;BR-040/RJ;Norte;Choque - Objeto Fixo;1;;;;;;;;;;1;;;;
06/11/2017;12:10:00;681;sem vítima;84;BR-040/RJ;Sul;Capotamento;1;;;;;;;;;;1;;;;
06/11/2017;13:04:00;688;sem vítima;82;BR-040/RJ;Sul;Choque - Objeto Fixo;1;;;;;;;;;;1;;;;
06/11/2017;13:15:00;689;sem vítima;90;BR-040/RJ;Norte;Choque - Objeto Fixo;1;;;;;;;;;;1;;;;
06/11/2017;13:24:00;691;sem vítima;85;BR-040/RJ;Sul;Choque - Objeto Fixo;1;;;;;;;;;;1;;;;
06/11/2017;13:44:00;694;sem vítima;78;BR-040/RJ;Sul;Choque - Objeto Fixo;1;;;;;;;;;;1;;;;
06/11/2017;14:05:00;702;sem vítima;95;BR-040/RJ;Norte;Choque - Objeto Fixo;1;;;;;;;;;;1;;;;
06/11/2017;14:11:00;703;sem vítima;90;BR-040/RJ;Sul;Choque - Objeto Fixo;1;;;;;;;;;;1;;;;
06/11/2017;14:37:00;705;com vítima;85;BR-040/RJ;Sul;Choque - Objeto Fixo;1;;;;;;;;;;0;1;;;
06/11/2017;14:39:00;707;sem vítima;78;BR-040/RJ;Norte;Choque - Objeto Fixo;1;;;;;;;;;;1;;;;
06/11/2017;15:28:00;712;com vítima;828;BR-040/MG;Norte;Capotamento;1;;;;;;;;;;0;;2;;
06/11/2017;15:55:00;713;sem vítima;94;BR-040/RJ;Sul;Choque - Objeto Fixo;1;;;;;;;;;;1;;;;
06/11/2017;16:05:00;715;sem vítima;25;BR-040/RJ;Sul;Choque - Objeto Fixo;1;;;;;;;;;;1;;;;
06/11/2017;16:32:00;718;sem vítima;94;BR-040/RJ;Sul;Choque - Objeto Fixo;1;;;;;;;;;;1;;;;
06/11/2017;17:39:00;728;sem vítima;97;BR-040/RJ;Sul;Tombamento;1;;;;;;;;;;1;;;;
06/11/2017;19:35:00;739;com vítima;122;BR-040/RJ;Sul;Engavetamento;3;;;;;1;;;;;1;3;;;
07/11/2017;07:13:00;769;sem vítima;122;BR-040/RJ;Sul;Colisão Lateral;1;;;;;1;;;;;2;;;;
07/11/2017;13:16:00;804;com vítima;109;BR-040/RJ;Norte;Choque - Objeto Fixo;1;;;;;;;;;;0;1;;;
07/11/2017;16:11:00;812;sem vítima;90;BR-040/RJ;Norte;Choque - Objeto Fixo;1;;;;;;;;;;1;;;;
07/11/2017;17:06:00;819;sem vítima;92;BR-040/RJ;Sul;Choque - Objeto Fixo;1;;;;;;;;;;1;;;;
07/11/2017;17:56:00;823;sem vítima;90;BR-040/RJ;Sul;Choque - Objeto Fixo;1;;;;;;;;;;1;;;;
07/11/2017;22:20:00;842;com vítima;79;BR-040/RJ;Sul;Colisão Traseira;;;2;;;;;;;;1;1;1;;
08/11/2017;07:00:00;861;sem vítima;96;BR-040/RJ;Norte;Colisão Lateral;1;;1;;;;;;;;2;;;;
08/11/2017;11:45:00;890;sem vítima;113;BR-040/RJ;Sul;Colisão Traseira;;;1;;;1;;;;;2;;;;
08/11/2017;17:01:00;915;com vítima;101;BR-040/RJ;Norte;Queda de Moto;;;;1;;;;;;;0;2;;;
08/11/2017;18:01:00;921;com vítima;106;BR-040/RJ;Norte;Colisão Traseira;;;1;1;;;;;;;0;1;;1;
09/11/2017;04:29:00;950;com vítima;99;BR-040/RJ;Norte;Queda de Moto;;;;;;1;;;;;0;;1;;
09/11/2017;09:46:00;971;com vítima;121;BR-040/RJ;Sul;Engavetamento;1;;2;;;;;;;;3;;1;;
09/11/2017;16:12:00;1011;sem vítima;92;BR-040/RJ;Norte;Choque - Objeto Fixo;1;;;;;;;;;;1;;;;
09/11/2017;20:37:00;1037;com vítima;104;BR-040/RJ;Norte;Colisão Frontal;1;;;1;;;;;;;1;1;;;
10/11/2017;02:51:00;1069;com vítima;49;BR-040/RJ;Norte;Choque - Objeto Fixo;1;;;;;;;;;;0;1;;;
10/11/2017;04:33:00;1076;sem vítima;113;BR-040/RJ;Norte;Choque - Objeto Fixo;1;;;;;;;;;;1;;;;
10/11/2017;08:20:00;1094;com vítima;114;BR-040/RJ;Norte;Capotamento;1;;;;;;;;;;0;1;;;
10/11/2017;08:37:00;1097;com vítima;111;BR-040/RJ;Sul;Atropelamento - Pedestre;1;;;;;;;;;;1;1;;;
10/11/2017;17:28:00;1154;sem vítima;110;BR-040/RJ;Norte;Colisão Traseira;1;;;;;1;;;;;2;;;;
10/11/2017;17:31:00;1155;sem vítima;101;BR-040/RJ;Sul;Colisão Traseira;2;;;;;;;;;;2;;;;
10/11/2017;21:28:00;1178;com vítima;124;BR-040/RJ;Norte;Colisão Lateral;1;;1;;;;;;;;1;3;1;;
10/11/2017;23:01:00;1192;sem vítima;115;BR-040/RJ;Sul;Atropelamento - Animal;1;;;;;;;;;;1;;;;
11/11/2017;00:51:00;1202;sem vítima;113;BR-040/RJ;Norte;Derrapagem;1;;;;;;;;;;1;;;;
11/11/2017;05:23:00;1210;sem vítima;31;BR-040/RJ;Norte;Choque - Objeto Fixo;1;;;;;;;;;;1;;;;
11/11/2017;07:12:00;1213;com vítima;26;BR-040/RJ;Sul;Capotamento;1;;;;;;;;;;0;3;;;
11/11/2017;07:17:00;1214;com vítima;78;BR-040/RJ;Sul;Choque - Objeto Fixo;1;;;;;;;;;;0;3;2;;
11/11/2017;07:46:00;1220;sem vítima;92;BR-040/RJ;Sul;Choque - Objeto Fixo;1;;;;;;;;;;1;;;;
11/11/2017;07:57:00;1222;com vítima;94;BR-040/RJ;Norte;Capotamento;1;;;;;;;;;;0;5;;;
11/11/2017;07:53:00;1225;com vítima;25;BR-040/RJ;Sul;Choque - Objeto Fixo;1;;;;;;;;;;0;2;;;
11/11/2017;08:24:00;1227;sem vítima;84;BR-040/RJ;Norte;Colisão Traseira;2;;;;;;;;;;2;;;;
11/11/2017;08:37:00;1231;com vítima;44;BR-040/RJ;Norte;Choque - Objeto Fixo;1;;;;;;;;;;0;;1;;
11/11/2017;08:39:00;1232;sem vítima;32;BR-040/RJ;Norte;Choque - Objeto Fixo;1;;;;;;;;;;1;;;;
11/11/2017;08:52:00;1233;com vítima;35;BR-040/RJ;Norte;Choque - Objeto Fixo;1;;;;;;;;;;0;1;;;
11/11/2017;09:50:00;1244;com vítima;25;BR-040/RJ;Sul;Choque - Objeto Fixo;1;;;;;;;;;;0;1;;;
11/11/2017;10:10:00;1248;sem vítima;52;BR-040/RJ;Norte;Choque - Objeto Fixo;1;;;;;;;;;;1;;;;
11/11/2017;10:43:00;1251;sem vítima;105;BR-040/RJ;Norte;Colisão Lateral;1;;;1;;;;;;;2;;;;
11/11/2017;11:54:00;1256;com vítima;80;BR-040/RJ;Norte;Colisão Frontal;1;;;1;;;;;;;1;1;;;
11/11/2017;12:33:00;1259;com vítima;812;BR-040/MG;Norte;Capotamento;1;;;;;;;;;;0;3;;;
11/11/2017;13:44:00;1264;sem vítima;93;BR-040/RJ;Sul;Choque - Objeto Fixo;1;;;;;;;;;;1;;;;
11/11/2017;13:56:00;1266;com vítima;74;BR-040/RJ;Norte;Choque - Objeto Fixo;1;;;;;;;;;;0;1;;;
11/11/2017;14:04:00;1267;sem vítima;93;BR-040/RJ;Norte;Choque - Objeto Fixo;1;;;;;;;;;;1;;;;
11/11/2017;14:57:00;1272;sem vítima;90;BR-040/RJ;Sul;Choque - Objeto Fixo;1;;;;;;;;;;1;;;;
11/11/2017;15:07:00;1273;sem vítima;86;BR-040/RJ;Norte;Choque - Objeto Fixo;1;;;;;;;;;;1;;;;
11/11/2017;15:13:00;1276;com vítima;74;BR-040/RJ;Norte;Capotamento;1;;;;;;;;;;0;2;1;;
11/11/2017;15:21:00;1278;sem vítima;787;BR-040/MG;Sul;Choque - Objeto Fixo;1;;;;;;;;;;1;;;;
11/11/2017;16:10:00;1286;sem vítima;48;BR-040/RJ;Norte;Choque - Objeto Fixo;1;;;;;;;;;;1;;;;
11/11/2017;16:02:00;1287;sem vítima;62;BR-040/RJ;Sul;Choque - Objeto Fixo;1;;;;;;;;;;1;;;;
11/11/2017;16:22:00;1288;sem vítima;92;BR-040/RJ;Sul;Choque - Objeto Fixo;1;;;;;;;;;;1;;;;
11/11/2017;16:25:00;1292;sem vítima;93;BR-040/RJ;Sul;Choque - Objeto Fixo;1;;;;;;;;;;1;;;;
11/11/2017;17:12:00;1296;sem vítima;30;BR-040/RJ;Sul;Choque - Objeto Fixo;1;;;;;;;;;;1;;;;
11/11/2017;17:20:00;1297;sem vítima;69;BR-040/RJ;Sul;Choque - Objeto Fixo;1;;;;;;;;;;1;;;;
11/11/2017;17:54:00;1300;sem vítima;94;BR-040/RJ;Norte;Choque - Objeto Fixo;1;;;;;;;;;;1;;;;
11/11/2017;17:55:00;1301;sem vítima;90;BR-040/RJ;Norte;Choque - Objeto Fixo;1;;;;;;;;;;1;;;;
11/11/2017;21:23:00;1323;sem vítima;100;BR-040/RJ;Norte;Choque - Objeto Fixo;1;;;;;;;;;;1;;;;
12/11/2017;00:01:00;1340;sem vítima;56;BR-040/RJ;Norte;Choque - Objeto Fixo;1;;;;;;;;;;1;;;;
12/11/2017;00:54:00;1345;com vítima;118;BR-040/RJ;Norte;Colisão Lateral;2;;;;;;;;;;0;3;;;
12/11/2017;04:53:00;1355;com vítima;117;BR-040/RJ;Sul;Choque - Objeto Fixo;1;;;;;;;;;;0;2;;;
12/11/2017;06:15:00;1360;sem vítima;73;BR-040/RJ;Sul;Choque - Objeto Fixo;1;;;;;;;;;;1;;;;
12/11/2017;10:49:00;1379;com vítima;13;BR-040/RJ;Norte;Queda de Moto;;;;1;;;;;;;0;;;1;
12/11/2017;20:23:00;1437;com vítima;79;BR-040/RJ;Norte;Colisão Frontal;1;;;1;;;;;;;0;2;;1;
12/11/2017;21:28:00;1443;com vítima;105;BR-040/RJ;Norte;Queda de Moto;;;;1;;;;;;;0;2;;;
13/11/2017;02:19:00;1463;sem vítima;113;BR-040/RJ;Norte;Choque - Objeto Fixo;1;;;;;;;;;;1;;;;
13/11/2017;03:33:00;1467;sem vítima;120;BR-040/RJ;Norte;Choque - Objeto Fixo;1;;;;;;;;;;1;;;;
13/11/2017;08:19:00;1485;sem vítima;13;BR-040/RJ;Sul;Choque - Objeto Fixo;1;;;;;;;;;;1;;;;
13/11/2017;10:09:00;1507;sem vítima;84;BR-040/RJ;Norte;Choque - Objeto Fixo;1;;;;;;;;;;1;;;;
13/11/2017;12:24:00;1521;sem vítima;77;BR-040/RJ;Sul;Choque - Objeto Fixo;1;;;;;;;;;;1;;;;
13/11/2017;12:31:00;1524;sem vítima;801;BR-040/MG;Norte;Colisão Traseira;2;;;;;;;;;;2;;;;
13/11/2017;13:23:00;1529;sem vítima;31;BR-040/RJ;Norte;Colisão Traseira;1;;1;;;;;;;;2;;;;
13/11/2017;20:14:00;1573;com vítima;121;BR-040/RJ;Sul;Colisão Traseira;1;;1;;;;;;;;1;1;;;
14/11/2017;06:37:00;1618;sem vítima;75;BR-040/RJ;Sul;Choque - Objeto Fixo;1;;;;;;;;;;1;;;;
14/11/2017;08:49:00;1632;com vítima;90;BR-040/RJ;Sul;Capotamento;1;;;;;;;;;;0;1;1;;
14/11/2017;17:24:00;1691;sem vítima;111;BR-040/RJ;Norte;Colisão Traseira;1;;;;;1;;;;;2;;;;
14/11/2017;20:49:00;1714;com vítima;802;BR-040/MG;Norte;Queda de Moto;;;;1;;;;;;;0;1;;;
15/11/2017;02:31:00;1736;com vítima;115;BR-040/RJ;Sul;Choque - Objeto Fixo;1;;;;;;;;;;0;1;;;
15/11/2017;04:29:00;1740;sem vítima;109;BR-040/RJ;Norte;Choque - Objeto Fixo;;;;1;;;;;;;1;;;;
15/11/2017;06:38:00;1748;com vítima;794;BR-040/MG;Norte;Capotamento;1;;;;;;;;;;0;2;;;
15/11/2017;15:00:00;1795;sem vítima;11;BR-040/RJ;Norte;Choque - Objeto Fixo;1;;;;;;;;;;1;;;;
15/11/2017;15:35:00;1796;sem vítima;787;BR-040/MG;Norte;Choque - Objeto Fixo;1;;;;;;;;;;1;;;;
15/11/2017;18:13:00;1808;com vítima;118;BR-040/RJ;Sul;Colisão Lateral;2;;;;;;;;;;0;3;;;
15/11/2017;18:33:00;1812;com vítima;118;BR-040/RJ;Norte;Colisão Traseira;1;;;;1;;;;;;1;;1;;
15/11/2017;20:05:00;1818;com vítima;92;BR-040/RJ;Norte;Queda de Moto;;;;1;;;;;;;0;2;;;
16/11/2017;03:36:00;1844;com vítima;109;BR-040/RJ;Sul;Choque - Objeto Fixo;1;;;;;;;;;;0;;1;;
16/11/2017;06:55:00;1854;com vítima;123;BR-040/RJ;Sul;Colisão Traseira;2;;;1;;;;;;;2;1;;;
16/11/2017;07:20:00;1859;com vítima;122;BR-040/RJ;Sul;Atropelamento - Pedestre;;;;1;;;;;;;1;;;1;
16/11/2017;07:36:00;1866;com vítima;120;BR-040/RJ;Sul;Colisão Lateral;1;;;1;;;;;;;1;1;;;
16/11/2017;14:09:00;1895;com vítima;72;BR-040/RJ;Norte;Colisão Traseira;;;2;;;;;;;;0;2;;;
16/11/2017;18:00:00;1924;sem vítima;795;BR-040/MG;Sul;Engavetamento;3;;;;;2;;;;;5;;;;
16/11/2017;18:45:00;1932;com vítima;813;BR-040/MG;Norte;Tombamento;1;;1;;;;;;;;0;4;;;
16/11/2017;23:39:00;1956;com vítima;119;BR-040/RJ;Norte;Colisão Traseira;1;;1;;;;;;;;1;;1;;
17/11/2017;17:24:00;2044;sem vítima;116;BR-040/RJ;Norte;Colisão Traseira;2;;;;;;;;;;2;;;;
17/11/2017;18:18:00;2052;sem vítima;107;BR-040/RJ;Norte;Colisão Lateral;1;;;;;1;;;;;2;;;;
17/11/2017;20:25:00;2075;sem vítima;120;BR-040/RJ;Norte;Colisão Traseira;2;;;;;;;;;;2;;;;
17/11/2017;20:39:00;2077;sem vítima;124;BR-040/RJ;Norte;Choque - Objeto Fixo;1;;;;;;;;;;1;;;;
17/11/2017;22:07:00;2090;sem vítima;823;BR-040/MG;Sul;Atropelamento - Animal;;;1;;;1;;;;;2;;;;