data;horario;n_da_ocorrencia;tipo_de_ocorrencia;km;trecho;sentido;tipo_de_acidente;automovel;bicicleta;caminhao;moto;onibus;outros;tracao_animal;transporte_de_cargas_especiais;trator_maquinas;utilitarios;ilesos;levemente_feridos;moderadamente_feridos;gravemente_feridos;mortos
17/11/2017;22:23:00;2091;com vítima;35;BR-040/RJ;Norte;Choque - Objeto Fixo;1;;;;;;;;;;0;;;1;
18/11/2017;09:38:00;2135;com vítima;104;BR-040/RJ;Norte;Choque - Objeto Fixo;1;;;;;;;;;;0;1;;;
18/11/2017;15:54:00;2197;sem vítima;11;BR-040/RJ;Norte;Choque - Objeto Fixo;1;;;;;;;;;;1;;;;
18/11/2017;16:47:00;2204;sem vítima;30;BR-040/RJ;Norte;Colisão Traseira;1;;;;;1;;;;;2;;;;
18/11/2017;18:44:00;2220;sem vítima;123;BR-040/RJ;Sul;Colisão Lateral;1;;1;;;;;;;;2;;;;
18/11/2017;19:25:00;2227;com vítima;782;BR-040/MG;Sul;Choque - Objeto Fixo;1;;;;;;;;;;0;2;;;
18/11/2017;19:49:00;2232;sem vítima;13;BR-040/RJ;Sul;Choque - Objeto Fixo;1;;;;;;;;;;1;;;;
19/11/2017;01:14:00;2262;sem vítima;79;BR-040/RJ;Sul;Choque - Objeto Fixo;1;;;;;;;;;;1;;;;
19/11/2017;01:10:00;2263;sem vítima;70;BR-040/RJ;Norte;Derrapagem;1;;;;;;;;;;1;;;;
19/11/2017;01:54:00;2265;sem vítima;108;BR-040/RJ;Norte;Choque - Objeto Fixo;1;;;;;;;;;;1;;;;
19/11/2017;03:10:00;2269;com vítima;69;BR-040/RJ;Sul;Choque - Objeto Fixo;1;;;;;;;;;;0;1;;;
19/11/2017;03:49:00;2272;sem vítima;118;BR-040/RJ;Norte;Colisão Traseira;2;;;;;;;;;;2;;;;
19/11/2017;06:34:00;2278;com vítima;35;BR-040/RJ;Sul;Choque - Objeto Fixo;1;;;;;;;;;;0;3;;;
19/11/2017;09:09:00;2292;com vítima;44;BR-040/RJ;Norte;Choque - Objeto Fixo;1;;;;;;;;;;0;2;;;
19/11/2017;09:54:00;2301;sem vítima;92;BR-040/RJ;Sul;Choque - Objeto Fixo;1;;;;;;;;;;1;;;;
19/11/2017;10:27:00;2303;sem vítima;84;BR-040/RJ;Norte;Colisão Lateral;1;;;;;1;;;;;2;;;;
19/11/2017;10:43:00;2307;sem vítima;94;BR-040/RJ;Sul;Choque - Objeto Fixo;1;;;;;;;;;;1;;;;
19/11/2017;11:08:00;2311;sem vítima;90;BR-040/RJ;Sul;Choque - Objeto Fixo;1;;;;;;;;;;1;;;;
19/11/2017;11:11:00;2312;sem vítima;30;BR-040/RJ;Sul;Derrapagem;1;;;;;;;;;;1;;;;
19/11/2017;11:18:00;2313;sem vítima;31;BR-040/RJ;Norte;Choque - Objeto Fixo;1;;;;;;;;;;1;;;;
19/11/2017;11:53:00;2316;sem vítima;96;BR-040/RJ;Sul;Choque - Objeto Fixo;1;;;;;;;;;;1;;;;
19/11/2017;12:27:00;2320;com vítima;73;BR-040/RJ;Norte;Capotamento;1;;;;;;;;;;0;4;;;
19/11/2017;12:41:00;2322;com vítima;91;BR-040/RJ;Sul;Capotamento;1;;;;;;;;;;0;3;;;
19/11/2017;14:49:00;2331;com vítima;801;BR-040/MG;Norte;Choque - Objeto Fixo;1;;;;;;;;;;0;3;;;
19/11/2017;15:34:00;2338;com vítima;113;BR-040/RJ;Sul;Colisão Traseira;2;;;;;;;;;;1;2;;;
19/11/2017;15:34:00;2339;com vítima;113;BR-040/RJ;Norte;Colisão Traseira;2;;;;;;;;;;0;6;;;
19/11/2017;15:47:00;2340;com vítima;113;BR-040/RJ;Norte;Colisão Traseira;2;;;;;;;;;;0;3;2;;
19/11/2017;16:41:00;2347;sem vítima;120;BR-040/RJ;Norte;Choque - Objeto Fixo;1;;;;;;;;;;1;;;;
19/11/2017;18:43:00;2352;sem vítima;776;BR-040/MG;Sul;Choque - Objeto Fixo;1;;;;;;;;;;1;;;;
19/11/2017;19:03:00;2356;com vítima;36;BR-040/RJ;Norte;Capotamento;1;;;;;;;;;;0;5;;;
19/11/2017;18:58:00;2357;sem vítima;90;BR-040/RJ;Norte;Tombamento;1;;;;;;;;;;1;;;;
19/11/2017;19:18:00;2358;com vítima;95;BR-040/RJ;Sul;Choque - Objeto Fixo;1;;;;;;;;;;0;1;;;
20/11/2017;00:31:00;2380;sem vítima;79;BR-040/RJ;Norte;Choque - Objeto Fixo;;;1;;;;;;;;1;;;;
20/11/2017;01:03:00;2382;com vítima;120;BR-040/RJ;Sul;Colisão Lateral;1;;1;;;;;;;;1;1;1;;
20/11/2017;04:07:00;2392;sem vítima;109;BR-040/RJ;Norte;Colisão Traseira;1;;;;;1;;;;;2;;;;
20/11/2017;07:05:00;2403;com vítima;97;BR-040/RJ;Sul;Tombamento;;;1;;1;;;;;;0;3;;;
20/11/2017;08:00:00;2408;sem vítima;92;BR-040/RJ;Norte;Choque - Objeto Fixo;1;;;;;;;;;;1;;;;
20/11/2017;08:22:00;2409;sem vítima;26;BR-040/RJ;Sul;Choque - Objeto Fixo;1;;;;;;;;;;1;;;;
20/11/2017;08:20:00;2410;com vítima;74;BR-040/RJ;Norte;Choque - Objeto Fixo;1;;;;;;;;;;0;1;;;
20/11/2017;10:03:00;2419;sem vítima;96;BR-040/RJ;Sul;Choque - Objeto Fixo;1;;;;;;;;;;1;;;;
20/11/2017;10:37:00;2425;com vítima;43;BR-040/RJ;Norte;Choque - Objeto Fixo;1;;;;;;;;;;0;2;;;
20/11/2017;10:55:00;2429;com vítima;33;BR-040/RJ;Norte;Choque - Objeto Fixo;1;;;;;;;;;;0;3;;;
20/11/2017;11:02:00;2430;sem vítima;108;BR-040/RJ;Norte;Choque - Objeto Fixo;1;;;;;;;;;;1;;;;
20/11/2017;11:33:00;2432;sem vítima;119;BR-040/RJ;Sul;Colisão Traseira;1;;;;1;;;;;;2;;;;
20/11/2017;12:28:00;2437;sem vítima;33;BR-040/RJ;Norte;Choque - Objeto Fixo;1;;;;;;;;;;1;;;;
20/11/2017;13:24:00;2442;com vítima;52;BR-040/RJ;Norte;Capotamento;1;;;;;;;;;;0;;;1;
20/11/2017;13:40:00;2444;sem vítima;5;BR-040/RJ;Sul;Choque - Objeto Fixo;1;;;;;;;;;;1;;;;
20/11/2017;13:41:00;2445;com vítima;25;BR-040/RJ;Sul;Choque - Objeto Fixo;1;;;;;;;;;;0;4;;;
20/11/2017;13:30:00;2447;sem vítima;92;BR-040/RJ;Sul;Choque - Objeto Fixo;1;;;;;;;;;;1;;;;
20/11/2017;13:50:00;2448;sem vítima;89;BR-040/RJ;Norte;Choque - Objeto Fixo;1;;;;;;;;;;1;;;;
20/11/2017;14:48:00;2453;com vítima;63;BR-040/RJ;Norte;Colisão Traseira;2;;;;;;;;;;0;6;;;
20/11/2017;15:08:00;2454;sem vítima;93;BR-040/RJ;Sul;Choque - Objeto Fixo;1;;;;;;;;;;1;;;;
20/11/2017;14:15:00;2456;sem vítima;93;BR-040/RJ;Norte;Choque - Objeto Fixo;1;;;;;;;;;;1;;;;
20/11/2017;15:22:00;2458;com vítima;90;BR-040/RJ;Sul;Choque - Objeto Fixo;1;;;;;;;;;;0;1;;;
20/11/2017;15:26:00;2460;sem vítima;59;BR-040/RJ;Norte;Choque - Objeto Fixo;1;;;;;;;;;;1;;;;
20/11/2017;15:27:00;2461;com vítima;8;BR-040/RJ;Sul;Colisão Traseira;2;;;;;;;;;;2;3;;;
20/11/2017;15:27:00;2462;sem vítima;6;BR-040/RJ;Sul;Choque - Objeto Fixo;1;;;;;;;;;;1;;;;
20/11/2017;15:50:00;2464;sem vítima;93;BR-040/RJ;Sul;Choque - Objeto Fixo;1;;;;;;;;;;1;;;;
20/11/2017;15:37:00;2465;com vítima;93;BR-040/RJ;Sul;Capotamento;1;;;;;;;;;;0;4;;;
20/11/2017;15:49:00;2466;sem vítima;92;BR-040/RJ;Sul;Choque - Objeto Fixo;1;;;;;;;;;;1;;;;
20/11/2017;16:06:00;2467;com vítima;90;BR-040/RJ;Sul;Choque - Objeto Fixo;1;;;;;;;;;;0;1;;;
20/11/2017;16:20:00;2470;sem vítima;97;BR-040/RJ;Sul;Choque - Objeto Fixo;1;;;;;;;;;;1;;;;
20/11/2017;16:22:00;2471;com vítima;90;BR-040/RJ;Sul;Choque - Objeto Fixo;2;;;;;;;;;;2;1;;;
20/11/2017;17:06:00;2475;com vítima;32;BR-040/RJ;Sul;Choque - Objeto Fixo;1;;;;;;;;;;1;;1;;
20/11/2017;16:30:00;2485;com vítima;8;BR-040/RJ;Sul;Colisão Traseira;2;;;;;;;;;;0;5;;;
20/11/2017;18:17:00;2487;sem vítima;91;BR-040/RJ;Sul;Choque - Objeto Fixo;1;;;;;;;;;;1;;;;
20/11/2017;18:20:00;2488;com vítima;32;BR-040/RJ;Norte;Choque - Objeto Fixo;1;;;;;;;;;;0;1;;;
20/11/2017;18:48:00;2491;sem vítima;94;BR-040/RJ;Sul;Choque - Objeto Fixo;1;;;;;;;;;;1;;;;
20/11/2017;19:00:00;2492;sem vítima;93;BR-040/RJ;Sul;Colisão Lateral;2;;;;;;;;;;2;;;;
20/11/2017;19:00:00;2493;sem vítima;93;BR-040/RJ;Sul;Choque - Objeto Fixo;1;;;;;;;;;;1;;;;
20/11/2017;19:52:00;2498;com vítima;96;BR-040/RJ;Sul;Choque - Objeto Fixo;1;;;;;;;;;;0;1;;;
20/11/2017;20:28:00;2502;sem vítima;108;BR-040/RJ;Norte;Capotamento;1;;;;;;;;;;1;;;;
21/11/2017;07:56:00;2541;com vítima;101;BR-040/RJ;Norte;Colisão Traseira;1;;;;1;;;;;;1;1;;;
21/11/2017;08:54:00;2552;com vítima;793;BR-040/MG;Sul;Choque - Objeto Fixo;1;;;;;;;;;;0;2;;;
21/11/2017;12:39:00;2578;sem vítima;76;BR-040/RJ;Sul;Choque - Objeto Fixo;;;1;;;;;;;;1;;;;
21/11/2017;13:34:00;2585;sem vítima;123;BR-040/RJ;Sul;Colisão Lateral;1;;1;;;;;;;;2;;;;
21/11/2017;16:25:00;2609;com vítima;108;BR-040/RJ;Sul;Colisão Lateral;;1;;;1;;;;;;1;2;;;
21/11/2017;18:14:00;2630;sem vítima;18;BR-040/RJ;Norte;Choque - Objeto Fixo;1;;;;;;;;;;2;;;;
21/11/2017;19:56:00;2641;com vítima;121;BR-040/RJ;Norte;Colisão Frontal;1;;1;;;;;;;;0;3;1;;
21/11/2017;20:29:00;2643;com vítima;120;BR-040/RJ;Norte;Colisão Lateral;1;;1;;;;;;;;1;1;;;
22/11/2017;04:33:00;2676;sem vítima;820;BR-040/MG;Norte;Tombamento;;;1;;;;;;;;1;;;;
22/11/2017;06:44:00;2684;sem vítima;31;BR-040/RJ;Norte;Choque - Objeto Fixo;1;;;;;;;;;;1;;;;
22/11/2017;07:08:00;2685;sem vítima;102;BR-040/RJ;Sul;Colisão Traseira;;;2;;;;;;;;2;;;;
22/11/2017;07:32:00;2690;com vítima;59;BR-040/RJ;Norte;Choque - Objeto Fixo;1;;;;;;;;;;0;1;;;
22/11/2017;09:58:00;2709;sem vítima;43;BR-040/RJ;Norte;Choque - Objeto Fixo;1;;;;;;;;;;1;;;;
22/11/2017;10:15:00;2715;sem vítima;81;BR-040/RJ;Norte;Derrapagem;1;;;;;;;;;;1;;;;
22/11/2017;10:26:00;2716;com vítima;34;BR-040/RJ;Sul;Derrapagem;1;;;;;;;;;;0;;;;2
22/11/2017;12:48:00;2727;com vítima;74;BR-040/RJ;Norte;Capotamento;1;;;;;;;;;;0;;2;;
22/11/2017;13:03:00;2728;com vítima;824;BR-040/MG;Sul;Choque - Objeto Fixo;1;;;;;;;;;;0;2;;;
22/11/2017;13:12:00;2730;sem vítima;0;BR-040/RJ;Norte;Tombamento;;;1;;;;;;;;1;;;;
22/11/2017;13:38:00;2732;sem vítima;30;BR-040/RJ;Norte;Choque - Objeto Fixo;1;;;;;;;;;;1;;;;
22/11/2017;13:54:00;2734;sem vítima;92;BR-040/RJ;Sul;Choque - Objeto Fixo;1;;;;;;;;;;1;;;;
22/11/2017;19:40:00;2768;sem vítima;1;BR-040/RJ;Norte;Choque - Objeto Fixo;1;;;;;;;;;;1;;;;
22/11/2017;20:37:00;2769;sem vítima;100;BR-040/RJ;Sul;Colisão Traseira;;;1;;;1;;;;;2;;;;
23/11/2017;08:58:00;2806;sem vítima;121;BR-040/RJ;Sul;Colisão Lateral;1;;;1;;;;;;;2;;;;
23/11/2017;09:06:00;2809;sem vítima;3;BR-040/RJ;Sul;Choque - Objeto Fixo;1;;;;;;;;;;1;;;;
23/11/2017;09:51:00;2813;sem vítima;94;BR-040/RJ;Sul;Choque - Objeto Fixo;1;;;;;;;;;;1;;;;
23/11/2017;10:00:00;2815;sem vítima;94;BR-040/RJ;Sul;Choque - Objeto Fixo;2;;;;;;;;;;2;;;;
23/11/2017;10:27:00;2818;com vítima;85;BR-040/RJ;Norte;Capotamento;1;;;;;;;;;;0;;1;;
23/11/2017;11:39:00;2824;com vítima;43;BR-040/RJ;Norte;Choque - Objeto Fixo;1;;;;;;;;;;0;1;;;
23/11/2017;14:30:00;2838;com vítima;72;BR-040/RJ;Norte;Choque - Objeto Fixo;1;;;;;;;;;;0;1;;;
23/11/2017;15:12:00;2843;com vítima;792;BR-040/MG;Norte;Choque - Objeto Fixo;1;;;;;;;;;;0;2;;;
23/11/2017;16:43:00;2853;com vítima;104;BR-040/RJ;Norte;Colisão Traseira;1;;1;;;;;;;;1;1;;;
23/11/2017;21:44:00;2888;com vítima;111;BR-040/RJ;Sul;Choque - Objeto Fixo;1;;;;;;;;;;0;1;;;
24/11/2017;05:11:00;2919;sem vítima;112;BR-040/RJ;Sul;Colisão Lateral;;;1;;1;;;;;;2;;;;
24/11/2017;08:46:00;2941;com vítima;118;BR-040/RJ;Sul;Colisão Lateral;;;1;1;;;;;;;1;1;;;
24/11/2017;09:07:00;2948;sem vítima;123;BR-040/RJ;Norte;Colisão Traseira;2;;;;;;;;;;2;;;;
24/11/2017;10:44:00;2957;sem vítima;93;BR-040/RJ;Norte;Colisão Traseira;2;;;;;;;;;;2;;;;
24/11/2017;11:31:00;2960;sem vítima;122;BR-040/RJ;Norte;Colisão Traseira;1;;;;;1;;;;;2;;;;
24/11/2017;15:41:00;2987;com vítima;122;BR-040/RJ;Sul;Capotamento;1;;;;;;;;;;0;1;;;
24/11/2017;16:40:00;2997;com vítima;5;BR-040/RJ;Sul;Capotamento;1;;;;;;;;;;0;2;1;2;
24/11/2017;23:06:00;3040;com vítima;822;BR-040/MG;Norte;Colisão Traseira;1;;1;;;;;;;;0;3;;;
25/11/2017;04:08:00;3061;sem vítima;775;BR-040/MG;Sul;Atropelamento - Animal;1;;;;;;;;;;1;;;;
25/11/2017;09:40:00;3086;sem vítima;83;BR-040/RJ;Sul;Colisão Traseira;2;;;;;;;;;;2;;;;
25/11/2017;14:34:00;3108;com vítima;91;BR-040/RJ;Norte;Engavetamento;3;;;;;;;;;;1;2;;;
25/11/2017;17:30:00;3131;com vítima;66;BR-040/RJ;Norte;Capotamento;1;;;;;;;;;;0;1;;;
25/11/2017;17:54:00;3135;sem vítima;102;BR-040/RJ;Sul;Choque - Objeto Fixo;1;;;;;;;;;;1;;;;
25/11/2017;20:32:00;3151;sem vítima;113;BR-040/RJ;Norte;Choque - Objeto Fixo;1;;;;;;;;;;1;;;;
25/11/2017;21:27:00;3155;com vítima;106;BR-040/RJ;Norte;Colisão Frontal;1;;;;1;;;;;;0;1;;1;
25/11/2017;21:56:00;3158;com vítima;801;BR-040/MG;Sul;Capotamento;1;;;;;;;;;;0;1;;;
26/11/2017;05:37:00;3196;com vítima;115;BR-040/RJ;Sul;Colisão Traseira;1;;1;;;;;;;;1;1;;1;
26/11/2017;08:05:00;3201;com vítima;120;BR-040/RJ;Sul;Atropelamento - Pedestre;1;;;;;;;;;;1;;;1;
26/11/2017;15:42:00;3231;com vítima;112;BR-040/RJ;Sul;Engavetamento;2;;;;1;;;;;;1;2;;;
26/11/2017;16:30:00;3236;sem vítima;112;BR-040/RJ;Sul;Engavetamento;3;;;;;;;;;;3;;;;
26/11/2017;20:50:00;3261;sem vítima;116;BR-040/RJ;Sul;Atropelamento - Animal;1;;;;;;;;;;1;;;;
27/11/2017;07:15:00;3310;sem vítima;119;BR-040/RJ;Sul;Colisão Traseira;1;;1;;;;;;;;2;;;;
27/11/2017;18:10:00;3380;com vítima;94;BR-040/RJ;Sul;Choque - Objeto Fixo;1;;;;;;;;;;0;3;;;
27/11/2017;18:17:00;3381;sem vítima;78;BR-040/RJ;Sul;Choque - Objeto Fixo;1;;;;;;;;;;1;;;;
27/11/2017;19:33:00;3388;sem vítima;92;BR-040/RJ;Norte;Choque - Objeto Fixo;1;;;;;;;;;;1;;;;
27/11/2017;20:33:00;3394;sem vítima;120;BR-040/RJ;Norte;Colisão Lateral;1;;;;1;;;;;;2;;;;
27/11/2017;20:45:00;3395;sem vítima;92;BR-040/RJ;Sul;Choque - Objeto Fixo;1;;;;;;;;;;1;;;;
28/11/2017;06:06:00;3424;com vítima;123;BR-040/RJ;Norte;Atropelamento - Pedestre;;;;1;;;;;;;1;2;;;
28/11/2017;11:37:00;3454;sem vítima;69;BR-040/RJ;Norte;Choque - Objeto Fixo;1;;;;;;;;;;1;;;;
28/11/2017;13:16:00;3461;sem vítima;89;BR-040/RJ;Sul;Colisão Traseira;;;2;;;;;;;;2;;;;
28/11/2017;15:11:00;3470;sem vítima;125;BR-040/RJ;Sul;Tombamento;;;1;;;;;;;;1;;;;
28/11/2017;16:52:00;3477;sem vítima;102;BR-040/RJ;Norte;Choque - Objeto Fixo;1;;;;;;;;;;1;;;;
28/11/2017;20:02:00;3496;sem vítima;123;BR-040/RJ;Norte;Colisão Lateral;1;;1;;;;;;;;2;;;;
29/11/2017;06:30:00;3534;sem vítima;109;BR-040/RJ;Sul;Colisão Traseira;2;;;;;;;;;;2;;;;
29/11/2017;06:57:00;3535;com vítima;122;BR-040/RJ;Sul;Colisão Lateral;1;;;1;;;;;;;1;1;;;
29/11/2017;08:43:00;3547;sem vítima;123;BR-040/RJ;Sul;Colisão Lateral;1;;1;;;;;;;;2;;;;
29/11/2017;16:16:00;3599;com vítima;96;BR-040/RJ;Norte;Queda de Moto;;;;1;;;;;;;0;1;;;
29/11/2017;17:18:00;3604;sem vítima;113;BR-040/RJ;Sul;Colisão Lateral;1;;1;;;;;;;;2;;;;
29/11/2017;17:58:00;3610;sem vítima;55;BR-040/RJ;Norte;Choque - Objeto Fixo;1;;;;;;;;;;1;;;;
30/11/2017;04:55:00;3645;com vítima;83;BR-040/RJ;Sul;Tombamento;;;1;;;;;;;;0;;1;;
30/11/2017;06:52:00;3651;sem vítima;74;BR-040/RJ;Sul;Choque - Objeto Fixo;1;;;;;;;;;;1;;;;
30/11/2017;07:32:00;3656;sem vítima;82;BR-040/RJ;Norte;Derrapagem;1;;;;;;;;;;1;;;;
30/11/2017;07:46:00;3662;sem vítima;122;BR-040/RJ;Sul;Colisão Lateral;1;;1;;;;;;;;2;;;;
30/11/2017;07:35:00;3664;sem vítima;82;BR-040/RJ;Norte;Derrapagem;1;;;;;;;;;;1;;;;
30/11/2017;07:50:00;3668;sem vítima;82;BR-040/RJ;Norte;Derrapagem;1;;;;;;;;;;1;;;;
30/11/2017;11:50:00;3691;sem vítima;122;BR-040/RJ;Norte;Colisão Traseira;1;;1;;;;;;;;2;;;;
30/11/2017;14:21:00;3709;sem vítima;115;BR-040/RJ;Norte;Colisão Lateral;1;;;;;1;;;;;2;;;;
30/11/2017;14:35:00;3710;sem vítima;787;BR-040/MG;Norte;Choque - Objeto Fixo;1;;;;;;;;;;1;;;;
30/11/2017;14:58:00;3713;com vítima;111;BR-040/RJ;Norte;Engavetamento;2;;1;;;;;;;;1;2;;;
30/11/2017;15:26:00;3715;com vítima;77;BR-040/RJ;Sul;;1;;;;;;;;;;0;2;;;
30/11/2017;18:37:00;3745;sem vítima;94;BR-040/RJ;Sul;Choque - Objeto Fixo;1;;;;;;;;;;1;;;;
30/11/2017;20:26:00;3758;sem vítima;78;BR-040/RJ;Sul;Choque - Objeto Fixo;1;;;;;;;;;;1;;;;
01/12/2017;00:47:00;4;sem vítima;93;BR-040/RJ;Norte;Derrapagem;1;;;;;;;;;;1;;;;
01/12/2017;04:53:00;12;sem vítima;34;BR-040/RJ;Norte;Choque - Objeto Fixo;;;1;;;;;;;;1;;;;
01/12/2017;04:55:00;13;sem vítima;85;BR-040/RJ;Norte;Derrapagem;1;;;;;;;;;;1;;;;
01/12/2017;08:00:00;30;com vítima;51;BR-040/RJ;Norte;Choque - Objeto Fixo;1;;;;;;;;;;0;;1;;
01/12/2017;10:08:00;42;sem vítima;822;BR-040/MG;Sul;Choque - Objeto Fixo;1;;;;;;;;;;1;;;;
01/12/2017;10:16:00;45;sem vítima;117;BR-040/RJ;Norte;Choque - Objeto Fixo;1;;;;;;;;;;1;;;;
01/12/2017;11:21:00;52;com vítima;92;BR-040/RJ;Sul;Choque - Objeto Fixo;1;;;;;;;;;;0;4;;;
01/12/2017;11:30:00;54;sem vítima;1;BR-040/RJ;Norte;Choque - Objeto Fixo;1;;;;;;;;;;1;;;;
01/12/2017;11:35:00;56;com vítima;4;BR-040/RJ;Sul;Choque - Objeto Fixo;1;;;;;;;;;;0;5;;;
01/12/2017;11:49:00;59;com vítima;92;BR-040/RJ;Sul;Capotamento;1;;;;;;;;;;0;2;;;
01/12/2017;12:54:00;66;com vítima;6;BR-040/RJ;Norte;Choque - Objeto Fixo;1;;;;;;;;;;0;2;;;
01/12/2017;13:53:00;68;sem vítima;77;BR-040/RJ;Sul;Choque - Objeto Fixo;1;;;;;;;;;;1;;;;
01/12/2017;13:54:00;69;sem vítima;92;BR-040/RJ;Sul;Choque - Objeto Fixo;1;;;;;;;;;;1;;;;
01/12/2017;15:33:00;85;sem vítima;94;BR-040/RJ;Sul;Choque - Objeto Fixo;1;;;;;;;;;;1;;;;
01/12/2017;15:38:00;86;com vítima;2;BR-040/RJ;Sul;Choque - Objeto Fixo;1;;;;;;;;;;1;1;;;
01/12/2017;16:12:00;90;sem vítima;75;BR-040/RJ;Sul;Choque - Objeto Fixo;1;;;;;;;;;;1;;;;
01/12/2017;16:18:00;91;sem vítima;35;BR-040/RJ;Sul;Choque - Objeto Fixo;1;;;;;;;;;;1;;;;
01/12/2017;16:27:00;92;sem vítima;78;BR-040/RJ;Sul;Choque - Objeto Fixo;1;;;;;;;;;;1;;;;
01/12/2017;16:33:00;93;sem vítima;91;BR-040/RJ;Sul;Choque - Objeto Fixo;1;;;;;;;;;;1;;;;
01/12/2017;19:00:00;108;sem vítima;12;BR-040/RJ;Norte;Capotamento;1;;;;;;;;;;1;;;;
01/12/2017;19:20:00;113;sem vítima;78;BR-040/RJ;Sul;Choque - Objeto Fixo;1;;;;;;;;;;1;;;;
02/12/2017;04:22:00;151;com vítima;123;BR-040/RJ;Sul;Colisão Frontal;;;2;;1;;;;;;0;1;1;;1
02/12/2017;05:04:00;153;sem vítima;822;BR-040/MG;Norte;Atropelamento - Animal;1;;;;;;;;;;1;;;;
02/12/2017;08:30:00;167;sem vítima;12;BR-040/RJ;Norte;Choque - Objeto Fixo;1;;;;;;;;;;1;;;;
02/12/2017;08:38:00;170;sem vítima;810;BR-040/MG;Norte;Colisão Lateral;2;;;;;;;;;;2;;;;
02/12/2017;14:40:00;199;com vítima;35;BR-040/RJ;Sul;Colisão Traseira;1;;1;;;;;;;;0;3;;;
02/12/2017;14:53:00;200;sem vítima;110;BR-040/RJ;Norte;Colisão Lateral;1;;;;1;;;;;;2;;;;
02/12/2017;17:39:00;213;sem vítima;109;BR-040/RJ;Norte;Colisão Traseira;2;;;;;;;;;;2;;;;
02/12/2017;21:16:00;238;com vítima;93;BR-040/RJ;Sul;Choque - Objeto Fixo;1;;;;;;;;;;0;5;;;
03/12/2017;01:00:00;250;sem vítima;94;BR-040/RJ;Norte;Choque - Objeto Fixo;1;;;;;;;;;;1;;;;
03/12/2017;01:37:00;252;sem vítima;119;BR-040/RJ;Sul;Choque - Objeto Fixo;1;;;;;;;;;;1;;;;
03/12/2017;02:43:00;256;sem vítima;75;BR-040/RJ;Norte;Choque - Objeto Fixo;1;;;;;;;;;;1;;;;
03/12/2017;05:44:00;267;sem vítima;92;BR-040/RJ;Norte;Choque - Objeto Fixo;1;;;;;;;;;;1;;;;
03/12/2017;09:02:00;289;com vítima;86;BR-040/RJ;Norte;Capotamento;1;;;;;;;;;;0;;4;1;
03/12/2017;13:41:00;316;sem vítima;802;BR-040/MG;Sul;Colisão Lateral;2;;;;;;;;;;2;;;;
03/12/2017;14:25:00;321;com vítima;90;BR-040/RJ;Sul;Choque - Objeto Fixo;1;;;;;;;;;;0;3;;;
03/12/2017;14:25:00;322;sem vítima;90;BR-040/RJ;Norte;Choque - Objeto Fixo;1;;;;;;;;;;1;;;;
03/12/2017;14:48:00;323;sem vítima;92;BR-040/RJ;Norte;Choque - Objeto Fixo;1;;;;;;;;;;1;;;;
03/12/2017;16:30:00;333;com vítima;76;BR-040/RJ;Sul;Capotamento;1;;;;;;;;;;0;1;;;
03/12/2017;16:33:00;334;sem vítima;93;BR-040/RJ;Sul;Choque - Objeto Fixo;1;;;;;;;;;;1;;;;
03/12/2017;16:56:00;338;sem vítima;97;BR-040/RJ;Sul;Choque - Objeto Fixo;1;;;;;;;;;;1;;;;
03/12/2017;17:05:00;341;sem vítima;92;BR-040/RJ;Sul;Choque - Objeto Fixo;1;;;;;;;;;;1;;;;
03/12/2017;17:48:00;346;sem vítima;780;BR-040/MG;Norte;Choque - Objeto Fixo;1;;;;;;;;;;1;;;;
03/12/2017;22:06:00;369;sem vítima;91;BR-040/RJ;Sul;Derrapagem;1;;;;;;;;;;1;;;;
03/12/2017;23:00:00;375;sem vítima;22;BR-040/RJ;Norte;Choque - Objeto Fixo;1;;;;;;;;;;1;;;;
03/12/2017;23:13:00;376;sem vítima;2;BR-040/RJ;Norte;Derrapagem;1;;;;;;;;;;1;;;;
03/12/2017;23:32:00;379;sem vítima;785;BR-040/MG;Norte;Atropelamento - Animal;1;;;;;;;;;;1;;;;
04/12/2017;02:41:00;396;sem vítima;42;BR-040/RJ;Sul;Choque - Objeto Fixo;;;1;;;;;;;;1;;;;
04/12/2017;04:53:00;399;sem vítima;96;BR-040/RJ;Sul;Choque - Objeto Fixo;1;;;;;;;;;;1;;;;
04/12/2017;05:55:00;402;com vítima;113;BR-040/RJ;Sul;Colisão Lateral;;;;1;1;;;;;;1;1;;;
04/12/2017;06:16:00;403;com vítima;38;BR-040/RJ;Norte;Tombamento;1;;;;;;;;;;0;2;;;
04/12/2017;06:40:00;408;sem vítima;94;BR-040/RJ;Sul;Choque - Objeto Fixo;1;;;;;;;;;;1;;;;
04/12/2017;06:47:00;409;sem vítima;19;BR-040/RJ;Norte;Atropelamento - Animal;;;1;;;;;;;;1;;;;
04/12/2017;06:56:00;411;sem vítima;79;BR-040/RJ;Sul;Colisão Traseira;1;;1;;;;;;;;2;;;;
04/12/2017;07:06:00;412;sem vítima;43;BR-040/RJ;Norte;Choque - Objeto Fixo;1;;;;;;;;;;1;;;;
04/12/2017;07:09:00;414;sem vítima;98;BR-040/RJ;Norte;Queda de Moto;;;;1;;;;;;;1;;;;
04/12/2017;09:34:00;427;sem vítima;121;BR-040/RJ;Sul;Colisão Lateral;1;;1;;;;;;;;2;;;;
04/12/2017;18:01:00;481;sem vítima;91;BR-040/RJ;Norte;Choque - Objeto Fixo;1;;;;;;;;;;1;;;;
04/12/2017;18:21:00;483;sem vítima;92;BR-040/RJ;Norte;Choque - Objeto Fixo;1;;;;;;;;;;1;;;;