data;horario;n_da_ocorrencia;tipo_de_ocorrencia;km;trecho;sentido;tipo_de_acidente;automovel;bicicleta;caminhao;moto;onibus;outros;tracao_animal;transporte_de_cargas_especiais;trator_maquinas;utilitarios;ilesos;levemente_feridos;moderadamente_feridos;gravemente_feridos;mortos
19/01/2018;18:56:00;2567;sem vítima;78;BR-040/RJ;Sul;Choque - Objeto Fixo;1;;;;;;;;;;1;;;;
19/01/2018;20:40:00;2584;com vítima;67;BR-040/RJ;Sul;Atropelamento - Animal;1;;;;;1;;;;;1;2;;;
19/01/2018;20:58:00;2586;com vítima;791;BR-040/MG;Norte;Colisão Traseira;1;;1;;;;;;;;1;1;;;
20/01/2018;00:39:00;2604;sem vítima;59;BR-040/RJ;Sul;Derrapagem;1;;;;;;;;;;1;;;;
20/01/2018;02:38:00;2608;sem vítima;802;BR-040/MG;Sul;Colisão Traseira;;;2;;;;;;;;2;;;;
20/01/2018;06:25:00;2627;sem vítima;86;BR-040/RJ;Norte;Choque - Objeto Fixo;1;;;;;;;;;;1;;;;
20/01/2018;07:55:00;2635;sem vítima;803;BR-040/MG;Sul;Choque - Objeto Fixo;1;;;;;;;;;;1;;;;
20/01/2018;17:19:00;2713;com vítima;93;BR-040/RJ;Norte;Choque - Objeto Fixo;1;;;;;;;;;;0;;1;;
21/01/2018;05:39:00;2771;sem vítima;51;BR-040/RJ;Norte;Choque - Objeto Fixo;1;;;;;;;;;;1;;;;
21/01/2018;12:13:00;2805;com vítima;53;BR-040/RJ;Norte;Queda de Moto;;;;1;;;;;;;0;;1;;
21/01/2018;16:27:00;2836;sem vítima;109;BR-040/RJ;Sul;Choque - Objeto Fixo;1;;;;;;;;;;1;;;;
21/01/2018;17:28:00;2845;com vítima;112;BR-040/RJ;Sul;Colisão Traseira;1;;1;;;;;;;;0;3;;;
21/01/2018;20:11:00;2866;sem vítima;120;BR-040/RJ;Norte;Colisão Traseira;2;;;;;;;;;;2;;;;
21/01/2018;20:21:00;2867;com vítima;120;BR-040/RJ;Norte;Atropelamento - Pedestre;;;;1;;;;;;;1;1;;;
22/01/2018;01:47:00;2898;com vítima;17;BR-040/RJ;Norte;Queda de Moto;;;;1;;;;;;;0;;;1;
22/01/2018;04:01:00;2905;com vítima;70;BR-040/RJ;Norte;Capotamento;1;;;;;;;;;;0;3;;;
22/01/2018;05:30:00;2917;sem vítima;13;BR-040/RJ;Norte;Choque - Objeto Fixo;1;;;;;;;;;;1;;;;
22/01/2018;12:07:00;2980;com vítima;120;BR-040/RJ;Sul;Choque - Objeto Fixo;1;;1;;;;;;;;1;4;;;
22/01/2018;12:23:00;2982;com vítima;121;BR-040/RJ;Sul;Engavetamento;5;;;;;;;;;;4;2;;;
22/01/2018;15:30:00;3010;com vítima;118;BR-040/RJ;Norte;Queda de Moto;;;;1;;;;;;;0;1;;;
22/01/2018;16:00:00;3013;sem vítima;87;BR-040/RJ;Norte;Engavetamento;3;;;;;;;;;;3;;;;
22/01/2018;17:27:00;3023;com vítima;783;BR-040/MG;Sul;Choque - Objeto Fixo;1;;;;;;;;;;0;2;;;
22/01/2018;18:08:00;3028;com vítima;98;BR-040/RJ;Norte;Capotamento;1;;;;;;;;;;0;2;;;
22/01/2018;18:19:00;3032;sem vítima;34;BR-040/RJ;Norte;Choque - Objeto Fixo;;;1;;;;;;;;1;;;;
22/01/2018;18:39:00;3034;sem vítima;93;BR-040/RJ;Sul;Choque - Objeto Fixo;1;;;;;;;;;;1;;;;
22/01/2018;18:52:00;3039;sem vítima;96;BR-040/RJ;Sul;Choque - Objeto Fixo;1;;;;;;;;;;1;;;;
22/01/2018;21:35:00;3053;sem vítima;80;BR-040/RJ;Norte;Choque - Objeto Fixo;1;;;;;;;;;;1;;;;
22/01/2018;21:43:00;3054;sem vítima;84;BR-040/RJ;Norte;Choque - Objeto Fixo;1;;;;;;;;;;1;;;;
23/01/2018;07:04:00;3079;sem vítima;124;BR-040/RJ;Sul;Colisão Lateral;1;;1;;;;;;;;2;;;;
23/01/2018;12:21:00;3117;sem vítima;118;BR-040/RJ;Norte;Colisão Lateral;1;;;;;1;;;;;2;;;;
23/01/2018;14:14:00;3130;sem vítima;102;BR-040/RJ;Norte;Choque - Objeto Fixo;1;;;;;;;;;;1;;;;
23/01/2018;14:31:00;3133;com vítima;78;BR-040/RJ;Sul;Choque - Objeto Fixo;1;;;;;;;;;;0;1;;;
23/01/2018;17:50:00;3160;sem vítima;124;BR-040/RJ;Sul;Colisão Lateral;1;1;;;;;;;;;2;;;;
23/01/2018;21:35:00;3191;sem vítima;31;BR-040/RJ;Norte;Choque - Objeto Fixo;1;;;;;;;;;;1;;;;
24/01/2018;10:21:00;3269;sem vítima;114;BR-040/RJ;Sul;Choque - Objeto Fixo;1;;;;;;;;;;1;;;;
24/01/2018;15:42:00;3312;sem vítima;81;BR-040/RJ;Norte;Choque - Objeto Fixo;1;;;;;;;;;;1;;;;
24/01/2018;15:48:00;3315;com vítima;39;BR-040/RJ;Sul;Choque - Objeto Fixo;1;;;;;;;;;;0;2;1;;
24/01/2018;18:38:00;3339;com vítima;106;BR-040/RJ;Sul;Colisão Lateral;;1;;;;1;;;;;1;;1;;
24/01/2018;19:04:00;3342;sem vítima;78;BR-040/RJ;Sul;Queda de Moto;;;;1;;;;;;;1;;;;
24/01/2018;19:24:00;3348;sem vítima;124;BR-040/RJ;Norte;Colisão Traseira;1;;;;1;;;;;;2;;;;
24/01/2018;20:01:00;3355;com vítima;118;BR-040/RJ;Sul;Colisão Traseira;1;;1;;;;;;;;1;;;1;
25/01/2018;04:06:00;3387;sem vítima;123;BR-040/RJ;Sul;Capotamento;;;1;;;;;;;;1;;;;
25/01/2018;11:40:00;3439;sem vítima;123;BR-040/RJ;Sul;Engavetamento;2;;;;;1;;;;;3;;;;
25/01/2018;12:44:00;3449;sem vítima;93;BR-040/RJ;Sul;Choque - Objeto Fixo;1;;;;;;;;;;1;;;;
25/01/2018;15:05:00;3464;sem vítima;113;BR-040/RJ;Norte;Colisão Traseira;1;;;;1;;;;;;2;;;;
25/01/2018;17:54:00;3487;sem vítima;77;BR-040/RJ;Sul;Choque - Objeto Fixo;1;;;;;;;;;;1;;;;
25/01/2018;18:57:00;3495;com vítima;80;BR-040/RJ;Sul;Choque - Objeto Fixo;;;2;;;;;;;;1;1;;;
26/01/2018;12:54:00;3590;sem vítima;93;BR-040/RJ;Sul;Choque - Objeto Fixo;1;;;;;;;;;;1;;;;
26/01/2018;13:35:00;3597;sem vítima;74;BR-040/RJ;Norte;Choque - Objeto Fixo;1;;;;;;;;;;1;;;;
26/01/2018;14:02:00;3603;com vítima;87;BR-040/RJ;Sul;Colisão Traseira;1;;;;;1;;;;;1;3;;;
26/01/2018;14:30:00;3607;sem vítima;91;BR-040/RJ;Norte;Choque - Objeto Fixo;1;;;;;;;;;;1;;;;
26/01/2018;14:02:00;3609;com vítima;87;BR-040/RJ;Sul;Choque - Objeto Fixo;1;;;;;;;;;;1;2;;;
26/01/2018;15:45:00;3621;sem vítima;31;BR-040/RJ;Norte;Choque - Objeto Fixo;1;;;;;;;;;;1;;;;
26/01/2018;15:59:00;3625;sem vítima;92;BR-040/RJ;Sul;Choque - Objeto Fixo;1;;;;;;;;;;1;;;;
26/01/2018;16:06:00;3627;sem vítima;113;BR-040/RJ;Sul;Colisão Traseira;1;;;;;1;;;;;2;;;;
26/01/2018;16:11:00;3629;sem vítima;105;BR-040/RJ;Norte;Colisão Traseira;2;;;;;;;;;;2;;;;
26/01/2018;16:32:00;3631;sem vítima;84;BR-040/RJ;Sul;Choque - Objeto Fixo;1;;;;;;;;;;1;;;;
26/01/2018;16:37:00;3632;com vítima;93;BR-040/RJ;Sul;Capotamento;1;;;;;;;;;;0;1;;;
26/01/2018;16:53:00;3633;sem vítima;78;BR-040/RJ;Sul;Choque - Objeto Fixo;1;;;;;;;;;;1;;;;
26/01/2018;17:05:00;3636;sem vítima;90;BR-040/RJ;Sul;Choque - Objeto Fixo;1;;;;;;;;;;1;;;;
26/01/2018;17:28:00;3643;sem vítima;783;BR-040/MG;Sul;Choque - Objeto Fixo;1;;;;;;;;;;1;;;;
26/01/2018;17:51:00;3644;com vítima;84;BR-040/RJ;Sul;Choque - Objeto Fixo;1;;;;;;;;;;0;2;;;
26/01/2018;17:52:00;3645;sem vítima;85;BR-040/RJ;Norte;Choque - Objeto Fixo;1;;;;;;;;;;1;;;;
26/01/2018;18:54:00;3647;sem vítima;74;BR-040/RJ;Norte;Choque - Objeto Fixo;1;;;;;;;;;;1;;;;
26/01/2018;19:29:00;3649;sem vítima;93;BR-040/RJ;Sul;Choque - Objeto Fixo;1;;;;;;;;;;1;;;;
26/01/2018;21:19:00;3662;sem vítima;93;BR-040/RJ;Norte;Choque - Objeto Fixo;1;;;;;;;;;;1;;;;
26/01/2018;23:28:00;3668;sem vítima;77;BR-040/RJ;Sul;Choque - Objeto Fixo;1;;;;;;;;;;1;;;;
26/01/2018;23:38:00;3674;com vítima;85;BR-040/RJ;Norte;Choque - Objeto Fixo;1;;;;;;;;;;0;1;;;
27/01/2018;01:26:00;3689;com vítima;51;BR-040/RJ;Norte;Colisão Transversal;2;;;;;;;;;;1;3;;;
27/01/2018;04:10:00;3702;sem vítima;77;BR-040/RJ;Sul;Choque - Objeto Fixo;1;;;;;;;;;;1;;;;
27/01/2018;05:21:00;3716;sem vítima;25;BR-040/RJ;Norte;Choque - Objeto Fixo;1;;;;;;;;;;1;;;;
27/01/2018;06:47:00;3731;sem vítima;100;BR-040/RJ;Sul;Choque - Objeto Fixo;1;;;;;;;;;;1;;;;
27/01/2018;08:11:00;3744;com vítima;85;BR-040/RJ;Sul;Choque - Objeto Fixo;1;;;;;;;;;;0;4;;;
27/01/2018;08:20:00;3745;com vítima;90;BR-040/RJ;Sul;Capotamento;1;;;;;;;;;;0;1;;;
27/01/2018;09:39:00;3756;com vítima;85;BR-040/RJ;Norte;Choque - Objeto Fixo;1;;;;;;;;;;0;1;;;
27/01/2018;10:37:00;3763;sem vítima;75;BR-040/RJ;Sul;Choque - Objeto Fixo;1;;;;;;;;;;1;;;;
27/01/2018;11:48:00;3773;com vítima;91;BR-040/RJ;Norte;Capotamento;1;;;;;;;;;;0;3;;;
27/01/2018;15:26:00;3801;sem vítima;91;BR-040/RJ;Norte;Choque - Objeto Fixo;1;;;;;;;;;;1;;;;
27/01/2018;15:30:00;3802;sem vítima;93;BR-040/RJ;Sul;Choque - Objeto Fixo;1;;;;;;;;;;1;;;;
27/01/2018;18:08:00;3820;com vítima;90;BR-040/RJ;Sul;Choque - Objeto Fixo;1;;;;;;;;;;0;2;;;
27/01/2018;18:45:00;3823;sem vítima;92;BR-040/RJ;Sul;Choque - Objeto Fixo;1;;;;;;;;;;1;;;;
27/01/2018;19:11:00;3825;sem vítima;93;BR-040/RJ;Sul;Choque - Objeto Fixo;1;;;;;;;;;;1;;;;
27/01/2018;20:50:00;3836;sem vítima;101;BR-040/RJ;Norte;Choque - Objeto Fixo;1;;;;;;;;;;1;;;;
27/01/2018;21:00:00;3838;sem vítima;99;BR-040/RJ;Norte;Choque - Objeto Fixo;1;;;;;;;;;;1;;;;
27/01/2018;22:56:00;3851;com vítima;95;BR-040/RJ;Norte;Choque - Objeto Fixo;2;;;;;;;;;;1;;1;;
27/01/2018;23:32:00;3853;sem vítima;91;BR-040/RJ;Norte;Choque - Objeto Fixo;1;;;;;;;;;;1;;;;
28/01/2018;00:36:00;3857;sem vítima;94;BR-040/RJ;Norte;Choque - Objeto Fixo;;;1;;;;;;;;1;;;;
28/01/2018;05:44:00;3874;com vítima;65;BR-040/RJ;Sul;Capotamento;1;;;;;;;;;;0;1;;;
28/01/2018;07:44:00;3879;com vítima;68;BR-040/RJ;Norte;Capotamento;1;;;;;;;;;;0;;2;;
28/01/2018;07:44:00;3881;com vítima;68;BR-040/RJ;Norte;Queda de Moto;;;;1;;;;;;;0;;1;;
28/01/2018;08:03:00;3883;sem vítima;65;BR-040/RJ;Norte;Colisão Lateral;2;;;;;;;;;;2;;;;
28/01/2018;15:32:00;3919;sem vítima;44;BR-040/RJ;Sul;Choque - Objeto Fixo;1;;;;;;;;;;1;;;;
28/01/2018;17:12:00;3931;com vítima;801;BR-040/MG;Sul;Capotamento;1;;;;;;;;;;0;1;;;
28/01/2018;17:39:00;3936;com vítima;65;BR-040/RJ;Norte;Choque - Objeto Fixo;1;;;;;;;;;;0;2;;;
28/01/2018;21:25:00;3955;com vítima;118;BR-040/RJ;Sul;Queda de Moto;;;;1;;;;;;;0;1;;;
29/01/2018;12:16:00;4020;com vítima;124;BR-040/RJ;Sul;Colisão Traseira;2;;;;;;;;;;1;2;;;
29/01/2018;15:47:00;4041;sem vítima;118;BR-040/RJ;Sul;Colisão Traseira;2;;;;;;;;;;2;;;;
29/01/2018;16:51:00;4049;com vítima;787;BR-040/MG;Norte;Choque - Objeto Fixo;;;1;;;;;;;;0;1;1;;
29/01/2018;17:02:00;4051;sem vítima;14;BR-040/RJ;Sul;Choque - Objeto Fixo;;;1;;;;;;;;1;;;;
29/01/2018;17:31:00;4056;sem vítima;51;BR-040/RJ;Norte;Capotamento;1;;;;;;;;;;1;;;;
29/01/2018;17:43:00;4059;com vítima;2;BR-040/RJ;Sul;Choque - Objeto Fixo;1;;;;;;;;;;0;1;;;
29/01/2018;18:09:00;4062;com vítima;31;BR-040/RJ;Norte;Capotamento;1;;;;;;;;;;0;4;;;
29/01/2018;18:51:00;4067;sem vítima;92;BR-040/RJ;Sul;Choque - Objeto Fixo;1;;;;;;;;;;1;;;;
29/01/2018;21:46:00;4080;com vítima;93;BR-040/RJ;Sul;Choque - Objeto Fixo;1;;;;;;;;;;0;1;;;
29/01/2018;22:25:00;4085;sem vítima;92;BR-040/RJ;Sul;Choque - Objeto Fixo;1;;;;;;;;;;1;;;;
30/01/2018;03:43:00;4100;com vítima;31;BR-040/RJ;Sul;Capotamento;;;1;;;;;;;;0;1;;;
30/01/2018;04:13:00;4102;sem vítima;113;BR-040/RJ;Sul;Choque - Objeto Fixo;1;;;;;;;;;;1;;;;
30/01/2018;04:58:00;4105;sem vítima;113;BR-040/RJ;Sul;Choque - Objeto Fixo;1;;;1;;;;;;;2;;;;
30/01/2018;05:38:00;4109;sem vítima;24;BR-040/RJ;Norte;Derrapagem;;;1;;;;;;;;1;;;;
30/01/2018;07:40:00;4117;com vítima;93;BR-040/RJ;Sul;Capotamento;1;;;;;;;;;;0;1;1;;
30/01/2018;09:05:00;4125;sem vítima;92;BR-040/RJ;Norte;Choque - Objeto Fixo;1;;;;;;;;;;1;;;;
30/01/2018;09:52:00;4131;sem vítima;75;BR-040/RJ;Sul;Choque - Objeto Fixo;1;;;;;;;;;;1;;;;
30/01/2018;11:02:00;4140;sem vítima;14;BR-040/RJ;Sul;Choque - Objeto Fixo;1;;;;;;;;;;1;;;;
30/01/2018;12:14:00;4143;sem vítima;93;BR-040/RJ;Sul;Choque - Objeto Fixo;1;;;;;;;;;;1;;;;
30/01/2018;12:23:00;4144;sem vítima;828;BR-040/MG;Sul;Choque - Objeto Fixo;1;;;;;;;;;;1;;;;
30/01/2018;12:56:00;4148;com vítima;3;BR-040/RJ;Sul;Capotamento;1;;;;;;;;;;0;;1;;
30/01/2018;17:20:00;4175;sem vítima;97;BR-040/RJ;Sul;Colisão Lateral;1;;1;;;;;;;;2;;;;
30/01/2018;20:20:00;4185;sem vítima;90;BR-040/RJ;Sul;Choque - Objeto Fixo;1;;;;;;;;;;1;;;;
30/01/2018;22:42:00;4193;com vítima;113;BR-040/RJ;Norte;Capotamento;1;;;;;;;;;;0;3;;;
31/01/2018;06:40:00;4220;sem vítima;110;BR-040/RJ;Sul;Colisão Lateral;1;;1;;;;;;;;2;;;;
31/01/2018;09:58:00;4246;com vítima;25;BR-040/RJ;Sul;Tombamento;;;1;;;;;;;;0;;1;;
31/01/2018;13:56:00;4270;sem vítima;775;BR-040/MG;Sul;Choque - Objeto Fixo;1;;;;;;;;;;1;;;;
31/01/2018;18:04:00;4303;com vítima;84;BR-040/RJ;Norte;Queda de Moto;;;;1;;;;;;;0;1;;;
01/02/2018;00:12:00;2;sem vítima;115;BR-040/RJ;Sul;Choque - Objeto Fixo;1;;;;;;;;;;1;;;;
02/02/2018;02:30:00;135;sem vítima;104;BR-040/RJ;Sul;Derrapagem;1;;;;;;;;;;1;;;;
02/02/2018;08:40:00;158;sem vítima;84;BR-040/RJ;Norte;Choque - Objeto Fixo;1;;;;;;;;;;1;;;;
02/02/2018;10:03:00;167;sem vítima;94;BR-040/RJ;Sul;Choque - Objeto Fixo;;;1;;;;;;;;1;;;;
02/02/2018;13:37:00;189;com vítima;104;BR-040/RJ;Norte;Colisão Frontal;2;;;;;;;;;;0;2;;;
02/02/2018;18:45:00;232;com vítima;111;BR-040/RJ;Sul;Colisão Traseira;1;;;1;;;;;;;1;;1;;
02/02/2018;19:51:00;242;sem vítima;55;BR-040/RJ;Norte;Choque - Objeto Fixo;1;;;;;;;;;;1;;;;
02/02/2018;21:26:00;255;com vítima;123;BR-040/RJ;Sul;Engavetamento;2;;1;;;;;;;;1;2;;;
03/02/2018;09:20:00;310;sem vítima;119;BR-040/RJ;Sul;Colisão Lateral;1;;1;;;;;;;;2;;;;
03/02/2018;13:29:00;331;com vítima;809;BR-040/MG;Norte;Colisão Traseira;2;;;;;;;;;;0;3;;;
03/02/2018;16:02:00;346;sem vítima;34;BR-040/RJ;Norte;Choque - Objeto Fixo;1;;;;;;;;;;1;;;;
03/02/2018;17:46:00;363;sem vítima;824;BR-040/MG;Sul;Choque - Objeto Fixo;1;;;;;;;;;;1;;;;
03/02/2018;20:24:00;376;sem vítima;787;BR-040/MG;Norte;Choque - Objeto Fixo;1;;;;;;;;;;1;;;;
03/02/2018;22:12:00;384;sem vítima;795;BR-040/MG;Sul;Derrapagem;1;;;;;;;;;;1;;;;
04/02/2018;00:09:00;395;sem vítima;84;BR-040/RJ;Sul;Choque - Objeto Fixo;1;;;;;;;;;;1;;;;
04/02/2018;02:13:00;400;sem vítima;780;BR-040/MG;Sul;Choque - Objeto Fixo;1;;;;;;;;;;1;;;;
04/02/2018;07:46:00;412;sem vítima;91;BR-040/RJ;Sul;Choque - Objeto Fixo;1;;;;;;;;;;1;;;;
04/02/2018;08:14:00;413;sem vítima;93;BR-040/RJ;Sul;Derrapagem;1;;;;;;;;;;1;;;;
04/02/2018;08:35:00;415;sem vítima;73;BR-040/RJ;Norte;Choque - Objeto Fixo;1;;;;;;;;;;1;;;;
04/02/2018;09:13:00;417;sem vítima;93;BR-040/RJ;Norte;Derrapagem;1;;;;;;;;;;1;;;;
04/02/2018;16:05:00;449;sem vítima;10;BR-040/RJ;Sul;Choque - Objeto Fixo;1;;;;;;;;;;1;;;;
04/02/2018;16:14:00;451;sem vítima;36;BR-040/RJ;Norte;Capotamento;1;;;;;;;;;;1;;;;
04/02/2018;17:45:00;462;sem vítima;787;BR-040/MG;Norte;Choque - Objeto Fixo;1;;;;;;;;;;1;;;;
04/02/2018;17:45:00;463;sem vítima;83;BR-040/RJ;Norte;Colisão Traseira;2;;;;;;;;;;2;;;;
04/02/2018;18:52:00;473;com vítima;25;BR-040/RJ;Sul;Tombamento;;;1;;;1;;;;;1;1;;;
04/02/2018;18:57:00;474;sem vítima;92;BR-040/RJ;Norte;Choque - Objeto Fixo;1;;;;;;;;;;1;;;;
05/02/2018;05:27:00;526;sem vítima;80;BR-040/RJ;Norte;Choque - Objeto Fixo;1;;;;;;;;;;1;;;;
05/02/2018;05:45:00;528;com vítima;113;BR-040/RJ;Sul;Engavetamento;5;;;;;;;;;;4;2;;;
05/02/2018;06:18:00;531;sem vítima;93;BR-040/RJ;Norte;Choque - Objeto Fixo;1;;;;;;;;;;1;;;;
05/02/2018;06:33:00;533;com vítima;109;BR-040/RJ;Sul;Queda de Moto;;;;1;;;;;;;0;1;;;
05/02/2018;09:41:00;554;sem vítima;18;BR-040/RJ;Norte;Derrapagem;1;;;;;;;;;;1;;;;
05/02/2018;09:44:00;556;sem vítima;92;BR-040/RJ;Sul;Choque - Objeto Fixo;1;;;;;;;;;;1;;;;
05/02/2018;09:59:00;561;com vítima;17;BR-040/RJ;Sul;Tombamento;1;;;;;;;;;;0;1;;;
05/02/2018;10:17:00;563;com vítima;93;BR-040/RJ;Sul;Choque - Objeto Fixo;1;;;;;;;;;;0;2;;;
05/02/2018;10:18:00;564;com vítima;18;BR-040/RJ;Norte;Tombamento;;;1;;;;;;;;0;2;;;
05/02/2018;10:19:00;565;com vítima;801;BR-040/MG;Sul;Choque - Objeto Fixo;1;;;;;;;;;;0;3;;;
05/02/2018;10:52:00;568;com vítima;94;BR-040/RJ;Norte;Choque - Objeto Fixo;1;;;;;;;;;;0;1;;;
05/02/2018;11:21:00;570;com vítima;51;BR-040/RJ;Norte;Choque - Objeto Fixo;1;;;;;;;;;;0;1;;;
05/02/2018;11:37:00;571;sem vítima;782;BR-040/MG;Sul;Choque - Objeto Fixo;1;;;;;;;;;;1;;;;
05/02/2018;11:38:00;572;sem vítima;92;BR-040/RJ;Norte;Choque - Objeto Fixo;1;;;;;;;;;;1;;;;
05/02/2018;12:08:00;573;sem vítima;92;BR-040/RJ;Sul;Choque - Objeto Fixo;1;;;;;;;;;;1;;;;
05/02/2018;12:55:00;577;sem vítima;92;BR-040/RJ;Norte;Choque - Objeto Fixo;1;;;;;;;;;;1;;;;
05/02/2018;12:50:00;579;sem vítima;75;BR-040/RJ;Norte;Choque - Objeto Fixo;1;;;;;;;;;;1;;;;
05/02/2018;14:16:00;589;com vítima;110;BR-040/RJ;Sul;Choque - Objeto Fixo;;;2;;;;;;;;1;1;;;
05/02/2018;14:39:00;591;sem vítima;85;BR-040/RJ;Norte;Choque - Objeto Fixo;1;;;;;;;;;;1;;;;
05/02/2018;15:14:00;595;sem vítima;94;BR-040/RJ;Sul;Choque - Objeto Fixo;1;;;;;;;;;;1;;;;
05/02/2018;15:20:00;598;sem vítima;75;BR-040/RJ;Sul;Choque - Objeto Fixo;1;;;;;;;;;;1;;;;
05/02/2018;16:53:00;608;sem vítima;37;BR-040/RJ;Norte;Choque - Objeto Fixo;1;;;;;;;;;;1;;;;
05/02/2018;17:16:00;613;sem vítima;75;BR-040/RJ;Sul;Choque - Objeto Fixo;1;;;;;;;;;;1;;;;
05/02/2018;17:36:00;616;sem vítima;92;BR-040/RJ;Norte;Queda de Moto;;;;1;;;;;;;1;;;;
05/02/2018;17:40:00;618;sem vítima;92;BR-040/RJ;Norte;Choque - Objeto Fixo;1;;;;;;;;;;1;;;;
06/02/2018;00:39:00;647;com vítima;793;BR-040/MG;Norte;Colisão Traseira;1;;1;;;;;;;;0;4;;;
06/02/2018;09:49:00;676;sem vítima;94;BR-040/RJ;Sul;Choque - Objeto Fixo;1;;;;;;;;;;1;;;;
06/02/2018;10:54:00;686;com vítima;73;BR-040/RJ;Norte;Choque - Objeto Fixo;1;;;;;;;;;;0;;1;;
06/02/2018;10:50:00;688;sem vítima;93;BR-040/RJ;Norte;Choque - Objeto Fixo;1;;;;;;;;;;1;;;;
06/02/2018;12:06:00;694;sem vítima;85;BR-040/RJ;Norte;Choque - Objeto Fixo;1;;;;;;;;;;1;;;;
06/02/2018;12:19:00;697;com vítima;90;BR-040/RJ;Norte;Capotamento;1;;;;;;;;;;0;1;;;
06/02/2018;13:05:00;699;sem vítima;72;BR-040/RJ;Sul;Choque - Objeto Fixo;1;;;;;;;;;;1;;;;
06/02/2018;18:11:00;739;sem vítima;118;BR-040/RJ;Norte;Engavetamento;3;;;;1;;;;;;4;;;;
06/02/2018;20:38:00;759;sem vítima;91;BR-040/RJ;Sul;Choque - Objeto Fixo;1;;;;;;;;;;1;;;;
06/02/2018;21:10:00;763;sem vítima;19;BR-040/RJ;Norte;Choque - Objeto Fixo;1;;;;;;;;;;1;;;;
07/02/2018;01:20:00;775;sem vítima;113;BR-040/RJ;Sul;Choque - Objeto Fixo;1;;;;;;;;;;1;;;;
07/02/2018;06:35:00;787;sem vítima;77;BR-040/RJ;Sul;Choque - Objeto Fixo;1;;;;;;;;;;1;;;;
07/02/2018;14:20:00;849;sem vítima;112;BR-040/RJ;Norte;Colisão Lateral;2;;;;;;;;;;2;;;;
07/02/2018;15:38:00;856;sem vítima;94;BR-040/RJ;Sul;Choque - Objeto Fixo;1;;;;;;;;;;1;;;;
07/02/2018;17:14:00;875;sem vítima;94;BR-040/RJ;Sul;Choque - Objeto Fixo;1;;;;;;;;;;1;;;;
07/02/2018;17:49:00;881;sem vítima;124;BR-040/RJ;Sul;Colisão Lateral;1;;1;;;;;;;;2;;;;
07/02/2018;18:16:00;886;com vítima;74;BR-040/RJ;Norte;Capotamento;1;;;;;;;;;;0;2;;;
07/02/2018;18:20:00;888;sem vítima;104;BR-040/RJ;Norte;Colisão Traseira;2;;;;;;;;;;2;;;;
07/02/2018;20:16:00;898;sem vítima;88;BR-040/RJ;Norte;Choque - Objeto Fixo;1;;;;;;;;;;1;;;;
08/02/2018;05:38:00;928;com vítima;117;BR-040/RJ;Norte;Capotamento;1;;;;;;;;;;0;;1;;
08/02/2018;11:37:00;961;com vítima;105;BR-040/RJ;Norte;Colisão Traseira;1;2;1;;;;;;;;2;2;;;
08/02/2018;11:46:00;964;sem vítima;91;BR-040/RJ;Norte;Choque - Objeto Fixo;1;;;;;;;;;;1;;;;
08/02/2018;13:24:00;981;sem vítima;86;BR-040/RJ;Norte;Colisão Lateral;1;;1;;;;;;;;2;;;;
08/02/2018;14:26:00;989;sem vítima;109;BR-040/RJ;Norte;Engavetamento;3;;;;;;;;;;3;;;;
08/02/2018;16:09:00;998;sem vítima;74;BR-040/RJ;Norte;Choque - Objeto Fixo;1;;;;;;;;;;1;;;;
08/02/2018;16:43:00;1003;com vítima;41;BR-040/RJ;Norte;Capotamento;1;;;;;;;;;;0;1;;;
09/02/2018;13:10:00;1119;sem vítima;83;BR-040/RJ;Norte;Colisão Lateral;;;2;;;;;;;;2;;;;
09/02/2018;14:07:00;1129;sem vítima;120;BR-040/RJ;Norte;Colisão Traseira;1;;1;;;;;;;;2;;;;
09/02/2018;16:53:00;1163;sem vítima;110;BR-040/RJ;Norte;Colisão Traseira;1;;;;;1;;;;;2;;;;
09/02/2018;18:20:00;1178;sem vítima;117;BR-040/RJ;Norte;Colisão Traseira;2;;;;;;;;;;2;;;;
09/02/2018;18:24:00;1179;sem vítima;28;BR-040/RJ;Norte;Colisão Traseira;2;;;;;;;;;;2;;;;
09/02/2018;21:02:00;1204;com vítima;73;BR-040/RJ;Norte;Objeto lançado contra veículo;1;;1;;;;;;;;0;1;;1;
10/02/2018;04:01:00;1242;sem vítima;91;BR-040/RJ;Norte;Derrapagem;1;;;;;;;;;;1;;;;
10/02/2018;11:09:00;1308;com vítima;80;BR-040/RJ;Norte;Queda de Moto;;;;1;;;;;;;0;;2;;
10/02/2018;11:31:00;1310;sem vítima;777;BR-040/MG;Norte;Tombamento;;;1;;;;;;;;1;;;;
10/02/2018;14:28:00;1340;com vítima;780;BR-040/MG;Norte;Choque - Objeto Fixo;1;;;;;;;;;;0;1;;;
10/02/2018;20:40:00;1380;sem vítima;89;BR-040/RJ;Norte;Choque - Objeto Fixo;1;;;;;;;;;;1;;;;
10/02/2018;23:54:00;1393;com vítima;93;BR-040/RJ;Sul;Capotamento;1;;;;;;;;;;0;5;;;
11/02/2018;14:03:00;1458;com vítima;74;BR-040/RJ;Sul;Colisão Lateral;1;;;1;;;;;;;1;1;;;
11/02/2018;21:24:00;1502;com vítima;105;BR-040/RJ;Sul;Atropelamento - Pedestre;1;;;;;;;;;;1;1;;;
12/02/2018;02:21:00;1522;com vítima;111;BR-040/RJ;Sul;Choque - Objeto Fixo;1;;;;;;;;;;0;2;;;