data;horario;n_da_ocorrencia;tipo_de_ocorrencia;km;trecho;sentido;tipo_de_acidente;automovel;bicicleta;caminhao;moto;onibus;outros;tracao_animal;transporte_de_cargas_especiais;trator_maquinas;utilitarios;ilesos;levemente_feridos;moderadamente_feridos;gravemente_feridos;mortos
12/02/2018;22:54:00;1613;sem vítima;119;BR-040/RJ;Norte;Colisão Lateral;2;;;;;;;;;;2;;;;
13/02/2018;01:46:00;1621;com vítima;37;BR-040/RJ;Norte;Queda de Moto;;;;1;;;;;;;0;1;;;
13/02/2018;07:43:00;1637;com vítima;115;BR-040/RJ;Norte;Capotamento;1;;;;;;;;;;0;1;;;
13/02/2018;11:49:00;1661;com vítima;98;BR-040/RJ;Norte;Choque - Objeto Fixo;1;;;;;;;;;;0;3;;;
13/02/2018;13:22:00;1670;sem vítima;106;BR-040/RJ;Norte;Choque - Objeto Fixo;1;;;;;;;;;;1;;;;
13/02/2018;15:25:00;1680;sem vítima;89;BR-040/RJ;Sul;Capotamento;1;;;;;;;;;;1;;;;
13/02/2018;16:41:00;1687;com vítima;95;BR-040/RJ;Norte;Choque - Objeto Fixo;1;;;;;;;;;;0;1;1;;
14/02/2018;06:53:00;1745;com vítima;38;BR-040/RJ;Norte;Tombamento;1;;;;;;;;;;0;2;;;
14/02/2018;07:20:00;1749;sem vítima;56;BR-040/RJ;Sul;Choque - Objeto Fixo;1;;;;;;;;;;1;;;;
14/02/2018;07:43:00;1752;com vítima;96;BR-040/RJ;Sul;Choque - Objeto Fixo;;;1;;;;;;;;0;1;;;
14/02/2018;08:48:00;1759;com vítima;93;BR-040/RJ;Norte;Choque - Objeto Fixo;1;;;;;;;;;;0;5;;;
14/02/2018;09:10:00;1765;sem vítima;88;BR-040/RJ;Norte;Derrapagem;1;;;;;;;;;;1;;;;
14/02/2018;13:45:00;1798;com vítima;79;BR-040/RJ;Norte;Colisão Traseira;1;;;1;;;;;;;1;;1;;
14/02/2018;15:57:00;1813;com vítima;11;BR-040/RJ;Sul;Colisão Lateral;1;;;;1;;;;;;1;3;;;
14/02/2018;17:19:00;1821;sem vítima;92;BR-040/RJ;Norte;Choque - Objeto Fixo;1;;;;;;;;;;1;;;;
15/02/2018;08:48:00;1914;sem vítima;119;BR-040/RJ;Norte;Colisão Frontal;2;;;;;;;;;;2;;;;
15/02/2018;09:22:00;1921;sem vítima;4;BR-040/RJ;Sul;Choque - Objeto Fixo;1;;;;;;;;;;1;;;;
15/02/2018;09:30:00;1924;sem vítima;119;BR-040/RJ;Sul;Colisão Lateral;1;;;;1;;;;;;2;;;;
15/02/2018;14:03:00;1954;sem vítima;94;BR-040/RJ;Norte;Choque - Objeto Fixo;1;;;;;;;;;;1;;;;
15/02/2018;22:58:00;2011;com vítima;42;BR-040/RJ;Norte;Choque - Objeto Fixo;1;;;;;;;;;;0;;1;;
16/02/2018;01:15:00;2018;sem vítima;810;BR-040/MG;Sul;Atropelamento - Animal;;;1;;;;;;;;1;;;;
16/02/2018;15:52:00;2101;sem vítima;100;BR-040/RJ;Sul;Choque - Objeto Fixo;1;;;;;;;;;;1;;;;
16/02/2018;16:22:00;2104;sem vítima;87;BR-040/RJ;Sul;Choque - Objeto Fixo;1;;;;;;;;;;1;;;;
16/02/2018;16:50:00;2110;com vítima;87;BR-040/RJ;Sul;Colisão Traseira;2;;;;;;;;;;0;2;1;;
16/02/2018;17:28:00;2112;sem vítima;96;BR-040/RJ;Sul;Choque - Objeto Fixo;1;;;;;;;;;;1;;;;
16/02/2018;17:30:00;2113;sem vítima;94;BR-040/RJ;Sul;Choque - Objeto Fixo;1;;;;;;;;;;1;;;;
16/02/2018;17:37:00;2115;com vítima;92;BR-040/RJ;Sul;Choque - Objeto Fixo;1;;;;;;;;;;0;1;;;
17/02/2018;04:32:00;2153;com vítima;31;BR-040/RJ;Sul;Tombamento;;;1;;;;;;;;0;;1;;
17/02/2018;05:48:00;2156;com vítima;105;BR-040/RJ;Norte;Colisão Traseira;;1;;;;1;;;;;1;;1;;
17/02/2018;19:38:00;2237;com vítima;93;BR-040/RJ;Norte;Choque - Objeto Fixo;1;;;;;;;;;;0;1;;;
17/02/2018;22:06:00;2246;com vítima;39;BR-040/RJ;Norte;Capotamento;1;;;;;;;;;;0;;;1;
18/02/2018;15:51:00;2313;sem vítima;84;BR-040/RJ;Norte;Choque - Objeto Fixo;1;;;;;;;;;;1;;;;
18/02/2018;18:00:00;2326;sem vítima;94;BR-040/RJ;Sul;Choque - Objeto Fixo;1;;;;;;;;;;1;;;;
18/02/2018;19:17:00;2332;sem vítima;94;BR-040/RJ;Norte;Choque - Objeto Fixo;1;;;;;;;;;;1;;;;
18/02/2018;19:04:00;2334;sem vítima;95;BR-040/RJ;Sul;Choque - Objeto Fixo;1;;;;;;;;;;1;;;;
19/02/2018;09:55:00;2396;sem vítima;71;BR-040/RJ;Sul;Colisão Lateral;1;;;;;;;;;;1;;;;
19/02/2018;10:43:00;2405;sem vítima;96;BR-040/RJ;Sul;Choque - Objeto Fixo;1;;;;;;;;;;1;;;;
19/02/2018;13:10:00;2426;sem vítima;111;BR-040/RJ;Norte;Colisão Traseira;2;;;;;;;;;;2;;;;
19/02/2018;16:23:00;2443;sem vítima;93;BR-040/RJ;Sul;Choque - Objeto Fixo;1;;;;;;;;;;1;;;;
19/02/2018;16:36:00;2447;com vítima;91;BR-040/RJ;Norte;Choque - Objeto Fixo;1;;;;;;;;;;0;2;;;
19/02/2018;17:07:00;2450;sem vítima;93;BR-040/RJ;Sul;Choque - Objeto Fixo;1;;;;;;;;;;1;;;;
19/02/2018;18:12:00;2456;com vítima;92;BR-040/RJ;Sul;Capotamento;1;;;;;;;;;;0;1;;;
19/02/2018;20:33:00;2463;com vítima;103;BR-040/RJ;Norte;Colisão Traseira;1;;1;;;;;;;;1;2;;;
19/02/2018;23:29:00;2474;sem vítima;21;BR-040/RJ;Sul;Queda de Moto;;;;1;;;;;;;1;;;;
19/02/2018;23:36:00;2475;com vítima;52;BR-040/RJ;Norte;Choque - Objeto Fixo;1;;;;;;;;;;0;4;;;
20/02/2018;10:24:00;2515;com vítima;120;BR-040/RJ;Sul;Colisão Lateral;1;;1;;;;;;;;1;1;;;
20/02/2018;12:38:00;2525;com vítima;801;BR-040/MG;Sul;Choque - Objeto Fixo;1;;;;;;;;;;0;1;;;
20/02/2018;13:05:00;2529;sem vítima;801;BR-040/MG;Sul;Choque - Objeto Fixo;1;;;;;;;;;;1;;;;
20/02/2018;15:21:00;2541;com vítima;820;BR-040/MG;Sul;Capotamento;1;;;;;;;;;;0;1;;;
20/02/2018;15:57:00;2547;sem vítima;117;BR-040/RJ;Norte;Engavetamento;4;;;;;;;;;;4;;;;
20/02/2018;17:58:00;2560;sem vítima;97;BR-040/RJ;Sul;Choque - Objeto Fixo;1;;;;;;;;;;1;;;;
20/02/2018;18:18:00;2564;sem vítima;90;BR-040/RJ;Sul;Choque - Objeto Fixo;1;;;;;;;;;;1;;;;
20/02/2018;22:05:00;2580;com vítima;61;BR-040/RJ;Norte;Queda de Moto;;;;1;;;;;;;0;;1;;
21/02/2018;04:15:00;2593;com vítima;72;BR-040/RJ;Sul;Derrapagem;1;;;;;;;;;;0;1;;;
21/02/2018;06:40:00;2599;sem vítima;96;BR-040/RJ;Norte;Colisão Traseira;2;;;;;;;;;;2;;;;
21/02/2018;12:44:00;2637;com vítima;72;BR-040/RJ;Sul;Choque - Objeto Fixo;1;;;;;;;;;;0;2;;;
21/02/2018;13:20:00;2642;sem vítima;108;BR-040/RJ;Sul;Colisão Lateral;1;;1;;;;;;;;2;;;;
21/02/2018;15:23:00;2657;com vítima;815;BR-040/MG;Sul;Colisão Traseira;2;;;;;;;;;;0;2;;;
21/02/2018;17:03:00;2674;sem vítima;92;BR-040/RJ;Sul;Choque - Objeto Fixo;1;;;;;;;;;;1;;;;
21/02/2018;18:51:00;2689;sem vítima;91;BR-040/RJ;Norte;Choque - Objeto Fixo;1;;;;;;;;;;1;;;;
21/02/2018;19:18:00;2691;sem vítima;108;BR-040/RJ;Norte;Engavetamento;2;;;;;1;;;;;3;;;;
21/02/2018;19:38:00;2693;com vítima;111;BR-040/RJ;Sul;Colisão Lateral;2;;;;;;;;;;1;;2;1;
22/02/2018;06:45:00;2733;sem vítima;121;BR-040/RJ;Sul;Colisão Frontal;;;;1;1;;;;;;2;;;;
22/02/2018;07:02:00;2739;sem vítima;38;BR-040/RJ;Norte;Choque - Objeto Fixo;1;;;;;;;;;;1;;;;
22/02/2018;07:04:00;2740;sem vítima;25;BR-040/RJ;Sul;Choque - Objeto Fixo;1;;;;;;;;;;1;;;;
22/02/2018;07:04:00;2741;com vítima;109;BR-040/RJ;Sul;Choque - Objeto Fixo;1;;;;;;;;;;0;1;;;
22/02/2018;07:12:00;2742;sem vítima;97;BR-040/RJ;Sul;Colisão Traseira;2;;;;;;;;;;2;;;;
22/02/2018;09:16:00;2757;sem vítima;123;BR-040/RJ;Sul;Colisão Lateral;1;;1;;;;;;;;2;;;;
22/02/2018;16:32:00;2804;sem vítima;82;BR-040/RJ;Sul;Colisão Lateral;1;;;;;1;;;;;2;;;;
22/02/2018;18:34:00;2827;sem vítima;817;BR-040/MG;Norte;Choque - Objeto Fixo;1;;;;;;;;;;1;;;;
22/02/2018;19:01:00;2832;com vítima;110;BR-040/RJ;Norte;Atropelamento - Pedestre;1;;;;;;;;;;1;1;;;
23/02/2018;06:20:00;2880;sem vítima;92;BR-040/RJ;Sul;Choque - Objeto Fixo;1;;;;;;;;;;1;;;;
23/02/2018;06:43:00;2882;com vítima;104;BR-040/RJ;Sul;Colisão Traseira;1;;;;1;;;;;;1;;1;;
23/02/2018;08:06:00;2895;sem vítima;94;BR-040/RJ;Sul;Colisão Lateral;2;;;;;;;;;;2;;;;
23/02/2018;08:12:00;2896;com vítima;87;BR-040/RJ;Sul;Choque - Objeto Fixo;1;;;;;;;;;;0;2;;;
23/02/2018;09:54:00;2906;sem vítima;92;BR-040/RJ;Sul;Choque - Objeto Fixo;1;;;;;;;;;;1;;;;
23/02/2018;10:28:00;2913;sem vítima;92;BR-040/RJ;Norte;Choque - Objeto Fixo;1;;;;;;;;;;1;;;;
23/02/2018;15:29:00;2946;com vítima;91;BR-040/RJ;Sul;Choque - Objeto Fixo;1;;;;;;;;;;0;1;;;
23/02/2018;15:55:00;2952;sem vítima;817;BR-040/MG;Norte;Choque - Objeto Fixo;;;1;;;;;;;;1;;;;
23/02/2018;17:09:00;2961;sem vítima;123;BR-040/RJ;Norte;Colisão Lateral;1;;1;;;;;;;;2;;;;
23/02/2018;18:11:00;2967;sem vítima;76;BR-040/RJ;Sul;Choque - Objeto Fixo;1;;;;;;;;;;1;;;;
23/02/2018;22:23:00;2991;com vítima;774;BR-040/MG;Norte;Choque - Objeto Fixo;1;;;;;;;;;;0;1;;;
23/02/2018;22:33:00;2992;com vítima;774;BR-040/MG;Norte;Colisão Traseira;1;;;1;;;;;;;1;;;1;
24/02/2018;08:53:00;3036;com vítima;116;BR-040/RJ;Sul;Atropelamento - Pedestre;1;1;;;;;;;;;1;1;;;
24/02/2018;11:13:00;3048;sem vítima;92;BR-040/RJ;Norte;Choque - Objeto Fixo;1;;;;;;;;;;1;;;;
24/02/2018;22:33:00;3107;sem vítima;84;BR-040/RJ;Norte;Choque - Objeto Fixo;1;;;;;;;;;;1;;;;
25/02/2018;00:40:00;3117;sem vítima;53;BR-040/RJ;Norte;Choque - Objeto Fixo;1;;;;;;;;;;1;;;;
25/02/2018;16:14:00;3189;sem vítima;53;BR-040/RJ;Norte;Colisão Lateral;1;;;1;;;;;;;2;;;;
25/02/2018;17:28:00;3199;sem vítima;113;BR-040/RJ;Sul;Choque - Objeto Fixo;1;;;;;;;;;;1;;;;
25/02/2018;18:16:00;3205;sem vítima;59;BR-040/RJ;Sul;Choque - Objeto Fixo;1;;;;;;;;;;1;;;;
25/02/2018;23:11:00;3229;sem vítima;71;BR-040/RJ;Sul;Choque - Objeto Fixo;1;;;;;;;;;;1;;;;
26/02/2018;01:53:00;3246;sem vítima;43;BR-040/RJ;Norte;Choque - Objeto Fixo;1;;;;;;;;;;1;;;;
26/02/2018;09:16:00;3280;sem vítima;124;BR-040/RJ;Sul;Colisão Lateral;1;;1;;;;;;;;2;;;;
26/02/2018;11:40:00;3299;sem vítima;93;BR-040/RJ;Norte;Choque - Objeto Fixo;1;;;;;;;;;;1;;;;
26/02/2018;13:21:00;3312;sem vítima;124;BR-040/RJ;Sul;Colisão Lateral;1;;1;;;;;;;;2;;;;
26/02/2018;13:49:00;3315;sem vítima;94;BR-040/RJ;Sul;Choque - Objeto Fixo;1;;;;;;;;;;1;;;;
26/02/2018;14:04:00;3318;com vítima;804;BR-040/MG;Sul;Capotamento;1;;;;;;;;;;0;1;;;
26/02/2018;16:22:00;3328;com vítima;796;BR-040/MG;Norte;Choque - Objeto Fixo;2;;;;;;;;;;1;1;;;
26/02/2018;18:07:00;3339;sem vítima;92;BR-040/RJ;Norte;Choque - Objeto Fixo;1;;;;;;;;;;1;;;;
26/02/2018;18:12:00;3340;sem vítima;2;BR-040/RJ;Sul;Choque - Objeto Fixo;1;;;;;;;;;;1;;;;
26/02/2018;19:02:00;3344;sem vítima;815;BR-040/MG;Sul;Choque - Objeto Fixo;1;;;;;;;;;;1;;;;
26/02/2018;19:23:00;3348;sem vítima;123;BR-040/RJ;Norte;Colisão Lateral;1;;1;;;;;;;;2;;;;
27/02/2018;09:55:00;3410;sem vítima;119;BR-040/RJ;Sul;Colisão Lateral;;;1;;1;;;;;;2;;;;
27/02/2018;12:06:00;3432;sem vítima;45;BR-040/RJ;Sul;Choque - Objeto Fixo;;;1;;;;;;;;1;;;;
27/02/2018;12:40:00;3436;sem vítima;3;BR-040/RJ;Norte;Choque - Objeto Fixo;1;;;;;;;;;;1;;;;
27/02/2018;13:58:00;3442;sem vítima;801;BR-040/MG;Sul;Choque - Objeto Fixo;1;;;;;;;;;;1;;;;
27/02/2018;17:25:00;3464;com vítima;120;BR-040/RJ;Norte;Colisão Lateral;2;;;;;;;;;;1;1;;;
27/02/2018;18:04:00;3471;com vítima;18;BR-040/RJ;Norte;Choque - Objeto Fixo;1;;;;;;;;;;0;;1;;
27/02/2018;19:49:00;3489;com vítima;122;BR-040/RJ;Sul;Choque - Objeto Fixo;1;;;;;;;;;;1;1;;;
27/02/2018;21:38:00;3498;sem vítima;93;BR-040/RJ;Norte;Choque - Objeto Fixo;1;;;;;;;;;;1;;;;
28/02/2018;05:06:00;3523;com vítima;84;BR-040/RJ;Sul;Colisão Traseira;;;2;;;;;;;;0;3;;;
28/02/2018;06:42:00;3530;com vítima;38;BR-040/RJ;Norte;Tombamento;;;1;;;;;;;;0;;2;;
28/02/2018;12:39:00;3575;com vítima;113;BR-040/RJ;Sul;Colisão Lateral;1;;1;;;;;;;;1;1;;;
28/02/2018;15:56:00;3601;sem vítima;90;BR-040/RJ;Norte;Choque - Objeto Fixo;1;;;;;;;;;;1;;;;
28/02/2018;16:10:00;3607;sem vítima;96;BR-040/RJ;Sul;Choque - Objeto Fixo;1;;;;;;;;;;1;;;;
28/02/2018;16:11:00;3608;sem vítima;62;BR-040/RJ;Sul;Choque - Objeto Fixo;1;;;;;;;;;;1;;;;
28/02/2018;16:22:00;3610;sem vítima;34;BR-040/RJ;Sul;Choque - Objeto Fixo;1;;;;;;;;;;1;;;;
28/02/2018;16:32:00;3612;sem vítima;119;BR-040/RJ;Norte;Colisão Traseira;1;;1;;;;;;;;2;;;;
28/02/2018;17:03:00;3617;sem vítima;93;BR-040/RJ;Sul;Choque - Objeto Fixo;1;;;;;;;;;;1;;;;
28/02/2018;18:14:00;3625;com vítima;777;BR-040/MG;Sul;Colisão Traseira;2;;;;;;;;;;0;4;;;
28/02/2018;18:44:00;3631;com vítima;777;BR-040/MG;Sul;Colisão Traseira;1;;;;;1;;;;;1;1;;;
28/02/2018;22:39:00;3644;com vítima;13;BR-040/RJ;Norte;Derrapagem;1;;;;;;;;;;0;1;;;
01/03/2018;07:23:00;21;sem vítima;45;BR-040/RJ;Norte;Colisão Traseira;1;;1;;;;;;;;2;;;;
01/03/2018;19:14:00;114;com vítima;94;BR-040/RJ;Norte;Colisão Traseira;2;;;;;;;;;;0;2;;;
02/03/2018;16:20:00;231;sem vítima;60;BR-040/RJ;Norte;Choque - Objeto Fixo;1;;;;;;;;;;1;;;;
02/03/2018;18:31:00;253;sem vítima;91;BR-040/RJ;Norte;Choque - Objeto Fixo;1;;;;;;;;;;1;;;;
02/03/2018;19:15:00;257;sem vítima;90;BR-040/RJ;Norte;Capotamento;1;;;;;;;;;;1;;;;
02/03/2018;19:27:00;258;sem vítima;97;BR-040/RJ;Sul;Choque - Objeto Fixo;1;;;;;;;;;;1;;;;
02/03/2018;20:57:00;267;com vítima;43;BR-040/RJ;Norte;Choque - Objeto Fixo;1;;;;;;;;;;0;1;;;
02/03/2018;21:52:00;270;sem vítima;23;BR-040/RJ;Sul;Atropelamento - Animal;1;;;;;;;;;;1;;;;
03/03/2018;01:36:00;291;sem vítima;120;BR-040/RJ;Norte;Choque - Objeto Fixo;1;;;;;;;;;;1;;;;
03/03/2018;09:41:00;320;sem vítima;84;BR-040/RJ;Norte;Choque - Objeto Fixo;1;;;;;;;;;;1;;;;
03/03/2018;11:10:00;337;com vítima;64;BR-040/RJ;Norte;Queda de Moto;;;;1;;;;;;;0;;;;1
03/03/2018;16:04:00;365;sem vítima;93;BR-040/RJ;Norte;Choque - Objeto Fixo;1;;;;;;;;;;1;;;;
03/03/2018;17:08:00;376;sem vítima;75;BR-040/RJ;Sul;Choque - Objeto Fixo;1;;;;;;;;;;1;;;;
03/03/2018;17:38:00;380;sem vítima;94;BR-040/RJ;Sul;Choque - Objeto Fixo;1;;;;;;;;;;1;;;;
03/03/2018;17:47:00;382;com vítima;88;BR-040/RJ;Norte;Capotamento;1;;;;;;;;;;0;1;;;
03/03/2018;18:35:00;392;sem vítima;93;BR-040/RJ;Sul;Choque - Objeto Fixo;1;;;;;;;;;;1;;;;
03/03/2018;19:08:00;396;sem vítima;116;BR-040/RJ;Sul;Colisão Traseira;2;;;;;;;;;;2;;;;
04/03/2018;06:35:00;426;com vítima;121;BR-040/RJ;Sul;Choque - Objeto Fixo;1;;;;;;;;;;0;;;2;
04/03/2018;10:12:00;439;sem vítima;120;BR-040/RJ;Sul;Choque - Objeto Fixo;1;;;;;;;;;;1;;;;
04/03/2018;11:29:00;446;com vítima;105;BR-040/RJ;Norte;Atropelamento - Pedestre;1;;;;;;;;;;1;;;1;
04/03/2018;14:59:00;468;sem vítima;783;BR-040/MG;Norte;Choque - Objeto Fixo;1;;;;;;;;;;1;;;;
04/03/2018;16:23:00;476;sem vítima;94;BR-040/RJ;Sul;Choque - Objeto Fixo;1;;;;;;;;;;1;;;;
04/03/2018;18:55:00;498;sem vítima;109;BR-040/RJ;Sul;Colisão Transversal;2;;;;;;;;;;2;;;;
04/03/2018;20:18:00;507;sem vítima;121;BR-040/RJ;Norte;Choque - Objeto Fixo;1;;;;;;;;;;1;;;;
04/03/2018;22:59:00;520;sem vítima;82;BR-040/RJ;Norte;Derrapagem;1;;;;;;;;;;1;;;;
04/03/2018;23:02:00;521;sem vítima;93;BR-040/RJ;Norte;Choque - Objeto Fixo;1;;;;;;;;;;1;;;;
05/03/2018;11:13:00;590;sem vítima;789;BR-040/MG;Sul;Choque - Objeto Fixo;1;;;;;;;;;;1;;;;
05/03/2018;15:30:00;617;com vítima;92;BR-040/RJ;Sul;Choque - Objeto Fixo;1;;;;;;;;;;0;2;;;
05/03/2018;15:35:00;622;sem vítima;78;BR-040/RJ;Sul;Choque - Objeto Fixo;1;;;;;;;;;;1;;;;
05/03/2018;16:13:00;623;sem vítima;84;BR-040/RJ;Sul;Choque - Objeto Fixo;1;;;;;;;;;;1;;;;
05/03/2018;16:48:00;628;sem vítima;109;BR-040/RJ;Norte;Colisão Lateral;1;;1;;;;;;;;2;;;;
05/03/2018;17:33:00;635;sem vítima;92;BR-040/RJ;Norte;Choque - Objeto Fixo;1;;;;;;;;;;1;;;;
05/03/2018;18:08:00;640;sem vítima;92;BR-040/RJ;Norte;Choque - Objeto Fixo;1;;;;;;;;;;1;;;;
05/03/2018;18:13:00;642;sem vítima;90;BR-040/RJ;Sul;Choque - Objeto Fixo;1;;;;;;;;;;1;;;;
05/03/2018;18:42:00;650;sem vítima;117;BR-040/RJ;Sul;Colisão Traseira;2;;;;;;;;;;2;;;;
05/03/2018;19:06:00;652;sem vítima;85;BR-040/RJ;Sul;Colisão Traseira;1;;1;;;;;;;;2;;;;
06/03/2018;05:15:00;687;com vítima;123;BR-040/RJ;Norte;Atropelamento - Pedestre;;;;;;1;;;;;1;;;;1
06/03/2018;07:14:00;695;com vítima;74;BR-040/RJ;Norte;Choque - Objeto Fixo;1;;;;;;;;;;0;1;;;
06/03/2018;08:53:00;710;sem vítima;122;BR-040/RJ;Sul;Colisão Lateral;1;;1;;;;;;;;2;;;;
06/03/2018;10:51:00;720;sem vítima;84;BR-040/RJ;Sul;Choque - Objeto Fixo;1;;;;;;;;;;1;;;;
06/03/2018;12:41:00;734;com vítima;124;BR-040/RJ;Norte;Colisão Lateral;1;;1;;;;;;;;1;2;;;
06/03/2018;14:06:00;738;sem vítima;120;BR-040/RJ;Sul;Colisão Lateral;1;;1;;;;;;;;2;;;;
06/03/2018;17:46:00;762;com vítima;74;BR-040/RJ;Sul;Choque - Objeto Fixo;1;;;;;;;;;;0;2;;;
06/03/2018;18:39:00;765;com vítima;91;BR-040/RJ;Sul;Choque - Objeto Fixo;1;;;;;;;;;;0;;2;;
06/03/2018;22:59:00;785;sem vítima;108;BR-040/RJ;Norte;Derrapagem;1;;;;;;;;;;1;;;;
07/03/2018;01:31:00;795;com vítima;118;BR-040/RJ;Sul;Capotamento;1;;;;;;;;;;0;2;;;
07/03/2018;04:43:00;806;com vítima;72;BR-040/RJ;Sul;Derrapagem;1;;;;;;;;;;0;1;;;
07/03/2018;08:50:00;827;sem vítima;123;BR-040/RJ;Sul;Colisão Lateral;1;;1;;;;;;;;2;;;;
07/03/2018;19:41:00;898;sem vítima;123;BR-040/RJ;Sul;Colisão Traseira;2;;;;;;;;;;2;;;;
07/03/2018;20:40:00;902;com vítima;1;BR-040/RJ;Norte;Choque - Objeto Fixo;1;;;;;;;;;;0;2;;;
08/03/2018;07:22:00;943;sem vítima;75;BR-040/RJ;Sul;Choque - Objeto Fixo;1;;;;;;;;;;1;;;;
08/03/2018;07:54:00;950;sem vítima;75;BR-040/RJ;Sul;Choque - Objeto Fixo;1;;;;;;;;;;1;;;;
08/03/2018;08:25:00;955;sem vítima;94;BR-040/RJ;Sul;Choque - Objeto Fixo;1;;;;;;;;;;1;;;;
08/03/2018;08:38:00;957;com vítima;42;BR-040/RJ;Norte;Choque - Objeto Fixo;1;;;;;;;;;;1;1;;;
08/03/2018;09:30:00;971;sem vítima;93;BR-040/RJ;Sul;Choque - Objeto Fixo;1;;;;;;;;;;1;;;;
08/03/2018;10:23:00;977;sem vítima;121;BR-040/RJ;Sul;Colisão Traseira;1;;1;;;;;;;;2;;;;
08/03/2018;11:27:00;991;sem vítima;95;BR-040/RJ;Sul;Choque - Objeto Fixo;1;;;;;;;;;;1;;;;
08/03/2018;13:54:00;1013;sem vítima;792;BR-040/MG;Norte;Choque - Objeto Fixo;;;1;;;;;;;;1;;;;
08/03/2018;13:55:00;1014;com vítima;56;BR-040/RJ;Sul;Capotamento;1;;;;;;;;;;0;;;;1
08/03/2018;13:58:00;1015;sem vítima;813;BR-040/MG;Norte;Choque - Objeto Fixo;1;;;;;;;;;;1;;;;
08/03/2018;17:59:00;1045;sem vítima;775;BR-040/MG;Norte;Queda de Moto;;;;1;;;;;;;1;;;;
08/03/2018;19:17:00;1055;sem vítima;83;BR-040/RJ;Sul;Choque - Objeto Fixo;1;;;;;;;;;;1;;;;
08/03/2018;19:40:00;1060;com vítima;109;BR-040/RJ;Sul;Colisão Traseira;2;;;;;;;;;;1;2;;;
08/03/2018;20:05:00;1061;sem vítima;86;BR-040/RJ;Norte;Choque - Objeto Fixo;1;;;;;;;;;;1;;;;
08/03/2018;19:40:00;1067;sem vítima;109;BR-040/RJ;Sul;Colisão Lateral;;;1;;;1;;;;;2;;;;
09/03/2018;00:22:00;1093;com vítima;35;BR-040/RJ;Norte;Tombamento;;;1;;;;;;;;0;;;;1
09/03/2018;03:16:00;1106;com vítima;121;BR-040/RJ;Sul;Colisão Traseira;1;;1;;;;;;;;1;1;;;
09/03/2018;08:49:00;1128;sem vítima;85;BR-040/RJ;Norte;Choque - Objeto Fixo;1;;;;;;;;;;1;;;;
09/03/2018;10:07:00;1134;com vítima;120;BR-040/RJ;Norte;Colisão Traseira;1;;;1;;;;;;;1;;1;;
09/03/2018;11:47:00;1151;sem vítima;80;BR-040/RJ;Norte;Colisão Lateral;;;2;;;;;;;;2;;;;
09/03/2018;13:30:00;1156;sem vítima;79;BR-040/RJ;Sul;Queda de Moto;;;;1;;;;;;;1;;;;
09/03/2018;19:38:00;1214;sem vítima;84;BR-040/RJ;Norte;Choque - Objeto Fixo;1;;;;;;;;;;1;;;;
10/03/2018;00:38:00;1238;sem vítima;786;BR-040/MG;Norte;Choque - Objeto Fixo;1;;;;;;;;;;1;;;;
10/03/2018;06:16:00;1261;sem vítima;78;BR-040/RJ;Sul;Choque - Objeto Fixo;1;;;;;;;;;;1;;;;
10/03/2018;13:26:00;1301;sem vítima;96;BR-040/RJ;Norte;Choque - Objeto Fixo;1;;;;;;;;;;1;;;;
10/03/2018;15:32:00;1315;sem vítima;39;BR-040/RJ;Norte;Colisão Lateral;1;;1;;;;;;;;2;;;;
10/03/2018;18:41:00;1323;sem vítima;120;BR-040/RJ;Norte;Capotamento;1;;;;;;;;;;1;;;;
10/03/2018;20:32:00;1343;com vítima;122;BR-040/RJ;Sul;Queda de Moto;1;;;1;;;;;;;1;2;;;
10/03/2018;20:48:00;1345;sem vítima;101;BR-040/RJ;Sul;Colisão Traseira;1;;1;;;;;;;;2;;;;
10/03/2018;21:45:00;1348;sem vítima;786;BR-040/MG;Norte;Choque - Objeto Fixo;1;;;;;;;;;;1;;;;
11/03/2018;01:08:00;1364;com vítima;806;BR-040/MG;Norte;Capotamento;1;;;;;;;;;;0;2;;;
11/03/2018;01:27:00;1365;sem vítima;78;BR-040/RJ;Sul;Choque - Objeto Fixo;1;;;;;;;;;;1;;;;
11/03/2018;01:43:00;1366;sem vítima;75;BR-040/RJ;Sul;Derrapagem;1;;;;;;;;;;1;;;;
11/03/2018;16:30:00;1412;com vítima;802;BR-040/MG;Norte;Queda de Moto;;;;1;;;;;;;0;1;1;;
11/03/2018;19:08:00;1437;sem vítima;59;BR-040/RJ;Sul;Atropelamento - Animal;1;;;;;;;;;;1;;;;
11/03/2018;19:38:00;1444;com vítima;76;BR-040/RJ;Sul;Queda de Moto;;;;1;;;;;;;0;1;;;
11/03/2018;22:10:00;1455;sem vítima;109;BR-040/RJ;Sul;Choque - Objeto Fixo;1;;;;;;;;;;1;;;;
12/03/2018;03:51:00;1482;com vítima;117;BR-040/RJ;Norte;Choque - Objeto Fixo;1;;;;;;;;;;0;1;;;
12/03/2018;07:57:00;1508;sem vítima;84;BR-040/RJ;Sul;Colisão Traseira;2;;;;;;;;;;2;;;;
12/03/2018;08:20:00;1513;sem vítima;123;BR-040/RJ;Sul;Colisão Lateral;1;;1;;;;;;;;2;;;;
12/03/2018;09:42:00;1522;sem vítima;98;BR-040/RJ;Norte;Choque - Objeto Fixo;1;;;;;;;;;;1;;;;
12/03/2018;09:58:00;1528;sem vítima;108;BR-040/RJ;Norte;Choque - Objeto Fixo;1;;;;;;;;;;1;;;;