data;horario;n_da_ocorrencia;tipo_de_ocorrencia;km;trecho;sentido;tipo_de_acidente;automovel;bicicleta;caminhao;moto;onibus;outros;tracao_animal;transporte_de_cargas_especiais;trator_maquinas;utilitarios;ilesos;levemente_feridos;moderadamente_feridos;gravemente_feridos;mortos
07/06/2018;18:25:00;840;sem vítima;118;BR-040/RJ;Norte;Colisão Traseira;1;;1;;;;;;;;2;;;;
07/06/2018;21:53:00;856;com vítima;98;BR-040/RJ;Norte;Queda de Moto;;;;1;;;;;;;0;1;;;
08/06/2018;07:50:00;889;sem vítima;92;BR-040/RJ;Sul;Choque - Objeto Fixo;1;;;;;;;;;;1;;;;
08/06/2018;08:03:00;892;com vítima;123;BR-040/RJ;Sul;Colisão Traseira;1;;;1;;;;;;;1;;1;;
08/06/2018;08:08:00;894;sem vítima;93;BR-040/RJ;Norte;Choque - Objeto Fixo;;;1;;;;;;;;1;;;;
08/06/2018;08:38:00;898;sem vítima;93;BR-040/RJ;Norte;Choque - Objeto Fixo;1;;;;;;;;;;1;;;;
08/06/2018;09:21:00;903;sem vítima;85;BR-040/RJ;Norte;Choque - Objeto Fixo;1;;;;;;;;;;1;;;;
08/06/2018;10:34:00;911;sem vítima;122;BR-040/RJ;Sul;Colisão Lateral;1;;1;;;;;;;;2;;;;
08/06/2018;11:27:00;920;com vítima;92;BR-040/RJ;Norte;Choque - Objeto Fixo;1;;;;;;;;;;0;1;;;
08/06/2018;11:37:00;922;com vítima;90;BR-040/RJ;Norte;Capotamento;1;;;;;;;;;;0;1;;;
08/06/2018;11:44:00;923;com vítima;92;BR-040/RJ;Sul;Choque - Objeto Fixo;1;;;;;;;;;;0;4;;;
08/06/2018;12:15:00;927;com vítima;90;BR-040/RJ;Sul;Choque - Objeto Fixo;1;;;;;;;;;;0;1;;;
08/06/2018;13:33:00;935;sem vítima;94;BR-040/RJ;Norte;Choque - Objeto Fixo;1;;;;;;;;;;1;;;;
08/06/2018;15:04:00;947;sem vítima;122;BR-040/RJ;Norte;Engavetamento;3;;;;;;;;;;3;;;;
08/06/2018;15:09:00;949;com vítima;789;BR-040/MG;Norte;Choque - Objeto Fixo;1;;;;;;;;;;0;1;;;
08/06/2018;15:45:00;952;sem vítima;92;BR-040/RJ;Sul;Choque - Objeto Fixo;1;;;;;;;;;;1;;;;
08/06/2018;15:54:00;953;com vítima;92;BR-040/RJ;Norte;Colisão Frontal;1;;1;;;;;;;;1;1;;;
08/06/2018;15:57:00;954;sem vítima;92;BR-040/RJ;Sul;Choque - Objeto Fixo;1;;;;;;;;;;1;;;;
08/06/2018;17:15:00;964;sem vítima;115;BR-040/RJ;Norte;Colisão Traseira;2;;;;;;;;;;2;;;;
08/06/2018;18:40:00;977;sem vítima;93;BR-040/RJ;Norte;Choque - Objeto Fixo;1;;;;;;;;;;1;;;;
08/06/2018;19:11:00;981;sem vítima;111;BR-040/RJ;Norte;Engavetamento;3;;;;;;;;;;3;;;;
08/06/2018;19:52:00;987;com vítima;51;BR-040/RJ;Norte;Atropelamento - Pedestre;;;;;;1;;;;;1;;1;;
08/06/2018;20:22:00;988;sem vítima;782;BR-040/MG;Norte;Atropelamento - Animal;1;;;;;;;;;;1;;;;
08/06/2018;20:33:00;992;sem vítima;782;BR-040/MG;Norte;Atropelamento - Animal;1;;;;;;;;;;1;;;;
08/06/2018;23:10:00;994;sem vítima;92;BR-040/RJ;Sul;Choque - Objeto Fixo;1;;;;;;;;;;1;;;;
09/06/2018;00:23:00;1004;com vítima;111;BR-040/RJ;Norte;Choque - Objeto Fixo;1;;;;;;;;;;0;;1;;
09/06/2018;13:17:00;1064;com vítima;806;BR-040/MG;Norte;Choque - Objeto Fixo;1;;;;;;;;;;0;1;;;
09/06/2018;17:01:00;1089;com vítima;91;BR-040/RJ;Norte;Queda de Moto;;;;1;;;;;;;0;1;;;
09/06/2018;22:28:00;1128;com vítima;800;BR-040/MG;Sul;Queda de Moto;;;;1;;;;;;;0;;1;;
10/06/2018;05:06:00;1146;sem vítima;117;BR-040/RJ;Norte;Choque - Objeto Fixo;1;;;;;;;;;;1;;;;
10/06/2018;05:34:00;1150;com vítima;91;BR-040/RJ;Sul;Capotamento;1;;;;;;;;;;0;1;3;1;
10/06/2018;06:08:00;1152;com vítima;66;BR-040/RJ;Sul;Choque - Objeto Fixo;1;;;;;;;;;;0;;1;;
10/06/2018;07:35:00;1158;com vítima;115;BR-040/RJ;Sul;Choque - Objeto Fixo;1;;;;;;;;;;0;1;;;
10/06/2018;19:48:00;1222;com vítima;123;BR-040/RJ;Sul;Choque - Objeto Fixo;1;;;;;;;;;;0;1;;;
10/06/2018;23:51:00;1240;sem vítima;86;BR-040/RJ;Norte;Choque - Objeto Fixo;1;;;;;;;;;;1;;;;
11/06/2018;06:47:00;1270;com vítima;121;BR-040/RJ;Sul;Colisão Lateral;1;;;1;;;;;;;1;1;;;
11/06/2018;06:56:00;1271;com vítima;60;BR-040/RJ;Sul;Colisão Lateral;1;;;1;;;;;;;0;1;1;;
11/06/2018;10:26:00;1289;sem vítima;109;BR-040/RJ;Sul;Colisão Lateral;1;;1;;;;;;;;2;;;;
11/06/2018;18:17:00;1344;sem vítima;62;BR-040/RJ;Sul;Atropelamento - Animal;1;;;;;;;;;;1;;;;
11/06/2018;19:47:00;1351;com vítima;8;BR-040/RJ;Sul;Colisão Traseira;1;;;;;1;;;;;1;1;;;
12/06/2018;08:49:00;1389;com vítima;116;BR-040/RJ;Norte;Choque - Objeto Fixo;2;;;;;;;;;;1;;1;;
12/06/2018;10:00:00;1399;com vítima;120;BR-040/RJ;Sul;Colisão Traseira;2;;;;;;;;;;0;2;;;
12/06/2018;10:15:00;1402;sem vítima;89;BR-040/RJ;Norte;Choque - Objeto Fixo;1;;;;;;;;;;1;;;;
12/06/2018;18:07:00;1448;sem vítima;104;BR-040/RJ;Norte;Colisão Lateral;;;1;;;1;;;;;2;;;;
12/06/2018;18:32:00;1450;sem vítima;113;BR-040/RJ;Norte;Colisão Traseira;2;;;;;;;;;;2;;;;
12/06/2018;19:13:00;1455;sem vítima;113;BR-040/RJ;Norte;Colisão Lateral;2;;;;;;;;;;2;;;;
13/06/2018;00:04:00;1470;sem vítima;52;BR-040/RJ;Sul;Choque - Objeto Fixo;1;;;;;;;;;;1;;;;
13/06/2018;05:53:00;1490;com vítima;77;BR-040/RJ;Sul;Capotamento;1;;;;;;;;;;0;1;;;
13/06/2018;16:16:00;1558;sem vítima;25;BR-040/RJ;Sul;Choque - Objeto Fixo;1;;;;;;;;;;1;;;;
13/06/2018;22:19:00;1597;sem vítima;101;BR-040/RJ;Sul;Colisão Traseira;;;1;;1;;;;;;2;;;;
14/06/2018;04:37:00;1613;sem vítima;92;BR-040/RJ;Sul;Choque - Objeto Fixo;1;;;;;;;;;;1;;;;
14/06/2018;07:44:00;1627;sem vítima;92;BR-040/RJ;Sul;Choque - Objeto Fixo;1;;;;;;;;;;1;;;;
14/06/2018;11:57:00;1656;sem vítima;86;BR-040/RJ;Norte;Choque - Objeto Fixo;1;;;;;;;;;;1;;;;
14/06/2018;13:05:00;1662;sem vítima;92;BR-040/RJ;Sul;Choque - Objeto Fixo;1;;;;;;;;;;1;;;;
14/06/2018;14:27:00;1666;com vítima;96;BR-040/RJ;Sul;Capotamento;1;;;;;;;;;;0;2;;;
14/06/2018;23:51:00;1722;com vítima;92;BR-040/RJ;Sul;Capotamento;1;;;;;;;;;;0;2;;;
15/06/2018;05:07:00;1735;com vítima;111;BR-040/RJ;Norte;Choque - Objeto Fixo;1;;;;;;;;;;0;1;;;
15/06/2018;05:35:00;1737;sem vítima;123;BR-040/RJ;Sul;Choque - Objeto Fixo;1;;;;;;;;;;1;;;;
15/06/2018;07:26:00;1750;com vítima;113;BR-040/RJ;Norte;Colisão Traseira;2;;;;;;;;;;1;2;;;
15/06/2018;08:16:00;1762;com vítima;123;BR-040/RJ;Sul;Colisão Lateral;1;;;1;;;;;;;1;1;;;
15/06/2018;08:48:00;1764;sem vítima;88;BR-040/RJ;Norte;Capotamento;1;;;;;;;;;;1;;;;
15/06/2018;09:33:00;1769;com vítima;78;BR-040/RJ;Sul;Choque - Objeto Fixo;1;;;;;;;;;;0;4;;;
15/06/2018;09:41:00;1771;sem vítima;86;BR-040/RJ;Norte;Choque - Objeto Fixo;1;;;;;;;;;;1;;;;
15/06/2018;11:29:00;1783;com vítima;88;BR-040/RJ;Norte;Choque - Objeto Fixo;1;;;;;;;;;;0;2;;;
15/06/2018;11:49:00;1786;sem vítima;93;BR-040/RJ;Norte;Derrapagem;1;;;;;;;;;;1;;;;
15/06/2018;11:49:00;1787;sem vítima;93;BR-040/RJ;Norte;Derrapagem;1;;;;;;;;;;1;;;;
15/06/2018;12:22:00;1790;sem vítima;83;BR-040/RJ;Norte;Choque - Objeto Fixo;1;;;;;;;;;;1;;;;
15/06/2018;13:02:00;1793;sem vítima;784;BR-040/MG;Norte;Colisão Traseira;2;;;;;;;;;;2;;;;
15/06/2018;13:22:00;1794;com vítima;85;BR-040/RJ;Norte;Queda de Moto;;;;1;;;;;;;0;1;;;
15/06/2018;13:43:00;1796;sem vítima;91;BR-040/RJ;Norte;Choque - Objeto Fixo;1;;;;;;;;;;1;;;;
15/06/2018;13:46:00;1797;com vítima;787;BR-040/MG;Norte;Capotamento;1;;;;;;;;;;0;2;;;
15/06/2018;15:14:00;1805;sem vítima;90;BR-040/RJ;Sul;Choque - Objeto Fixo;1;;;;;;;;;;1;;;;
15/06/2018;16:26:00;1818;sem vítima;77;BR-040/RJ;Sul;Choque - Objeto Fixo;1;;;;;;;;;;1;;;;
15/06/2018;17:43:00;1825;sem vítima;110;BR-040/RJ;Norte;Engavetamento;4;;;;;;;;;;4;;;;
15/06/2018;17:43:00;1826;sem vítima;113;BR-040/RJ;Norte;Engavetamento;3;;;;;;;;;;3;;;;
15/06/2018;18:01:00;1828;sem vítima;113;BR-040/RJ;Norte;Colisão Traseira;2;;;;;;;;;;2;;;;
15/06/2018;18:02:00;1830;sem vítima;113;BR-040/RJ;Norte;Colisão Traseira;1;;;1;;;;;;;2;;;;
15/06/2018;21:36:00;1852;sem vítima;94;BR-040/RJ;Sul;Choque - Objeto Fixo;1;;;;;;;;;;1;;;;
16/06/2018;03:07:00;1865;com vítima;54;BR-040/RJ;Norte;Colisão Traseira;;;1;1;;;;;;;1;1;;;
16/06/2018;03:25:00;1867;com vítima;32;BR-040/RJ;Norte;Capotamento;1;;;;;;;;;;0;1;;;
16/06/2018;07:18:00;1879;sem vítima;773;BR-040/MG;Sul;Choque - Objeto Fixo;1;;;;;;;;;;1;;;;
16/06/2018;09:51:00;1897;com vítima;103;BR-040/RJ;Norte;Choque - Objeto Fixo;1;;;;;;;;;;0;1;;;
16/06/2018;14:47:00;1937;com vítima;92;BR-040/RJ;Sul;Choque - Objeto Fixo;1;;;;;;;;;;0;3;;;
16/06/2018;15:19:00;1941;com vítima;109;BR-040/RJ;Sul;Choque - Objeto Fixo;1;;;;;;;;;;0;2;;;
16/06/2018;15:25:00;1942;sem vítima;88;BR-040/RJ;Norte;Capotamento;1;;;;;;;;;;1;;;;
16/06/2018;22:17:00;1972;sem vítima;101;BR-040/RJ;Sul;Choque - Objeto Fixo;1;;;;;;;;;;1;;;;
17/06/2018;02:32:00;1992;sem vítima;91;BR-040/RJ;Sul;Derrapagem;1;;;;;;;;;;1;;;;
17/06/2018;02:42:00;1993;com vítima;780;BR-040/MG;Sul;Queda de Moto;;;;1;;;;;;;0;2;;;
17/06/2018;06:02:00;2001;com vítima;119;BR-040/RJ;Sul;Capotamento;1;;;;;;;;;;0;1;;;
17/06/2018;06:30:00;2002;com vítima;120;BR-040/RJ;Sul;Choque - Objeto Fixo;1;;;;;;;;;;0;;1;;
17/06/2018;08:31:00;2009;com vítima;120;BR-040/RJ;Sul;Capotamento;1;;;;;;;;;;0;2;;;
17/06/2018;09:01:00;2011;com vítima;77;BR-040/RJ;Sul;Capotamento;1;;;;;;;;;;0;2;;;
17/06/2018;09:05:00;2012;com vítima;122;BR-040/RJ;Norte;Capotamento;1;;;;;;;;;;0;1;;;
17/06/2018;09:50:00;2020;com vítima;74;BR-040/RJ;Norte;Choque - Objeto Fixo;1;;;;;;;;;;0;1;;;
17/06/2018;10:27:00;2023;sem vítima;120;BR-040/RJ;Sul;Choque - Objeto Fixo;1;;;;;;;;;;1;;;;
17/06/2018;11:29:00;2029;com vítima;804;BR-040/MG;Norte;Capotamento;1;;;;;;;;;;0;1;;;
17/06/2018;12:06:00;2032;com vítima;29;BR-040/RJ;Sul;Atropelamento - Pedestre;1;;;;;;;;;;0;4;;1;
17/06/2018;18:50:00;2050;sem vítima;84;BR-040/RJ;Norte;Choque - Objeto Fixo;1;;;;;;;;;;1;;;;
17/06/2018;18:58:00;2051;sem vítima;21;BR-040/RJ;Norte;Choque - Objeto Fixo;1;;;;;;;;;;1;;;;
17/06/2018;21:36:00;2064;sem vítima;72;BR-040/RJ;Norte;Choque - Objeto Fixo;1;;;;;;;;;;1;;;;
17/06/2018;23:02:00;2069;com vítima;76;BR-040/RJ;Sul;Colisão Traseira;1;;1;;;;;;;;1;1;;;
18/06/2018;00:38:00;2074;com vítima;113;BR-040/RJ;Norte;Queda de Moto;;;;1;;;;;;;0;1;;;
18/06/2018;03:41:00;2081;com vítima;79;BR-040/RJ;Sul;Colisão Traseira;;;2;;;;;;;;1;;1;;
18/06/2018;03:52:00;2082;sem vítima;113;BR-040/RJ;Norte;Derrapagem;1;;;;;;;;;;1;;;;
18/06/2018;06:29:00;2090;com vítima;116;BR-040/RJ;Sul;Choque - Objeto Fixo;1;;;;;;;;;;0;1;;;
18/06/2018;06:44:00;2092;com vítima;113;BR-040/RJ;Sul;Colisão Traseira;;;;2;1;;;;;;1;2;;;
18/06/2018;10:21:00;2117;com vítima;102;BR-040/RJ;Norte;Queda de Moto;;;;1;;;;;;;0;1;;;
18/06/2018;10:27:00;2119;sem vítima;120;BR-040/RJ;Sul;Colisão Traseira;1;;;;;1;;;;;2;;;;
18/06/2018;10:39:00;2123;sem vítima;91;BR-040/RJ;Norte;Choque - Objeto Fixo;1;;;;;;;;;;1;;;;
18/06/2018;12:12:00;2132;com vítima;105;BR-040/RJ;Sul;Colisão Traseira;2;;;;;;;;;;1;2;;;
18/06/2018;18:25:00;2164;sem vítima;107;BR-040/RJ;Norte;Colisão Traseira;1;;;;;;;;;;1;;;;
18/06/2018;19:20:00;2167;sem vítima;109;BR-040/RJ;Sul;Colisão Traseira;2;;;;;;;;;;2;;;;
18/06/2018;21:16:00;2173;com vítima;96;BR-040/RJ;Norte;Atropelamento - Pedestre;;;;;;1;;;;;1;;1;;
19/06/2018;08:44:00;2209;sem vítima;808;BR-040/MG;Norte;Colisão Traseira;1;;1;;;;;;;;2;;;;
19/06/2018;10:45:00;2226;com vítima;25;BR-040/RJ;Norte;Capotamento;1;;;;;;;;;;0;2;;;
19/06/2018;15:14:00;2251;sem vítima;124;BR-040/RJ;Norte;Colisão Traseira;1;;1;;;;;;;;2;;;;
20/06/2018;09:33:00;2326;sem vítima;124;BR-040/RJ;Norte;Choque - Objeto Fixo;;;2;;;;;;;;2;;;;
20/06/2018;10:04:00;2333;com vítima;123;BR-040/RJ;Sul;Atropelamento - Pedestre;1;;;;;;;;;;1;1;1;;
20/06/2018;13:08:00;2346;com vítima;9;BR-040/RJ;Norte;Choque - Objeto Fixo;;;;1;;;;;;;1;;;1;
20/06/2018;13:39:00;2347;com vítima;94;BR-040/RJ;Norte;Queda de Moto;;;;1;;;;;;;0;2;;;
21/06/2018;05:01:00;2415;com vítima;784;BR-040/MG;Norte;Colisão Frontal;2;;;;;;;;;;0;2;;;
21/06/2018;05:30:00;2417;sem vítima;117;BR-040/RJ;Sul;Colisão Traseira;1;;1;;1;;;;;;3;;;;
21/06/2018;18:20:00;2482;com vítima;124;BR-040/RJ;Norte;Atropelamento - Pedestre;1;;;;;;;;;;1;;1;;
21/06/2018;21:48:00;2502;sem vítima;122;BR-040/RJ;Norte;Choque - Objeto Fixo;1;;;;;;;;;;1;;;;
22/06/2018;01:35:00;2517;com vítima;773;BR-040/MG;Norte;Choque - Objeto Fixo;1;;;;;;;;;;0;1;;;
22/06/2018;01:57:00;2519;com vítima;25;BR-040/RJ;Norte;Colisão Lateral;;;1;;1;;;;;;0;3;;;
22/06/2018;05:13:00;2524;com vítima;53;BR-040/RJ;Sul;Atropelamento - Animal;1;;;;;;;;;;0;1;;;
22/06/2018;08:09:00;2538;com vítima;124;BR-040/RJ;Sul;Queda de Moto;;;;1;;;;;;;0;2;;;
22/06/2018;08:33:00;2541;com vítima;91;BR-040/RJ;Norte;Queda de Moto;;;;1;;;;;;;0;;1;;
22/06/2018;09:02:00;2545;sem vítima;36;BR-040/RJ;Norte;Derrapagem;;;1;;;;;;;;1;;;;
22/06/2018;15:54:00;2581;sem vítima;90;BR-040/RJ;Norte;Choque - Objeto Fixo;1;;;;;;;;;;1;;;;
22/06/2018;23:49:00;2623;com vítima;72;BR-040/RJ;Sul;Colisão Traseira;1;;1;;;;;;;;1;;1;;
23/06/2018;07:16:00;2643;com vítima;108;BR-040/RJ;Norte;Tombamento;;;1;;;;;;;;0;1;;;
23/06/2018;14:52:00;2683;sem vítima;112;BR-040/RJ;Norte;Capotamento;2;;;;;;;;;;2;;;;
23/06/2018;17:04:00;2698;sem vítima;89;BR-040/RJ;Norte;Engavetamento;3;;;;;;;;;;3;;;;
23/06/2018;22:25:00;2727;com vítima;114;BR-040/RJ;Sul;Atropelamento - Pedestre;1;;;;;1;;;;;2;;1;;
23/06/2018;22:55:00;2728;com vítima;105;BR-040/RJ;Norte;Colisão Frontal;1;;;1;;;;;;;0;3;;;
24/06/2018;04:24:00;2738;sem vítima;799;BR-040/MG;Norte;Capotamento;1;;;;;;;;;;1;;;;
24/06/2018;06:14:00;2744;com vítima;122;BR-040/RJ;Norte;Capotamento;1;;;;;;;;;;0;;1;;
24/06/2018;20:51:00;2814;sem vítima;124;BR-040/RJ;Sul;Colisão Traseira;2;;;;;;;;;;2;;;;
24/06/2018;21:37:00;2818;com vítima;105;BR-040/RJ;Norte;Colisão Frontal;2;;;;;;;;;;1;1;1;;
25/06/2018;01:07:00;2830;sem vítima;791;BR-040/MG;Sul;Derrapagem;;;1;;;;;;;;1;;;;
25/06/2018;02:27:00;2832;sem vítima;26;BR-040/RJ;Sul;Atropelamento - Animal;;;1;;;;;;;;1;;;;
25/06/2018;10:38:00;2862;com vítima;122;BR-040/RJ;Norte;Colisão Lateral;;;1;2;;;;;;;1;1;1;;
25/06/2018;14:22:00;2881;com vítima;96;BR-040/RJ;Norte;Tombamento;;;1;;;1;;;;;1;1;;;
25/06/2018;18:02:00;2903;sem vítima;109;BR-040/RJ;Norte;Colisão Traseira;2;;;;;;;;;;2;;;;
25/06/2018;18:13:00;2904;sem vítima;110;BR-040/RJ;Norte;Engavetamento;3;;;;;;;;;;3;;;;
26/06/2018;01:04:00;2927;sem vítima;86;BR-040/RJ;Sul;Choque - Objeto Fixo;1;;;;;;;;;;1;;;;
26/06/2018;09:38:00;2962;sem vítima;91;BR-040/RJ;Norte;Choque - Objeto Fixo;1;;;;;;;;;;1;;;;
26/06/2018;10:06:00;2964;com vítima;108;BR-040/RJ;Sul;Colisão Lateral;1;;1;;;1;;;;;1;2;;;
26/06/2018;10:51:00;2968;com vítima;108;BR-040/RJ;Sul;Colisão Lateral;1;;;1;;;;;;;1;1;;;
26/06/2018;15:30:00;2996;com vítima;38;BR-040/RJ;Sul;Capotamento;1;;;;;;;;;;0;1;;1;
26/06/2018;20:02:00;3022;com vítima;124;BR-040/RJ;Norte;Colisão Traseira;2;;;;;;;;;;0;2;;;
27/06/2018;06:30:00;3047;sem vítima;121;BR-040/RJ;Sul;Colisão Traseira;2;;;;;;;;;;2;;;;
27/06/2018;09:17:00;3061;sem vítima;94;BR-040/RJ;Sul;Choque - Objeto Fixo;1;;;;;;;;;;1;;;;
27/06/2018;10:57:00;3079;sem vítima;94;BR-040/RJ;Sul;Colisão Traseira;1;;1;;;;;;;;2;;;;
27/06/2018;14:31:00;3102;com vítima;96;BR-040/RJ;Sul;Choque - Objeto Fixo;;;1;;;;;;;;0;1;;;
27/06/2018;19:14:00;3134;sem vítima;119;BR-040/RJ;Norte;Capotamento;1;;1;;;;;;;;2;;;;
27/06/2018;22:12:00;3148;com vítima;118;BR-040/RJ;Sul;Atropelamento - Pedestre;1;;;;;;;;;;1;;;;1
27/06/2018;22:45:00;3151;sem vítima;113;BR-040/RJ;Sul;Colisão Traseira;2;;;;;;;;;;2;;;;
28/06/2018;03:02:00;3164;sem vítima;8;BR-040/RJ;Sul;Atropelamento - Animal;1;;;;;;;;;;1;;;;
28/06/2018;05:49:00;3172;com vítima;101;BR-040/RJ;Norte;Atropelamento - Pedestre;;;;;;1;;;;;1;1;;;
28/06/2018;06:47:00;3175;sem vítima;121;BR-040/RJ;Sul;Colisão Traseira;2;;;;;;;;;;2;;;;
28/06/2018;07:25:00;3180;com vítima;85;BR-040/RJ;Sul;Capotamento;1;;;;;;;;;;0;1;;;
28/06/2018;08:39:00;3190;sem vítima;39;BR-040/RJ;Norte;Colisão Lateral;1;;1;;;;;;;;2;;;;
28/06/2018;16:52:00;3237;com vítima;101;BR-040/RJ;Norte;Queda de Moto;;;;1;;;;;;;0;2;;;
28/06/2018;17:59:00;3246;com vítima;51;BR-040/RJ;Sul;Tombamento;;;1;;;;;;;;0;1;;;
28/06/2018;19:09:00;3257;sem vítima;108;BR-040/RJ;Norte;Colisão Traseira;1;;1;;;;;;;;2;;;;
28/06/2018;19:21:00;3258;com vítima;83;BR-040/RJ;Sul;Tombamento;;;1;;;;;;;;0;2;;;
29/06/2018;06:58:00;3288;com vítima;113;BR-040/RJ;Sul;Queda de Moto;;;;1;;;;;;;0;1;;;
29/06/2018;08:05:00;3293;com vítima;118;BR-040/RJ;Sul;Colisão Lateral;2;;;;;;;;;;1;1;;;
29/06/2018;08:38:00;3298;com vítima;118;BR-040/RJ;Sul;Engavetamento;2;;;1;;;;;;;2;2;;;
29/06/2018;12:35:00;3318;com vítima;114;BR-040/RJ;Sul;Colisão Traseira;2;;;;;;;;;;0;3;;;
29/06/2018;16:13:00;3344;com vítima;121;BR-040/RJ;Norte;Atropelamento - Pedestre;;;1;;;;;;;;1;;;1;
29/06/2018;19:58:00;3365;sem vítima;116;BR-040/RJ;Norte;Colisão Traseira;2;;;;;;;;;;2;;;;
30/06/2018;00:12:00;3392;sem vítima;802;BR-040/MG;Sul;Choque - Objeto Fixo;1;;;;;;;;;;1;;;;
30/06/2018;02:24:00;3399;com vítima;55;BR-040/RJ;Norte;Queda de Moto;;;;1;;;;;;;0;1;;;
30/06/2018;04:49:00;3405;com vítima;118;BR-040/RJ;Sul;Choque - Objeto Fixo;1;;;;;;;;;;0;2;;;
30/06/2018;07:50:00;3415;sem vítima;776;BR-040/MG;Norte;Choque - Objeto Fixo;1;;;;;;;;;;1;;;;
30/06/2018;08:50:00;3426;com vítima;113;BR-040/RJ;Norte;Capotamento;1;;;;;;;;;;0;1;;;
30/06/2018;10:11:00;3441;sem vítima;98;BR-040/RJ;Norte;Queda de Moto;;;;1;;;;;;;1;;;;
30/06/2018;14:13:00;3474;com vítima;799;BR-040/MG;Sul;Colisão Lateral;2;;;;;;;;;;1;1;;;
30/06/2018;14:29:00;3475;sem vítima;7;BR-040/RJ;Sul;Choque - Objeto Fixo;1;;;;;;;;;;1;;;;
30/06/2018;17:53:00;3507;com vítima;7;BR-040/RJ;Norte;Colisão Frontal;;1;;1;;;;;;;0;1;1;;
30/06/2018;19:15:00;3516;sem vítima;55;BR-040/RJ;Norte;Colisão Traseira;2;;;;;;;;;;2;;;;
30/06/2018;21:26:00;3523;com vítima;779;BR-040/MG;Sul;Atropelamento - Animal;;;1;;;;;;;;0;1;;;
30/06/2018;21:28:00;3524;sem vítima;39;BR-040/RJ;Norte;Choque - Objeto Fixo;2;;;;;;;;;;2;;;;
01/07/2018;11:16:00;41;sem vítima;102;BR-040/RJ;Norte;Colisão Traseira;2;;;;;;;;;;2;;;;
01/07/2018;19:01:00;92;sem vítima;116;BR-040/RJ;Sul;Colisão Traseira;2;;;;;;;;;;2;;;;
01/07/2018;19:37:00;95;com vítima;50;BR-040/RJ;Sul;Capotamento;1;;;;;;;;;;0;1;;;
02/07/2018;08:51:00;139;com vítima;115;BR-040/RJ;Norte;Capotamento;1;;;;;;;;;;0;1;;;
02/07/2018;17:51:00;188;com vítima;106;BR-040/RJ;Norte;Colisão Traseira;1;;;1;;;;;;;0;2;;;
02/07/2018;18:08:00;190;com vítima;96;BR-040/RJ;Sul;Tombamento;;;1;;;;;;;;0;;;;1
02/07/2018;23:31:00;218;com vítima;106;BR-040/RJ;Norte;Queda de Moto;;;;1;;;;;;;0;1;1;;
03/07/2018;08:08:00;243;com vítima;779;BR-040/MG;Norte;Queda de Moto;;;;1;;;;;;;0;1;;;
03/07/2018;16:52:00;300;sem vítima;124;BR-040/RJ;Sul;Colisão Lateral;2;;;;;;;;;;2;;;;
03/07/2018;18:11:00;311;com vítima;98;BR-040/RJ;Sul;Colisão Traseira;1;;;;1;;;;;;1;1;1;;
04/07/2018;07:39:00;362;sem vítima;90;BR-040/RJ;Sul;Queda de Moto;;;;1;;;;;;;1;;;;
04/07/2018;07:52:00;367;com vítima;92;BR-040/RJ;Sul;Capotamento;1;;;;;;;;;;0;1;;;
04/07/2018;13:40:00;395;sem vítima;92;BR-040/RJ;Sul;Choque - Objeto Fixo;1;;;;;;;;;;1;;;;
04/07/2018;16:40:00;414;com vítima;87;BR-040/RJ;Norte;Queda de Moto;;;;1;;;;;;;0;1;;;
04/07/2018;19:11:00;434;sem vítima;113;BR-040/RJ;Sul;Capotamento;1;;;;;;;;;;1;;;;
04/07/2018;20:21:00;440;com vítima;121;BR-040/RJ;Sul;Colisão Traseira;1;;;;1;;;;;;1;1;;;
05/07/2018;04:50:00;450;com vítima;822;BR-040/MG;Norte;Choque - Objeto Fixo;;;1;;;;;;;;0;1;;;
05/07/2018;04:28:00;451;com vítima;113;BR-040/RJ;Norte;Choque - Objeto Fixo;1;;;;;;;;;;0;1;;;
05/07/2018;05:50:00;455;sem vítima;98;BR-040/RJ;Sul;Derrapagem;;;1;;;;;;;;1;;;;
05/07/2018;09:24:00;470;com vítima;123;BR-040/RJ;Sul;Engavetamento;;;1;1;1;;;;;;2;;1;;
05/07/2018;15:44:00;513;sem vítima;119;BR-040/RJ;Norte;Colisão Traseira;2;;;;;;;;;;2;;;;
05/07/2018;15:37:00;515;sem vítima;119;BR-040/RJ;Norte;Colisão Traseira;2;;;;;;;;;;2;;;;
05/07/2018;16:51:00;520;sem vítima;120;BR-040/RJ;Norte;Queda de Moto;;;;1;;;;;;;1;;;;
06/07/2018;02:47:00;566;com vítima;43;BR-040/RJ;Norte;Tombamento;;;1;;;1;;;;;1;1;;;
06/07/2018;03:50:00;568;com vítima;123;BR-040/RJ;Norte;Capotamento;1;;;;;;;;;;0;1;;;
06/07/2018;09:10:00;587;sem vítima;124;BR-040/RJ;Sul;Colisão Lateral;1;;1;;;;;;;;2;;;;
06/07/2018;11:38:00;604;sem vítima;77;BR-040/RJ;Norte;Engavetamento;3;;;;;;;;;;3;;;;
06/07/2018;13:37:00;618;sem vítima;123;BR-040/RJ;Norte;Colisão Lateral;1;1;;;;;;;;;2;;;;
06/07/2018;16:20:00;629;sem vítima;106;BR-040/RJ;Norte;Atropelamento - Animal;1;;;;;;;;;;1;;;;