data;horario;n_da_ocorrencia;tipo_de_ocorrencia;km;trecho;sentido;tipo_de_acidente;automovel;bicicleta;caminhao;moto;onibus;outros;tracao_animal;transporte_de_cargas_especiais;trator_maquinas;utilitarios;ilesos;levemente_feridos;moderadamente_feridos;gravemente_feridos;mortos
02/08/2018;15:46:00;180;sem vítima;2;BR-040/RJ;Norte;Choque - Objeto Fixo;1;;;;;;;;;;1;;;;
02/08/2018;15:54:00;182;sem vítima;92;BR-040/RJ;Sul;Choque - Objeto Fixo;1;;;;;;;;;;1;;;;
02/08/2018;17:16:00;187;com vítima;34;BR-040/RJ;Norte;Tombamento;;;1;;;;;;;;0;;1;;
02/08/2018;17:38:00;188;com vítima;112;BR-040/RJ;Norte;Engavetamento;4;;;;;;;;;;3;1;;;
02/08/2018;18:34:00;193;com vítima;112;BR-040/RJ;Norte;Engavetamento;4;;;;;;;;;;3;;1;;
02/08/2018;20:24:00;200;com vítima;101;BR-040/RJ;Sul;Colisão Transversal;1;1;;;;;;;;;1;;1;;
02/08/2018;22:03:00;208;sem vítima;94;BR-040/RJ;Sul;Derrapagem;1;;;;;;;;;;1;;;;
03/08/2018;04:50:00;226;com vítima;78;BR-040/RJ;Sul;Choque - Objeto Fixo;1;;;;;;;;;;0;1;;;
03/08/2018;06:46:00;229;sem vítima;123;BR-040/RJ;Sul;Colisão Lateral;1;;1;;;;;;;;2;;;;
03/08/2018;10:23:00;245;com vítima;99;BR-040/RJ;Sul;Capotamento;1;;;;;;;;;;0;;1;;
03/08/2018;15:49:00;276;sem vítima;93;BR-040/RJ;Sul;Choque - Objeto Fixo;1;;;;;;;;;;1;;;;
03/08/2018;16:41:00;285;com vítima;82;BR-040/RJ;Sul;Capotamento;1;;;;;;;;;;0;2;;;
03/08/2018;16:45:00;286;sem vítima;31;BR-040/RJ;Norte;Choque - Objeto Fixo;1;;;;;;;;;;1;;;;
03/08/2018;16:53:00;288;sem vítima;1;BR-040/RJ;Norte;Colisão Transversal;1;;;;;;;;;;1;;;;
03/08/2018;18:39:00;303;sem vítima;93;BR-040/RJ;Sul;Choque - Objeto Fixo;1;;;;;;;;;;1;;;;
03/08/2018;18:45:00;306;com vítima;106;BR-040/RJ;Norte;Queda de Moto;;;;1;;;;;;;0;;1;;
03/08/2018;20:06:00;312;sem vítima;2;BR-040/RJ;Norte;Choque - Objeto Fixo;1;;;;;;;;;;1;;;;
03/08/2018;20:48:00;317;sem vítima;121;BR-040/RJ;Sul;Choque - Objeto Fixo;1;;;;;;;;;;1;;;;
03/08/2018;21:26:00;319;sem vítima;82;BR-040/RJ;Sul;Choque - Objeto Fixo;1;;;;;;;;;;1;;;;
03/08/2018;23:53:00;327;sem vítima;92;BR-040/RJ;Sul;Derrapagem;1;;;;;;;;;;1;;;;
04/08/2018;01:26:00;336;sem vítima;74;BR-040/RJ;Norte;Choque - Objeto Fixo;1;;;;;;;;;;1;;;;
04/08/2018;02:00:00;342;sem vítima;123;BR-040/RJ;Sul;Choque - Objeto Fixo;1;;;;;;;;;;1;;;;
04/08/2018;03:05:00;345;sem vítima;122;BR-040/RJ;Sul;Colisão Lateral;2;;;;;;;;;;2;;;;
04/08/2018;04:53:00;354;com vítima;125;BR-040/RJ;Norte;Colisão Frontal;2;;;;;;;;;;0;3;2;1;
04/08/2018;05:08:00;355;sem vítima;113;BR-040/RJ;Norte;Colisão Traseira;2;;;;;;;;;;2;;;;
04/08/2018;05:05:00;356;sem vítima;125;BR-040/RJ;Norte;Colisão Traseira;2;;;;;;;;;;2;;;;
04/08/2018;05:22:00;357;com vítima;12;BR-040/RJ;Norte;Capotamento;1;;;;;;;;;;0;5;;;
04/08/2018;06:57:00;359;com vítima;786;BR-040/MG;Norte;Derrapagem;1;;;;;;;;;;0;2;;;
04/08/2018;07:09:00;360;sem vítima;93;BR-040/RJ;Sul;Derrapagem;1;;;;;;;;;;1;;;;
04/08/2018;07:33:00;362;com vítima;37;BR-040/RJ;Sul;Capotamento;1;;;;;;;;;;0;2;;;
04/08/2018;07:36:00;363;sem vítima;90;BR-040/RJ;Sul;Choque - Objeto Fixo;1;;;;;;;;;;1;;;;
04/08/2018;09:19:00;368;sem vítima;5;BR-040/RJ;Norte;Choque - Objeto Fixo;1;;;;;;;;;;1;;;;
04/08/2018;09:31:00;370;sem vítima;91;BR-040/RJ;Sul;Choque - Objeto Fixo;1;;;;;;;;;;1;;;;
04/08/2018;11:05:00;377;sem vítima;93;BR-040/RJ;Norte;Choque - Objeto Fixo;1;;;;;;;;;;1;;;;
04/08/2018;11:05:00;378;sem vítima;93;BR-040/RJ;Norte;Choque - Objeto Fixo;1;;;;;;;;;;1;;;;
04/08/2018;11:37:00;379;sem vítima;99;BR-040/RJ;Norte;Choque - Objeto Fixo;1;;;;;;;;;;1;;;;
04/08/2018;13:10:00;383;sem vítima;78;BR-040/RJ;Sul;Choque - Objeto Fixo;1;;;;;;;;;;1;;;;
04/08/2018;13:56:00;395;com vítima;102;BR-040/RJ;Norte;Colisão Transversal;1;;1;;;;;;;;0;6;;;
04/08/2018;15:47:00;406;sem vítima;777;BR-040/MG;Norte;Colisão Lateral;1;;1;;;;;;;;2;;;;
04/08/2018;17:32:00;420;com vítima;112;BR-040/RJ;Sul;Engavetamento;2;;1;;;;;;;;2;1;;;
04/08/2018;20:26:00;438;sem vítima;104;BR-040/RJ;Norte;Colisão Traseira;2;;;;;;;;;;2;;;;
05/08/2018;05:32:00;464;com vítima;54;BR-040/RJ;Norte;Choque - Objeto Fixo;1;;;;;;;;;;0;4;;;
05/08/2018;14:02:00;494;sem vítima;78;BR-040/RJ;Sul;Choque - Objeto Fixo;1;;;;;;;;;;1;;;;
05/08/2018;16:35:00;517;sem vítima;83;BR-040/RJ;Norte;Colisão Lateral;2;;;;;;;;;;2;;;;
05/08/2018;18:12:00;524;sem vítima;84;BR-040/RJ;Norte;Choque - Objeto Fixo;1;;;;;;;;;;1;;;;
06/08/2018;07:20:00;566;sem vítima;80;BR-040/RJ;Sul;Choque - Objeto Fixo;1;;;;;;;;;;1;;;;
06/08/2018;08:53:00;576;com vítima;70;BR-040/RJ;Sul;Colisão Lateral;1;;1;;;;;;;;0;3;;;
06/08/2018;10:05:00;587;com vítima;101;BR-040/RJ;Sul;Colisão Frontal;2;;;;;;;;;;0;2;;;
06/08/2018;10:17:00;588;sem vítima;92;BR-040/RJ;Sul;Choque - Objeto Fixo;1;;;;;;;;;;1;;;;
06/08/2018;11:11:00;591;sem vítima;92;BR-040/RJ;Sul;Choque - Objeto Fixo;1;;;;;;;;;;1;;;;
06/08/2018;11:34:00;594;com vítima;88;BR-040/RJ;Norte;Colisão Lateral;1;;1;;;;;;;;1;1;;;
06/08/2018;11:36:00;595;sem vítima;91;BR-040/RJ;Norte;Choque - Objeto Fixo;1;;;;;;;;;;1;;;;
06/08/2018;11:50:00;597;com vítima;815;BR-040/MG;Norte;Capotamento;1;;;;;;;;;;0;1;;;
06/08/2018;11:34:00;598;sem vítima;92;BR-040/RJ;Norte;Choque - Objeto Fixo;1;;;;;;;;;;1;;;;
06/08/2018;12:10:00;599;com vítima;90;BR-040/RJ;Norte;Choque - Objeto Fixo;1;;;;;;;;;;0;2;;;
06/08/2018;12:26:00;600;sem vítima;91;BR-040/RJ;Norte;Colisão Traseira;2;;;;;;;;;;2;;;;
06/08/2018;13:40:00;606;sem vítima;92;BR-040/RJ;Norte;Choque - Objeto Fixo;1;;;;;;;;;;1;;;;
06/08/2018;15:24:00;610;sem vítima;104;BR-040/RJ;Sul;Colisão Traseira;2;;;;;;;;;;2;;;;
06/08/2018;15:41:00;613;sem vítima;113;BR-040/RJ;Norte;Colisão Traseira;2;;;;;;;;;;2;;;;
06/08/2018;16:07:00;616;com vítima;117;BR-040/RJ;Norte;Choque - Objeto Fixo;1;;;;;;;;;;0;1;;;
06/08/2018;16:10:00;617;sem vítima;72;BR-040/RJ;Norte;Choque - Objeto Fixo;1;;;;;;;;;;1;;;;
06/08/2018;16:27:00;618;sem vítima;96;BR-040/RJ;Sul;Choque - Objeto Fixo;1;;;;;;;;;;1;;;;
06/08/2018;18:59:00;629;sem vítima;118;BR-040/RJ;Norte;Choque - Objeto Fixo;1;;;;;;;;;;1;;;;
06/08/2018;19:39:00;634;sem vítima;74;BR-040/RJ;Sul;Choque - Objeto Fixo;1;;;;;;;;;;1;;;;
06/08/2018;19:51:00;636;sem vítima;98;BR-040/RJ;Sul;Choque - Objeto Fixo;1;;;;;;;;;;1;;;;
06/08/2018;21:01:00;642;sem vítima;57;BR-040/RJ;Sul;Choque - Objeto Fixo;1;;;;;;;;;;1;;;;
06/08/2018;23:25:00;647;sem vítima;89;BR-040/RJ;Norte;Derrapagem;1;;;;;;;;;;1;;;;
07/08/2018;01:20:00;650;sem vítima;58;BR-040/RJ;Sul;Atropelamento - Animal;1;;;;;;;;;;1;;;;
07/08/2018;05:50:00;657;sem vítima;96;BR-040/RJ;Sul;Choque - Objeto Fixo;1;;;;;;;;;;1;;;;
07/08/2018;07:26:00;663;com vítima;31;BR-040/RJ;Sul;Choque - Objeto Fixo;1;;;;;;;;;;0;1;;;
07/08/2018;09:37:00;670;sem vítima;84;BR-040/RJ;Sul;Choque - Objeto Fixo;1;;;;;;;;;;1;;;;
07/08/2018;11:27:00;680;sem vítima;91;BR-040/RJ;Norte;Choque - Objeto Fixo;1;;;;;;;;;;1;;;;
07/08/2018;11:28:00;681;sem vítima;93;BR-040/RJ;Sul;Choque - Objeto Fixo;1;;;;;;;;;;1;;;;
07/08/2018;11:28:00;682;sem vítima;93;BR-040/RJ;Sul;Choque - Objeto Fixo;1;;;;;;;;;;1;;;;
07/08/2018;13:55:00;696;sem vítima;92;BR-040/RJ;Sul;Colisão Lateral;2;;;;;;;;;;2;;;;
07/08/2018;14:19:00;699;sem vítima;98;BR-040/RJ;Norte;Choque - Objeto Fixo;1;;;;;;;;;;1;;;;
07/08/2018;15:27:00;708;sem vítima;89;BR-040/RJ;Norte;Colisão Lateral;1;;;;;1;;;;;2;;;;
07/08/2018;18:11:00;724;sem vítima;112;BR-040/RJ;Norte;Engavetamento;4;;;;;;;;;;4;;;;
07/08/2018;18:54:00;728;com vítima;121;BR-040/RJ;Sul;Engavetamento;4;;;1;;;;;;;1;6;;;
07/08/2018;19:55:00;732;com vítima;799;BR-040/MG;Norte;Colisão Traseira;2;;;;;;;;;;1;2;;;
08/08/2018;08:21:00;767;com vítima;112;BR-040/RJ;Sul;Colisão Traseira;;;;;2;;;;;;0;2;;;
08/08/2018;14:56:00;798;sem vítima;120;BR-040/RJ;Sul;Choque - Objeto Fixo;;;;;1;;;;;;1;;;;
08/08/2018;17:38:00;817;sem vítima;121;BR-040/RJ;Norte;Colisão Lateral;1;;1;;;;;;;;2;;;;
08/08/2018;22:37:00;846;sem vítima;778;BR-040/MG;Norte;Choque - Objeto Fixo;1;;;;;;;;;;1;;;;
09/08/2018;07:10:00;875;sem vítima;113;BR-040/RJ;Sul;Choque - Objeto Fixo;1;;;;;;;;;;1;;;;
09/08/2018;17:31:00;944;sem vítima;124;BR-040/RJ;Norte;Colisão Traseira;1;;1;;;;;;;;2;;;;
09/08/2018;18:07:00;949;sem vítima;111;BR-040/RJ;Norte;Engavetamento;4;;;;;;;;;;4;;;;
09/08/2018;19:08:00;959;sem vítima;16;BR-040/RJ;Sul;Atropelamento - Animal;1;;;;;;;;;;1;;;;
09/08/2018;19:40:00;966;sem vítima;65;BR-040/RJ;Norte;Colisão Lateral;2;;;;;;;;;;2;;;;
09/08/2018;20:08:00;967;sem vítima;104;BR-040/RJ;Norte;Colisão Lateral;2;;;;;;;;;;2;;;;
10/08/2018;05:19:00;1004;com vítima;108;BR-040/RJ;Norte;Tombamento;;;1;;;;;;;;0;1;;;
10/08/2018;06:41:00;1011;sem vítima;109;BR-040/RJ;Sul;Colisão Traseira;2;;;;;;;;;;2;;;;
10/08/2018;07:58:00;1019;com vítima;78;BR-040/RJ;Sul;Tombamento;;;1;;;;;;;;0;1;;;
10/08/2018;10:07:00;1028;sem vítima;94;BR-040/RJ;Sul;Choque - Objeto Fixo;1;;;;;;;;;;1;;;;
10/08/2018;10:55:00;1033;sem vítima;93;BR-040/RJ;Sul;Choque - Objeto Fixo;1;;;;;;;;;;1;;;;
10/08/2018;19:29:00;1093;sem vítima;111;BR-040/RJ;Norte;Colisão Traseira;2;;;;;;;;;;2;;;;
10/08/2018;22:36:00;1117;com vítima;113;BR-040/RJ;Norte;Colisão Traseira;1;;;1;;;;;;;1;1;1;;
10/08/2018;23:24:00;1121;sem vítima;92;BR-040/RJ;Norte;Choque - Objeto Fixo;1;;;;;;;;;;1;;;;
11/08/2018;05:41:00;1140;sem vítima;20;BR-040/RJ;Sul;Atropelamento - Animal;1;;;;;;;;;;1;;;;
11/08/2018;06:32:00;1143;sem vítima;43;BR-040/RJ;Norte;Choque - Objeto Fixo;1;;;;;;;;;;1;;;;
11/08/2018;11:53:00;1179;com vítima;123;BR-040/RJ;Norte;Colisão Traseira;;;1;1;;;;;;;1;1;;;
11/08/2018;14:29:00;1193;sem vítima;45;BR-040/RJ;Sul;Colisão Lateral;1;;1;;;;;;;;2;;;;
11/08/2018;18:19:00;1227;com vítima;78;BR-040/RJ;Sul;Capotamento;1;;;;;;;;;;0;2;;;
12/08/2018;04:27:00;1257;sem vítima;776;BR-040/MG;Norte;Choque - Objeto Fixo;1;;;;;;;;;;1;;;;
12/08/2018;05:01:00;1259;sem vítima;123;BR-040/RJ;Sul;Choque - Objeto Fixo;1;;;;;;;;;;1;;;;
12/08/2018;07:16:00;1264;com vítima;85;BR-040/RJ;Norte;Choque - Objeto Fixo;1;;;;;;;;;;0;1;;;
12/08/2018;14:37:00;1295;sem vítima;123;BR-040/RJ;Sul;Colisão Lateral;1;;1;;;;;;;;2;;;;
12/08/2018;19:03:00;1333;sem vítima;105;BR-040/RJ;Sul;Colisão Traseira;2;;;;;;;;;;2;;;;
12/08/2018;21:52:00;1357;sem vítima;0;BR-040/RJ;Norte;Atropelamento - Animal;;;;;1;;;;;;1;;;;
13/08/2018;02:50:00;1373;sem vítima;113;BR-040/RJ;Norte;Choque - Objeto Fixo;1;;;;;;;;;;1;;;;
13/08/2018;04:18:00;1374;sem vítima;91;BR-040/RJ;Sul;Choque - Objeto Fixo;1;;;;;;;;;;1;;;;
13/08/2018;06:32:00;1380;sem vítima;84;BR-040/RJ;Norte;Choque - Objeto Fixo;1;;;;;;;;;;1;;;;
13/08/2018;08:00:00;1385;com vítima;104;BR-040/RJ;Norte;Colisão Transversal;2;;;;;;;;;;0;2;;;
13/08/2018;08:15:00;1387;sem vítima;120;BR-040/RJ;Norte;Colisão Traseira;;;1;;1;;;;;;2;;;;
13/08/2018;12:19:00;1415;com vítima;80;BR-040/RJ;Sul;Choque - Objeto Fixo;1;;;;;;;;;;0;2;;;
13/08/2018;13:50:00;1422;sem vítima;124;BR-040/RJ;Sul;Colisão Lateral;1;;;1;;;;;;;2;;;;
13/08/2018;15:14:00;1427;com vítima;75;BR-040/RJ;Norte;Choque - Objeto Fixo;1;;;;;;;;;;0;1;;;
14/08/2018;06:49:00;1484;com vítima;16;BR-040/RJ;Norte;Tombamento;1;;1;;;;;;;;2;1;;;
14/08/2018;15:49:00;1533;sem vítima;104;BR-040/RJ;Norte;Choque - Objeto Fixo;1;;1;;;;;;;;2;;;;
14/08/2018;16:24:00;1539;com vítima;123;BR-040/RJ;Norte;Queda de Moto;;;;1;;;;;;;0;1;;;
14/08/2018;19:36:00;1559;com vítima;42;BR-040/RJ;Norte;Capotamento;1;;;;;;;;;;0;1;;;
14/08/2018;20:23:00;1562;sem vítima;124;BR-040/RJ;Norte;Colisão Lateral;1;;1;;;;;;;;2;;;;
14/08/2018;21:15:00;1566;sem vítima;121;BR-040/RJ;Norte;Colisão Lateral;1;;1;;;;;;;;2;;;;
14/08/2018;23:03:00;1569;sem vítima;39;BR-040/RJ;Norte;Choque - Objeto Fixo;1;;;;;;;;;;1;;;;
15/08/2018;10:09:00;1594;com vítima;117;BR-040/RJ;Norte;Engavetamento;4;;;;1;;;;;;4;2;;;
15/08/2018;11:15:00;1604;sem vítima;102;BR-040/RJ;Norte;Colisão Traseira;1;;1;;;;;;;;2;;;;
15/08/2018;13:13:00;1612;com vítima;64;BR-040/RJ;Sul;Choque - Objeto Fixo;1;;;;;;;;;;0;;;;1
15/08/2018;14:02:00;1616;sem vítima;111;BR-040/RJ;Norte;Colisão Traseira;1;;1;;;;;;;;2;;;;
15/08/2018;15:09:00;1619;sem vítima;111;BR-040/RJ;Norte;Colisão Lateral;1;;;1;;;;;;;2;;;;
15/08/2018;18:37:00;1649;com vítima;63;BR-040/RJ;Norte;Colisão Traseira;2;;;;;;;;;;0;2;;;
15/08/2018;22:16:00;1663;com vítima;73;BR-040/RJ;Norte;Engavetamento;3;;;;;;;;;;0;3;3;;
16/08/2018;00:21:00;1669;sem vítima;92;BR-040/RJ;Norte;Choque - Objeto Fixo;1;;;;;;;;;;1;;;;
16/08/2018;01:27:00;1671;sem vítima;123;BR-040/RJ;Sul;Choque - Objeto Fixo;1;;;;;;;;;;1;;;;
16/08/2018;07:19:00;1687;com vítima;124;BR-040/RJ;Sul;Queda de Moto;;;1;1;;;;;;;1;1;;;
16/08/2018;14:16:00;1728;com vítima;89;BR-040/RJ;Sul;Capotamento;1;;;;;;;;;;0;2;;;
16/08/2018;14:36:00;1729;sem vítima;90;BR-040/RJ;Norte;Choque - Objeto Fixo;1;;;;;;;;;;1;;;;
16/08/2018;15:21:00;1737;sem vítima;93;BR-040/RJ;Sul;Choque - Objeto Fixo;1;;;;;;;;;;1;;;;
16/08/2018;15:44:00;1740;sem vítima;90;BR-040/RJ;Sul;Choque - Objeto Fixo;1;;;;;;;;;;1;;;;
16/08/2018;18:42:00;1758;sem vítima;111;BR-040/RJ;Norte;Engavetamento;3;;;;;;;;;;3;;;;
16/08/2018;21:53:00;1778;sem vítima;54;BR-040/RJ;Norte;Colisão Traseira;2;;;;;;;;;;2;;;;
16/08/2018;22:26:00;1779;sem vítima;80;BR-040/RJ;Norte;Colisão Lateral;1;;;;;1;;;;;2;;;;
16/08/2018;23:39:00;1783;com vítima;73;BR-040/RJ;Norte;Derrapagem;1;;;;;;;;;;0;1;;;
17/08/2018;07:25:00;1798;sem vítima;75;BR-040/RJ;Sul;Choque - Objeto Fixo;1;;;;;;;;;;1;;;;
17/08/2018;07:43:00;1802;sem vítima;92;BR-040/RJ;Norte;Choque - Objeto Fixo;1;;;;;;;;;;1;;;;
17/08/2018;07:59:00;1803;sem vítima;92;BR-040/RJ;Sul;Choque - Objeto Fixo;1;;;;;;;;;;1;;;;
17/08/2018;08:49:00;1809;sem vítima;94;BR-040/RJ;Sul;Choque - Objeto Fixo;1;;;;;;;;;;1;;;;
17/08/2018;09:00:00;1813;com vítima;90;BR-040/RJ;Sul;Choque - Objeto Fixo;1;;;;;;;;;;0;1;;;
17/08/2018;09:21:00;1815;sem vítima;82;BR-040/RJ;Sul;Choque - Objeto Fixo;1;;;;;;;;;;1;;;;
17/08/2018;09:26:00;1816;sem vítima;92;BR-040/RJ;Sul;Choque - Objeto Fixo;1;;;;;;;;;;1;;;;
17/08/2018;11:24:00;1820;com vítima;26;BR-040/RJ;Sul;Colisão Traseira;2;;;;;;;;;;0;4;;;
17/08/2018;12:00:00;1825;sem vítima;783;BR-040/MG;Norte;Choque - Objeto Fixo;1;;;;;;;;;;1;;;;
17/08/2018;13:52:00;1834;sem vítima;16;BR-040/RJ;Norte;Colisão Lateral;;;2;;;;;;;;2;;;;
17/08/2018;15:43:00;1849;sem vítima;35;BR-040/RJ;Norte;Choque - Objeto Fixo;1;;;;;;;;;;1;;;;
17/08/2018;16:29:00;1851;sem vítima;35;BR-040/RJ;Norte;Choque - Objeto Fixo;1;;;;;;;;;;1;;;;
17/08/2018;16:38:00;1856;sem vítima;122;BR-040/RJ;Norte;Colisão Traseira;2;;;;;;;;;;2;;;;
17/08/2018;16:40:00;1857;sem vítima;75;BR-040/RJ;Sul;Choque - Objeto Fixo;1;;;;;;;;;;1;;;;
17/08/2018;17:33:00;1864;sem vítima;92;BR-040/RJ;Sul;Choque - Objeto Fixo;1;;;;;;;;;;1;;;;
17/08/2018;19:41:00;1874;sem vítima;111;BR-040/RJ;Norte;Colisão Traseira;1;;;;;1;;;;;2;;;;
17/08/2018;22:43:00;1889;com vítima;86;BR-040/RJ;Sul;Capotamento;1;;;;;;;;;;0;1;;;
18/08/2018;06:24:00;1911;sem vítima;74;BR-040/RJ;Norte;Choque - Objeto Fixo;1;;;;;;;;;;1;;;;
18/08/2018;06:27:00;1912;com vítima;823;BR-040/MG;Sul;Choque - Objeto Fixo;1;;;;;;;;;;0;;1;1;1
18/08/2018;07:21:00;1917;com vítima;79;BR-040/RJ;Sul;Choque - Objeto Fixo;1;;;;;;;;;;0;4;1;;
18/08/2018;23:26:00;1989;sem vítima;73;BR-040/RJ;Sul;Choque - Objeto Fixo;1;;;;;;;;;;1;;;;
19/08/2018;05:25:00;2003;sem vítima;121;BR-040/RJ;Sul;Colisão Traseira;2;;;;;;;;;;2;;;;
19/08/2018;09:03:00;2015;sem vítima;82;BR-040/RJ;Norte;Colisão Traseira;1;;;1;;;;;;;2;;;;
19/08/2018;10:43:00;2019;com vítima;59;BR-040/RJ;Norte;Queda de Moto;;;;1;;;;;;;0;1;;;
19/08/2018;16:44:00;2057;com vítima;118;BR-040/RJ;Norte;Choque - Objeto Fixo;1;;;;;;;;;;0;3;;;
19/08/2018;20:21:00;2073;com vítima;112;BR-040/RJ;Norte;Choque - Objeto Fixo;1;;;;;;;;;;0;2;;;
19/08/2018;23:09:00;2086;com vítima;123;BR-040/RJ;Norte;Colisão Lateral;1;;;1;;;;;;;1;1;;;
20/08/2018;05:12:00;2107;com vítima;116;BR-040/RJ;Sul;Engavetamento;2;;;;1;;;;;;1;2;;;
20/08/2018;14:14:00;2146;sem vítima;105;BR-040/RJ;Norte;Colisão Traseira;2;;;;;;;;;;2;;;;
20/08/2018;18:07:00;2169;sem vítima;123;BR-040/RJ;Norte;Colisão Traseira;2;;;;;;;;;;2;;;;
20/08/2018;18:56:00;2178;com vítima;105;BR-040/RJ;Norte;Queda de Moto;;;;1;;;;;;;0;1;;;
21/08/2018;09:23:00;2220;com vítima;109;BR-040/RJ;Sul;Colisão Traseira;1;;2;;;;;;;;2;;1;;
21/08/2018;14:48:00;2245;sem vítima;84;BR-040/RJ;Norte;Colisão Traseira;1;;;;;1;;;;;2;;;;
21/08/2018;17:56:00;2266;com vítima;114;BR-040/RJ;Sul;Colisão Lateral;1;;;;;1;;;;;1;1;;;
22/08/2018;13:54:00;2348;sem vítima;113;BR-040/RJ;Norte;Colisão Traseira;1;;1;;;;;;;;2;;;;
22/08/2018;16:00:00;2364;com vítima;118;BR-040/RJ;Norte;Colisão Lateral;1;;;1;;;;;;;1;2;;;
22/08/2018;16:50:00;2372;com vítima;87;BR-040/RJ;Norte;Queda de Moto;;;;1;;;;;;;0;1;1;;
22/08/2018;21:16:00;2409;sem vítima;44;BR-040/RJ;Sul;Colisão Lateral;1;;1;;;;;;;;2;;;;
23/08/2018;07:54:00;2444;sem vítima;122;BR-040/RJ;Sul;Colisão Lateral;1;;1;;;;;;;;2;;;;
23/08/2018;09:39:00;2453;sem vítima;787;BR-040/MG;Norte;Choque - Objeto Fixo;1;;;;;;;;;;1;;;;
23/08/2018;10:53:00;2457;sem vítima;108;BR-040/RJ;Norte;Colisão Lateral;2;;;;;;;;;;2;;;;
23/08/2018;14:35:00;2477;com vítima;100;BR-040/RJ;Sul;Capotamento;1;;;;;;;;;;0;;2;;
23/08/2018;14:51:00;2478;com vítima;124;BR-040/RJ;Norte;Colisão Lateral;1;;;1;;;;;;;0;1;2;;
23/08/2018;18:21:00;2510;sem vítima;109;BR-040/RJ;Norte;Colisão Traseira;2;;;;;;;;;;2;;;;
23/08/2018;23:48:00;2535;sem vítima;102;BR-040/RJ;Sul;Choque - Objeto Fixo;;;1;;;;;;;;1;;;;
23/08/2018;23:51:00;2536;sem vítima;7;BR-040/RJ;Sul;Choque - Objeto Fixo;1;;;;;;;;;;1;;;;
24/08/2018;06:54:00;2555;com vítima;108;BR-040/RJ;Norte;Colisão Traseira;1;;;1;;;;;;;1;1;;;
24/08/2018;08:50:00;2569;sem vítima;83;BR-040/RJ;Norte;Colisão Traseira;2;;1;;;;;;;;3;;;;
24/08/2018;13:20:00;2604;com vítima;124;BR-040/RJ;Norte;Engavetamento;;;1;1;1;;;;;;2;;1;;
24/08/2018;14:17:00;2609;com vítima;22;BR-040/RJ;Norte;Colisão Lateral;1;;1;;;;;;;;0;1;1;;
24/08/2018;20:02:00;2658;sem vítima;76;BR-040/RJ;Sul;Engavetamento;;;3;;;;;;;;3;;;;
25/08/2018;01:03:00;2679;sem vítima;105;BR-040/RJ;Sul;Choque - Objeto Fixo;1;;;;;;;;;;1;;;;
25/08/2018;04:12:00;2682;sem vítima;92;BR-040/RJ;Sul;Derrapagem;1;;;;;;;;;;1;;;;
25/08/2018;07:58:00;2692;com vítima;818;BR-040/MG;Norte;Choque - Objeto Fixo;1;;;;;;;;;;0;3;1;;
25/08/2018;11:36:00;2716;sem vítima;92;BR-040/RJ;Norte;Colisão Traseira;2;;;;;;;;;;2;;;;
25/08/2018;13:05:00;2726;sem vítima;119;BR-040/RJ;Norte;Colisão Traseira;1;;1;;;;;;;;2;;;;
26/08/2018;06:56:00;2800;sem vítima;93;BR-040/RJ;Sul;Capotamento;1;;;;;;;;;;1;;;;
26/08/2018;08:50:00;2807;sem vítima;74;BR-040/RJ;Sul;Choque - Objeto Fixo;1;;;;;;;;;;1;;;;
26/08/2018;09:55:00;2808;sem vítima;124;BR-040/RJ;Sul;Tombamento;;;1;;;;;;;;1;;;;
26/08/2018;10:12:00;2811;sem vítima;93;BR-040/RJ;Sul;Choque - Objeto Fixo;1;;;;;;;;;;1;;;;
26/08/2018;10:51:00;2815;sem vítima;93;BR-040/RJ;Sul;Choque - Objeto Fixo;1;;;;;;;;;;1;;;;
26/08/2018;12:13:00;2825;sem vítima;104;BR-040/RJ;Norte;Colisão Lateral;2;;;;;;;;;;2;;;;
26/08/2018;12:14:00;2826;sem vítima;92;BR-040/RJ;Sul;Choque - Objeto Fixo;1;;;;;;;;;;1;;;;
26/08/2018;13:04:00;2832;sem vítima;78;BR-040/RJ;Sul;Choque - Objeto Fixo;1;;;;;;;;;;1;;;;
26/08/2018;13:16:00;2833;sem vítima;86;BR-040/RJ;Norte;Choque - Objeto Fixo;1;;;;;;;;;;1;;;;
26/08/2018;14:19:00;2840;com vítima;100;BR-040/RJ;Norte;Capotamento;1;;;;;;;;;;0;1;;;
26/08/2018;14:30:00;2841;sem vítima;124;BR-040/RJ;Sul;Colisão Frontal;1;1;;;;;;;;;2;;;;
26/08/2018;14:45:00;2843;com vítima;92;BR-040/RJ;Sul;Choque - Objeto Fixo;1;;;;;;;;;;0;2;;;
26/08/2018;15:15:00;2848;sem vítima;78;BR-040/RJ;Sul;Choque - Objeto Fixo;1;;;;;;;;;;1;;;;
26/08/2018;15:28:00;2850;com vítima;74;BR-040/RJ;Norte;Capotamento;1;;;;;;;;;;0;3;;;
26/08/2018;16:03:00;2851;sem vítima;92;BR-040/RJ;Sul;Choque - Objeto Fixo;1;;;;;;;;;;1;;;;
26/08/2018;17:48:00;2868;sem vítima;95;BR-040/RJ;Sul;Choque - Objeto Fixo;1;;;;;;;;;;1;;;;
26/08/2018;18:22:00;2871;sem vítima;93;BR-040/RJ;Sul;Choque - Objeto Fixo;1;;;;;;;;;;1;;;;