data;horario;n_da_ocorrencia;tipo_de_ocorrencia;km;trecho;sentido;tipo_de_acidente;automovel;bicicleta;caminhao;moto;onibus;outros;tracao_animal;transporte_de_cargas_especiais;trator_maquinas;utilitarios;ilesos;levemente_feridos;moderadamente_feridos;gravemente_feridos;mortos
26/08/2018;20:26:00;2882;sem vítima;93;BR-040/RJ;Sul;Choque - Objeto Fixo;1;;;;;;;;;;1;;;;
26/08/2018;21:42:00;2891;sem vítima;92;BR-040/RJ;Sul;Choque - Objeto Fixo;1;;;;;;;;;;1;;;;
26/08/2018;23:10:00;2896;com vítima;123;BR-040/RJ;Sul;Colisão Traseira;2;;;;;;;;;;0;2;;;
27/08/2018;04:44:00;2911;sem vítima;93;BR-040/RJ;Sul;Derrapagem;1;;;;;;;;;;1;;;;
27/08/2018;07:39:00;2920;sem vítima;89;BR-040/RJ;Norte;Choque - Objeto Fixo;1;;;;;;;;;;1;;;;
27/08/2018;07:47:00;2921;sem vítima;92;BR-040/RJ;Sul;Choque - Objeto Fixo;1;;;;;;;;;;1;;;;
27/08/2018;08:26:00;2926;com vítima;74;BR-040/RJ;Norte;Capotamento;1;;;;;;;;;;0;;1;;
27/08/2018;08:26:00;2929;com vítima;74;BR-040/RJ;Norte;Choque - Objeto Fixo;1;;;;;;;;;;0;1;;;
27/08/2018;09:30:00;2933;com vítima;84;BR-040/RJ;Norte;Choque - Objeto Fixo;1;;;;;;;;;;0;1;;;
27/08/2018;11:00:00;2944;sem vítima;104;BR-040/RJ;Norte;Colisão Lateral;2;;;;;;;;;;2;;;;
27/08/2018;12:54:00;2949;sem vítima;111;BR-040/RJ;Norte;Colisão Lateral;2;;;;;;;;;;2;;;;
27/08/2018;13:10:00;2950;sem vítima;88;BR-040/RJ;Norte;Choque - Objeto Fixo;1;;;;;;;;;;1;;;;
27/08/2018;14:31:00;2960;sem vítima;90;BR-040/RJ;Sul;Choque - Objeto Fixo;1;;;;;;;;;;1;;;;
27/08/2018;14:46:00;2962;sem vítima;118;BR-040/RJ;Norte;Colisão Lateral;;;;1;1;;;;;;2;;;;
27/08/2018;15:00:00;2965;com vítima;94;BR-040/RJ;Sul;Capotamento;1;;;;;;;;;;0;2;;;
27/08/2018;16:08:00;2976;com vítima;92;BR-040/RJ;Norte;Choque - Objeto Fixo;1;;;;;;;;;;0;;1;;
27/08/2018;16:38:00;2980;sem vítima;92;BR-040/RJ;Sul;Choque - Objeto Fixo;1;;;;;;;;;;1;;;;
27/08/2018;17:05:00;2987;sem vítima;86;BR-040/RJ;Sul;Choque - Objeto Fixo;1;;;;;;;;;;1;;;;
27/08/2018;18:11:00;2999;sem vítima;82;BR-040/RJ;Sul;Choque - Objeto Fixo;1;;;;;;;;;;1;;;;
27/08/2018;21:13:00;3012;com vítima;791;BR-040/MG;Norte;Choque - Objeto Fixo;1;;;;;;;;;;0;1;;;
28/08/2018;12:41:00;3076;com vítima;117;BR-040/RJ;Norte;Capotamento;1;;1;;;;;;;;1;;1;;
28/08/2018;15:01:00;3095;sem vítima;787;BR-040/MG;Norte;Choque - Objeto Fixo;1;;;;;;;;;;1;;;;
28/08/2018;15:34:00;3100;sem vítima;88;BR-040/RJ;Norte;Colisão Lateral;;;2;;;;;;;;2;;;;
28/08/2018;17:50:00;3126;sem vítima;108;BR-040/RJ;Norte;Colisão Lateral;1;;;;1;;;;;;2;;;;
29/08/2018;01:34:00;3169;com vítima;101;BR-040/RJ;Sul;Colisão Lateral;1;;;1;;;;;;;1;;1;;
29/08/2018;03:20:00;3171;sem vítima;118;BR-040/RJ;Norte;Choque - Objeto Fixo;1;;;;;;;;;;1;;;;
29/08/2018;08:08:00;3183;sem vítima;123;BR-040/RJ;Norte;Colisão Lateral;2;;;;;;;;;;2;;;;
29/08/2018;08:21:00;3185;sem vítima;99;BR-040/RJ;Norte;Capotamento;1;;;;;;;;;;1;;;;
29/08/2018;09:06:00;3191;com vítima;97;BR-040/RJ;Sul;Tombamento;;;1;;;;;;;;0;;2;;
29/08/2018;14:26:00;3222;sem vítima;92;BR-040/RJ;Sul;Colisão Traseira;;;2;;;;;;;;2;;;;
29/08/2018;17:23:00;3248;com vítima;0;BR-040/RJ;Norte;Tombamento;;;1;;;1;;;;;1;1;;;
29/08/2018;18:03:00;3251;sem vítima;113;BR-040/RJ;Norte;Colisão Lateral;1;;;;1;;;;;;2;;;;
29/08/2018;18:59:00;3254;sem vítima;111;BR-040/RJ;Norte;Colisão Lateral;2;;;;;;;;;;2;;;;
29/08/2018;22:42:00;3269;com vítima;815;BR-040/MG;Sul;Tombamento;;;1;;;;;;;;0;1;;;
30/08/2018;00:17:00;3275;sem vítima;112;BR-040/RJ;Norte;Choque - Objeto Fixo;1;;;;;;;;;;1;;;;
30/08/2018;01:40:00;3277;sem vítima;122;BR-040/RJ;Norte;Colisão Traseira;2;;;;;;;;;;2;;;;
30/08/2018;02:42:00;3280;com vítima;102;BR-040/RJ;Norte;Tombamento;;;1;;;;;;;;0;;1;;
30/08/2018;06:32:00;3294;com vítima;25;BR-040/RJ;Sul;Choque - Objeto Fixo;;;1;;;;;;;;0;1;;;
30/08/2018;08:24:00;3308;sem vítima;0;BR-040/RJ;Norte;Colisão Lateral;2;;;;;1;;;;;3;;;;
30/08/2018;08:55:00;3310;com vítima;111;BR-040/RJ;Sul;Engavetamento;3;;;1;;;;;;;2;2;1;;
31/08/2018;01:02:00;3382;sem vítima;107;BR-040/RJ;Sul;Capotamento;1;;;;;;;;;;1;;;;
31/08/2018;03:42:00;3390;com vítima;94;BR-040/RJ;Sul;Tombamento;;;1;;;;;;;;0;3;;;
31/08/2018;06:30:00;3399;com vítima;67;BR-040/RJ;Norte;Capotamento;1;;;;;;;;;;0;1;;;
31/08/2018;06:59:00;3402;sem vítima;16;BR-040/RJ;Norte;Choque - Objeto Fixo;1;;;;;;;;;;1;;;;
31/08/2018;10:51:00;3430;com vítima;796;BR-040/MG;Norte;Choque - Objeto Fixo;1;;;;;;;;;;0;1;;;
31/08/2018;12:04:00;3440;sem vítima;121;BR-040/RJ;Sul;Colisão Lateral;1;;1;;;;;;;;2;;;;
31/08/2018;12:19:00;3441;com vítima;62;BR-040/RJ;Norte;Colisão Lateral;1;;;1;;;;;;;1;1;;;
31/08/2018;16:17:00;3472;sem vítima;87;BR-040/RJ;Norte;Colisão Traseira;1;;;;;1;;;;;2;;;;
31/08/2018;17:39:00;3486;sem vítima;93;BR-040/RJ;Norte;Colisão Traseira;1;;;;;1;;;;;2;;;;
31/08/2018;18:27:00;3491;com vítima;110;BR-040/RJ;Norte;Colisão Lateral;1;;;1;;;;;;;1;1;;;
31/08/2018;18:45:00;3492;sem vítima;115;BR-040/RJ;Norte;Colisão Traseira;2;;;;;;;;;;2;;;;
31/08/2018;19:13:00;3496;sem vítima;111;BR-040/RJ;Norte;Colisão Traseira;1;;;;;1;;;;;2;;;;
31/08/2018;20:02:00;3503;com vítima;784;BR-040/MG;Norte;Colisão Lateral;1;;1;;;;;;;;1;2;;;
31/08/2018;20:30:00;3509;sem vítima;123;BR-040/RJ;Norte;Colisão Lateral;1;;;;;1;;;;;2;;;;
01/09/2018;02:50:00;6;com vítima;101;BR-040/RJ;Sul;Capotamento;1;;;;;;;;;;0;1;;;
01/09/2018;07:59:00;21;com vítima;101;BR-040/RJ;Norte;Colisão Frontal;;1;;1;;;;;;;0;3;;;
01/09/2018;10:01:00;39;sem vítima;123;BR-040/RJ;Sul;Colisão Traseira;1;;1;;;;;;;;2;;;;
01/09/2018;10:12:00;40;sem vítima;91;BR-040/RJ;Norte;Choque - Objeto Fixo;1;;;;;;;;;;1;;;;
01/09/2018;10:20:00;45;sem vítima;123;BR-040/RJ;Sul;Colisão Lateral;;;2;;;;;;;;2;;;;
01/09/2018;12:47:00;71;com vítima;109;BR-040/RJ;Sul;Colisão Traseira;2;;;;;;;;;;0;4;;;
01/09/2018;13:53:00;81;sem vítima;97;BR-040/RJ;Sul;Colisão Traseira;1;;1;;;;;;;;2;;;;
01/09/2018;14:43:00;87;com vítima;90;BR-040/RJ;Norte;Engavetamento;3;;;;;;;;;;2;2;;;
01/09/2018;17:51:00;113;com vítima;37;BR-040/RJ;Sul;Atropelamento - Pedestre;1;;;;;;;;;;0;1;1;;
02/09/2018;04:46:00;148;sem vítima;120;BR-040/RJ;Sul;Capotamento;1;;;;;;;;;;1;;;;
02/09/2018;04:58:00;149;com vítima;114;BR-040/RJ;Sul;Choque - Objeto Fixo;1;;;;;;;;;;0;;1;;
03/09/2018;08:30:00;276;com vítima;33;BR-040/RJ;Norte;Capotamento;1;;;;;;;;;;0;1;;;
03/09/2018;11:34:00;293;sem vítima;791;BR-040/MG;Norte;Colisão Traseira;2;;1;;;;;;;;3;;;;
03/09/2018;22:27:00;374;sem vítima;50;BR-040/RJ;Norte;Atropelamento - Animal;;;1;;;;;;;;1;;;;
03/09/2018;23:59:00;380;sem vítima;94;BR-040/RJ;Norte;Derrapagem;1;;;;;;;;;;1;;;;
04/09/2018;01:12:00;384;sem vítima;88;BR-040/RJ;Sul;Choque - Objeto Fixo;1;;;;;;;;;;1;;;;
04/09/2018;08:32:00;399;sem vítima;93;BR-040/RJ;Norte;Choque - Objeto Fixo;1;;;;;;;;;;1;;;;
04/09/2018;15:38:00;445;com vítima;780;BR-040/MG;Norte;Colisão Traseira;;;1;1;;;;;;;1;1;;;
04/09/2018;19:29:00;465;com vítima;124;BR-040/RJ;Sul;Atropelamento - Pedestre;;;;;;1;;;;;1;;1;;
05/09/2018;03:18:00;488;sem vítima;60;BR-040/RJ;Sul;Atropelamento - Animal;1;;;;;;;;;;1;;;;
05/09/2018;14:26:00;539;com vítima;62;BR-040/RJ;Norte;Colisão Lateral;;;;1;;1;;;;;1;;1;;
05/09/2018;18:50:00;569;com vítima;811;BR-040/MG;Norte;Atropelamento - Animal;1;;;;;;;;;;0;2;;;
06/09/2018;07:32:00;620;sem vítima;92;BR-040/RJ;Sul;Choque - Objeto Fixo;1;;;;;;;;;;1;;;;
06/09/2018;08:35:00;626;sem vítima;92;BR-040/RJ;Norte;Choque - Objeto Fixo;1;;;;;;;;;;1;;;;
06/09/2018;08:45:00;627;com vítima;94;BR-040/RJ;Sul;Choque - Objeto Fixo;1;;;;;;;;;;0;2;;;
06/09/2018;08:45:00;628;sem vítima;94;BR-040/RJ;Sul;Choque - Objeto Fixo;1;;;;;;;;;;1;;;;
06/09/2018;09:00:00;629;sem vítima;90;BR-040/RJ;Sul;Choque - Objeto Fixo;;;1;;;;;;;;1;;;;
06/09/2018;09:12:00;632;com vítima;18;BR-040/RJ;Norte;Queda de Moto;;;;1;;;;;;;0;;1;;
06/09/2018;09:23:00;633;sem vítima;91;BR-040/RJ;Sul;Choque - Objeto Fixo;1;;;;;;;;;;1;;;;
06/09/2018;09:36:00;635;sem vítima;84;BR-040/RJ;Sul;Choque - Objeto Fixo;1;;;;;;;;;;1;;;;
06/09/2018;09:48:00;636;sem vítima;94;BR-040/RJ;Sul;Choque - Objeto Fixo;1;;;;;;;;;;1;;;;
06/09/2018;16:48:00;704;sem vítima;90;BR-040/RJ;Sul;Choque - Objeto Fixo;1;;;;;;;;;;1;;;;
06/09/2018;17:13:00;708;sem vítima;86;BR-040/RJ;Norte;Choque - Objeto Fixo;1;;;;;;;;;;1;;;;
06/09/2018;23:35:00;752;com vítima;84;BR-040/RJ;Sul;Queda de Moto;;;;1;;;;;;;0;2;;;
07/09/2018;00:18:00;758;com vítima;822;BR-040/MG;Norte;Choque - Objeto Fixo;1;;;;;;;;;;0;3;;;
07/09/2018;02:44:00;765;com vítima;0;BR-040/RJ;Sul;Colisão Lateral;1;;;;;1;;;;;1;3;;;
07/09/2018;04:06:00;768;sem vítima;107;BR-040/RJ;Sul;Choque - Objeto Fixo;1;;;;;;;;;;1;;;;
07/09/2018;07:23:00;779;com vítima;90;BR-040/RJ;Norte;Atropelamento - Pedestre;;1;1;;;;;;;;1;;1;;
07/09/2018;09:07:00;801;com vítima;94;BR-040/RJ;Norte;Colisão Traseira;1;;;1;;;;;;;1;1;;;
07/09/2018;09:35:00;804;sem vítima;77;BR-040/RJ;Sul;Choque - Objeto Fixo;1;;;;;;;;;;1;;;;
07/09/2018;10:33:00;818;sem vítima;121;BR-040/RJ;Norte;Colisão Traseira;2;;;;;;;;;;2;;;;
07/09/2018;11:20:00;826;sem vítima;4;BR-040/RJ;Sul;Choque - Objeto Fixo;1;;;;;;;;;;1;;;;
07/09/2018;12:22:00;840;sem vítima;86;BR-040/RJ;Norte;Engavetamento;3;;;;;;;;;;3;;;;
07/09/2018;14:30:00;860;com vítima;72;BR-040/RJ;Norte;Choque - Objeto Fixo;1;;;;;1;;;;;1;2;;;
07/09/2018;18:39:00;894;com vítima;101;BR-040/RJ;Norte;Queda de Moto;;;;1;;;;;;;0;;;1;
08/09/2018;01:46:00;928;sem vítima;782;BR-040/MG;Norte;Atropelamento - Animal;;;1;;;;;;;;1;;;;
08/09/2018;05:09:00;937;sem vítima;34;BR-040/RJ;Norte;Choque - Objeto Fixo;1;;;;;;;;;;1;;;;
08/09/2018;08:58:00;965;com vítima;110;BR-040/RJ;Sul;Colisão Traseira;1;;;1;;;;;;;1;1;;;
08/09/2018;10:26:00;978;com vítima;81;BR-040/RJ;Norte;Colisão Lateral;1;;;1;;;;;;;1;;1;;
08/09/2018;10:27:00;979;sem vítima;123;BR-040/RJ;Sul;Engavetamento;3;;1;;;;;;;;4;;;;
08/09/2018;10:56:00;981;com vítima;122;BR-040/RJ;Sul;Colisão Traseira;2;;;;;;;;;;1;1;;;
08/09/2018;16:46:00;1020;com vítima;27;BR-040/RJ;Sul;Capotamento;1;;;;;;;;;;0;1;1;;
08/09/2018;17:03:00;1023;com vítima;26;BR-040/RJ;Norte;Choque - Objeto Fixo;1;;;;;;;;;;0;2;;;
08/09/2018;17:18:00;1026;sem vítima;58;BR-040/RJ;Sul;Colisão Lateral;1;1;;;;;;;;;2;;;;
08/09/2018;22:17:00;1054;com vítima;823;BR-040/MG;Sul;Queda de Moto;;;;1;;;;;;;0;1;1;;
08/09/2018;23:10:00;1058;sem vítima;113;BR-040/RJ;Sul;Choque - Objeto Fixo;1;;;;;;;;;;1;;;;
09/09/2018;02:55:00;1066;sem vítima;111;BR-040/RJ;Norte;Choque - Objeto Fixo;1;;;;;;;;;;1;;;;
09/09/2018;05:51:00;1072;sem vítima;812;BR-040/MG;Sul;Choque - Objeto Fixo;1;;;;;;;;;;1;;;;
09/09/2018;16:50:00;1137;com vítima;122;BR-040/RJ;Sul;Colisão Traseira;2;;;;;;;;;;1;2;;;
09/09/2018;18:51:00;1161;sem vítima;115;BR-040/RJ;Sul;Colisão Lateral;2;;;;;;;;;;2;;;;
09/09/2018;19:51:00;1169;sem vítima;85;BR-040/RJ;Norte;Choque - Objeto Fixo;1;;;;;;;;;;1;;;;
09/09/2018;20:00:00;1172;sem vítima;43;BR-040/RJ;Sul;Atropelamento - Animal;1;;;;;;;;;;1;;;;
09/09/2018;21:10:00;1178;sem vítima;824;BR-040/MG;Norte;Choque - Objeto Fixo;1;;;;;;;;;;1;;;;
09/09/2018;22:51:00;1190;com vítima;88;BR-040/RJ;Sul;Choque - Objeto Fixo;;;1;;;;;;;;0;2;;;
10/09/2018;06:03:00;1210;sem vítima;85;BR-040/RJ;Norte;Choque - Objeto Fixo;1;;;;;;;;;;1;;;;
10/09/2018;06:18:00;1212;com vítima;90;BR-040/RJ;Norte;Choque - Objeto Fixo;1;;;;;;;;;;0;2;;;
10/09/2018;07:21:00;1213;sem vítima;84;BR-040/RJ;Norte;Choque - Objeto Fixo;1;;;;;;;;;;1;;;;
10/09/2018;10:27:00;1235;sem vítima;68;BR-040/RJ;Norte;Choque - Objeto Fixo;1;;;;;;;;;;1;;;;
10/09/2018;10:59:00;1240;com vítima;110;BR-040/RJ;Sul;Queda de Moto;;;;1;;;;;;;0;1;;;
10/09/2018;16:44:00;1278;com vítima;91;BR-040/RJ;Sul;Queda de Moto;;;;1;;;;;;;0;1;;;
10/09/2018;18:11:00;1291;sem vítima;108;BR-040/RJ;Sul;Colisão Lateral;2;;;;;;;;;;2;;;;
10/09/2018;21:51:00;1307;sem vítima;112;BR-040/RJ;Norte;Choque - Objeto Fixo;1;;;;;;;;;;1;;;;
10/09/2018;22:22:00;1309;sem vítima;121;BR-040/RJ;Norte;Colisão Traseira;2;;;;;;;;;;2;;;;
11/09/2018;04:22:00;1320;sem vítima;124;BR-040/RJ;Sul;Choque - Objeto Fixo;1;;;;;;;;;;1;;;;
11/09/2018;08:14:00;1336;sem vítima;109;BR-040/RJ;Sul;Colisão Traseira;2;;;;;;;;;;2;;;;
11/09/2018;08:19:00;1339;sem vítima;121;BR-040/RJ;Sul;Colisão Lateral;1;;1;;;;;;;;2;;;;
11/09/2018;13:24:00;1372;sem vítima;118;BR-040/RJ;Sul;Choque - Objeto Fixo;1;;;;;;;;;;1;;;;
11/09/2018;13:50:00;1375;com vítima;812;BR-040/MG;Sul;Choque - Objeto Fixo;;;;1;;;;;;;0;;1;;
11/09/2018;15:55:00;1387;sem vítima;124;BR-040/RJ;Sul;Colisão Lateral;1;;;;;1;;;;;2;;;;
11/09/2018;16:10:00;1390;com vítima;105;BR-040/RJ;Norte;Colisão Transversal;1;1;;;;;;;;;1;;1;;
11/09/2018;17:35:00;1398;com vítima;118;BR-040/RJ;Sul;Queda de Moto;;;;1;;;;;;;0;2;;;
12/09/2018;06:54:00;1448;sem vítima;120;BR-040/RJ;Sul;Choque - Objeto Fixo;1;;;;;;;;;;1;;;;
12/09/2018;07:12:00;1451;com vítima;122;BR-040/RJ;Sul;Colisão Traseira;;;1;2;;;;;;;1;2;;;
12/09/2018;08:18:00;1461;sem vítima;110;BR-040/RJ;Sul;Colisão Traseira;1;;;;1;;;;;;2;;;;
12/09/2018;13:54:00;1491;sem vítima;111;BR-040/RJ;Norte;Choque - Objeto Fixo;1;;;;;;;;;;1;;;;
12/09/2018;14:15:00;1494;com vítima;92;BR-040/RJ;Sul;Capotamento;1;;;;;;;;;;0;1;;;
12/09/2018;16:42:00;1520;sem vítima;89;BR-040/RJ;Norte;Colisão Transversal;1;;;;;1;;;;;2;;;;
12/09/2018;16:35:00;1524;sem vítima;55;BR-040/RJ;Sul;Colisão Traseira;2;;;;;;;;;;2;;;;
12/09/2018;20:00:00;1546;com vítima;82;BR-040/RJ;Norte;Tombamento;;;;;1;;;;;;0;1;;;
13/09/2018;06:27:00;1571;com vítima;122;BR-040/RJ;Sul;Colisão Traseira;1;;;1;;;;;;;1;1;;;
13/09/2018;08:06:00;1580;sem vítima;781;BR-040/MG;Norte;Choque - Objeto Fixo;1;;;;;;;;;;1;;;;
14/09/2018;07:37:00;1699;com vítima;120;BR-040/RJ;Norte;Choque - Objeto Fixo;1;;;;;;;;;;0;2;;;
14/09/2018;08:17:00;1706;sem vítima;85;BR-040/RJ;Sul;Choque - Objeto Fixo;1;;;;;;;;;;1;;;;
14/09/2018;16:48:00;1776;sem vítima;101;BR-040/RJ;Norte;Colisão Lateral;1;;1;;;;;;;;2;;;;
14/09/2018;17:28:00;1784;com vítima;56;BR-040/RJ;Norte;Choque - Objeto Fixo;1;;;;;;;;;;0;1;;;
14/09/2018;18:12:00;1792;com vítima;43;BR-040/RJ;Norte;Choque - Objeto Fixo;1;;;;;;;;;;0;1;;;
14/09/2018;19:03:00;1802;sem vítima;7;BR-040/RJ;Sul;Choque - Objeto Fixo;1;;;;;;;;;;1;;;;
14/09/2018;19:08:00;1803;sem vítima;70;BR-040/RJ;Sul;Choque - Objeto Fixo;1;;;;;;;;;;1;;;;
14/09/2018;19:42:00;1807;sem vítima;18;BR-040/RJ;Norte;Choque - Objeto Fixo;1;;;;;;;;;;1;;;;
14/09/2018;19:46:00;1808;sem vítima;116;BR-040/RJ;Norte;Engavetamento;2;;;;;1;;;;;3;;;;
14/09/2018;21:03:00;1812;com vítima;48;BR-040/RJ;Sul;Capotamento;1;;;;;;;;;;0;2;;;
15/09/2018;00:32:00;1837;sem vítima;84;BR-040/RJ;Sul;Choque - Objeto Fixo;1;;;;;;;;;;1;;;;
15/09/2018;05:12:00;1847;sem vítima;93;BR-040/RJ;Sul;Choque - Objeto Fixo;1;;;;;;;;;;1;;;;
15/09/2018;06:12:00;1851;sem vítima;96;BR-040/RJ;Sul;Derrapagem;1;;;;;;;;;;1;;;;
15/09/2018;06:35:00;1852;sem vítima;42;BR-040/RJ;Norte;Choque - Objeto Fixo;1;;;;;;;;;;1;;;;
15/09/2018;06:38:00;1854;sem vítima;1;BR-040/RJ;Norte;Choque - Objeto Fixo;1;;;;;;;;;;1;;;;
15/09/2018;07:10:00;1857;sem vítima;4;BR-040/RJ;Sul;Choque - Objeto Fixo;1;;;;;;;;;;1;;;;
15/09/2018;10:11:00;1886;sem vítima;789;BR-040/MG;Sul;Capotamento;1;;;;;;;;;;1;;;;
15/09/2018;12:03:00;1904;com vítima;45;BR-040/RJ;Norte;Choque - Objeto Fixo;1;;;;;;;;;;0;2;;;
15/09/2018;14:22:00;1917;com vítima;88;BR-040/RJ;Sul;Choque - Objeto Fixo;1;;;;;;;;;;0;4;;;
15/09/2018;14:33:00;1920;sem vítima;101;BR-040/RJ;Sul;Choque - Objeto Fixo;1;;;;;;;;;;1;;;;
15/09/2018;14:45:00;1924;sem vítima;22;BR-040/RJ;Sul;Colisão Lateral;;;;1;1;;;;;;2;;;;
15/09/2018;15:10:00;1925;com vítima;84;BR-040/RJ;Sul;Choque - Objeto Fixo;1;;;;;;;;;;0;5;;;
15/09/2018;15:15:00;1926;sem vítima;13;BR-040/RJ;Sul;Choque - Objeto Fixo;;;1;;;;;;;;1;;;;
15/09/2018;15:28:00;1928;sem vítima;92;BR-040/RJ;Sul;Choque - Objeto Fixo;1;;;;;;;;;;1;;;;
15/09/2018;15:55:00;1934;sem vítima;75;BR-040/RJ;Norte;Choque - Objeto Fixo;1;;;;;;;;;;1;;;;
15/09/2018;16:13:00;1936;sem vítima;93;BR-040/RJ;Sul;Choque - Objeto Fixo;1;;;;;;;;;;1;;;;
15/09/2018;16:15:00;1938;com vítima;96;BR-040/RJ;Sul;Capotamento;1;;;;;;;;;;0;1;;;
15/09/2018;16:21:00;1940;sem vítima;5;BR-040/RJ;Sul;Choque - Objeto Fixo;1;;;;;;;;;;1;;;;
15/09/2018;16:15:00;1941;sem vítima;93;BR-040/RJ;Sul;Choque - Objeto Fixo;1;;;;;;;;;;1;;;;
15/09/2018;16:30:00;1945;sem vítima;86;BR-040/RJ;Sul;Choque - Objeto Fixo;1;;;;;;;;;;1;;;;
15/09/2018;16:42:00;1946;sem vítima;92;BR-040/RJ;Norte;Choque - Objeto Fixo;1;;;;;;;;;;1;;;;
15/09/2018;16:39:00;1947;sem vítima;51;BR-040/RJ;Norte;Choque - Objeto Fixo;1;;;;;;;;;;1;;;;
15/09/2018;17:20:00;1953;com vítima;121;BR-040/RJ;Norte;Choque - Objeto Fixo;1;;;;;;;;;;0;;1;;
15/09/2018;17:33:00;1954;com vítima;52;BR-040/RJ;Norte;Capotamento;1;;;;;;;;;;0;2;1;;
15/09/2018;18:22:00;1957;com vítima;104;BR-040/RJ;Norte;Colisão Traseira;1;;;1;;;;;;;1;1;;;
15/09/2018;20:57:00;1969;com vítima;116;BR-040/RJ;Sul;Choque - Objeto Fixo;1;;;;;;;;;;0;1;;;
15/09/2018;21:57:00;1977;com vítima;124;BR-040/RJ;Norte;Colisão Traseira;1;;;;;;;;;;0;;1;;
15/09/2018;22:18:00;1978;sem vítima;93;BR-040/RJ;Sul;Derrapagem;1;;;;;;;;;;1;;;;
16/09/2018;01:41:00;1993;sem vítima;59;BR-040/RJ;Norte;Choque - Objeto Fixo;1;;;;;;;;;;1;;;;
16/09/2018;08:34:00;2017;com vítima;825;BR-040/MG;Norte;Queda de Moto;;;;1;;;;;;;0;;;1;
16/09/2018;09:14:00;2019;sem vítima;82;BR-040/RJ;Sul;Colisão Traseira;2;;;;;;;;;;2;;;;
16/09/2018;10:18:00;2023;com vítima;30;BR-040/RJ;Sul;Queda de Moto;;;;1;;;;;;;0;;1;;
16/09/2018;15:33:00;2053;com vítima;121;BR-040/RJ;Sul;Colisão Traseira;1;;1;;;;;;;;0;6;;;
16/09/2018;21:12:00;2103;com vítima;21;BR-040/RJ;Norte;Atropelamento - Pedestre;1;;;;;;;;;;0;2;1;;
17/09/2018;05:06:00;2137;com vítima;78;BR-040/RJ;Norte;Choque - Objeto Fixo;;;1;;;;;;;;0;1;;;
17/09/2018;07:16:00;2155;com vítima;120;BR-040/RJ;Norte;Capotamento;1;;;;;;;;;;0;;1;;
17/09/2018;10:57:00;2196;com vítima;780;BR-040/MG;Norte;Tombamento;;;1;;;;;;;;0;1;;;
17/09/2018;11:04:00;2198;sem vítima;81;BR-040/RJ;Sul;Choque - Objeto Fixo;1;;;;;;;;;;1;;;;
17/09/2018;11:11:00;2199;sem vítima;97;BR-040/RJ;Sul;Choque - Objeto Fixo;1;;;;;;;;;;1;;;;
17/09/2018;11:36:00;2201;com vítima;43;BR-040/RJ;Norte;Choque - Objeto Fixo;1;;;;;;;;;;0;2;;;
17/09/2018;12:11:00;2206;sem vítima;92;BR-040/RJ;Sul;Choque - Objeto Fixo;1;;;;;;;;;;1;;;;
17/09/2018;12:28:00;2209;sem vítima;93;BR-040/RJ;Norte;Choque - Objeto Fixo;1;;;;;;;;;;1;;;;
17/09/2018;12:31:00;2210;sem vítima;93;BR-040/RJ;Sul;Choque - Objeto Fixo;1;;;;;;;;;;1;;;;
17/09/2018;13:15:00;2218;sem vítima;91;BR-040/RJ;Sul;Choque - Objeto Fixo;1;;;;;;;;;;1;;;;
17/09/2018;13:31:00;2219;com vítima;80;BR-040/RJ;Sul;Choque - Objeto Fixo;1;;;;;;;;;;0;;2;;
17/09/2018;13:13:00;2220;sem vítima;12;BR-040/RJ;Norte;Choque - Objeto Fixo;1;;;;;;;;;;1;;;;
17/09/2018;14:05:00;2224;sem vítima;93;BR-040/RJ;Sul;Choque - Objeto Fixo;1;;;;;;;;;;1;;;;
17/09/2018;13:55:00;2226;com vítima;80;BR-040/RJ;Sul;Choque - Objeto Fixo;1;;;;;;;;;;0;4;;;
17/09/2018;14:41:00;2227;sem vítima;75;BR-040/RJ;Sul;Choque - Objeto Fixo;1;;;;;;;;;;1;;;;
17/09/2018;15:29:00;2232;com vítima;32;BR-040/RJ;Sul;Capotamento;1;;;;;;;;;;0;1;;;
17/09/2018;15:44:00;2236;sem vítima;53;BR-040/RJ;Sul;Choque - Objeto Fixo;1;;;;;;;;;;1;;;;
17/09/2018;15:50:00;2237;sem vítima;74;BR-040/RJ;Norte;Choque - Objeto Fixo;1;;;;;;;;;;1;;;;
17/09/2018;16:21:00;2239;sem vítima;84;BR-040/RJ;Norte;Choque - Objeto Fixo;1;;;;;;;;;;1;;;;
17/09/2018;17:00:00;2247;com vítima;96;BR-040/RJ;Sul;Choque - Objeto Fixo;1;;;;;;;;;;0;1;;;
17/09/2018;17:19:00;2249;sem vítima;84;BR-040/RJ;Sul;Choque - Objeto Fixo;1;;;;;;;;;;1;;;;
17/09/2018;17:44:00;2253;sem vítima;92;BR-040/RJ;Sul;Choque - Objeto Fixo;1;;;;;;;;;;1;;;;
17/09/2018;18:04:00;2257;com vítima;825;BR-040/MG;Sul;Capotamento;1;;;;;;;;;;0;1;;;
17/09/2018;20:13:00;2265;sem vítima;121;BR-040/RJ;Sul;Colisão Lateral;1;;;;1;;;;;;2;;;;
17/09/2018;20:20:00;2266;sem vítima;43;BR-040/RJ;Sul;Choque - Objeto Fixo;1;;;;;;;;;;1;;;;