data;horario;n_da_ocorrencia;tipo_de_ocorrencia;km;trecho;sentido;tipo_de_acidente;automovel;bicicleta;caminhao;moto;onibus;outros;tracao_animal;transporte_de_cargas_especiais;trator_maquinas;utilitarios;ilesos;levemente_feridos;moderadamente_feridos;gravemente_feridos;mortos
18/09/2018;07:17:00;2302;com vítima;68;BR-040/RJ;Norte;Choque - Objeto Fixo;1;;;;;;;;;;0;2;;;
18/09/2018;08:34:00;2310;sem vítima;84;BR-040/RJ;Norte;Choque - Objeto Fixo;1;;;;;;;;;;1;;;;
18/09/2018;09:08:00;2312;sem vítima;2;BR-040/RJ;Sul;Choque - Objeto Fixo;1;;;;;;;;;;1;;;;
18/09/2018;10:46:00;2329;sem vítima;124;BR-040/RJ;Sul;Colisão Lateral;1;;1;;;;;;;;2;;;;
18/09/2018;17:53:00;2387;sem vítima;805;BR-040/MG;Sul;Colisão Lateral;1;;1;;;;;;;;2;;;;
18/09/2018;23:26:00;2414;sem vítima;98;BR-040/RJ;Sul;Atropelamento - Animal;;;1;;;;;;;;1;;;;
19/09/2018;06:36:00;2432;sem vítima;123;BR-040/RJ;Sul;Colisão Transversal;1;;1;;;;;;;;2;;;;
19/09/2018;10:49:00;2470;com vítima;110;BR-040/RJ;Sul;Colisão Traseira;1;;;1;;;;;;;1;;1;;
19/09/2018;11:13:00;2474;sem vítima;117;BR-040/RJ;Sul;Engavetamento;3;;;;;;;;;;3;;;;
19/09/2018;14:26:00;2489;sem vítima;44;BR-040/RJ;Sul;Colisão Traseira;1;;;;;1;;;;;2;;;;
19/09/2018;14:45:00;2494;sem vítima;94;BR-040/RJ;Norte;Queda de Moto;;;;1;;;;;;;1;;;;
19/09/2018;14:56:00;2496;sem vítima;123;BR-040/RJ;Norte;Colisão Lateral;2;;;;;;;;;;2;;;;
19/09/2018;17:27:00;2523;com vítima;794;BR-040/MG;Sul;Capotamento;1;;;;;;;;;;0;1;;;
20/09/2018;09:59:00;2617;sem vítima;80;BR-040/RJ;Norte;Queda de Moto;;;;1;;;;;;;1;;;;
20/09/2018;11:26:00;2634;sem vítima;104;BR-040/RJ;Norte;Colisão Traseira;2;;;;;;;;;;2;;;;
20/09/2018;08:10:00;2652;sem vítima;102;BR-040/RJ;Norte;Colisão Traseira;2;;;;;;;;;;2;;;;
20/09/2018;18:54:00;2702;com vítima;92;BR-040/RJ;Sul;Choque - Objeto Fixo;1;;;;;;;;;;0;1;;;
20/09/2018;19:31:00;2707;sem vítima;84;BR-040/RJ;Norte;Choque - Objeto Fixo;1;;;;;;;;;;1;;;;
20/09/2018;20:05:00;2713;sem vítima;92;BR-040/RJ;Sul;Choque - Objeto Fixo;1;;;;;;;;;;1;;;;
20/09/2018;20:36:00;2715;sem vítima;91;BR-040/RJ;Norte;Choque - Objeto Fixo;1;;;;;;;;;;1;;;;
21/09/2018;08:51:00;2765;com vítima;112;BR-040/RJ;Sul;Queda de Moto;;;;1;;;;;;;0;1;;;
21/09/2018;09:18:00;2772;sem vítima;85;BR-040/RJ;Sul;Choque - Objeto Fixo;1;;;;;;;;;;1;;;;
21/09/2018;11:20:00;2801;sem vítima;45;BR-040/RJ;Sul;Colisão Traseira;2;;;;;;;;;;2;;;;
21/09/2018;14:21:00;2817;com vítima;84;BR-040/RJ;Sul;Choque - Objeto Fixo;1;;;;;;;;;;0;1;1;;
21/09/2018;14:22:00;2818;sem vítima;97;BR-040/RJ;Sul;Choque - Objeto Fixo;1;;;;;;;;;;1;;;;
21/09/2018;14:22:00;2819;com vítima;84;BR-040/RJ;Sul;Colisão Transversal;2;;;;;;;;;;1;1;;;
21/09/2018;15:51:00;2831;com vítima;91;BR-040/RJ;Sul;Capotamento;1;;;;;;;;;;0;4;;;
21/09/2018;16:10:00;2835;com vítima;122;BR-040/RJ;Sul;Colisão Traseira;1;;;1;;;;;;;1;2;;;
21/09/2018;16:18:00;2836;sem vítima;91;BR-040/RJ;Norte;Choque - Objeto Fixo;;;1;;;;;;;;1;;;;
21/09/2018;16:21:00;2837;sem vítima;93;BR-040/RJ;Sul;Choque - Objeto Fixo;1;;;;;;;;;;1;;;;
21/09/2018;17:39:00;2848;sem vítima;91;BR-040/RJ;Norte;Choque - Objeto Fixo;1;;;;;;;;;;1;;;;
21/09/2018;19:50:00;2865;com vítima;86;BR-040/RJ;Sul;Capotamento;1;;;;;;;;;;0;2;;;
21/09/2018;22:42:00;2881;sem vítima;40;BR-040/RJ;Sul;Choque - Objeto Fixo;1;;;;;;;;;;1;;;;
22/09/2018;07:38:00;2914;com vítima;1;BR-040/RJ;Sul;Choque - Objeto Fixo;1;;;;;;;;;;0;1;1;;
22/09/2018;07:56:00;2918;com vítima;104;BR-040/RJ;Sul;Colisão Traseira;1;;;1;;;;;;;1;1;;;
22/09/2018;08:44:00;2922;sem vítima;84;BR-040/RJ;Norte;Choque - Objeto Fixo;;;1;;;;;;;;1;;;;
22/09/2018;10:09:00;2930;sem vítima;118;BR-040/RJ;Norte;Colisão Traseira;1;;;;;1;;;;;2;;;;
22/09/2018;15:05:00;2967;com vítima;89;BR-040/RJ;Norte;Tombamento;;;1;;;;;;;;0;;1;;
23/09/2018;07:07:00;3024;com vítima;800;BR-040/MG;Sul;Choque - Objeto Fixo;1;;;;;;;;;;0;1;;;
23/09/2018;14:38:00;3067;sem vítima;73;BR-040/RJ;Sul;Choque - Objeto Fixo;1;;;;;;;;;;1;;;;
23/09/2018;15:19:00;3076;com vítima;808;BR-040/MG;Norte;Choque - Objeto Fixo;1;;;;;;;;;;0;1;;;
23/09/2018;18:10:00;3097;sem vítima;107;BR-040/RJ;Sul;Atropelamento - Animal;;;;;1;;;;;;1;;;;
23/09/2018;18:49:00;3102;com vítima;115;BR-040/RJ;Norte;Engavetamento;3;;;;;;;;;;1;5;;;
24/09/2018;07:21:00;3154;sem vítima;7;BR-040/RJ;Norte;Choque - Objeto Fixo;1;;;;;;;;;;1;;;;
24/09/2018;09:22:00;3176;sem vítima;117;BR-040/RJ;Sul;Engavetamento;3;;;;;;;;;;3;;;;
24/09/2018;11:05:00;3191;sem vítima;111;BR-040/RJ;Norte;Colisão Traseira;2;;;;;;;;;;2;;;;
24/09/2018;16:36:00;3236;com vítima;125;BR-040/RJ;Sul;Colisão Lateral;;;1;1;;;;;;;1;1;;;
24/09/2018;20:25:00;3268;com vítima;111;BR-040/RJ;Sul;Colisão Traseira;1;;;;1;;;;;;0;6;;;
25/09/2018;16:20:00;3379;com vítima;108;BR-040/RJ;Norte;Tombamento;;;1;;;;;;;;0;1;;;
25/09/2018;16:26:00;3381;sem vítima;84;BR-040/RJ;Sul;Queda de Moto;;;;1;;;;;;;1;;;;
26/09/2018;04:13:00;3434;sem vítima;116;BR-040/RJ;Sul;Colisão Traseira;2;;;;;;;;;;2;;;;
26/09/2018;04:40:00;3436;com vítima;104;BR-040/RJ;Sul;Colisão Traseira;1;;1;;;;;;;;0;8;;;
26/09/2018;06:15:00;3441;com vítima;19;BR-040/RJ;Norte;Choque - Objeto Fixo;;;1;;;1;;;;;1;1;;;
26/09/2018;08:55:00;3464;com vítima;793;BR-040/MG;Norte;Choque - Objeto Fixo;1;;;;;;;;;;0;1;;;
26/09/2018;16:05:00;3519;sem vítima;94;BR-040/RJ;Norte;Colisão Lateral;;;2;;;;;;;;2;;;;
26/09/2018;16:28:00;3521;sem vítima;95;BR-040/RJ;Norte;Engavetamento;2;;;;;1;;;;;3;;;;
26/09/2018;18:14:00;3538;com vítima;75;BR-040/RJ;Norte;Queda de Moto;;;;1;;;;;;;0;;1;;
26/09/2018;18:17:00;3540;sem vítima;107;BR-040/RJ;Norte;Colisão Traseira;2;;;;;;;;;;2;;;;
26/09/2018;19:11:00;3545;sem vítima;118;BR-040/RJ;Norte;Colisão Lateral;1;;1;;;;;;;;2;;;;
27/09/2018;01:03:00;3575;com vítima;787;BR-040/MG;Norte;Capotamento;1;;;;;;;;;;0;1;;;
27/09/2018;02:31:00;3579;sem vítima;94;BR-040/RJ;Norte;Derrapagem;1;;;;;;;;;;1;;;;
27/09/2018;07:42:00;3605;com vítima;104;BR-040/RJ;Sul;Queda de Moto;;;;1;;;;;;;0;1;;;
27/09/2018;08:13:00;3610;sem vítima;804;BR-040/MG;Norte;Colisão Traseira;2;;;;;;;;;;2;;;;
27/09/2018;16:20:00;3679;sem vítima;54;BR-040/RJ;Norte;Colisão Lateral;1;;;;1;;;;;;2;;;;
27/09/2018;21:42:00;3716;sem vítima;117;BR-040/RJ;Norte;Choque - Objeto Fixo;1;;;;;;;;;;1;;;;
27/09/2018;23:31:00;3727;sem vítima;84;BR-040/RJ;Norte;Choque - Objeto Fixo;1;;;;;;;;;;1;;;;
28/09/2018;02:46:00;3734;sem vítima;30;BR-040/RJ;Sul;Choque - Objeto Fixo;1;;;;;;;;;;1;;;;
28/09/2018;13:07:00;3810;com vítima;114;BR-040/RJ;Norte;Choque - Objeto Fixo;2;;;;;;;;;;0;2;;;
28/09/2018;14:51:00;3824;com vítima;787;BR-040/MG;Norte;Capotamento;1;;;;;;;;;;0;1;;;
28/09/2018;14:57:00;3825;sem vítima;92;BR-040/RJ;Sul;Choque - Objeto Fixo;1;;;;;;;;;;1;;;;
28/09/2018;15:59:00;3830;sem vítima;31;BR-040/RJ;Norte;Choque - Objeto Fixo;1;;;;;;;;;;1;;;;
28/09/2018;15:59:00;3831;sem vítima;31;BR-040/RJ;Norte;Choque - Objeto Fixo;1;;;;;;;;;;1;;;;
28/09/2018;16:22:00;3833;com vítima;787;BR-040/MG;Norte;Colisão Traseira;1;;;1;;;;;;;1;1;;;
28/09/2018;16:52:00;3840;sem vítima;94;BR-040/RJ;Sul;Choque - Objeto Fixo;1;;;;;;;;;;1;;;;
28/09/2018;18:04:00;3848;sem vítima;115;BR-040/RJ;Norte;Engavetamento;2;;1;;;;;;;;3;;;;
28/09/2018;19:37:00;3858;sem vítima;1;BR-040/RJ;Norte;Choque - Objeto Fixo;1;;;;;;;;;;1;;;;
28/09/2018;19:45:00;3862;sem vítima;92;BR-040/RJ;Sul;Choque - Objeto Fixo;1;;;;;;;;;;1;;;;
28/09/2018;19:55:00;3863;sem vítima;78;BR-040/RJ;Sul;Choque - Objeto Fixo;1;;;;;;;;;;1;;;;
28/09/2018;20:05:00;3864;sem vítima;92;BR-040/RJ;Norte;Choque - Objeto Fixo;1;;;;;;;;;;1;;;;
28/09/2018;21:42:00;3873;sem vítima;92;BR-040/RJ;Sul;Choque - Objeto Fixo;1;;;;;;;;;;1;;;;
28/09/2018;22:07:00;3875;com vítima;12;BR-040/RJ;Norte;Atropelamento - Animal;1;;;;;;;;;;0;1;;;
28/09/2018;22:07:00;3877;com vítima;12;BR-040/RJ;Norte;Atropelamento - Animal;1;;;;;1;;;;;1;1;;;
28/09/2018;22:20:00;3879;sem vítima;12;BR-040/RJ;Norte;Atropelamento - Pedestre;1;;;;;;;;;;1;;;;
28/09/2018;22:32:00;3880;sem vítima;93;BR-040/RJ;Norte;Choque - Objeto Fixo;1;;;;;;;;;;1;;;;
29/09/2018;00:56:00;3892;sem vítima;124;BR-040/RJ;Sul;Choque - Objeto Fixo;1;;;;;;;;;;1;;;;
29/09/2018;01:49:00;3899;sem vítima;60;BR-040/RJ;Sul;Choque - Objeto Fixo;1;;;;;;;;;;1;;;;
29/09/2018;03:30:00;3906;sem vítima;84;BR-040/RJ;Norte;Choque - Objeto Fixo;1;;;;;;;;;;1;;;;
29/09/2018;04:31:00;3910;com vítima;113;BR-040/RJ;Norte;Colisão Traseira;2;;;;;;;;;;1;1;;;
29/09/2018;05:36:00;3914;sem vítima;119;BR-040/RJ;Norte;Choque - Objeto Fixo;1;;;;;;;;;;1;;;;
29/09/2018;05:36:00;3918;com vítima;119;BR-040/RJ;Norte;Colisão Traseira;1;;;2;;;;;;;2;;1;;
29/09/2018;09:51:00;3936;com vítima;99;BR-040/RJ;Norte;Colisão Lateral;1;;;1;;;;;;;1;;1;;
29/09/2018;11:49:00;3954;sem vítima;119;BR-040/RJ;Norte;Engavetamento;3;;;;;;;;;;3;;;;
29/09/2018;13:06:00;3963;sem vítima;97;BR-040/RJ;Sul;Choque - Objeto Fixo;1;;;;;;;;;;1;;;;
29/09/2018;15:01:00;3972;com vítima;90;BR-040/RJ;Norte;Queda de Moto;;;;1;;;;;;;0;1;;;
29/09/2018;16:19:00;3980;sem vítima;105;BR-040/RJ;Norte;Colisão Lateral;1;;;1;;;;;;;2;;;;
29/09/2018;16:55:00;3990;sem vítima;18;BR-040/RJ;Sul;Choque - Objeto Fixo;1;;;;;;;;;;1;;;;
29/09/2018;17:33:00;3995;com vítima;92;BR-040/RJ;Norte;Choque - Objeto Fixo;1;;;;;;;;;;0;1;;;
29/09/2018;18:12:00;4002;sem vítima;92;BR-040/RJ;Sul;Choque - Objeto Fixo;1;;;;;;;;;;1;;;;
29/09/2018;18:43:00;4008;com vítima;102;BR-040/RJ;Norte;Colisão Frontal;1;;;1;;;;;;;1;;1;;
30/09/2018;01:58:00;4036;sem vítima;52;BR-040/RJ;Sul;Choque - Objeto Fixo;1;;;;;;;;;;1;;;;
30/09/2018;05:16:00;4040;com vítima;803;BR-040/MG;Norte;Choque - Objeto Fixo;1;;;;;;;;;;0;1;;;
30/09/2018;06:18:00;4043;sem vítima;78;BR-040/RJ;Norte;Choque - Objeto Fixo;1;;;;;1;;;;;2;;;;
30/09/2018;07:08:00;4045;sem vítima;84;BR-040/RJ;Sul;Choque - Objeto Fixo;1;;;;;;;;;;1;;;;
30/09/2018;09:32:00;4054;sem vítima;801;BR-040/MG;Norte;Colisão Traseira;2;;;;;;;;;;2;;;;
30/09/2018;10:08:00;4059;sem vítima;86;BR-040/RJ;Norte;Choque - Objeto Fixo;1;;;;;;;;;;1;;;;
30/09/2018;10:23:00;4062;sem vítima;782;BR-040/MG;Norte;Engavetamento;3;;;;;;;;;;3;;;;
30/09/2018;11:10:00;4070;com vítima;84;BR-040/RJ;Sul;Queda de Moto;;;;1;;;;;;;0;2;;;
30/09/2018;14:05:00;4096;com vítima;796;BR-040/MG;Sul;Queda de Moto;;;;1;;;;;;;0;2;;;
30/09/2018;16:30:00;4113;com vítima;78;BR-040/RJ;Sul;Capotamento;1;;;;;;;;;;0;3;;;
30/09/2018;22:03:00;4150;sem vítima;123;BR-040/RJ;Norte;Choque - Objeto Fixo;1;;;;;;;;;;1;;;;
30/09/2018;22:40:00;4157;sem vítima;54;BR-040/RJ;Sul;Colisão Lateral;1;;1;;;;;;;;2;;;;
01/10/2018;08:10:00;28;com vítima;89;BR-040/RJ;Norte;Choque - Objeto Fixo;1;;;;;;;;;;0;2;;;
01/10/2018;08:59:00;39;sem vítima;109;BR-040/RJ;Norte;Colisão Lateral;1;;1;;;;;;;;2;;;;
01/10/2018;11:51:00;59;sem vítima;109;BR-040/RJ;Norte;Colisão Traseira;2;;;;;;;;;;2;;;;
01/10/2018;15:14:00;88;sem vítima;122;BR-040/RJ;Sul;Engavetamento;2;;;;;1;;;;;3;;;;
01/10/2018;17:35:00;115;sem vítima;38;BR-040/RJ;Norte;Choque - Objeto Fixo;1;;;;;;;;;;1;;;;
01/10/2018;18:21:00;120;sem vítima;101;BR-040/RJ;Norte;Colisão Traseira;2;;;;;;;;;;2;;;;
02/10/2018;06:47:00;165;com vítima;31;BR-040/RJ;Sul;Queda de Moto;;;;1;;;;;;;0;;1;;
02/10/2018;09:22:00;187;sem vítima;14;BR-040/RJ;Norte;Choque - Objeto Fixo;1;;;;;;;;;;1;;;;
02/10/2018;12:18:00;220;sem vítima;116;BR-040/RJ;Sul;Colisão Traseira;1;;1;;;;;;;;2;;;;
02/10/2018;16:26:00;264;com vítima;105;BR-040/RJ;Norte;Colisão Frontal;;1;;1;;;;;;;0;2;;;
02/10/2018;17:45:00;277;com vítima;19;BR-040/RJ;Sul;Atropelamento - Pedestre;;;1;;;;;;;;0;1;1;;
02/10/2018;18:14:00;282;sem vítima;111;BR-040/RJ;Norte;Colisão Traseira;2;;;;;;;;;;2;;;;
02/10/2018;20:13:00;297;sem vítima;125;BR-040/RJ;Norte;Capotamento;1;;;;;;;;;;1;;;;
03/10/2018;08:09:00;341;sem vítima;121;BR-040/RJ;Sul;Colisão Lateral;1;;1;;;;;;;;2;;;;
03/10/2018;08:32:00;346;com vítima;90;BR-040/RJ;Sul;Tombamento;;;1;;;;;;;;0;;;1;
03/10/2018;10:34:00;362;sem vítima;75;BR-040/RJ;Sul;Colisão Traseira;1;;1;;;;;;;;2;;;;
03/10/2018;12:16:00;375;com vítima;102;BR-040/RJ;Norte;Colisão Frontal;1;;;1;;;;;;;0;1;1;;
03/10/2018;15:53:00;408;sem vítima;114;BR-040/RJ;Norte;Choque - Objeto Fixo;1;;;;;;;;;;1;;;;
03/10/2018;17:17:00;421;com vítima;44;BR-040/RJ;Norte;Choque - Objeto Fixo;1;;;;;;;;;;0;1;;;
03/10/2018;20:10:00;441;com vítima;30;BR-040/RJ;Sul;Capotamento;1;;;;;;;;;;0;1;;;
03/10/2018;20:50:00;444;sem vítima;77;BR-040/RJ;Norte;Choque - Objeto Fixo;1;;;;;;;;;;1;;;;
03/10/2018;22:34:00;449;sem vítima;101;BR-040/RJ;Sul;Colisão Frontal;2;;;;;;;;;;2;;;;
04/10/2018;05:09:00;465;sem vítima;93;BR-040/RJ;Sul;Choque - Objeto Fixo;1;;;;;;;;;;1;;;;
04/10/2018;05:58:00;469;com vítima;101;BR-040/RJ;Norte;Queda de Moto;;;;2;;;;;;;1;1;;;
04/10/2018;07:21:00;477;sem vítima;92;BR-040/RJ;Norte;Choque - Objeto Fixo;1;;;;;;;;;;1;;;;
04/10/2018;07:27:00;478;sem vítima;75;BR-040/RJ;Norte;Choque - Objeto Fixo;1;;;;;;;;;;1;;;;
04/10/2018;07:57:00;481;com vítima;118;BR-040/RJ;Sul;Colisão Lateral;1;;;1;;;;;;;1;1;;;
04/10/2018;08:31:00;483;sem vítima;118;BR-040/RJ;Norte;Choque - Objeto Fixo;1;;;;;;;;;;1;;;;
04/10/2018;08:55:00;486;sem vítima;85;BR-040/RJ;Norte;Choque - Objeto Fixo;1;;;;;;;;;;1;;;;
04/10/2018;09:09:00;488;sem vítima;90;BR-040/RJ;Sul;Choque - Objeto Fixo;1;;;;;;;;;;1;;;;
04/10/2018;09:31:00;492;sem vítima;77;BR-040/RJ;Sul;Capotamento;1;;;;;;;;;;1;;;;
04/10/2018;10:48:00;504;com vítima;94;BR-040/RJ;Sul;Choque - Objeto Fixo;1;;;;;;;;;;0;;1;;
04/10/2018;11:11:00;506;com vítima;92;BR-040/RJ;Norte;Choque - Objeto Fixo;1;;;;;;;;;;0;;2;;
04/10/2018;12:22:00;511;sem vítima;93;BR-040/RJ;Norte;Choque - Objeto Fixo;1;;;;;;;;;;1;;;;
04/10/2018;13:33:00;517;sem vítima;91;BR-040/RJ;Norte;Choque - Objeto Fixo;1;;;;;;;;;;1;;;;
04/10/2018;13:42:00;518;com vítima;84;BR-040/RJ;Sul;Choque - Objeto Fixo;1;;;;;;;;;;0;1;;;
04/10/2018;13:51:00;519;com vítima;77;BR-040/RJ;Sul;Choque - Objeto Fixo;1;;;;;;;;;;0;2;1;;
04/10/2018;13:59:00;520;sem vítima;93;BR-040/RJ;Sul;Choque - Objeto Fixo;1;;;;;;;;;;1;;;;
04/10/2018;15:15:00;530;com vítima;91;BR-040/RJ;Norte;Queda de Moto;;;;1;;;;;;;0;1;;;
04/10/2018;15:32:00;534;sem vítima;92;BR-040/RJ;Sul;Choque - Objeto Fixo;1;;;;;;;;;;1;;;;
04/10/2018;15:35:00;537;sem vítima;74;BR-040/RJ;Norte;Choque - Objeto Fixo;1;;;;;;;;;;1;;;;
04/10/2018;16:13:00;540;sem vítima;91;BR-040/RJ;Norte;Choque - Objeto Fixo;1;;;;;;;;;;1;;;;
04/10/2018;16:24:00;541;sem vítima;84;BR-040/RJ;Sul;Choque - Objeto Fixo;1;;;;;;;;;;1;;;;
04/10/2018;16:46:00;542;sem vítima;83;BR-040/RJ;Norte;Choque - Objeto Fixo;1;;;;;;;;;;1;;;;
04/10/2018;16:55:00;544;com vítima;105;BR-040/RJ;Sul;Colisão Transversal;1;1;;;;;;;;;1;1;;;
04/10/2018;19:00:00;562;sem vítima;807;BR-040/MG;Norte;Choque - Objeto Fixo;;;1;;;;;;;;1;;;;
04/10/2018;19:59:00;571;sem vítima;91;BR-040/RJ;Norte;Choque - Objeto Fixo;1;;;;;;;;;;1;;;;
05/10/2018;00:11:00;589;com vítima;78;BR-040/RJ;Sul;Tombamento;;;1;;;;;;;;0;1;2;;
05/10/2018;02:52:00;590;com vítima;112;BR-040/RJ;Norte;Capotamento;1;;;;;;;;;;0;1;;;
05/10/2018;06:57:00;601;sem vítima;92;BR-040/RJ;Sul;Choque - Objeto Fixo;1;;;;;;;;;;1;;;;
05/10/2018;07:07:00;602;sem vítima;120;BR-040/RJ;Sul;Engavetamento;3;;1;;;;;;;;4;;;;
05/10/2018;07:13:00;603;sem vítima;120;BR-040/RJ;Norte;Colisão Traseira;1;;1;;;;;;;;2;;;;
05/10/2018;07:19:00;606;sem vítima;83;BR-040/RJ;Norte;Choque - Objeto Fixo;1;;;;;;;;;;1;;;;
05/10/2018;08:43:00;618;sem vítima;92;BR-040/RJ;Norte;Choque - Objeto Fixo;1;;;;;;;;;;1;;;;
05/10/2018;09:56:00;628;sem vítima;94;BR-040/RJ;Sul;Choque - Objeto Fixo;1;;;;;;;;;;1;;;;
05/10/2018;10:06:00;629;sem vítima;90;BR-040/RJ;Norte;Colisão Lateral;1;;;;;;;;;;1;;;;
05/10/2018;10:16:00;630;sem vítima;93;BR-040/RJ;Sul;Choque - Objeto Fixo;1;;;;;;;;;;1;;;;
05/10/2018;10:21:00;631;sem vítima;90;BR-040/RJ;Sul;Choque - Objeto Fixo;1;;;;;;;;;;1;;;;
05/10/2018;10:15:00;632;sem vítima;120;BR-040/RJ;Sul;Colisão Traseira;1;;;;1;;;;;;2;;;;
05/10/2018;11:02:00;641;com vítima;90;BR-040/RJ;Norte;Colisão Transversal;2;;;;;;;;;;2;1;;;
05/10/2018;11:52:00;643;sem vítima;104;BR-040/RJ;Norte;Colisão Lateral;2;;;;;;;;;;2;;;;
05/10/2018;12:11:00;647;sem vítima;92;BR-040/RJ;Norte;Choque - Objeto Fixo;1;;;;;;;;;;1;;;;
05/10/2018;12:31:00;651;sem vítima;75;BR-040/RJ;Sul;Choque - Objeto Fixo;1;;;;;;;;;;1;;;;
05/10/2018;12:53:00;654;sem vítima;91;BR-040/RJ;Norte;Choque - Objeto Fixo;1;;;;;;;;;;1;;;;
05/10/2018;13:04:00;655;com vítima;93;BR-040/RJ;Sul;Capotamento;1;;;;;;;;;;0;;1;;
05/10/2018;14:06:00;656;sem vítima;84;BR-040/RJ;Norte;Choque - Objeto Fixo;1;;;;;;;;;;1;;;;
05/10/2018;14:27:00;658;sem vítima;92;BR-040/RJ;Sul;Choque - Objeto Fixo;1;;;;;;;;;;1;;;;
05/10/2018;16:45:00;674;com vítima;75;BR-040/RJ;Norte;Choque - Objeto Fixo;1;;;;;;;;;;0;3;1;;
05/10/2018;17:32:00;682;sem vítima;91;BR-040/RJ;Sul;Choque - Objeto Fixo;1;;;;;;;;;;1;;;;
05/10/2018;17:45:00;684;sem vítima;92;BR-040/RJ;Sul;Choque - Objeto Fixo;1;;;;;;;;;;1;;;;
05/10/2018;18:17:00;686;sem vítima;111;BR-040/RJ;Norte;Colisão Traseira;1;;;;;1;;;;;2;;;;
05/10/2018;18:51:00;691;sem vítima;120;BR-040/RJ;Sul;Engavetamento;3;;;;;;;;;;3;;;;
05/10/2018;23:56:00;721;com vítima;18;BR-040/RJ;Norte;Atropelamento - Animal;1;;;;;;;;;;0;2;;;
06/10/2018;05:18:00;735;com vítima;803;BR-040/MG;Norte;Colisão Traseira;1;;1;;;;;;;;1;3;;;
06/10/2018;08:49:00;746;com vítima;125;BR-040/RJ;Norte;Colisão Traseira;1;;;1;;;;;;;1;1;;;
06/10/2018;09:32:00;749;sem vítima;123;BR-040/RJ;Norte;Colisão Lateral;1;;;;1;;;;;;2;;;;
06/10/2018;09:50:00;750;com vítima;118;BR-040/RJ;Sul;Colisão Traseira;1;;;1;;;;;;;1;1;;;
06/10/2018;12:30:00;767;com vítima;118;BR-040/RJ;Sul;Atropelamento - Pedestre;;;1;;;;;;;;1;;;;1
06/10/2018;14:43:00;777;sem vítima;113;BR-040/RJ;Sul;Colisão Lateral;1;;1;;;;;;;;2;;;;
06/10/2018;15:20:00;781;com vítima;122;BR-040/RJ;Norte;Queda de Moto;;;;1;;;;;;;0;1;1;;
06/10/2018;15:50:00;782;com vítima;108;BR-040/RJ;Norte;Tombamento;;;1;;;1;;;;;1;1;;;
06/10/2018;20:03:00;808;com vítima;101;BR-040/RJ;Sul;Colisão Frontal;2;;;;;;;;;;1;2;1;;
06/10/2018;20:05:00;810;sem vítima;36;BR-040/RJ;Norte;Atropelamento - Animal;1;;;;;;;;;;1;;;;
06/10/2018;22:15:00;819;sem vítima;112;BR-040/RJ;Norte;Engavetamento;4;;;;;;;;;;4;;;;
06/10/2018;22:33:00;820;sem vítima;75;BR-040/RJ;Sul;Derrapagem;1;;;;;;;;;;1;;;;
07/10/2018;02:24:00;828;sem vítima;72;BR-040/RJ;Norte;Derrapagem;1;;;;;;;;;;1;;;;
07/10/2018;06:48:00;840;sem vítima;94;BR-040/RJ;Norte;Choque - Objeto Fixo;1;;;;;;;;;;1;;;;
07/10/2018;06:59:00;843;sem vítima;92;BR-040/RJ;Norte;Choque - Objeto Fixo;1;;;;;;;;;;1;;;;
07/10/2018;08:07:00;848;sem vítima;84;BR-040/RJ;Norte;Choque - Objeto Fixo;1;;;;;;;;;;1;;;;
07/10/2018;12:41:00;873;sem vítima;90;BR-040/RJ;Sul;Choque - Objeto Fixo;1;;;;;;;;;;1;;;;
07/10/2018;16:51:00;912;com vítima;113;BR-040/RJ;Norte;Engavetamento;6;;;;;1;;;;;1;12;;;
07/10/2018;18:10:00;918;sem vítima;43;BR-040/RJ;Norte;Choque - Objeto Fixo;1;;;;;;;;;;1;;;;
07/10/2018;20:02:00;927;com vítima;45;BR-040/RJ;Norte;Queda de Moto;;;;1;;;;;;;0;1;;;
07/10/2018;22:41:00;933;com vítima;40;BR-040/RJ;Sul;Derrapagem;1;;;;;;;;;;0;4;;;
08/10/2018;00:04:00;938;com vítima;2;BR-040/RJ;Norte;Derrapagem;;;1;;;;;;;;0;1;;;
08/10/2018;15:27:00;1027;sem vítima;124;BR-040/RJ;Sul;Colisão Lateral;1;;1;;;;;;;;2;;;;
08/10/2018;16:25:00;1036;sem vítima;93;BR-040/RJ;Sul;Choque - Objeto Fixo;1;;;;;;;;;;1;;;;
08/10/2018;16:36:00;1039;sem vítima;91;BR-040/RJ;Norte;Choque - Objeto Fixo;1;;;;;;;;;;1;;;;
08/10/2018;16:53:00;1042;sem vítima;78;BR-040/RJ;Sul;Choque - Objeto Fixo;1;;;;;;;;;;1;;;;
08/10/2018;17:17:00;1043;sem vítima;89;BR-040/RJ;Norte;Choque - Objeto Fixo;1;;;;;;;;;;1;;;;
08/10/2018;17:05:00;1044;sem vítima;73;BR-040/RJ;Norte;Choque - Objeto Fixo;1;;;;;;;;;;1;;;;
08/10/2018;17:28:00;1045;sem vítima;785;BR-040/MG;Norte;Choque - Objeto Fixo;1;;;;;;;;;;1;;;;
08/10/2018;17:32:00;1048;sem vítima;84;BR-040/RJ;Norte;Choque - Objeto Fixo;1;;;;;;;;;;1;;;;
08/10/2018;17:32:00;1049;sem vítima;112;BR-040/RJ;Norte;Colisão Traseira;2;;;;;;;;;;2;;;;