data;horario;n_da_ocorrencia;tipo_de_ocorrencia;km;trecho;sentido;tipo_de_acidente;automovel;bicicleta;caminhao;moto;onibus;outros;tracao_animal;transporte_de_cargas_especiais;trator_maquinas;utilitarios;ilesos;levemente_feridos;moderadamente_feridos;gravemente_feridos;mortos
08/10/2018;18:05:00;1051;com vítima;101;BR-040/RJ;Norte;Colisão Lateral;1;;1;;;;;;;;1;1;;;
09/10/2018;00:37:00;1083;sem vítima;89;BR-040/RJ;Norte;Derrapagem;1;;;;;;;;;;1;;;;
09/10/2018;05:24:00;1092;com vítima;21;BR-040/RJ;Sul;Atropelamento - Pedestre;;;;;;1;;;;;1;;;;1
09/10/2018;05:25:00;1093;com vítima;114;BR-040/RJ;Sul;Colisão Traseira;1;;;1;;;;;;;1;;1;;
09/10/2018;05:47:00;1096;sem vítima;91;BR-040/RJ;Norte;Choque - Objeto Fixo;1;;;;;;;;;;1;;;;
09/10/2018;08:04:00;1108;com vítima;119;BR-040/RJ;Sul;Queda de Moto;;;;1;;;;;;;0;1;;;
09/10/2018;09:05:00;1117;sem vítima;92;BR-040/RJ;Norte;Choque - Objeto Fixo;1;;;;;;;;;;1;;;;
09/10/2018;10:27:00;1135;sem vítima;84;BR-040/RJ;Sul;Choque - Objeto Fixo;1;;;;;;;;;;1;;;;
09/10/2018;10:39:00;1139;sem vítima;82;BR-040/RJ;Sul;Colisão Traseira;2;;;;;;;;;;2;;;;
09/10/2018;11:25:00;1147;sem vítima;92;BR-040/RJ;Sul;Derrapagem;1;;;;;;;;;;1;;;;
09/10/2018;11:29:00;1148;sem vítima;90;BR-040/RJ;Norte;Choque - Objeto Fixo;1;;;;;;;;;;1;;;;
09/10/2018;11:52:00;1152;com vítima;91;BR-040/RJ;Sul;Choque - Objeto Fixo;1;;;;;;;;;;0;1;1;;
09/10/2018;12:16:00;1153;sem vítima;84;BR-040/RJ;Norte;Choque - Objeto Fixo;1;;;;;;;;;;1;;;;
09/10/2018;13:14:00;1159;sem vítima;79;BR-040/RJ;Sul;Choque - Objeto Fixo;1;;;;;;;;;;1;;;;
10/10/2018;07:45:00;1246;sem vítima;105;BR-040/RJ;Norte;Colisão Lateral;2;;;;;;;;;;2;;;;
10/10/2018;08:36:00;1259;com vítima;25;BR-040/RJ;Sul;Tombamento;;;1;;;;;;;;0;1;;;
10/10/2018;13:47:00;1306;sem vítima;105;BR-040/RJ;Norte;Colisão Lateral;1;;1;;;;;;;;2;;;;
10/10/2018;15:01:00;1316;com vítima;31;BR-040/RJ;Sul;Capotamento;1;;;;;;;;;;0;2;;;
10/10/2018;15:21:00;1319;sem vítima;120;BR-040/RJ;Norte;Colisão Lateral;1;;;;;1;;;;;2;;;;
10/10/2018;15:22:00;1320;sem vítima;62;BR-040/RJ;Norte;Choque - Objeto Fixo;1;;;;;;;;;;1;;;;
10/10/2018;23:44:00;1386;sem vítima;77;BR-040/RJ;Sul;Derrapagem;1;;;;;;;;;;1;;;;
11/10/2018;01:34:00;1391;sem vítima;113;BR-040/RJ;Sul;Choque - Objeto Fixo;1;;;;;;;;;;1;;;;
11/10/2018;05:45:00;1397;sem vítima;60;BR-040/RJ;Sul;Choque - Objeto Fixo;1;;;;;;;;;;1;;;;
11/10/2018;05:51:00;1399;com vítima;119;BR-040/RJ;Sul;Atropelamento - Pedestre;1;;;;;;;;;;0;2;;;1
11/10/2018;06:48:00;1403;sem vítima;794;BR-040/MG;Sul;Choque - Objeto Fixo;1;;;;;;;;;;1;;;;
11/10/2018;07:29:00;1410;sem vítima;90;BR-040/RJ;Sul;Choque - Objeto Fixo;1;;;;;;;;;;1;;;;
11/10/2018;07:58:00;1415;sem vítima;787;BR-040/MG;Norte;Derrapagem;1;;;;;;;;;;1;;;;
11/10/2018;08:32:00;1423;com vítima;94;BR-040/RJ;Norte;Choque - Objeto Fixo;1;;;;;;;;;;0;1;;;
11/10/2018;08:38:00;1424;com vítima;83;BR-040/RJ;Norte;Choque - Objeto Fixo;1;;;;;;;;;;0;1;;;
11/10/2018;10:08:00;1431;sem vítima;109;BR-040/RJ;Norte;Colisão Traseira;1;;1;;;;;;;;2;;;;
11/10/2018;11:45:00;1435;com vítima;92;BR-040/RJ;Sul;Choque - Objeto Fixo;1;;;;;;;;;;0;2;;;
11/10/2018;12:16:00;1440;sem vítima;114;BR-040/RJ;Sul;Colisão Traseira;2;;;;;;;;;;2;;;;
11/10/2018;12:32:00;1442;com vítima;92;BR-040/RJ;Sul;Capotamento;1;;;;;;;;;;0;1;;;
11/10/2018;12:33:00;1443;sem vítima;90;BR-040/RJ;Norte;Choque - Objeto Fixo;1;;;;;;;;;;1;;;;
11/10/2018;13:04:00;1445;com vítima;93;BR-040/RJ;Sul;Choque - Objeto Fixo;1;;;;;;;;;;0;5;;;
11/10/2018;14:36:00;1456;sem vítima;91;BR-040/RJ;Sul;Choque - Objeto Fixo;1;;;;;;;;;;1;;;;
11/10/2018;14:47:00;1458;com vítima;38;BR-040/RJ;Sul;Colisão Traseira;;;1;;1;;;;;;0;3;;;
11/10/2018;15:15:00;1462;sem vítima;46;BR-040/RJ;Norte;Colisão Traseira;1;;;;;1;;;;;2;;;;
11/10/2018;14:48:00;1464;sem vítima;75;BR-040/RJ;Sul;Choque - Objeto Fixo;1;;;;;;;;;;1;;;;
11/10/2018;18:47:00;1491;sem vítima;92;BR-040/RJ;Sul;Choque - Objeto Fixo;1;;;;;;;;;;1;;;;
11/10/2018;20:19:00;1507;com vítima;93;BR-040/RJ;Sul;Capotamento;1;;;;;;;;;;0;4;;;
11/10/2018;20:55:00;1515;com vítima;85;BR-040/RJ;Sul;Choque - Objeto Fixo;1;;;;;;;;;;0;1;;;
11/10/2018;22:08:00;1520;sem vítima;93;BR-040/RJ;Sul;Choque - Objeto Fixo;1;;;;;;;;;;1;;;;
11/10/2018;23:16:00;1529;sem vítima;86;BR-040/RJ;Norte;Choque - Objeto Fixo;1;;;;;;;;;;1;;;;
11/10/2018;23:47:00;1533;sem vítima;803;BR-040/MG;Norte;Atropelamento - Animal;1;;;;;;;;;;1;;;;
12/10/2018;03:07:00;1548;sem vítima;78;BR-040/RJ;Sul;Choque - Objeto Fixo;1;;;;;;;;;;1;;;;
12/10/2018;03:27:00;1550;sem vítima;46;BR-040/RJ;Norte;Atropelamento - Animal;1;;;;;;;;;;1;;;;
12/10/2018;04:54:00;1553;sem vítima;51;BR-040/RJ;Sul;Atropelamento - Animal;;;;;1;;;;;;1;;;;
12/10/2018;05:45:00;1559;sem vítima;110;BR-040/RJ;Norte;Colisão Traseira;1;;;;1;;;;;;2;;;;
12/10/2018;06:19:00;1563;sem vítima;92;BR-040/RJ;Sul;Choque - Objeto Fixo;1;;;;;;;;;;1;;;;
12/10/2018;06:42:00;1565;sem vítima;94;BR-040/RJ;Sul;Choque - Objeto Fixo;1;;;;;;;;;;1;;;;
12/10/2018;06:50:00;1566;sem vítima;96;BR-040/RJ;Sul;Choque - Objeto Fixo;1;;;;;;;;;;1;;;;
12/10/2018;07:02:00;1568;sem vítima;83;BR-040/RJ;Sul;Choque - Objeto Fixo;1;;;;;;;;;;1;;;;
12/10/2018;07:09:00;1569;sem vítima;77;BR-040/RJ;Sul;Choque - Objeto Fixo;1;;;;;;;;;;1;;;;
12/10/2018;07:29:00;1571;com vítima;91;BR-040/RJ;Sul;Capotamento;1;;;;;;;;;;0;2;;;
12/10/2018;08:11:00;1576;sem vítima;827;BR-040/MG;Norte;Colisão Lateral;1;;1;;;;;;;;2;;;;
12/10/2018;08:16:00;1577;sem vítima;84;BR-040/RJ;Sul;Choque - Objeto Fixo;1;;;;;;;;;;1;;;;
12/10/2018;08:29:00;1579;com vítima;828;BR-040/MG;Norte;Choque - Objeto Fixo;1;;;;;;;;;;0;4;;;
12/10/2018;09:24:00;1589;sem vítima;93;BR-040/RJ;Norte;Choque - Objeto Fixo;1;;;;;;;;;;1;;;;
12/10/2018;09:47:00;1591;com vítima;90;BR-040/RJ;Sul;Choque - Objeto Fixo;1;;;;;;;;;;0;3;;;
12/10/2018;09:54:00;1593;sem vítima;92;BR-040/RJ;Sul;Choque - Objeto Fixo;1;;;;;;;;;;1;;;;
12/10/2018;10:03:00;1594;com vítima;94;BR-040/RJ;Sul;Choque - Objeto Fixo;1;;;;;;;;;;0;;1;;
12/10/2018;11:22:00;1607;com vítima;810;BR-040/MG;Norte;Colisão Lateral;1;;;1;;;;;;;1;2;;;
12/10/2018;22:52:00;1682;com vítima;6;BR-040/RJ;Sul;Choque - Objeto Fixo;1;;;;;;;;;;0;2;;;
13/10/2018;00:37:00;1687;com vítima;120;BR-040/RJ;Sul;Queda de Moto;;;;1;;;;;;;0;1;1;;
13/10/2018;03:16:00;1693;com vítima;123;BR-040/RJ;Sul;Colisão Traseira;2;;;;;;;;;;1;2;;;
13/10/2018;04:53:00;1695;com vítima;74;BR-040/RJ;Sul;Capotamento;1;;;;;;;;;;0;5;;;
13/10/2018;10:29:00;1729;sem vítima;113;BR-040/RJ;Norte;Derrapagem;1;;;;;;;;;;1;;;;
13/10/2018;10:31:00;1731;sem vítima;784;BR-040/MG;Norte;Choque - Objeto Fixo;1;;;;;;;;;;1;;;;
13/10/2018;11:25:00;1742;com vítima;101;BR-040/RJ;Norte;Atropelamento - Pedestre;;;;1;;;;;;;0;1;;1;
13/10/2018;12:10:00;1745;sem vítima;17;BR-040/RJ;Sul;Choque - Objeto Fixo;;;1;;;;;;;;1;;;;
13/10/2018;22:05:00;1841;sem vítima;93;BR-040/RJ;Sul;Choque - Objeto Fixo;1;;;;;;;;;;1;;;;
14/10/2018;00:29:00;1852;sem vítima;793;BR-040/MG;Norte;Choque - Objeto Fixo;1;;;;;;;;;;1;;;;
14/10/2018;06:43:00;1870;sem vítima;70;BR-040/RJ;Sul;Choque - Objeto Fixo;1;;;;;;;;;;1;;;;
14/10/2018;06:51:00;1871;sem vítima;108;BR-040/RJ;Norte;Choque - Objeto Fixo;1;;;;;;;;;;1;;;;
14/10/2018;07:17:00;1873;sem vítima;93;BR-040/RJ;Sul;Choque - Objeto Fixo;1;;;;;;;;;;1;;;;
14/10/2018;07:23:00;1874;sem vítima;93;BR-040/RJ;Sul;Choque - Objeto Fixo;1;;;;;;;;;;1;;;;
14/10/2018;07:30:00;1875;sem vítima;93;BR-040/RJ;Sul;Choque - Objeto Fixo;1;;;;;;;;;;1;;;;
14/10/2018;07:54:00;1878;sem vítima;94;BR-040/RJ;Norte;Choque - Objeto Fixo;1;;;;;;;;;;1;;;;
14/10/2018;08:31:00;1882;sem vítima;90;BR-040/RJ;Sul;Derrapagem;1;;;;;;;;;;1;;;;
14/10/2018;09:09:00;1888;com vítima;92;BR-040/RJ;Sul;Choque - Objeto Fixo;1;;;;;;;;;;0;1;;;
14/10/2018;09:36:00;1892;com vítima;92;BR-040/RJ;Sul;Tombamento;1;;;;;;;;;;0;1;;;
14/10/2018;09:52:00;1895;sem vítima;88;BR-040/RJ;Norte;Choque - Objeto Fixo;1;;;;;;;;;;1;;;;
14/10/2018;11:18:00;1913;sem vítima;94;BR-040/RJ;Sul;Choque - Objeto Fixo;1;;;;;;;;;;1;;;;
14/10/2018;11:18:00;1914;sem vítima;94;BR-040/RJ;Sul;Choque - Objeto Fixo;1;;;;;;;;;;1;;;;
14/10/2018;11:43:00;1919;com vítima;75;BR-040/RJ;Sul;Capotamento;1;;;;;;;;;;0;5;;;
14/10/2018;11:50:00;1920;sem vítima;93;BR-040/RJ;Sul;Choque - Objeto Fixo;1;;;;;;;;;;1;;;;
14/10/2018;12:00:00;1924;sem vítima;92;BR-040/RJ;Sul;Choque - Objeto Fixo;1;;;;;;;;;;1;;;;
14/10/2018;12:16:00;1927;sem vítima;90;BR-040/RJ;Sul;Derrapagem;1;;;;;;;;;;1;;;;
14/10/2018;12:49:00;1930;sem vítima;92;BR-040/RJ;Sul;Choque - Objeto Fixo;1;;;;;;;;;;1;;;;
14/10/2018;13:17:00;1936;sem vítima;93;BR-040/RJ;Sul;Choque - Objeto Fixo;1;;;;;;;;;;1;;;;
14/10/2018;13:57:00;1943;sem vítima;93;BR-040/RJ;Norte;Choque - Objeto Fixo;1;;;;;;;;;;1;;;;
14/10/2018;14:50:00;1951;sem vítima;94;BR-040/RJ;Sul;Choque - Objeto Fixo;1;;;;;;;;;;1;;;;
14/10/2018;15:02:00;1953;sem vítima;74;BR-040/RJ;Norte;Colisão Lateral;2;;;;;;;;;;2;;;;
14/10/2018;15:13:00;1956;sem vítima;86;BR-040/RJ;Norte;Choque - Objeto Fixo;1;;;;;;;;;;1;;;;
14/10/2018;15:59:00;1958;com vítima;95;BR-040/RJ;Sul;Capotamento;1;;;;;;;;;;0;2;;;
14/10/2018;15:49:00;1959;sem vítima;93;BR-040/RJ;Sul;Choque - Objeto Fixo;1;;;;;;;;;;1;;;;
14/10/2018;17:31:00;1973;sem vítima;97;BR-040/RJ;Sul;Choque - Objeto Fixo;1;;;;;;;;;;1;;;;
14/10/2018;17:14:00;1975;sem vítima;84;BR-040/RJ;Norte;Choque - Objeto Fixo;1;;;;;;;;;;1;;;;
14/10/2018;18:02:00;1979;sem vítima;84;BR-040/RJ;Sul;Choque - Objeto Fixo;1;;;;;;;;;;1;;;;
14/10/2018;19:16:00;1991;sem vítima;92;BR-040/RJ;Sul;Choque - Objeto Fixo;1;;;;;;;;;;1;;;;
14/10/2018;21:03:00;2000;sem vítima;89;BR-040/RJ;Norte;Choque - Objeto Fixo;1;;;;;;;;;;1;;;;
14/10/2018;22:07:00;2003;sem vítima;93;BR-040/RJ;Sul;Choque - Objeto Fixo;1;;;;;;;;;;1;;;;
15/10/2018;00:55:00;2023;com vítima;110;BR-040/RJ;Norte;Capotamento;1;;;;;;;;;;0;1;;;
15/10/2018;01:04:00;2025;sem vítima;75;BR-040/RJ;Norte;Derrapagem;1;;;;;;;;;;1;;;;
15/10/2018;05:11:00;2033;com vítima;85;BR-040/RJ;Sul;Choque - Objeto Fixo;1;;;;;;;;;;0;1;;;
15/10/2018;05:24:00;2035;sem vítima;84;BR-040/RJ;Norte;Choque - Objeto Fixo;1;;;;;;;;;;1;;;;
15/10/2018;09:04:00;2052;com vítima;62;BR-040/RJ;Norte;Queda de Moto;;;;1;;;;;;;0;1;;;
15/10/2018;09:12:00;2053;sem vítima;84;BR-040/RJ;Sul;Choque - Objeto Fixo;1;;;;;;;;;;1;;;;
15/10/2018;10:19:00;2062;sem vítima;91;BR-040/RJ;Norte;Choque - Objeto Fixo;1;;;;;;;;;;1;;;;
15/10/2018;11:03:00;2067;com vítima;96;BR-040/RJ;Sul;Choque - Objeto Fixo;1;;;;;;;;;;0;2;;;
15/10/2018;11:14:00;2068;sem vítima;93;BR-040/RJ;Sul;Choque - Objeto Fixo;1;;;;;;;;;;1;;;;
15/10/2018;11:25:00;2071;sem vítima;94;BR-040/RJ;Norte;Derrapagem;1;;;;;;;;;;1;;;;
15/10/2018;11:42:00;2073;com vítima;91;BR-040/RJ;Sul;Choque - Objeto Fixo;1;;;;;;;;;;0;4;;;
15/10/2018;16:20:00;2100;sem vítima;105;BR-040/RJ;Norte;Colisão Frontal;2;;;;;;;;;;2;;;;
15/10/2018;16:44:00;2107;com vítima;119;BR-040/RJ;Norte;Colisão Lateral;2;;;;;;;;;;0;4;;;
15/10/2018;16:56:00;2111;sem vítima;92;BR-040/RJ;Sul;Choque - Objeto Fixo;1;;;;;;;;;;1;;;;
15/10/2018;18:13:00;2119;sem vítima;110;BR-040/RJ;Sul;Colisão Traseira;2;;;;;;;;;;2;;;;
15/10/2018;20:08:00;2136;sem vítima;89;BR-040/RJ;Sul;Derrapagem;1;;;;;;;;;;1;;;;
15/10/2018;20:40:00;2139;sem vítima;95;BR-040/RJ;Sul;Choque - Objeto Fixo;1;;;;;;;;;;1;;;;
15/10/2018;23:19:00;2151;com vítima;114;BR-040/RJ;Norte;Choque - Objeto Fixo;1;;;;;;;;;;0;;3;;
15/10/2018;23:22:00;2152;com vítima;105;BR-040/RJ;Norte;Atropelamento - Pedestre;1;1;;;;;;;;;1;1;1;;
16/10/2018;02:39:00;2158;com vítima;113;BR-040/RJ;Sul;Choque - Objeto Fixo;1;;;;;;;;;;0;1;;;
16/10/2018;06:31:00;2167;sem vítima;92;BR-040/RJ;Norte;Choque - Objeto Fixo;1;;;;;;;;;;1;;;;
16/10/2018;10:07:00;2188;com vítima;84;BR-040/RJ;Norte;Choque - Objeto Fixo;1;;;;;;;;;;0;3;;;
16/10/2018;13:58:00;2204;com vítima;118;BR-040/RJ;Sul;Atropelamento - Pedestre;;;;;;1;;;;;1;;1;;
16/10/2018;14:02:00;2205;com vítima;101;BR-040/RJ;Sul;Engavetamento;2;;;;1;;;;;;2;1;;;
16/10/2018;15:07:00;2209;sem vítima;121;BR-040/RJ;Norte;Choque - Objeto Fixo;;;1;;;;;;;;1;;;;
16/10/2018;19:52:00;2237;sem vítima;92;BR-040/RJ;Sul;Choque - Objeto Fixo;1;;;;;;;;;;1;;;;
16/10/2018;22:50:00;2250;com vítima;804;BR-040/MG;Sul;Choque - Objeto Fixo;1;;;;;;;;;;0;1;;;
16/10/2018;22:54:00;2251;com vítima;89;BR-040/RJ;Sul;Tombamento;;;1;;;;;;;;0;1;;;
17/10/2018;06:53:00;2273;com vítima;792;BR-040/MG;Sul;Choque - Objeto Fixo;1;;;;;;;;;;0;1;;;
17/10/2018;07:16:00;2276;sem vítima;90;BR-040/RJ;Sul;Choque - Objeto Fixo;1;;;;;;;;;;1;;;;
17/10/2018;09:52:00;2297;com vítima;111;BR-040/RJ;Sul;Colisão Lateral;1;;1;;;;;;;;0;2;;;
17/10/2018;12:33:00;2317;sem vítima;45;BR-040/RJ;Sul;Choque - Objeto Fixo;1;;;;;;;;;;1;;;;
17/10/2018;14:02:00;2323;sem vítima;123;BR-040/RJ;Norte;Choque - Objeto Fixo;1;;;;;;;;;;1;;;;
17/10/2018;16:12:00;2335;sem vítima;84;BR-040/RJ;Sul;Choque - Objeto Fixo;1;;;;;;;;;;1;;;;
17/10/2018;16:15:00;2338;sem vítima;55;BR-040/RJ;Sul;Colisão Traseira;1;;1;;;;;;;;2;;;;
17/10/2018;16:40:00;2339;com vítima;91;BR-040/RJ;Norte;Choque - Objeto Fixo;1;;;;;;;;;;0;1;;;
17/10/2018;17:43:00;2345;sem vítima;48;BR-040/RJ;Norte;Choque - Objeto Fixo;1;;;;;;;;;;1;;;;
17/10/2018;17:59:00;2348;sem vítima;75;BR-040/RJ;Sul;Choque - Objeto Fixo;1;;;;;;;;;;1;;;;
17/10/2018;18:29:00;2352;sem vítima;118;BR-040/RJ;Sul;Engavetamento;1;;;1;1;;;;;;3;;;;
17/10/2018;19:52:00;2365;sem vítima;84;BR-040/RJ;Norte;Choque - Objeto Fixo;1;;;;;;;;;;1;;;;
17/10/2018;21:42:00;2372;com vítima;101;BR-040/RJ;Sul;Colisão Frontal;2;;;;;;;;;;0;1;2;;
17/10/2018;23:19:00;2381;sem vítima;93;BR-040/RJ;Norte;Queda de Moto;;;;1;;;;;;;1;;;;
17/10/2018;23:14:00;2382;sem vítima;76;BR-040/RJ;Norte;Atropelamento - Animal;1;;;;;;;;;;1;;;;
18/10/2018;01:02:00;2388;sem vítima;119;BR-040/RJ;Norte;Capotamento;1;;;;;;;;;;1;;;;
18/10/2018;10:12:00;2434;com vítima;124;BR-040/RJ;Sul;Colisão Traseira;1;;;1;;;;;;;1;1;;;
18/10/2018;13:07:00;2446;com vítima;104;BR-040/RJ;Norte;Colisão Traseira;1;1;;;;;;;;;1;1;;;
18/10/2018;15:39:00;2463;sem vítima;117;BR-040/RJ;Sul;Colisão Lateral;1;;1;;;;;;;;2;;;;
19/10/2018;00:45:00;2512;com vítima;805;BR-040/MG;Norte;Colisão Traseira;1;;1;;;;;;;;1;1;;;
19/10/2018;03:15:00;2516;com vítima;796;BR-040/MG;Norte;Choque - Objeto Fixo;1;;;;;;;;;;0;5;;;
19/10/2018;06:57:00;2534;sem vítima;94;BR-040/RJ;Sul;Choque - Objeto Fixo;1;;;;;;;;;;1;;;;
19/10/2018;09:17:00;2554;com vítima;91;BR-040/RJ;Norte;Choque - Objeto Fixo;1;;;;;;;;;;0;1;;;
19/10/2018;09:21:00;2556;sem vítima;62;BR-040/RJ;Norte;Choque - Objeto Fixo;1;;;;;;;;;;1;;;;
19/10/2018;09:50:00;2561;sem vítima;90;BR-040/RJ;Sul;Choque - Objeto Fixo;1;;;;;;;;;;1;;;;
19/10/2018;09:57:00;2562;sem vítima;94;BR-040/RJ;Sul;Choque - Objeto Fixo;1;;;;;;;;;;1;;;;
19/10/2018;09:34:00;2563;com vítima;62;BR-040/RJ;Norte;Colisão Traseira;1;;1;;;;;;;;1;3;;;
19/10/2018;09:34:00;2564;com vítima;62;BR-040/RJ;Norte;Colisão Lateral;1;;;1;;;;;;;0;2;;;
19/10/2018;10:06:00;2566;sem vítima;92;BR-040/RJ;Sul;Choque - Objeto Fixo;1;;;;;;;;;;1;;;;
19/10/2018;10:40:00;2571;com vítima;96;BR-040/RJ;Sul;Queda de Moto;;;;1;;;;;;;0;1;;;
19/10/2018;13:08:00;2589;sem vítima;93;BR-040/RJ;Sul;Choque - Objeto Fixo;1;;;;;;;;;;1;;;;
19/10/2018;14:18:00;2601;sem vítima;104;BR-040/RJ;Sul;Colisão Lateral;;;;;1;1;;;;;2;;;;
19/10/2018;14:53:00;2604;sem vítima;90;BR-040/RJ;Sul;Choque - Objeto Fixo;1;;;;;;;;;;1;;;;
19/10/2018;15:58:00;2615;com vítima;80;BR-040/RJ;Norte;Colisão Traseira;1;;1;;;;;;;;0;4;;;
19/10/2018;16:04:00;2616;sem vítima;797;BR-040/MG;Sul;Choque - Objeto Fixo;1;;;;;;;;;;1;;;;
19/10/2018;16:56:00;2629;com vítima;99;BR-040/RJ;Norte;Queda de Moto;;;;1;;;;;;;0;1;;;
19/10/2018;20:19:00;2659;com vítima;71;BR-040/RJ;Norte;Queda de Moto;;;;1;;;;;;;0;2;;;
19/10/2018;20:23:00;2660;sem vítima;113;BR-040/RJ;Norte;Engavetamento;1;;;;;2;;;;;3;;;;
19/10/2018;23:52:00;2674;com vítima;59;BR-040/RJ;Sul;Colisão Traseira;1;;1;;;;;;;;0;2;;1;
20/10/2018;05:21:00;2684;sem vítima;108;BR-040/RJ;Norte;Choque - Objeto Fixo;1;;;;;;;;;;1;;;;
20/10/2018;05:31:00;2685;sem vítima;82;BR-040/RJ;Norte;Choque - Objeto Fixo;1;;;;;;;;;;1;;;;
20/10/2018;06:27:00;2688;sem vítima;92;BR-040/RJ;Sul;Choque - Objeto Fixo;1;;;;;;;;;;1;;;;
20/10/2018;07:16:00;2692;sem vítima;99;BR-040/RJ;Sul;Choque - Objeto Fixo;1;;;;;;;;;;1;;;;
20/10/2018;09:26:00;2708;com vítima;94;BR-040/RJ;Sul;Capotamento;1;;;;;;;;;;0;3;;;
20/10/2018;12:57:00;2731;com vítima;83;BR-040/RJ;Norte;Queda de Moto;;;;1;;;;;;;0;;1;;
20/10/2018;14:05:00;2743;com vítima;122;BR-040/RJ;Norte;Colisão Lateral;1;;;1;;;;;;;1;1;1;;
20/10/2018;14:09:00;2745;com vítima;773;BR-040/MG;Sul;Atropelamento - Pedestre;1;;;;;;;;;;1;;1;;
20/10/2018;17:37:00;2764;sem vítima;49;BR-040/RJ;Sul;Atropelamento - Animal;1;;;;;;;;;;1;;;;
20/10/2018;19:36:00;2776;sem vítima;109;BR-040/RJ;Norte;Colisão Traseira;1;;;;1;;;;;;2;;;;
21/10/2018;00:35:00;2794;com vítima;109;BR-040/RJ;Norte;Colisão Lateral;1;;;1;;;;;;;1;1;;;
21/10/2018;05:09:00;2806;com vítima;39;BR-040/RJ;Sul;Colisão Traseira;1;;1;;;;;;;;0;4;;;
21/10/2018;05:31:00;2809;sem vítima;94;BR-040/RJ;Norte;Choque - Objeto Fixo;1;;;;;;;;;;1;;;;
21/10/2018;05:40:00;2811;sem vítima;790;BR-040/MG;Sul;Derrapagem;1;;;;;;;;;;1;;;;
21/10/2018;07:31:00;2820;com vítima;113;BR-040/RJ;Norte;Colisão Traseira;1;;;1;;;;;;;1;1;;;
21/10/2018;09:35:00;2832;com vítima;31;BR-040/RJ;Norte;Choque - Objeto Fixo;;;;1;;;;;;;0;;1;;
21/10/2018;12:21:00;2847;sem vítima;112;BR-040/RJ;Sul;Colisão Traseira;2;;;;;;;;;;2;;;;
21/10/2018;12:39:00;2850;com vítima;85;BR-040/RJ;Sul;Queda de Moto;;;;1;;;;;;;0;;;1;
21/10/2018;17:02:00;2878;com vítima;111;BR-040/RJ;Norte;Colisão Lateral;3;;;;;;;;;;0;3;;;
22/10/2018;01:01:00;2912;sem vítima;17;BR-040/RJ;Sul;Atropelamento - Animal;1;;;;;;;;;;1;;;;
22/10/2018;05:52:00;2924;sem vítima;114;BR-040/RJ;Sul;Colisão Traseira;2;;;;;;;;;;2;;;;
22/10/2018;06:02:00;2928;sem vítima;114;BR-040/RJ;Sul;Colisão Traseira;;;2;;;;;;;;2;;;;
22/10/2018;09:30:00;2951;sem vítima;105;BR-040/RJ;Norte;Choque - Objeto Fixo;1;;;;;;;;;;1;;;;
22/10/2018;17:14:00;3005;com vítima;19;BR-040/RJ;Norte;Queda de Moto;;;;1;;;;;;;0;1;;;
22/10/2018;18:06:00;3015;sem vítima;94;BR-040/RJ;Norte;Choque - Objeto Fixo;1;;1;;;;;;;;2;;;;
23/10/2018;03:52:00;3048;com vítima;120;BR-040/RJ;Norte;Choque - Objeto Fixo;1;;;;;;;;;;0;1;;;
23/10/2018;05:15:00;3051;com vítima;88;BR-040/RJ;Sul;Queda de Moto;;;;1;;;;;;;0;1;;;
23/10/2018;09:44:00;3074;com vítima;55;BR-040/RJ;Sul;Choque - Objeto Fixo;1;;;;;;;;;;0;1;;;
23/10/2018;10:23:00;3083;sem vítima;90;BR-040/RJ;Sul;Choque - Objeto Fixo;1;;;;;;;;;;1;;;;
23/10/2018;12:17:00;3094;sem vítima;46;BR-040/RJ;Sul;Choque - Objeto Fixo;1;;;;;;;;;;1;;;;
23/10/2018;17:27:00;3124;com vítima;100;BR-040/RJ;Sul;Capotamento;1;;;;;;;;;;0;;1;;
23/10/2018;19:27:00;3143;com vítima;61;BR-040/RJ;Norte;Queda de Moto;;;;1;;;;;;;0;2;;;
24/10/2018;06:42:00;3181;sem vítima;109;BR-040/RJ;Sul;Colisão Lateral;1;;1;;;;;;;;2;;;;
24/10/2018;09:28:00;3194;sem vítima;795;BR-040/MG;Norte;Colisão Traseira;;;2;;;;;;;;2;;;;
24/10/2018;14:44:00;3228;com vítima;63;BR-040/RJ;Sul;Queda de Moto;;;;1;;;;;;;0;;;;1
24/10/2018;15:04:00;3232;sem vítima;92;BR-040/RJ;Sul;Choque - Objeto Fixo;1;;;;;;;;;;1;;;;
24/10/2018;18:34:00;3259;sem vítima;93;BR-040/RJ;Sul;Choque - Objeto Fixo;1;;;;;;;;;;1;;;;
24/10/2018;21:39:00;3274;sem vítima;84;BR-040/RJ;Sul;Choque - Objeto Fixo;1;;;;;;;;;;1;;;;
25/10/2018;00:30:00;3283;sem vítima;30;BR-040/RJ;Norte;Choque - Objeto Fixo;1;;;;;;;;;;1;;;;
25/10/2018;02:41:00;3287;sem vítima;794;BR-040/MG;Sul;Choque - Objeto Fixo;1;;;;;;;;;;1;;;;
25/10/2018;05:05:00;3293;sem vítima;110;BR-040/RJ;Sul;Colisão Traseira;2;;;;;;;;;;2;;;;
25/10/2018;05:55:00;3296;sem vítima;111;BR-040/RJ;Sul;Colisão Traseira;1;;;;;1;;;;;2;;;;
25/10/2018;07:32:00;3303;sem vítima;32;BR-040/RJ;Sul;Choque - Objeto Fixo;1;;;;;;;;;;1;;;;