data;horario;n_da_ocorrencia;tipo_de_ocorrencia;km;trecho;sentido;tipo_de_acidente;automovel;bicicleta;caminhao;moto;onibus;outros;tracao_animal;transporte_de_cargas_especiais;trator_maquinas;utilitarios;ilesos;levemente_feridos;moderadamente_feridos;gravemente_feridos;mortos
10/11/2018;06:32:00;1187;sem vítima;52;BR-040/RJ;Sul;Colisão Traseira;2;;;;;;;;;;2;;;;
10/11/2018;06:35:00;1188;com vítima;91;BR-040/RJ;Sul;Capotamento;1;;;;;;;;;;0;;1;;
10/11/2018;12:12:00;1233;com vítima;80;BR-040/RJ;Sul;Choque - Objeto Fixo;;;;1;;;;;;;0;;;1;
10/11/2018;14:24:00;1251;com vítima;84;BR-040/RJ;Sul;Choque - Objeto Fixo;1;;;;;;;;;;0;2;;;
11/11/2018;05:55:00;1327;sem vítima;28;BR-040/RJ;Sul;Choque - Objeto Fixo;1;;;;;;;;;;1;;;;
11/11/2018;06:47:00;1329;com vítima;781;BR-040/MG;Norte;Capotamento;1;;;;;;;;;;0;1;;;
11/11/2018;07:31:00;1331;com vítima;98;BR-040/RJ;Sul;Choque - Objeto Fixo;1;;;;;;;;;;0;2;;;
11/11/2018;08:28:00;1335;com vítima;105;BR-040/RJ;Norte;Colisão Lateral;2;;;1;;;;;;;2;1;;;
11/11/2018;09:24:00;1341;com vítima;91;BR-040/RJ;Norte;Queda de Moto;;;;1;;;;;;;0;1;;;
11/11/2018;10:02:00;1348;sem vítima;122;BR-040/RJ;Sul;Colisão Lateral;;;;;1;;;;;;2;;;;
11/11/2018;11:12:00;1350;com vítima;77;BR-040/RJ;Sul;Queda de Moto;;;;1;;;;;;;0;1;;;
11/11/2018;14:37:00;1366;sem vítima;110;BR-040/RJ;Sul;Colisão Lateral;1;;;;;1;;;;;2;;;;
11/11/2018;18:35:00;1397;sem vítima;75;BR-040/RJ;Norte;Choque - Objeto Fixo;1;;;;;;;;;;1;;;;
11/11/2018;20:01:00;1403;sem vítima;820;BR-040/MG;Sul;Atropelamento - Animal;1;;;;;;;;;;1;;;;
11/11/2018;20:13:00;1406;com vítima;7;BR-040/RJ;Norte;Atropelamento - Pedestre;;;;;;3;;;;;1;2;;;
11/11/2018;21:55:00;1415;com vítima;112;BR-040/RJ;Norte;Choque - Objeto Fixo;1;;;;;;;;;;0;2;;;
12/11/2018;15:57:00;1512;com vítima;84;BR-040/RJ;Sul;Capotamento;1;;;;;;;;;;0;2;;;
12/11/2018;15:57:00;1525;com vítima;84;BR-040/RJ;Sul;Engavetamento;3;;1;;;;;;;;0;8;;;
13/11/2018;09:33:00;1601;com vítima;121;BR-040/RJ;Sul;Colisão Lateral;1;;;1;;;;;;;1;1;;;
13/11/2018;10:18:00;1611;sem vítima;109;BR-040/RJ;Norte;Colisão Lateral;2;;;;;;;;;;2;;;;
13/11/2018;12:40:00;1623;sem vítima;120;BR-040/RJ;Sul;Choque - Objeto Fixo;1;;;;;;;;;;1;;;;
13/11/2018;21:16:00;1688;sem vítima;119;BR-040/RJ;Sul;Colisão Lateral;1;;;;1;;;;;;2;;;;
14/11/2018;05:02:00;1710;sem vítima;94;BR-040/RJ;Norte;Choque - Objeto Fixo;1;;;;;;;;;;1;;;;
14/11/2018;16:45:00;1809;com vítima;111;BR-040/RJ;Norte;Engavetamento;4;;;;;;;;;;3;2;;;
14/11/2018;17:04:00;1817;com vítima;112;BR-040/RJ;Norte;Engavetamento;1;;1;;1;;;;;;2;;1;;
14/11/2018;22:25:00;1877;sem vítima;798;BR-040/MG;Sul;Choque - Objeto Fixo;1;;;;;;;;;;1;;;;
15/11/2018;08:16:00;1908;sem vítima;91;BR-040/RJ;Norte;Queda de Moto;;;;1;;;;;;;1;;;;
15/11/2018;09:51:00;1924;com vítima;119;BR-040/RJ;Norte;Engavetamento;3;;;;;;;;;;2;1;;;
15/11/2018;10:34:00;1932;com vítima;121;BR-040/RJ;Norte;Colisão Traseira;2;;;;;;;;;;1;2;;;
15/11/2018;14:29:00;1969;sem vítima;68;BR-040/RJ;Norte;Choque - Objeto Fixo;1;;;;;;;;;;1;;;;
15/11/2018;15:37:00;1985;sem vítima;43;BR-040/RJ;Norte;Choque - Objeto Fixo;1;;;;;;;;;;1;;;;
15/11/2018;16:36:00;1993;sem vítima;84;BR-040/RJ;Norte;Choque - Objeto Fixo;1;;;;;;;;;;1;;;;
15/11/2018;17:26:00;2000;sem vítima;48;BR-040/RJ;Sul;Choque - Objeto Fixo;1;;;;;;;;;;1;;;;
15/11/2018;20:37:00;2030;com vítima;785;BR-040/MG;Norte;Capotamento;1;;;;;;;;;;0;2;;;
16/11/2018;05:23:00;2055;sem vítima;93;BR-040/RJ;Sul;Derrapagem;1;;;;;;;;;;1;;;;
16/11/2018;05:25:00;2056;sem vítima;91;BR-040/RJ;Norte;Choque - Objeto Fixo;1;;;;;;;;;;1;;;;
16/11/2018;07:03:00;2061;com vítima;49;BR-040/RJ;Norte;Capotamento;1;;;;;;;;;;0;;1;;
16/11/2018;11:23:00;2095;com vítima;92;BR-040/RJ;Sul;Choque - Objeto Fixo;1;;;;;;;;;;0;2;;;
16/11/2018;13:57:00;2110;sem vítima;82;BR-040/RJ;Sul;Choque - Objeto Fixo;1;;;;;;;;;;1;;;;
16/11/2018;14:41:00;2115;com vítima;93;BR-040/RJ;Sul;Choque - Objeto Fixo;1;;;;;;;;;;0;3;1;;
16/11/2018;14:44:00;2116;com vítima;72;BR-040/RJ;Norte;Choque - Objeto Fixo;1;;;;;;;;;;0;;1;;
16/11/2018;15:15:00;2121;sem vítima;93;BR-040/RJ;Norte;Choque - Objeto Fixo;1;;;;;;;;;;1;;;;
16/11/2018;15:29:00;2123;sem vítima;92;BR-040/RJ;Sul;Choque - Objeto Fixo;1;;;;;;;;;;1;;;;
16/11/2018;16:15:00;2133;sem vítima;791;BR-040/MG;Norte;Choque - Objeto Fixo;2;;;;;;;;;;2;;;;
16/11/2018;16:59:00;2138;sem vítima;94;BR-040/RJ;Sul;Derrapagem;1;;;;;;;;;;1;;;;
16/11/2018;17:23:00;2141;com vítima;68;BR-040/RJ;Norte;Choque - Objeto Fixo;1;;;;;;;;;;0;1;;;
16/11/2018;17:23:00;2142;com vítima;68;BR-040/RJ;Norte;Colisão Lateral;3;;1;;;;;;;;0;4;;;
17/11/2018;18:29:00;2256;com vítima;778;BR-040/MG;Norte;Choque - Objeto Fixo;1;;;;;;;;;;0;3;2;;
17/11/2018;23:28:00;2280;sem vítima;780;BR-040/MG;Norte;Choque - Objeto Fixo;1;;;;;;;;;;1;;;;
18/11/2018;06:35:00;2300;sem vítima;13;BR-040/RJ;Norte;Choque - Objeto Fixo;1;;;;;;;;;;1;;;;
18/11/2018;09:43:00;2318;sem vítima;74;BR-040/RJ;Norte;Choque - Objeto Fixo;1;;;;;;;;;;1;;;;
18/11/2018;12:27:00;2330;com vítima;786;BR-040/MG;Norte;Capotamento;1;;;;;;;;;;0;4;;;
18/11/2018;15:01:00;2347;com vítima;815;BR-040/MG;Sul;Colisão Traseira;2;;;;;;;;;;0;1;2;;
18/11/2018;17:47:00;2380;com vítima;84;BR-040/RJ;Sul;Choque - Objeto Fixo;1;;;;;;;;;;0;2;;;
18/11/2018;20:11:00;2402;com vítima;108;BR-040/RJ;Norte;Choque - Objeto Fixo;1;;;;;;;;;;0;;;1;
18/11/2018;21:41:00;2414;com vítima;54;BR-040/RJ;Norte;Queda de Moto;;;;1;;;;;;;0;2;;;
18/11/2018;22:19:00;2421;sem vítima;105;BR-040/RJ;Norte;Colisão Frontal;1;;;;1;;;;;;2;;;;
19/11/2018;06:24:00;2455;sem vítima;47;BR-040/RJ;Norte;Choque - Objeto Fixo;1;;;;;;;;;;1;;;;
19/11/2018;06:38:00;2456;com vítima;67;BR-040/RJ;Norte;Choque - Objeto Fixo;1;;;;;;;;;;0;2;;;
19/11/2018;06:39:00;2457;sem vítima;45;BR-040/RJ;Norte;Choque - Objeto Fixo;1;;;;;;;;;;1;;;;
19/11/2018;07:47:00;2465;com vítima;825;BR-040/MG;Sul;Choque - Objeto Fixo;1;;;;;;;;;;0;1;;;
19/11/2018;08:29:00;2472;sem vítima;92;BR-040/RJ;Sul;Choque - Objeto Fixo;1;;;;;;;;;;1;;;;
19/11/2018;09:28:00;2480;sem vítima;91;BR-040/RJ;Norte;Choque - Objeto Fixo;1;;;;;;;;;;1;;;;
19/11/2018;09:43:00;2484;com vítima;92;BR-040/RJ;Sul;Choque - Objeto Fixo;1;;;;;;;;;;0;1;1;;
19/11/2018;09:48:00;2485;com vítima;84;BR-040/RJ;Sul;Tombamento;;;1;;;;;;;;0;1;;;
19/11/2018;10:07:00;2489;com vítima;104;BR-040/RJ;Norte;Colisão Traseira;2;;;;;;;;;;1;1;;;
19/11/2018;11:16:00;2496;sem vítima;91;BR-040/RJ;Norte;Capotamento;1;;;;;;;;;;1;;;;
19/11/2018;11:35:00;2498;sem vítima;104;BR-040/RJ;Norte;Colisão Lateral;2;;;;;;;;;;2;;;;
19/11/2018;13:56:00;2507;sem vítima;87;BR-040/RJ;Sul;Choque - Objeto Fixo;1;;;;;;;;;;1;;;;
19/11/2018;14:15:00;2510;com vítima;93;BR-040/RJ;Sul;Capotamento;1;;;;;;;;;;1;4;;;
19/11/2018;14:56:00;2515;sem vítima;92;BR-040/RJ;Norte;Choque - Objeto Fixo;1;;;;;;;;;;1;;;;
19/11/2018;14:58:00;2516;com vítima;19;BR-040/RJ;Sul;Capotamento;1;;;;;;;;;;0;3;;;
19/11/2018;15:04:00;2518;sem vítima;62;BR-040/RJ;Sul;Choque - Objeto Fixo;1;;;;;;;;;;1;;;;
20/11/2018;07:21:00;2596;sem vítima;114;BR-040/RJ;Sul;Colisão Traseira;2;;;;;;;;;;2;;;;
20/11/2018;11:00:00;2608;com vítima;86;BR-040/RJ;Sul;Choque - Objeto Fixo;1;;;;;;;;;;0;1;;;
20/11/2018;10:55:00;2611;sem vítima;78;BR-040/RJ;Sul;Choque - Objeto Fixo;1;;;;;;;;;;1;;;;
20/11/2018;11:36:00;2615;com vítima;86;BR-040/RJ;Norte;Capotamento;1;;;;;;;;;;0;2;;;
20/11/2018;11:52:00;2619;sem vítima;91;BR-040/RJ;Sul;Choque - Objeto Fixo;1;;;;;;;;;;1;;;;
20/11/2018;12:16:00;2623;com vítima;825;BR-040/MG;Sul;Choque - Objeto Fixo;1;;;;;;;;;;0;2;;;
20/11/2018;12:43:00;2625;sem vítima;96;BR-040/RJ;Norte;Choque - Objeto Fixo;1;;;;;;;;;;1;;;;
20/11/2018;13:03:00;2626;sem vítima;93;BR-040/RJ;Sul;Choque - Objeto Fixo;1;;;;;;;;;;1;;;;
20/11/2018;15:39:00;2640;com vítima;823;BR-040/MG;Sul;Choque - Objeto Fixo;1;;;;;;;;;;0;1;;;
20/11/2018;16:01:00;2647;com vítima;82;BR-040/RJ;Sul;Capotamento;1;;;;;;;;;;0;1;;;
20/11/2018;16:15:00;2649;sem vítima;75;BR-040/RJ;Sul;Choque - Objeto Fixo;1;;;;;;;;;;1;;;;
20/11/2018;16:17:00;2650;sem vítima;93;BR-040/RJ;Sul;Choque - Objeto Fixo;1;;;;;;;;;;1;;;;
20/11/2018;16:28:00;2652;sem vítima;90;BR-040/RJ;Sul;Choque - Objeto Fixo;1;;;;;;;;;;1;;;;
20/11/2018;16:29:00;2653;sem vítima;84;BR-040/RJ;Norte;Choque - Objeto Fixo;1;;;;;;;;;;1;;;;
20/11/2018;16:46:00;2655;sem vítima;78;BR-040/RJ;Sul;Choque - Objeto Fixo;1;;;;;;;;;;1;;;;
20/11/2018;17:22:00;2660;com vítima;93;BR-040/RJ;Sul;Choque - Objeto Fixo;1;;;;;;;;;;0;3;;;
20/11/2018;18:31:00;2669;sem vítima;75;BR-040/RJ;Sul;Choque - Objeto Fixo;1;;;;;;;;;;1;;;;
20/11/2018;19:28:00;2675;sem vítima;93;BR-040/RJ;Sul;Choque - Objeto Fixo;1;;;;;;;;;;1;;;;
21/11/2018;06:19:00;2722;sem vítima;115;BR-040/RJ;Sul;Colisão Traseira;2;;;;;;;;;;2;;;;
21/11/2018;06:32:00;2723;sem vítima;113;BR-040/RJ;Sul;Colisão Traseira;2;;;;;;;;;;2;;;;
21/11/2018;07:01:00;2727;sem vítima;12;BR-040/RJ;Norte;Choque - Objeto Fixo;1;;;;;;;;;;1;;;;
21/11/2018;07:14:00;2729;com vítima;120;BR-040/RJ;Sul;Engavetamento;1;;;2;;;;;;;2;;2;;
21/11/2018;08:35:00;2737;sem vítima;98;BR-040/RJ;Norte;Colisão Lateral;1;;1;;;;;;;;2;;;;
21/11/2018;08:43:00;2738;sem vítima;98;BR-040/RJ;Norte;Choque - Objeto Fixo;1;;;;;;;;;;1;;;;
21/11/2018;09:20:00;2741;sem vítima;123;BR-040/RJ;Norte;Engavetamento;3;;;;;;;;;;3;;;;
21/11/2018;11:17:00;2748;sem vítima;17;BR-040/RJ;Norte;Choque - Objeto Fixo;1;;;;;;;;;;1;;;;
21/11/2018;15:27:00;2774;sem vítima;91;BR-040/RJ;Norte;Choque - Objeto Fixo;1;;;;;;;;;;1;;;;
21/11/2018;15:29:00;2776;com vítima;32;BR-040/RJ;Norte;Capotamento;1;;;;;;;;;;0;1;;;
21/11/2018;16:20:00;2779;sem vítima;109;BR-040/RJ;Sul;Colisão Traseira;1;;1;;;;;;;;2;;;;
21/11/2018;17:24:00;2793;sem vítima;5;BR-040/RJ;Sul;Choque - Objeto Fixo;1;;;;;;;;;;1;;;;
21/11/2018;18:03:00;2799;com vítima;98;BR-040/RJ;Norte;Queda de Moto;;;;1;;;;;;;0;;1;;
21/11/2018;23:23:00;2827;sem vítima;789;BR-040/MG;Norte;Derrapagem;1;;;;;;;;;;1;;;;
22/11/2018;09:10:00;2872;com vítima;92;BR-040/RJ;Norte;Choque - Objeto Fixo;1;;;;;;;;;;0;3;;;
22/11/2018;13:11:00;2905;sem vítima;124;BR-040/RJ;Sul;Colisão Traseira;1;;1;;;;;;;;2;;;;
22/11/2018;17:19:00;2933;sem vítima;825;BR-040/MG;Sul;Choque - Objeto Fixo;1;;;;;;;;;;1;;;;
22/11/2018;18:42:00;2942;sem vítima;55;BR-040/RJ;Sul;Colisão Lateral;1;;1;;;;;;;;2;;;;
23/11/2018;11:21:00;3030;com vítima;92;BR-040/RJ;Sul;Capotamento;1;;;;;;;;;;0;3;;;
23/11/2018;14:56:00;3048;com vítima;801;BR-040/MG;Norte;Colisão Traseira;1;;1;;;;;;;;1;3;;;
23/11/2018;18:09:00;3076;com vítima;88;BR-040/RJ;Sul;Capotamento;1;;;;;;;;;;0;;1;;
23/11/2018;18:29:00;3081;sem vítima;110;BR-040/RJ;Norte;Colisão Lateral;2;;;;;;;;;;2;;;;
23/11/2018;18:28:00;3082;sem vítima;113;BR-040/RJ;Norte;Colisão Traseira;2;;;;;;;;;;2;;;;
23/11/2018;19:29:00;3091;com vítima;789;BR-040/MG;Norte;Queda de Moto;;;;1;;;;;;;0;1;;;
23/11/2018;23:40:00;3117;sem vítima;33;BR-040/RJ;Norte;Choque - Objeto Fixo;;;1;;;1;;;;;2;;;;
24/11/2018;02:07:00;3126;com vítima;121;BR-040/RJ;Norte;Colisão Traseira;1;;;1;;;;;;;1;;1;;
24/11/2018;13:17:00;3184;com vítima;82;BR-040/RJ;Norte;Queda de Moto;;;;1;;;;;;;0;;2;;
24/11/2018;16:54:00;3211;sem vítima;89;BR-040/RJ;Norte;Choque - Objeto Fixo;1;;;;;;;;;;1;;;;
24/11/2018;17:54:00;3218;com vítima;47;BR-040/RJ;Norte;Colisão Frontal;1;1;;;;;;;;;0;1;1;;
25/11/2018;02:11:00;3262;com vítima;110;BR-040/RJ;Norte;Choque - Objeto Fixo;1;;;;;;;;;;0;1;;;
25/11/2018;04:12:00;3268;com vítima;82;BR-040/RJ;Sul;Queda de Moto;;;;1;;;;;;;0;;1;;
25/11/2018;04:49:00;3269;com vítima;117;BR-040/RJ;Norte;Colisão Traseira;1;;;1;;;;;;;1;1;;1;
25/11/2018;08:09:00;3280;com vítima;124;BR-040/RJ;Norte;Queda de Moto;;;;1;;;;;;;0;1;;;
25/11/2018;08:37:00;3284;sem vítima;0;BR-040/RJ;Norte;Choque - Objeto Fixo;1;;;;;;;;;;1;;;;
25/11/2018;08:37:00;3285;com vítima;104;BR-040/RJ;Norte;Colisão Lateral;1;;;1;;;;;;;1;1;;;
25/11/2018;08:44:00;3286;sem vítima;29;BR-040/RJ;Sul;Choque - Objeto Fixo;1;;;;;;;;;;1;;;;
25/11/2018;10:11:00;3293;com vítima;108;BR-040/RJ;Norte;Tombamento;;;1;;;;;;;;0;;1;;
25/11/2018;14:41:00;3322;com vítima;89;BR-040/RJ;Sul;Atropelamento - Pedestre;1;;;;;1;;;;;0;2;;1;
25/11/2018;21:06:00;3361;sem vítima;75;BR-040/RJ;Norte;Choque - Objeto Fixo;1;;;;;;;;;;1;;;;
26/11/2018;11:12:00;3429;com vítima;120;BR-040/RJ;Sul;Colisão Lateral;1;;;1;;;;;;;1;;1;;
26/11/2018;14:28:00;3448;sem vítima;65;BR-040/RJ;Sul;Colisão Lateral;1;;;1;;;;;;;2;;;;
26/11/2018;15:47:00;3461;sem vítima;92;BR-040/RJ;Sul;Choque - Objeto Fixo;1;;;;;;;;;;1;;;;
26/11/2018;17:05:00;3472;com vítima;91;BR-040/RJ;Norte;Queda de Moto;;;;1;;;;;;;0;2;;;
26/11/2018;17:24:00;3474;sem vítima;94;BR-040/RJ;Sul;Choque - Objeto Fixo;1;;;;;;;;;;1;;;;
26/11/2018;18:51:00;3492;sem vítima;84;BR-040/RJ;Sul;Choque - Objeto Fixo;1;;;;;;;;;;1;;;;
26/11/2018;19:21:00;3496;com vítima;58;BR-040/RJ;Sul;Capotamento;1;;;;;;;;;;0;1;;;
26/11/2018;20:26:00;3502;sem vítima;94;BR-040/RJ;Sul;Choque - Objeto Fixo;1;;;;;;;;;;1;;;;
26/11/2018;22:37:00;3516;com vítima;112;BR-040/RJ;Sul;Atropelamento - Pedestre;;;;;;2;;;;;1;1;;;
27/11/2018;07:28:00;3539;sem vítima;101;BR-040/RJ;Norte;Choque - Objeto Fixo;1;;;;;;;;;;1;;;;
27/11/2018;15:24:00;3588;sem vítima;121;BR-040/RJ;Norte;Queda de Moto;;;;1;;;;;;;1;;;;
27/11/2018;15:36:00;3592;com vítima;794;BR-040/MG;Sul;Choque - Objeto Fixo;1;;;;;;;;;;0;2;;;
27/11/2018;16:06:00;3598;sem vítima;90;BR-040/RJ;Sul;Choque - Objeto Fixo;1;;;;;;;;;;1;;;;
27/11/2018;16:30:00;3600;com vítima;122;BR-040/RJ;Norte;Atropelamento - Pedestre;1;;;;;1;;;;;1;;;1;
27/11/2018;17:29:00;3603;sem vítima;92;BR-040/RJ;Sul;Choque - Objeto Fixo;1;;;;;;;;;;1;;;;
27/11/2018;17:45:00;3607;sem vítima;827;BR-040/MG;Sul;Queda de Moto;;;;1;;;;;;;1;;;;
27/11/2018;18:19:00;3608;com vítima;5;BR-040/RJ;Sul;Capotamento;1;;;;;;;;;;0;1;;;
27/11/2018;18:22:00;3609;sem vítima;18;BR-040/RJ;Norte;Choque - Objeto Fixo;1;;;;;;;;;;1;;;;
27/11/2018;18:27:00;3612;com vítima;90;BR-040/RJ;Sul;Choque - Objeto Fixo;1;;;;;;;;;;0;1;;;
27/11/2018;20:34:00;3626;sem vítima;114;BR-040/RJ;Sul;Colisão Traseira;2;;;;;;;;;;2;;;;
27/11/2018;21:47:00;3630;sem vítima;113;BR-040/RJ;Norte;Engavetamento;3;;;;;;;;;;3;;;;
28/11/2018;01:31:00;3648;sem vítima;87;BR-040/RJ;Sul;Choque - Objeto Fixo;1;;;;;;;;;;1;;;;
28/11/2018;03:42:00;3649;sem vítima;813;BR-040/MG;Sul;Colisão Traseira;;;2;;;;;;;;2;;;;
28/11/2018;05:05:00;3651;sem vítima;124;BR-040/RJ;Sul;Choque - Objeto Fixo;1;;;;;;;;;;1;;;;
28/11/2018;05:12:00;3652;com vítima;118;BR-040/RJ;Norte;Choque - Objeto Fixo;1;;;;;;;;;;0;2;;;
28/11/2018;06:25:00;3657;sem vítima;94;BR-040/RJ;Sul;Colisão Traseira;;;1;;;1;;;;;2;;;;
28/11/2018;08:54:00;3678;com vítima;41;BR-040/RJ;Norte;Colisão Traseira;1;;;1;;;;;;;0;1;1;;
28/11/2018;12:20:00;3701;sem vítima;825;BR-040/MG;Sul;Choque - Objeto Fixo;1;;;;;;;;;;1;;;;
28/11/2018;12:49:00;3711;sem vítima;120;BR-040/RJ;Norte;Choque - Objeto Fixo;1;;;;;;;;;;1;;;;
28/11/2018;14:45:00;3730;com vítima;80;BR-040/RJ;Norte;Choque - Objeto Fixo;1;;;;;;;;;;0;1;;;
28/11/2018;18:50:00;3759;sem vítima;111;BR-040/RJ;Norte;Derrapagem;1;;;;;;;;;;1;;;;
29/11/2018;07:07:00;3800;sem vítima;780;BR-040/MG;Sul;Colisão Lateral;2;;;;;;;;;;2;;;;
29/11/2018;08:12:00;3813;sem vítima;90;BR-040/RJ;Sul;Choque - Objeto Fixo;1;;;;;;;;;;1;;;;
29/11/2018;09:23:00;3822;com vítima;827;BR-040/MG;Sul;Capotamento;1;;;;;;;;;;0;1;;;
29/11/2018;10:16:00;3830;sem vítima;123;BR-040/RJ;Sul;Colisão Traseira;;;2;;;;;;;;2;;;;
29/11/2018;14:00:00;3853;sem vítima;93;BR-040/RJ;Sul;Choque - Objeto Fixo;;;1;;;;;;;;1;;;;
29/11/2018;15:26:00;3863;sem vítima;94;BR-040/RJ;Norte;Derrapagem;1;;;;;;;;;;1;;;;
29/11/2018;19:28:00;3897;sem vítima;114;BR-040/RJ;Norte;Colisão Traseira;2;;1;;;;;;;;3;;;;
30/11/2018;02:50:00;3935;com vítima;70;BR-040/RJ;Norte;Tombamento;;;1;;;;;;;;0;1;;;
30/11/2018;11:38:00;3988;com vítima;94;BR-040/RJ;Sul;Tombamento;;;1;;;;;;;;0;2;;;
30/11/2018;12:24:00;3994;com vítima;121;BR-040/RJ;Sul;Colisão Traseira;1;;;1;;;;;;;1;1;;;
30/11/2018;12:39:00;3998;sem vítima;95;BR-040/RJ;Norte;Colisão Traseira;2;;;;;;;;;;2;;;;
30/11/2018;13:02:00;4001;sem vítima;121;BR-040/RJ;Sul;Colisão Lateral;1;;1;;;;;;;;2;;;;
30/11/2018;15:08:00;4013;sem vítima;782;BR-040/MG;Norte;Choque - Objeto Fixo;1;;;;;;;;;;1;;;;
30/11/2018;15:18:00;4014;com vítima;13;BR-040/RJ;Sul;Choque - Objeto Fixo;1;;;;;;;;;;0;4;;;
30/11/2018;16:36:00;4020;com vítima;14;BR-040/RJ;Sul;Choque - Objeto Fixo;1;;;;;;;;;;0;;1;;
30/11/2018;17:17:00;4024;sem vítima;93;BR-040/RJ;Sul;Choque - Objeto Fixo;1;;;;;;;;;;1;;;;
30/11/2018;17:18:00;4026;sem vítima;96;BR-040/RJ;Sul;Choque - Objeto Fixo;1;;;;;;;;;;1;;;;
30/11/2018;17:35:00;4029;sem vítima;67;BR-040/RJ;Norte;Choque - Objeto Fixo;1;;;;;;;;;;1;;;;
30/11/2018;18:25:00;4033;com vítima;78;BR-040/RJ;Sul;Choque - Objeto Fixo;1;;;;;;;;;;0;4;;;
30/11/2018;23:41:00;4078;com vítima;113;BR-040/RJ;Norte;Colisão Traseira;2;;;;;;;;;;0;2;;;
01/12/2018;02:04:00;3;sem vítima;124;BR-040/RJ;Sul;Choque - Objeto Fixo;1;;;;;;;;;;1;;;;
01/12/2018;02:28:00;5;sem vítima;23;BR-040/RJ;Sul;Choque - Objeto Fixo;1;;;;;;;;;;1;;;;
01/12/2018;05:07:00;12;sem vítima;32;BR-040/RJ;Norte;Derrapagem;1;;;;;;;;;;1;;;;
01/12/2018;06:37:00;17;sem vítima;43;BR-040/RJ;Sul;Choque - Objeto Fixo;1;;;;;;;;;;1;;;;
01/12/2018;07:22:00;25;sem vítima;109;BR-040/RJ;Sul;Colisão Lateral;1;;1;;;;;;;;2;;;;
01/12/2018;07:25:00;26;com vítima;36;BR-040/RJ;Norte;Choque - Objeto Fixo;1;;;;;;;;;;0;4;;;
01/12/2018;08:12:00;29;sem vítima;43;BR-040/RJ;Norte;Choque - Objeto Fixo;1;;;;;;;;;;1;;;;
01/12/2018;08:41:00;34;sem vítima;78;BR-040/RJ;Sul;Choque - Objeto Fixo;1;;;;;;;;;;1;;;;
01/12/2018;10:32:00;43;sem vítima;30;BR-040/RJ;Norte;Choque - Objeto Fixo;1;;;;;;;;;;1;;;;
01/12/2018;10:58:00;48;com vítima;118;BR-040/RJ;Norte;Colisão Frontal;3;;;;;1;;;;;1;4;1;;
01/12/2018;11:42:00;56;com vítima;2;BR-040/RJ;Norte;Capotamento;1;;;;;;;;;;0;2;;;
01/12/2018;11:57:00;58;sem vítima;75;BR-040/RJ;Sul;Choque - Objeto Fixo;1;;;;;;;;;;1;;;;
01/12/2018;12:53:00;63;sem vítima;84;BR-040/RJ;Norte;Choque - Objeto Fixo;1;;;;;;;;;;1;;;;
01/12/2018;13:14:00;67;com vítima;10;BR-040/RJ;Sul;Choque - Objeto Fixo;1;;;;;;;;;;0;;2;;
01/12/2018;16:54:00;96;sem vítima;99;BR-040/RJ;Norte;Choque - Objeto Fixo;1;;;;;;;;;;1;;;;
01/12/2018;19:10:00;115;com vítima;53;BR-040/RJ;Sul;Choque - Objeto Fixo;1;;;;;;;;;;0;2;;;
02/12/2018;05:39:00;158;sem vítima;121;BR-040/RJ;Norte;Colisão Traseira;2;;;;;;;;;;2;;;;
02/12/2018;07:00:00;163;sem vítima;12;BR-040/RJ;Norte;Choque - Objeto Fixo;1;;;;;;;;;;1;;;;
02/12/2018;10:23:00;179;sem vítima;92;BR-040/RJ;Sul;Choque - Objeto Fixo;1;;;;;;;;;;1;;;;
02/12/2018;12:33:00;195;sem vítima;90;BR-040/RJ;Sul;Choque - Objeto Fixo;1;;;;;;;;;;1;;;;
02/12/2018;12:48:00;196;com vítima;93;BR-040/RJ;Sul;Capotamento;1;;;;;;;;;;0;3;;;
02/12/2018;13:15:00;198;sem vítima;92;BR-040/RJ;Sul;Choque - Objeto Fixo;1;;;;;;;;;;1;;;;
02/12/2018;13:32:00;199;sem vítima;113;BR-040/RJ;Norte;Choque - Objeto Fixo;1;;;;;;;;;;1;;;;
02/12/2018;13:47:00;200;sem vítima;818;BR-040/MG;Norte;Choque - Objeto Fixo;1;;;;;;;;;;1;;;;
02/12/2018;15:21:00;211;sem vítima;78;BR-040/RJ;Sul;Choque - Objeto Fixo;1;;;;;;;;;;1;;;;
02/12/2018;15:39:00;214;com vítima;91;BR-040/RJ;Sul;Choque - Objeto Fixo;1;;;;;;;;;;0;3;;;
02/12/2018;16:20:00;221;sem vítima;91;BR-040/RJ;Norte;Choque - Objeto Fixo;1;;;;;;;;;;1;;;;
02/12/2018;16:30:00;226;com vítima;84;BR-040/RJ;Sul;Choque - Objeto Fixo;1;;;;;;;;;;1;1;;;
02/12/2018;16:34:00;228;sem vítima;91;BR-040/RJ;Norte;Choque - Objeto Fixo;1;;;;;;;;;;1;;;;
02/12/2018;17:29:00;235;sem vítima;101;BR-040/RJ;Norte;Colisão Traseira;2;;;;;;;;;;2;;;;
02/12/2018;18:07:00;240;com vítima;78;BR-040/RJ;Sul;Choque - Objeto Fixo;1;;;;;;;;;;3;1;;;
02/12/2018;18:24:00;245;com vítima;92;BR-040/RJ;Sul;Choque - Objeto Fixo;1;;;;;;;;;;0;1;;;
02/12/2018;18:26:00;246;sem vítima;82;BR-040/RJ;Sul;Choque - Objeto Fixo;1;;;;;;;;;;1;;;;
02/12/2018;19:06:00;250;com vítima;87;BR-040/RJ;Sul;Choque - Objeto Fixo;1;;;;;;;;;;0;1;;;