data;horario;n_da_ocorrencia;tipo_de_ocorrencia;km;trecho;sentido;tipo_de_acidente;automovel;bicicleta;caminhao;moto;onibus;outros;tracao_animal;transporte_de_cargas_especiais;trator_maquinas;utilitarios;ilesos;levemente_feridos;moderadamente_feridos;gravemente_feridos;mortos
24/12/2018;13:26:00;3574;sem vítima;120;BR-040/RJ;Sul;Choque - Objeto Fixo;1;;;;;;;;;;1;;;;
24/12/2018;13:53:00;3578;sem vítima;93;BR-040/RJ;Sul;Choque - Objeto Fixo;1;;;;;;;;;;1;;;;
24/12/2018;14:12:00;3581;com vítima;54;BR-040/RJ;Sul;Choque - Objeto Fixo;;;1;;;;;;;;0;1;;;
24/12/2018;15:10:00;3586;sem vítima;90;BR-040/RJ;Norte;Queda de Moto;;;;1;;;;;;;1;;;;
24/12/2018;15:33:00;3589;sem vítima;92;BR-040/RJ;Sul;Choque - Objeto Fixo;1;;;;;;;;;;1;;;;
24/12/2018;15:46:00;3590;sem vítima;93;BR-040/RJ;Sul;Capotamento;1;;;;;;;;;;1;;;;
24/12/2018;15:53:00;3592;sem vítima;113;BR-040/RJ;Norte;Engavetamento;8;;2;;;;;;;;10;;;;
24/12/2018;15:54:00;3593;sem vítima;91;BR-040/RJ;Norte;Choque - Objeto Fixo;1;;;;;;;;;;1;;;;
24/12/2018;16:19:00;3597;com vítima;119;BR-040/RJ;Sul;Colisão Traseira;1;;;;1;;;;;;1;1;2;;
24/12/2018;16:21:00;3598;com vítima;74;BR-040/RJ;Norte;Choque - Objeto Fixo;1;;;;;;;;;;0;1;;;
24/12/2018;16:39:00;3602;sem vítima;93;BR-040/RJ;Norte;Queda de Moto;;;;1;;;;;;;1;;;;
24/12/2018;17:10:00;3608;com vítima;84;BR-040/RJ;Norte;Choque - Objeto Fixo;1;;;;;;;;;;0;4;;;
24/12/2018;17:55:00;3613;sem vítima;83;BR-040/RJ;Sul;Choque - Objeto Fixo;1;;;;;;;;;;1;;;;
24/12/2018;21:19:00;3638;sem vítima;104;BR-040/RJ;Sul;Choque - Objeto Fixo;1;;;;;1;;;;;2;;;;
24/12/2018;22:40:00;3649;sem vítima;92;BR-040/RJ;Norte;Choque - Objeto Fixo;1;;;;;;;;;;1;;;;
24/12/2018;22:59:00;3650;sem vítima;92;BR-040/RJ;Norte;Choque - Objeto Fixo;1;;;;;;;;;;1;;;;
24/12/2018;23:13:00;3652;sem vítima;92;BR-040/RJ;Norte;Choque - Objeto Fixo;1;;;;;;;;;;1;;;;
25/12/2018;04:52:00;3665;sem vítima;72;BR-040/RJ;Norte;Choque - Objeto Fixo;1;;;;;;;;;;1;;;;
25/12/2018;05:20:00;3666;com vítima;85;BR-040/RJ;Norte;Choque - Objeto Fixo;1;;;;;;;;;;0;5;;;
25/12/2018;13:58:00;3702;sem vítima;53;BR-040/RJ;Sul;Choque - Objeto Fixo;1;;;;;;;;;;1;;;;
25/12/2018;14:35:00;3708;sem vítima;92;BR-040/RJ;Sul;Choque - Objeto Fixo;1;;;;;;;;;;1;;;;
25/12/2018;14:08:00;3709;sem vítima;53;BR-040/RJ;Sul;Colisão Traseira;1;;1;;;;;;;;2;;;;
25/12/2018;15:23:00;3715;sem vítima;93;BR-040/RJ;Sul;Choque - Objeto Fixo;1;;;;;;;;;;1;;;;
25/12/2018;15:36:00;3718;com vítima;90;BR-040/RJ;Sul;Capotamento;1;;;;;;;;;;0;2;;;
25/12/2018;15:39:00;3719;sem vítima;93;BR-040/RJ;Norte;Choque - Objeto Fixo;1;;;;;;;;;;1;;;;
25/12/2018;16:27:00;3722;sem vítima;92;BR-040/RJ;Sul;Choque - Objeto Fixo;1;;;;;;;;;;1;;;;
25/12/2018;16:41:00;3724;com vítima;78;BR-040/RJ;Sul;Choque - Objeto Fixo;1;;;;;;;;;;0;2;;;
25/12/2018;16:42:00;3726;sem vítima;84;BR-040/RJ;Sul;Choque - Objeto Fixo;1;;;;;;;;;;1;;;;
25/12/2018;16:45:00;3727;com vítima;88;BR-040/RJ;Norte;Colisão Frontal;1;;;;1;;;;;;1;4;;;
25/12/2018;17:35:00;3732;com vítima;77;BR-040/RJ;Sul;Capotamento;1;;;;;;;;;;0;1;;;
25/12/2018;17:50:00;3736;sem vítima;813;BR-040/MG;Norte;Choque - Objeto Fixo;1;;;;;;;;;;1;;;;
25/12/2018;18:44:00;3746;com vítima;84;BR-040/RJ;Sul;Capotamento;1;;;;;;;;;;0;3;1;;
25/12/2018;19:45:00;3756;sem vítima;93;BR-040/RJ;Sul;Choque - Objeto Fixo;1;;;;;;;;;;1;;;;
25/12/2018;20:56:00;3768;sem vítima;84;BR-040/RJ;Sul;Choque - Objeto Fixo;1;;;;;;;;;;1;;;;
25/12/2018;21:31:00;3772;sem vítima;93;BR-040/RJ;Norte;Choque - Objeto Fixo;1;;;;;;;;;;1;;;;
25/12/2018;21:57:00;3776;sem vítima;93;BR-040/RJ;Norte;Choque - Objeto Fixo;1;;;;;;;;;;1;;;;
25/12/2018;23:03:00;3783;sem vítima;83;BR-040/RJ;Sul;Choque - Objeto Fixo;1;;;;;;;;;;1;;;;
26/12/2018;05:56:00;3796;com vítima;119;BR-040/RJ;Norte;Colisão Traseira;2;;;;;;;;;;1;;1;;
26/12/2018;06:32:00;3799;sem vítima;94;BR-040/RJ;Norte;Choque - Objeto Fixo;1;;;;;;;;;;1;;;;
26/12/2018;07:41:00;3802;sem vítima;34;BR-040/RJ;Norte;Choque - Objeto Fixo;1;;;;;;;;;;1;;;;
26/12/2018;10:38:00;3826;com vítima;827;BR-040/MG;Sul;Choque - Objeto Fixo;1;;;;;;;;;;0;1;;;
26/12/2018;11:07:00;3830;sem vítima;93;BR-040/RJ;Sul;Choque - Objeto Fixo;1;;;;;;;;;;1;;;;
26/12/2018;11:13:00;3832;sem vítima;18;BR-040/RJ;Norte;Choque - Objeto Fixo;1;;;;;;;;;;1;;;;
26/12/2018;11:03:00;3835;sem vítima;17;BR-040/RJ;Sul;Choque - Objeto Fixo;1;;;;;;;;;;1;;;;
26/12/2018;11:26:00;3836;com vítima;92;BR-040/RJ;Sul;Choque - Objeto Fixo;1;;;;;;;;;;0;1;;;
26/12/2018;11:26:00;3837;com vítima;92;BR-040/RJ;Sul;Choque - Objeto Fixo;1;;;;;;;;;;0;4;;;
26/12/2018;11:39:00;3839;com vítima;821;BR-040/MG;Norte;Capotamento;1;;;;;;;;;;0;2;;;
26/12/2018;11:51:00;3840;sem vítima;91;BR-040/RJ;Sul;Capotamento;1;;;;;;;;;;1;;;;
26/12/2018;12:08:00;3842;sem vítima;89;BR-040/RJ;Norte;Choque - Objeto Fixo;1;;;;;;;;;;1;;;;
26/12/2018;12:16:00;3844;sem vítima;84;BR-040/RJ;Sul;Choque - Objeto Fixo;1;;;;;;;;;;1;;;;
26/12/2018;12:24:00;3846;sem vítima;92;BR-040/RJ;Norte;Choque - Objeto Fixo;1;;;;;;;;;;1;;;;
26/12/2018;12:27:00;3849;com vítima;93;BR-040/RJ;Sul;Capotamento;1;;;;;;;;;;0;2;;;
26/12/2018;12:41:00;3851;sem vítima;87;BR-040/RJ;Sul;Choque - Objeto Fixo;1;;;;;;;;;;1;;;;
26/12/2018;12:44:00;3852;sem vítima;84;BR-040/RJ;Norte;Choque - Objeto Fixo;1;;;;;;;;;;1;;;;
26/12/2018;12:54:00;3853;sem vítima;32;BR-040/RJ;Norte;Choque - Objeto Fixo;1;;;;;;;;;;1;;;;
26/12/2018;12:24:00;3856;sem vítima;92;BR-040/RJ;Norte;Colisão Traseira;2;;;;;;;;;;2;;;;
26/12/2018;12:50:00;3858;sem vítima;82;BR-040/RJ;Sul;Choque - Objeto Fixo;1;;;;;;;;;;1;;;;
26/12/2018;13:40:00;3859;sem vítima;91;BR-040/RJ;Sul;Choque - Objeto Fixo;1;;;;;;;;;;1;;;;
26/12/2018;14:16:00;3864;sem vítima;75;BR-040/RJ;Sul;Choque - Objeto Fixo;1;;;;;;;;;;1;;;;
26/12/2018;16:29:00;3881;sem vítima;32;BR-040/RJ;Norte;Choque - Objeto Fixo;1;;;;;;;;;;1;;;;
26/12/2018;16:35:00;3883;com vítima;18;BR-040/RJ;Sul;Capotamento;1;;;;;;;;;;0;2;;;
26/12/2018;16:36:00;3884;com vítima;91;BR-040/RJ;Norte;Capotamento;1;;;;;;;;;;0;1;;;
26/12/2018;16:40:00;3888;sem vítima;92;BR-040/RJ;Sul;Colisão Lateral;1;;;;;1;;;;;2;;;;
26/12/2018;17:03:00;3892;com vítima;84;BR-040/RJ;Norte;Choque - Objeto Fixo;1;;;;;;;;;;0;2;;;
26/12/2018;17:04:00;3893;com vítima;29;BR-040/RJ;Norte;Capotamento;1;;;;;;;;;;0;2;;;
26/12/2018;17:09:00;3894;sem vítima;82;BR-040/RJ;Sul;Choque - Objeto Fixo;1;;;;;;;;;;1;;;;
26/12/2018;17:19:00;3895;com vítima;34;BR-040/RJ;Norte;Choque - Objeto Fixo;;;1;;;;;;;;0;1;;;
26/12/2018;17:45:00;3899;com vítima;792;BR-040/MG;Norte;Tombamento;1;;;;;;;;;;0;2;;;
26/12/2018;18:08:00;3902;com vítima;92;BR-040/RJ;Sul;Choque - Objeto Fixo;1;;;;;;;;;;0;1;;;
26/12/2018;19:35:00;3905;sem vítima;32;BR-040/RJ;Sul;Choque - Objeto Fixo;1;;;;;;;;;;1;;;;
27/12/2018;06:35:00;3945;sem vítima;84;BR-040/RJ;Sul;Queda de Moto;;;;1;;;;;;;1;;;;
27/12/2018;07:24:00;3952;sem vítima;81;BR-040/RJ;Sul;Choque - Objeto Fixo;;;1;;;;;;;;1;;;;
27/12/2018;07:52:00;3955;sem vítima;123;BR-040/RJ;Sul;Colisão Lateral;1;;1;;;;;;;;2;;;;
27/12/2018;06:43:00;3959;sem vítima;84;BR-040/RJ;Sul;Choque - Objeto Fixo;1;;;;;;;;;;1;;;;
27/12/2018;10:15:00;3975;sem vítima;85;BR-040/RJ;Sul;Choque - Objeto Fixo;;;1;;;;;;;;1;;;;
27/12/2018;12:55:00;3998;com vítima;103;BR-040/RJ;Norte;Colisão Traseira;1;;1;;;;;;;;1;1;2;;
27/12/2018;13:00:00;3999;sem vítima;93;BR-040/RJ;Sul;Capotamento;1;;;;;;;;;;1;;;;
27/12/2018;13:22:00;4003;sem vítima;8;BR-040/RJ;Norte;Choque - Objeto Fixo;1;;;;;;;;;;1;;;;
27/12/2018;13:25:00;4005;sem vítima;2;BR-040/RJ;Norte;Choque - Objeto Fixo;1;;;;;;;;;;1;;;;
27/12/2018;13:29:00;4007;com vítima;77;BR-040/RJ;Sul;Choque - Objeto Fixo;1;;;;;;;;;;0;2;;;
27/12/2018;14:04:00;4012;sem vítima;92;BR-040/RJ;Sul;Choque - Objeto Fixo;1;;;;;;;;;;1;;;;
27/12/2018;15:48:00;4023;sem vítima;84;BR-040/RJ;Norte;Choque - Objeto Fixo;1;;;;;;;;;;1;;;;
27/12/2018;15:51:00;4024;com vítima;90;BR-040/RJ;Norte;Choque - Objeto Fixo;1;;;;;;;;;;0;2;;;
27/12/2018;16:54:00;4034;com vítima;84;BR-040/RJ;Sul;Colisão Transversal;2;;;;;;;;;;1;2;;;
27/12/2018;17:04:00;4035;sem vítima;801;BR-040/MG;Sul;Choque - Objeto Fixo;1;;;;;;;;;;1;;;;
27/12/2018;17:28:00;4039;com vítima;89;BR-040/RJ;Sul;Queda de Moto;;;;1;;;;;;;0;2;;;
27/12/2018;17:57:00;4044;sem vítima;92;BR-040/RJ;Norte;Choque - Objeto Fixo;1;;;;;;;;;;1;;;;
27/12/2018;18:05:00;4047;sem vítima;92;BR-040/RJ;Sul;Choque - Objeto Fixo;1;;;;;;;;;;1;;;;
27/12/2018;18:18:00;4048;sem vítima;93;BR-040/RJ;Sul;Choque - Objeto Fixo;1;;;;;;;;;;1;;;;
27/12/2018;18:39:00;4050;com vítima;785;BR-040/MG;Norte;Choque - Objeto Fixo;1;;;;;;;;;;0;1;;;
27/12/2018;18:56:00;4052;sem vítima;82;BR-040/RJ;Sul;Choque - Objeto Fixo;1;;;;;;;;;;1;;;;
27/12/2018;19:13:00;4054;sem vítima;86;BR-040/RJ;Sul;Choque - Objeto Fixo;1;;;;;;;;;;1;;;;
28/12/2018;04:26:00;4078;sem vítima;94;BR-040/RJ;Sul;Choque - Objeto Fixo;;;1;;;;;;;;1;;;;
28/12/2018;04:36:00;4079;sem vítima;5;BR-040/RJ;Sul;Atropelamento - Animal;1;;;;;;;;;;1;;;;
28/12/2018;06:49:00;4090;sem vítima;84;BR-040/RJ;Sul;Choque - Objeto Fixo;1;;;;;;;;;;1;;;;
28/12/2018;08:16:00;4096;com vítima;91;BR-040/RJ;Sul;Queda de Moto;;;;1;;;;;;;0;1;;;
28/12/2018;11:56:00;4129;sem vítima;121;BR-040/RJ;Sul;Colisão Traseira;1;;1;;;;;;;;2;;;;
28/12/2018;15:12:00;4157;sem vítima;779;BR-040/MG;Norte;Choque - Objeto Fixo;1;;;;;;;;;;1;;;;
28/12/2018;15:35:00;4159;com vítima;60;BR-040/RJ;Norte;Choque - Objeto Fixo;1;;;;;;;;;;0;;2;;
28/12/2018;16:07:00;4166;sem vítima;72;BR-040/RJ;Norte;Choque - Objeto Fixo;1;;;;;;;;;;1;;;;
28/12/2018;17:59:00;4181;sem vítima;817;BR-040/MG;Norte;Choque - Objeto Fixo;1;;;;;;;;;;1;;;;
28/12/2018;18:35:00;4186;sem vítima;91;BR-040/RJ;Norte;Choque - Objeto Fixo;1;;;;;;;;;;1;;;;
28/12/2018;19:47:00;4198;sem vítima;25;BR-040/RJ;Sul;Capotamento;1;;;;;;;;;;5;;;;
29/12/2018;06:20:00;4226;com vítima;93;BR-040/RJ;Sul;Tombamento;;;1;;;;;;;;0;1;;;
29/12/2018;07:27:00;4234;sem vítima;108;BR-040/RJ;Norte;Choque - Objeto Fixo;1;;;;;;;;;;1;;;;
29/12/2018;07:55:00;4237;com vítima;56;BR-040/RJ;Sul;Queda de Moto;;;;1;;;;;;;0;2;;;
29/12/2018;10:58:00;4258;com vítima;113;BR-040/RJ;Sul;Choque - Objeto Fixo;1;;1;;;;;;;;1;1;;;
29/12/2018;12:52:00;4272;com vítima;75;BR-040/RJ;Norte;Queda de Moto;1;;;1;;;;;;;1;;1;;
29/12/2018;14:53:00;4286;sem vítima;0;BR-040/RJ;Norte;Choque - Objeto Fixo;1;;;;;;;;;;1;;;;
29/12/2018;19:19:00;4315;com vítima;84;BR-040/RJ;Norte;Colisão Traseira;2;;;1;;;;;;;2;1;;;
30/12/2018;10:33:00;4382;com vítima;802;BR-040/MG;Norte;Colisão Traseira;2;;;;;;;;;;0;2;;;
30/12/2018;12:56:00;4396;com vítima;84;BR-040/RJ;Sul;Choque - Objeto Fixo;1;;;;;;;;;;0;5;;;
30/12/2018;14:49:00;4405;sem vítima;121;BR-040/RJ;Sul;Colisão Frontal;2;;;;;;;;;;2;;;;
30/12/2018;18:50:00;4444;com vítima;112;BR-040/RJ;Sul;Colisão Traseira;2;;;;;;;;;;0;6;;;
31/12/2018;00:01:00;4471;sem vítima;99;BR-040/RJ;Sul;Choque - Objeto Fixo;1;;;;;;;;;;1;;;;
31/12/2018;00:32:00;4474;sem vítima;80;BR-040/RJ;Norte;Choque - Objeto Fixo;1;;;;;;;;;;1;;;;
31/12/2018;15:40:00;4526;sem vítima;117;BR-040/RJ;Norte;Choque - Objeto Fixo;1;;;;;;;;;;1;;;;
31/12/2018;17:47:00;4538;sem vítima;91;BR-040/RJ;Norte;Choque - Objeto Fixo;1;;;;;;;;;;1;;;;
31/12/2018;17:51:00;4539;sem vítima;93;BR-040/RJ;Sul;Choque - Objeto Fixo;1;;;;;;;;;;1;;;;
31/12/2018;18:27:00;4543;sem vítima;90;BR-040/RJ;Sul;Choque - Objeto Fixo;1;;;;;;;;;;1;;;;
31/12/2018;18:45:00;4545;com vítima;49;BR-040/RJ;Norte;Capotamento;1;;;;;;;;;;0;1;;;
31/12/2018;18:58:00;4547;sem vítima;60;BR-040/RJ;Norte;Choque - Objeto Fixo;1;;;;;;;;;;1;;;;
31/12/2018;19:10:00;4548;sem vítima;77;BR-040/RJ;Sul;Choque - Objeto Fixo;1;;;;;;;;;;1;;;;
01/01/2019;02:29:00;3;sem vítima;112;BR-040/RJ;Sul;Colisão Lateral;2;;;;;;;;;;2;;;;
01/01/2019;03:40:00;10;com vítima;97;BR-040/RJ;Norte;Capotamento;1;;;;;;;;;;0;3;;;
01/01/2019;09:52:00;26;com vítima;109;BR-040/RJ;Norte;Choque - Objeto Fixo;1;;;;;;;;;;0;1;;;
01/01/2019;12:53:00;44;sem vítima;779;BR-040/MG;Norte;Choque - Objeto Fixo;1;;;;;;;;;;1;;;;
01/01/2019;13:00:00;45;sem vítima;99;BR-040/RJ;Sul;Capotamento;1;;;;;;;;;;1;;;;
01/01/2019;12:53:00;55;sem vítima;779;BR-040/MG;Norte;Colisão Lateral;2;;;;;;;;;;2;;;;
01/01/2019;13:59:00;58;com vítima;87;BR-040/RJ;Norte;Queda de Moto;;;;1;;;;;;;0;;1;;
01/01/2019;14:45:00;63;sem vítima;81;BR-040/RJ;Norte;Choque - Objeto Fixo;1;;;;;;;;;;1;;;;
01/01/2019;14:56:00;68;sem vítima;7;BR-040/RJ;Norte;Choque - Objeto Fixo;1;;;;;;;;;;1;;;;
01/01/2019;15:17:00;73;sem vítima;799;BR-040/MG;Norte;Choque - Objeto Fixo;1;;;;;;;;;;1;;;;
01/01/2019;15:43:00;79;sem vítima;10;BR-040/RJ;Sul;Choque - Objeto Fixo;1;;;;;;;;;;1;;;;
01/01/2019;15:47:00;80;sem vítima;93;BR-040/RJ;Norte;Choque - Objeto Fixo;1;;;;;;;;;;1;;;;
01/01/2019;15:55:00;83;sem vítima;62;BR-040/RJ;Sul;Choque - Objeto Fixo;1;;;;;;;;;;1;;;;
01/01/2019;15:45:00;84;sem vítima;84;BR-040/RJ;Sul;Colisão Lateral;2;;;;;;;;;;2;;;;
01/01/2019;16:18:00;86;com vítima;74;BR-040/RJ;Norte;Capotamento;1;;;;;;;;;;0;3;;;
01/01/2019;16:21:00;87;com vítima;92;BR-040/RJ;Sul;Choque - Objeto Fixo;1;;;;;;;;;;0;1;;;
01/01/2019;16:37:00;92;com vítima;91;BR-040/RJ;Sul;Choque - Objeto Fixo;1;;;;;;;;;;0;1;;;
01/01/2019;17:05:00;100;com vítima;84;BR-040/RJ;Norte;Queda de Moto;;;;1;;;;;;;0;2;;;
01/01/2019;18:11:00;109;com vítima;84;BR-040/RJ;Sul;Capotamento;1;;;;;;;;;;0;3;;;
01/01/2019;18:25:00;111;sem vítima;91;BR-040/RJ;Norte;Choque - Objeto Fixo;1;;;;;;;;;;1;;;;
01/01/2019;20:08:00;127;com vítima;42;BR-040/RJ;Norte;Colisão Traseira;;;;;2;;;;;;1;1;;;
01/01/2019;21:28:00;141;com vítima;105;BR-040/RJ;Norte;Colisão Frontal;2;;;;;;;;;;0;4;;;
01/01/2019;22:14:00;144;sem vítima;33;BR-040/RJ;Sul;Choque - Objeto Fixo;1;;;;;;;;;;1;;;;
01/01/2019;23:07:00;146;com vítima;84;BR-040/RJ;Sul;Capotamento;1;;;;;;;;;;0;3;;;
02/01/2019;06:22:00;170;sem vítima;803;BR-040/MG;Norte;Choque - Objeto Fixo;1;;;;;;;;;;1;;;;
02/01/2019;06:57:00;175;sem vítima;29;BR-040/RJ;Norte;Choque - Objeto Fixo;1;;;;;;;;;;1;;;;
02/01/2019;07:03:00;176;sem vítima;23;BR-040/RJ;Norte;Choque - Objeto Fixo;1;;;;;;;;;;1;;;;
02/01/2019;12:10:00;212;com vítima;113;BR-040/RJ;Norte;Engavetamento;3;;;;;;;;;;0;5;2;;
02/01/2019;13:22:00;228;sem vítima;104;BR-040/RJ;Norte;Colisão Frontal;2;;;;;;;;;;2;;;;
02/01/2019;15:02:00;240;sem vítima;8;BR-040/RJ;Norte;Choque - Objeto Fixo;1;;;;;;;;;;1;;;;
02/01/2019;15:27:00;246;com vítima;116;BR-040/RJ;Norte;Capotamento;1;;;;;1;;;;;1;;1;;
02/01/2019;17:22:00;268;com vítima;84;BR-040/RJ;Sul;Engavetamento;4;;1;;;;;;;;4;4;1;;
02/01/2019;18:00:00;274;com vítima;67;BR-040/RJ;Norte;Choque - Objeto Fixo;1;;;;;;;;;;0;3;;;
02/01/2019;18:57:00;283;com vítima;78;BR-040/RJ;Sul;Queda de Moto;;;;1;;;;;;;0;2;;;
02/01/2019;20:42:00;292;sem vítima;59;BR-040/RJ;Sul;Tombamento;1;;;;;;;;;;3;;;;
02/01/2019;22:59:00;302;sem vítima;73;BR-040/RJ;Norte;Choque - Objeto Fixo;2;;;;;;;;;;2;;;;
03/01/2019;06:00:00;321;com vítima;124;BR-040/RJ;Norte;Atropelamento - Pedestre;;;;1;;1;;;;;1;;1;;
03/01/2019;12:39:00;377;com vítima;815;BR-040/MG;Sul;Choque - Objeto Fixo;1;;;;;;;;;;0;4;;;
03/01/2019;19:15:00;436;sem vítima;91;BR-040/RJ;Norte;Choque - Objeto Fixo;1;;;;;;;;;;1;;;;
03/01/2019;19:24:00;439;sem vítima;60;BR-040/RJ;Norte;Choque - Objeto Fixo;1;;;;;;;;;;1;;;;
03/01/2019;19:50:00;443;sem vítima;120;BR-040/RJ;Sul;Colisão Traseira;1;;;;;1;;;;;2;;;;
04/01/2019;00:29:00;465;sem vítima;83;BR-040/RJ;Norte;Choque - Objeto Fixo;2;;;;;;;;;;2;;;;
04/01/2019;01:31:00;469;com vítima;123;BR-040/RJ;Norte;Choque - Objeto Fixo;;;1;;;1;;;;;1;;1;;
04/01/2019;02:37:00;475;sem vítima;785;BR-040/MG;Sul;Atropelamento - Animal;1;;;;;;;;;;1;;;;
04/01/2019;05:17:00;480;sem vítima;122;BR-040/RJ;Sul;Colisão Lateral;1;;1;;1;;;;;;3;;;;
04/01/2019;05:44:00;483;com vítima;94;BR-040/RJ;Norte;Choque - Objeto Fixo;1;;;;;;;;;;0;3;;;
04/01/2019;10:07:00;510;sem vítima;104;BR-040/RJ;Norte;Colisão Frontal;1;;1;;;;;;;;2;;;;
04/01/2019;11:09:00;518;sem vítima;113;BR-040/RJ;Sul;Choque - Objeto Fixo;1;;;;;;;;;;1;;;;
04/01/2019;15:03:00;550;sem vítima;791;BR-040/MG;Norte;Colisão Traseira;2;;;;;;;;;;2;;;;
04/01/2019;15:37:00;553;sem vítima;86;BR-040/RJ;Norte;Engavetamento;3;;;;;;;;;;3;;;;
04/01/2019;16:56:00;571;com vítima;7;BR-040/RJ;Norte;Choque - Objeto Fixo;1;;;;;;;;;;0;2;;;
04/01/2019;18:03:00;585;com vítima;79;BR-040/RJ;Norte;Queda de Moto;;;;1;;;;;;;0;;1;;
04/01/2019;18:17:00;587;sem vítima;84;BR-040/RJ;Sul;Choque - Objeto Fixo;1;;;;;;;;;;1;;;;
04/01/2019;18:44:00;590;sem vítima;84;BR-040/RJ;Norte;Choque - Objeto Fixo;1;;;;;;;;;;1;;;;
04/01/2019;18:45:00;591;com vítima;38;BR-040/RJ;Norte;Choque - Objeto Fixo;1;;;;;;;;;;0;1;1;;
04/01/2019;19:31:00;598;sem vítima;93;BR-040/RJ;Sul;Capotamento;1;;;;;;;;;;1;;;;
04/01/2019;19:55:00;601;sem vítima;90;BR-040/RJ;Norte;Choque - Objeto Fixo;1;;;;;;;;;;1;;;;
05/01/2019;00:04:00;628;sem vítima;93;BR-040/RJ;Sul;Tombamento;1;;;;;;;;;;1;;;;
05/01/2019;00:18:00;631;sem vítima;787;BR-040/MG;Norte;Choque - Objeto Fixo;1;;1;;;;;;;;2;;;;
05/01/2019;04:18:00;642;sem vítima;56;BR-040/RJ;Norte;Atropelamento - Animal;;;1;;;;;;;;1;;;;
05/01/2019;07:58:00;653;com vítima;105;BR-040/RJ;Norte;Colisão Frontal;2;;;;;;;;;;0;3;;;
05/01/2019;11:59:00;681;com vítima;786;BR-040/MG;Norte;Choque - Objeto Fixo;1;;;;;;;;;;0;2;;;
05/01/2019;12:10:00;684;sem vítima;55;BR-040/RJ;Norte;Colisão Lateral;1;;;1;;;;;;;2;;;;
05/01/2019;14:33:00;693;sem vítima;78;BR-040/RJ;Sul;Choque - Objeto Fixo;1;;;;;;;;;;1;;;;
05/01/2019;15:04:00;699;sem vítima;91;BR-040/RJ;Norte;Choque - Objeto Fixo;1;;;;;;;;;;1;;;;
05/01/2019;15:09:00;700;com vítima;105;BR-040/RJ;Norte;Colisão Transversal;1;1;;;;;;;;;1;;1;;
05/01/2019;15:25:00;703;com vítima;62;BR-040/RJ;Sul;Choque - Objeto Fixo;1;;;;;;;;;;0;2;;;
05/01/2019;15:00:00;704;sem vítima;78;BR-040/RJ;Sul;Choque - Objeto Fixo;1;;;;;;;;;;1;;;;
05/01/2019;15:54:00;708;sem vítima;92;BR-040/RJ;Sul;Choque - Objeto Fixo;1;;;;;;;;;;1;;;;
05/01/2019;16:00:00;709;sem vítima;11;BR-040/RJ;Norte;Choque - Objeto Fixo;1;;;;;;;;;;1;;;;
05/01/2019;16:12:00;711;sem vítima;92;BR-040/RJ;Sul;Choque - Objeto Fixo;1;;;;;;;;;;1;;;;
05/01/2019;16:23:00;712;sem vítima;123;BR-040/RJ;Norte;Queda de Moto;;;;1;;;;;;;1;;;;
05/01/2019;16:28:00;714;sem vítima;33;BR-040/RJ;Norte;Choque - Objeto Fixo;1;;;;;;;;;;1;;;;
05/01/2019;16:50:00;716;sem vítima;92;BR-040/RJ;Sul;Choque - Objeto Fixo;1;;;;;;;;;;1;;;;
05/01/2019;16:51:00;717;sem vítima;93;BR-040/RJ;Norte;Choque - Objeto Fixo;1;;;;;;;;;;1;;;;
05/01/2019;17:01:00;719;sem vítima;93;BR-040/RJ;Sul;Choque - Objeto Fixo;1;;;;;;;;;;1;;;;
05/01/2019;18:15:00;727;com vítima;92;BR-040/RJ;Sul;Choque - Objeto Fixo;1;;;;;;;;;;0;1;;;
05/01/2019;18:25:00;730;com vítima;87;BR-040/RJ;Sul;Choque - Objeto Fixo;1;;;;;;;;;;0;3;;;
05/01/2019;20:29:00;736;sem vítima;93;BR-040/RJ;Sul;Choque - Objeto Fixo;1;;;;;;;;;;1;;;;
05/01/2019;21:50:00;741;sem vítima;43;BR-040/RJ;Norte;Choque - Objeto Fixo;1;;;;;;;;;;1;;;;
06/01/2019;00:37:00;746;sem vítima;105;BR-040/RJ;Norte;Choque - Objeto Fixo;1;;;;;;;;;;1;;;;
06/01/2019;00:51:00;748;com vítima;63;BR-040/RJ;Sul;Capotamento;1;;;;;;;;;;0;1;;;
06/01/2019;16:01:00;815;sem vítima;100;BR-040/RJ;Norte;Colisão Lateral;2;;;;;;;;;;2;;;;
06/01/2019;20:55:00;852;sem vítima;109;BR-040/RJ;Sul;Colisão Traseira;2;;;;;;;;;;2;;;;
06/01/2019;22:35:00;869;sem vítima;92;BR-040/RJ;Sul;Choque - Objeto Fixo;1;;;;;;;;;;1;;;;
06/01/2019;22:42:00;870;com vítima;60;BR-040/RJ;Sul;Colisão Lateral;1;;1;;;;;;;;0;3;2;;
07/01/2019;03:20:00;884;sem vítima;68;BR-040/RJ;Sul;Choque - Objeto Fixo;;;1;;;;;;;;1;;;;
07/01/2019;04:46:00;889;sem vítima;774;BR-040/MG;Norte;Atropelamento - Animal;1;;;;;;;;;;1;;;;
08/01/2019;03:58:00;1024;sem vítima;774;BR-040/MG;Sul;Atropelamento - Animal;2;;;;;;;;;;2;;;;
08/01/2019;07:43:00;1033;sem vítima;116;BR-040/RJ;Norte;Choque - Objeto Fixo;1;;;;;;;;;;1;;;;
08/01/2019;08:18:00;1039;sem vítima;123;BR-040/RJ;Sul;Colisão Lateral;1;;;;1;;;;;;2;;;;