data;horario;n_da_ocorrencia;tipo_de_ocorrencia;km;trecho;sentido;tipo_de_acidente;automovel;bicicleta;caminhao;moto;onibus;outros;tracao_animal;transporte_de_cargas_especiais;trator_maquinas;utilitarios;ilesos;levemente_feridos;moderadamente_feridos;gravemente_feridos;mortos
08/01/2019;16:35:00;1101;sem vítima;75;BR-040/RJ;Sul;Choque - Objeto Fixo;1;;;;;;;;;;1;;;;
08/01/2019;17:54:00;1112;com vítima;106;BR-040/RJ;Norte;Colisão Traseira;;;2;;;;;;;;1;1;;;
09/01/2019;00:09:00;1149;sem vítima;53;BR-040/RJ;Sul;Derrapagem;1;;;;;;;;;;1;;;;
09/01/2019;00:59:00;1151;sem vítima;120;BR-040/RJ;Norte;Choque - Objeto Fixo;1;;;;;;;;;;1;;;;
09/01/2019;05:23:00;1160;sem vítima;788;BR-040/MG;Norte;Choque - Objeto Fixo;1;;;;;;;;;;1;;;;
09/01/2019;12:27:00;1207;sem vítima;801;BR-040/MG;Sul;Colisão Traseira;2;;;;;;;;;;2;;;;
09/01/2019;12:41:00;1208;sem vítima;1;BR-040/RJ;Norte;Choque - Objeto Fixo;1;;;;;;;;;;1;;;;
09/01/2019;16:24:00;1236;sem vítima;71;BR-040/RJ;Sul;Choque - Objeto Fixo;1;;;;;;;;;;1;;;;
09/01/2019;20:39:00;1274;com vítima;104;BR-040/RJ;Norte;Colisão Transversal;1;1;;;;;;;;;1;;;1;
10/01/2019;08:08:00;1317;sem vítima;122;BR-040/RJ;Sul;Colisão Lateral;;;1;1;;;;;;;2;;;;
10/01/2019;13:03:00;1359;com vítima;124;BR-040/RJ;Norte;Colisão Traseira;1;;;1;;;;;;;1;;1;;
10/01/2019;15:16:00;1377;sem vítima;123;BR-040/RJ;Sul;Colisão Lateral;1;;1;;;;;;;;2;;;;
10/01/2019;15:31:00;1379;sem vítima;14;BR-040/RJ;Norte;Choque - Objeto Fixo;1;;;;;;;;;;1;;;;
10/01/2019;16:36:00;1387;sem vítima;91;BR-040/RJ;Sul;Choque - Objeto Fixo;1;;;;;;;;;;1;;;;
11/01/2019;07:05:00;1456;sem vítima;122;BR-040/RJ;Sul;Colisão Lateral;1;;;1;;;;;;;2;;;;
11/01/2019;08:35:00;1462;sem vítima;120;BR-040/RJ;Sul;Colisão Lateral;1;;;;1;;;;;;2;;;;
11/01/2019;08:40:00;1463;sem vítima;784;BR-040/MG;Sul;Colisão Lateral;2;;;;;;;;;;2;;;;
11/01/2019;09:52:00;1480;sem vítima;122;BR-040/RJ;Sul;Colisão Traseira;1;;1;;;;;;;;2;;;;
11/01/2019;15:55:00;1532;com vítima;112;BR-040/RJ;Norte;Colisão Lateral;1;;1;;;;;;;;0;2;;;
12/01/2019;00:53:00;1593;com vítima;83;BR-040/RJ;Norte;Choque - Objeto Fixo;1;;;;;;;;;;0;4;;;
12/01/2019;02:36:00;1601;com vítima;72;BR-040/RJ;Norte;Derrapagem;1;;;;;;;;;;0;1;;;
12/01/2019;07:52:00;1623;sem vítima;119;BR-040/RJ;Norte;Colisão Frontal;2;;;;;;;;;;2;;;;
12/01/2019;10:56:00;1647;com vítima;112;BR-040/RJ;Norte;Colisão Lateral;2;;;;;;;;;;0;2;;;
12/01/2019;16:37:00;1680;com vítima;828;BR-040/MG;Norte;Tombamento;;;1;;;;;;;;0;1;;;
12/01/2019;17:51:00;1693;sem vítima;123;BR-040/RJ;Sul;Engavetamento;3;;;;;;;;;;3;;;;
12/01/2019;20:51:00;1711;sem vítima;120;BR-040/RJ;Norte;Colisão Lateral;2;;;;;;;;;;2;;;;
13/01/2019;05:41:00;1736;com vítima;54;BR-040/RJ;Norte;Colisão Traseira;2;;;;;;;;;;0;7;;;
13/01/2019;08:42:00;1745;com vítima;84;BR-040/RJ;Sul;Queda de Moto;;;;1;;;;;;;0;1;1;;
13/01/2019;10:45:00;1752;com vítima;87;BR-040/RJ;Sul;Queda de Moto;;;;1;;;;;;;0;1;;;
13/01/2019;11:13:00;1753;com vítima;87;BR-040/RJ;Sul;Queda de Moto;;;;1;;;;;;;0;2;;;
13/01/2019;12:21:00;1762;sem vítima;790;BR-040/MG;Norte;Choque - Objeto Fixo;2;;;;;;;;;;2;;;;
13/01/2019;22:41:00;1841;sem vítima;113;BR-040/RJ;Norte;Capotamento;1;;;;;;;;;;1;;;;
14/01/2019;10:45:00;1905;sem vítima;783;BR-040/MG;Sul;Colisão Traseira;1;;;1;;;;;;;2;;;;
14/01/2019;11:21:00;1906;com vítima;17;BR-040/RJ;Norte;Colisão Traseira;1;;1;;;;;;;;1;3;1;1;
15/01/2019;06:43:00;1994;com vítima;788;BR-040/MG;Norte;Colisão Lateral;;1;1;;;;;;;;1;1;;;
15/01/2019;10:31:00;2016;com vítima;789;BR-040/MG;Norte;Queda de Moto;;;;1;;;;;;;0;2;;;
15/01/2019;14:40:00;2040;com vítima;109;BR-040/RJ;Norte;Engavetamento;3;;;;;;;;;;2;2;;;
15/01/2019;17:13:00;2056;com vítima;109;BR-040/RJ;Norte;Colisão Traseira;1;;;1;;;;;;;1;2;;;
15/01/2019;17:35:00;2059;sem vítima;78;BR-040/RJ;Sul;Choque - Objeto Fixo;1;;;;;;;;;;1;;;;
15/01/2019;18:27:00;2063;com vítima;110;BR-040/RJ;Norte;Colisão Traseira;1;;;1;;;;;;;1;1;;;
15/01/2019;19:05:00;2070;sem vítima;84;BR-040/RJ;Norte;Choque - Objeto Fixo;1;;;;;;;;;;1;;;;
15/01/2019;19:29:00;2072;sem vítima;93;BR-040/RJ;Sul;Choque - Objeto Fixo;1;;;;;;;;;;1;;;;
15/01/2019;19:41:00;2083;sem vítima;92;BR-040/RJ;Sul;Choque - Objeto Fixo;1;;;;;;;;;;1;;;;
16/01/2019;18:51:00;2218;com vítima;88;BR-040/RJ;Sul;Choque - Objeto Fixo;1;;;;;;;;;;0;2;;;
16/01/2019;19:05:00;2224;sem vítima;75;BR-040/RJ;Sul;Choque - Objeto Fixo;1;;;;;;;;;;1;;;;
16/01/2019;19:12:00;2225;sem vítima;93;BR-040/RJ;Sul;Choque - Objeto Fixo;1;;;;;;;;;;1;;;;
16/01/2019;19:19:00;2226;com vítima;112;BR-040/RJ;Sul;Engavetamento;3;;;;;;;;;;0;3;1;;
16/01/2019;19:26:00;2228;sem vítima;77;BR-040/RJ;Sul;Choque - Objeto Fixo;1;;;;;;;;;;1;;;;
17/01/2019;00:38:00;2260;sem vítima;124;BR-040/RJ;Sul;Choque - Objeto Fixo;1;;;;;;;;;;1;;;;
17/01/2019;03:25:00;2264;com vítima;124;BR-040/RJ;Sul;Choque - Objeto Fixo;1;;;;;;;;;;0;1;2;;
17/01/2019;04:16:00;2265;com vítima;119;BR-040/RJ;Sul;Choque - Objeto Fixo;1;;;;;1;;;;;1;1;;;
17/01/2019;09:49:00;2290;com vítima;792;BR-040/MG;Norte;Capotamento;1;;;;;;;;;;0;4;;;
17/01/2019;14:21:00;2320;com vítima;120;BR-040/RJ;Sul;Colisão Traseira;1;;;1;;;;;;;1;1;;;
17/01/2019;14:43:00;2323;com vítima;84;BR-040/RJ;Sul;Choque - Objeto Fixo;;;1;;;;;;;;0;1;;1;
17/01/2019;18:26:00;2351;com vítima;47;BR-040/RJ;Norte;Capotamento;1;;;;;;;;;;0;1;;;
17/01/2019;19:07:00;2356;com vítima;113;BR-040/RJ;Sul;Queda de Moto;;;;1;;;;;;;0;1;;;
17/01/2019;23:22:00;2381;com vítima;820;BR-040/MG;Norte;Colisão Traseira;;;2;;;;;;;;0;4;;;
18/01/2019;07:06:00;2401;sem vítima;121;BR-040/RJ;Sul;Colisão Lateral;1;;1;;;;;;;;2;;;;
18/01/2019;10:09:00;2427;sem vítima;45;BR-040/RJ;Norte;Colisão Traseira;1;;1;;;;;;;;2;;;;
18/01/2019;12:23:00;2449;com vítima;45;BR-040/RJ;Sul;Colisão Lateral;1;;;1;;;;;;;1;1;;;
18/01/2019;17:45:00;2503;com vítima;122;BR-040/RJ;Norte;Colisão Traseira;;;;1;;1;;;;;1;2;;;
18/01/2019;18:06:00;2507;sem vítima;97;BR-040/RJ;Norte;Choque - Objeto Fixo;1;;;;;;;;;;1;;;;
18/01/2019;18:24:00;2510;com vítima;110;BR-040/RJ;Norte;Engavetamento;3;;;;;;;;;;2;3;;;
18/01/2019;19:33:00;2518;sem vítima;1;BR-040/RJ;Norte;Choque - Objeto Fixo;1;;;;;;;;;;1;;;;
19/01/2019;06:53:00;2576;com vítima;111;BR-040/RJ;Sul;Colisão Lateral;1;;;1;;;;;;;1;;1;;
19/01/2019;10:01:00;2598;sem vítima;58;BR-040/RJ;Sul;Choque - Objeto Fixo;1;;;;;;;;;;1;;;;
19/01/2019;11:07:00;2611;com vítima;85;BR-040/RJ;Sul;Queda de Moto;;;;1;;;;;;;0;1;1;;
19/01/2019;11:49:00;2616;com vítima;85;BR-040/RJ;Sul;Queda de Moto;;;;1;;;;;;;0;;1;;
19/01/2019;13:57:00;2636;com vítima;27;BR-040/RJ;Norte;Capotamento;1;;;;;;;;;;0;1;1;;
19/01/2019;13:59:00;2637;com vítima;785;BR-040/MG;Sul;Capotamento;1;;;;;;;;;;0;1;;;
19/01/2019;15:58:00;2656;sem vítima;55;BR-040/RJ;Norte;Choque - Objeto Fixo;1;;;;;;;;;;1;;;;
19/01/2019;16:36:00;2660;sem vítima;100;BR-040/RJ;Sul;Colisão Traseira;2;;;;;;;;;;2;;;;
20/01/2019;06:29:00;2720;com vítima;85;BR-040/RJ;Sul;Queda de Moto;;;;1;;;;;;;0;2;;;
20/01/2019;17:26:00;2787;sem vítima;119;BR-040/RJ;Sul;Queda de Moto;;;;1;;;;;;;1;;;;
20/01/2019;17:48:00;2790;sem vítima;93;BR-040/RJ;Sul;Choque - Objeto Fixo;1;;;;;;;;;;1;;;;
20/01/2019;18:10:00;2794;sem vítima;92;BR-040/RJ;Sul;Choque - Objeto Fixo;1;;;;;;;;;;1;;;;
20/01/2019;18:50:00;2801;sem vítima;92;BR-040/RJ;Sul;Choque - Objeto Fixo;1;;;;;;;;;;1;;;;
20/01/2019;19:24:00;2808;sem vítima;100;BR-040/RJ;Sul;Choque - Objeto Fixo;1;;;;;;;;;;1;;;;
20/01/2019;19:52:00;2813;sem vítima;113;BR-040/RJ;Sul;Choque - Objeto Fixo;1;;;;;;;;;;1;;;;
20/01/2019;20:01:00;2814;sem vítima;88;BR-040/RJ;Norte;Choque - Objeto Fixo;1;;;;;;;;;;1;;;;
20/01/2019;21:11:00;2820;com vítima;84;BR-040/RJ;Sul;Choque - Objeto Fixo;1;;;;;;;;;;0;3;;;
20/01/2019;21:58:00;2825;com vítima;72;BR-040/RJ;Norte;Capotamento;1;;;;;;;;;;0;1;;;
21/01/2019;00:00:01;2834;sem vítima;1;BR-040/RJ;Sul;Derrapagem;;;1;;;;;;;;1;;;;
21/01/2019;00:22:00;2835;com vítima;119;BR-040/RJ;Norte;Colisão Traseira;2;;;;1;;;;;;2;1;;;
21/01/2019;06:22:00;2848;com vítima;113;BR-040/RJ;Norte;Colisão Traseira;;;;1;1;;;;;;1;1;;;
21/01/2019;13:16:00;2896;com vítima;124;BR-040/RJ;Sul;Colisão Lateral;1;;1;;;;;;;;1;2;;;
21/01/2019;15:15:00;2908;sem vítima;92;BR-040/RJ;Norte;Colisão Traseira;2;;;;;;;;;;2;;;;
21/01/2019;22:36:00;2965;sem vítima;74;BR-040/RJ;Norte;Choque - Objeto Fixo;1;;;;;;;;;;1;;;;
22/01/2019;14:46:00;3039;sem vítima;83;BR-040/RJ;Norte;Choque - Objeto Fixo;1;;;;;;;;;;1;;;;
22/01/2019;15:26:00;3047;com vítima;780;BR-040/MG;Sul;Colisão Frontal;2;;;;;;;;;;0;2;;;
22/01/2019;15:27:00;3048;sem vítima;85;BR-040/RJ;Norte;Choque - Objeto Fixo;1;;;;;;;;;;1;;;;
22/01/2019;16:36:00;3059;com vítima;84;BR-040/RJ;Sul;Queda de Moto;;;;1;;;;;;;0;2;;;
22/01/2019;19:31:00;3078;sem vítima;53;BR-040/RJ;Norte;Engavetamento;2;;1;;;;;;;;3;;;;
22/01/2019;20:48:00;3085;com vítima;789;BR-040/MG;Norte;Choque - Objeto Fixo;1;;;;;;;;;;0;2;;;
22/01/2019;21:24:00;3087;com vítima;804;BR-040/MG;Norte;Colisão Traseira;;;2;;;;;;;;0;2;;;
22/01/2019;23:15:00;3098;sem vítima;105;BR-040/RJ;Sul;Choque - Objeto Fixo;1;;;;;;;;;;1;;;;
23/01/2019;05:33:00;3113;com vítima;120;BR-040/RJ;Sul;Colisão Lateral;1;;1;;;;;;;;1;2;;;
23/01/2019;12:21:00;3155;sem vítima;56;BR-040/RJ;Norte;Colisão Traseira;2;;;;;;;;;;2;;;;
23/01/2019;13:37:00;3163;com vítima;116;BR-040/RJ;Sul;Colisão Traseira;;;;1;;1;;;;;1;;1;;
23/01/2019;17:18:00;3185;com vítima;117;BR-040/RJ;Norte;Queda de Moto;;;;1;;;;;;;0;;1;;
25/01/2019;02:26:00;3368;sem vítima;108;BR-040/RJ;Norte;Choque - Objeto Fixo;;;1;;;;;;;;1;;;;
25/01/2019;08:00:00;3390;sem vítima;115;BR-040/RJ;Sul;Choque - Objeto Fixo;;;1;;;;;;;;1;;;;
25/01/2019;08:55:00;3400;com vítima;108;BR-040/RJ;Norte;Colisão Lateral;1;;;1;;;;;;;1;1;;;
25/01/2019;09:16:00;3402;com vítima;114;BR-040/RJ;Sul;Colisão Transversal;2;;;;;;;;;;0;2;;;
25/01/2019;14:48:00;3435;sem vítima;91;BR-040/RJ;Norte;Colisão Lateral;1;;1;;;;;;;;2;;;;
25/01/2019;15:01:00;3438;com vítima;74;BR-040/RJ;Norte;Choque - Objeto Fixo;1;;;;;;;;;;0;2;;;
25/01/2019;15:21:00;3441;sem vítima;87;BR-040/RJ;Norte;Choque - Objeto Fixo;1;;;;;;;;;;1;;;;
25/01/2019;15:54:00;3448;com vítima;84;BR-040/RJ;Sul;Choque - Objeto Fixo;1;;;;;;;;;;0;1;;;
25/01/2019;17:15:00;3452;sem vítima;84;BR-040/RJ;Norte;Choque - Objeto Fixo;1;;;;;;;;;;1;;;;
25/01/2019;17:42:00;3455;sem vítima;124;BR-040/RJ;Sul;Colisão Traseira;2;;;;;;;;;;2;;;;
25/01/2019;18:11:00;3457;sem vítima;122;BR-040/RJ;Norte;Engavetamento;3;;;;;;;;;;3;;;;
25/01/2019;18:26:00;3460;sem vítima;45;BR-040/RJ;Norte;Colisão Traseira;2;;;;;;;;;;2;;;;
25/01/2019;19:15:00;3462;sem vítima;44;BR-040/RJ;Sul;Choque - Objeto Fixo;1;;;;;;;;;;1;;;;
25/01/2019;20:19:00;3469;com vítima;111;BR-040/RJ;Norte;Tombamento;1;;1;;;;;;;;0;4;;;
25/01/2019;21:09:00;3474;sem vítima;93;BR-040/RJ;Sul;Choque - Objeto Fixo;1;;;;;;;;;;1;;;;
25/01/2019;21:35:00;3477;com vítima;84;BR-040/RJ;Norte;Choque - Objeto Fixo;1;;;;;;;;;;0;1;;;
25/01/2019;23:44:00;3480;com vítima;120;BR-040/RJ;Norte;Colisão Traseira;1;;1;;;;;;;;0;4;;;
26/01/2019;02:45:00;3492;com vítima;108;BR-040/RJ;Norte;Tombamento;;;1;;;1;;;;;1;1;;;
26/01/2019;04:53:00;3494;com vítima;809;BR-040/MG;Sul;Capotamento;1;;;;;;;;;;0;4;;;
26/01/2019;07:23:00;3501;sem vítima;11;BR-040/RJ;Sul;Choque - Objeto Fixo;1;;;;;;;;;;1;;;;
26/01/2019;18:33:00;3562;sem vítima;817;BR-040/MG;Norte;Colisão Lateral;1;;;;;1;;;;;2;;;;
26/01/2019;21:36:00;3582;com vítima;92;BR-040/RJ;Sul;Queda de Moto;;;;1;;;;;;;0;2;;;
27/01/2019;06:30:00;3610;sem vítima;113;BR-040/RJ;Sul;Choque - Objeto Fixo;1;;;;;;;;;;1;;;;
27/01/2019;14:13:00;3662;com vítima;84;BR-040/RJ;Sul;Choque - Objeto Fixo;1;;;;;;;;;;0;1;;;
28/01/2019;07:37:00;3741;sem vítima;84;BR-040/RJ;Norte;Choque - Objeto Fixo;1;;;;;;;;;;1;;;;
28/01/2019;10:53:00;3761;sem vítima;780;BR-040/MG;Norte;Colisão Traseira;2;;;;;;;;;;2;;;;
28/01/2019;13:16:00;3778;sem vítima;84;BR-040/RJ;Norte;Choque - Objeto Fixo;1;;;;;;;;;;1;;;;
28/01/2019;17:18:00;3821;com vítima;782;BR-040/MG;Norte;Colisão Lateral;1;;1;;;;;;;;0;3;;;
29/01/2019;05:48:00;3876;sem vítima;125;BR-040/RJ;Sul;Colisão Lateral;;;2;1;;;;;;;3;;;;
29/01/2019;08:43:00;3888;com vítima;102;BR-040/RJ;Sul;Colisão Lateral;1;;;1;;;;;;;1;2;;;
29/01/2019;16:38:00;3958;com vítima;37;BR-040/RJ;Norte;Choque - Objeto Fixo;1;;;;;;;;;;0;3;;;
30/01/2019;07:26:00;4024;com vítima;819;BR-040/MG;Sul;Choque - Objeto Fixo;1;;;;;;;;;;0;1;;;
30/01/2019;10:17:00;4049;sem vítima;88;BR-040/RJ;Norte;Choque - Objeto Fixo;1;;;;;;;;;;1;;;;
30/01/2019;17:00:00;4108;com vítima;45;BR-040/RJ;Norte;Queda de Moto;;;;1;;;;;;;0;1;;;
30/01/2019;17:34:00;4113;com vítima;84;BR-040/RJ;Sul;Choque - Objeto Fixo;;;1;;;;;;;;0;1;;;
30/01/2019;21:21:00;4130;com vítima;57;BR-040/RJ;Norte;Choque - Objeto Fixo;1;;;;;;;;;;0;1;;;
31/01/2019;14:23:00;4220;sem vítima;124;BR-040/RJ;Sul;Colisão Lateral;1;;;;;1;;;;;2;;;;
31/01/2019;23:41:00;4295;com vítima;80;BR-040/RJ;Sul;Tombamento;;;1;;;;;;;;0;1;;;
01/02/2019;05:37:00;14;com vítima;52;BR-040/RJ;Sul;Colisão Traseira;;;1;;1;;;;;;0;4;;;
01/02/2019;05:45:00;17;com vítima;790;BR-040/MG;Norte;Capotamento;1;;;;;;;;;;0;1;;;
01/02/2019;08:00:00;24;com vítima;124;BR-040/RJ;Sul;Atropelamento - Pedestre;;;;1;;1;;;;;1;1;;;
01/02/2019;11:31:00;43;com vítima;84;BR-040/RJ;Sul;Queda de Moto;;;;1;;;;;;;0;1;;;
01/02/2019;14:16:00;59;sem vítima;96;BR-040/RJ;Norte;Colisão Traseira;2;;;;;;;;;;2;;;;
01/02/2019;14:22:00;60;sem vítima;121;BR-040/RJ;Sul;Colisão Traseira;2;;;;;;;;;;2;;;;
01/02/2019;14:29:00;61;sem vítima;80;BR-040/RJ;Norte;Choque - Objeto Fixo;1;;;;;;;;;;1;;;;
01/02/2019;16:44:00;94;sem vítima;120;BR-040/RJ;Norte;Engavetamento;3;;;;;;;;;;3;;;;
01/02/2019;17:32:00;106;sem vítima;117;BR-040/RJ;Norte;Colisão Traseira;2;;;;;;;;;;2;;;;
01/02/2019;22:25:00;142;com vítima;109;BR-040/RJ;Norte;Choque - Objeto Fixo;1;;;;;;;;;;0;2;;;
01/02/2019;22:43:00;144;com vítima;117;BR-040/RJ;Sul;Queda de Moto;;;;1;;;;;;;0;1;1;;
02/02/2019;00:32:00;151;sem vítima;799;BR-040/MG;Norte;Choque - Objeto Fixo;1;;;;;;;;;;1;;;;
02/02/2019;00:49:00;153;com vítima;108;BR-040/RJ;Norte;Atropelamento - Pedestre;;1;;;;1;;;;;1;1;;;
02/02/2019;11:29:00;206;com vítima;122;BR-040/RJ;Norte;Choque - Objeto Fixo;1;;;;;;;;;;0;1;;;
02/02/2019;13:33:00;228;sem vítima;105;BR-040/RJ;Norte;Choque - Objeto Fixo;1;;;;;;;;;;1;;;;
03/02/2019;05:54:00;308;sem vítima;73;BR-040/RJ;Sul;Choque - Objeto Fixo;1;;;;;;;;;;1;;;;
03/02/2019;07:35:00;312;com vítima;84;BR-040/RJ;Sul;Queda de Moto;;;;1;;;;;;;0;1;1;;
03/02/2019;09:26:00;321;com vítima;103;BR-040/RJ;Norte;Choque - Objeto Fixo;1;;;;;;;;;;0;1;;;
03/02/2019;20:18:00;386;sem vítima;111;BR-040/RJ;Sul;Colisão Lateral;2;;;;;;;;;;2;;;;
03/02/2019;23:26:00;403;com vítima;66;BR-040/RJ;Sul;Choque - Objeto Fixo;1;;;;;;;;;;0;1;;;
04/02/2019;02:05:00;416;com vítima;73;BR-040/RJ;Sul;Queda de Moto;;;;1;;;;;;;0;1;;;
04/02/2019;02:49:00;418;com vítima;109;BR-040/RJ;Norte;Choque - Objeto Fixo;1;;;;;;;;;;0;1;;;
04/02/2019;05:46:00;425;sem vítima;113;BR-040/RJ;Norte;Choque - Objeto Fixo;1;;;;;;;;;;1;;;;
04/02/2019;10:25:00;449;com vítima;34;BR-040/RJ;Norte;Choque - Objeto Fixo;1;;;;;;;;;;0;5;;;
04/02/2019;15:42:00;485;com vítima;94;BR-040/RJ;Sul;Capotamento;1;;;;;;;;;;0;1;;;
04/02/2019;15:42:00;486;sem vítima;94;BR-040/RJ;Sul;Choque - Objeto Fixo;;;1;;;;;;;;1;;;;
04/02/2019;17:03:00;496;sem vítima;93;BR-040/RJ;Sul;Choque - Objeto Fixo;1;;;;;;;;;;1;;;;
04/02/2019;17:09:00;497;com vítima;78;BR-040/RJ;Sul;Capotamento;1;;;;;;;;;;0;1;;;
04/02/2019;17:22:00;499;sem vítima;93;BR-040/RJ;Norte;Choque - Objeto Fixo;1;;;;;;;;;;1;;;;
04/02/2019;17:35:00;504;sem vítima;93;BR-040/RJ;Norte;Choque - Objeto Fixo;1;;;;;;;;;;1;;;;
04/02/2019;18:50:00;512;sem vítima;92;BR-040/RJ;Norte;Choque - Objeto Fixo;1;;;;;;;;;;1;;;;
04/02/2019;19:29:00;514;sem vítima;100;BR-040/RJ;Sul;Choque - Objeto Fixo;1;;;;;;;;;;1;;;;
04/02/2019;20:25:00;521;sem vítima;104;BR-040/RJ;Norte;Choque - Objeto Fixo;1;;;;;;;;;;1;;;;
04/02/2019;20:45:00;523;com vítima;122;BR-040/RJ;Sul;Capotamento;1;;;;;;;;;;0;1;;;
05/02/2019;04:26:00;571;sem vítima;59;BR-040/RJ;Sul;Atropelamento - Animal;;;;;;;;;;1;1;;;;
05/02/2019;04:43:00;574;com vítima;113;BR-040/RJ;Sul;Colisão Traseira;2;;;;;;;;;;0;2;;;
05/02/2019;05:51:00;578;com vítima;93;BR-040/RJ;Sul;Choque - Objeto Fixo;1;;;;;;;;;;0;3;;;
05/02/2019;07:04:00;581;sem vítima;94;BR-040/RJ;Sul;Choque - Objeto Fixo;;;1;;;;;;;;1;;;;
05/02/2019;07:09:00;584;sem vítima;799;BR-040/MG;Sul;Choque - Objeto Fixo;1;;;;;;;;;;1;;;;
05/02/2019;08:23:00;591;sem vítima;113;BR-040/RJ;Sul;Colisão Traseira;2;;;;;;;;;;2;;;;
05/02/2019;08:47:00;596;sem vítima;91;BR-040/RJ;Norte;Colisão Lateral;2;;;;;;;;;;2;;;;
05/02/2019;09:19:00;600;sem vítima;113;BR-040/RJ;Sul;Engavetamento;2;;1;;;;;;;;3;;;;
05/02/2019;12:36:00;614;sem vítima;91;BR-040/RJ;Norte;Choque - Objeto Fixo;1;;;;;;;;;;1;;;;
05/02/2019;12:44:00;615;sem vítima;92;BR-040/RJ;Sul;Derrapagem;1;;;;;;;;;;1;;;;
05/02/2019;13:33:00;620;com vítima;34;BR-040/RJ;Norte;Tombamento;;;1;;;1;;;;;1;1;;;
05/02/2019;14:50:00;627;com vítima;91;BR-040/RJ;Sul;Capotamento;1;;;;;;;;;;0;2;;;
05/02/2019;14:59:00;629;sem vítima;91;BR-040/RJ;Norte;Choque - Objeto Fixo;1;;;;;;;;;;1;;;;
05/02/2019;16:04:00;641;sem vítima;93;BR-040/RJ;Sul;Choque - Objeto Fixo;1;;;;;;;;;;1;;;;
05/02/2019;16:27:00;642;com vítima;90;BR-040/RJ;Sul;Choque - Objeto Fixo;1;;;;;;;;;;0;1;;;
05/02/2019;17:07:00;648;com vítima;92;BR-040/RJ;Sul;Choque - Objeto Fixo;1;;;;;;;;;;0;3;;;
05/02/2019;18:49:00;657;sem vítima;93;BR-040/RJ;Norte;Choque - Objeto Fixo;1;;;;;;;;;;1;;;;
05/02/2019;19:06:00;659;sem vítima;87;BR-040/RJ;Sul;Choque - Objeto Fixo;1;;;;;;;;;;1;;;;
06/02/2019;12:39:00;722;sem vítima;75;BR-040/RJ;Sul;Choque - Objeto Fixo;1;;;;;;;;;;1;;;;
06/02/2019;15:50:00;743;sem vítima;78;BR-040/RJ;Sul;Choque - Objeto Fixo;1;;;;;;;;;;1;;;;
06/02/2019;19:48:00;758;sem vítima;93;BR-040/RJ;Sul;Choque - Objeto Fixo;1;;;;;;;;;;1;;;;
07/02/2019;03:28:00;776;com vítima;78;BR-040/RJ;Sul;Tombamento;1;;;;;;;;;;0;3;;;
07/02/2019;05:38:00;780;sem vítima;124;BR-040/RJ;Norte;Colisão Traseira;;;2;;;;;;;;2;;;;
07/02/2019;07:26:00;788;com vítima;13;BR-040/RJ;Sul;Capotamento;1;;;;;;;;;;0;1;;;
07/02/2019;08:01:00;791;com vítima;17;BR-040/RJ;Norte;Choque - Objeto Fixo;1;;;;;;;;;;0;1;;;
07/02/2019;08:12:00;793;sem vítima;797;BR-040/MG;Norte;Choque - Objeto Fixo;1;;;;;;;;;;1;;;;
07/02/2019;09:17:00;796;sem vítima;92;BR-040/RJ;Sul;Choque - Objeto Fixo;1;;;;;;;;;;1;;;;
07/02/2019;09:25:00;797;sem vítima;84;BR-040/RJ;Sul;Choque - Objeto Fixo;1;;;;;;;;;;1;;;;
07/02/2019;09:28:00;798;com vítima;91;BR-040/RJ;Sul;Capotamento;1;;;;;;;;;;0;1;;;
07/02/2019;10:03:00;803;sem vítima;78;BR-040/RJ;Sul;Choque - Objeto Fixo;1;;;;;;;;;;1;;;;
07/02/2019;10:27:00;805;sem vítima;39;BR-040/RJ;Norte;Choque - Objeto Fixo;1;;;;;;;;;;1;;;;
07/02/2019;13:40:00;822;com vítima;66;BR-040/RJ;Sul;Capotamento;1;;;;;;;;;;0;1;;;
07/02/2019;17:22:00;851;com vítima;108;BR-040/RJ;Norte;Colisão Lateral;;;1;1;;;;;;;1;2;;;
07/02/2019;18:00:00;857;sem vítima;80;BR-040/RJ;Norte;Tombamento;1;;;;;;;;;;1;;;;
07/02/2019;20:39:00;871;com vítima;47;BR-040/RJ;Norte;Choque - Objeto Fixo;1;;;;;;;;;;0;1;;;
08/02/2019;05:07:00;890;com vítima;119;BR-040/RJ;Norte;Choque - Objeto Fixo;1;;;;;;;;;;0;1;;;
08/02/2019;06:28:00;892;sem vítima;121;BR-040/RJ;Sul;Colisão Traseira;2;;;;;;;;;;2;;;;
08/02/2019;06:59:00;893;com vítima;109;BR-040/RJ;Sul;Queda de Moto;;;;1;;;;;;;0;1;;;
08/02/2019;13:20:00;928;sem vítima;774;BR-040/MG;Norte;Colisão Lateral;;;2;;;;;;;;2;;;;
08/02/2019;19:16:00;977;sem vítima;92;BR-040/RJ;Norte;Colisão Lateral;2;;;;;;;;;;2;;;;
08/02/2019;20:39:00;992;com vítima;115;BR-040/RJ;Norte;Queda de Moto;;;;1;;;;;;;0;2;;;
09/02/2019;05:54:00;1026;com vítima;107;BR-040/RJ;Norte;Colisão Lateral;1;;1;;;;;;;;1;1;;;
09/02/2019;08:00:00;1037;com vítima;108;BR-040/RJ;Sul;Colisão Traseira;1;;;1;;;;;;;1;1;;;