data;horario;n_da_ocorrencia;tipo_de_ocorrencia;km;trecho;sentido;tipo_de_acidente;automovel;bicicleta;caminhao;moto;onibus;outros;tracao_animal;transporte_de_cargas_especiais;trator_maquinas;utilitarios;ilesos;levemente_feridos;moderadamente_feridos;gravemente_feridos;mortos
09/02/2019;09:35:00;1052;sem vítima;85;BR-040/RJ;Norte;Choque - Objeto Fixo;1;;;;;;;;;;1;;;;
09/02/2019;12:38:00;1082;sem vítima;71;BR-040/RJ;Sul;Colisão Lateral;1;;1;;;;;;;;2;;;;
09/02/2019;14:30:00;1092;com vítima;66;BR-040/RJ;Norte;Choque - Objeto Fixo;1;;;;;;;;;;0;2;;;
09/02/2019;15:08:00;1097;sem vítima;106;BR-040/RJ;Norte;Colisão Lateral;1;;;;1;;;;;;2;;;;
09/02/2019;18:11:00;1122;com vítima;796;BR-040/MG;Sul;Choque - Objeto Fixo;1;;;;;;;;;;0;1;;;
09/02/2019;19:15:00;1127;com vítima;110;BR-040/RJ;Sul;Choque - Objeto Fixo;1;;;;;;;;;;0;4;;;
09/02/2019;21:44:00;1136;sem vítima;25;BR-040/RJ;Norte;Choque - Objeto Fixo;1;;;;;;;;;;1;;;;
10/02/2019;13:13:00;1188;com vítima;112;BR-040/RJ;Norte;Choque - Objeto Fixo;1;;;;;;;;;;0;1;;;
10/02/2019;13:50:00;1198;sem vítima;105;BR-040/RJ;Norte;Colisão Lateral;1;;;;1;;;;;;2;;;;
10/02/2019;15:51:00;1214;com vítima;780;BR-040/MG;Sul;Colisão Traseira;1;;1;;;;;;;;0;5;;;
10/02/2019;20:20:00;1264;sem vítima;19;BR-040/RJ;Sul;Atropelamento - Animal;1;;;;;;;;;;1;;;;
11/02/2019;12:05:00;1341;com vítima;787;BR-040/MG;Norte;Choque - Objeto Fixo;;;;;1;;;;;;0;1;;;
11/02/2019;16:59:00;1381;com vítima;62;BR-040/RJ;Norte;Colisão Lateral;;;1;1;;;;;;;1;;1;;
11/02/2019;17:41:00;1391;sem vítima;115;BR-040/RJ;Sul;Choque - Objeto Fixo;1;;;;;;;;;;1;;;;
11/02/2019;19:24:00;1406;com vítima;90;BR-040/RJ;Sul;Choque - Objeto Fixo;;;1;;;;;;;;0;2;;;
12/02/2019;02:44:00;1432;sem vítima;114;BR-040/RJ;Norte;Colisão Traseira;2;;;;;;;;;;2;;;;
12/02/2019;08:54:00;1464;com vítima;89;BR-040/RJ;Sul;Capotamento;;;1;;;;;;;;0;;1;;
12/02/2019;16:26:00;1512;com vítima;55;BR-040/RJ;Sul;Choque - Objeto Fixo;1;;;;;;;;;;0;1;;;
12/02/2019;18:05:00;1526;sem vítima;123;BR-040/RJ;Norte;Colisão Lateral;1;;;;;;;;;;1;;;;
12/02/2019;21:32:00;1537;sem vítima;105;BR-040/RJ;Norte;Choque - Objeto Fixo;1;;;;;;;;;;1;;;;
12/02/2019;23:46:00;1546;sem vítima;103;BR-040/RJ;Norte;Colisão Lateral;1;;;;1;;;;;;2;;;;
13/02/2019;07:12:00;1562;sem vítima;122;BR-040/RJ;Sul;Colisão Traseira;1;;1;;;;;;;;2;;;;
13/02/2019;07:24:00;1563;sem vítima;79;BR-040/RJ;Sul;Colisão Traseira;1;;;;;1;;;;;2;;;;
13/02/2019;09:12:00;1581;sem vítima;92;BR-040/RJ;Norte;Tombamento;1;;;;;;;;;;1;;;;
13/02/2019;09:26:00;1583;sem vítima;118;BR-040/RJ;Sul;Colisão Transversal;1;;1;;;;;;;;2;;;;
13/02/2019;10:27:00;1596;sem vítima;90;BR-040/RJ;Sul;Choque - Objeto Fixo;1;;;;;;;;;;1;;;;
13/02/2019;11:41:00;1606;sem vítima;65;BR-040/RJ;Sul;Choque - Objeto Fixo;1;;;;;;;;;;1;;;;
13/02/2019;14:02:00;1625;sem vítima;84;BR-040/RJ;Sul;Choque - Objeto Fixo;1;;;;;;;;;;1;;;;
13/02/2019;15:08:00;1626;sem vítima;91;BR-040/RJ;Sul;Choque - Objeto Fixo;1;;;;;;;;;;1;;;;
13/02/2019;15:33:00;1632;sem vítima;93;BR-040/RJ;Sul;Choque - Objeto Fixo;1;;;;;;;;;;1;;;;
13/02/2019;16:37:00;1638;sem vítima;78;BR-040/RJ;Sul;Choque - Objeto Fixo;1;;;;;;;;;;1;;;;
13/02/2019;17:15:00;1641;com vítima;112;BR-040/RJ;Norte;Colisão Lateral;1;;1;;;;;;;;0;1;1;;
13/02/2019;17:20:00;1642;sem vítima;78;BR-040/RJ;Sul;Choque - Objeto Fixo;1;;;;;;;;;;1;;;;
13/02/2019;17:48:00;1644;sem vítima;82;BR-040/RJ;Sul;Choque - Objeto Fixo;1;;;;;;;;;;1;;;;
13/02/2019;19:16:00;1653;sem vítima;78;BR-040/RJ;Sul;Choque - Objeto Fixo;1;;;;;;;;;;1;;;;
14/02/2019;07:45:00;1698;com vítima;31;BR-040/RJ;Sul;Tombamento;;;1;;;;;;;;0;1;;;
14/02/2019;10:50:00;1714;com vítima;101;BR-040/RJ;Sul;Queda de Moto;;;;1;;;;;;;0;1;;;
14/02/2019;10:51:00;1715;sem vítima;97;BR-040/RJ;Norte;Choque - Objeto Fixo;1;;;;;;;;;;1;;;;
14/02/2019;18:11:00;1761;com vítima;118;BR-040/RJ;Norte;Colisão Traseira;1;;;1;;;;;;;1;2;;;
15/02/2019;05:41:00;1796;sem vítima;21;BR-040/RJ;Sul;Colisão Traseira;;;2;;;;;;;;2;;;;
15/02/2019;07:45:00;1808;sem vítima;783;BR-040/MG;Norte;Choque - Objeto Fixo;1;;;;;1;;;;;2;;;;
15/02/2019;12:43:00;1839;sem vítima;81;BR-040/RJ;Norte;Colisão Lateral;1;;1;;;;;;;;2;;;;
15/02/2019;18:35:00;1900;sem vítima;85;BR-040/RJ;Norte;Colisão Lateral;2;;;;;;;;;;2;;;;
15/02/2019;18:43:00;1901;sem vítima;110;BR-040/RJ;Norte;Colisão Lateral;2;;;;;;;;;;2;;;;
15/02/2019;19:24:00;1903;sem vítima;91;BR-040/RJ;Norte;Choque - Objeto Fixo;1;;;;;;;;;;1;;;;
15/02/2019;19:48:00;1906;com vítima;93;BR-040/RJ;Sul;Tombamento;1;;;;;;;;;;0;4;;;
15/02/2019;21:12:00;1914;com vítima;124;BR-040/RJ;Norte;Queda de Moto;;;;1;;;;;;;0;;1;;
15/02/2019;21:37:00;1917;sem vítima;775;BR-040/MG;Sul;Choque - Objeto Fixo;1;;;;;;;;;;1;;;;
15/02/2019;23:58:00;1925;com vítima;777;BR-040/MG;Norte;Atropelamento - Animal;1;;;;;;;;;;0;1;;;
16/02/2019;01:58:00;1937;com vítima;119;BR-040/RJ;Norte;Colisão Lateral;2;;;;;;;;;;1;;;1;
16/02/2019;03:58:00;1939;sem vítima;105;BR-040/RJ;Norte;Choque - Objeto Fixo;1;;;;;;;;;;1;;;;
16/02/2019;03:59:00;1940;sem vítima;110;BR-040/RJ;Norte;Choque - Objeto Fixo;1;;;;;;;;;;1;;;;
16/02/2019;04:16:00;1944;sem vítima;105;BR-040/RJ;Norte;Choque - Objeto Fixo;1;;;;;;;;;;1;;;;
16/02/2019;05:23:00;1945;sem vítima;122;BR-040/RJ;Sul;Choque - Objeto Fixo;1;;;;;;;;;;1;;;;
16/02/2019;06:55:00;1950;sem vítima;93;BR-040/RJ;Sul;Choque - Objeto Fixo;1;;;;;;;;;;1;;;;
16/02/2019;08:57:00;1962;com vítima;94;BR-040/RJ;Sul;Capotamento;1;;;;;;;;;;0;3;;;
16/02/2019;09:08:00;1963;com vítima;74;BR-040/RJ;Sul;Choque - Objeto Fixo;1;;;;;;;;;;0;1;1;;
16/02/2019;09:37:00;1965;sem vítima;84;BR-040/RJ;Norte;Choque - Objeto Fixo;1;;;;;;;;;;1;;;;
16/02/2019;10:15:00;1969;com vítima;87;BR-040/RJ;Norte;Choque - Objeto Fixo;1;;;;;;;;;;0;3;;;
16/02/2019;10:20:00;1971;sem vítima;90;BR-040/RJ;Sul;Choque - Objeto Fixo;1;;;;;;;;;;1;;;;
16/02/2019;10:24:00;1972;sem vítima;92;BR-040/RJ;Norte;Choque - Objeto Fixo;1;;;;;;;;;;1;;;;
16/02/2019;10:57:00;1975;sem vítima;91;BR-040/RJ;Norte;Choque - Objeto Fixo;1;;;;;;;;;;1;;;;
16/02/2019;11:10:00;1979;sem vítima;92;BR-040/RJ;Sul;Choque - Objeto Fixo;1;;;;;;;;;;1;;;;
16/02/2019;11:26:00;1982;sem vítima;90;BR-040/RJ;Norte;Choque - Objeto Fixo;1;;;;;;;;;;1;;;;
16/02/2019;11:27:00;1983;sem vítima;78;BR-040/RJ;Sul;Choque - Objeto Fixo;1;;;;;;;;;;1;;;;
16/02/2019;11:31:00;1984;com vítima;47;BR-040/RJ;Sul;Capotamento;1;;;;;;;;;;0;1;;;
16/02/2019;11:59:00;1986;sem vítima;78;BR-040/RJ;Sul;Choque - Objeto Fixo;1;;;;;;;;;;1;;;;
16/02/2019;12:22:00;1988;sem vítima;2;BR-040/RJ;Sul;Choque - Objeto Fixo;1;;;;;;;;;;1;;;;
16/02/2019;12:39:00;1991;sem vítima;121;BR-040/RJ;Norte;Colisão Traseira;2;;;;;;;;;;2;;;;
16/02/2019;12:47:00;1992;sem vítima;75;BR-040/RJ;Sul;Choque - Objeto Fixo;1;;;;;;;;;;1;;;;
16/02/2019;12:59:00;1994;sem vítima;776;BR-040/MG;Sul;Colisão Lateral;1;;1;;;;;;;;2;;;;
16/02/2019;13:14:00;1996;sem vítima;92;BR-040/RJ;Sul;Choque - Objeto Fixo;1;;;;;;;;;;1;;;;
16/02/2019;13:16:00;1998;sem vítima;55;BR-040/RJ;Norte;Choque - Objeto Fixo;1;;;;;;;;;;1;;;;
16/02/2019;13:56:00;2000;com vítima;39;BR-040/RJ;Sul;Queda de Moto;;;;1;;;;;;;0;1;;;
16/02/2019;14:25:00;2001;com vítima;58;BR-040/RJ;Norte;Capotamento;1;;;;;;;;;;0;2;;;
16/02/2019;15:23:00;2012;com vítima;32;BR-040/RJ;Norte;Choque - Objeto Fixo;1;;;;;;;;;;0;1;;;
16/02/2019;15:35:00;2015;com vítima;825;BR-040/MG;Sul;Choque - Objeto Fixo;1;;;;;;;;;;0;4;;;
16/02/2019;16:51:00;2027;sem vítima;118;BR-040/RJ;Sul;Colisão Traseira;2;;;;;;;;;;2;;;;
16/02/2019;17:30:00;2030;sem vítima;93;BR-040/RJ;Norte;Choque - Objeto Fixo;1;;;;;;;;;;1;;;;
16/02/2019;21:16:00;2051;sem vítima;65;BR-040/RJ;Sul;Choque - Objeto Fixo;1;;;;;;;;;;1;;;;
16/02/2019;23:55:00;2066;sem vítima;33;BR-040/RJ;Norte;Choque - Objeto Fixo;1;;;;;;;;;;1;;;;
17/02/2019;05:43:00;2084;sem vítima;116;BR-040/RJ;Norte;Colisão Traseira;2;;;;;;;;;;2;;;;
17/02/2019;05:55:00;2088;com vítima;824;BR-040/MG;Sul;Choque - Objeto Fixo;1;;;;;;;;;;0;3;1;;
17/02/2019;06:52:00;2091;sem vítima;113;BR-040/RJ;Norte;Colisão Traseira;2;;;;;;;;;;2;;;;
17/02/2019;08:32:00;2101;sem vítima;88;BR-040/RJ;Norte;Choque - Objeto Fixo;1;;;;;;;;;;1;;;;
17/02/2019;14:35:00;2132;sem vítima;5;BR-040/RJ;Norte;Choque - Objeto Fixo;1;;;;;;;;;;1;;;;
17/02/2019;15:24:00;2135;com vítima;92;BR-040/RJ;Sul;Capotamento;1;;;;;;;;;;0;2;;;
17/02/2019;15:35:00;2138;sem vítima;93;BR-040/RJ;Sul;Choque - Objeto Fixo;1;;;;;;;;;;1;;;;
17/02/2019;15:38:00;2140;sem vítima;113;BR-040/RJ;Norte;Colisão Traseira;2;;;;;;;;;;2;;;;
17/02/2019;16:06:00;2143;sem vítima;77;BR-040/RJ;Sul;Choque - Objeto Fixo;1;;;;;;;;;;1;;;;
17/02/2019;17:23:00;2150;com vítima;44;BR-040/RJ;Norte;Colisão Lateral;1;;1;;;;;;;;0;2;;;
17/02/2019;17:38:00;2151;sem vítima;82;BR-040/RJ;Sul;Choque - Objeto Fixo;1;;;;;;;;;;1;;;;
17/02/2019;17:54:00;2152;sem vítima;799;BR-040/MG;Sul;Choque - Objeto Fixo;1;;;;;;;;;;1;;;;
17/02/2019;19:09:00;2164;com vítima;109;BR-040/RJ;Norte;Choque - Objeto Fixo;1;;;;;;;;;;0;1;;;
17/02/2019;20:22:00;2170;com vítima;105;BR-040/RJ;Norte;Choque - Objeto Fixo;1;;;;;;;;;;0;;1;;
18/02/2019;05:26:00;2202;sem vítima;810;BR-040/MG;Sul;Choque - Objeto Fixo;;;1;;;;;;;;1;;;;
18/02/2019;05:53:00;2204;sem vítima;109;BR-040/RJ;Norte;Choque - Objeto Fixo;1;;;;;;;;;;1;;;;
18/02/2019;07:08:00;2212;sem vítima;113;BR-040/RJ;Sul;Choque - Objeto Fixo;2;;;;;;;;;;2;;;;
18/02/2019;14:24:00;2259;sem vítima;68;BR-040/RJ;Norte;Choque - Objeto Fixo;1;;;;;;;;;;1;;;;
18/02/2019;14:47:00;2262;sem vítima;51;BR-040/RJ;Norte;Choque - Objeto Fixo;1;;;;;;;;;;1;;;;
18/02/2019;14:47:00;2263;com vítima;94;BR-040/RJ;Sul;Capotamento;1;;;;;;;;;;1;3;;;
18/02/2019;15:34:00;2269;com vítima;51;BR-040/RJ;Norte;Tombamento;;;1;;;;;;;;0;2;;;
18/02/2019;16:15:00;2277;sem vítima;92;BR-040/RJ;Sul;Choque - Objeto Fixo;1;;;;;;;;;;1;;;;
18/02/2019;16:42:00;2278;sem vítima;92;BR-040/RJ;Norte;Choque - Objeto Fixo;1;;;;;;;;;;1;;;;
18/02/2019;17:16:00;2284;com vítima;783;BR-040/MG;Norte;Capotamento;1;;;;;;;;;;0;;4;;
18/02/2019;17:26:00;2286;sem vítima;97;BR-040/RJ;Sul;Choque - Objeto Fixo;1;;;;;;;;;;1;;;;
18/02/2019;20:05:00;2300;sem vítima;824;BR-040/MG;Sul;Choque - Objeto Fixo;;;1;;;;;;;;1;;;;
19/02/2019;06:38:00;2331;sem vítima;121;BR-040/RJ;Sul;Colisão Traseira;2;;;;;;;;;;2;;;;
19/02/2019;07:06:00;2338;sem vítima;82;BR-040/RJ;Sul;Colisão Lateral;;;1;;1;;;;;;2;;;;
19/02/2019;12:35:00;2375;sem vítima;33;BR-040/RJ;Norte;Choque - Objeto Fixo;;;1;;;;;;;;1;;;;
19/02/2019;13:10:00;2380;sem vítima;91;BR-040/RJ;Norte;Colisão Traseira;2;;;;;;;;;;2;;;;
19/02/2019;13:43:00;2382;sem vítima;93;BR-040/RJ;Sul;Choque - Objeto Fixo;1;;;;;;;;;;1;;;;
19/02/2019;14:14:00;2384;sem vítima;124;BR-040/RJ;Sul;Colisão Lateral;2;;;;;;;;;;2;;;;
20/02/2019;01:16:00;2443;com vítima;96;BR-040/RJ;Norte;Capotamento;1;;;;;;;;;;0;2;;;
20/02/2019;11:36:00;2498;com vítima;806;BR-040/MG;Norte;Choque - Objeto Fixo;;;1;;;;;;;;0;1;;;
20/02/2019;12:44:00;2503;com vítima;84;BR-040/RJ;Sul;Queda de Moto;;;;1;;;;;;;0;1;;;
20/02/2019;13:35:00;2507;sem vítima;84;BR-040/RJ;Sul;Colisão Traseira;1;;;;;1;;;;;2;;;;
20/02/2019;19:26:00;2534;sem vítima;123;BR-040/RJ;Sul;Choque - Objeto Fixo;1;;;;;;;;;;1;;;;
20/02/2019;19:32:00;2537;sem vítima;782;BR-040/MG;Sul;Choque - Objeto Fixo;1;;;;;;;;;;1;;;;
20/02/2019;19:58:00;2539;sem vítima;102;BR-040/RJ;Norte;Colisão Traseira;2;;;;;;;;;;2;;;;
20/02/2019;20:20:00;2540;com vítima;91;BR-040/RJ;Sul;Choque - Objeto Fixo;1;;;;;;;;;;0;1;;;
21/02/2019;00:41:00;2560;sem vítima;18;BR-040/RJ;Sul;Atropelamento - Animal;;;;;1;;;;;;1;;;;
21/02/2019;09:49:00;2592;com vítima;85;BR-040/RJ;Norte;Choque - Objeto Fixo;1;;;;;;;;;;0;1;;;
21/02/2019;11:24:00;2608;com vítima;43;BR-040/RJ;Norte;Choque - Objeto Fixo;1;;;;;;;;;;0;2;;;
21/02/2019;12:33:00;2613;com vítima;39;BR-040/RJ;Sul;Capotamento;1;;;;;;;;;;0;1;;;
21/02/2019;12:40:00;2615;sem vítima;95;BR-040/RJ;Norte;Choque - Objeto Fixo;1;;;;;;;;;;1;;;;
21/02/2019;12:48:00;2616;sem vítima;92;BR-040/RJ;Sul;Capotamento;1;;;;;;;;;;1;;;;
21/02/2019;15:00:00;2623;sem vítima;72;BR-040/RJ;Norte;Choque - Objeto Fixo;1;;;;;;;;;;1;;;;
21/02/2019;15:40:00;2627;com vítima;60;BR-040/RJ;Sul;Choque - Objeto Fixo;1;;;;;;;;;;1;1;;;
22/02/2019;01:06:00;2678;com vítima;42;BR-040/RJ;Sul;Colisão Traseira;;;1;;1;;;;;;1;10;;;
22/02/2019;03:48:00;2683;com vítima;68;BR-040/RJ;Norte;Derrapagem;;;1;;;;;;;;0;1;;;
22/02/2019;04:28:00;2684;sem vítima;108;BR-040/RJ;Norte;Choque - Objeto Fixo;1;;;;;;;;;;1;;;;
22/02/2019;07:58:00;2698;sem vítima;123;BR-040/RJ;Sul;Colisão Traseira;1;;;1;;;;;;;2;;;;
22/02/2019;08:17:00;2703;com vítima;104;BR-040/RJ;Sul;Colisão Lateral;2;;;;;;;;;;0;4;;;
22/02/2019;13:43:00;2751;sem vítima;89;BR-040/RJ;Norte;Colisão Lateral;2;;;;;;;;;;2;;;;
22/02/2019;15:57:00;2775;sem vítima;83;BR-040/RJ;Norte;Colisão Traseira;1;;1;;;;;;;;2;;;;
22/02/2019;17:52:00;2794;sem vítima;798;BR-040/MG;Sul;Choque - Objeto Fixo;1;;;;;;;;;;1;;;;
22/02/2019;20:31:00;2821;com vítima;74;BR-040/RJ;Norte;Atropelamento - Pedestre;1;;;;;1;;;;;1;;1;;
22/02/2019;20:41:00;2822;sem vítima;91;BR-040/RJ;Norte;Choque - Objeto Fixo;1;;;;;;;;;;1;;;;
22/02/2019;21:14:00;2830;sem vítima;82;BR-040/RJ;Norte;Colisão Lateral;1;;1;;;;;;;;2;;;;
23/02/2019;07:41:00;2878;sem vítima;784;BR-040/MG;Norte;Colisão Traseira;2;;;;;;;;;;2;;;;
23/02/2019;08:56:00;2888;com vítima;123;BR-040/RJ;Norte;Choque - Objeto Fixo;1;;1;;;;;;;;1;6;;;
23/02/2019;13:38:00;2926;sem vítima;108;BR-040/RJ;Norte;Choque - Objeto Fixo;1;;;;;;;;;;1;;;;
23/02/2019;14:10:00;2933;sem vítima;108;BR-040/RJ;Norte;Colisão Traseira;;;1;1;;;;;;;2;;;;
23/02/2019;18:07:00;2977;sem vítima;118;BR-040/RJ;Norte;Engavetamento;2;;;;;1;;;;;3;;;;
23/02/2019;18:42:00;2985;com vítima;108;BR-040/RJ;Norte;Tombamento;;;1;;;1;;;;;1;1;;;
23/02/2019;19:07:00;2991;sem vítima;91;BR-040/RJ;Norte;Choque - Objeto Fixo;1;;;;;;;;;;1;;;;
24/02/2019;04:22:00;3024;com vítima;119;BR-040/RJ;Norte;Colisão Traseira;2;;;;;;;;;;0;2;;;
24/02/2019;04:32:00;3025;sem vítima;122;BR-040/RJ;Sul;Capotamento;1;;;;;;;;;;1;;;;
24/02/2019;09:49:00;3049;com vítima;51;BR-040/RJ;Sul;Queda de Moto;;;;1;;;;;;;0;1;;;
24/02/2019;10:13:00;3051;com vítima;117;BR-040/RJ;Sul;Capotamento;1;;;;;;;;;;0;1;;;
24/02/2019;10:23:00;3052;com vítima;110;BR-040/RJ;Sul;Capotamento;2;;;;;;;;;;0;3;;;
01/03/2019;04:56:00;21;com vítima;121;BR-040/RJ;Sul;Atropelamento - Pedestre;;;;;1;1;;;;;1;;;1;
01/03/2019;07:01:00;40;sem vítima;92;BR-040/RJ;Sul;Choque - Objeto Fixo;1;;;;;;;;;;1;;;;
01/03/2019;07:47:00;48;com vítima;114;BR-040/RJ;Norte;Colisão Lateral;1;;;;1;;;;;;1;1;;;
01/03/2019;08:54:00;60;sem vítima;66;BR-040/RJ;Sul;Capotamento;1;;;;;;;;;;1;;;;
01/03/2019;14:18:00;118;sem vítima;95;BR-040/RJ;Norte;Choque - Objeto Fixo;1;;;;;;;;;;1;;;;
01/03/2019;16:42:00;143;com vítima;77;BR-040/RJ;Norte;Colisão Traseira;2;;;;;;;;;;0;2;1;;
01/03/2019;19:26:00;175;sem vítima;111;BR-040/RJ;Norte;Colisão Traseira;1;;1;;;1;;;;;3;;;;
01/03/2019;19:44:00;180;com vítima;104;BR-040/RJ;Sul;Colisão Transversal;1;1;;;;;;;;;1;;;;1
01/03/2019;23:06:00;213;sem vítima;93;BR-040/RJ;Sul;Derrapagem;1;;;;;;;;;;1;;;;
01/03/2019;23:18:00;218;sem vítima;110;BR-040/RJ;Sul;Capotamento;1;;;;;;;;;;1;;;;
02/03/2019;01:00:00;225;sem vítima;77;BR-040/RJ;Norte;Choque - Objeto Fixo;1;;;;;;;;;;1;;;;
02/03/2019;02:06:00;230;sem vítima;93;BR-040/RJ;Sul;Derrapagem;1;;;;;;;;;;1;;;;
02/03/2019;02:27:00;234;sem vítima;787;BR-040/MG;Norte;Derrapagem;1;;;;;;;;;;1;;;;
02/03/2019;02:34:00;236;com vítima;113;BR-040/RJ;Sul;Capotamento;1;;;;;;;;;;0;1;;;
02/03/2019;04:25:00;244;sem vítima;112;BR-040/RJ;Norte;Choque - Objeto Fixo;1;;;;;;;;;;1;;;;
02/03/2019;04:27:00;245;sem vítima;113;BR-040/RJ;Sul;Choque - Objeto Fixo;1;;;;;;;;;;1;;;;
02/03/2019;04:29:00;246;sem vítima;82;BR-040/RJ;Sul;Choque - Objeto Fixo;1;;;;;;;;;;1;;;;
02/03/2019;05:01:00;249;sem vítima;84;BR-040/RJ;Sul;Choque - Objeto Fixo;1;;;;;;;;;;1;;;;
02/03/2019;05:46:00;251;sem vítima;93;BR-040/RJ;Sul;Choque - Objeto Fixo;1;;;;;;;;;;1;;;;
02/03/2019;05:50:00;252;sem vítima;84;BR-040/RJ;Sul;Choque - Objeto Fixo;1;;;;;;;;;;1;;;;
02/03/2019;06:02:00;255;sem vítima;91;BR-040/RJ;Sul;Choque - Objeto Fixo;1;;;;;;;;;;1;;;;
02/03/2019;06:12:00;257;sem vítima;91;BR-040/RJ;Sul;Choque - Objeto Fixo;1;;;;;;;;;;1;;;;
02/03/2019;06:15:00;258;sem vítima;86;BR-040/RJ;Sul;Choque - Objeto Fixo;1;;;;;;;;;;1;;;;
02/03/2019;06:05:00;260;sem vítima;93;BR-040/RJ;Sul;Choque - Objeto Fixo;1;;;;;;;;;;1;;;;
02/03/2019;06:44:00;262;sem vítima;75;BR-040/RJ;Sul;Choque - Objeto Fixo;1;;;;;;;;;;1;;;;
02/03/2019;07:45:00;274;sem vítima;104;BR-040/RJ;Norte;Colisão Lateral;1;;;;;1;;;;;2;;;;
02/03/2019;07:48:00;276;sem vítima;100;BR-040/RJ;Norte;Choque - Objeto Fixo;1;;;;;;;;;;1;;;;
02/03/2019;08:30:00;284;com vítima;84;BR-040/RJ;Sul;Choque - Objeto Fixo;1;;;;;;;;;;0;1;;;
02/03/2019;08:31:00;285;sem vítima;91;BR-040/RJ;Norte;Choque - Objeto Fixo;1;;;;;;;;;;1;;;;
02/03/2019;08:44:00;288;com vítima;84;BR-040/RJ;Sul;Choque - Objeto Fixo;1;;;;;;;;;;0;1;;;
02/03/2019;08:46:00;289;com vítima;92;BR-040/RJ;Norte;Choque - Objeto Fixo;1;;;;;;;;;;0;1;;;
02/03/2019;09:19:00;298;sem vítima;90;BR-040/RJ;Sul;Choque - Objeto Fixo;1;;;;;;;;;;1;;;;
02/03/2019;09:19:00;300;sem vítima;82;BR-040/RJ;Sul;Choque - Objeto Fixo;1;;;;;;;;;;1;;;;
02/03/2019;09:29:00;301;com vítima;85;BR-040/RJ;Sul;Choque - Objeto Fixo;1;;;;;;;;;;0;3;;;
02/03/2019;09:37:00;302;com vítima;84;BR-040/RJ;Sul;Tombamento;1;;;;;;;;;;0;2;;;
02/03/2019;09:36:00;304;sem vítima;77;BR-040/RJ;Sul;Choque - Objeto Fixo;1;;;;;;;;;;1;;;;
02/03/2019;09:59:00;306;sem vítima;94;BR-040/RJ;Sul;Choque - Objeto Fixo;1;;;;;;;;;;1;;;;
02/03/2019;10:28:00;310;com vítima;93;BR-040/RJ;Sul;Choque - Objeto Fixo;1;;;;;;;;;;0;5;;;
02/03/2019;11:02:00;314;sem vítima;87;BR-040/RJ;Sul;Choque - Objeto Fixo;1;;;;;;;;;;1;;;;
02/03/2019;11:12:00;315;sem vítima;91;BR-040/RJ;Norte;Choque - Objeto Fixo;1;;;;;;;;;;1;;;;
02/03/2019;11:15:00;317;sem vítima;94;BR-040/RJ;Sul;Choque - Objeto Fixo;1;;;;;;;;;;1;;;;
02/03/2019;11:21:00;320;sem vítima;44;BR-040/RJ;Norte;Choque - Objeto Fixo;1;;;;;;;;;;1;;;;
02/03/2019;11:37:00;323;sem vítima;84;BR-040/RJ;Sul;Choque - Objeto Fixo;1;;;;;;;;;;1;;;;
02/03/2019;11:40:00;325;sem vítima;86;BR-040/RJ;Sul;Choque - Objeto Fixo;1;;;;;;;;;;1;;;;
02/03/2019;14:56:00;354;sem vítima;6;BR-040/RJ;Norte;Queda de Moto;;;;1;;;;;;;1;;;;
02/03/2019;15:24:00;362;com vítima;809;BR-040/MG;Norte;Choque - Objeto Fixo;1;;;;;;;;;;0;3;;;
02/03/2019;15:51:00;373;sem vítima;78;BR-040/RJ;Sul;Choque - Objeto Fixo;1;;;;;;;;;;1;;;;
02/03/2019;16:16:00;374;sem vítima;93;BR-040/RJ;Sul;Capotamento;1;;;;;;;;;;1;;;;
02/03/2019;16:29:00;376;com vítima;799;BR-040/MG;Norte;Choque - Objeto Fixo;;;1;;;;;;;;0;2;;;
02/03/2019;16:34:00;378;sem vítima;77;BR-040/RJ;Sul;Choque - Objeto Fixo;1;;;;;;;;;;1;;;;
02/03/2019;17:41:00;390;sem vítima;82;BR-040/RJ;Sul;Choque - Objeto Fixo;1;;;;;;;;;;1;;;;
02/03/2019;17:45:00;391;com vítima;90;BR-040/RJ;Sul;Colisão Lateral;1;;;1;;;;;;;0;2;1;;
02/03/2019;18:00:00;394;sem vítima;778;BR-040/MG;Sul;Colisão Frontal;2;;;;;;;;;;2;;;;
03/03/2019;05:06:00;430;sem vítima;1;BR-040/RJ;Sul;Choque - Objeto Fixo;1;;;;;;;;;;1;;;;
03/03/2019;08:39:00;445;sem vítima;95;BR-040/RJ;Norte;Choque - Objeto Fixo;1;;;;;;;;;;1;;;;
03/03/2019;17:31:00;496;com vítima;93;BR-040/RJ;Sul;Choque - Objeto Fixo;1;;;;;;;;;;0;1;;;
03/03/2019;18:41:00;506;com vítima;118;BR-040/RJ;Sul;Engavetamento;4;;;;;;;;;;0;7;;;
03/03/2019;19:29:00;514;sem vítima;78;BR-040/RJ;Sul;Choque - Objeto Fixo;1;;;;;;;;;;1;;;;
03/03/2019;20:18:00;516;sem vítima;84;BR-040/RJ;Sul;Choque - Objeto Fixo;1;;;;;;;;;;1;;;;
03/03/2019;21:08:00;520;sem vítima;114;BR-040/RJ;Sul;Choque - Objeto Fixo;1;;;;;;;;;;1;;;;
04/03/2019;03:31:00;549;sem vítima;774;BR-040/MG;Sul;Choque - Objeto Fixo;1;;;;;;;;;;1;;;;
04/03/2019;11:55:00;592;com vítima;111;BR-040/RJ;Sul;Queda de Moto;;;;1;;;;;;;0;;1;;