data;horario;n_da_ocorrencia;tipo_de_ocorrencia;km;trecho;sentido;tipo_de_acidente;automovel;bicicleta;caminhao;moto;onibus;outros;tracao_animal;transporte_de_cargas_especiais;trator_maquinas;utilitarios;ilesos;levemente_feridos;moderadamente_feridos;gravemente_feridos;mortos
20/04/2019;03:31:00;2555;sem vítima;84;BR-040/RJ;Norte;Choque - Objeto Fixo;1;;;;;;;;;;1;;;;
20/04/2019;06:18:00;2562;com vítima;114;BR-040/RJ;Sul;Colisão Traseira;2;;;;;;;;;;1;3;;;
20/04/2019;19:11:00;2650;sem vítima;110;BR-040/RJ;Sul;Engavetamento;2;;;;1;;;;;;3;;;;
20/04/2019;22:47:00;2670;sem vítima;91;BR-040/RJ;Norte;Choque - Objeto Fixo;1;;;;;;;;;;1;;;;
21/04/2019;06:35:00;2696;com vítima;97;BR-040/RJ;Norte;Queda de Moto;;;;1;;;;;;;0;;1;;
21/04/2019;12:34:00;2731;sem vítima;111;BR-040/RJ;Sul;Engavetamento;3;;;;;;;;;;3;;;;
21/04/2019;16:25:00;2758;com vítima;797;BR-040/MG;Sul;Capotamento;1;;;;;;;;;;0;2;;;
21/04/2019;19:55:00;2785;com vítima;118;BR-040/RJ;Sul;Queda de Moto;;;;1;;;;;;;0;1;;;
21/04/2019;20:08:00;2790;com vítima;34;BR-040/RJ;Sul;Choque - Objeto Fixo;1;;1;;;;;;;;1;1;;;
22/04/2019;02:50:00;2828;sem vítima;70;BR-040/RJ;Norte;Choque - Objeto Fixo;;;;;1;;;;;;1;;;;
22/04/2019;06:45:00;2839;com vítima;795;BR-040/MG;Sul;Colisão Traseira;2;;;;;;;;;;0;3;;;
22/04/2019;11:54:00;2873;sem vítima;82;BR-040/RJ;Norte;Colisão Traseira;2;;;;;;;;;;2;;;;
22/04/2019;19:25:00;2941;com vítima;101;BR-040/RJ;Sul;Colisão Frontal;;1;;1;;;;;;;0;2;;;
22/04/2019;20:28:00;2953;sem vítima;108;BR-040/RJ;Norte;Choque - Objeto Fixo;1;;;;;;;;;;1;;;;
22/04/2019;23:32:00;2965;com vítima;79;BR-040/RJ;Sul;Capotamento;1;;;;;;;;;;0;1;;;
23/04/2019;00:26:00;2968;com vítima;801;BR-040/MG;Norte;Choque - Objeto Fixo;1;;;;;;;;;;0;4;;;
23/04/2019;05:22:00;2979;com vítima;120;BR-040/RJ;Sul;Colisão Lateral;2;;;;;;;;;;0;2;;;
23/04/2019;11:55:00;3021;sem vítima;783;BR-040/MG;Sul;Colisão Traseira;2;;;;;;;;;;2;;;;
23/04/2019;12:36:00;3025;com vítima;56;BR-040/RJ;Sul;Choque - Objeto Fixo;1;;;;;;;;;;0;1;;;
23/04/2019;14:11:00;3037;sem vítima;56;BR-040/RJ;Sul;Colisão Lateral;2;;;;;;;;;;2;;;;
23/04/2019;17:37:00;3061;com vítima;86;BR-040/RJ;Norte;Choque - Objeto Fixo;1;;;;;;;;;;0;;4;;
23/04/2019;19:53:00;3083;sem vítima;93;BR-040/RJ;Sul;Capotamento;1;;;;;;;;;;1;;;;
23/04/2019;20:18:00;3089;sem vítima;84;BR-040/RJ;Sul;Choque - Objeto Fixo;1;;;;;;;;;;1;;;;
23/04/2019;21:08:00;3095;sem vítima;82;BR-040/RJ;Sul;Choque - Objeto Fixo;1;;;;;;;;;;1;;;;
23/04/2019;21:28:00;3099;sem vítima;92;BR-040/RJ;Sul;Choque - Objeto Fixo;1;;;;;;;;;;1;;;;
24/04/2019;08:21:00;3137;com vítima;120;BR-040/RJ;Sul;Colisão Traseira;1;;;1;;;;;;;0;3;;;
24/04/2019;08:59:00;3142;com vítima;105;BR-040/RJ;Sul;Colisão Frontal;1;;;1;;;;;;;0;2;;;
24/04/2019;16:32:00;3196;sem vítima;105;BR-040/RJ;Sul;Colisão Lateral;2;;;;;;;;;;2;;;;
25/04/2019;11:45:00;3269;sem vítima;64;BR-040/RJ;Norte;Choque - Objeto Fixo;1;;;;;;;;;;1;;;;
25/04/2019;12:32:00;3271;sem vítima;112;BR-040/RJ;Norte;Colisão Traseira;1;;;1;;;;;;;2;;;;
25/04/2019;19:30:00;3316;sem vítima;121;BR-040/RJ;Norte;Engavetamento;1;;;;;2;;;;;3;;;;
25/04/2019;23:51:00;3333;sem vítima;52;BR-040/RJ;Sul;Colisão Traseira;2;;;;;;;;;;2;;;;
26/04/2019;12:59:00;3383;sem vítima;124;BR-040/RJ;Sul;Colisão Traseira;;;1;;;1;;;;;2;;;;
26/04/2019;16:54:00;3410;com vítima;35;BR-040/RJ;Norte;Capotamento;1;;;;;;;;;;0;1;;;
26/04/2019;20:36:00;3432;com vítima;93;BR-040/RJ;Sul;Tombamento;;;1;;;;;;;;0;2;;;
27/04/2019;05:33:00;3455;com vítima;79;BR-040/RJ;Sul;Choque - Objeto Fixo;;;;;1;;;;;;0;2;6;;
27/04/2019;05:41:00;3457;sem vítima;99;BR-040/RJ;Sul;Derrapagem;1;;;;;;;;;;1;;;;
27/04/2019;07:03:00;3463;sem vítima;118;BR-040/RJ;Norte;Colisão Traseira;2;;;;;;;;;;2;;;;
27/04/2019;07:43:00;3471;sem vítima;785;BR-040/MG;Norte;Choque - Objeto Fixo;1;;;;;;;;;;1;;;;
27/04/2019;08:11:00;3475;sem vítima;88;BR-040/RJ;Norte;Choque - Objeto Fixo;1;;;;;;;;;;1;;;;
27/04/2019;10:19:00;3488;sem vítima;21;BR-040/RJ;Sul;Choque - Objeto Fixo;1;;;;;;;;;;1;;;;
27/04/2019;12:25:00;3507;com vítima;93;BR-040/RJ;Sul;Queda de Moto;;;;1;;;;;;;0;1;;;
27/04/2019;12:59:00;3511;sem vítima;83;BR-040/RJ;Norte;Choque - Objeto Fixo;1;;;;;;;;;;1;;;;
27/04/2019;14:17:00;3515;sem vítima;111;BR-040/RJ;Norte;Colisão Traseira;1;;;;;1;;;;;2;;;;
27/04/2019;16:32:00;3538;sem vítima;101;BR-040/RJ;Norte;Colisão Lateral;1;;;;;1;;;;;2;;;;
27/04/2019;18:00:00;3548;com vítima;123;BR-040/RJ;Norte;Queda de Moto;;;;1;;;;;;;0;;1;;
27/04/2019;21:13:00;3566;com vítima;803;BR-040/MG;Norte;Choque - Objeto Fixo;1;;;;;1;;;;;1;2;;;
28/04/2019;01:10:00;3584;sem vítima;110;BR-040/RJ;Norte;Colisão Lateral;2;;;;;;;;;;2;;;;
28/04/2019;04:08:00;3586;sem vítima;85;BR-040/RJ;Norte;Choque - Objeto Fixo;1;;;;;;;;;;1;;;;
28/04/2019;06:38:00;3596;com vítima;51;BR-040/RJ;Sul;Choque - Objeto Fixo;1;;;;;;;;;;0;2;2;;
28/04/2019;11:54:00;3620;com vítima;105;BR-040/RJ;Norte;Colisão Lateral;1;;;1;;;;;;;0;2;;;
28/04/2019;12:00:00;3621;com vítima;77;BR-040/RJ;Sul;Colisão Traseira;;;;2;;;;;;;0;1;1;;
28/04/2019;14:43:00;3639;com vítima;94;BR-040/RJ;Norte;Atropelamento - Pedestre;1;;;;;1;;;;;1;;;1;
28/04/2019;16:32:00;3653;sem vítima;117;BR-040/RJ;Norte;Choque - Objeto Fixo;1;;;;;;;;;;1;;;;
28/04/2019;21:41:00;3689;com vítima;84;BR-040/RJ;Sul;Colisão Traseira;1;;1;;;;;;;;1;2;;;
28/04/2019;23:32:00;3692;sem vítima;84;BR-040/RJ;Norte;Choque - Objeto Fixo;1;;;;;;;;;;1;;;;
29/04/2019;00:19:00;3695;sem vítima;89;BR-040/RJ;Sul;Choque - Objeto Fixo;1;;;;;;;;;;1;;;;
29/04/2019;01:07:00;3701;sem vítima;113;BR-040/RJ;Sul;Choque - Objeto Fixo;1;;;;;;;;;;1;;;;
29/04/2019;07:02:00;3729;sem vítima;119;BR-040/RJ;Sul;Engavetamento;3;;;;;;;;;;3;;;;
29/04/2019;07:14:00;3731;sem vítima;78;BR-040/RJ;Sul;Choque - Objeto Fixo;1;;;;;;;;;;1;;;;
29/04/2019;12:54:00;3775;com vítima;120;BR-040/RJ;Sul;Queda de Moto;;;;1;;;;;;;0;2;;;
29/04/2019;15:18:00;3799;com vítima;104;BR-040/RJ;Norte;Colisão Lateral;1;;1;;;;;;;;1;1;;;
29/04/2019;17:24:00;3813;sem vítima;101;BR-040/RJ;Sul;Colisão Traseira;2;;;;;;;;;;2;;;;
29/04/2019;21:11:00;3837;com vítima;37;BR-040/RJ;Norte;Choque - Objeto Fixo;;;1;;;;;;;;0;1;;;
29/04/2019;21:20:00;3838;sem vítima;802;BR-040/MG;Sul;Choque - Objeto Fixo;1;;;;;;;;;;1;;;;
29/04/2019;23:41:00;3844;com vítima;78;BR-040/RJ;Sul;Choque - Objeto Fixo;1;;;;;;;;;;0;1;;;
30/04/2019;04:46:00;3862;com vítima;88;BR-040/RJ;Norte;Choque - Objeto Fixo;1;;;;;;;;;;0;1;;;
30/04/2019;10:26:00;3898;sem vítima;123;BR-040/RJ;Sul;Colisão Lateral;1;;1;;;;;;;;2;;;;
30/04/2019;16:39:00;3950;com vítima;109;BR-040/RJ;Norte;Colisão Traseira;1;;;1;;;;;;;1;;1;;
30/04/2019;18:22:00;3962;sem vítima;117;BR-040/RJ;Norte;Colisão Traseira;2;;;;;;;;;;2;;;;
30/04/2019;19:04:00;3966;sem vítima;111;BR-040/RJ;Norte;Engavetamento;2;;;;;1;;;;;3;;;;
30/04/2019;19:56:00;3969;sem vítima;77;BR-040/RJ;Norte;Colisão Lateral;1;;;;;1;;;;;2;;;;
01/05/2019;02:46:00;13;sem vítima;796;BR-040/MG;Sul;Choque - Objeto Fixo;1;;;;;;;;;;1;;;;
01/05/2019;05:25:00;17;com vítima;820;BR-040/MG;Norte;Colisão Traseira;1;;1;;;;;;;;1;1;1;;
01/05/2019;05:29:00;18;sem vítima;110;BR-040/RJ;Norte;Choque - Objeto Fixo;1;;;;;;;;;;1;;;;
01/05/2019;09:27:00;34;com vítima;122;BR-040/RJ;Sul;Capotamento;1;;;;;;;;;;0;3;;;
01/05/2019;23:04:00;103;com vítima;103;BR-040/RJ;Norte;Queda de Moto;;;;1;;;;;;;0;;1;;
02/05/2019;05:10:00;117;com vítima;796;BR-040/MG;Sul;Colisão Frontal;1;;;1;;;;;;;0;2;;;1
02/05/2019;12:17:00;156;com vítima;122;BR-040/RJ;Norte;Tombamento;;;1;;;;;;;;0;2;;;
02/05/2019;21:43:00;209;sem vítima;70;BR-040/RJ;Sul;Choque - Objeto Fixo;1;;;;;;;;;;1;;;;
03/05/2019;07:20:00;252;sem vítima;123;BR-040/RJ;Sul;Colisão Lateral;1;;1;;;;;;;;2;;;;
03/05/2019;09:12:00;268;sem vítima;92;BR-040/RJ;Norte;Choque - Objeto Fixo;1;;;;;;;;;;1;;;;
03/05/2019;14:26:00;305;com vítima;71;BR-040/RJ;Norte;Colisão Lateral;1;;1;;;;;;;;0;1;1;;
04/05/2019;01:48:00;379;sem vítima;804;BR-040/MG;Norte;Colisão Traseira;1;;;;;1;;;;;2;;;;
04/05/2019;07:05:00;391;sem vítima;28;BR-040/RJ;Norte;Choque - Objeto Fixo;1;;;;;;;;;;1;;;;
04/05/2019;10:53:00;410;com vítima;84;BR-040/RJ;Sul;Queda de Moto;;;;1;;;;;;;0;1;1;;
04/05/2019;16:02:00;438;sem vítima;83;BR-040/RJ;Sul;Choque - Objeto Fixo;1;;;;;;;;;;1;;;;
04/05/2019;18:12:00;454;com vítima;89;BR-040/RJ;Sul;Tombamento;;;1;;;;;;;;0;1;1;;
04/05/2019;20:13:00;463;sem vítima;85;BR-040/RJ;Norte;Colisão Lateral;1;;1;;;;;;;;2;;;;
04/05/2019;20:21:00;464;sem vítima;780;BR-040/MG;Sul;Choque - Objeto Fixo;1;;;;;;;;;;1;;;;
04/05/2019;21:30:00;469;com vítima;805;BR-040/MG;Norte;Colisão Lateral;2;;;;;;;;;;0;5;;;
04/05/2019;21:20:00;470;sem vítima;13;BR-040/RJ;Sul;Choque - Objeto Fixo;1;;;;;;;;;;1;;;;
05/05/2019;06:50:00;499;sem vítima;123;BR-040/RJ;Sul;Colisão Lateral;2;;;;;;;;;;2;;;;
05/05/2019;07:12:00;502;com vítima;787;BR-040/MG;Norte;Choque - Objeto Fixo;1;;;;;;;;;;0;2;;;
05/05/2019;08:13:00;508;sem vítima;824;BR-040/MG;Sul;Choque - Objeto Fixo;1;;;;;;;;;;1;;;;
05/05/2019;08:15:00;509;com vítima;118;BR-040/RJ;Norte;Colisão Frontal;;1;;;1;;;;;;1;;1;;
05/05/2019;11:24:00;522;com vítima;77;BR-040/RJ;Sul;Colisão Traseira;;;;2;;;;;;;0;2;;;
05/05/2019;14:21:00;537;com vítima;98;BR-040/RJ;Sul;Capotamento;1;;;;;;;;;;0;;;1;
05/05/2019;17:38:00;563;com vítima;84;BR-040/RJ;Sul;Queda de Moto;;;;1;;;;;;;0;1;;;
05/05/2019;19:25:00;578;com vítima;116;BR-040/RJ;Sul;Colisão Lateral;1;;;1;;;;;;;1;1;;;
05/05/2019;21:23:00;592;com vítima;783;BR-040/MG;Norte;Colisão Lateral;2;;;;;;;;;;0;3;1;;
05/05/2019;22:15:00;595;sem vítima;113;BR-040/RJ;Sul;Derrapagem;1;;;;;;;;;;1;;;;
05/05/2019;22:33:00;600;com vítima;115;BR-040/RJ;Norte;Derrapagem;1;;;;;;;;;;0;2;;;
06/05/2019;23:49:00;606;sem vítima;56;BR-040/RJ;Sul;Choque - Objeto Fixo;2;;;;;;;;;;2;;;;
06/05/2019;10:24:00;650;sem vítima;92;BR-040/RJ;Norte;Queda de Moto;;;;1;;;;;;;1;;;;
06/05/2019;12:31:00;661;sem vítima;122;BR-040/RJ;Sul;Colisão Lateral;;;2;;;;;;;;2;;;;
06/05/2019;20:27:00;713;com vítima;825;BR-040/MG;Sul;Choque - Objeto Fixo;1;;;;;;;;;;0;3;;;
06/05/2019;22:01:00;722;com vítima;113;BR-040/RJ;Norte;Atropelamento - Animal;;;;1;;;;;;;0;1;;;
07/05/2019;05:37:00;751;sem vítima;94;BR-040/RJ;Norte;Choque - Objeto Fixo;1;;;;;;;;;;1;;;;
07/05/2019;05:41:00;753;com vítima;116;BR-040/RJ;Sul;Engavetamento;3;;;;;;;;;;2;2;;1;
07/05/2019;06:42:00;755;com vítima;35;BR-040/RJ;Norte;Choque - Objeto Fixo;1;;;;;;;;;;0;2;;;
07/05/2019;08:50:00;771;com vítima;78;BR-040/RJ;Sul;Choque - Objeto Fixo;1;;;;;;;;;;0;3;2;;
07/05/2019;14:11:00;802;sem vítima;39;BR-040/RJ;Sul;Colisão Traseira;1;;;;;1;;;;;2;;;;
07/05/2019;15:25:00;815;sem vítima;85;BR-040/RJ;Sul;Choque - Objeto Fixo;;;1;;;;;;;;1;;;;
07/05/2019;15:30:00;817;sem vítima;113;BR-040/RJ;Sul;Queda de Moto;;;;1;;;;;;;1;;;;
07/05/2019;16:10:00;825;sem vítima;93;BR-040/RJ;Sul;Choque - Objeto Fixo;1;;;;;;;;;;1;;;;
07/05/2019;16:15:00;827;com vítima;75;BR-040/RJ;Sul;Capotamento;1;;;;;;;;;;0;1;;;
07/05/2019;16:55:00;833;sem vítima;84;BR-040/RJ;Sul;Choque - Objeto Fixo;1;;;;;;;;;;1;;;;
07/05/2019;17:10:00;840;sem vítima;84;BR-040/RJ;Sul;Colisão Traseira;1;;1;;;;;;;;2;;;;
07/05/2019;21:36:00;863;sem vítima;91;BR-040/RJ;Norte;Choque - Objeto Fixo;1;;;;;;;;;;1;;;;
07/05/2019;21:54:00;864;sem vítima;782;BR-040/MG;Sul;Colisão Lateral;1;;1;;;;;;;;2;;;;
07/05/2019;22:55:00;867;com vítima;102;BR-040/RJ;Norte;Colisão Traseira;1;;;1;;;;;;;1;1;;;
08/05/2019;02:11:00;884;com vítima;121;BR-040/RJ;Sul;Colisão Traseira;;;;;;;;;;2;1;1;;;
08/05/2019;05:56:00;891;sem vítima;114;BR-040/RJ;Sul;Colisão Traseira;2;;;;;;;;;;2;;;;
08/05/2019;06:42:00;893;sem vítima;111;BR-040/RJ;Sul;Engavetamento;3;;;;;;;;;;3;;;;
08/05/2019;07:08:00;896;sem vítima;72;BR-040/RJ;Norte;Derrapagem;1;;;;;;;;;;1;;;;
08/05/2019;08:09:00;904;com vítima;801;BR-040/MG;Norte;Atropelamento - Pedestre;1;;;;;1;;;;;0;3;;;
08/05/2019;08:21:00;906;sem vítima;94;BR-040/RJ;Sul;Derrapagem;1;;;;;;;;;;1;;;;
08/05/2019;17:30:00;976;sem vítima;114;BR-040/RJ;Norte;Colisão Traseira;2;;;;;;;;;;2;;;;
08/05/2019;18:23:00;982;sem vítima;111;BR-040/RJ;Norte;Engavetamento;3;;;;;;;;;;3;;;;
08/05/2019;18:38:00;984;sem vítima;112;BR-040/RJ;Norte;Colisão Traseira;2;;1;;;;;;;;3;;;;
08/05/2019;19:14:00;990;com vítima;105;BR-040/RJ;Sul;Colisão Frontal;1;1;;;;;;;;;1;;;1;
09/05/2019;07:27:00;1038;sem vítima;804;BR-040/MG;Sul;Choque - Objeto Fixo;1;;;;;;;;;;1;;;;
09/05/2019;18:27:00;1110;sem vítima;810;BR-040/MG;Norte;Colisão Lateral;1;;;1;;;;;;;2;;;;
09/05/2019;18:53:00;1114;com vítima;98;BR-040/RJ;Sul;Colisão Lateral;;;2;;;;;;;;0;2;;;
09/05/2019;19:57:00;1121;com vítima;111;BR-040/RJ;Norte;Queda de Moto;;;;1;;;;;;;0;1;;;
09/05/2019;22:08:00;1131;com vítima;104;BR-040/RJ;Sul;Colisão Lateral;1;;;1;;;;;;;1;;;2;
10/05/2019;04:52:00;1150;sem vítima;91;BR-040/RJ;Norte;Choque - Objeto Fixo;1;;;;;;;;;;1;;;;
10/05/2019;08:09:00;1164;sem vítima;85;BR-040/RJ;Norte;Colisão Traseira;2;;;;;;;;;;2;;;;
10/05/2019;09:12:00;1169;com vítima;124;BR-040/RJ;Sul;Capotamento;1;;;;;;;;;;0;1;;;
10/05/2019;09:26:00;1170;com vítima;108;BR-040/RJ;Norte;Tombamento;;;1;;;;;;;;0;1;;;
10/05/2019;10:45:00;1175;sem vítima;112;BR-040/RJ;Norte;Engavetamento;3;;;;;;;;;;3;;;;
10/05/2019;13:30:00;1194;com vítima;74;BR-040/RJ;Norte;Tombamento;;;1;;;;;;;;0;1;;;
10/05/2019;14:24:00;1200;sem vítima;110;BR-040/RJ;Norte;Colisão Lateral;1;;1;;;;;;;;2;;;;
10/05/2019;16:10:00;1219;sem vítima;112;BR-040/RJ;Norte;Colisão Traseira;1;;;;;1;;;;;2;;;;
10/05/2019;16:14:00;1221;sem vítima;97;BR-040/RJ;Norte;Colisão Lateral;1;;1;;;;;;;;2;;;;
10/05/2019;19:08:00;1242;sem vítima;115;BR-040/RJ;Norte;Colisão Traseira;2;;;;;;;;;;2;;;;
10/05/2019;20:17:00;1249;com vítima;86;BR-040/RJ;Sul;Colisão Traseira;;;1;;1;;;;;;0;2;;;
11/05/2019;03:28:00;1274;com vítima;114;BR-040/RJ;Norte;Colisão Traseira;2;;;;;;;;;;1;2;;;
11/05/2019;06:14:00;1282;sem vítima;108;BR-040/RJ;Sul;Choque - Objeto Fixo;1;;;;;;;;;;1;;;;
11/05/2019;06:56:00;1286;sem vítima;802;BR-040/MG;Sul;Choque - Objeto Fixo;1;;;;;;;;;;1;;;;
11/05/2019;12:28:00;1321;sem vítima;96;BR-040/RJ;Sul;Queda de Moto;;;;1;;;;;;;1;;;;
11/05/2019;14:40:00;1337;sem vítima;99;BR-040/RJ;Norte;Colisão Lateral;1;;;;;1;;;;;2;;;;
11/05/2019;19:51:00;1380;sem vítima;123;BR-040/RJ;Sul;Choque - Objeto Fixo;1;;;;;;;;;;1;;;;
11/05/2019;21:36:00;1386;sem vítima;124;BR-040/RJ;Norte;Choque - Objeto Fixo;1;;;;;;;;;;1;;;;
12/05/2019;03:46:00;1403;sem vítima;116;BR-040/RJ;Sul;Colisão Traseira;2;;;;;;;;;;2;;;;
12/05/2019;05:14:00;1406;com vítima;121;BR-040/RJ;Norte;Capotamento;1;;;;;;;;;;0;1;;;
12/05/2019;09:11:00;1417;com vítima;104;BR-040/RJ;Norte;Capotamento;1;;;;;;;;;;0;3;;;
12/05/2019;19:52:00;1485;sem vítima;105;BR-040/RJ;Sul;Colisão Traseira;1;;;;;1;;;;;2;;;;
13/05/2019;05:29:00;1523;sem vítima;91;BR-040/RJ;Norte;Choque - Objeto Fixo;1;;;;;;;;;;1;;;;
13/05/2019;10:58:00;1562;com vítima;124;BR-040/RJ;Norte;Queda de Moto;;;;1;;1;;;;;1;1;;;
13/05/2019;15:09:00;1590;sem vítima;92;BR-040/RJ;Sul;Choque - Objeto Fixo;1;;;;;;;;;;1;;;;
13/05/2019;15:13:00;1593;sem vítima;92;BR-040/RJ;Sul;Choque - Objeto Fixo;1;;;;;;;;;;1;;;;
13/05/2019;15:19:00;1595;sem vítima;92;BR-040/RJ;Sul;Choque - Objeto Fixo;1;;;;;;;;;;1;;;;
13/05/2019;16:20:00;1605;sem vítima;93;BR-040/RJ;Sul;Capotamento;1;;;;;;;;;;1;;;;
13/05/2019;16:23:00;1606;sem vítima;90;BR-040/RJ;Sul;Choque - Objeto Fixo;1;;;;;;;;;;1;;;;
13/05/2019;16:39:00;1616;sem vítima;93;BR-040/RJ;Sul;Colisão Traseira;2;;;;;;;;;;2;;;;
13/05/2019;17:34:00;1617;sem vítima;85;BR-040/RJ;Norte;Choque - Objeto Fixo;1;;;;;;;;;;1;;;;
14/05/2019;04:35:00;1656;sem vítima;69;BR-040/RJ;Sul;Choque - Objeto Fixo;1;;;;;;;;;;1;;;;
14/05/2019;05:03:00;1657;com vítima;115;BR-040/RJ;Sul;Colisão Traseira;2;;;;;;;;;;1;1;;;
14/05/2019;05:43:00;1661;sem vítima;115;BR-040/RJ;Sul;Colisão Traseira;1;;;;;;;;;;1;;;;
14/05/2019;15:05:00;1722;com vítima;99;BR-040/RJ;Sul;Choque - Objeto Fixo;1;;;;;;;;;;0;1;1;;
14/05/2019;16:22:00;1732;com vítima;783;BR-040/MG;Sul;Capotamento;1;;;;;;;;;;0;1;1;;
14/05/2019;17:21:00;1738;sem vítima;85;BR-040/RJ;Norte;Choque - Objeto Fixo;1;;;;;;;;;;1;;;;
14/05/2019;20:33:00;1766;com vítima;93;BR-040/RJ;Sul;Capotamento;1;;;;;;;;;;0;3;;;
14/05/2019;20:53:00;1768;sem vítima;93;BR-040/RJ;Norte;Choque - Objeto Fixo;1;;;;;;;;;;1;;;;
14/05/2019;21:05:00;1769;sem vítima;92;BR-040/RJ;Sul;Choque - Objeto Fixo;1;;;;;;;;;;1;;;;
15/05/2019;07:50:00;1812;sem vítima;74;BR-040/RJ;Sul;Choque - Objeto Fixo;1;;;;;;;;;;1;;;;
15/05/2019;09:20:00;1825;sem vítima;82;BR-040/RJ;Sul;Choque - Objeto Fixo;1;;;;;;;;;;1;;;;
15/05/2019;10:48:00;1832;sem vítima;93;BR-040/RJ;Sul;Choque - Objeto Fixo;1;;;;;;;;;;1;;;;
15/05/2019;11:04:00;1833;com vítima;97;BR-040/RJ;Sul;Capotamento;1;;;;;;;;;;0;2;1;;
15/05/2019;11:18:00;1836;com vítima;97;BR-040/RJ;Sul;Colisão Traseira;;;2;;;;;;;;0;4;;;
15/05/2019;11:36:00;1841;sem vítima;92;BR-040/RJ;Sul;Choque - Objeto Fixo;1;;;;;;;;;;1;;;;
15/05/2019;11:41:00;1842;sem vítima;115;BR-040/RJ;Norte;Colisão Lateral;2;;;;;;;;;;2;;;;
15/05/2019;11:52:00;1846;sem vítima;96;BR-040/RJ;Sul;Choque - Objeto Fixo;;;1;;;;;;;;1;;;;
15/05/2019;12:41:00;1853;sem vítima;115;BR-040/RJ;Norte;Colisão Traseira;2;;;;;;;;;;2;;;;
15/05/2019;13:31:00;1856;com vítima;87;BR-040/RJ;Norte;Choque - Objeto Fixo;1;;;;;;;;;;0;;2;;
15/05/2019;13:39:00;1859;sem vítima;91;BR-040/RJ;Norte;Choque - Objeto Fixo;1;;;;;;;;;;1;;;;
15/05/2019;14:34:00;1866;com vítima;90;BR-040/RJ;Norte;Tombamento;1;;;;;;;;;;0;1;;;
15/05/2019;14:38:00;1867;sem vítima;112;BR-040/RJ;Sul;Choque - Objeto Fixo;1;;;;;;;;;;1;;;;
15/05/2019;18:00:00;1888;sem vítima;111;BR-040/RJ;Norte;Engavetamento;3;;;;;;;;;;3;;;;
16/05/2019;15:53:00;2004;sem vítima;48;BR-040/RJ;Norte;Choque - Objeto Fixo;;;1;;;;;;;;1;;;;
16/05/2019;16:00:00;2006;com vítima;3;BR-040/RJ;Norte;Tombamento;1;;;;;;;;;;0;7;;;
16/05/2019;16:26:00;2013;com vítima;1;BR-040/RJ;Norte;Choque - Objeto Fixo;1;;;;;;;;;;0;3;;;
16/05/2019;16:47:00;2016;com vítima;92;BR-040/RJ;Sul;Choque - Objeto Fixo;1;;;;;;;;;;0;2;;;
17/05/2019;05:23:00;2068;sem vítima;114;BR-040/RJ;Sul;Colisão Traseira;2;;;;;;;;;;2;;;;
17/05/2019;06:01:00;2071;sem vítima;114;BR-040/RJ;Sul;Colisão Traseira;2;;;;;;;;;;2;;;;
17/05/2019;07:38:00;2082;sem vítima;93;BR-040/RJ;Sul;Choque - Objeto Fixo;1;;;;;;;;;;1;;;;
17/05/2019;07:59:00;2085;sem vítima;93;BR-040/RJ;Norte;Choque - Objeto Fixo;1;;;;;;;;;;1;;;;
17/05/2019;09:20:00;2093;sem vítima;109;BR-040/RJ;Norte;Colisão Lateral;2;;1;;;;;;;;3;;;;
17/05/2019;09:53:00;2098;com vítima;90;BR-040/RJ;Sul;Choque - Objeto Fixo;1;;;;;;;;;;0;4;;;
17/05/2019;10:01:00;2100;com vítima;92;BR-040/RJ;Sul;Colisão Lateral;2;;;;;;;;;;0;2;;;
17/05/2019;11:03:00;2108;com vítima;93;BR-040/RJ;Sul;Tombamento;;;1;;;;;;;;0;2;;;
17/05/2019;12:41:00;2117;sem vítima;105;BR-040/RJ;Norte;Colisão Traseira;2;;;;;;;;;;2;;;;
17/05/2019;13:14:00;2119;com vítima;31;BR-040/RJ;Norte;Colisão Traseira;;;2;;;;;;;;1;3;;;
17/05/2019;13:27:00;2120;sem vítima;91;BR-040/RJ;Norte;Choque - Objeto Fixo;1;;;;;;;;;;1;;;;
17/05/2019;13:49:00;2122;sem vítima;78;BR-040/RJ;Sul;Choque - Objeto Fixo;1;;;;;;;;;;1;;;;
17/05/2019;14:08:00;2124;com vítima;32;BR-040/RJ;Norte;Colisão Traseira;;;2;;;;;;;;0;2;;;
17/05/2019;14:44:00;2127;sem vítima;93;BR-040/RJ;Norte;Choque - Objeto Fixo;1;;;;;;;;;;1;;;;
17/05/2019;15:25:00;2134;sem vítima;93;BR-040/RJ;Sul;Choque - Objeto Fixo;1;;;;;;;;;;1;;;;
17/05/2019;15:36:00;2135;sem vítima;91;BR-040/RJ;Sul;Choque - Objeto Fixo;1;;;;;;;;;;1;;;;
17/05/2019;16:26:00;2140;com vítima;84;BR-040/RJ;Sul;Choque - Objeto Fixo;;;1;;;;;;;;0;7;;;
17/05/2019;16:34:00;2142;sem vítima;90;BR-040/RJ;Norte;Choque - Objeto Fixo;1;;;;;;;;;;1;;;;
17/05/2019;16:38:00;2143;sem vítima;25;BR-040/RJ;Sul;Choque - Objeto Fixo;1;;;;;;;;;;1;;;;
17/05/2019;16:46:00;2145;com vítima;92;BR-040/RJ;Norte;Queda de Moto;;;;1;;;;;;;0;2;;;
17/05/2019;16:47:00;2146;com vítima;11;BR-040/RJ;Sul;Choque - Objeto Fixo;1;;;;;;;;;;0;3;;;