data;horario;n_da_ocorrencia;tipo_de_ocorrencia;km;trecho;sentido;tipo_de_acidente;automovel;bicicleta;caminhao;moto;onibus;outros;tracao_animal;transporte_de_cargas_especiais;trator_maquinas;utilitarios;ilesos;levemente_feridos;moderadamente_feridos;gravemente_feridos;mortos
10/06/2019;10:37:00;1204;com vítima;124;BR-040/RJ;Sul;Colisão Lateral;1;;;1;;;;;;;1;1;;;
10/06/2019;17:47:00;1249;sem vítima;111;BR-040/RJ;Norte;Engavetamento;2;;;;;1;;;;;3;;;;
10/06/2019;19:39:00;1265;sem vítima;63;BR-040/RJ;Sul;Colisão Traseira;1;;1;;;;;;;;2;;;;
10/06/2019;21:27:00;1272;sem vítima;808;BR-040/MG;Sul;Choque - Objeto Fixo;1;;;;;;;;;;1;;;;
10/06/2019;21:54:00;1274;sem vítima;107;BR-040/RJ;Norte;Colisão Lateral;1;;;;1;;;;;;2;;;;
11/06/2019;07:04:00;1305;com vítima;114;BR-040/RJ;Sul;Colisão Lateral;;;;1;1;;;;;;1;1;;;
11/06/2019;13:24:00;1351;com vítima;110;BR-040/RJ;Sul;Colisão Lateral;1;;1;;;;;;;;1;1;;;
11/06/2019;22:34:00;1403;com vítima;113;BR-040/RJ;Norte;Queda de Moto;;;;1;1;;;;;;1;1;;;
12/06/2019;07:51:00;1435;com vítima;108;BR-040/RJ;Norte;Queda de Moto;;;;1;;;;;;;0;1;;;
12/06/2019;08:01:00;1438;sem vítima;79;BR-040/RJ;Norte;Choque - Objeto Fixo;1;;;;;;;;;;1;;;;
12/06/2019;12:24:00;1465;sem vítima;83;BR-040/RJ;Norte;Colisão Lateral;2;;;;;;;;;;2;;;;
12/06/2019;18:20:00;1509;com vítima;110;BR-040/RJ;Norte;Colisão Traseira;;;;1;;1;;;;;1;2;;;
13/06/2019;08:44:00;1567;sem vítima;123;BR-040/RJ;Sul;Colisão Lateral;1;;;;;1;;;;;2;;;;
13/06/2019;09:51:00;1573;sem vítima;81;BR-040/RJ;Sul;Colisão Traseira;2;;;;;;;;;;2;;;;
13/06/2019;13:38:00;1596;com vítima;777;BR-040/MG;Sul;Colisão Lateral;;;1;1;;;;;;;1;1;;;
13/06/2019;15:48:00;1610;com vítima;66;BR-040/RJ;Sul;Queda de Moto;;;;1;;;;;;;0;1;;;
14/06/2019;07:34:00;1675;com vítima;57;BR-040/RJ;Norte;Colisão Traseira;;;1;1;;;;;;;0;1;1;;
14/06/2019;18:09:00;1769;com vítima;121;BR-040/RJ;Norte;Engavetamento;3;;1;;;;;;;;2;3;;;
14/06/2019;19:42:00;1776;sem vítima;121;BR-040/RJ;Norte;Engavetamento;3;;;;;;;;;;3;;;;
15/06/2019;06:58:00;1807;sem vítima;121;BR-040/RJ;Norte;Colisão Lateral;2;;;;;;;;;;2;;;;
15/06/2019;07:06:00;1809;sem vítima;78;BR-040/RJ;Sul;Choque - Objeto Fixo;1;;;;;;;;;;1;;;;
15/06/2019;07:10:00;1812;com vítima;78;BR-040/RJ;Sul;Colisão Traseira;;;2;;;;;;;;0;2;;;
15/06/2019;08:25:00;1821;sem vítima;792;BR-040/MG;Norte;Choque - Objeto Fixo;1;;;;;;;;;;1;;;;
15/06/2019;09:17:00;1829;com vítima;6;BR-040/RJ;Sul;Queda de Moto;;;;1;;;;;;;0;1;;;
15/06/2019;10:01:00;1834;sem vítima;109;BR-040/RJ;Norte;Colisão Traseira;;;1;;;1;;;;;2;;;;
15/06/2019;14:14:00;1853;sem vítima;99;BR-040/RJ;Norte;Colisão Traseira;1;;1;;;;;;;;2;;;;
15/06/2019;16:22:00;1867;com vítima;84;BR-040/RJ;Sul;Queda de Moto;2;;;;;;;;;;0;1;1;;
15/06/2019;23:25:00;1893;com vítima;799;BR-040/MG;Norte;Queda de Moto;;;;1;;;;;;;0;1;;;
16/06/2019;04:06:00;1906;com vítima;784;BR-040/MG;Norte;Choque - Objeto Fixo;1;;;;;;;;;;0;1;1;;
16/06/2019;06:30:00;1913;sem vítima;92;BR-040/RJ;Norte;Choque - Objeto Fixo;1;;;;;;;;;;1;;;;
16/06/2019;08:27:00;1920;com vítima;816;BR-040/MG;Sul;Colisão Lateral;1;;1;;;;;;;;0;7;;;
16/06/2019;13:12:00;1953;com vítima;120;BR-040/RJ;Norte;Choque - Objeto Fixo;1;;;;;;;;;;0;;;1;
16/06/2019;16:39:00;1980;sem vítima;82;BR-040/RJ;Norte;Choque - Objeto Fixo;1;;;;;;;;;;1;;;;
16/06/2019;16:39:00;1981;com vítima;55;BR-040/RJ;Sul;Colisão Traseira;2;;;;;;;;;;0;8;;;
16/06/2019;20:00:00;2003;sem vítima;806;BR-040/MG;Norte;Atropelamento - Animal;1;;;;;;;;;;1;;;;
16/06/2019;20:39:00;2007;sem vítima;37;BR-040/RJ;Norte;Queda de Moto;;;;1;;;;;;;1;;;;
16/06/2019;22:16:00;2013;com vítima;54;BR-040/RJ;Norte;Queda de Moto;;;;1;;;;;;;0;;1;;
17/06/2019;01:03:00;2024;com vítima;112;BR-040/RJ;Sul;Capotamento;1;;;;;;;;;;0;3;;;
17/06/2019;05:00:00;2030;com vítima;782;BR-040/MG;Norte;Queda de Moto;;;;1;;;;;;;0;;1;;
17/06/2019;05:40:00;2034;sem vítima;113;BR-040/RJ;Sul;Colisão Traseira;2;;;;;;;;;;2;;;;
17/06/2019;06:46:00;2042;com vítima;122;BR-040/RJ;Sul;Colisão Traseira;;;1;1;;;;;;;1;1;;;
17/06/2019;07:35:00;2053;sem vítima;61;BR-040/RJ;Norte;Queda de Moto;;;;1;;;;;;;1;;;;
17/06/2019;14:48:00;2111;com vítima;122;BR-040/RJ;Sul;Choque - Objeto Fixo;1;;;;;;;;;;0;2;;;
18/06/2019;04:47:00;2180;sem vítima;82;BR-040/RJ;Sul;Choque - Objeto Fixo;1;;;;;;;;;;1;;;;
18/06/2019;07:40:00;2192;sem vítima;113;BR-040/RJ;Sul;Choque - Objeto Fixo;1;;;;;1;;;;;2;;;;
18/06/2019;10:14:00;2209;sem vítima;125;BR-040/RJ;Norte;Colisão Traseira;1;;;;;1;;;;;2;;;;
18/06/2019;14:36:00;2243;com vítima;31;BR-040/RJ;Sul;Choque - Objeto Fixo;1;;;;;;;;;;0;1;;;
18/06/2019;17:08:00;2265;sem vítima;94;BR-040/RJ;Norte;Colisão Lateral;1;;1;;;;;;;;2;;;;
19/06/2019;00:57:00;2299;sem vítima;123;BR-040/RJ;Sul;Choque - Objeto Fixo;;;1;;;;;;;;1;;;;
19/06/2019;03:25:00;2306;sem vítima;37;BR-040/RJ;Norte;Atropelamento - Animal;1;;;;;;;;;;1;;;;
19/06/2019;03:55:00;2310;sem vítima;62;BR-040/RJ;Norte;Choque - Objeto Fixo;1;;;;;;;;;;1;;;;
19/06/2019;11:36:00;2345;sem vítima;124;BR-040/RJ;Sul;Colisão Lateral;;;2;;;;;;;;2;;;;
19/06/2019;18:07:00;2393;sem vítima;105;BR-040/RJ;Norte;Colisão Traseira;1;;1;;;;;;;;2;;;;
19/06/2019;18:32:00;2401;sem vítima;117;BR-040/RJ;Norte;Engavetamento;3;;;;;;;;;;3;;;;
19/06/2019;19:09:00;2403;com vítima;89;BR-040/RJ;Sul;Queda de Moto;;;1;1;;;;;;;0;2;;;
19/06/2019;19:12:00;2404;sem vítima;111;BR-040/RJ;Norte;Colisão Traseira;2;;;;;;;;;;2;;;;
20/06/2019;02:36:00;2444;sem vítima;808;BR-040/MG;Norte;Choque - Objeto Fixo;1;;;;;;;;;;1;;;;
20/06/2019;08:25:00;2466;sem vítima;77;BR-040/RJ;Sul;Choque - Objeto Fixo;1;;;;;;;;;;1;;;;
20/06/2019;11:56:00;2513;com vítima;119;BR-040/RJ;Norte;Queda de Moto;;;;1;;;;;;;0;2;;;
20/06/2019;18:59:00;2561;sem vítima;123;BR-040/RJ;Sul;Choque - Objeto Fixo;1;;;;;;;;;;1;;;;
20/06/2019;22:10:00;2573;sem vítima;113;BR-040/RJ;Norte;Derrapagem;1;;;;;;;;;;1;;;;
20/06/2019;22:57:00;2575;sem vítima;84;BR-040/RJ;Norte;Choque - Objeto Fixo;1;;;;;;;;;;1;;;;
21/06/2019;07:27:00;2594;sem vítima;91;BR-040/RJ;Sul;Choque - Objeto Fixo;1;;;;;;;;;;1;;;;
21/06/2019;07:35:00;2596;sem vítima;84;BR-040/RJ;Sul;Colisão Traseira;1;;1;;;;;;;;2;;;;
21/06/2019;08:30:00;2598;com vítima;72;BR-040/RJ;Norte;Choque - Objeto Fixo;1;;;;;;;;;;0;1;;;
21/06/2019;09:00:00;2602;com vítima;92;BR-040/RJ;Norte;Capotamento;1;;;;;;;;;;0;2;;;
21/06/2019;09:08:00;2604;com vítima;92;BR-040/RJ;Norte;Choque - Objeto Fixo;1;;;;;;;;;;0;1;;;
21/06/2019;09:09:00;2605;com vítima;72;BR-040/RJ;Norte;Capotamento;1;;;;;;;;;;0;1;;;
21/06/2019;09:18:00;2608;sem vítima;78;BR-040/RJ;Sul;Choque - Objeto Fixo;1;;;;;;;;;;1;;;;
21/06/2019;10:03:00;2614;sem vítima;91;BR-040/RJ;Norte;Colisão Lateral;1;;;;1;;;;;;2;;;;
21/06/2019;14:11:00;2651;sem vítima;111;BR-040/RJ;Sul;Colisão Lateral;1;;;;1;;;;;;2;;;;
21/06/2019;17:43:00;2680;sem vítima;111;BR-040/RJ;Norte;Engavetamento;5;;;;;;;;;;5;;;;
21/06/2019;18:19:00;2684;sem vítima;62;BR-040/RJ;Norte;Colisão Lateral;1;;;1;;;;;;;2;;;;
21/06/2019;23:41:00;2723;sem vítima;116;BR-040/RJ;Norte;Colisão Lateral;2;;;;;;;;;;2;;;;
22/06/2019;05:35:00;2743;com vítima;54;BR-040/RJ;Sul;Tombamento;1;;;;;;;;;;0;1;;;
22/06/2019;05:47:00;2744;sem vítima;54;BR-040/RJ;Sul;Choque - Objeto Fixo;;;1;;;;;;;;1;;;;
22/06/2019;06:20:00;2747;com vítima;2;BR-040/RJ;Norte;Choque - Objeto Fixo;1;;;;;;;;;;0;1;;;
22/06/2019;12:02:00;2778;sem vítima;102;BR-040/RJ;Norte;Colisão Traseira;2;;;;;;;;;;2;;;;
22/06/2019;12:24:00;2782;sem vítima;104;BR-040/RJ;Norte;Colisão Traseira;2;;;;;;;;;;2;;;;
22/06/2019;17:52:00;2825;com vítima;41;BR-040/RJ;Sul;Atropelamento - Pedestre;1;;;;;1;;;;;1;1;;;
22/06/2019;20:07:00;2836;com vítima;118;BR-040/RJ;Norte;Tombamento;;;1;;;1;;;;;1;1;;;
22/06/2019;22:15:00;2846;sem vítima;102;BR-040/RJ;Sul;Choque - Objeto Fixo;1;;;;1;;;;;;2;;;;
22/06/2019;22:54:00;2850;com vítima;78;BR-040/RJ;Sul;Capotamento;1;;;;;;;;;;0;1;;;
23/06/2019;07:40:00;2875;sem vítima;120;BR-040/RJ;Sul;Choque - Objeto Fixo;1;;;;;;;;;;1;;;;
23/06/2019;08:05:00;2878;sem vítima;119;BR-040/RJ;Norte;Capotamento;1;;;;;;;;;;1;;;;
23/06/2019;11:23:00;2903;sem vítima;99;BR-040/RJ;Norte;Choque - Objeto Fixo;1;;;;;;;;;;1;;;;
23/06/2019;11:51:00;2910;com vítima;123;BR-040/RJ;Sul;Colisão Traseira;;;;1;;1;;;;;1;1;;;
23/06/2019;18:41:00;2973;com vítima;103;BR-040/RJ;Sul;Colisão Lateral;1;;;1;;;;;;;1;1;;;
23/06/2019;19:16:00;2979;sem vítima;94;BR-040/RJ;Sul;Choque - Objeto Fixo;;;1;;;;;;;;1;;;;
24/06/2019;02:15:00;3007;com vítima;120;BR-040/RJ;Norte;Capotamento;1;;;;;;;;;;0;3;;;1
24/06/2019;07:54:00;3022;com vítima;96;BR-040/RJ;Sul;Tombamento;;;1;;;;;;;;0;;1;;
24/06/2019;13:04:00;3056;sem vítima;91;BR-040/RJ;Norte;Queda de Moto;;;;1;;;;;;;1;;;;
24/06/2019;16:21:00;3081;com vítima;81;BR-040/RJ;Norte;Capotamento;1;;;;;;;;;;0;2;;;
24/06/2019;21:11:00;3112;com vítima;108;BR-040/RJ;Norte;Choque - Objeto Fixo;1;;;;;;;;;;0;1;;;
24/06/2019;21:54:00;3118;com vítima;108;BR-040/RJ;Norte;Derrapagem;;;;1;;;;;;;0;2;;;
25/06/2019;06:44:00;3145;sem vítima;109;BR-040/RJ;Norte;Derrapagem;1;;;;;;;;;;1;;;;
25/06/2019;07:11:00;3148;sem vítima;78;BR-040/RJ;Sul;Choque - Objeto Fixo;1;;;;;;;;;;1;;;;
25/06/2019;07:15:00;3149;com vítima;784;BR-040/MG;Norte;Colisão Traseira;1;1;;;;;;;;;1;;1;;
25/06/2019;10:14:00;3165;sem vítima;124;BR-040/RJ;Sul;Colisão Traseira;2;;;;;;;;;;2;;;;
25/06/2019;15:20:00;3205;sem vítima;74;BR-040/RJ;Norte;Choque - Objeto Fixo;1;;;;;;;;;;1;;;;
25/06/2019;15:46:00;3207;sem vítima;101;BR-040/RJ;Norte;Colisão Traseira;1;;1;;;;;;;;2;;;;
25/06/2019;21:42:00;3254;com vítima;101;BR-040/RJ;Norte;Colisão Frontal;1;;;1;;;;;;;0;1;;;1
26/06/2019;11:14:00;3318;sem vítima;80;BR-040/RJ;Sul;Queda de Moto;;;;1;;;;;;;1;;;;
26/06/2019;15:36:00;3354;com vítima;784;BR-040/MG;Sul;Colisão Lateral;1;;;1;;;;;;;1;1;;;
26/06/2019;15:52:00;3359;com vítima;72;BR-040/RJ;Norte;Tombamento;1;;1;;;1;;;;;1;3;;;
26/06/2019;18:46:00;3388;sem vítima;57;BR-040/RJ;Sul;Choque - Objeto Fixo;;;1;;;;;;;;1;;;;
27/06/2019;10:50:00;3464;com vítima;119;BR-040/RJ;Sul;Atropelamento - Pedestre;;;;1;;1;;;;;0;2;;;
27/06/2019;11:00:00;3468;sem vítima;91;BR-040/RJ;Norte;Colisão Lateral;1;;1;;;;;;;;2;;;;
27/06/2019;13:45:00;3491;sem vítima;99;BR-040/RJ;Norte;Colisão Lateral;;;2;;;;;;;;2;;;;
27/06/2019;18:00:00;3515;com vítima;110;BR-040/RJ;Norte;Colisão Traseira;1;;;1;;;;;;;1;;1;;
28/06/2019;01:44:00;3560;com vítima;112;BR-040/RJ;Norte;Choque - Objeto Fixo;;;1;;;;;;;;0;1;;;
28/06/2019;09:11:00;3584;com vítima;92;BR-040/RJ;Sul;Queda de Moto;;;;1;;;;;;;0;2;;;
28/06/2019;10:52:00;3597;sem vítima;89;BR-040/RJ;Norte;Colisão Lateral;1;;1;;;;;;;;2;;;;
28/06/2019;13:55:00;3619;sem vítima;113;BR-040/RJ;Sul;Choque - Objeto Fixo;1;;;;;;;;;;1;;;;
28/06/2019;14:44:00;3623;com vítima;119;BR-040/RJ;Sul;Colisão Traseira;1;;;1;;;;;;;1;1;;;
28/06/2019;14:48:00;3624;sem vítima;94;BR-040/RJ;Norte;Engavetamento;3;;;;;;;;;;3;;;;
28/06/2019;14:53:00;3626;sem vítima;117;BR-040/RJ;Sul;Choque - Objeto Fixo;1;;;;;;;;;;1;;;;
28/06/2019;17:32:00;3651;com vítima;105;BR-040/RJ;Norte;Colisão Transversal;;1;;1;;;;;;;0;2;;;
28/06/2019;20:34:00;3674;sem vítima;74;BR-040/RJ;Norte;Colisão Traseira;1;;1;;;;;;;;2;;;;
29/06/2019;01:16:00;3694;sem vítima;778;BR-040/MG;Sul;Choque - Objeto Fixo;1;;;;;;;;;;1;;;;
29/06/2019;06:27:00;3706;sem vítima;802;BR-040/MG;Sul;Choque - Objeto Fixo;1;;;;;1;;;;;2;;;;
29/06/2019;06:36:00;3707;com vítima;43;BR-040/RJ;Norte;Choque - Objeto Fixo;1;;;;;;;;;;0;1;;;
29/06/2019;17:36:00;3806;sem vítima;122;BR-040/RJ;Norte;Colisão Lateral;1;;1;;;;;;;;2;;;;
29/06/2019;17:44:00;3807;sem vítima;79;BR-040/RJ;Norte;Colisão Lateral;2;;;;;;;;;;2;;;;
30/06/2019;14:43:00;3911;com vítima;823;BR-040/MG;Sul;Colisão Traseira;2;;;;;;;;;;0;7;;;
30/06/2019;15:36:00;3923;sem vítima;82;BR-040/RJ;Norte;Choque - Objeto Fixo;1;;;;;;;;;;1;;;;
30/06/2019;16:28:00;3932;com vítima;100;BR-040/RJ;Sul;Choque - Objeto Fixo;1;;;;;;;;;;0;1;1;;
01/07/2019;08:12:00;23;sem vítima;122;BR-040/RJ;Sul;Colisão Traseira;2;;;;;1;;;;;3;;;;
01/07/2019;09:52:00;35;com vítima;112;BR-040/RJ;Sul;Queda de Moto;;;;1;;1;;;;;1;1;;;
01/07/2019;11:28:00;48;com vítima;122;BR-040/RJ;Norte;Atropelamento - Pedestre;1;;;;;1;;;;;1;;1;;
01/07/2019;13:28:00;60;com vítima;123;BR-040/RJ;Sul;Colisão Traseira;;;1;1;;;;;;;1;;;1;
01/07/2019;14:20:00;68;sem vítima;83;BR-040/RJ;Norte;Colisão Lateral;;;1;1;;;;;;;2;;;;
01/07/2019;15:10:00;76;com vítima;60;BR-040/RJ;Sul;Choque - Objeto Fixo;1;;1;;;;;;;;1;2;1;;
01/07/2019;22:30:00;126;com vítima;121;BR-040/RJ;Norte;Capotamento;1;;;;;;;;;;0;1;;;
02/07/2019;00:20:00;133;com vítima;21;BR-040/RJ;Norte;Tombamento;;;1;;;;;;;;0;;1;;
02/07/2019;16:37:00;236;com vítima;96;BR-040/RJ;Norte;Tombamento;1;;1;;;1;;;;;2;1;;;
02/07/2019;18:19:00;250;sem vítima;114;BR-040/RJ;Norte;Colisão Traseira;2;;;;;;;;;;2;;;;
03/07/2019;08:16:00;305;com vítima;96;BR-040/RJ;Sul;Colisão Traseira;;;2;;;;;;;;0;4;;;
03/07/2019;09:12:00;311;sem vítima;789;BR-040/MG;Sul;Colisão Lateral;2;;;;;;;;;;2;;;;
03/07/2019;12:06:00;325;sem vítima;122;BR-040/RJ;Sul;Colisão Traseira;3;;;;;;;;;;3;;;;
03/07/2019;16:01:00;355;com vítima;124;BR-040/RJ;Norte;Queda de Moto;;;;1;;;;;;;0;;1;;
03/07/2019;17:21:00;362;sem vítima;89;BR-040/RJ;Norte;Colisão Lateral;2;;;;;;;;;;2;;;;
03/07/2019;21:10:00;386;com vítima;822;BR-040/MG;Norte;Colisão Traseira;;;2;;;;;;;;0;2;;;
04/07/2019;04:56:00;414;com vítima;118;BR-040/RJ;Sul;Colisão Lateral;;;;1;;1;;;;;1;;1;;
04/07/2019;08:10:00;430;com vítima;120;BR-040/RJ;Sul;Colisão Lateral;1;;;1;;;;;;;1;2;;;
04/07/2019;08:56:00;438;sem vítima;113;BR-040/RJ;Norte;Colisão Lateral;1;;;;1;;;;;;2;;;;
04/07/2019;09:22:00;445;com vítima;113;BR-040/RJ;Sul;Capotamento;1;;;;;;;;;;0;3;1;;
04/07/2019;11:02:00;452;com vítima;85;BR-040/RJ;Sul;Queda de Moto;;;;1;;;;;;;0;1;;;
04/07/2019;11:38:00;460;sem vítima;61;BR-040/RJ;Sul;Colisão Traseira;2;;;;;;;;;;2;;;;
04/07/2019;18:38:00;523;com vítima;121;BR-040/RJ;Sul;Colisão Frontal;;1;;;1;;;;;;1;;1;;
04/07/2019;23:10:00;548;sem vítima;119;BR-040/RJ;Sul;Choque - Objeto Fixo;1;;;;;;;;;;1;;;;
05/07/2019;00:23:00;552;sem vítima;121;BR-040/RJ;Sul;Choque - Objeto Fixo;1;;;;;;;;;;1;;;;
05/07/2019;01:10:00;555;sem vítima;95;BR-040/RJ;Sul;Choque - Objeto Fixo;1;;;;;;;;;;1;;;;
05/07/2019;05:18:00;567;sem vítima;91;BR-040/RJ;Norte;Choque - Objeto Fixo;1;;;;;;;;;;1;;;;
05/07/2019;06:07:00;568;com vítima;119;BR-040/RJ;Sul;Colisão Lateral;1;;;1;;;;;;;1;2;;;
05/07/2019;06:50:00;571;sem vítima;56;BR-040/RJ;Sul;Capotamento;1;;;;;;;;;;1;;;;
05/07/2019;06:55:00;572;sem vítima;72;BR-040/RJ;Norte;Capotamento;1;;;;;;;;;;1;;;;
05/07/2019;07:09:00;573;com vítima;783;BR-040/MG;Norte;Capotamento;1;;;;;;;;;;0;1;;;
05/07/2019;07:31:00;576;com vítima;84;BR-040/RJ;Sul;Colisão Traseira;4;;1;;;1;;;;;1;8;;;
05/07/2019;09:39:00;593;sem vítima;77;BR-040/RJ;Sul;Choque - Objeto Fixo;1;;;;;;;;;;1;;;;
05/07/2019;10:26:00;595;sem vítima;82;BR-040/RJ;Sul;Colisão Traseira;1;;1;;;;;;;;2;;;;
05/07/2019;10:41:00;601;sem vítima;75;BR-040/RJ;Sul;Choque - Objeto Fixo;1;;;;;;;;;;1;;;;
05/07/2019;10:51:00;602;sem vítima;92;BR-040/RJ;Sul;Choque - Objeto Fixo;1;;;;;;;;;;1;;;;
05/07/2019;11:13:00;604;sem vítima;77;BR-040/RJ;Sul;Choque - Objeto Fixo;1;;;;;;;;;;1;;;;
05/07/2019;13:17:00;622;sem vítima;90;BR-040/RJ;Sul;Choque - Objeto Fixo;1;;;;;;;;;;1;;;;
05/07/2019;13:40:00;629;sem vítima;92;BR-040/RJ;Sul;Choque - Objeto Fixo;1;;;;;;;;;;1;;;;
05/07/2019;14:08:00;633;sem vítima;38;BR-040/RJ;Norte;Choque - Objeto Fixo;1;;;;;;;;;;1;;;;
05/07/2019;14:18:00;634;com vítima;41;BR-040/RJ;Norte;Choque - Objeto Fixo;1;;;;;;;;;;0;;1;;
05/07/2019;14:27:00;635;sem vítima;94;BR-040/RJ;Sul;Choque - Objeto Fixo;1;;;;;;;;;;1;;;;
05/07/2019;14:33:00;638;sem vítima;90;BR-040/RJ;Norte;Choque - Objeto Fixo;1;;;;;;;;;;1;;;;
05/07/2019;14:30:00;650;sem vítima;38;BR-040/RJ;Norte;Colisão Traseira;2;;;;;;;;;;2;;;;
05/07/2019;15:37:00;655;sem vítima;91;BR-040/RJ;Sul;Choque - Objeto Fixo;1;;;;;;;;;;1;;;;
05/07/2019;16:32:00;660;sem vítima;92;BR-040/RJ;Sul;Choque - Objeto Fixo;1;;;;;;;;;;1;;;;
05/07/2019;16:44:00;661;sem vítima;2;BR-040/RJ;Sul;Choque - Objeto Fixo;1;;;;;;;;;;1;;;;
05/07/2019;16:46:00;662;sem vítima;93;BR-040/RJ;Sul;Choque - Objeto Fixo;1;;;;;;;;;;1;;;;
05/07/2019;16:50:00;665;sem vítima;92;BR-040/RJ;Sul;Choque - Objeto Fixo;1;;;;;;;;;;1;;;;
05/07/2019;16:55:00;666;sem vítima;1;BR-040/RJ;Norte;Choque - Objeto Fixo;1;;;;;;;;;;1;;;;
05/07/2019;16:56:00;667;sem vítima;823;BR-040/MG;Sul;Choque - Objeto Fixo;1;;;;;;;;;;1;;;;
05/07/2019;17:06:00;669;sem vítima;90;BR-040/RJ;Norte;Choque - Objeto Fixo;1;;;;;;;;;;1;;;;
05/07/2019;17:21:00;670;com vítima;84;BR-040/RJ;Norte;Choque - Objeto Fixo;1;;;;;;;;;;0;;2;;
05/07/2019;17:12:00;671;sem vítima;73;BR-040/RJ;Sul;Choque - Objeto Fixo;1;;;;;;;;;;1;;;;
05/07/2019;17:25:00;672;com vítima;1;BR-040/RJ;Norte;Capotamento;1;;;;;;;;;;0;3;;;
05/07/2019;17:24:00;673;sem vítima;91;BR-040/RJ;Norte;Choque - Objeto Fixo;1;;;;;;;;;;1;;;;
05/07/2019;18:38:00;681;sem vítima;3;BR-040/RJ;Norte;Choque - Objeto Fixo;1;;;;;;;;;;1;;;;
05/07/2019;18:52:00;684;com vítima;105;BR-040/RJ;Sul;Colisão Lateral;1;;;1;;;;;;;0;2;;;
05/07/2019;19:40:00;685;sem vítima;122;BR-040/RJ;Norte;Colisão Traseira;2;;;;;;;;;;2;;;;
05/07/2019;21:39:00;700;com vítima;55;BR-040/RJ;Sul;Choque - Objeto Fixo;1;;;;;;;;;;0;1;;;
05/07/2019;22:16:00;704;sem vítima;86;BR-040/RJ;Norte;Choque - Objeto Fixo;1;;;;;1;;;;;2;;;;
05/07/2019;22:48:00;711;sem vítima;109;BR-040/RJ;Norte;Capotamento;1;;;;;;;;;;1;;;;
05/07/2019;23:43:00;717;com vítima;84;BR-040/RJ;Norte;Queda de Moto;;;;1;;;;;;;0;1;;;
06/07/2019;00:52:00;720;sem vítima;109;BR-040/RJ;Sul;Choque - Objeto Fixo;1;;;;;;;;;;1;;;;
06/07/2019;06:29:00;733;sem vítima;92;BR-040/RJ;Sul;Choque - Objeto Fixo;1;;;;;;;;;;1;;;;
06/07/2019;06:31:00;734;com vítima;784;BR-040/MG;Sul;Queda de Moto;;;;1;;;;;;;0;1;;;
06/07/2019;06:56:00;735;com vítima;99;BR-040/RJ;Sul;Colisão Lateral;1;;1;;;;;;;;1;1;2;;
06/07/2019;07:09:00;739;sem vítima;817;BR-040/MG;Sul;Atropelamento - Animal;1;;;;;;;;;;1;;;;
06/07/2019;07:41:00;744;com vítima;94;BR-040/RJ;Norte;Derrapagem;1;;;;;;;;;;0;1;;;
06/07/2019;11:48:00;773;sem vítima;77;BR-040/RJ;Sul;Choque - Objeto Fixo;1;;;;;;;;;;1;;;;
06/07/2019;12:13:00;776;com vítima;122;BR-040/RJ;Sul;Queda de Moto;;;;1;;1;;;;;1;1;1;;
07/07/2019;01:47:00;854;com vítima;112;BR-040/RJ;Norte;Capotamento;1;;;;;;;;;;1;1;;;
07/07/2019;05:57:00;861;sem vítima;823;BR-040/MG;Norte;Choque - Objeto Fixo;1;;;;;;;;;;1;;;;
07/07/2019;20:18:00;944;com vítima;124;BR-040/RJ;Sul;Colisão Traseira;2;;;;;;;;;;0;6;2;;
07/07/2019;23:13:00;954;com vítima;83;BR-040/RJ;Sul;Capotamento;1;;;;;;;;;;0;7;;;
08/07/2019;05:51:00;968;sem vítima;98;BR-040/RJ;Sul;Colisão Lateral;;;3;;;;;;;;3;;;;
08/07/2019;08:17:00;977;sem vítima;1;BR-040/RJ;Norte;Choque - Objeto Fixo;1;;;;;;;;;;1;;;;
08/07/2019;09:14:00;981;com vítima;70;BR-040/RJ;Sul;Capotamento;1;;;;;;;;;;0;2;;;
08/07/2019;11:58:00;998;sem vítima;43;BR-040/RJ;Sul;Colisão Lateral;1;;1;;;;;;;;2;;;;
08/07/2019;15:40:00;1018;com vítima;780;BR-040/MG;Norte;Queda de Moto;;;;1;;;;;;;0;1;;;
08/07/2019;15:51:00;1023;com vítima;46;BR-040/RJ;Sul;Choque - Objeto Fixo;1;;;;;;;;;;0;1;;;
08/07/2019;15:57:00;1025;sem vítima;108;BR-040/RJ;Norte;Colisão Lateral;1;;1;;;;;;;;2;;;;
08/07/2019;18:05:00;1044;sem vítima;111;BR-040/RJ;Norte;Colisão Traseira;1;;;;;;;;;;1;;;;
08/07/2019;18:10:00;1045;com vítima;105;BR-040/RJ;Norte;Colisão Lateral;1;;;1;;;;;;;1;1;;;
08/07/2019;19:04:00;1054;com vítima;90;BR-040/RJ;Norte;Queda de Moto;;;;1;;;;;;;0;1;;;
09/07/2019;06:00:00;1094;sem vítima;98;BR-040/RJ;Sul;Choque - Objeto Fixo;1;;;;;;;;;;1;;;;
09/07/2019;06:21:00;1098;sem vítima;121;BR-040/RJ;Norte;Choque - Objeto Fixo;1;;;;;;;;;;1;;;;
09/07/2019;18:44:00;1186;sem vítima;107;BR-040/RJ;Norte;Colisão Traseira;1;;;;;1;;;;;2;;;;
09/07/2019;22:59:00;1206;com vítima;119;BR-040/RJ;Norte;Capotamento;2;;;;;;;;;;0;2;;;