data;horario;n_da_ocorrencia;tipo_de_ocorrencia;km;trecho;sentido;tipo_de_acidente;automovel;bicicleta;caminhao;moto;onibus;outros;tracao_animal;transporte_de_cargas_especiais;trator_maquinas;utilitarios;ilesos;levemente_feridos;moderadamente_feridos;gravemente_feridos;mortos
10/07/2019;07:25:00;1237;sem vítima;119;BR-040/RJ;Norte;Choque - Objeto Fixo;1;;;;;;;;;;1;;;;
10/07/2019;13:03:00;1276;sem vítima;105;BR-040/RJ;Sul;Queda de Moto;;;;1;;;;;;;1;;;;
10/07/2019;13:12:00;1278;sem vítima;782;BR-040/MG;Norte;Colisão Lateral;1;;1;;;;;;;;2;;;;
10/07/2019;15:40:00;1298;com vítima;114;BR-040/RJ;Norte;Queda de Moto;;;;1;;;;;;;0;2;;;
11/07/2019;08:38:00;1389;com vítima;78;BR-040/RJ;Sul;Choque - Objeto Fixo;1;;;;;;;;;;0;1;;;
11/07/2019;08:49:00;1393;com vítima;105;BR-040/RJ;Sul;Choque - Objeto Fixo;1;;;;;;;;;;0;1;;;
11/07/2019;09:39:00;1401;com vítima;68;BR-040/RJ;Sul;Choque - Objeto Fixo;1;;;;;;;;;;0;1;;;
11/07/2019;09:35:00;1402;sem vítima;105;BR-040/RJ;Sul;Queda de Moto;;;;1;;;;;;;1;;;;
11/07/2019;16:56:00;1456;sem vítima;3;BR-040/RJ;Norte;Colisão Lateral;2;;;;;;;;;;2;;;;
11/07/2019;18:46:00;1467;com vítima;810;BR-040/MG;Sul;Colisão Lateral;1;;1;;;;;;;;1;1;;;
11/07/2019;19:02:00;1469;com vítima;107;BR-040/RJ;Norte;Colisão Traseira;1;1;;;;;;;;;1;1;;;
12/07/2019;07:02:00;1500;sem vítima;790;BR-040/MG;Sul;Choque - Objeto Fixo;1;;;;;;;;;;1;;;;
12/07/2019;07:42:00;1505;com vítima;122;BR-040/RJ;Sul;Colisão Traseira;;;1;1;;;;;;;1;;1;1;
12/07/2019;07:42:00;1520;sem vítima;122;BR-040/RJ;Sul;Colisão Lateral;;;1;1;;;;;;;2;;;;
12/07/2019;16:58:00;1592;sem vítima;78;BR-040/RJ;Sul;Choque - Objeto Fixo;1;;;;;;;;;;1;;;;
12/07/2019;17:19:00;1595;com vítima;59;BR-040/RJ;Sul;Choque - Objeto Fixo;1;;;;;;;;;;0;;2;1;
12/07/2019;19:20:00;1613;com vítima;107;BR-040/RJ;Sul;Atropelamento - Pedestre;;;;;;2;;;;;1;;1;;
12/07/2019;21:28:00;1630;sem vítima;115;BR-040/RJ;Sul;Choque - Objeto Fixo;1;;;;;;;;;;1;;;;
12/07/2019;21:58:00;1633;sem vítima;56;BR-040/RJ;Norte;Objeto lançado contra veículo;2;;1;;;;;;;;3;;;;
13/07/2019;00:52:00;1640;com vítima;116;BR-040/RJ;Sul;Choque - Objeto Fixo;1;;;;;;;;;;0;;;1;
13/07/2019;08:17:00;1665;com vítima;65;BR-040/RJ;Norte;Queda de Moto;1;;;1;;;;;;;1;1;;;
13/07/2019;10:16:00;1678;sem vítima;78;BR-040/RJ;Sul;Choque - Objeto Fixo;1;;;;;;;;;;1;;;;
13/07/2019;11:44:00;1687;com vítima;114;BR-040/RJ;Norte;Engavetamento;3;;;;;;;;;;2;5;;;
14/07/2019;09:00:00;1793;com vítima;111;BR-040/RJ;Norte;Colisão Traseira;2;;;;;;;;;;5;2;1;;
14/07/2019;09:48:00;1798;com vítima;122;BR-040/RJ;Norte;Colisão Traseira;1;;1;;;;;;;;1;1;;;
14/07/2019;16:35:00;1850;sem vítima;798;BR-040/MG;Sul;Choque - Objeto Fixo;1;;;;;;;;;;1;;;;
14/07/2019;18:26:00;1865;sem vítima;102;BR-040/RJ;Norte;Colisão Traseira;2;;;;;;;;;;2;;;;
15/07/2019;11:10:00;1928;sem vítima;14;BR-040/RJ;Sul;Tombamento;1;;;;;;;;;;1;;;;
15/07/2019;17:50:00;1972;sem vítima;111;BR-040/RJ;Norte;Engavetamento;1;;;1;;1;;;;;3;;;;
15/07/2019;18:57:00;1979;sem vítima;61;BR-040/RJ;Norte;Colisão Lateral;1;;;;1;;;;;;2;;;;
15/07/2019;19:02:00;1980;sem vítima;113;BR-040/RJ;Norte;Colisão Traseira;2;;;;;;;;;;2;;;;
15/07/2019;21:31:00;1998;com vítima;121;BR-040/RJ;Norte;Atropelamento - Pedestre;;;;1;;1;;;;;0;1;;1;
16/07/2019;08:41:00;2017;sem vítima;125;BR-040/RJ;Sul;Choque - Objeto Fixo;1;;;;;;;;;;1;;;;
16/07/2019;14:41:00;2053;sem vítima;90;BR-040/RJ;Norte;Choque - Objeto Fixo;1;;;;;;;;;;1;;;;
16/07/2019;14:38:00;2055;sem vítima;31;BR-040/RJ;Sul;Choque - Objeto Fixo;1;;;;;;;;;;1;;;;
16/07/2019;14:47:00;2056;sem vítima;60;BR-040/RJ;Norte;Choque - Objeto Fixo;1;;;;;;;;;;1;;;;
16/07/2019;15:13:00;2062;sem vítima;98;BR-040/RJ;Sul;Choque - Objeto Fixo;1;;;;;;;;;;1;;;;
16/07/2019;16:37:00;2072;sem vítima;99;BR-040/RJ;Norte;Choque - Objeto Fixo;1;;;;;;;;;;1;;;;
16/07/2019;16:40:00;2073;sem vítima;92;BR-040/RJ;Sul;Choque - Objeto Fixo;1;;;;;;;;;;1;;;;
16/07/2019;16:41:00;2074;com vítima;83;BR-040/RJ;Norte;Colisão Lateral;2;;;1;;;;;;;0;4;1;;
16/07/2019;16:54:00;2075;com vítima;118;BR-040/RJ;Norte;Engavetamento;2;;1;;;;;;;;2;1;;;
16/07/2019;17:45:00;2082;sem vítima;122;BR-040/RJ;Norte;Colisão Traseira;2;;;;;;;;;;2;;;;
16/07/2019;21:25:00;2105;sem vítima;91;BR-040/RJ;Sul;Choque - Objeto Fixo;1;;;;;;;;;;1;;;;
16/07/2019;21:37:00;2106;sem vítima;93;BR-040/RJ;Sul;Choque - Objeto Fixo;1;;;;;;;;;;1;;;;
16/07/2019;23:34:00;2117;sem vítima;104;BR-040/RJ;Norte;Choque - Objeto Fixo;1;;;;;;;;;;1;;;;
16/07/2019;23:59:00;2122;sem vítima;71;BR-040/RJ;Norte;Objeto lançado contra veículo;1;;;;;;;;;;1;;;;
17/07/2019;07:25:00;2153;sem vítima;66;BR-040/RJ;Sul;Atropelamento - Animal;1;;;;;;;;;;1;;;;
17/07/2019;08:27:00;2163;sem vítima;74;BR-040/RJ;Norte;Choque - Objeto Fixo;1;;;;;;;;;;1;;;;
17/07/2019;08:44:00;2164;com vítima;52;BR-040/RJ;Sul;Queda de Moto;;;;1;;;;;;;0;1;;;
17/07/2019;10:21:00;2181;com vítima;74;BR-040/RJ;Sul;Choque - Objeto Fixo;1;;;;;;;;;;0;1;1;;
17/07/2019;13:23:00;2198;sem vítima;93;BR-040/RJ;Sul;Choque - Objeto Fixo;1;;;;;;;;;;1;;;;
17/07/2019;13:25:00;2199;sem vítima;84;BR-040/RJ;Sul;Choque - Objeto Fixo;1;;;;;;;;;;1;;;;
17/07/2019;13:56:00;2205;sem vítima;92;BR-040/RJ;Sul;Choque - Objeto Fixo;1;;;;;;;;;;1;;;;
17/07/2019;14:16:00;2208;sem vítima;91;BR-040/RJ;Norte;Choque - Objeto Fixo;1;;;;;;;;;;1;;;;
17/07/2019;14:20:00;2210;sem vítima;97;BR-040/RJ;Sul;Choque - Objeto Fixo;1;;;;;;;;;;1;;;;
17/07/2019;16:09:00;2224;com vítima;782;BR-040/MG;Norte;Capotamento;1;;;;;;;;;;0;4;;;
17/07/2019;16:47:00;2229;sem vítima;110;BR-040/RJ;Norte;Engavetamento;3;;;;;;;;;;3;;;;
17/07/2019;18:00:00;2237;com vítima;782;BR-040/MG;Norte;Colisão Traseira;1;;;;;1;;;;;1;3;;;
17/07/2019;19:22:00;2244;com vítima;110;BR-040/RJ;Norte;Engavetamento;2;;;;;1;;;;;2;1;;;
18/07/2019;00:18:00;2259;com vítima;113;BR-040/RJ;Sul;Capotamento;1;;;;;;;;;;0;1;;;
18/07/2019;11:05:00;2303;sem vítima;124;BR-040/RJ;Norte;Colisão Traseira;2;;;;;;;;;;2;;;;
18/07/2019;12:28:00;2318;sem vítima;96;BR-040/RJ;Norte;Colisão Traseira;2;;;;;;;;;;2;;;;
18/07/2019;18:18:00;2364;com vítima;124;BR-040/RJ;Sul;Engavetamento;3;;;;;;;;;;2;1;;;
18/07/2019;23:59:00;2406;com vítima;114;BR-040/RJ;Norte;Choque - Objeto Fixo;1;;;;;;;;;;0;1;;;
19/07/2019;01:20:00;2414;com vítima;113;BR-040/RJ;Sul;Engavetamento;2;;1;;;;;;;;0;2;1;;
19/07/2019;08:00:00;2435;com vítima;113;BR-040/RJ;Sul;Colisão Traseira;2;;1;;;;;;;;2;1;;;
19/07/2019;11:26:00;2461;com vítima;77;BR-040/RJ;Norte;Colisão Traseira;1;;1;;;;;;;;0;3;1;;
19/07/2019;12:08:00;2466;sem vítima;109;BR-040/RJ;Sul;Engavetamento;2;;1;;;;;;;;3;;;;
19/07/2019;15:41:00;2496;sem vítima;99;BR-040/RJ;Norte;Colisão Traseira;2;;;;;;;;;;2;;;;
19/07/2019;17:49:00;2524;sem vítima;121;BR-040/RJ;Norte;Colisão Traseira;2;;;;;;;;;;2;;;;
19/07/2019;18:02:00;2525;sem vítima;116;BR-040/RJ;Norte;Colisão Traseira;2;;;;;;;;;;2;;;;
19/07/2019;19:47:00;2537;com vítima;105;BR-040/RJ;Norte;Atropelamento - Pedestre;;;1;;;1;;;;;1;1;;;
19/07/2019;23:06:00;2552;sem vítima;105;BR-040/RJ;Norte;Colisão Frontal;1;;;1;;;;;;;2;;;;
20/07/2019;03:26:00;2557;com vítima;11;BR-040/RJ;Norte;Derrapagem;1;;;;;;;;;;0;4;;;
20/07/2019;04:00:00;2559;com vítima;112;BR-040/RJ;Sul;Tombamento;;;1;;;1;;;;;1;;1;;
20/07/2019;05:10:00;2562;com vítima;118;BR-040/RJ;Norte;Tombamento;;;1;;;1;;;;;1;1;;;
20/07/2019;07:09:00;2565;com vítima;81;BR-040/RJ;Sul;Colisão Traseira;1;;;;1;;;;;;1;;1;;
20/07/2019;09:40:00;2580;com vítima;111;BR-040/RJ;Sul;Engavetamento;2;;;;;;;;;;1;2;;;
20/07/2019;09:47:00;2581;sem vítima;111;BR-040/RJ;Sul;Colisão Traseira;2;;;;;;;;;;2;;;;
20/07/2019;10:00:00;2583;sem vítima;111;BR-040/RJ;Sul;Colisão Traseira;2;;;;;;;;;;2;;;;
20/07/2019;10:31:00;2587;com vítima;111;BR-040/RJ;Sul;Engavetamento;3;;;;;;;;;;1;4;;;
20/07/2019;13:27:00;2620;com vítima;99;BR-040/RJ;Sul;Choque - Objeto Fixo;1;;;;;;;;;;0;2;;;
20/07/2019;14:22:00;2629;com vítima;113;BR-040/RJ;Sul;Colisão Traseira;2;;;;;;;;;;0;2;;;
20/07/2019;15:10:00;2634;sem vítima;111;BR-040/RJ;Sul;Colisão Traseira;2;;;;;;;;;;2;;;;
20/07/2019;18:25:00;2651;com vítima;102;BR-040/RJ;Norte;Colisão Frontal;1;;;1;;;;;;;0;1;2;;
21/07/2019;03:54:00;2688;sem vítima;784;BR-040/MG;Norte;Choque - Objeto Fixo;1;;;;;;;;;;1;;;;
21/07/2019;03:18:00;2689;sem vítima;113;BR-040/RJ;Sul;Derrapagem;1;;;;;;;;;;1;;;;
21/07/2019;05:35:00;2694;sem vítima;98;BR-040/RJ;Sul;Derrapagem;1;;;;;;;;;;1;;;;
21/07/2019;05:46:00;2696;com vítima;34;BR-040/RJ;Norte;Choque - Objeto Fixo;1;;;;;;;;;;0;1;;;
21/07/2019;16:37:00;2755;sem vítima;69;BR-040/RJ;Sul;Choque - Objeto Fixo;1;;;;;;;;;;1;;;;
21/07/2019;23:55:00;2808;sem vítima;816;BR-040/MG;Norte;Colisão Traseira;2;;;;;;;;;;2;;;;
22/07/2019;02:38:00;2823;com vítima;77;BR-040/RJ;Sul;Capotamento;1;;;;;;;;;;0;1;3;;
22/07/2019;07:47:00;2843;sem vítima;109;BR-040/RJ;Norte;Colisão Traseira;1;;;;1;;;;;;2;;;;
22/07/2019;09:23:00;2857;com vítima;120;BR-040/RJ;Norte;Queda de Moto;;;;1;;;;;;;0;1;;;
22/07/2019;14:31:00;2887;sem vítima;114;BR-040/RJ;Sul;Engavetamento;4;;;;;;;;;;4;;;;
23/07/2019;06:31:00;2969;sem vítima;109;BR-040/RJ;Sul;Engavetamento;2;;;;;;;;;;2;;;;
23/07/2019;07:42:00;2977;sem vítima;123;BR-040/RJ;Sul;Colisão Traseira;2;;;;;;;;;;2;;;;
23/07/2019;08:33:00;2982;sem vítima;109;BR-040/RJ;Sul;Engavetamento;2;;1;;;;;;;;3;;;;
23/07/2019;08:45:00;2985;sem vítima;777;BR-040/MG;Sul;Choque - Objeto Fixo;1;;;;;;;;;;1;;;;
23/07/2019;11:03:00;2999;sem vítima;102;BR-040/RJ;Sul;Colisão Traseira;1;;;;;1;;;;;2;;;;
23/07/2019;18:28:00;3077;sem vítima;25;BR-040/RJ;Sul;Choque - Objeto Fixo;1;;;;;;;;;;1;;;;
24/07/2019;12:54:00;3183;com vítima;117;BR-040/RJ;Norte;Colisão Traseira;2;;;;;;;;;;1;3;2;;
24/07/2019;17:47:00;3218;com vítima;112;BR-040/RJ;Norte;Engavetamento;5;;;;1;;;;;;4;2;;;
24/07/2019;18:56:00;3228;com vítima;124;BR-040/RJ;Sul;Atropelamento - Pedestre;1;;;;;1;;;;;0;1;;;1
25/07/2019;08:58:00;3281;sem vítima;810;BR-040/MG;Norte;Colisão Frontal;2;;;;;;;;;;2;;;;
25/07/2019;12:13:00;3304;sem vítima;124;BR-040/RJ;Sul;Colisão Lateral;1;;1;;;;;;;;2;;;;
25/07/2019;15:22:00;3322;sem vítima;84;BR-040/RJ;Norte;Choque - Objeto Fixo;1;;;;;;;;;;1;;;;
25/07/2019;17:18:00;3346;sem vítima;806;BR-040/MG;Norte;Choque - Objeto Fixo;1;;;;;;;;;;1;;;;
25/07/2019;23:13:00;3375;com vítima;124;BR-040/RJ;Sul;Choque - Objeto Fixo;1;;;;;;;;;;0;1;;;
26/07/2019;06:57:00;3397;com vítima;124;BR-040/RJ;Sul;Colisão Lateral;1;;;1;;;;;;;1;1;;;
26/07/2019;09:39:00;3417;sem vítima;79;BR-040/RJ;Sul;Choque - Objeto Fixo;1;;;;;;;;;;1;;;;
26/07/2019;14:00:00;3464;com vítima;822;BR-040/MG;Norte;Colisão Traseira;1;;;;;1;;;;;1;;1;;
26/07/2019;14:34:00;3465;sem vítima;97;BR-040/RJ;Norte;Colisão Traseira;2;;;;;;;;;;2;;;;
26/07/2019;19:52:00;3520;com vítima;824;BR-040/MG;Sul;Choque - Objeto Fixo;;;1;;;;;;;;0;;1;;
27/07/2019;06:53:00;3550;com vítima;799;BR-040/MG;Sul;Choque - Objeto Fixo;1;;;;;;;;;;0;1;;;
27/07/2019;07:17:00;3553;com vítima;47;BR-040/RJ;Norte;Capotamento;1;;;;;;;;;;0;;2;;
27/07/2019;12:11:00;3586;sem vítima;86;BR-040/RJ;Norte;Colisão Traseira;2;;;;;;;;;;2;;;;
27/07/2019;13:10:00;3592;com vítima;87;BR-040/RJ;Norte;Engavetamento;3;;;;;;;;;;2;3;1;;
27/07/2019;22:15:00;3670;sem vítima;778;BR-040/MG;Sul;Choque - Objeto Fixo;1;;;;;;;;;;1;;;;
28/07/2019;07:48:00;3702;sem vítima;114;BR-040/RJ;Norte;Colisão Traseira;2;;;;;;;;;;2;;;;
28/07/2019;07:24:00;3703;sem vítima;113;BR-040/RJ;Norte;Colisão Lateral;2;;;;;;;;;;2;;;;
28/07/2019;10:28:00;3716;com vítima;77;BR-040/RJ;Sul;Derrapagem;;;;1;;;;;;;0;1;;;
28/07/2019;17:47:00;3776;com vítima;100;BR-040/RJ;Norte;Atropelamento - Pedestre;;;;;;2;;;;;1;1;;;
29/07/2019;05:18:00;3834;com vítima;104;BR-040/RJ;Norte;Colisão Transversal;1;;;1;;;;;;;1;1;;;
29/07/2019;07:09:00;3841;sem vítima;777;BR-040/MG;Norte;Colisão Lateral;2;;;;;;;;;;2;;;;
29/07/2019;12:20:00;3882;com vítima;111;BR-040/RJ;Sul;Engavetamento;3;;;;;;;;;;2;1;;;
29/07/2019;15:08:00;3908;com vítima;62;BR-040/RJ;Sul;Choque - Objeto Fixo;1;;;;;;;;;;0;1;;;
29/07/2019;18:48:00;3937;sem vítima;779;BR-040/MG;Sul;Colisão Traseira;1;;;;1;;;;;;2;;;;
30/07/2019;15:14:00;4030;com vítima;30;BR-040/RJ;Norte;Tombamento;;;1;;;1;;;;;1;1;;;
31/07/2019;02:50:00;4075;sem vítima;77;BR-040/RJ;Sul;Choque - Objeto Fixo;1;;;;;;;;;;1;;;;
31/07/2019;07:03:00;4087;com vítima;806;BR-040/MG;Sul;Colisão Lateral;1;;;1;;;;;;;1;1;;;
31/07/2019;08:15:00;4093;com vítima;118;BR-040/RJ;Sul;Colisão Lateral;;;1;1;;;;;;;1;1;;;
31/07/2019;10:13:00;4103;sem vítima;78;BR-040/RJ;Sul;Choque - Objeto Fixo;1;;;;;;;;;;1;;;;
31/07/2019;10:21:00;4105;sem vítima;124;BR-040/RJ;Sul;Colisão Traseira;2;;;;;;;;;;2;;;;
31/07/2019;12:54:00;4130;sem vítima;803;BR-040/MG;Norte;Colisão Lateral;1;;;;;1;;;;;2;;;;
31/07/2019;15:24:00;4148;com vítima;108;BR-040/RJ;Norte;Tombamento;;;1;;;1;;;;;1;1;;;
31/07/2019;16:59:00;4158;sem vítima;111;BR-040/RJ;Norte;Engavetamento;2;;2;;;;;;;;4;;;;
31/07/2019;17:47:00;4168;sem vítima;111;BR-040/RJ;Sul;Colisão Traseira;2;;;;;;;;;;2;;;;
31/07/2019;19:16:00;4184;com vítima;112;BR-040/RJ;Norte;Queda de Moto;;;;1;;;;;;;0;1;;;
31/07/2019;21:17:00;4196;com vítima;823;BR-040/MG;Norte;Colisão Traseira;;;2;;;;;;;;1;1;;;
01/08/2019;03:19:00;8;com vítima;97;BR-040/RJ;Sul;Tombamento;;;1;;;;;;;;0;1;;;
01/08/2019;12:48:00;54;sem vítima;24;BR-040/RJ;Sul;Choque - Objeto Fixo;1;;;;;;;;;;1;;;;
01/08/2019;14:11:00;66;com vítima;73;BR-040/RJ;Norte;Queda de Moto;;;;1;;;;;;;0;;1;;
01/08/2019;14:24:00;68;com vítima;73;BR-040/RJ;Norte;Choque - Objeto Fixo;1;;;;;;;;;;0;2;;;
01/08/2019;16:00:00;82;sem vítima;773;BR-040/MG;Sul;Colisão Lateral;1;;1;;;;;;;;2;;;;
01/08/2019;16:29:00;88;com vítima;124;BR-040/RJ;Norte;Colisão Lateral;1;;;1;;;;;;;1;;1;;
01/08/2019;17:22:00;96;com vítima;810;BR-040/MG;Norte;Colisão Frontal;2;;;;;;;;;;0;2;;;
01/08/2019;18:02:00;101;sem vítima;110;BR-040/RJ;Norte;Colisão Traseira;1;;;1;;;;;;;2;;;;
01/08/2019;18:12:00;103;com vítima;56;BR-040/RJ;Norte;Choque - Objeto Fixo;1;;;;;;;;;;0;3;;;
01/08/2019;19:19:00;110;com vítima;65;BR-040/RJ;Sul;Colisão Traseira;2;;;;;;;;;;0;2;;;
02/08/2019;11:31:00;176;sem vítima;110;BR-040/RJ;Sul;Colisão Lateral;;;2;;;;;;;;2;;;;
02/08/2019;13:00:00;190;com vítima;120;BR-040/RJ;Norte;Colisão Traseira;2;;;;;;;;;;1;2;;;
02/08/2019;14:56:00;203;sem vítima;85;BR-040/RJ;Norte;Colisão Traseira;2;;;;;;;;;;2;;;;
02/08/2019;16:50:00;229;sem vítima;123;BR-040/RJ;Sul;Colisão Lateral;1;;1;;;;;;;;2;;;;
02/08/2019;17:27:00;240;sem vítima;112;BR-040/RJ;Norte;Colisão Traseira;2;;;;;;;;;;2;;;;
02/08/2019;17:52:00;243;sem vítima;119;BR-040/RJ;Norte;Queda de Moto;;;;1;;;;;;;1;;;;
02/08/2019;20:55:00;279;com vítima;104;BR-040/RJ;Norte;Colisão Frontal;2;;;;;;;;;;0;2;;;
02/08/2019;23:58:00;292;sem vítima;85;BR-040/RJ;Norte;Derrapagem;1;;;;;;;;;;1;;;;
03/08/2019;01:47:00;299;sem vítima;94;BR-040/RJ;Sul;Derrapagem;1;;;;;;;;;;1;;;;
03/08/2019;06:51:00;306;sem vítima;93;BR-040/RJ;Sul;Choque - Objeto Fixo;1;;;;;;;;;;1;;;;
03/08/2019;07:06:00;307;com vítima;121;BR-040/RJ;Sul;Capotamento;1;;;;;;;;;;0;1;;;
03/08/2019;07:27:00;310;sem vítima;93;BR-040/RJ;Sul;Choque - Objeto Fixo;1;;;;;;;;;;1;;;;
03/08/2019;07:44:00;311;sem vítima;75;BR-040/RJ;Sul;Choque - Objeto Fixo;1;;;;;;;;;;1;;;;
03/08/2019;08:28:00;315;sem vítima;80;BR-040/RJ;Norte;Choque - Objeto Fixo;1;;;;;;;;;;1;;;;
03/08/2019;09:05:00;319;sem vítima;92;BR-040/RJ;Norte;Choque - Objeto Fixo;1;;;;;;;;;;1;;;;
03/08/2019;09:25:00;321;sem vítima;92;BR-040/RJ;Norte;Colisão Lateral;2;;;;;;;;;;2;;;;
03/08/2019;09:32:00;323;sem vítima;85;BR-040/RJ;Norte;Choque - Objeto Fixo;1;;;;;;;;;;1;;;;
03/08/2019;09:37:00;324;sem vítima;98;BR-040/RJ;Norte;Choque - Objeto Fixo;1;;;;;;;;;;1;;;;
03/08/2019;09:39:00;325;sem vítima;91;BR-040/RJ;Norte;Choque - Objeto Fixo;1;;;;;;;;;;1;;;;
03/08/2019;09:41:00;326;sem vítima;94;BR-040/RJ;Sul;Choque - Objeto Fixo;1;;;;;;;;;;1;;;;
03/08/2019;10:47:00;337;sem vítima;75;BR-040/RJ;Sul;Choque - Objeto Fixo;1;;;;;;;;;;1;;;;
03/08/2019;11:15:00;338;sem vítima;75;BR-040/RJ;Sul;Choque - Objeto Fixo;1;;;;;;;;;;1;;;;
03/08/2019;11:32:00;340;sem vítima;91;BR-040/RJ;Sul;Choque - Objeto Fixo;1;;;;;;;;;;1;;;;
03/08/2019;11:47:00;343;sem vítima;93;BR-040/RJ;Sul;Choque - Objeto Fixo;1;;;;;;;;;;1;;;;
03/08/2019;11:58:00;345;sem vítima;91;BR-040/RJ;Sul;Choque - Objeto Fixo;1;;;;;;;;;;1;;;;
03/08/2019;12:38:00;348;sem vítima;787;BR-040/MG;Norte;Choque - Objeto Fixo;1;;;;;;;;;;1;;;;
03/08/2019;13:27:00;352;sem vítima;73;BR-040/RJ;Norte;Choque - Objeto Fixo;1;;;;;;;;;;1;;;;
03/08/2019;13:33:00;353;sem vítima;92;BR-040/RJ;Norte;Choque - Objeto Fixo;1;;;;;;;;;;1;;;;
03/08/2019;13:33:00;355;sem vítima;784;BR-040/MG;Sul;Colisão Traseira;2;;;;;;;;;;2;;;;
03/08/2019;14:17:00;356;sem vítima;84;BR-040/RJ;Norte;Choque - Objeto Fixo;1;;;;;;;;;;1;;;;
03/08/2019;15:23:00;365;sem vítima;125;BR-040/RJ;Sul;Colisão Traseira;2;;;;;;;;;;2;;;;
03/08/2019;15:49:00;366;sem vítima;84;BR-040/RJ;Sul;Choque - Objeto Fixo;1;;;;;;;;;;1;;;;
03/08/2019;15:50:00;367;sem vítima;78;BR-040/RJ;Sul;Choque - Objeto Fixo;1;;;;;;;;;;1;;;;
03/08/2019;16:02:00;368;sem vítima;93;BR-040/RJ;Sul;Choque - Objeto Fixo;1;;;;;;;;;;1;;;;
03/08/2019;16:02:00;369;sem vítima;93;BR-040/RJ;Sul;Choque - Objeto Fixo;1;;;;;;;;;;1;;;;
03/08/2019;20:04:00;388;sem vítima;125;BR-040/RJ;Sul;Colisão Lateral;;;1;;1;;;;;;2;;;;
03/08/2019;21:23:00;395;sem vítima;92;BR-040/RJ;Norte;Choque - Objeto Fixo;1;;;;;;;;;;1;;;;
03/08/2019;22:41:00;403;sem vítima;93;BR-040/RJ;Sul;Choque - Objeto Fixo;1;;;;;;;;;;1;;;;
04/08/2019;01:25:00;410;sem vítima;113;BR-040/RJ;Sul;Colisão Traseira;1;;1;;;;;;;;2;;;;
04/08/2019;06:13:00;415;sem vítima;90;BR-040/RJ;Sul;Choque - Objeto Fixo;1;;;;;;;;;;1;;;;
04/08/2019;06:41:00;416;sem vítima;74;BR-040/RJ;Norte;Capotamento;1;;;;;;;;;;1;;;;
04/08/2019;08:43:00;426;com vítima;786;BR-040/MG;Norte;Capotamento;1;;;;;;;;;;0;1;;;
04/08/2019;09:40:00;430;sem vítima;92;BR-040/RJ;Norte;Choque - Objeto Fixo;1;;;;;;;;;;1;;;;
04/08/2019;10:46:00;440;sem vítima;84;BR-040/RJ;Norte;Choque - Objeto Fixo;1;;;;;;;;;;1;;;;
04/08/2019;11:17:00;443;sem vítima;93;BR-040/RJ;Sul;Choque - Objeto Fixo;1;;;;;;;;;;1;;;;
04/08/2019;11:36:00;447;sem vítima;87;BR-040/RJ;Sul;Choque - Objeto Fixo;1;;;;;;;;;;1;;;;
04/08/2019;12:01:00;449;sem vítima;92;BR-040/RJ;Norte;Choque - Objeto Fixo;1;;;;;;;;;;1;;;;
04/08/2019;12:17:00;450;sem vítima;100;BR-040/RJ;Norte;Choque - Objeto Fixo;1;;;;;;;;;;1;;;;
04/08/2019;12:44:00;451;sem vítima;87;BR-040/RJ;Sul;Choque - Objeto Fixo;1;;;;;;;;;;1;;;;
04/08/2019;12:10:00;454;sem vítima;78;BR-040/RJ;Sul;Choque - Objeto Fixo;1;;;;;;;;;;1;;;;
04/08/2019;12:55:00;457;sem vítima;92;BR-040/RJ;Norte;Choque - Objeto Fixo;1;;;;;;;;;;1;;;;
04/08/2019;13:50:00;464;sem vítima;51;BR-040/RJ;Norte;Queda de Moto;;;;1;;;;;;;1;;;;
04/08/2019;14:29:00;468;com vítima;90;BR-040/RJ;Sul;Choque - Objeto Fixo;1;;;;;;;;;;0;4;;;
04/08/2019;14:47:00;469;sem vítima;93;BR-040/RJ;Sul;Choque - Objeto Fixo;1;;;;;;;;;;1;;;;
04/08/2019;14:49:00;470;sem vítima;97;BR-040/RJ;Sul;Choque - Objeto Fixo;1;;;;;;;;;;1;;;;
04/08/2019;14:50:00;471;sem vítima;84;BR-040/RJ;Sul;Choque - Objeto Fixo;1;;;;;;;;;;1;;;;
04/08/2019;15:02:00;473;com vítima;93;BR-040/RJ;Sul;Choque - Objeto Fixo;1;;;;;;;;;;1;1;;;
04/08/2019;15:46:00;479;sem vítima;85;BR-040/RJ;Sul;Choque - Objeto Fixo;1;;;;;;;;;;1;;;;
04/08/2019;15:51:00;480;sem vítima;91;BR-040/RJ;Norte;Choque - Objeto Fixo;1;;;;;;;;;;1;;;;
04/08/2019;17:07:00;493;sem vítima;87;BR-040/RJ;Sul;Choque - Objeto Fixo;1;;;;;;;;;;1;;;;
04/08/2019;17:56:00;496;sem vítima;104;BR-040/RJ;Norte;Choque - Objeto Fixo;1;;;;;;;;;;1;;;;
04/08/2019;18:10:00;498;sem vítima;78;BR-040/RJ;Sul;Choque - Objeto Fixo;1;;;;;;;;;;1;;;;
04/08/2019;18:33:00;501;sem vítima;109;BR-040/RJ;Sul;Colisão Traseira;1;;1;;;;;;;;2;;;;
04/08/2019;18:38:00;502;com vítima;56;BR-040/RJ;Sul;Capotamento;1;;;;;;;;;;0;1;;;