data;horario;n_da_ocorrencia;tipo_de_ocorrencia;km;trecho;sentido;tipo_de_acidente;automovel;bicicleta;caminhao;moto;onibus;outros;tracao_animal;transporte_de_cargas_especiais;trator_maquinas;utilitarios;ilesos;levemente_feridos;moderadamente_feridos;gravemente_feridos;mortos
28/08/2019;12:52:00;3647;sem vítima;109;BR-040/RJ;Norte;Colisão Traseira;1;;;;;1;;;;;2;;;;
29/08/2019;07:10:00;3733;com vítima;80;BR-040/RJ;Sul;Tombamento;;;1;;;1;;;;;1;;1;;
29/08/2019;19:21:00;3836;sem vítima;117;BR-040/RJ;Norte;Choque - Objeto Fixo;1;;;;;;;;;;1;;;;
29/08/2019;22:09:00;3848;com vítima;104;BR-040/RJ;Norte;Atropelamento - Pedestre;1;1;;;;;;;;;1;;1;;
30/08/2019;00:39:00;3857;sem vítima;93;BR-040/RJ;Sul;Colisão Traseira;;;2;;;;;;;;2;;;;
30/08/2019;00:49:00;3860;sem vítima;800;BR-040/MG;Sul;Colisão Traseira;;;2;;;;;;;;2;;;;
30/08/2019;01:02:00;3861;com vítima;822;BR-040/MG;Norte;Colisão Traseira;;;2;;;;;;;;1;1;;;
30/08/2019;07:49:00;3882;com vítima;122;BR-040/RJ;Sul;Engavetamento;2;;;1;;;;;;;2;;1;;
30/08/2019;08:16:00;3887;sem vítima;89;BR-040/RJ;Norte;Colisão Traseira;1;;1;;;;;;;;2;;;;
30/08/2019;15:35:00;3946;com vítima;104;BR-040/RJ;Norte;Colisão Traseira;1;1;;;;;;;;;1;1;;;
30/08/2019;16:04:00;3953;com vítima;96;BR-040/RJ;Sul;Choque - Objeto Fixo;1;;;;;;;;;;0;1;;;
30/08/2019;16:41:00;3960;com vítima;80;BR-040/RJ;Sul;Colisão Traseira;1;;;1;;;;;;;0;2;;;
30/08/2019;17:09:00;3968;sem vítima;118;BR-040/RJ;Norte;Colisão Traseira;2;;;;;;;;;;2;;;;
30/08/2019;19:33:00;3983;sem vítima;108;BR-040/RJ;Norte;Queda de Moto;;;;1;;;;;;;1;;;;
31/08/2019;03:15:00;4025;sem vítima;76;BR-040/RJ;Sul;Choque - Objeto Fixo;1;;;;;;;;;;1;;;;
31/08/2019;08:26:00;4052;com vítima;91;BR-040/RJ;Norte;Queda de Moto;;;;1;;;;;;;0;1;;;
31/08/2019;08:44:00;4057;sem vítima;93;BR-040/RJ;Norte;Queda de Moto;;;;1;;;;;;;1;;;;
31/08/2019;12:59:00;4103;com vítima;45;BR-040/RJ;Sul;Colisão Traseira;;;;1;;1;;;;;1;1;;;
31/08/2019;21:41:00;4193;com vítima;120;BR-040/RJ;Norte;Colisão Transversal;2;;;;;;;;;;1;1;;;
01/09/2019;10:26:00;39;sem vítima;84;BR-040/RJ;Sul;Queda de Moto;;;;1;;;;;;;1;;;;
01/09/2019;13:04:00;51;sem vítima;108;BR-040/RJ;Norte;Colisão Traseira;1;;;1;;;;;;;2;;;;
01/09/2019;14:27:00;56;com vítima;84;BR-040/RJ;Sul;Queda de Moto;;;;1;;;;;;;0;2;;;
01/09/2019;15:43:00;67;com vítima;85;BR-040/RJ;Sul;Queda de Moto;;;;1;;;;;;;0;1;;;
01/09/2019;16:36:00;78;sem vítima;23;BR-040/RJ;Norte;Choque - Objeto Fixo;1;;;;;;;;;;1;;;;
01/09/2019;18:48:00;89;sem vítima;50;BR-040/RJ;Norte;Choque - Objeto Fixo;1;;;;;;;;;;1;;;;
01/09/2019;19:19:00;92;com vítima;775;BR-040/MG;Norte;Atropelamento - Animal;1;;;;;;;;;;0;1;;;
01/09/2019;19:19:00;93;com vítima;775;BR-040/MG;Norte;Atropelamento - Animal;1;;;;;;;;;;0;2;;;
01/09/2019;19:19:00;94;com vítima;775;BR-040/MG;Norte;Atropelamento - Animal;1;;;;;;;;;;0;1;;;
01/09/2019;19:53:00;98;sem vítima;98;BR-040/RJ;Norte;Choque - Objeto Fixo;1;;;;;;;;;;1;;;;
01/09/2019;20:27:00;102;com vítima;115;BR-040/RJ;Sul;Queda de Moto;;;;1;;;;;;;0;1;;;
01/09/2019;20:44:00;103;com vítima;93;BR-040/RJ;Sul;Choque - Objeto Fixo;1;;;;;;;;;;0;3;;;
01/09/2019;20:54:00;105;sem vítima;91;BR-040/RJ;Norte;Choque - Objeto Fixo;1;;;;;;;;;;1;;;;
01/09/2019;21:11:00;106;sem vítima;121;BR-040/RJ;Sul;Choque - Objeto Fixo;1;;;;;;;;;;1;;;;
01/09/2019;22:41:00;112;com vítima;62;BR-040/RJ;Sul;Choque - Objeto Fixo;1;;;;;;;;;;0;1;;;
01/09/2019;23:34:00;118;sem vítima;113;BR-040/RJ;Sul;Choque - Objeto Fixo;2;;;;;;;;;;2;;;;
02/09/2019;00:46:00;123;sem vítima;113;BR-040/RJ;Sul;Derrapagem;1;;;;;;;;;;1;;;;
02/09/2019;04:08:00;138;sem vítima;113;BR-040/RJ;Sul;Choque - Objeto Fixo;1;;;;;;;;;;1;;;;
02/09/2019;05:34:00;147;sem vítima;113;BR-040/RJ;Norte;Choque - Objeto Fixo;2;;;;;;;;;;2;;;;
02/09/2019;05:51:00;149;sem vítima;85;BR-040/RJ;Norte;Choque - Objeto Fixo;1;;;;;;;;;;1;;;;
02/09/2019;06:11:00;151;com vítima;34;BR-040/RJ;Norte;Choque - Objeto Fixo;1;;;;;;;;;;0;1;;;
02/09/2019;06:41:00;155;sem vítima;52;BR-040/RJ;Norte;Choque - Objeto Fixo;1;;;;;;;;;;1;;;;
02/09/2019;07:54:00;160;com vítima;92;BR-040/RJ;Sul;Choque - Objeto Fixo;1;;;;;;;;;;0;1;;;
02/09/2019;07:59:00;163;com vítima;122;BR-040/RJ;Sul;Colisão Lateral;;;1;1;;;;;;;1;;1;;
02/09/2019;08:02:00;165;com vítima;91;BR-040/RJ;Norte;Queda de Moto;;;;1;;;;;;;0;1;;;
02/09/2019;08:09:00;168;com vítima;91;BR-040/RJ;Norte;Choque - Objeto Fixo;1;;;;;;;;;;0;3;;;
02/09/2019;08:10:00;169;com vítima;91;BR-040/RJ;Sul;Choque - Objeto Fixo;1;;;;;;;;;;0;1;;;
02/09/2019;08:31:00;176;sem vítima;84;BR-040/RJ;Norte;Choque - Objeto Fixo;1;;;;;;;;;;1;;;;
02/09/2019;08:59:00;183;sem vítima;74;BR-040/RJ;Norte;Choque - Objeto Fixo;1;;;;;;;;;;1;;;;
02/09/2019;10:36:00;197;sem vítima;808;BR-040/MG;Norte;Choque - Objeto Fixo;1;;;;;;;;;;1;;;;
02/09/2019;11:37:00;206;sem vítima;92;BR-040/RJ;Sul;Choque - Objeto Fixo;1;;;;;;;;;;1;;;;
02/09/2019;12:38:00;219;com vítima;120;BR-040/RJ;Norte;Colisão Lateral;1;1;;;;;;;;;1;1;;;
02/09/2019;12:48:00;220;sem vítima;116;BR-040/RJ;Sul;Colisão Traseira;2;;;;;;;;;;2;;;;
02/09/2019;16:34:00;256;sem vítima;68;BR-040/RJ;Norte;Choque - Objeto Fixo;1;;;;;;;;;;1;;;;
02/09/2019;20:10:00;281;sem vítima;77;BR-040/RJ;Sul;Choque - Objeto Fixo;1;;;;;;;;;;1;;;;
03/09/2019;14:32:00;352;sem vítima;90;BR-040/RJ;Sul;Choque - Objeto Fixo;;;1;;;;;;;;1;;;;
03/09/2019;19:16:00;392;sem vítima;820;BR-040/MG;Sul;Choque - Objeto Fixo;1;;;;;;;;;;1;;;;
04/09/2019;10:39:00;472;com vítima;122;BR-040/RJ;Sul;Colisão Traseira;1;;1;;;;;;;;1;;1;;
04/09/2019;11:30:00;475;com vítima;796;BR-040/MG;Sul;Capotamento;1;;;;;;;;;;0;1;;;
04/09/2019;15:42:00;501;com vítima;96;BR-040/RJ;Sul;Tombamento;;;1;;;;;;;;0;1;;;
04/09/2019;16:33:00;511;sem vítima;111;BR-040/RJ;Norte;Engavetamento;4;;;;;;;;;;4;;;;
04/09/2019;17:15:00;519;com vítima;111;BR-040/RJ;Norte;Queda de Moto;;;;1;;;;;;;0;1;;;
04/09/2019;18:33:00;523;sem vítima;91;BR-040/RJ;Norte;Choque - Objeto Fixo;1;;;;;;;;;;1;;;;
04/09/2019;19:11:00;530;sem vítima;90;BR-040/RJ;Norte;Choque - Objeto Fixo;1;;;;;;;;;;1;;;;
04/09/2019;19:22:00;534;sem vítima;112;BR-040/RJ;Norte;Colisão Lateral;1;;;1;;;;;;;2;;;;
04/09/2019;20:08:00;540;sem vítima;92;BR-040/RJ;Sul;Choque - Objeto Fixo;1;;;;;;;;;;1;;;;
05/09/2019;06:31:00;569;sem vítima;95;BR-040/RJ;Norte;Queda de Moto;;;;1;;;;;;;1;;;;
05/09/2019;06:58:00;570;sem vítima;74;BR-040/RJ;Norte;Capotamento;1;;;;;;;;;;1;;;;
05/09/2019;07:25:00;574;sem vítima;92;BR-040/RJ;Sul;Choque - Objeto Fixo;1;;;;;;;;;;1;;;;
05/09/2019;07:39:00;576;com vítima;119;BR-040/RJ;Sul;Colisão Traseira;;;2;;;;;;;;1;3;;;
05/09/2019;07:51:00;578;sem vítima;92;BR-040/RJ;Sul;Colisão Traseira;2;;;;;;;;;;2;;;;
05/09/2019;09:39:00;603;sem vítima;84;BR-040/RJ;Norte;Choque - Objeto Fixo;1;;;;;;;;;;1;;;;
05/09/2019;10:43:00;612;sem vítima;92;BR-040/RJ;Sul;Choque - Objeto Fixo;1;;;;;;;;;;1;;;;
05/09/2019;11:00:00;614;com vítima;119;BR-040/RJ;Sul;Colisão Traseira;;;1;1;;;;;;;1;;;1;
05/09/2019;12:12:00;624;sem vítima;94;BR-040/RJ;Sul;Choque - Objeto Fixo;1;;;;;;;;;;1;;;;
05/09/2019;12:12:00;625;sem vítima;94;BR-040/RJ;Sul;Choque - Objeto Fixo;1;;;;;;;;;;1;;;;
05/09/2019;13:02:00;629;sem vítima;90;BR-040/RJ;Sul;Choque - Objeto Fixo;1;;;;;;;;;;1;;;;
05/09/2019;13:44:00;633;sem vítima;91;BR-040/RJ;Norte;Choque - Objeto Fixo;1;;;;;;;;;;1;;;;
05/09/2019;13:46:00;634;com vítima;93;BR-040/RJ;Sul;Choque - Objeto Fixo;1;;;;;;;;;;0;1;;;
05/09/2019;14:32:00;635;com vítima;118;BR-040/RJ;Sul;Queda de Moto;;;;1;;;;;;;0;1;;;
05/09/2019;14:55:00;636;sem vítima;93;BR-040/RJ;Norte;Choque - Objeto Fixo;1;;;;;;;;;;1;;;;
05/09/2019;15:10:00;640;com vítima;92;BR-040/RJ;Sul;Choque - Objeto Fixo;1;;;;;;;;;;0;1;;;
05/09/2019;15:21:00;645;sem vítima;84;BR-040/RJ;Norte;Queda de Moto;;;;1;;;;;;;1;;;;
05/09/2019;16:28:00;653;sem vítima;84;BR-040/RJ;Norte;Choque - Objeto Fixo;1;;;;;;;;;;1;;;;
05/09/2019;16:37:00;657;sem vítima;92;BR-040/RJ;Sul;Choque - Objeto Fixo;1;;;;;;;;;;1;;;;
05/09/2019;18:21:00;677;com vítima;789;BR-040/MG;Sul;Atropelamento - Animal;;;;1;;;;;;;0;;1;;
05/09/2019;18:26:00;678;sem vítima;96;BR-040/RJ;Sul;Choque - Objeto Fixo;;;1;;;;;;;;1;;;;
05/09/2019;18:21:00;682;sem vítima;789;BR-040/MG;Sul;Atropelamento - Animal;1;;;;;;;;;;1;;;;
05/09/2019;18:21:00;683;sem vítima;789;BR-040/MG;Sul;Atropelamento - Animal;1;;;;;;;;;;1;;;;
05/09/2019;19:32:00;688;com vítima;118;BR-040/RJ;Sul;Colisão Lateral;1;;;1;;;;;;;1;;;1;
05/09/2019;19:52:00;695;com vítima;38;BR-040/RJ;Norte;Capotamento;1;;;;;;;;;;0;;1;;
06/09/2019;03:47:00;726;com vítima;113;BR-040/RJ;Sul;Tombamento;1;;;;;;;;;;0;;1;;
06/09/2019;04:46:00;729;sem vítima;113;BR-040/RJ;Sul;Choque - Objeto Fixo;1;;;;;;;;;;1;;;;
06/09/2019;04:50:00;730;com vítima;113;BR-040/RJ;Sul;Choque - Objeto Fixo;1;;;;;;;;;;0;1;;;
06/09/2019;04:59:00;731;com vítima;113;BR-040/RJ;Norte;Choque - Objeto Fixo;1;;;;;;;;;;0;2;1;;1
06/09/2019;05:25:00;733;sem vítima;113;BR-040/RJ;Norte;Colisão Traseira;1;;;;1;;;;;;2;;;;
06/09/2019;08:13:00;745;sem vítima;87;BR-040/RJ;Sul;Choque - Objeto Fixo;;;1;;;;;;;;1;;;;
06/09/2019;10:33:00;764;sem vítima;86;BR-040/RJ;Sul;Choque - Objeto Fixo;1;;;;;;;;;;1;;;;
06/09/2019;11:32:00;774;sem vítima;86;BR-040/RJ;Norte;Choque - Objeto Fixo;1;;;;;;;;;;1;;;;
06/09/2019;11:35:00;775;sem vítima;92;BR-040/RJ;Sul;Choque - Objeto Fixo;1;;;;;;;;;;1;;;;
06/09/2019;12:47:00;786;com vítima;91;BR-040/RJ;Norte;Choque - Objeto Fixo;1;;;;;;;;;;0;1;1;;
06/09/2019;13:29:00;793;com vítima;799;BR-040/MG;Norte;Colisão Traseira;2;;;;;;;;;;0;3;1;;
06/09/2019;13:32:00;794;sem vítima;84;BR-040/RJ;Norte;Choque - Objeto Fixo;1;;;;;;;;;;1;;;;
06/09/2019;16:40:00;816;com vítima;805;BR-040/MG;Sul;Queda de Moto;;;;1;;;;;;;0;1;;;
06/09/2019;20:02:00;836;sem vítima;116;BR-040/RJ;Sul;Colisão Traseira;2;;;;;;;;;;2;;;;
06/09/2019;20:02:00;837;com vítima;97;BR-040/RJ;Sul;Tombamento;1;;;;;;;;;;0;4;;;
06/09/2019;20:56:00;842;sem vítima;85;BR-040/RJ;Sul;Choque - Objeto Fixo;1;;;;;;;;;;1;;;;
07/09/2019;01:16:00;863;sem vítima;123;BR-040/RJ;Sul;Choque - Objeto Fixo;1;;;;;;;;;;1;;;;
07/09/2019;05:16:00;882;sem vítima;85;BR-040/RJ;Norte;Choque - Objeto Fixo;1;;;;;;;;;;1;;;;
07/09/2019;07:13:00;892;com vítima;121;BR-040/RJ;Sul;Choque - Objeto Fixo;;;;1;;;;;;;0;;;1;
07/09/2019;08:33:00;905;sem vítima;95;BR-040/RJ;Norte;Choque - Objeto Fixo;1;;;;;;;;;;1;;;;
07/09/2019;08:40:00;907;com vítima;45;BR-040/RJ;Norte;Colisão Lateral;1;;;1;;;;;;;0;2;;;
07/09/2019;08:55:00;909;sem vítima;89;BR-040/RJ;Sul;Choque - Objeto Fixo;1;;;;;;;;;;1;;;;
07/09/2019;09:10:00;910;sem vítima;773;BR-040/MG;Sul;Colisão Lateral;2;;;;;;;;;;2;;;;
07/09/2019;11:10:00;924;com vítima;104;BR-040/RJ;Norte;Colisão Traseira;1;;;;1;;;;;;1;2;;;
07/09/2019;13:34:00;944;sem vítima;104;BR-040/RJ;Norte;Colisão Lateral;2;;;;;;;;;;2;;;;
07/09/2019;15:24:00;957;com vítima;116;BR-040/RJ;Norte;Engavetamento;1;;1;;1;;;;;;2;;1;;
07/09/2019;17:01:00;967;com vítima;104;BR-040/RJ;Norte;Colisão Traseira;1;1;;;;;;;;;1;;1;;
07/09/2019;20:59:00;996;com vítima;808;BR-040/MG;Norte;Colisão Traseira;2;;;;;;;;;;1;4;;;
07/09/2019;23:49:00;1015;com vítima;115;BR-040/RJ;Sul;Atropelamento - Pedestre;1;;;;;1;;;;;1;;;;1
08/09/2019;05:05:00;1026;com vítima;105;BR-040/RJ;Norte;Choque - Objeto Fixo;1;;;;;;;;;;0;2;;;
08/09/2019;08:14:00;1038;sem vítima;68;BR-040/RJ;Sul;Choque - Objeto Fixo;1;;;;;;;;;;1;;;;
08/09/2019;11:33:00;1059;com vítima;81;BR-040/RJ;Sul;Queda de Moto;;;;1;;;;;;;0;;2;;
08/09/2019;18:19:00;1122;com vítima;113;BR-040/RJ;Sul;Choque - Objeto Fixo;;;;;1;;;;;;0;2;1;;
08/09/2019;19:18:00;1130;com vítima;102;BR-040/RJ;Norte;Colisão Lateral;1;;;1;;1;;;;;1;2;;;
09/09/2019;01:51:00;1162;sem vítima;63;BR-040/RJ;Sul;Choque - Objeto Fixo;1;;;;;;;;;;1;;;;
09/09/2019;13:04:00;1238;com vítima;65;BR-040/RJ;Sul;Colisão Transversal;2;;;;;;;;;;0;3;2;;
09/09/2019;13:24:00;1242;com vítima;93;BR-040/RJ;Norte;Queda de Moto;;;;1;;;;;;;0;1;;;
09/09/2019;17:59:00;1283;com vítima;108;BR-040/RJ;Sul;Colisão Lateral;1;;1;;;;;;;;1;1;;;
09/09/2019;20:29:00;1303;sem vítima;107;BR-040/RJ;Norte;Colisão Traseira;2;;;;;;;;;;2;;;;
09/09/2019;23:17:00;1316;sem vítima;113;BR-040/RJ;Norte;Colisão Traseira;2;;;;;;;;;;2;;;;
10/09/2019;01:14:00;1322;sem vítima;826;BR-040/MG;Norte;Choque - Objeto Fixo;;;1;;;;;;;;1;;;;
10/09/2019;15:23:00;1407;sem vítima;98;BR-040/RJ;Norte;Colisão Traseira;2;;;;;;;;;;2;;;;
10/09/2019;16:50:00;1421;sem vítima;109;BR-040/RJ;Sul;Colisão Traseira;1;;;1;;;;;;;2;;;;
11/09/2019;06:00:00;1482;sem vítima;95;BR-040/RJ;Sul;Choque - Objeto Fixo;1;;;;;;;;;;1;;;;
11/09/2019;07:50:00;1489;com vítima;103;BR-040/RJ;Norte;Atropelamento - Pedestre;;;;;1;1;;;;;1;;1;;
11/09/2019;10:32:00;1508;sem vítima;90;BR-040/RJ;Norte;Colisão Traseira;2;;;;;;;;;;2;;;;
11/09/2019;12:47:00;1526;sem vítima;92;BR-040/RJ;Norte;Choque - Objeto Fixo;1;;;;;;;;;;1;;;;
11/09/2019;14:51:00;1542;com vítima;93;BR-040/RJ;Sul;Queda de Moto;;;;1;;;;;;;0;2;;;
11/09/2019;19:34:00;1593;sem vítima;70;BR-040/RJ;Norte;Colisão Traseira;2;;;;;;;;;;2;;;;
12/09/2019;13:03:00;1695;com vítima;17;BR-040/RJ;Sul;Capotamento;1;;;;;;;;;;0;;;1;
12/09/2019;19:18:00;1768;sem vítima;30;BR-040/RJ;Sul;Choque - Objeto Fixo;1;;;;;;;;;;1;;;;
12/09/2019;20:30:00;1777;com vítima;46;BR-040/RJ;Norte;Choque - Objeto Fixo;1;;;;;;;;;;0;1;;;
12/09/2019;23:37:00;1794;com vítima;39;BR-040/RJ;Sul;Colisão Traseira;;;2;;;;;;;;0;2;;;
13/09/2019;06:07:00;1814;sem vítima;92;BR-040/RJ;Sul;Choque - Objeto Fixo;1;;;;;;;;;;1;;;;
13/09/2019;06:51:00;1817;sem vítima;93;BR-040/RJ;Sul;Derrapagem;1;;;;;;;;;;1;;;;
13/09/2019;07:59:00;1828;sem vítima;94;BR-040/RJ;Sul;Choque - Objeto Fixo;1;;;;;;;;;;1;;;;
13/09/2019;08:08:00;1830;com vítima;114;BR-040/RJ;Norte;Queda de Moto;;;;1;;;;;;;0;1;;;
13/09/2019;08:14:00;1832;sem vítima;92;BR-040/RJ;Sul;Choque - Objeto Fixo;1;;;;;;;;;;1;;;;
13/09/2019;08:25:00;1833;com vítima;92;BR-040/RJ;Sul;Choque - Objeto Fixo;1;;;;;;;;;;0;2;;;
13/09/2019;08:56:00;1836;com vítima;120;BR-040/RJ;Sul;Colisão Traseira;;;1;1;;;;;;;1;1;1;;
13/09/2019;11:15:00;1851;com vítima;113;BR-040/RJ;Sul;Colisão Traseira;2;;;;;;;;;;0;2;;;
13/09/2019;16:40:00;1894;sem vítima;92;BR-040/RJ;Norte;Choque - Objeto Fixo;1;;;;;;;;;;1;;;;
13/09/2019;16:54:00;1897;sem vítima;112;BR-040/RJ;Norte;Engavetamento;3;;;;;;;;;;3;;;;
13/09/2019;16:56:00;1899;sem vítima;93;BR-040/RJ;Sul;Choque - Objeto Fixo;1;;;;;;;;;;1;;;;
13/09/2019;17:41:00;1908;sem vítima;77;BR-040/RJ;Sul;Capotamento;1;;;;;;;;;;1;;;;
13/09/2019;19:14:00;1923;sem vítima;82;BR-040/RJ;Sul;Colisão Traseira;1;;1;;;;;;;;2;;;;
13/09/2019;21:04:00;1941;sem vítima;92;BR-040/RJ;Sul;Choque - Objeto Fixo;1;;;;;;;;;;1;;;;
13/09/2019;22:58:00;1950;com vítima;51;BR-040/RJ;Sul;Capotamento;1;;;;;;;;;;0;3;;;
14/09/2019;05:13:00;1969;sem vítima;90;BR-040/RJ;Sul;Choque - Objeto Fixo;1;;;;;;;;;;1;;;;
14/09/2019;06:42:00;1975;sem vítima;91;BR-040/RJ;Sul;Choque - Objeto Fixo;1;;;;;;;;;;1;;;;
14/09/2019;07:18:00;1979;sem vítima;78;BR-040/RJ;Sul;Derrapagem;1;;;;;;;;;;1;;;;
14/09/2019;08:07:00;1988;com vítima;70;BR-040/RJ;Norte;Choque - Objeto Fixo;1;;;;;;;;;;0;1;1;;
14/09/2019;16:31:00;2046;sem vítima;91;BR-040/RJ;Sul;Choque - Objeto Fixo;1;;;;;;;;;;1;;;;
14/09/2019;16:40:00;2049;sem vítima;78;BR-040/RJ;Sul;Choque - Objeto Fixo;1;;;;;;;;;;1;;;;
14/09/2019;17:19:00;2056;sem vítima;77;BR-040/RJ;Sul;Choque - Objeto Fixo;1;;;;;;;;;;1;;;;
14/09/2019;17:58:00;2069;sem vítima;94;BR-040/RJ;Sul;Choque - Objeto Fixo;1;;;;;;;;;;1;;;;
14/09/2019;19:13:00;2076;com vítima;59;BR-040/RJ;Norte;Capotamento;1;;;;;;;;;;0;1;1;;
14/09/2019;19:39:00;2080;com vítima;93;BR-040/RJ;Sul;Capotamento;1;;;;;;;;;;0;1;1;;
14/09/2019;20:02:00;2083;sem vítima;81;BR-040/RJ;Norte;Colisão Lateral;2;;;;;;;;;;2;;;;
14/09/2019;20:19:00;2088;sem vítima;92;BR-040/RJ;Sul;Choque - Objeto Fixo;1;;;;;;;;;;1;;;;
15/09/2019;01:24:00;2117;sem vítima;79;BR-040/RJ;Sul;Choque - Objeto Fixo;1;;;;;;;;;;1;;;;
15/09/2019;02:02:00;2119;sem vítima;84;BR-040/RJ;Sul;Choque - Objeto Fixo;1;;;;;;;;;;1;;;;
15/09/2019;05:30:00;2124;com vítima;122;BR-040/RJ;Norte;Capotamento;2;;;;;;;;;;0;5;;;
15/09/2019;07:46:00;2134;com vítima;786;BR-040/MG;Norte;Capotamento;1;;;;;;;;;;0;1;;;
15/09/2019;08:40:00;2138;com vítima;788;BR-040/MG;Norte;Choque - Objeto Fixo;1;;;;;;;;;;0;2;;;
15/09/2019;11:21:00;2151;com vítima;102;BR-040/RJ;Sul;Choque - Objeto Fixo;1;;;;;;;;;;0;1;;;
15/09/2019;14:25:00;2169;com vítima;105;BR-040/RJ;Norte;Colisão Lateral;1;;;1;;;;;;;1;2;;;
15/09/2019;17:58:00;2212;sem vítima;123;BR-040/RJ;Sul;Colisão Lateral;1;;1;;;;;;;;2;;;;
16/09/2019;05:36:00;2266;com vítima;116;BR-040/RJ;Sul;Capotamento;2;;1;;;;;;;;2;4;;;
16/09/2019;05:58:00;2270;sem vítima;116;BR-040/RJ;Sul;Colisão Traseira;2;;;;;;;;;;2;;;;
16/09/2019;06:55:00;2279;com vítima;111;BR-040/RJ;Sul;Engavetamento;4;;;;;;;;;;1;4;;;
16/09/2019;07:25:00;2282;com vítima;110;BR-040/RJ;Sul;Atropelamento - Pedestre;;;;;;2;;;;;1;;1;;
16/09/2019;09:12:00;2303;com vítima;121;BR-040/RJ;Sul;Colisão Traseira;1;;1;;;;;;;;1;;1;;
16/09/2019;11:19:00;2322;sem vítima;92;BR-040/RJ;Norte;Choque - Objeto Fixo;1;;;;;;;;;;1;;;;
16/09/2019;16:21:00;2359;sem vítima;114;BR-040/RJ;Norte;Colisão Traseira;2;;;;;;;;;;2;;;;
17/09/2019;00:20:00;2391;sem vítima;72;BR-040/RJ;Norte;Queda de Moto;;;;1;;;;;;;1;;;;
17/09/2019;07:20:00;2414;sem vítima;117;BR-040/RJ;Norte;Colisão Traseira;2;;;;;;;;;;2;;;;
17/09/2019;10:05:00;2430;com vítima;114;BR-040/RJ;Norte;Capotamento;1;;;;;;;;;;0;1;;;
17/09/2019;11:22:00;2442;sem vítima;91;BR-040/RJ;Norte;Colisão Traseira;2;;;;;;;;;;2;;;;
17/09/2019;18:14:00;2490;com vítima;62;BR-040/RJ;Norte;Queda de Moto;;;;1;;;;;;;0;1;;;
17/09/2019;19:17:00;2499;sem vítima;68;BR-040/RJ;Norte;Choque - Objeto Fixo;1;;;;;;;;;;1;;;;
18/09/2019;00:05:00;2520;sem vítima;120;BR-040/RJ;Sul;Capotamento;1;;;;;;;;;;1;;;;
18/09/2019;00:29:00;2521;sem vítima;36;BR-040/RJ;Norte;Choque - Objeto Fixo;1;;;;;;;;;;1;;;;
18/09/2019;01:15:00;2525;sem vítima;800;BR-040/MG;Sul;Choque - Objeto Fixo;1;;;;;;;;;;1;;;;
18/09/2019;05:25:00;2537;com vítima;782;BR-040/MG;Norte;Atropelamento - Animal;2;;;;;;;;;;0;2;;;
18/09/2019;08:08:00;2559;sem vítima;113;BR-040/RJ;Sul;Engavetamento;3;;;;;;;;;;3;;;;
18/09/2019;10:12:00;2576;sem vítima;119;BR-040/RJ;Norte;Colisão Lateral;1;;;;1;;;;;;2;;;;
18/09/2019;11:53:00;2587;sem vítima;120;BR-040/RJ;Sul;Colisão Lateral;2;;;;;;;;;;2;;;;
18/09/2019;14:57:00;2624;com vítima;110;BR-040/RJ;Norte;Engavetamento;1;;;2;;;;;;;2;;1;1;
18/09/2019;22:46:00;2671;com vítima;800;BR-040/MG;Sul;Atropelamento - Animal;1;;;;;;;;;;0;1;;;
18/09/2019;22:59:00;2673;sem vítima;801;BR-040/MG;Sul;Atropelamento - Animal;1;;;;;;;;;;1;;;;
18/09/2019;23:23:00;2674;sem vítima;800;BR-040/MG;Sul;Atropelamento - Animal;1;;;;;;;;;;1;;;;
18/09/2019;23:32:00;2675;sem vítima;119;BR-040/RJ;Norte;Engavetamento;1;;;;2;;;;;;3;;;;
19/09/2019;00:05:00;2678;com vítima;802;BR-040/MG;Sul;Atropelamento - Animal;;;1;;;;;;;;0;1;;;
19/09/2019;07:41:00;2709;sem vítima;124;BR-040/RJ;Sul;Engavetamento;1;;;2;;;;;;;3;;;;
19/09/2019;12:56:00;2762;com vítima;105;BR-040/RJ;Norte;Colisão Frontal;1;;;1;;;;;;;1;1;;;
19/09/2019;15:59:00;2794;com vítima;86;BR-040/RJ;Norte;Choque - Objeto Fixo;1;;;;;;;;;;0;2;;;
19/09/2019;17:59:00;2810;com vítima;819;BR-040/MG;Norte;Queda de Moto;;;;1;;;;;;;0;2;;;
19/09/2019;19:26:00;2826;sem vítima;113;BR-040/RJ;Norte;Colisão Traseira;1;;;;;1;;;;;2;;;;
19/09/2019;19:33:00;2828;com vítima;790;BR-040/MG;Norte;Engavetamento;2;;1;;;;;;;;1;3;;;
20/09/2019;04:10:00;2872;sem vítima;42;BR-040/RJ;Sul;Colisão Traseira;1;;;;;1;;;;;2;;;;
20/09/2019;06:58:00;2884;com vítima;99;BR-040/RJ;Sul;Colisão Lateral;2;;;;;;;;;;0;1;1;;
20/09/2019;08:30:00;2896;com vítima;75;BR-040/RJ;Sul;Colisão Traseira;1;;1;;;;;;;;1;1;;;
20/09/2019;14:08:00;2947;com vítima;804;BR-040/MG;Norte;Colisão Traseira;;;2;;;;;;;;1;;;1;
20/09/2019;20:24:00;3017;sem vítima;816;BR-040/MG;Norte;Colisão Traseira;2;;;;;;;;;;2;;;;