data;horario;n_da_ocorrencia;tipo_de_ocorrencia;km;trecho;sentido;tipo_de_acidente;automovel;bicicleta;caminhao;moto;onibus;outros;tracao_animal;transporte_de_cargas_especiais;trator_maquinas;utilitarios;ilesos;levemente_feridos;moderadamente_feridos;gravemente_feridos;mortos
08/10/2019;15:45:00;1101;sem vítima;92;BR-040/RJ;Sul;Derrapagem;1;;;;;;;;;;1;;;;
08/10/2019;17:34:00;1111;sem vítima;780;BR-040/MG;Sul;Colisão Traseira;1;;1;;;;;;;;2;;;;
08/10/2019;18:16:00;1122;sem vítima;780;BR-040/MG;Sul;Colisão Lateral;1;;;1;;;;;;;2;;;;
08/10/2019;20:12:00;1135;sem vítima;773;BR-040/MG;Norte;Colisão Transversal;1;;1;;;;;;;;2;;;;
08/10/2019;21:02:00;1137;com vítima;31;BR-040/RJ;Sul;Tombamento;;;1;;;;;;;;0;2;;;
09/10/2019;00:45:00;1151;com vítima;828;BR-040/MG;Norte;Capotamento;1;;;;;;;;;;0;1;;;
09/10/2019;03:16:00;1154;com vítima;124;BR-040/RJ;Sul;Choque - Objeto Fixo;1;;;;;1;;;;;1;;1;;
09/10/2019;03:22:00;1155;sem vítima;124;BR-040/RJ;Sul;Colisão Lateral;1;;1;;;;;;;;2;;;;
09/10/2019;03:58:00;1156;sem vítima;93;BR-040/RJ;Norte;Derrapagem;1;;;;;;;;;;1;;;;
09/10/2019;08:08:00;1165;sem vítima;31;BR-040/RJ;Sul;Choque - Objeto Fixo;1;;;;;;;;;;1;;;;
09/10/2019;08:42:00;1171;sem vítima;84;BR-040/RJ;Norte;Choque - Objeto Fixo;1;;;;;;;;;;1;;;;
09/10/2019;10:01:00;1189;com vítima;51;BR-040/RJ;Sul;Capotamento;1;;;;;;;;;;0;1;;;
09/10/2019;10:16:00;1192;sem vítima;77;BR-040/RJ;Sul;Choque - Objeto Fixo;1;;;;;;;;;;1;;;;
09/10/2019;11:12:00;1196;com vítima;77;BR-040/RJ;Sul;Choque - Objeto Fixo;1;;;;;;;;;;0;2;1;;
09/10/2019;11:50:00;1201;sem vítima;34;BR-040/RJ;Sul;Choque - Objeto Fixo;1;;;;;;;;;;1;;;;
09/10/2019;12:21:00;1204;sem vítima;94;BR-040/RJ;Sul;Choque - Objeto Fixo;1;;;;;;;;;;1;;;;
09/10/2019;12:37:00;1207;sem vítima;75;BR-040/RJ;Sul;Derrapagem;1;;;;;;;;;;1;;;;
09/10/2019;12:03:00;1209;sem vítima;52;BR-040/RJ;Norte;Choque - Objeto Fixo;1;;;;;;;;;;1;;;;
09/10/2019;14:34:00;1223;sem vítima;85;BR-040/RJ;Sul;Choque - Objeto Fixo;1;;;;;;;;;;1;;;;
09/10/2019;14:52:00;1226;sem vítima;93;BR-040/RJ;Norte;Choque - Objeto Fixo;1;;;;;;;;;;1;;;;
09/10/2019;15:42:00;1234;com vítima;90;BR-040/RJ;Sul;Capotamento;1;;;;;;;;;;0;4;;;
09/10/2019;16:01:00;1238;com vítima;120;BR-040/RJ;Norte;Colisão Lateral;2;;;;;;;;;;1;1;;;
09/10/2019;16:37:00;1243;sem vítima;91;BR-040/RJ;Norte;Choque - Objeto Fixo;1;;;;;;;;;;1;;;;
09/10/2019;16:46:00;1245;com vítima;110;BR-040/RJ;Norte;Colisão Traseira;2;;;;;;;;;;0;2;;;
09/10/2019;16:51:00;1246;sem vítima;53;BR-040/RJ;Norte;Choque - Objeto Fixo;1;;;;;;;;;;1;;;;
09/10/2019;16:55:00;1247;sem vítima;30;BR-040/RJ;Sul;Saída de Pista;1;;;;;;;;;;1;;;;
09/10/2019;17:10:00;1248;sem vítima;93;BR-040/RJ;Sul;Tombamento;1;;;;;;;;;;1;;;;
09/10/2019;17:11:00;1249;com vítima;783;BR-040/MG;Norte;Choque - Objeto Fixo;1;;;;;;;;;;0;1;;;
09/10/2019;17:10:00;1252;sem vítima;93;BR-040/RJ;Sul;Choque - Objeto Fixo;1;;;;;;;;;;1;;;;
09/10/2019;18:36:00;1258;sem vítima;75;BR-040/RJ;Sul;Saída de Pista;1;;;;;;;;;;1;;;;
09/10/2019;23:30:00;1278;sem vítima;90;BR-040/RJ;Norte;Choque - Objeto Fixo;1;;;;;;;;;;1;;;;
10/10/2019;05:11:00;1289;com vítima;78;BR-040/RJ;Sul;Queda de Moto;;;;1;;;;;;;0;;2;;
10/10/2019;07:36:00;1298;com vítima;52;BR-040/RJ;Norte;Capotamento;1;;;;;;;;;;0;1;;;
10/10/2019;17:58:00;1384;sem vítima;110;BR-040/RJ;Norte;Colisão Traseira;2;;;;;;;;;;2;;;;
10/10/2019;18:27:00;1387;com vítima;784;BR-040/MG;Norte;Tombamento;;;;;;;;;;1;0;2;;;
10/10/2019;20:30:00;1402;com vítima;18;BR-040/RJ;Norte;Atropelamento - Animal;1;;1;;;;;;;;1;1;;;
10/10/2019;21:23:00;1408;com vítima;105;BR-040/RJ;Norte;Atropelamento - Pedestre;;;;;;2;;;;;1;1;;;
10/10/2019;22:58:00;1419;com vítima;89;BR-040/RJ;Norte;Queda de Moto;;;;1;;;;;;;0;1;;;
11/10/2019;02:12:00;1429;com vítima;111;BR-040/RJ;Norte;Capotamento;1;;;;;;;;;;0;1;;;
11/10/2019;06:36:00;1441;com vítima;122;BR-040/RJ;Sul;Colisão Lateral;1;;;1;;;;;;;0;3;1;;
11/10/2019;07:47:00;1447;com vítima;788;BR-040/MG;Norte;Choque - Objeto Fixo;1;;;;;;;;;;0;5;;;
11/10/2019;16:21:00;1515;com vítima;111;BR-040/RJ;Norte;Colisão Lateral;1;;;1;;;;;;;1;;1;;
11/10/2019;17:59:00;1533;com vítima;119;BR-040/RJ;Norte;Colisão Lateral;1;;1;1;;;;;;;2;1;;;
11/10/2019;19:34:00;1548;sem vítima;118;BR-040/RJ;Norte;Colisão Traseira;2;;;;;;;;;;2;;;;
12/10/2019;03:27:00;1587;com vítima;75;BR-040/RJ;Sul;Colisão Frontal;2;;;;;;;;;;0;;4;;
12/10/2019;07:55:00;1614;sem vítima;35;BR-040/RJ;Sul;Choque - Objeto Fixo;1;;;;;;;;;;1;;;;
12/10/2019;14:21:00;1660;com vítima;98;BR-040/RJ;Norte;Choque - Objeto Fixo;;;1;;;;;;;;0;3;;;
12/10/2019;14:46:00;1665;sem vítima;102;BR-040/RJ;Norte;Colisão Traseira;1;;1;;;;;;;;2;;;;
12/10/2019;14:54:00;1668;com vítima;784;BR-040/MG;Norte;Colisão Traseira;1;;;1;;;;;;;1;1;;;
13/10/2019;04:59:00;1737;com vítima;784;BR-040/MG;Norte;Capotamento;1;;;;;;;;;;0;3;;;
13/10/2019;07:32:00;1747;com vítima;119;BR-040/RJ;Norte;Queda de Moto;;;;1;;;;;;;0;;1;;
13/10/2019;08:48:00;1756;sem vítima;96;BR-040/RJ;Norte;Queda de Moto;;;;1;;;;;;;1;;;;
13/10/2019;08:48:00;1758;sem vítima;96;BR-040/RJ;Norte;Queda de Moto;;;;1;;;;;;;1;;;;
13/10/2019;08:48:00;1759;sem vítima;96;BR-040/RJ;Norte;Derrapagem;;;;1;;;;;;;1;;;;
13/10/2019;11:52:00;1775;sem vítima;803;BR-040/MG;Sul;Choque - Objeto Fixo;1;;;;;;;;;;1;;;;
13/10/2019;14:51:00;1801;sem vítima;106;BR-040/RJ;Sul;Colisão Traseira;2;;;;;;;;;;2;;;;
13/10/2019;17:05:00;1832;sem vítima;810;BR-040/MG;Norte;Choque - Objeto Fixo;1;;;;;;;;;;1;;;;
14/10/2019;03:20:00;1885;sem vítima;14;BR-040/RJ;Sul;Atropelamento - Animal;;;1;;;;;;;;1;;;;
14/10/2019;18:26:00;2003;com vítima;112;BR-040/RJ;Sul;Atropelamento - Pedestre;;;;;1;1;;;;;1;1;;;
14/10/2019;19:15:00;2007;com vítima;120;BR-040/RJ;Norte;Colisão Lateral;1;;;1;;;;;;;1;1;;;
14/10/2019;20:02:00;2009;sem vítima;81;BR-040/RJ;Norte;Choque - Objeto Fixo;1;;;;;;;;;;1;;;;
15/10/2019;05:34:00;2035;sem vítima;124;BR-040/RJ;Sul;Choque - Objeto Fixo;1;;;;;;;;;;1;;;;
15/10/2019;17:18:00;2103;sem vítima;7;BR-040/RJ;Sul;Queda de Moto;;;;1;;;;;;;1;;;;
15/10/2019;19:22:00;2117;com vítima;21;BR-040/RJ;Norte;Queda de Moto;;;;1;;;;;;;0;2;;;
16/10/2019;13:46:00;2221;sem vítima;97;BR-040/RJ;Norte;Colisão Lateral;1;;1;;;;;;;;2;;;;
16/10/2019;13:34:00;2222;sem vítima;109;BR-040/RJ;Norte;Colisão Traseira;1;;;;;1;;;;;2;;;;
16/10/2019;15:57:00;2245;com vítima;84;BR-040/RJ;Sul;Colisão Traseira;1;;1;;;;;;;;0;2;1;;
17/10/2019;04:18:00;2306;sem vítima;84;BR-040/RJ;Norte;Choque - Objeto Fixo;1;;;;;;;;;;1;;;;
17/10/2019;13:01:00;2351;com vítima;119;BR-040/RJ;Sul;Colisão Traseira;1;;;1;;;;;;;1;1;1;;
17/10/2019;17:24:00;2386;com vítima;799;BR-040/MG;Norte;Colisão Traseira;2;;;;;;;;;;0;3;;;
17/10/2019;17:53:00;2393;sem vítima;111;BR-040/RJ;Norte;Engavetamento;3;;;1;;;;;;;4;;;;
17/10/2019;22:32:00;2417;sem vítima;804;BR-040/MG;Norte;Colisão Traseira;;;2;;;;;;;;2;;;;
18/10/2019;05:22:00;2443;sem vítima;120;BR-040/RJ;Sul;Colisão Lateral;1;;;;1;;;;;;2;;;;
18/10/2019;07:03:00;2447;sem vítima;110;BR-040/RJ;Sul;Colisão Traseira;1;;;;;1;;;;;2;;;;
18/10/2019;07:31:00;2451;com vítima;66;BR-040/RJ;Sul;Queda de Moto;;;;1;;;;;;;0;2;;;
18/10/2019;16:48:00;2524;sem vítima;82;BR-040/RJ;Norte;Engavetamento;4;;;;;;;;;;4;;;;
18/10/2019;19:15:00;2547;sem vítima;122;BR-040/RJ;Norte;Engavetamento;3;;;;;;;;;;3;;;;
18/10/2019;22:04:00;2564;com vítima;107;BR-040/RJ;Norte;Capotamento;1;;;;;;;;;;0;1;;;
18/10/2019;22:24:00;2566;com vítima;105;BR-040/RJ;Sul;Atropelamento - Pedestre;1;;;;;1;;;;;1;;1;;
18/10/2019;23:56:00;2577;com vítima;97;BR-040/RJ;Norte;Tombamento;;;1;;;;;;;;0;;;;1
19/10/2019;04:30:00;2591;com vítima;117;BR-040/RJ;Sul;Colisão Lateral;1;;1;;;;;;;;1;3;3;;
19/10/2019;06:27:00;2598;sem vítima;30;BR-040/RJ;Sul;Choque - Objeto Fixo;1;;;;;;;;;;1;;;;
19/10/2019;11:59:00;2640;sem vítima;77;BR-040/RJ;Sul;Choque - Objeto Fixo;1;;;;;;;;;;1;;;;
19/10/2019;13:57:00;2649;com vítima;74;BR-040/RJ;Sul;Colisão Traseira;2;;;;;;;;;;0;7;;;
19/10/2019;17:20:00;2679;sem vítima;85;BR-040/RJ;Sul;Engavetamento;3;;;;;;;;;;3;;;;
19/10/2019;17:55:00;2683;sem vítima;84;BR-040/RJ;Sul;Choque - Objeto Fixo;1;;;;;;;;;;1;;;;
20/10/2019;06:14:00;2728;com vítima;108;BR-040/RJ;Sul;Capotamento;1;;;;;;;;;;0;;1;;
20/10/2019;07:41:00;2732;com vítima;92;BR-040/RJ;Sul;Capotamento;1;;;;;;;;;;0;4;;;
20/10/2019;08:24:00;2737;com vítima;55;BR-040/RJ;Norte;Queda de Moto;;;;1;;;;;;;0;2;;;
20/10/2019;08:55:00;2741;sem vítima;94;BR-040/RJ;Norte;Choque - Objeto Fixo;1;;;;;;;;;;1;;;;
20/10/2019;09:54:00;2745;sem vítima;92;BR-040/RJ;Norte;Choque - Objeto Fixo;1;;;;;;;;;;1;;;;
20/10/2019;10:47:00;2756;sem vítima;95;BR-040/RJ;Norte;Choque - Objeto Fixo;1;;;;;;;;;;1;;;;
20/10/2019;11:36:00;2758;sem vítima;90;BR-040/RJ;Sul;Choque - Objeto Fixo;1;;;;;;;;;;1;;;;
20/10/2019;12:37:00;2762;sem vítima;93;BR-040/RJ;Sul;Choque - Objeto Fixo;1;;;;;;;;;;1;;;;
20/10/2019;13:32:00;2764;sem vítima;81;BR-040/RJ;Sul;Choque - Objeto Fixo;1;;;;;;;;;;1;;;;
20/10/2019;13:58:00;2765;com vítima;72;BR-040/RJ;Norte;Capotamento;1;;;;;;;;;;0;3;;;
20/10/2019;14:10:00;2769;com vítima;77;BR-040/RJ;Sul;Capotamento;1;;;;;;;;;;0;1;;;
20/10/2019;14:41:00;2770;com vítima;75;BR-040/RJ;Sul;Capotamento;1;;;;;;;;;;0;4;;;
20/10/2019;15:06:00;2775;sem vítima;93;BR-040/RJ;Sul;Choque - Objeto Fixo;1;;;;;;;;;;1;;;;
20/10/2019;15:07:00;2776;sem vítima;94;BR-040/RJ;Sul;Choque - Objeto Fixo;1;;;;;;;;;;1;;;;
20/10/2019;15:11:00;2777;com vítima;92;BR-040/RJ;Norte;Queda de Moto;;;;1;;;;;;;0;2;;;
20/10/2019;15:40:00;2781;sem vítima;91;BR-040/RJ;Sul;Choque - Objeto Fixo;1;;;;;;;;;;1;;;;
20/10/2019;17:25:00;2795;sem vítima;119;BR-040/RJ;Sul;Choque - Objeto Fixo;1;;;;;;;;;;1;;;;
21/10/2019;01:35:00;2828;sem vítima;810;BR-040/MG;Sul;Derrapagem;1;;;;;;;;;;1;;;;
21/10/2019;08:37:00;2855;sem vítima;80;BR-040/RJ;Norte;Engavetamento;3;;;;;;;;;;3;;;;
21/10/2019;11:28:00;2874;com vítima;787;BR-040/MG;Norte;Capotamento;1;;;;;;;;;;0;2;;;
21/10/2019;13:06:00;2886;sem vítima;45;BR-040/RJ;Sul;Choque - Objeto Fixo;;;1;;;;;;;;1;;;;
21/10/2019;15:02:00;2898;sem vítima;120;BR-040/RJ;Sul;Choque - Objeto Fixo;1;;;;;;;;;;1;;;;
21/10/2019;15:08:00;2899;sem vítima;99;BR-040/RJ;Sul;Colisão Lateral;1;;;;;1;;;;;2;;;;
21/10/2019;16:39:00;2913;com vítima;30;BR-040/RJ;Norte;Capotamento;1;;;;;;;;;;0;2;;;
21/10/2019;16:48:00;2915;com vítima;91;BR-040/RJ;Sul;Capotamento;1;;;;;;;;;;0;1;;;
21/10/2019;16:57:00;2916;sem vítima;96;BR-040/RJ;Sul;Choque - Objeto Fixo;1;;;;;;;;;;5;;;;
21/10/2019;17:37:00;2922;sem vítima;90;BR-040/RJ;Sul;Choque - Objeto Fixo;1;;;;;;;;;;1;;;;
22/10/2019;04:14:00;2955;com vítima;92;BR-040/RJ;Sul;Capotamento;1;;;;;;;;;;0;1;;;
22/10/2019;04:48:00;2956;sem vítima;120;BR-040/RJ;Sul;Colisão Traseira;2;;;;;;;;;;2;;;;
22/10/2019;07:35:00;2970;com vítima;780;BR-040/MG;Sul;Tombamento;;;1;;;;;;;;0;1;;;
22/10/2019;08:10:00;2975;com vítima;24;BR-040/RJ;Sul;Choque - Objeto Fixo;1;;;;;;;;;;0;5;;;
22/10/2019;08:26:00;2979;sem vítima;35;BR-040/RJ;Sul;Choque - Objeto Fixo;1;;;;;;;;;;1;;;;
22/10/2019;10:07:00;2992;sem vítima;88;BR-040/RJ;Sul;Colisão Traseira;;;2;;;;;;;;2;;;;
22/10/2019;16:43:00;3040;com vítima;105;BR-040/RJ;Norte;Colisão Traseira;2;;;;;;;;;;0;4;;;
22/10/2019;18:23:00;3050;sem vítima;115;BR-040/RJ;Norte;Colisão Traseira;1;;;;;1;;;;;2;;;;
22/10/2019;18:42:00;3051;sem vítima;113;BR-040/RJ;Norte;Engavetamento;3;;;;;;;;;;3;;;;
23/10/2019;12:50:00;3147;sem vítima;86;BR-040/RJ;Sul;Choque - Objeto Fixo;1;;;;;;;;;;1;;;;
23/10/2019;14:16:00;3156;sem vítima;84;BR-040/RJ;Sul;Choque - Objeto Fixo;1;;;;;;;;;;1;;;;
23/10/2019;15:36:00;3168;sem vítima;91;BR-040/RJ;Norte;Choque - Objeto Fixo;1;;;;;;;;;;1;;;;
23/10/2019;15:48:00;3171;sem vítima;82;BR-040/RJ;Sul;Choque - Objeto Fixo;1;;;;;;;;;;1;;;;
23/10/2019;16:15:00;3175;sem vítima;91;BR-040/RJ;Sul;Colisão Lateral;2;;;;;;;;;;2;;;;
23/10/2019;16:19:00;3176;sem vítima;92;BR-040/RJ;Norte;Choque - Objeto Fixo;1;;;;;;;;;;1;;;;
23/10/2019;18:56:00;3198;sem vítima;91;BR-040/RJ;Norte;Saída de Pista;1;;;;;;;;;;1;;;;
23/10/2019;19:14:00;3200;sem vítima;91;BR-040/RJ;Norte;Choque - Objeto Fixo;1;;;;;;;;;;1;;;;
23/10/2019;22:51:00;3218;sem vítima;78;BR-040/RJ;Sul;Choque - Objeto Fixo;1;;;;;;;;;;1;;;;
24/10/2019;00:29:00;3224;com vítima;61;BR-040/RJ;Norte;Choque - Objeto Fixo;1;;;;;;;;;;0;;1;;
24/10/2019;06:38:00;3237;sem vítima;103;BR-040/RJ;Norte;Colisão Traseira;1;;;;;1;;;;;2;;;;
24/10/2019;08:25:00;3246;com vítima;116;BR-040/RJ;Norte;Engavetamento;7;;;;;;;;;;0;7;;;
24/10/2019;11:52:00;3275;sem vítima;773;BR-040/MG;Norte;Queda de Moto;;;;1;;;;;;;1;;;;
24/10/2019;20:10:00;3336;sem vítima;96;BR-040/RJ;Norte;Colisão Lateral;1;;1;;;;;;;;2;;;;
24/10/2019;22:48:00;3347;com vítima;114;BR-040/RJ;Norte;Choque - Objeto Fixo;1;;;;;;;;;;0;3;;;
25/10/2019;02:11:00;3357;sem vítima;72;BR-040/RJ;Sul;Derrapagem;1;;;;;;;;;;2;;;;
25/10/2019;06:38:00;3372;sem vítima;89;BR-040/RJ;Norte;Choque - Objeto Fixo;1;;;;;;;;;;1;;;;
25/10/2019;16:32:00;3452;com vítima;36;BR-040/RJ;Norte;Capotamento;1;;;;;;;;;;0;3;;;
25/10/2019;17:01:00;3459;sem vítima;4;BR-040/RJ;Sul;Choque - Objeto Fixo;1;;;;;;;;;;1;;;;
25/10/2019;17:35:00;3468;com vítima;42;BR-040/RJ;Norte;Capotamento;1;;;;;;;;;;0;1;;;
25/10/2019;18:11:00;3474;com vítima;43;BR-040/RJ;Norte;Choque - Objeto Fixo;1;;;;;;;;;;0;1;;;
25/10/2019;21:33:00;3498;sem vítima;84;BR-040/RJ;Norte;Choque - Objeto Fixo;1;;;;;;;;;;1;;;;
26/10/2019;03:20:00;3526;com vítima;36;BR-040/RJ;Sul;Choque - Objeto Fixo;1;;;;;;;;;;0;1;;;
26/10/2019;04:28:00;3530;com vítima;102;BR-040/RJ;Sul;Derrapagem;1;;;;;;;;;;0;3;;;
26/10/2019;10:02:00;3556;com vítima;75;BR-040/RJ;Sul;Queda de Moto;;;;1;;;;;;;0;;;1;
26/10/2019;14:32:00;3595;sem vítima;112;BR-040/RJ;Sul;Colisão Traseira;1;;;;;1;;;;;2;;;;
26/10/2019;14:46:00;3599;sem vítima;101;BR-040/RJ;Sul;Choque - Objeto Fixo;1;;;;;;;;;;1;;;;
26/10/2019;19:18:00;3639;sem vítima;84;BR-040/RJ;Norte;Choque - Objeto Fixo;1;;;;;;;;;;1;;;;
26/10/2019;19:28:00;3641;sem vítima;113;BR-040/RJ;Sul;Capotamento;1;;;;;;;;;;1;;;;
26/10/2019;19:33:00;3642;sem vítima;96;BR-040/RJ;Sul;Choque - Objeto Fixo;1;;;;;;;;;;1;;;;
26/10/2019;21:15:00;3650;sem vítima;86;BR-040/RJ;Norte;Choque - Objeto Fixo;1;;;;;;;;;;1;;;;
26/10/2019;21:17:00;3651;com vítima;109;BR-040/RJ;Norte;Choque - Objeto Fixo;;;;1;;;;;;;0;;1;;
26/10/2019;21:34:00;3652;sem vítima;78;BR-040/RJ;Sul;Choque - Objeto Fixo;1;;;;;;;;;;1;;;;
26/10/2019;23:33:00;3658;sem vítima;77;BR-040/RJ;Sul;Choque - Objeto Fixo;1;;;;;;;;;;1;;;;
26/10/2019;23:41:00;3659;sem vítima;93;BR-040/RJ;Norte;Choque - Objeto Fixo;;;1;;;;;;;;1;;;;
27/10/2019;01:38:00;3664;sem vítima;101;BR-040/RJ;Sul;Queda de Moto;;;;1;;;;;;;1;;;;
27/10/2019;05:02:00;3671;sem vítima;75;BR-040/RJ;Sul;Derrapagem;1;;;;;;;;;;1;;;;
27/10/2019;06:23:00;3676;com vítima;96;BR-040/RJ;Sul;Colisão Lateral;;;;;2;;;;;;1;3;4;3;1
27/10/2019;09:14:00;3687;com vítima;74;BR-040/RJ;Norte;Queda de Moto;;;;1;;;;;;;0;1;;;
27/10/2019;13:56:00;3721;sem vítima;90;BR-040/RJ;Norte;Choque - Objeto Fixo;1;;;;;;;;;;1;;;;
27/10/2019;14:25:00;3724;com vítima;76;BR-040/RJ;Sul;Queda de Moto;;;;1;;;;;;;0;;1;;
28/10/2019;01:16:00;3798;sem vítima;119;BR-040/RJ;Sul;Colisão Traseira;1;;;;1;;;;;;2;;;;
28/10/2019;06:50:00;3817;sem vítima;90;BR-040/RJ;Norte;Choque - Objeto Fixo;1;;;;;;;;;;1;;;;
28/10/2019;07:30:00;3822;sem vítima;82;BR-040/RJ;Sul;Colisão Traseira;1;;1;;;;;;;;2;;;;
28/10/2019;09:04:00;3836;sem vítima;90;BR-040/RJ;Norte;Choque - Objeto Fixo;1;;;;;;;;;;1;;;;
28/10/2019;14:29:00;3884;sem vítima;2;BR-040/RJ;Sul;Saída de Pista;1;;;;;;;;;;1;;;;
28/10/2019;14:32:00;3886;com vítima;5;BR-040/RJ;Sul;Choque - Objeto Fixo;1;;;;;;;;;;0;2;;;
28/10/2019;14:35:00;3887;com vítima;824;BR-040/MG;Sul;Choque - Objeto Fixo;1;;;;;;;;;;0;1;;;
28/10/2019;14:59:00;3888;com vítima;13;BR-040/RJ;Sul;Choque - Objeto Fixo;1;;;;;;;;;;0;2;;;
28/10/2019;15:00:00;3891;sem vítima;5;BR-040/RJ;Norte;Choque - Objeto Fixo;1;;;;;;;;;;1;;;;
28/10/2019;20:44:00;3932;com vítima;43;BR-040/RJ;Norte;Tombamento;;;1;;;1;;;;;1;1;;;
29/10/2019;04:28:00;3951;com vítima;109;BR-040/RJ;Sul;Queda de Moto;;;1;1;;;;;;;1;;1;;
29/10/2019;05:56:00;3957;com vítima;777;BR-040/MG;Sul;Capotamento;1;;;;;;;;;;0;1;;;
29/10/2019;07:54:00;3969;com vítima;113;BR-040/RJ;Norte;Capotamento;1;;;;;;;;;;0;1;;;
29/10/2019;08:13:00;3973;com vítima;109;BR-040/RJ;Sul;Colisão Traseira;1;;;1;;1;;;;;2;1;;;
29/10/2019;21:29:00;4077;com vítima;114;BR-040/RJ;Norte;Colisão Traseira;;;;1;;1;;;;;1;1;;;
29/10/2019;22:25:00;4082;sem vítima;123;BR-040/RJ;Norte;Choque - Objeto Fixo;1;;;;;;;;;;1;;;;
29/10/2019;22:48:00;4087;sem vítima;94;BR-040/RJ;Norte;Choque - Objeto Fixo;1;;;;;;;;;;1;;;;
30/10/2019;00:03:00;4092;sem vítima;77;BR-040/RJ;Norte;Choque - Objeto Fixo;1;;;;;;;;;;1;;;;
30/10/2019;04:39:00;4107;com vítima;107;BR-040/RJ;Norte;Atropelamento - Animal;;;;1;;;;;;;0;1;;;
30/10/2019;09:12:00;4138;com vítima;121;BR-040/RJ;Sul;Queda de Moto;;;;1;;;;;;;0;1;;;
30/10/2019;10:48:00;4152;sem vítima;84;BR-040/RJ;Norte;Choque - Objeto Fixo;1;;;;;;;;;;1;;;;
31/10/2019;06:08:00;4250;com vítima;121;BR-040/RJ;Sul;Engavetamento;2;;;2;;;;;;;2;;3;;
31/10/2019;11:36:00;4290;sem vítima;105;BR-040/RJ;Norte;Colisão Lateral;1;;;;1;;;;;;2;;;;
31/10/2019;11:45:00;4291;sem vítima;87;BR-040/RJ;Sul;Saída de Pista;1;;;;;;;;;;1;;;;
31/10/2019;16:18:00;4315;sem vítima;92;BR-040/RJ;Sul;Choque - Objeto Fixo;1;;;;;;;;;;1;;;;
31/10/2019;16:27:00;4317;sem vítima;92;BR-040/RJ;Norte;Choque - Objeto Fixo;1;;;;;;;;;;1;;;;
31/10/2019;16:30:00;4319;sem vítima;93;BR-040/RJ;Sul;Choque - Objeto Fixo;1;;;;;;;;;;1;;;;
31/10/2019;16:38:00;4321;sem vítima;92;BR-040/RJ;Sul;Choque - Objeto Fixo;1;;;;;;;;;;1;;;;
31/10/2019;17:36:00;4328;sem vítima;97;BR-040/RJ;Sul;Choque - Objeto Fixo;1;;;;;;;;;;1;;;;
31/10/2019;17:52:00;4333;sem vítima;10;BR-040/RJ;Sul;Choque - Objeto Fixo;1;;;;;;;;;;1;;;;
31/10/2019;20:30:00;4355;sem vítima;62;BR-040/RJ;Norte;Colisão Lateral;1;;1;;;;;;;;2;;;;
01/11/2019;02:13:00;7;com vítima;94;BR-040/RJ;Sul;Queda de Moto;;;;1;;;;;;;0;1;;1;
01/11/2019;11:58:00;67;com vítima;102;BR-040/RJ;Norte;Colisão Traseira;;1;1;;;;;;;;1;;1;;
01/11/2019;14:09:00;83;sem vítima;108;BR-040/RJ;Norte;Choque - Objeto Fixo;1;;;;;;;;;;1;;;;
01/11/2019;14:51:00;91;com vítima;18;BR-040/RJ;Norte;Tombamento;1;;;;;;;;;;1;2;;;
01/11/2019;15:34:00;97;sem vítima;13;BR-040/RJ;Norte;Choque - Objeto Fixo;1;;;;;;;;;;1;;;;
01/11/2019;16:00:00;100;sem vítima;84;BR-040/RJ;Sul;Choque - Objeto Fixo;1;;;;;;;;;;1;;;;
01/11/2019;17:36:00;124;com vítima;22;BR-040/RJ;Sul;Capotamento;1;;;;;;;;;;0;3;;;
01/11/2019;17:46:00;126;com vítima;92;BR-040/RJ;Sul;Choque - Objeto Fixo;1;;;;;;;;;;0;1;;;
01/11/2019;18:31:00;135;com vítima;123;BR-040/RJ;Sul;Colisão Lateral;1;;;1;;;;;;;1;1;;;
01/11/2019;18:53:00;142;sem vítima;82;BR-040/RJ;Sul;Choque - Objeto Fixo;;;;;;;;;;1;1;;;;
01/11/2019;19:41:00;150;sem vítima;15;BR-040/RJ;Norte;Choque - Objeto Fixo;1;;;;;;;;;;1;;;;
02/11/2019;02:25:00;178;sem vítima;117;BR-040/RJ;Norte;Choque - Objeto Fixo;1;;;;;;;;;;1;;;;
02/11/2019;02:59:00;180;com vítima;30;BR-040/RJ;Norte;Queda de Moto;;;;1;;;;;;;0;;1;;
02/11/2019;03:13:00;181;com vítima;94;BR-040/RJ;Sul;Choque - Objeto Fixo;;;1;;;;;;;;0;2;;;
02/11/2019;05:16:00;183;com vítima;85;BR-040/RJ;Sul;Queda de Moto;;;;1;;;;;;;0;;1;;
02/11/2019;06:08:00;186;sem vítima;109;BR-040/RJ;Norte;Choque - Objeto Fixo;1;;;;;;;;;;1;;;;
02/11/2019;06:16:00;187;com vítima;45;BR-040/RJ;Norte;Atropelamento - Pedestre;1;;;;;1;;;;;1;;;1;
02/11/2019;06:28:00;188;com vítima;824;BR-040/MG;Sul;Choque - Objeto Fixo;1;;;;;;;;;;0;1;1;;
02/11/2019;07:04:00;189;com vítima;16;BR-040/RJ;Norte;Choque - Objeto Fixo;1;;;;;;;;;;0;1;;;
02/11/2019;09:30:00;197;com vítima;123;BR-040/RJ;Norte;Colisão Traseira;1;;1;;;;;;;;1;4;;;
02/11/2019;14:08:00;221;sem vítima;88;BR-040/RJ;Norte;Engavetamento;2;;;;;1;;;;;3;;;;