data;horario;n_da_ocorrencia;tipo_de_ocorrencia;km;trecho;sentido;tipo_de_acidente;automovel;bicicleta;caminhao;moto;onibus;outros;tracao_animal;transporte_de_cargas_especiais;trator_maquinas;utilitarios;ilesos;levemente_feridos;moderadamente_feridos;gravemente_feridos;mortos
16/11/2019;08:03:00;2135;com vítima;21;BR-040/RJ;Norte;Queda de Moto;;;;1;;;;;;;0;1;;;
16/11/2019;08:42:00;2137;sem vítima;780;BR-040/MG;Norte;Colisão Traseira;2;;;;;;;;;;2;;;;
16/11/2019;14:29:00;2186;com vítima;70;BR-040/RJ;Norte;Choque - Objeto Fixo;1;;;;;;;;;;0;1;;;
16/11/2019;16:41:00;2205;sem vítima;118;BR-040/RJ;Norte;Colisão Traseira;2;;;;;;;;;;2;;;;
16/11/2019;19:15:00;2219;sem vítima;118;BR-040/RJ;Sul;Colisão Lateral;1;;1;;;;;;;;2;;;;
17/11/2019;04:04:00;2255;com vítima;24;BR-040/RJ;Sul;Atropelamento - Animal;;;;1;;;;;;;0;1;;;
17/11/2019;05:48:00;2263;sem vítima;788;BR-040/MG;Norte;Capotamento;1;;;;;;;;;;1;;;;
17/11/2019;13:50:00;2294;com vítima;82;BR-040/RJ;Sul;Queda de Moto;;;;1;;;;;;;0;2;;;
17/11/2019;14:41:00;2302;com vítima;809;BR-040/MG;Sul;Atropelamento - Pedestre;1;;;;;1;;;;;1;1;;;
17/11/2019;15:24:00;2307;sem vítima;120;BR-040/RJ;Sul;Colisão Lateral;1;;;;;1;;;;;2;;;;
17/11/2019;17:14:00;2323;sem vítima;7;BR-040/RJ;Sul;Colisão Lateral;1;;;;1;;;;;;2;;;;
17/11/2019;17:24:00;2325;sem vítima;93;BR-040/RJ;Sul;Choque - Objeto Fixo;1;;;;;;;;;;1;;;;
17/11/2019;18:16:00;2333;sem vítima;91;BR-040/RJ;Norte;Choque - Objeto Fixo;1;;;;;;;;;;1;;;;
17/11/2019;22:36:00;2365;com vítima;122;BR-040/RJ;Sul;Atropelamento - Pedestre;1;;;;;1;;;;;1;;;;1
17/11/2019;23:00:00;2368;com vítima;80;BR-040/RJ;Sul;Capotamento;1;;;;;;;;;;0;4;;;
18/11/2019;04:24:00;2385;com vítima;113;BR-040/RJ;Sul;Choque - Objeto Fixo;1;;;;;;;;;;0;3;;;
18/11/2019;05:48:00;2390;com vítima;74;BR-040/RJ;Norte;Capotamento;1;;;;;;;;;;0;1;;;
18/11/2019;06:12:00;2392;sem vítima;35;BR-040/RJ;Norte;Choque - Objeto Fixo;1;;;;;;;;;;1;;;;
18/11/2019;06:29:00;2394;com vítima;74;BR-040/RJ;Norte;Colisão Traseira;2;;;;;;;;;;0;4;;;
18/11/2019;07:02:00;2400;com vítima;117;BR-040/RJ;Sul;Colisão Traseira;;;1;;1;;;;;;0;3;;;
18/11/2019;06:54:00;2401;sem vítima;1;BR-040/RJ;Norte;Choque - Objeto Fixo;1;;;;;;;;;;1;;;;
18/11/2019;07:45:00;2405;com vítima;42;BR-040/RJ;Norte;Choque - Objeto Fixo;1;;;;;;;;;;0;3;;;
18/11/2019;08:17:00;2413;sem vítima;123;BR-040/RJ;Sul;Colisão Lateral;1;;1;;;;;;;;2;;;;
18/11/2019;08:40:00;2414;sem vítima;788;BR-040/MG;Sul;Choque - Objeto Fixo;1;;;;;;;;;;1;;;;
18/11/2019;09:17:00;2421;sem vítima;92;BR-040/RJ;Sul;Choque - Objeto Fixo;1;;;;;;;;;;1;;;;
18/11/2019;09:27:00;2423;sem vítima;92;BR-040/RJ;Norte;Choque - Objeto Fixo;1;;;;;;;;;;1;;;;
18/11/2019;09:39:00;2425;sem vítima;121;BR-040/RJ;Sul;Colisão Traseira;1;;1;;;;;;;;2;;;;
18/11/2019;10:10:00;2433;sem vítima;93;BR-040/RJ;Norte;Choque - Objeto Fixo;1;;;;;;;;;;1;;;;
18/11/2019;12:43:00;2446;com vítima;791;BR-040/MG;Sul;Capotamento;1;;;;;;;;;;0;1;;;
18/11/2019;16:26:00;2475;sem vítima;93;BR-040/RJ;Sul;Choque - Objeto Fixo;1;;;;;;;;;;1;;;;
18/11/2019;16:56:00;2477;sem vítima;94;BR-040/RJ;Sul;Choque - Objeto Fixo;1;;;;;;;;;;1;;;;
18/11/2019;17:14:00;2481;sem vítima;92;BR-040/RJ;Sul;Choque - Objeto Fixo;1;;;;;;;;;;1;;;;
18/11/2019;20:57:00;2506;sem vítima;90;BR-040/RJ;Sul;Choque - Objeto Fixo;1;;;;;;;;;;1;;;;
18/11/2019;21:55:00;2514;sem vítima;92;BR-040/RJ;Sul;Choque - Objeto Fixo;1;;;;;;;;;;1;;;;
19/11/2019;05:35:00;2538;sem vítima;90;BR-040/RJ;Sul;Derrapagem;1;;;;;;;;;;1;;;;
19/11/2019;05:56:00;2539;com vítima;120;BR-040/RJ;Norte;Colisão Lateral;1;;;;1;;;;;;1;1;;;
19/11/2019;05:59:00;2540;sem vítima;78;BR-040/RJ;Sul;Choque - Objeto Fixo;1;;;;;;;;;;1;;;;
19/11/2019;10:34:00;2569;sem vítima;92;BR-040/RJ;Sul;Choque - Objeto Fixo;1;;;;;;;;;;1;;;;
19/11/2019;10:37:00;2571;sem vítima;91;BR-040/RJ;Norte;Choque - Objeto Fixo;1;;;;;;;;;;1;;;;
19/11/2019;11:01:00;2573;sem vítima;84;BR-040/RJ;Norte;Choque - Objeto Fixo;1;;;;;;;;;;1;;;;
19/11/2019;11:20:00;2575;sem vítima;84;BR-040/RJ;Norte;Choque - Objeto Fixo;1;;;;;;;;;;1;;;;
19/11/2019;12:13:00;2579;sem vítima;92;BR-040/RJ;Sul;Choque - Objeto Fixo;1;;;;;;;;;;1;;;;
19/11/2019;13:01:00;2582;sem vítima;91;BR-040/RJ;Norte;Choque - Objeto Fixo;1;;;;;;;;;;1;;;;
19/11/2019;13:21:00;2586;com vítima;74;BR-040/RJ;Norte;Saída de Pista;1;;;;;;;;;;0;4;;;
19/11/2019;13:39:00;2587;sem vítima;92;BR-040/RJ;Norte;Choque - Objeto Fixo;1;;;;;;;;;;1;;;;
19/11/2019;13:40:00;2588;sem vítima;93;BR-040/RJ;Sul;Capotamento;1;;;;;;;;;;1;;;;
19/11/2019;15:03:00;2597;sem vítima;88;BR-040/RJ;Norte;Choque - Objeto Fixo;1;;;;;;;;;;1;;;;
19/11/2019;15:56:00;2602;sem vítima;93;BR-040/RJ;Sul;Choque - Objeto Fixo;1;;;;;;;;;;1;;;;
19/11/2019;15:56:00;2604;sem vítima;93;BR-040/RJ;Sul;Choque - Objeto Fixo;1;;;;;;;;;;1;;;;
19/11/2019;16:38:00;2612;sem vítima;84;BR-040/RJ;Norte;Choque - Objeto Fixo;1;;;;;;;;;;1;;;;
19/11/2019;16:41:00;2613;sem vítima;90;BR-040/RJ;Norte;Choque - Objeto Fixo;1;;;;;;;;;;1;;;;
19/11/2019;16:46:00;2614;com vítima;42;BR-040/RJ;Norte;Queda de Moto;;;;1;;;;;;;0;2;;;
19/11/2019;17:34:00;2619;sem vítima;77;BR-040/RJ;Sul;Choque - Objeto Fixo;1;;;;;;;;;;1;;;;
19/11/2019;18:40:00;2630;sem vítima;94;BR-040/RJ;Sul;Choque - Objeto Fixo;1;;;;;;;;;;1;;;;
19/11/2019;19:33:00;2643;sem vítima;111;BR-040/RJ;Norte;Colisão Traseira;2;;;;;;;;;;2;;;;
19/11/2019;21:01:00;2649;com vítima;97;BR-040/RJ;Sul;Choque - Objeto Fixo;;;1;;;;;;;;0;3;;;
19/11/2019;21:15:00;2650;sem vítima;1;BR-040/RJ;Norte;Capotamento;1;;;;;;;;;;1;;;;
20/11/2019;02:47:00;2673;sem vítima;95;BR-040/RJ;Norte;Choque - Objeto Fixo;1;;;;;;;;;;1;;;;
20/11/2019;03:17:00;2677;com vítima;31;BR-040/RJ;Sul;Queda de Moto;;;;1;;;;;;;0;1;;;
20/11/2019;04:37:00;2678;sem vítima;113;BR-040/RJ;Sul;Atropelamento - Animal;1;;;;;;;;;;1;;;;
20/11/2019;05:56:00;2687;sem vítima;105;BR-040/RJ;Sul;Colisão Traseira;2;;;;;;;;;;2;;;;
20/11/2019;06:35:00;2691;sem vítima;102;BR-040/RJ;Norte;Colisão Traseira;1;;1;;;;;;;;2;;;;
20/11/2019;07:26:00;2696;sem vítima;94;BR-040/RJ;Sul;Choque - Objeto Fixo;1;;;;;;;;;;1;;;;
20/11/2019;08:33:00;2707;sem vítima;90;BR-040/RJ;Norte;Choque - Objeto Fixo;1;;;;;;;;;;1;;;;
20/11/2019;09:34:00;2715;com vítima;81;BR-040/RJ;Sul;Tombamento;;;1;;;;;;;;0;1;;;
20/11/2019;09:32:00;2716;com vítima;15;BR-040/RJ;Sul;Capotamento;1;;;;;;;;;;0;2;;;
20/11/2019;09:56:00;2717;com vítima;773;BR-040/MG;Norte;Choque - Objeto Fixo;1;;;;;;;;;;0;1;;;
20/11/2019;10:01:00;2719;com vítima;1;BR-040/RJ;Norte;Choque - Objeto Fixo;1;;;;;;;;;;0;4;;;
20/11/2019;10:42:00;2724;sem vítima;91;BR-040/RJ;Norte;Choque - Objeto Fixo;1;;;;;;;;;;1;;;;
20/11/2019;11:56:00;2729;sem vítima;92;BR-040/RJ;Sul;Choque - Objeto Fixo;1;;;;;;;;;;1;;;;
20/11/2019;12:10:00;2732;sem vítima;92;BR-040/RJ;Sul;Choque - Objeto Fixo;1;;;;;;;;;;1;;;;
20/11/2019;13:40:00;2737;com vítima;784;BR-040/MG;Sul;Capotamento;1;;;;;;;;;;0;1;;;
20/11/2019;13:54:00;2738;sem vítima;92;BR-040/RJ;Sul;Choque - Objeto Fixo;1;;;;;;;;;;1;;;;
20/11/2019;14:22:00;2744;sem vítima;94;BR-040/RJ;Sul;Choque - Objeto Fixo;1;;;;;;;;;;1;;;;
20/11/2019;14:32:00;2746;sem vítima;823;BR-040/MG;Sul;Choque - Objeto Fixo;1;;;;;;;;;;1;;;;
20/11/2019;16:12:00;2756;sem vítima;77;BR-040/RJ;Sul;Choque - Objeto Fixo;1;;;;;;;;;;1;;;;
20/11/2019;16:38:00;2759;sem vítima;91;BR-040/RJ;Sul;Choque - Objeto Fixo;1;;;;;;;;;;1;;;;
20/11/2019;16:31:00;2760;sem vítima;74;BR-040/RJ;Norte;Choque - Objeto Fixo;1;;;;;;;;;;1;;;;
20/11/2019;17:23:00;2762;sem vítima;30;BR-040/RJ;Norte;Choque - Objeto Fixo;1;;;;;;;;;;1;;;;
20/11/2019;17:53:00;2765;sem vítima;91;BR-040/RJ;Sul;Choque - Objeto Fixo;1;;;;;;;;;;1;;;;
20/11/2019;19:39:00;2774;sem vítima;105;BR-040/RJ;Sul;Colisão Lateral;1;;;;;1;;;;;2;;;;
21/11/2019;05:09:00;2793;sem vítima;92;BR-040/RJ;Sul;Derrapagem;1;;;;;;;;;;1;;;;
21/11/2019;11:02:00;2831;com vítima;59;BR-040/RJ;Sul;Colisão Frontal;2;;;;;;;;;;0;2;;;
21/11/2019;11:21:00;2837;sem vítima;120;BR-040/RJ;Sul;Colisão Transversal;1;;1;;;;;;;;2;;;;
21/11/2019;11:58:00;2844;sem vítima;92;BR-040/RJ;Sul;Choque - Objeto Fixo;1;;;;;;;;;;1;;;;
21/11/2019;12:53:00;2848;com vítima;84;BR-040/RJ;Sul;Choque - Objeto Fixo;1;;;;;;;;;;0;1;;;
21/11/2019;13:32:00;2856;com vítima;820;BR-040/MG;Sul;Choque - Objeto Fixo;1;;;;;;;;;;0;;1;;
21/11/2019;16:40:00;2883;sem vítima;784;BR-040/MG;Sul;Choque - Objeto Fixo;1;;;;;;;;;;1;;;;
21/11/2019;17:03:00;2887;sem vítima;109;BR-040/RJ;Norte;Colisão Traseira;1;;1;;;;;;;;2;;;;
21/11/2019;21:40:00;2920;com vítima;46;BR-040/RJ;Norte;Saída de Pista;1;;;;;;;;;;0;;1;;
22/11/2019;00:26:00;2936;sem vítima;787;BR-040/MG;Sul;Atropelamento - Animal;1;;;;;;;;;;1;;;;
22/11/2019;06:41:00;2949;com vítima;121;BR-040/RJ;Sul;Colisão Lateral;1;;;1;;;;;;;1;1;;;
22/11/2019;09:15:00;2968;com vítima;83;BR-040/RJ;Norte;Colisão Lateral;2;;;;;;;;;;0;3;;;
22/11/2019;10:35:00;2979;com vítima;94;BR-040/RJ;Norte;Queda de Moto;;;;1;;;;;;;0;1;;;
22/11/2019;11:45:00;2992;sem vítima;118;BR-040/RJ;Norte;Colisão Lateral;2;;;;;;;;;;2;;;;
22/11/2019;16:44:00;3040;sem vítima;123;BR-040/RJ;Norte;Colisão Traseira;2;;;;;;;;;;2;;;;
22/11/2019;17:28:00;3047;sem vítima;124;BR-040/RJ;Sul;Colisão Transversal;1;;;1;;;;;;;2;;;;
22/11/2019;19:33:00;3061;sem vítima;96;BR-040/RJ;Norte;Choque - Objeto Fixo;1;;;;;;;;;;1;;;;
22/11/2019;20:47:00;3067;sem vítima;91;BR-040/RJ;Norte;Choque - Objeto Fixo;1;;;;;;;;;;1;;;;
22/11/2019;21:11:00;3070;sem vítima;70;BR-040/RJ;Sul;Choque - Objeto Fixo;1;;;;;;;;;;1;;;;
22/11/2019;21:23:00;3073;sem vítima;77;BR-040/RJ;Sul;Choque - Objeto Fixo;1;;;;;;;;;;1;;;;
23/11/2019;03:28:00;3102;com vítima;69;BR-040/RJ;Norte;Capotamento;1;;;;;;;;;;0;4;;;
23/11/2019;04:38:00;3103;sem vítima;57;BR-040/RJ;Sul;Capotamento;1;;;;;;;;;;1;;;;
23/11/2019;06:21:00;3107;com vítima;93;BR-040/RJ;Sul;Capotamento;1;;;;;;;;;;0;1;;;
23/11/2019;07:16:00;3114;sem vítima;779;BR-040/MG;Norte;Queda de Moto;;;;1;;;;;;;1;;;;
23/11/2019;11:35:00;3153;com vítima;119;BR-040/RJ;Sul;Queda de Moto;;;;1;;;;;;;0;1;1;;
23/11/2019;15:00:00;3179;sem vítima;8;BR-040/RJ;Norte;Saída de Pista;1;;;;;;;;;;1;;;;
23/11/2019;16:27:00;3190;sem vítima;2;BR-040/RJ;Norte;Choque - Objeto Fixo;1;;;;;;;;;;1;;;;
23/11/2019;18:26:00;3201;com vítima;806;BR-040/MG;Norte;Choque - Objeto Fixo;1;;;;;;;;;;0;1;;;
23/11/2019;19:03:00;3202;sem vítima;99;BR-040/RJ;Norte;Choque - Objeto Fixo;1;;;;;;;;;;1;;;;
23/11/2019;19:21:00;3204;sem vítima;83;BR-040/RJ;Norte;Choque - Objeto Fixo;1;;;;;;;;;;1;;;;
23/11/2019;19:50:00;3208;sem vítima;113;BR-040/RJ;Sul;Capotamento;1;;;;;;;;;;1;;;;
23/11/2019;20:28:00;3215;com vítima;114;BR-040/RJ;Norte;Colisão Traseira;2;;;;;;;;;;0;2;;;
23/11/2019;21:19:00;3222;sem vítima;25;BR-040/RJ;Sul;Choque - Objeto Fixo;;;1;;;;;;;;1;;;;
23/11/2019;21:25:00;3223;sem vítima;113;BR-040/RJ;Sul;Colisão Traseira;2;;;;;;;;;;2;;;;
23/11/2019;21:35:00;3226;com vítima;113;BR-040/RJ;Sul;Tombamento;1;;;;;;;;;;0;1;;;
23/11/2019;22:59:00;3227;com vítima;117;BR-040/RJ;Sul;Colisão Traseira;2;;;;;;;;;;1;2;;;
24/11/2019;00:05:00;3228;com vítima;59;BR-040/RJ;Norte;Capotamento;1;;;;;;;;;;0;1;;;
24/11/2019;05:25:00;3252;sem vítima;92;BR-040/RJ;Sul;Choque - Objeto Fixo;1;;;;;;;;;;1;;;;
24/11/2019;06:53:00;3255;sem vítima;114;BR-040/RJ;Sul;Choque - Objeto Fixo;1;;;;;;;;;;1;;;;
24/11/2019;08:20:00;3259;com vítima;780;BR-040/MG;Norte;Capotamento;1;;;;;;;;;;0;2;;;
24/11/2019;10:24:00;3271;sem vítima;93;BR-040/RJ;Sul;Capotamento;1;;;;;;;;;;1;;;;
24/11/2019;11:34:00;3277;sem vítima;94;BR-040/RJ;Sul;Choque - Objeto Fixo;1;;;;;;;;;;1;;;;
24/11/2019;13:02:00;3286;sem vítima;90;BR-040/RJ;Sul;Choque - Objeto Fixo;1;;;;;;;;;;1;;;;
24/11/2019;13:27:00;3287;sem vítima;93;BR-040/RJ;Sul;Choque - Objeto Fixo;1;;;;;;;;;;1;;;;
24/11/2019;13:54:00;3291;com vítima;78;BR-040/RJ;Sul;Choque - Objeto Fixo;1;;;;;;;;;;0;3;;;
24/11/2019;14:01:00;3293;sem vítima;75;BR-040/RJ;Sul;Choque - Objeto Fixo;1;;;;;;;;;;1;;;;
24/11/2019;14:43:00;3294;sem vítima;81;BR-040/RJ;Sul;Choque - Objeto Fixo;1;;;;;;;;;;1;;;;
24/11/2019;17:03:00;3307;com vítima;98;BR-040/RJ;Sul;Saída de Pista;1;;;;;;;;;;0;1;;;
24/11/2019;16:48:00;3308;sem vítima;45;BR-040/RJ;Norte;Colisão Lateral;2;;;;;;;;;;2;;;;
24/11/2019;19:28:00;3323;sem vítima;113;BR-040/RJ;Sul;Colisão Traseira;2;;;;;;;;;;2;;;;
24/11/2019;20:31:00;3330;com vítima;92;BR-040/RJ;Sul;Choque - Objeto Fixo;1;;;;;;;;;;0;;1;;
24/11/2019;21:53:00;3335;sem vítima;84;BR-040/RJ;Sul;Choque - Objeto Fixo;1;;;;;;;;;;1;;;;
25/11/2019;10:05:00;3386;sem vítima;85;BR-040/RJ;Norte;Choque - Objeto Fixo;1;;;;;;;;;;1;;;;
25/11/2019;11:47:00;3400;sem vítima;84;BR-040/RJ;Sul;Choque - Objeto Fixo;1;;;;;;;;;;1;;;;
25/11/2019;12:26:00;3406;com vítima;89;BR-040/RJ;Norte;Choque - Objeto Fixo;1;;;;;;;;;;0;2;;;
25/11/2019;15:16:00;3421;sem vítima;99;BR-040/RJ;Sul;Colisão Lateral;2;;;;;;;;;;2;;;;
25/11/2019;16:47:00;3438;com vítima;121;BR-040/RJ;Norte;Colisão Lateral;1;;;1;;;;;;;1;;1;;
25/11/2019;19:27:00;3462;com vítima;110;BR-040/RJ;Norte;Colisão Lateral;1;;;1;;;;;;;1;1;;;
26/11/2019;01:34:00;3499;com vítima;91;BR-040/RJ;Norte;Colisão Traseira;1;;;;;1;;;;;1;2;;;
26/11/2019;07:11:00;3522;sem vítima;114;BR-040/RJ;Norte;Colisão Traseira;1;;1;;;;;;;;2;;;;
26/11/2019;13:49:00;3559;com vítima;119;BR-040/RJ;Sul;Saída de Pista;3;;;1;;2;;;;;4;;;1;1
26/11/2019;15:53:00;3570;sem vítima;110;BR-040/RJ;Norte;Colisão Lateral;;;2;;;;;;;;2;;;;
27/11/2019;03:32:00;3622;com vítima;112;BR-040/RJ;Sul;Colisão Traseira;1;;1;;;;;;;;1;1;;;
27/11/2019;07:21:00;3641;sem vítima;120;BR-040/RJ;Sul;Colisão Traseira;2;;;;;;;;;;2;;;;
27/11/2019;12:03:00;3680;sem vítima;81;BR-040/RJ;Sul;Choque - Objeto Fixo;1;;;;;;;;;;1;;;;
27/11/2019;14:46:00;3696;com vítima;124;BR-040/RJ;Sul;Colisão Traseira;2;;;;;;;;;;0;2;;;
27/11/2019;15:10:00;3706;com vítima;113;BR-040/RJ;Sul;Choque - Objeto Fixo;;;1;;;;;;;;0;1;;;
27/11/2019;16:00:00;3715;com vítima;125;BR-040/RJ;Norte;Queda de Moto;;;;1;;1;;;;;1;1;;;
27/11/2019;18:44:00;3745;sem vítima;122;BR-040/RJ;Norte;Colisão Traseira;1;;;;;1;;;;;2;;;;
28/11/2019;07:23:00;3791;sem vítima;795;BR-040/MG;Sul;Colisão Lateral;2;;;;;;;;;;2;;;;
28/11/2019;12:19:00;3832;com vítima;121;BR-040/RJ;Norte;Colisão Traseira;1;;;1;;;;;;;1;1;;;
28/11/2019;14:08:00;3845;com vítima;13;BR-040/RJ;Sul;Choque - Objeto Fixo;;;1;;;;;;;;0;1;;;
28/11/2019;15:18:00;3850;com vítima;121;BR-040/RJ;Norte;Colisão Lateral;1;;;;1;;;;;;1;2;;;
28/11/2019;15:31:00;3852;com vítima;93;BR-040/RJ;Sul;Capotamento;1;;;;;;;;;;0;1;;;
28/11/2019;16:43:00;3856;sem vítima;92;BR-040/RJ;Sul;Choque - Objeto Fixo;1;;;;;;;;;;1;;;;
28/11/2019;17:32:00;3863;com vítima;1;BR-040/RJ;Norte;Choque - Objeto Fixo;1;;;;;;;;;;0;1;;;
28/11/2019;17:44:00;3868;sem vítima;96;BR-040/RJ;Sul;Choque - Objeto Fixo;1;;;;;;;;;;1;;;;
28/11/2019;17:45:00;3869;sem vítima;101;BR-040/RJ;Norte;Colisão Lateral;1;;;;1;;;;;;2;;;;
28/11/2019;17:50:00;3870;sem vítima;117;BR-040/RJ;Sul;Queda de Moto;;;;1;;;;;;;1;;;;
28/11/2019;17:52:00;3871;sem vítima;30;BR-040/RJ;Norte;Choque - Objeto Fixo;1;;;;;;;;;;1;;;;
28/11/2019;19:00:00;3874;sem vítima;85;BR-040/RJ;Norte;Choque - Objeto Fixo;1;;;;;;;;;;1;;;;
28/11/2019;19:44:00;3878;sem vítima;114;BR-040/RJ;Norte;Saída de Pista;1;;;;;;;;;;1;;;;
28/11/2019;19:57:00;3881;sem vítima;98;BR-040/RJ;Norte;Choque - Objeto Fixo;1;;;;;;;;;;1;;;;
28/11/2019;20:25:00;3886;sem vítima;105;BR-040/RJ;Norte;Colisão Lateral;1;;;;1;;;;;;2;;;;
28/11/2019;21:05:00;3889;com vítima;50;BR-040/RJ;Sul;Queda de Moto;;;;1;;;;;;;0;;1;;
29/11/2019;00:40:00;3899;sem vítima;113;BR-040/RJ;Norte;Choque - Objeto Fixo;1;;;;;;;;;;1;;;;
29/11/2019;08:14:00;3927;com vítima;109;BR-040/RJ;Sul;Queda de Moto;;;;1;;1;;;;;1;1;;;
29/11/2019;08:30:00;3932;sem vítima;104;BR-040/RJ;Norte;Choque - Objeto Fixo;1;;;;;;;;;;1;;;;
29/11/2019;08:24:00;3936;sem vítima;72;BR-040/RJ;Norte;Choque - Objeto Fixo;1;;;;;;;;;;1;;;;
29/11/2019;09:03:00;3938;sem vítima;94;BR-040/RJ;Sul;Choque - Objeto Fixo;1;;;;;;;;;;1;;;;
29/11/2019;09:21:00;3940;sem vítima;84;BR-040/RJ;Norte;Choque - Objeto Fixo;1;;;;;;;;;;1;;;;
29/11/2019;09:29:00;3942;sem vítima;93;BR-040/RJ;Sul;Choque - Objeto Fixo;1;;;;;;;;;;1;;;;
29/11/2019;09:37:00;3944;sem vítima;93;BR-040/RJ;Sul;Choque - Objeto Fixo;1;;;;;;;;;;1;;;;
29/11/2019;13:04:00;3967;sem vítima;94;BR-040/RJ;Sul;Choque - Objeto Fixo;1;;;;;;;;;;1;;;;
29/11/2019;14:25:00;3986;sem vítima;90;BR-040/RJ;Norte;Queda de Moto;;;;1;;;;;;;1;;;;
29/11/2019;17:05:00;3999;sem vítima;119;BR-040/RJ;Sul;Colisão Lateral;2;;;;;;;;;;2;;;;
29/11/2019;17:41:00;4001;sem vítima;118;BR-040/RJ;Norte;Choque - Objeto Fixo;1;;;;;;;;;;1;;;;
29/11/2019;21:22:00;4022;com vítima;93;BR-040/RJ;Sul;Capotamento;1;;;;;;;;;;0;1;;;
29/11/2019;23:25:00;4033;sem vítima;90;BR-040/RJ;Norte;Choque - Objeto Fixo;1;;;;;;;;;;1;;;;
30/11/2019;01:11:00;4041;sem vítima;115;BR-040/RJ;Norte;Atropelamento - Animal;1;;;;;;;;;;1;;;;
30/11/2019;06:25:00;4055;sem vítima;124;BR-040/RJ;Sul;Choque - Objeto Fixo;1;;;;;;;;;;1;;;;
30/11/2019;06:42:00;4056;com vítima;123;BR-040/RJ;Sul;Capotamento;2;;;;;;;;;;1;1;;;
30/11/2019;09:06:00;4068;com vítima;120;BR-040/RJ;Sul;Colisão Lateral;1;;;1;;;;;;;1;2;;;
30/11/2019;11:15:00;4089;com vítima;47;BR-040/RJ;Norte;Colisão Traseira;;;1;1;;;;;;;1;;;1;
30/11/2019;12:18:00;4095;sem vítima;22;BR-040/RJ;Sul;Colisão Traseira;2;;;;;;;;;;2;;;;
30/11/2019;14:31:00;4104;com vítima;79;BR-040/RJ;Sul;Choque - Objeto Fixo;;;;1;;;;;;;0;1;;;
30/11/2019;15:11:00;4114;com vítima;110;BR-040/RJ;Norte;Colisão Traseira;2;;;;;;;;;;1;1;;;
30/11/2019;18:26:00;4141;sem vítima;119;BR-040/RJ;Norte;Choque - Objeto Fixo;1;;;;;;;;;;1;;;;
30/11/2019;21:59:00;4166;sem vítima;124;BR-040/RJ;Norte;Choque - Objeto Fixo;1;;;;;;;;;;1;;;;
01/12/2019;02:00:00;9;com vítima;121;BR-040/RJ;Sul;Colisão Lateral;2;;;;;1;;;;;1;4;;;
01/12/2019;02:40:00;11;sem vítima;104;BR-040/RJ;Norte;Colisão Lateral;2;;;;;;;;;;2;;;;
01/12/2019;04:51:00;13;com vítima;24;BR-040/RJ;Sul;Capotamento;1;;;;;;;;;;0;2;;;
01/12/2019;07:14:00;19;sem vítima;84;BR-040/RJ;Sul;Engavetamento;3;;;;;;;;;;3;;;;
01/12/2019;13:34:00;61;com vítima;91;BR-040/RJ;Sul;Saída de Pista;1;;;;;;;;;;0;;1;;
01/12/2019;14:13:00;67;sem vítima;78;BR-040/RJ;Norte;Choque - Objeto Fixo;1;;;;;;;;;;1;;;;
01/12/2019;14:55:00;73;sem vítima;92;BR-040/RJ;Norte;Choque - Objeto Fixo;1;;;;;;;;;;1;;;;
01/12/2019;14:59:00;75;sem vítima;84;BR-040/RJ;Sul;Choque - Objeto Fixo;1;;;;;;;;;;1;;;;
01/12/2019;15:31:00;81;sem vítima;14;BR-040/RJ;Norte;Choque - Objeto Fixo;1;;;;;;;;;;1;;;;
01/12/2019;15:38:00;82;sem vítima;84;BR-040/RJ;Norte;Choque - Objeto Fixo;1;;;;;;;;;;1;;;;
01/12/2019;16:03:00;85;com vítima;35;BR-040/RJ;Norte;Capotamento;1;;;;;;;;;;0;1;1;;
01/12/2019;16:16:00;86;sem vítima;90;BR-040/RJ;Sul;Choque - Objeto Fixo;1;;;;;;;;;;1;;;;
01/12/2019;16:23:00;87;sem vítima;93;BR-040/RJ;Sul;Choque - Objeto Fixo;1;;;;;;;;;;1;;;;
01/12/2019;16:25:00;88;sem vítima;92;BR-040/RJ;Sul;Choque - Objeto Fixo;1;;;;;;;;;;1;;;;
01/12/2019;16:47:00;93;com vítima;91;BR-040/RJ;Sul;Capotamento;1;;;;;;;;;;0;4;;;
01/12/2019;17:35:00;102;sem vítima;777;BR-040/MG;Sul;Choque - Objeto Fixo;1;;;;;;;;;;1;;;;
01/12/2019;16:12:00;104;sem vítima;90;BR-040/RJ;Sul;Saída de Pista;1;;;;;;;;;;1;;;;
01/12/2019;19:55:00;121;com vítima;84;BR-040/RJ;Sul;Choque - Objeto Fixo;1;;;;;;;;;;0;1;;;
01/12/2019;21:03:00;130;sem vítima;90;BR-040/RJ;Sul;Choque - Objeto Fixo;1;;;;;;;;;;1;;;;
01/12/2019;21:27:00;134;sem vítima;82;BR-040/RJ;Sul;Choque - Objeto Fixo;1;;;;;;;;;;1;;;;
02/12/2019;05:48:00;168;sem vítima;93;BR-040/RJ;Sul;Choque - Objeto Fixo;1;;;;;;;;;;1;;;;
02/12/2019;06:15:00;171;sem vítima;90;BR-040/RJ;Sul;Choque - Objeto Fixo;1;;;;;;;;;;1;;;;
02/12/2019;06:17:00;172;sem vítima;22;BR-040/RJ;Norte;Choque - Objeto Fixo;;;1;;;;;;;;1;;;;
02/12/2019;06:39:00;174;com vítima;784;BR-040/MG;Norte;Colisão Lateral;1;;;1;;;;;;;1;1;;;
02/12/2019;07:40:00;180;sem vítima;74;BR-040/RJ;Sul;Choque - Objeto Fixo;1;;;;;;;;;;1;;;;