data;horario;n_da_ocorrencia;tipo_de_ocorrencia;km;trecho;sentido;tipo_de_acidente;automovel;bicicleta;caminhao;moto;onibus;outros;tracao_animal;transporte_de_cargas_especiais;trator_maquinas;utilitarios;ilesos;levemente_feridos;moderadamente_feridos;gravemente_feridos;mortos
02/12/2019;09:42:00;199;sem vítima;97;BR-040/RJ;Sul;Colisão Traseira;2;;;;;;;;;;2;;;;
02/12/2019;10:09:00;204;sem vítima;45;BR-040/RJ;Sul;Choque - Objeto Fixo;1;;;;;;;;;;1;;;;
02/12/2019;11:53:00;217;sem vítima;97;BR-040/RJ;Sul;Choque - Objeto Fixo;1;;;;;;;;;;1;;;;
02/12/2019;11:45:00;219;sem vítima;822;BR-040/MG;Norte;Choque - Objeto Fixo;1;;;;;;;;;;1;;;;
02/12/2019;12:27:00;226;sem vítima;14;BR-040/RJ;Sul;Choque - Objeto Fixo;1;;;;;;;;;;1;;;;
02/12/2019;16:50:00;249;sem vítima;94;BR-040/RJ;Sul;Choque - Objeto Fixo;1;;;;;;;;;;1;;;;
02/12/2019;17:15:00;255;sem vítima;71;BR-040/RJ;Norte;Choque - Objeto Fixo;1;;;;;;;;;;1;;;;
02/12/2019;18:30:00;265;sem vítima;112;BR-040/RJ;Norte;Colisão Traseira;2;;;;;;;;;;2;;;;
02/12/2019;21:50:00;285;com vítima;92;BR-040/RJ;Sul;Tombamento;1;;;;;;;;;;0;2;;;
03/12/2019;05:39:00;309;com vítima;82;BR-040/RJ;Sul;Choque - Objeto Fixo;1;;;;;;;;;;0;1;;;
03/12/2019;05:48:00;312;com vítima;115;BR-040/RJ;Norte;Colisão Lateral;1;;;1;;;;;;;1;;1;1;
03/12/2019;09:32:00;337;com vítima;780;BR-040/MG;Sul;Tombamento;;;1;;;;;;;;0;1;;;
03/12/2019;17:20:00;396;sem vítima;92;BR-040/RJ;Sul;Choque - Objeto Fixo;1;;;;;;;;;;1;;;;
03/12/2019;17:27:00;397;sem vítima;90;BR-040/RJ;Sul;Saída de Pista;1;;;;;;;;;;1;;;;
03/12/2019;18:25:00;405;com vítima;72;BR-040/RJ;Norte;Colisão Lateral;2;;;;;;;;;;1;;1;;
03/12/2019;20:20:00;428;sem vítima;84;BR-040/RJ;Norte;Colisão Lateral;;;2;;;;;;;;2;;;;
03/12/2019;21:51:00;434;com vítima;32;BR-040/RJ;Norte;Atropelamento - Pedestre;1;;;;;1;;;;;0;2;;;1
04/12/2019;06:04:00;457;sem vítima;80;BR-040/RJ;Sul;Choque - Objeto Fixo;1;;;;;;;;;;1;;;;
04/12/2019;07:42:00;464;com vítima;121;BR-040/RJ;Sul;Queda de Moto;;;;1;;;;;;;0;2;;;
04/12/2019;08:46:00;470;com vítima;123;BR-040/RJ;Sul;Colisão Lateral;;;;1;1;;;;;;1;1;;;
04/12/2019;10:21:00;482;sem vítima;119;BR-040/RJ;Norte;Engavetamento;2;;1;;;;;;;;3;;;;
04/12/2019;11:44:00;491;com vítima;62;BR-040/RJ;Sul;Colisão Lateral;1;;;1;;;;;;;1;1;;;
04/12/2019;12:28:00;501;sem vítima;119;BR-040/RJ;Norte;Colisão Lateral;1;;1;;;;;;;;2;;;;
04/12/2019;14:24:00;509;sem vítima;111;BR-040/RJ;Sul;Colisão Traseira;1;;;;1;;;;;;2;;;;
04/12/2019;14:42:00;514;sem vítima;118;BR-040/RJ;Norte;Colisão Traseira;2;;;;;;;;;;2;;;;
04/12/2019;15:50:00;525;sem vítima;87;BR-040/RJ;Norte;Colisão Lateral;1;;;;;1;;;;;2;;;;
04/12/2019;17:20:00;542;sem vítima;117;BR-040/RJ;Norte;Colisão Lateral;1;;1;;;;;;;;2;;;;
04/12/2019;18:01:00;549;com vítima;122;BR-040/RJ;Norte;Colisão Lateral;2;;;1;;;;;;;2;1;;;
04/12/2019;19:45:00;562;com vítima;112;BR-040/RJ;Norte;Queda de Moto;;;;1;;;;;;;0;2;;;
04/12/2019;20:14:00;566;com vítima;107;BR-040/RJ;Norte;Colisão Traseira;2;;;;;;;;;;0;4;1;;
05/12/2019;07:56:00;604;sem vítima;73;BR-040/RJ;Norte;Choque - Objeto Fixo;1;;;;;;;;;;1;;;;
05/12/2019;10:03:00;618;sem vítima;123;BR-040/RJ;Norte;Colisão Lateral;2;;;;;;;;;;2;;;;
05/12/2019;10:33:00;621;com vítima;118;BR-040/RJ;Norte;Colisão Lateral;1;;;1;;;;;;;1;1;;;
05/12/2019;13:56:00;652;sem vítima;75;BR-040/RJ;Norte;Choque - Objeto Fixo;1;;;;;;;;;;1;;;;
05/12/2019;15:19:00;658;sem vítima;109;BR-040/RJ;Norte;Colisão Traseira;2;;;;;;;;;;2;;;;
05/12/2019;16:17:00;667;com vítima;4;BR-040/RJ;Sul;Capotamento;1;;;;;;;;;;0;1;;;
05/12/2019;16:53:00;674;sem vítima;13;BR-040/RJ;Sul;Choque - Objeto Fixo;;;1;;;;;;;;1;;;;
05/12/2019;17:02:00;675;sem vítima;79;BR-040/RJ;Norte;Saída de Pista;;;1;;;1;;;;;2;;;;
05/12/2019;17:30:00;679;sem vítima;12;BR-040/RJ;Norte;Choque - Objeto Fixo;1;;;;;;;;;;1;;;;
05/12/2019;17:47:00;682;com vítima;12;BR-040/RJ;Norte;Choque - Objeto Fixo;1;;;;;;;;;;0;5;;;
05/12/2019;19:27:00;695;sem vítima;74;BR-040/RJ;Norte;Colisão Transversal;2;;;;;;;;;;2;;;;
05/12/2019;19:59:00;701;sem vítima;114;BR-040/RJ;Norte;Choque - Objeto Fixo;1;;;;;;;;;;1;;;;
05/12/2019;20:56:00;706;sem vítima;90;BR-040/RJ;Norte;Derrapagem;;;;1;;;;;;;1;;;;
05/12/2019;23:11:00;718;com vítima;783;BR-040/MG;Norte;Saída de Pista;;;1;;;;;;;;0;1;;;
06/12/2019;06:45:00;742;sem vítima;114;BR-040/RJ;Sul;Engavetamento;3;;;;;;;;;;3;;;;
06/12/2019;08:00:00;750;sem vítima;90;BR-040/RJ;Sul;Choque - Objeto Fixo;1;;;;;;;;;;1;;;;
06/12/2019;09:10:00;758;sem vítima;91;BR-040/RJ;Norte;Choque - Objeto Fixo;1;;;;;;;;;;1;;;;
06/12/2019;10:08:00;768;sem vítima;92;BR-040/RJ;Sul;Choque - Objeto Fixo;1;;;;;;;;;;1;;;;
06/12/2019;11:23:00;776;sem vítima;93;BR-040/RJ;Sul;Choque - Objeto Fixo;1;;;;;;;;;;1;;;;
06/12/2019;11:45:00;777;sem vítima;88;BR-040/RJ;Sul;Choque - Objeto Fixo;1;;;;;;;;;;1;;;;
06/12/2019;12:00:00;779;sem vítima;73;BR-040/RJ;Norte;Choque - Objeto Fixo;1;;;;;;;;;;1;;;;
06/12/2019;12:16:00;781;sem vítima;31;BR-040/RJ;Norte;Choque - Objeto Fixo;1;;;;;;;;;;1;;;;
06/12/2019;12:32:00;782;sem vítima;56;BR-040/RJ;Sul;Choque - Objeto Fixo;1;;;;;;;;;;1;;;;
06/12/2019;12:52:00;785;sem vítima;89;BR-040/RJ;Norte;Colisão Lateral;1;;1;;;;;;;;2;;;;
06/12/2019;14:26:00;799;com vítima;31;BR-040/RJ;Sul;Choque - Objeto Fixo;;;1;;;1;;;;;1;1;;;
06/12/2019;14:05:00;800;sem vítima;43;BR-040/RJ;Norte;Choque - Objeto Fixo;1;;;;;;;;;;1;;;;
06/12/2019;14:50:00;803;sem vítima;34;BR-040/RJ;Sul;Choque - Objeto Fixo;1;;;;;;;;;;1;;;;
06/12/2019;15:38:00;812;com vítima;810;BR-040/MG;Norte;Colisão Frontal;2;;;;;;;;;;0;5;;;
06/12/2019;16:03:00;816;sem vítima;77;BR-040/RJ;Norte;Engavetamento;2;;1;;;;;;;;3;;;;
06/12/2019;16:05:00;817;sem vítima;90;BR-040/RJ;Sul;Choque - Objeto Fixo;1;;;;;;;;;;1;;;;
06/12/2019;16:10:00;819;sem vítima;21;BR-040/RJ;Norte;Choque - Objeto Fixo;;;1;;;;;;;;1;;;;
06/12/2019;16:18:00;820;sem vítima;93;BR-040/RJ;Sul;Choque - Objeto Fixo;1;;;;;;;;;;1;;;;
06/12/2019;14:28:00;821;com vítima;31;BR-040/RJ;Norte;Capotamento;1;;;;;;;;;;0;4;;;
06/12/2019;16:32:00;822;sem vítima;1;BR-040/RJ;Norte;Choque - Objeto Fixo;1;;;;;;;;;;1;;;;
06/12/2019;17:21:00;828;sem vítima;114;BR-040/RJ;Norte;Colisão Traseira;1;;;;;1;;;;;2;;;;
06/12/2019;17:05:00;829;sem vítima;1;BR-040/RJ;Norte;Choque - Objeto Fixo;1;;;;;;;;;;1;;;;
06/12/2019;18:28:00;837;sem vítima;22;BR-040/RJ;Norte;Saída de Pista;1;;;;;;;;;;1;;;;
06/12/2019;21:02:00;851;com vítima;98;BR-040/RJ;Norte;Saída de Pista;1;;;;;;;;;;0;2;;;
06/12/2019;21:06:00;854;sem vítima;93;BR-040/RJ;Sul;Choque - Objeto Fixo;1;;;;;1;;;;;2;;;;
06/12/2019;16:55:00;856;sem vítima;810;BR-040/MG;Norte;Colisão Lateral;1;;;;1;;;;;;2;;;;
06/12/2019;21:46:00;859;com vítima;81;BR-040/RJ;Norte;Atropelamento - Pedestre;1;;;;;1;;;;;1;;;;1
06/12/2019;23:14:00;867;sem vítima;810;BR-040/MG;Norte;Choque - Objeto Fixo;1;;;;;;;;;;1;;;;
07/12/2019;05:31:00;881;com vítima;98;BR-040/RJ;Sul;Capotamento;1;;;;;;;;;;0;1;1;;
07/12/2019;06:44:00;883;sem vítima;96;BR-040/RJ;Norte;Choque - Objeto Fixo;1;;;;;;;;;;1;;;;
07/12/2019;06:51:00;885;com vítima;97;BR-040/RJ;Sul;Queda de Moto;;;;1;;;;;;;0;1;;;
07/12/2019;09:47:00;906;sem vítima;122;BR-040/RJ;Norte;Colisão Traseira;1;;;;1;;;;;;2;;;;
07/12/2019;11:01:00;912;sem vítima;802;BR-040/MG;Sul;Colisão Traseira;2;;;;;;;;;;2;;;;
07/12/2019;13:55:00;938;sem vítima;58;BR-040/RJ;Sul;Choque - Objeto Fixo;1;;;;;;;;;;1;;;;
07/12/2019;16:43:00;958;sem vítima;123;BR-040/RJ;Norte;Colisão Traseira;2;;;;;;;;;;2;;;;
07/12/2019;18:23:00;968;com vítima;119;BR-040/RJ;Norte;Colisão Traseira;;;;1;;1;;;;;1;;1;;
07/12/2019;22:44:00;991;sem vítima;113;BR-040/RJ;Sul;Colisão Traseira;1;;;;1;;;;;;2;;;;
08/12/2019;00:44:00;998;com vítima;119;BR-040/RJ;Sul;Colisão Frontal;2;;;;;;;;;;3;1;2;;
08/12/2019;01:33:00;1001;sem vítima;109;BR-040/RJ;Norte;Choque - Objeto Fixo;1;;;;;;;;;;1;;;;
08/12/2019;07:04:00;1022;sem vítima;822;BR-040/MG;Norte;Choque - Objeto Fixo;1;;;;;;;;;;1;;;;
08/12/2019;08:11:00;1029;sem vítima;112;BR-040/RJ;Norte;Choque - Objeto Fixo;1;;;;;;;;;;1;;;;
08/12/2019;08:46:00;1031;sem vítima;84;BR-040/RJ;Sul;Choque - Objeto Fixo;1;;;;;;;;;;1;;;;
08/12/2019;13:07:00;1065;com vítima;47;BR-040/RJ;Sul;Queda de Moto;;;;1;;;;;;;0;;;1;
08/12/2019;13:28:00;1067;sem vítima;122;BR-040/RJ;Sul;Engavetamento;3;;;;;;;;;;3;;;;
08/12/2019;20:19:00;1117;com vítima;78;BR-040/RJ;Sul;Capotamento;1;;;;;;;;;;0;;1;;
08/12/2019;20:52:00;1119;com vítima;105;BR-040/RJ;Norte;Choque - Objeto Fixo;1;;;;;;;;;;0;1;;;
08/12/2019;22:19:00;1128;sem vítima;45;BR-040/RJ;Norte;Choque - Objeto Fixo;;;1;;;;;;;;1;;;;
09/12/2019;08:47:00;1157;com vítima;2;BR-040/RJ;Norte;Choque - Objeto Fixo;1;;;;;;;;;;0;2;;;
09/12/2019;15:16:00;1215;sem vítima;120;BR-040/RJ;Sul;Colisão Lateral;1;;1;;;;;;;;2;;;;
09/12/2019;15:26:00;1219;com vítima;117;BR-040/RJ;Sul;Colisão Traseira;1;;1;;;;;;;;1;1;;;
09/12/2019;17:57:00;1243;com vítima;79;BR-040/RJ;Sul;Choque - Objeto Fixo;1;;;;;;;;;;0;3;2;;
09/12/2019;18:53:00;1247;com vítima;116;BR-040/RJ;Norte;Queda de Moto;;;;1;;;;;;;0;1;;;
09/12/2019;22:48:00;1260;sem vítima;801;BR-040/MG;Norte;Colisão Traseira;2;;;;;;;;;;2;;;;
10/12/2019;00:10:00;1268;sem vítima;109;BR-040/RJ;Norte;Queda de Moto;;;;1;;;;;;;1;;;;
10/12/2019;02:44:00;1276;sem vítima;97;BR-040/RJ;Sul;Choque - Objeto Fixo;;;1;;;;;;;;1;;;;
10/12/2019;06:16:00;1285;com vítima;122;BR-040/RJ;Norte;Capotamento;1;;;;;;;;;;0;2;;;
10/12/2019;06:30:00;1287;sem vítima;828;BR-040/MG;Sul;Choque - Objeto Fixo;1;;;;;;;;;;1;;;;
10/12/2019;06:58:00;1289;sem vítima;13;BR-040/RJ;Norte;Choque - Objeto Fixo;1;;;;;;;;;;1;;;;
10/12/2019;08:32:00;1295;com vítima;84;BR-040/RJ;Sul;Tombamento;;;1;;;;;;;;0;1;;;
10/12/2019;09:03:00;1299;com vítima;92;BR-040/RJ;Sul;Choque - Objeto Fixo;1;;;;;;;;;;0;1;;;
10/12/2019;09:23:00;1301;sem vítima;92;BR-040/RJ;Sul;Choque - Objeto Fixo;1;;;;;;;;;;1;;;;
10/12/2019;09:28:00;1302;sem vítima;84;BR-040/RJ;Sul;Colisão Traseira;2;;;;;;;;;;2;;;;
10/12/2019;12:49:00;1325;sem vítima;93;BR-040/RJ;Sul;Choque - Objeto Fixo;1;;;;;;;;;;1;;;;
10/12/2019;13:18:00;1327;sem vítima;92;BR-040/RJ;Sul;Choque - Objeto Fixo;1;;;;;;;;;;1;;;;
10/12/2019;14:08:00;1329;sem vítima;93;BR-040/RJ;Sul;Choque - Objeto Fixo;1;;;;;;;;;;1;;;;
10/12/2019;16:10:00;1338;sem vítima;92;BR-040/RJ;Sul;Choque - Objeto Fixo;1;;;;;;;;;;1;;;;
10/12/2019;16:14:00;1339;com vítima;13;BR-040/RJ;Norte;Capotamento;1;;;;;;;;;;0;2;;;
10/12/2019;16:33:00;1342;sem vítima;31;BR-040/RJ;Norte;Choque - Objeto Fixo;1;;;;;;;;;;1;;;;
10/12/2019;17:21:00;1347;sem vítima;123;BR-040/RJ;Sul;Colisão Lateral;1;;1;;;;;;;;2;;;;
10/12/2019;18:04:00;1352;sem vítima;93;BR-040/RJ;Sul;Choque - Objeto Fixo;1;;;;;;;;;;1;;;;
10/12/2019;19:22:00;1364;sem vítima;86;BR-040/RJ;Norte;Choque - Objeto Fixo;1;;;;;;;;;;1;;;;
11/12/2019;07:15:00;1406;sem vítima;84;BR-040/RJ;Norte;Choque - Objeto Fixo;1;;;;;;;;;;1;;;;
11/12/2019;07:32:00;1408;sem vítima;104;BR-040/RJ;Sul;Choque - Objeto Fixo;1;;;;;;;;;;1;;;;
11/12/2019;08:28:00;1414;sem vítima;780;BR-040/MG;Norte;Choque - Objeto Fixo;1;;;;;;;;;;1;;;;
11/12/2019;09:44:00;1422;sem vítima;796;BR-040/MG;Sul;Choque - Objeto Fixo;1;;;;;;;;;;1;;;;
11/12/2019;09:43:00;1426;sem vítima;77;BR-040/RJ;Sul;Choque - Objeto Fixo;1;;;;;;;;;;1;;;;
11/12/2019;10:44:00;1436;sem vítima;93;BR-040/RJ;Sul;Choque - Objeto Fixo;1;;;;;;;;;;1;;;;
11/12/2019;12:18:00;1447;sem vítima;82;BR-040/RJ;Sul;Choque - Objeto Fixo;1;;;;;;;;;;1;;;;
11/12/2019;12:18:00;1448;sem vítima;77;BR-040/RJ;Sul;Choque - Objeto Fixo;1;;;;;;;;;;1;;;;
11/12/2019;12:36:00;1451;sem vítima;85;BR-040/RJ;Norte;Choque - Objeto Fixo;1;;;;;;;;;;1;;;;
11/12/2019;13:10:00;1460;com vítima;73;BR-040/RJ;Norte;Tombamento;;;1;;;;;;;;0;;1;;
11/12/2019;14:45:00;1469;sem vítima;18;BR-040/RJ;Sul;Choque - Objeto Fixo;1;;;;;;;;;;1;;;;
11/12/2019;15:46:00;1474;sem vítima;788;BR-040/MG;Norte;Capotamento;1;;;;;;;;;;1;;;;
11/12/2019;18:29:00;1493;com vítima;38;BR-040/RJ;Norte;Capotamento;1;;;;;;;;;;0;;;1;
11/12/2019;20:19:00;1500;sem vítima;93;BR-040/RJ;Sul;Choque - Objeto Fixo;1;;;;;;;;;;1;;;;
11/12/2019;15:35:00;1511;sem vítima;73;BR-040/RJ;Norte;Engavetamento;3;;;;;;;;;;3;;;;
12/12/2019;05:12:00;1532;com vítima;109;BR-040/RJ;Sul;Colisão Traseira;1;;;;1;;;;;;1;;1;;
12/12/2019;07:31:00;1542;com vítima;122;BR-040/RJ;Sul;Queda de Moto;;;1;1;;;;;;;1;1;;;
12/12/2019;10:22:00;1565;sem vítima;92;BR-040/RJ;Sul;Choque - Objeto Fixo;1;;;;;;;;;;1;;;;
12/12/2019;12:37:00;1585;com vítima;34;BR-040/RJ;Sul;Choque - Objeto Fixo;1;;;;;;;;;;0;2;;;
12/12/2019;13:49:00;1592;sem vítima;94;BR-040/RJ;Sul;Choque - Objeto Fixo;1;;;;;;;;;;1;;;;
12/12/2019;15:05:00;1603;com vítima;793;BR-040/MG;Sul;Queda de Moto;;;;1;;;;;;;0;1;;;
12/12/2019;16:11:00;1610;com vítima;84;BR-040/RJ;Sul;Choque - Objeto Fixo;1;;;;;;;;;;0;1;;;
12/12/2019;16:12:00;1611;sem vítima;94;BR-040/RJ;Sul;Choque - Objeto Fixo;1;;;;;;;;;;1;;;;
12/12/2019;16:49:00;1618;sem vítima;90;BR-040/RJ;Sul;Choque - Objeto Fixo;1;;;;;;;;;;1;;;;
12/12/2019;17:41:00;1625;sem vítima;84;BR-040/RJ;Norte;Choque - Objeto Fixo;1;;;;;;;;;;1;;;;
12/12/2019;18:18:00;1630;sem vítima;91;BR-040/RJ;Norte;Choque - Objeto Fixo;1;;;;;;;;;;1;;;;
12/12/2019;18:29:00;1633;sem vítima;1;BR-040/RJ;Norte;Choque - Objeto Fixo;1;;;;;;;;;;1;;;;
13/12/2019;07:53:00;1692;com vítima;123;BR-040/RJ;Sul;Colisão Traseira;1;;;1;;;;;;;1;1;;;
13/12/2019;11:23:00;1721;sem vítima;109;BR-040/RJ;Norte;Colisão Traseira;2;;;;;;;;;;2;;;;
13/12/2019;12:11:00;1731;sem vítima;88;BR-040/RJ;Norte;Choque - Objeto Fixo;1;;;;;;;;;;1;;;;
13/12/2019;13:03:00;1742;com vítima;806;BR-040/MG;Sul;Choque - Objeto Fixo;1;;;;;;;;;;0;2;;;
13/12/2019;16:10:00;1783;sem vítima;111;BR-040/RJ;Norte;Colisão Traseira;2;;;;;;;;;;2;;;;
13/12/2019;16:18:00;1786;com vítima;112;BR-040/RJ;Norte;Colisão Lateral;1;;;1;;;;;;;1;1;;;
13/12/2019;16:27:00;1789;sem vítima;113;BR-040/RJ;Norte;Colisão Traseira;2;;;;;;;;;;2;;;;
13/12/2019;19:01:00;1812;com vítima;120;BR-040/RJ;Norte;Colisão Lateral;1;;;1;;;;;;;0;1;1;;
13/12/2019;20:42:00;1824;com vítima;121;BR-040/RJ;Norte;Colisão Traseira;;;;1;;1;;;;;1;;1;;
13/12/2019;22:24:00;1833;com vítima;118;BR-040/RJ;Norte;Colisão Lateral;1;;;1;1;;;;;;2;1;;;
13/12/2019;22:58:00;1837;com vítima;50;BR-040/RJ;Norte;Colisão Traseira;2;;;;;;;;;;0;3;;;
14/12/2019;06:26:00;1865;sem vítima;94;BR-040/RJ;Sul;Choque - Objeto Fixo;1;;;;;;;;;;1;;;;
14/12/2019;06:48:00;1867;sem vítima;84;BR-040/RJ;Norte;Colisão Lateral;1;;1;;;;;;;;2;;;;
14/12/2019;06:48:00;1868;sem vítima;94;BR-040/RJ;Sul;Choque - Objeto Fixo;1;;;;;;;;;;1;;;;
14/12/2019;07:06:00;1869;sem vítima;118;BR-040/RJ;Sul;Colisão Traseira;1;;;;;1;;;;;2;;;;
14/12/2019;07:20:00;1872;sem vítima;94;BR-040/RJ;Sul;Choque - Objeto Fixo;1;;;;;;;;;;1;;;;
14/12/2019;07:34:00;1876;sem vítima;94;BR-040/RJ;Sul;Choque - Objeto Fixo;1;;;;;;;;;;1;;;;
14/12/2019;15:07:00;1940;sem vítima;75;BR-040/RJ;Sul;Choque - Objeto Fixo;1;;;;;;;;;;1;;;;
14/12/2019;16:56:00;1960;com vítima;38;BR-040/RJ;Norte;Saída de Pista;1;;;;;;;;;;0;3;;;
14/12/2019;18:26:00;1976;sem vítima;91;BR-040/RJ;Norte;Choque - Objeto Fixo;1;;;;;;;;;;1;;;;
14/12/2019;19:39:00;1984;sem vítima;91;BR-040/RJ;Norte;Choque - Objeto Fixo;1;;;;;;;;;;1;;;;
14/12/2019;20:51:00;1995;com vítima;102;BR-040/RJ;Sul;Colisão Frontal;;1;;;;1;;;;;1;1;;;
15/12/2019;00:49:00;2008;sem vítima;118;BR-040/RJ;Sul;Colisão Lateral;2;;;;;;;;;;2;;;;
15/12/2019;05:29:00;2015;sem vítima;89;BR-040/RJ;Norte;Choque - Objeto Fixo;1;;;;;;;;;;1;;;;
15/12/2019;05:30:00;2017;sem vítima;112;BR-040/RJ;Norte;Choque - Objeto Fixo;1;;;;;1;;;;;2;;;;
15/12/2019;08:40:00;2031;com vítima;52;BR-040/RJ;Sul;Colisão Lateral;2;;;;;;;;;;0;3;;;
15/12/2019;08:58:00;2033;sem vítima;124;BR-040/RJ;Sul;Engavetamento;3;;;;;;;;;;3;;;;
15/12/2019;09:05:00;2036;sem vítima;72;BR-040/RJ;Norte;Choque - Objeto Fixo;1;;;;;;;;;;1;;;;
15/12/2019;09:52:00;2048;sem vítima;95;BR-040/RJ;Norte;Choque - Objeto Fixo;1;;;;;;;;;;1;;;;
15/12/2019;10:52:00;2050;sem vítima;92;BR-040/RJ;Norte;Queda de Moto;;;;1;;;;;;;1;;;;
15/12/2019;11:14:00;2053;com vítima;90;BR-040/RJ;Norte;Queda de Moto;;;;1;;;;;;;0;1;;;
15/12/2019;11:51:00;2060;com vítima;787;BR-040/MG;Norte;Queda de Moto;;;;1;;;;;;;0;1;;;
15/12/2019;12:35:00;2063;com vítima;791;BR-040/MG;Sul;Saída de Pista;1;;;;;;;;;;0;6;;;
15/12/2019;12:58:00;2066;sem vítima;120;BR-040/RJ;Norte;Colisão Traseira;1;;;;;1;;;;;2;;;;
15/12/2019;14:13:00;2078;com vítima;791;BR-040/MG;Sul;Colisão Lateral;1;;1;;;;;;;;1;1;;;
15/12/2019;19:48:00;2134;sem vítima;109;BR-040/RJ;Sul;Colisão Traseira;1;;;;;1;;;;;2;;;;
15/12/2019;20:24:00;2140;sem vítima;113;BR-040/RJ;Sul;Saída de Pista;1;;;;;;;;;;1;;;;
15/12/2019;21:30:00;2149;sem vítima;66;BR-040/RJ;Norte;Colisão Traseira;1;;1;;;;;;;;2;;;;
15/12/2019;21:57:00;2153;com vítima;108;BR-040/RJ;Norte;Choque - Objeto Fixo;1;;;;;;;;;;0;1;;;
15/12/2019;23:42:00;2169;sem vítima;120;BR-040/RJ;Sul;Colisão Traseira;2;;;;;;;;;;2;;;;
16/12/2019;02:49:00;2182;com vítima;102;BR-040/RJ;Norte;Capotamento;1;;;;;;;;;;0;1;;;
16/12/2019;06:45:00;2196;com vítima;121;BR-040/RJ;Sul;Colisão Lateral;1;;;1;;;;;;;1;1;1;;
16/12/2019;06:50:00;2198;sem vítima;824;BR-040/MG;Norte;Choque - Objeto Fixo;1;;;;;;;;;;1;;;;
16/12/2019;07:20:00;2203;sem vítima;828;BR-040/MG;Sul;Choque - Objeto Fixo;1;;;;;;;;;;1;;;;
16/12/2019;09:20:00;2218;sem vítima;109;BR-040/RJ;Sul;Colisão Traseira;2;;;;;;;;;;2;;;;
16/12/2019;09:57:00;2229;com vítima;777;BR-040/MG;Sul;Colisão Lateral;2;;;;;;;;;;0;4;;;
16/12/2019;11:04:00;2240;com vítima;113;BR-040/RJ;Sul;Colisão Lateral;1;;;1;;;;;;;0;1;1;;
16/12/2019;13:47:00;2263;com vítima;77;BR-040/RJ;Norte;Colisão Lateral;1;;1;;;;;;;;0;2;;;
16/12/2019;15:19:00;2275;com vítima;95;BR-040/RJ;Sul;Tombamento;1;;1;;;;;;;;1;3;1;;
16/12/2019;20:02:00;2315;com vítima;110;BR-040/RJ;Norte;Engavetamento;3;;;;;;;;;;1;2;;;
16/12/2019;20:56:00;2325;com vítima;820;BR-040/MG;Norte;Colisão Traseira;;;2;;;;;;;;1;2;;;
16/12/2019;23:00:00;2333;com vítima;116;BR-040/RJ;Norte;Colisão Traseira;2;;;;;;;;;;0;1;2;;
17/12/2019;09:00:00;2387;sem vítima;70;BR-040/RJ;Norte;Choque - Objeto Fixo;1;;;;;;;;;;1;;;;
17/12/2019;12:41:00;2431;sem vítima;122;BR-040/RJ;Sul;Colisão Traseira;;;2;;;;;;;;2;;;;
17/12/2019;14:28:00;2446;sem vítima;61;BR-040/RJ;Norte;Choque - Objeto Fixo;1;;;;;;;;;;1;;;;
17/12/2019;21:38:00;2509;com vítima;787;BR-040/MG;Norte;Saída de Pista;1;;;;;;;;;;0;;;;1
18/12/2019;09:38:00;2555;sem vítima;123;BR-040/RJ;Sul;Colisão Lateral;1;;1;;;;;;;;2;;;;
18/12/2019;11:51:00;2581;sem vítima;805;BR-040/MG;Norte;Colisão Lateral;2;;;;;;;;;;2;;;;
18/12/2019;11:55:00;2583;sem vítima;113;BR-040/RJ;Sul;Engavetamento;3;;;;;;;;;;3;;;;
18/12/2019;12:05:00;2584;com vítima;121;BR-040/RJ;Norte;Colisão Traseira;1;;1;;;;;;;;1;2;;;
18/12/2019;14:47:00;2607;sem vítima;99;BR-040/RJ;Norte;Choque - Objeto Fixo;1;;;;;;;;;;1;;;;
18/12/2019;14:57:00;2608;sem vítima;32;BR-040/RJ;Sul;Choque - Objeto Fixo;1;;;;;;;;;;1;;;;
18/12/2019;15:04:00;2609;sem vítima;94;BR-040/RJ;Sul;Choque - Objeto Fixo;1;;;;;;;;;;1;;;;
18/12/2019;15:01:00;2610;sem vítima;93;BR-040/RJ;Sul;Choque - Objeto Fixo;1;;;;;;;;;;1;;;;
18/12/2019;15:37:00;2613;sem vítima;93;BR-040/RJ;Norte;Choque - Objeto Fixo;1;;;;;;;;;;1;;;;
18/12/2019;16:15:00;2621;com vítima;90;BR-040/RJ;Sul;Saída de Pista;1;;;;;;;;;;0;2;;;
18/12/2019;16:38:00;2623;sem vítima;87;BR-040/RJ;Norte;Choque - Objeto Fixo;1;;;;;;;;;;1;;;;
18/12/2019;16:45:00;2625;sem vítima;122;BR-040/RJ;Sul;Engavetamento;2;;;;;1;;;;;3;;;;
18/12/2019;17:36:00;2633;sem vítima;72;BR-040/RJ;Norte;Choque - Objeto Fixo;1;;;;;;;;;;1;;;;
18/12/2019;17:46:00;2634;com vítima;112;BR-040/RJ;Norte;Colisão Lateral;;;1;1;;;;;;;1;1;;;
18/12/2019;19:21:00;2647;sem vítima;109;BR-040/RJ;Norte;Colisão Lateral;1;;1;;;;;;;;2;;;;
19/12/2019;00:12:00;2675;com vítima;787;BR-040/MG;Norte;Saída de Pista;;;1;;;;;;;;0;1;;;