data;horario;n_da_ocorrencia;tipo_de_ocorrencia;km;trecho;sentido;tipo_de_acidente;automovel;bicicleta;caminhao;moto;onibus;outros;tracao_animal;transporte_de_cargas_especiais;trator_maquinas;utilitarios;ilesos;levemente_feridos;moderadamente_feridos;gravemente_feridos;mortos
06/01/2020;06:32:00;758;sem vítima;91;BR-040/RJ;Norte;Choque - Objeto Fixo;1;;;;;;;;;;1;;;;
06/01/2020;08:04:00;773;com vítima;118;BR-040/RJ;Sul;Queda de Moto;;;;1;;;;;;;0;1;;;
06/01/2020;10:58:00;795;sem vítima;102;BR-040/RJ;Sul;Colisão Traseira;2;;;;;;;;;;2;;;;
06/01/2020;14:46:00;823;sem vítima;93;BR-040/RJ;Sul;Choque - Objeto Fixo;1;;;;;;;;;;1;;;;
06/01/2020;15:25:00;826;sem vítima;97;BR-040/RJ;Sul;Choque - Objeto Fixo;1;;;;;;;;;;1;;;;
06/01/2020;15:27:00;828;sem vítima;91;BR-040/RJ;Norte;Choque - Objeto Fixo;1;;;;;;;;;;1;;;;
06/01/2020;15:45:00;829;sem vítima;91;BR-040/RJ;Sul;Choque - Objeto Fixo;1;;;;;;;;;;1;;;;
06/01/2020;15:54:00;833;sem vítima;99;BR-040/RJ;Norte;Colisão Lateral;1;;;;;1;;;;;2;;;;
06/01/2020;15:59:00;834;sem vítima;77;BR-040/RJ;Sul;Choque - Objeto Fixo;1;;;;;;;;;;1;;;;
06/01/2020;16:39:00;845;com vítima;16;BR-040/RJ;Sul;Capotamento;1;;;;;;;;;;0;4;;;
06/01/2020;18:28:00;859;sem vítima;119;BR-040/RJ;Norte;Colisão Traseira;1;;1;;;;;;;;2;;;;
06/01/2020;23:10:00;891;sem vítima;108;BR-040/RJ;Norte;Atropelamento - Animal;1;;;;;;;;;;1;;;;
07/01/2020;02:03:00;897;com vítima;105;BR-040/RJ;Norte;Colisão Lateral;2;;;;;;;;;;0;2;;;
07/01/2020;04:07:00;902;sem vítima;108;BR-040/RJ;Norte;Choque - Objeto Fixo;1;;;;;;;;;;1;;;;
07/01/2020;17:10:00;977;sem vítima;74;BR-040/RJ;Sul;Choque - Objeto Fixo;1;;;;;;;;;;1;;;;
07/01/2020;18:33:00;995;sem vítima;93;BR-040/RJ;Sul;Choque - Objeto Fixo;1;;;;;;;;;;1;;;;
07/01/2020;19:26:00;999;sem vítima;85;BR-040/RJ;Sul;Choque - Objeto Fixo;1;;;;;;;;;;1;;;;
08/01/2020;07:45:00;1052;sem vítima;123;BR-040/RJ;Sul;Colisão Lateral;1;;1;;;;;;;;2;;;;
08/01/2020;14:03:00;1115;com vítima;88;BR-040/RJ;Sul;Choque - Objeto Fixo;1;;;;;;;;;;0;2;;;
08/01/2020;15:28:00;1128;sem vítima;43;BR-040/RJ;Sul;Choque - Objeto Fixo;;;1;;;;;;;;1;;;;
08/01/2020;15:38:00;1130;sem vítima;31;BR-040/RJ;Norte;Choque - Objeto Fixo;;;1;;;;;;;;1;;;;
08/01/2020;16:27:00;1132;com vítima;63;BR-040/RJ;Norte;Tombamento;;;1;;;;;;;;0;;1;;
08/01/2020;16:57:00;1136;com vítima;5;BR-040/RJ;Norte;Saída de Pista;1;;;;;;;;;;0;3;;;
08/01/2020;17:04:00;1139;sem vítima;3;BR-040/RJ;Sul;Choque - Objeto Fixo;1;;;;;;;;;;1;;;;
08/01/2020;17:21:00;1144;sem vítima;92;BR-040/RJ;Sul;Choque - Objeto Fixo;1;;;;;;;;;;1;;;;
08/01/2020;17:23:00;1145;sem vítima;93;BR-040/RJ;Sul;Choque - Objeto Fixo;1;;;;;;;;;;1;;;;
08/01/2020;21:09:00;1167;sem vítima;810;BR-040/MG;Norte;Atropelamento - Animal;1;;;;;;;;;;1;;;;
09/01/2020;16:04:00;1261;com vítima;58;BR-040/RJ;Sul;Colisão Lateral;2;;;1;;;;;;;0;5;;;
09/01/2020;18:35:00;1282;sem vítima;0;BR-040/RJ;Norte;Choque - Objeto Fixo;1;;;;;;;;;;1;;;;
09/01/2020;23:40:00;1307;com vítima;82;BR-040/RJ;Norte;Choque - Objeto Fixo;1;;;;;;;;;;0;1;;;
10/01/2020;05:17:00;1315;sem vítima;118;BR-040/RJ;Sul;Choque - Objeto Fixo;;;1;;;;;;;;1;;;;
10/01/2020;05:54:00;1319;com vítima;121;BR-040/RJ;Sul;Colisão Traseira;1;;;1;;;;;;;1;1;;;
10/01/2020;13:34:00;1355;sem vítima;87;BR-040/RJ;Sul;Saída de Pista;1;;;;;;;;;;1;;;;
10/01/2020;15:20:00;1375;sem vítima;821;BR-040/MG;Sul;Choque - Objeto Fixo;1;;;;;;;;;;1;;;;
10/01/2020;19:22:00;1412;com vítima;75;BR-040/RJ;Sul;Choque - Objeto Fixo;1;;;;;;;;;;0;1;;;
10/01/2020;20:31:00;1421;sem vítima;19;BR-040/RJ;Norte;Choque - Objeto Fixo;1;;;;;;;;;;1;;;;
10/01/2020;20:53:00;1424;com vítima;123;BR-040/RJ;Norte;Colisão Frontal;2;;;;;;;;;;0;2;;;
11/01/2020;09:39:00;1476;sem vítima;88;BR-040/RJ;Norte;Choque - Objeto Fixo;1;;;;;;;;;;1;;;;
11/01/2020;13:36:00;1509;sem vítima;118;BR-040/RJ;Sul;Colisão Traseira;2;;;;;;;;;;2;;;;
11/01/2020;15:28:00;1525;sem vítima;124;BR-040/RJ;Norte;Colisão Traseira;1;;1;;;;;;;;2;;;;
11/01/2020;16:44:00;1531;com vítima;84;BR-040/RJ;Sul;Queda de Moto;;;;1;;;;;;;0;;1;;
11/01/2020;18:36:00;1550;com vítima;59;BR-040/RJ;Sul;Colisão Traseira;2;;;;;;;;;;1;2;;;
12/01/2020;02:09:00;1586;com vítima;792;BR-040/MG;Sul;Choque - Objeto Fixo;1;;;;;;;;;;0;1;;;
12/01/2020;05:45:00;1592;sem vítima;10;BR-040/RJ;Sul;Choque - Objeto Fixo;1;;;;;;;;;;1;;;;
12/01/2020;09:44:00;1614;com vítima;91;BR-040/RJ;Norte;Capotamento;1;;;;;;;;;;0;2;;;
12/01/2020;10:03:00;1622;com vítima;815;BR-040/MG;Norte;Choque - Objeto Fixo;;;;1;;;;;;;0;1;;;
12/01/2020;12:28:00;1643;sem vítima;784;BR-040/MG;Norte;Choque - Objeto Fixo;1;;;;;;;;;;1;;;;
12/01/2020;14:06:00;1652;com vítima;111;BR-040/RJ;Norte;Colisão Lateral;;;;;1;;;;;1;1;11;4;2;
12/01/2020;15:00:00;1659;sem vítima;84;BR-040/RJ;Sul;Choque - Objeto Fixo;1;;;;;;;;;;1;;;;
12/01/2020;16:10:00;1670;sem vítima;62;BR-040/RJ;Sul;Choque - Objeto Fixo;1;;;;;;;;;;1;;;;
12/01/2020;16:23:00;1671;sem vítima;87;BR-040/RJ;Norte;Colisão Lateral;2;;;;;;;;;;2;;;;
12/01/2020;16:26:00;1672;com vítima;82;BR-040/RJ;Sul;Choque - Objeto Fixo;1;;;;;;;;;;0;3;;;
12/01/2020;16:51:00;1674;com vítima;822;BR-040/MG;Norte;Colisão Traseira;1;;1;;;;;;;;1;3;;;
12/01/2020;17:10:00;1675;com vítima;778;BR-040/MG;Sul;Colisão Lateral;3;;;;;;;;;;2;1;;;
12/01/2020;17:27:00;1680;com vítima;90;BR-040/RJ;Sul;Choque - Objeto Fixo;1;;;;;;;;;;0;4;;;
12/01/2020;16:50:00;1687;sem vítima;111;BR-040/RJ;Norte;Colisão Lateral;1;;;;1;;;;;;2;;;;
12/01/2020;18:25:00;1691;sem vítima;88;BR-040/RJ;Sul;Colisão Traseira;2;;;;;;;;;;2;;;;
12/01/2020;18:55:00;1700;sem vítima;90;BR-040/RJ;Sul;Choque - Objeto Fixo;1;;;;;;;;;;1;;;;
12/01/2020;20:57:00;1707;sem vítima;119;BR-040/RJ;Sul;Colisão Frontal;2;;;;;;;;;;2;;;;
12/01/2020;21:25:00;1713;sem vítima;92;BR-040/RJ;Norte;Choque - Objeto Fixo;1;;;;;;;;;;1;;;;
12/01/2020;23:46:00;1727;sem vítima;776;BR-040/MG;Sul;Atropelamento - Animal;;;1;;;;;;;;1;;;;
13/01/2020;05:41:00;1745;sem vítima;92;BR-040/RJ;Sul;Choque - Objeto Fixo;1;;;;;;;;;;1;;;;
13/01/2020;07:17:00;1761;sem vítima;87;BR-040/RJ;Norte;Choque - Objeto Fixo;1;;;;;;;;;;1;;;;
13/01/2020;07:28:00;1762;com vítima;86;BR-040/RJ;Norte;Choque - Objeto Fixo;1;;;;;;;;;;0;1;;;
13/01/2020;09:32:00;1789;sem vítima;94;BR-040/RJ;Sul;Choque - Objeto Fixo;1;;;;;;;;;;1;;;;
13/01/2020;09:41:00;1792;sem vítima;93;BR-040/RJ;Sul;Colisão Lateral;2;;;;;;;;;;2;;;;
13/01/2020;09:51:00;1797;sem vítima;92;BR-040/RJ;Norte;Choque - Objeto Fixo;1;;;;;;;;;;1;;;;
13/01/2020;10:35:00;1801;sem vítima;92;BR-040/RJ;Sul;Choque - Objeto Fixo;1;;;;;;;;;;1;;;;
13/01/2020;11:19:00;1812;sem vítima;93;BR-040/RJ;Sul;Choque - Objeto Fixo;1;;;;;;;;;;1;;;;
13/01/2020;13:23:00;1824;com vítima;32;BR-040/RJ;Norte;Choque - Objeto Fixo;1;;;;;;;;;;0;2;2;1;
13/01/2020;15:29:00;1833;sem vítima;84;BR-040/RJ;Norte;Choque - Objeto Fixo;1;;;;;;;;;;1;;;;
13/01/2020;19:41:00;1861;sem vítima;87;BR-040/RJ;Sul;Choque - Objeto Fixo;1;;;;;;;;;;1;;;;
14/01/2020;05:41:00;1891;com vítima;84;BR-040/RJ;Norte;Choque - Objeto Fixo;1;;;;;;;;;;0;;3;;
14/01/2020;06:49:00;1894;sem vítima;82;BR-040/RJ;Norte;Colisão Traseira;1;;1;;;;;;;;2;;;;
14/01/2020;08:28:00;1904;com vítima;824;BR-040/MG;Sul;Choque - Objeto Fixo;1;;;;;;;;;;0;2;;;
14/01/2020;09:32:00;1910;sem vítima;90;BR-040/RJ;Norte;Colisão Traseira;1;;;;;2;;;;;3;;;;
14/01/2020;10:21:00;1916;sem vítima;810;BR-040/MG;Norte;Choque - Objeto Fixo;1;;;;;;;;;;1;;;;
14/01/2020;15:31:00;1947;sem vítima;32;BR-040/RJ;Norte;Choque - Objeto Fixo;;;1;;;;;;;;1;;;;
14/01/2020;16:05:00;1952;sem vítima;32;BR-040/RJ;Norte;Colisão Lateral;1;;1;;;;;;;;2;;;;
14/01/2020;21:31:00;1986;sem vítima;1;BR-040/RJ;Norte;Saída de Pista;1;;;;;;;;;;1;;;;
15/01/2020;06:55:00;2009;com vítima;75;BR-040/RJ;Sul;Queda de Moto;;;;1;;;;;;;0;1;;;
15/01/2020;07:45:00;2015;sem vítima;84;BR-040/RJ;Norte;Choque - Objeto Fixo;1;;;;;;;;;;1;;;;
15/01/2020;13:51:00;2046;sem vítima;113;BR-040/RJ;Sul;Choque - Objeto Fixo;1;;;;;;;;;;1;;;;
15/01/2020;17:36:00;2074;sem vítima;120;BR-040/RJ;Norte;Colisão Traseira;2;;;;;;;;;;2;;;;
16/01/2020;12:53:00;2149;sem vítima;98;BR-040/RJ;Sul;Choque - Objeto Fixo;1;;;;;;;;;;1;;;;
16/01/2020;14:50:00;2168;sem vítima;49;BR-040/RJ;Norte;Choque - Objeto Fixo;1;;;;;;;;;;1;;;;
16/01/2020;16:23:00;2181;sem vítima;90;BR-040/RJ;Sul;Saída de Pista;1;;;;;;;;;;1;;;;
16/01/2020;16:07:00;2183;sem vítima;111;BR-040/RJ;Norte;Colisão Traseira;2;;;;;;;;;;2;;;;
16/01/2020;16:52:00;2187;sem vítima;82;BR-040/RJ;Sul;Choque - Objeto Fixo;1;;;;;;;;;;1;;;;
16/01/2020;17:05:00;2190;sem vítima;82;BR-040/RJ;Sul;Choque - Objeto Fixo;1;;;;;;;;;;1;;;;
16/01/2020;17:21:00;2192;sem vítima;43;BR-040/RJ;Sul;Saída de Pista;1;;;;;;;;;;1;;;;
16/01/2020;19:19:00;2207;sem vítima;96;BR-040/RJ;Norte;Choque - Objeto Fixo;;;1;;;;;;;;1;;;;
16/01/2020;19:57:00;2213;sem vítima;96;BR-040/RJ;Norte;Colisão Lateral;1;;1;;;;;;;;2;;;;
16/01/2020;21:05:00;2221;sem vítima;45;BR-040/RJ;Sul;Choque - Objeto Fixo;1;;;;;;;;;;1;;;;
16/01/2020;21:13:00;2222;sem vítima;56;BR-040/RJ;Norte;Choque - Objeto Fixo;1;;1;;;;;;;;2;;;;
17/01/2020;00:52:00;2244;sem vítima;86;BR-040/RJ;Norte;Choque - Objeto Fixo;;;1;;;;;;;;1;;;;
17/01/2020;08:20:00;2270;sem vítima;88;BR-040/RJ;Sul;Choque - Objeto Fixo;1;;;;;;;;;;1;;;;
17/01/2020;08:55:00;2280;sem vítima;90;BR-040/RJ;Sul;Choque - Objeto Fixo;1;;;;;;;;;;1;;;;
17/01/2020;09:19:00;2283;sem vítima;91;BR-040/RJ;Norte;Choque - Objeto Fixo;1;;;;;;;;;;1;;;;
17/01/2020;09:31:00;2284;sem vítima;93;BR-040/RJ;Sul;Choque - Objeto Fixo;1;;;;;;;;;;1;;;;
17/01/2020;09:31:00;2288;sem vítima;93;BR-040/RJ;Sul;Choque - Objeto Fixo;1;;;;;;;;;;1;;;;
17/01/2020;11:31:00;2298;sem vítima;90;BR-040/RJ;Sul;Choque - Objeto Fixo;1;;;;;;;;;;1;;;;
17/01/2020;11:50:00;2303;sem vítima;96;BR-040/RJ;Sul;Choque - Objeto Fixo;1;;;;;;;;;;1;;;;
17/01/2020;12:47:00;2309;sem vítima;77;BR-040/RJ;Sul;Choque - Objeto Fixo;1;;;;;;;;;;1;;;;
17/01/2020;13:05:00;2311;com vítima;94;BR-040/RJ;Sul;Choque - Objeto Fixo;1;;;;;;;;;;0;2;;;
17/01/2020;13:22:00;2314;sem vítima;93;BR-040/RJ;Sul;Choque - Objeto Fixo;1;;;;;;;;;;1;;;;
17/01/2020;13:24:00;2316;com vítima;92;BR-040/RJ;Norte;Saída de Pista;1;;;;;;;;;;0;2;;;
17/01/2020;13:37:00;2318;sem vítima;96;BR-040/RJ;Sul;Choque - Objeto Fixo;1;;;;;;;;;;1;;;;
17/01/2020;15:43:00;2335;sem vítima;96;BR-040/RJ;Sul;Choque - Objeto Fixo;;;1;;;;;;;;1;;;;
17/01/2020;15:35:00;2337;sem vítima;94;BR-040/RJ;Norte;Colisão Traseira;2;;;;;;;;;;2;;;;
17/01/2020;16:32:00;2343;com vítima;30;BR-040/RJ;Norte;Capotamento;1;;;;;;;;;;0;3;;;
17/01/2020;16:53:00;2347;sem vítima;34;BR-040/RJ;Norte;Colisão Lateral;;;2;;;;;;;;2;;;;
17/01/2020;17:12:00;2350;sem vítima;14;BR-040/RJ;Sul;Colisão Lateral;1;;1;;;;;;;;2;;;;
17/01/2020;17:29:00;2351;sem vítima;93;BR-040/RJ;Sul;Choque - Objeto Fixo;1;;;;;;;;;;1;;;;
17/01/2020;17:45:00;2354;sem vítima;94;BR-040/RJ;Sul;Choque - Objeto Fixo;1;;;;;;;;;;1;;;;
17/01/2020;18:00:00;2358;sem vítima;92;BR-040/RJ;Norte;Choque - Objeto Fixo;1;;;;;;;;;;1;;;;
17/01/2020;18:01:00;2359;sem vítima;84;BR-040/RJ;Sul;Choque - Objeto Fixo;1;;;;;;;;;;1;;;;
17/01/2020;18:43:00;2367;sem vítima;1;BR-040/RJ;Norte;Choque - Objeto Fixo;1;;;;;;;;;;1;;;;
17/01/2020;19:14:00;2369;sem vítima;122;BR-040/RJ;Norte;Colisão Traseira;1;;;;;1;;;;;2;;;;
17/01/2020;20:13:00;2375;com vítima;105;BR-040/RJ;Sul;Atropelamento - Pedestre;1;;;;;1;;;;;1;;1;;
17/01/2020;19:30:00;2377;sem vítima;122;BR-040/RJ;Norte;Engavetamento;3;;;;;1;;;;;4;;;;
17/01/2020;20:45:00;2380;com vítima;111;BR-040/RJ;Norte;Queda de Moto;;;;1;;;;;;;0;2;;;
18/01/2020;05:57:00;2409;sem vítima;94;BR-040/RJ;Sul;Choque - Objeto Fixo;1;;;;;;;;;;1;;;;
18/01/2020;08:31:00;2426;com vítima;102;BR-040/RJ;Sul;Queda de Moto;;;;1;;;;;;;0;1;;;
18/01/2020;12:00:00;2455;sem vítima;84;BR-040/RJ;Norte;Choque - Objeto Fixo;1;;;;;;;;;;1;;;;
18/01/2020;13:29:00;2466;sem vítima;93;BR-040/RJ;Sul;Choque - Objeto Fixo;1;;;;;;;;;;1;;;;
18/01/2020;13:34:00;2468;sem vítima;84;BR-040/RJ;Sul;Choque - Objeto Fixo;1;;;;;;;;;;1;;;;
18/01/2020;14:16:00;2478;sem vítima;92;BR-040/RJ;Norte;Choque - Objeto Fixo;1;;;;;;;;;;1;;;;
18/01/2020;17:18:00;2505;sem vítima;101;BR-040/RJ;Sul;Saída de Pista;1;;;;;;;;;;1;;;;
18/01/2020;19:13:00;2510;sem vítima;91;BR-040/RJ;Norte;Choque - Objeto Fixo;1;;;;;;;;;;1;;;;
18/01/2020;19:56:00;2517;sem vítima;805;BR-040/MG;Norte;Choque - Objeto Fixo;1;;;;;;;;;;1;;;;
18/01/2020;21:38:00;2521;com vítima;123;BR-040/RJ;Sul;Queda de Moto;;;;1;;;;;;;0;1;;;
19/01/2020;00:43:00;2526;com vítima;101;BR-040/RJ;Sul;Colisão Lateral;;;;2;;;;;;;0;3;;;
19/01/2020;04:03:00;2533;com vítima;52;BR-040/RJ;Norte;Choque - Objeto Fixo;1;;;;;;;;;;0;2;1;;
19/01/2020;06:08:00;2538;com vítima;123;BR-040/RJ;Sul;Tombamento;1;;;;;;;;;;0;3;;;
19/01/2020;07:14:00;2544;sem vítima;0;BR-040/RJ;Sul;Choque - Objeto Fixo;1;;;;;;;;;;1;;;;
19/01/2020;07:41:00;2546;com vítima;824;BR-040/MG;Sul;Choque - Objeto Fixo;1;;;;;;;;;;0;;;1;
19/01/2020;09:56:00;2557;sem vítima;124;BR-040/RJ;Norte;Colisão Lateral;2;;;;;;;;;;2;;;;
19/01/2020;11:29:00;2569;com vítima;84;BR-040/RJ;Sul;Capotamento;1;;;;;;;;;;0;4;;;
19/01/2020;16:13:00;2596;com vítima;77;BR-040/RJ;Sul;Capotamento;1;;;;;;;;;;0;5;;;
19/01/2020;21:13:00;2631;sem vítima;91;BR-040/RJ;Norte;Choque - Objeto Fixo;1;;;;;;;;;;3;;;;
20/01/2020;01:53:00;2645;sem vítima;82;BR-040/RJ;Sul;Choque - Objeto Fixo;1;;;;;;;;;;1;;;;
20/01/2020;02:45:00;2647;sem vítima;71;BR-040/RJ;Sul;Choque - Objeto Fixo;1;;;;;;;;;;1;;;;
20/01/2020;06:05:00;2653;com vítima;86;BR-040/RJ;Sul;Colisão Lateral;1;;1;;;;;;;;1;4;;;
20/01/2020;09:34:00;2668;sem vítima;125;BR-040/RJ;Norte;Engavetamento;3;;;;;;;;;;3;;;;
20/01/2020;18:15:00;2719;sem vítima;120;BR-040/RJ;Sul;Colisão Traseira;2;;;;;;;;;;2;;;;
20/01/2020;18:50:00;2721;sem vítima;113;BR-040/RJ;Sul;Colisão Traseira;1;;;;1;;;;;;2;;;;
21/01/2020;06:55:00;2771;com vítima;120;BR-040/RJ;Sul;Colisão Traseira;1;;;1;;;;;;;1;;1;;
21/01/2020;07:13:00;2777;sem vítima;783;BR-040/MG;Norte;Choque - Objeto Fixo;1;;;;;;;;;;1;;;;
21/01/2020;07:39:00;2781;sem vítima;102;BR-040/RJ;Sul;Colisão Traseira;1;;;;;1;;;;;2;;;;
21/01/2020;09:55:00;2798;sem vítima;88;BR-040/RJ;Norte;Colisão Lateral;1;;1;;;;;;;;2;;;;
21/01/2020;18:15:00;2842;com vítima;800;BR-040/MG;Norte;Saída de Pista;1;;1;;;;;;;;1;2;;;
21/01/2020;19:47:00;2854;com vítima;109;BR-040/RJ;Norte;Engavetamento;3;;;;;;;;;;0;5;;;
21/01/2020;22:47:00;2865;com vítima;108;BR-040/RJ;Norte;Choque - Objeto Fixo;1;;;;;;;;;;0;1;;;
22/01/2020;23:46:00;2875;sem vítima;21;BR-040/RJ;Sul;Atropelamento - Animal;1;;;;;;;;;;1;;;;
22/01/2020;05:32:00;2894;sem vítima;84;BR-040/RJ;Norte;Choque - Objeto Fixo;1;;;;;;;;;;1;;;;
22/01/2020;05:28:00;2895;sem vítima;86;BR-040/RJ;Norte;Colisão Lateral;1;;1;;;;;;;;2;;;;
22/01/2020;06:45:00;2904;com vítima;101;BR-040/RJ;Sul;Queda de Moto;;;;1;;;;;;;0;1;;;
22/01/2020;10:18:00;2929;sem vítima;84;BR-040/RJ;Norte;Choque - Objeto Fixo;1;;;;;;;;;;1;;;;
22/01/2020;17:49:00;2982;com vítima;84;BR-040/RJ;Sul;Capotamento;1;;;;;;;;;;0;1;;;
22/01/2020;18:12:00;2987;sem vítima;784;BR-040/MG;Norte;Choque - Objeto Fixo;1;;;;;;;;;;1;;;;
22/01/2020;23:15:00;3008;sem vítima;779;BR-040/MG;Sul;Atropelamento - Animal;;;;;1;;;;;;1;;;;
23/01/2020;04:27:00;3020;sem vítima;87;BR-040/RJ;Sul;Derrapagem;;;;;1;;;;;;1;;;;
23/01/2020;10:40:00;3076;com vítima;115;BR-040/RJ;Sul;Engavetamento;3;;1;;;;;;;;2;2;;;
23/01/2020;11:27:00;3088;sem vítima;121;BR-040/RJ;Sul;Choque - Objeto Fixo;;;2;;;;;;;;2;;;;
23/01/2020;13:06:00;3095;sem vítima;92;BR-040/RJ;Sul;Choque - Objeto Fixo;1;;;;;;;;;;1;;;;
23/01/2020;13:15:00;3096;sem vítima;1;BR-040/RJ;Norte;Choque - Objeto Fixo;1;;;;;;;;;;1;;;;
23/01/2020;14:11:00;3104;com vítima;115;BR-040/RJ;Sul;Colisão Lateral;2;;;;;;;;;;1;;1;;
23/01/2020;14:18:00;3106;sem vítima;92;BR-040/RJ;Norte;Choque - Objeto Fixo;1;;;;;;;;;;1;;;;
23/01/2020;14:19:00;3107;sem vítima;84;BR-040/RJ;Norte;Choque - Objeto Fixo;1;;;;;;;;;;3;;;;
23/01/2020;15:56:00;3116;sem vítima;92;BR-040/RJ;Sul;Choque - Objeto Fixo;1;;;;;;;;;;1;;;;
23/01/2020;16:34:00;3123;sem vítima;86;BR-040/RJ;Sul;Choque - Objeto Fixo;1;;;;;;;;;;1;;;;
24/01/2020;02:24:00;3166;sem vítima;799;BR-040/MG;Norte;Choque - Objeto Fixo;1;;;;;;;;;;1;;;;
24/01/2020;07:18:00;3181;com vítima;31;BR-040/RJ;Norte;Capotamento;1;;;;;;;;;;0;2;2;;
24/01/2020;08:02:00;3191;sem vítima;34;BR-040/RJ;Sul;Choque - Objeto Fixo;1;;;;;;;;;;1;;;;
24/01/2020;08:42:00;3194;sem vítima;43;BR-040/RJ;Norte;Choque - Objeto Fixo;1;;;;;;;;;;1;;;;
24/01/2020;08:44:00;3195;com vítima;1;BR-040/RJ;Norte;Choque - Objeto Fixo;1;;;;;;;;;;0;1;;;
24/01/2020;08:45:00;3196;sem vítima;92;BR-040/RJ;Sul;Choque - Objeto Fixo;1;;;;;;;;;;1;;;;
24/01/2020;08:58:00;3200;sem vítima;90;BR-040/RJ;Sul;Choque - Objeto Fixo;1;;;;;;;;;;1;;;;
24/01/2020;10:20:00;3211;sem vítima;77;BR-040/RJ;Sul;Choque - Objeto Fixo;1;;;;;;;;;;1;;;;
24/01/2020;11:00:00;3220;sem vítima;84;BR-040/RJ;Norte;Colisão Lateral;2;;;;;;;;;;2;;;;
24/01/2020;11:02:00;3221;com vítima;93;BR-040/RJ;Sul;Capotamento;1;;;;;;;;;;0;4;;;
24/01/2020;11:25:00;3225;com vítima;77;BR-040/RJ;Sul;Saída de Pista;1;;;;;;;;;;0;;3;;
24/01/2020;12:08:00;3231;sem vítima;91;BR-040/RJ;Sul;Choque - Objeto Fixo;1;;;;;;;;;;1;;;;
24/01/2020;12:26:00;3233;sem vítima;90;BR-040/RJ;Sul;Choque - Objeto Fixo;1;;;;;;;;;;1;;;;
24/01/2020;12:37:00;3234;com vítima;784;BR-040/MG;Norte;Tombamento;;;1;;;;;;;;0;1;;;
24/01/2020;13:06:00;3239;sem vítima;92;BR-040/RJ;Sul;Choque - Objeto Fixo;1;;;;;;;;;;1;;;;
24/01/2020;13:54:00;3248;sem vítima;62;BR-040/RJ;Sul;Colisão Traseira;1;;1;;;;;;;;2;;;;
24/01/2020;14:50:00;3256;sem vítima;106;BR-040/RJ;Norte;Colisão Traseira;2;;;;;;;;;;2;;;;
24/01/2020;15:15:00;3261;com vítima;804;BR-040/MG;Norte;Choque - Objeto Fixo;1;;;;;;;;;;0;2;;;
24/01/2020;15:59:00;3269;sem vítima;94;BR-040/RJ;Sul;Choque - Objeto Fixo;1;;;;;;;;;;1;;;;
24/01/2020;17:15:00;3279;sem vítima;4;BR-040/RJ;Norte;Saída de Pista;1;;;;;;;;;;1;;;;
24/01/2020;17:38:00;3281;com vítima;78;BR-040/RJ;Sul;Choque - Objeto Fixo;1;;;;;;;;;;0;1;;;
24/01/2020;18:18:00;3282;sem vítima;1;BR-040/RJ;Norte;Choque - Objeto Fixo;1;;;;;;;;;;1;;;;
24/01/2020;18:07:00;3285;sem vítima;94;BR-040/RJ;Sul;Choque - Objeto Fixo;1;;;;;;;;;;1;;;;
24/01/2020;18:13:00;3286;sem vítima;82;BR-040/RJ;Sul;Choque - Objeto Fixo;1;;;;;;;;;;1;;;;
24/01/2020;22:02:00;3299;com vítima;79;BR-040/RJ;Sul;Choque - Objeto Fixo;1;;;;;;;;;;0;2;;;
25/01/2020;04:55:00;3311;sem vítima;780;BR-040/MG;Norte;Choque - Objeto Fixo;1;;;;;;;;;;1;;;;
25/01/2020;09:41:00;3338;sem vítima;72;BR-040/RJ;Norte;Choque - Objeto Fixo;1;;;;;;;;;;1;;;;
25/01/2020;13:15:00;3354;com vítima;109;BR-040/RJ;Norte;Engavetamento;2;;;;;1;;;;;2;1;;;
25/01/2020;15:07:00;3363;com vítima;62;BR-040/RJ;Norte;Colisão Frontal;2;;;;;;;;;;0;5;;;
25/01/2020;20:11:00;3395;com vítima;47;BR-040/RJ;Sul;Atropelamento - Pedestre;1;;;;;2;;;;;0;4;;;1
25/01/2020;22:12:00;3409;com vítima;109;BR-040/RJ;Norte;Colisão Traseira;2;;;;;;;;;;1;3;;;
26/01/2020;03:18:00;3426;sem vítima;106;BR-040/RJ;Norte;Colisão Traseira;2;;;;;;;;;;2;;;;
27/01/2020;04:48:00;3536;sem vítima;89;BR-040/RJ;Norte;Choque - Objeto Fixo;1;;;;;;;;;;1;;;;
27/01/2020;07:43:00;3550;com vítima;806;BR-040/MG;Norte;Queda de Moto;;;;1;;;;;;;0;1;1;;
27/01/2020;09:15:00;3559;sem vítima;38;BR-040/RJ;Norte;Choque - Objeto Fixo;1;;;;;;;;;;1;;;;
27/01/2020;14:01:00;3598;com vítima;21;BR-040/RJ;Norte;Choque - Objeto Fixo;1;;;;;;;;;;0;;;1;
27/01/2020;18:02:00;3635;sem vítima;30;BR-040/RJ;Sul;Colisão Lateral;2;;;;;;;;;;2;;;;
27/01/2020;18:17:00;3637;sem vítima;787;BR-040/MG;Norte;Choque - Objeto Fixo;1;;;;;;;;;;1;;;;
27/01/2020;18:58:00;3643;sem vítima;98;BR-040/RJ;Norte;Queda de Moto;;;;1;;;;;;;1;;;;
27/01/2020;23:21:00;3665;sem vítima;113;BR-040/RJ;Norte;Choque - Objeto Fixo;1;;;;;;;;;;1;;;;
28/01/2020;13:34:00;3734;sem vítima;123;BR-040/RJ;Sul;Colisão Traseira;1;1;;;;;;;;;2;;;;
28/01/2020;15:16:00;3749;sem vítima;92;BR-040/RJ;Sul;Saída de Pista;1;;;;;;;;;;1;;;;