data;horario;n_da_ocorrencia;tipo_de_ocorrencia;km;trecho;sentido;tipo_de_acidente;automovel;bicicleta;caminhao;moto;onibus;outros;tracao_animal;transporte_de_cargas_especiais;trator_maquinas;utilitarios;ilesos;levemente_feridos;moderadamente_feridos;gravemente_feridos;mortos
28/01/2020;15:27:00;3750;sem vítima;93;BR-040/RJ;Sul;Saída de Pista;1;;;;;;;;;;1;;;;
29/01/2020;15:19:00;3872;com vítima;93;BR-040/RJ;Sul;Tombamento;;;2;;;;;;;;0;3;;;
29/01/2020;15:31:00;3879;sem vítima;5;BR-040/RJ;Norte;Choque - Objeto Fixo;1;;;;;;;;;;1;;;;
29/01/2020;16:18:00;3884;com vítima;92;BR-040/RJ;Sul;Capotamento;1;;;;;;;;;;0;2;1;;
29/01/2020;17:16:00;3891;com vítima;40;BR-040/RJ;Norte;Choque - Objeto Fixo;1;;;;;;;;;;0;1;;;
29/01/2020;17:55:00;3896;sem vítima;81;BR-040/RJ;Norte;Choque - Objeto Fixo;;;1;;;;;;;;1;;;;
29/01/2020;18:08:00;3898;sem vítima;84;BR-040/RJ;Sul;Choque - Objeto Fixo;1;;;;;;;;;;1;;;;
29/01/2020;20:17:00;3909;sem vítima;91;BR-040/RJ;Sul;Choque - Objeto Fixo;1;;;;;;;;;;1;;;;
29/01/2020;21:17:00;3912;sem vítima;22;BR-040/RJ;Sul;Choque - Objeto Fixo;1;;;;;;;;;;1;;;;
30/01/2020;03:44:00;3933;com vítima;124;BR-040/RJ;Sul;Choque - Objeto Fixo;1;;;;;;;;;;0;3;1;;
30/01/2020;07:18:00;3947;sem vítima;93;BR-040/RJ;Norte;Choque - Objeto Fixo;1;;;;;;;;;;1;;;;
30/01/2020;07:58:00;3954;sem vítima;92;BR-040/RJ;Sul;Colisão Traseira;1;;1;;;;;;;;2;;;;
30/01/2020;17:06:00;4029;sem vítima;806;BR-040/MG;Sul;Choque - Objeto Fixo;1;;;;;;;;;;1;;;;
30/01/2020;17:10:00;4031;sem vítima;794;BR-040/MG;Sul;Choque - Objeto Fixo;1;;;;;;;;;;1;;;;
30/01/2020;18:41:00;4047;com vítima;123;BR-040/RJ;Sul;Colisão Lateral;1;;1;;;;;;;;1;1;;;
30/01/2020;18:58:00;4050;sem vítima;68;BR-040/RJ;Norte;Colisão Traseira;;;1;;;1;;;;;2;;;;
30/01/2020;18:40:00;4055;sem vítima;786;BR-040/MG;Norte;Choque - Objeto Fixo;1;;;;;;;;;;1;;;;
30/01/2020;22:34:00;4070;com vítima;18;BR-040/RJ;Norte;Queda de Moto;;;;1;;;;;;;0;;;;1
30/01/2020;23:04:00;4074;com vítima;99;BR-040/RJ;Norte;Tombamento;;;1;;;1;;;;;1;1;;;
31/01/2020;03:41:00;4091;sem vítima;84;BR-040/RJ;Sul;Colisão Traseira;;;1;;1;;;;;;2;;;;
31/01/2020;03:42:00;4092;sem vítima;111;BR-040/RJ;Sul;Choque - Objeto Fixo;1;;;;;;;;;;1;;;;
31/01/2020;07:57:00;4113;com vítima;117;BR-040/RJ;Norte;Colisão Lateral;1;;;;;1;;;;;1;1;;;
31/01/2020;10:44:00;4136;com vítima;7;BR-040/RJ;Norte;Capotamento;1;;;;;;;;;;0;5;;;
31/01/2020;12:00:00;4151;com vítima;122;BR-040/RJ;Norte;Queda de Moto;1;;;1;;;;;;;1;;1;;
31/01/2020;17:47:00;4203;com vítima;112;BR-040/RJ;Norte;Colisão Traseira;1;;;1;;;;;;;1;1;;;
31/01/2020;18:55:00;4218;sem vítima;110;BR-040/RJ;Norte;Engavetamento;2;;;;;1;;;;;3;;;;
31/01/2020;20:57:00;4231;sem vítima;91;BR-040/RJ;Norte;Choque - Objeto Fixo;1;;;;;;;;;;1;;;;
01/02/2020;05:22:00;14;com vítima;45;BR-040/RJ;Sul;Choque - Objeto Fixo;1;;;;;;;;;;0;1;;;
01/02/2020;08:42:00;32;sem vítima;13;BR-040/RJ;Sul;Colisão Traseira;1;;;;;2;;;;;3;;;;
01/02/2020;11:42:00;49;com vítima;62;BR-040/RJ;Norte;Colisão Transversal;1;;;1;;;;;;;0;2;;;
01/02/2020;15:44:00;77;sem vítima;96;BR-040/RJ;Sul;Choque - Objeto Fixo;1;;;;;;;;;;1;;;;
01/02/2020;15:48:00;80;com vítima;87;BR-040/RJ;Sul;Choque - Objeto Fixo;1;;;;;;;;;;0;1;;;
01/02/2020;16:44:00;95;com vítima;8;BR-040/RJ;Norte;Choque - Objeto Fixo;1;;;;;;;;;;0;1;;;
01/02/2020;16:45:00;96;sem vítima;91;BR-040/RJ;Norte;Choque - Objeto Fixo;1;;;;;;;;;;1;;;;
01/02/2020;16:56:00;98;sem vítima;92;BR-040/RJ;Norte;Choque - Objeto Fixo;1;;;;;;;;;;1;;;;
01/02/2020;17:40:00;100;com vítima;4;BR-040/RJ;Sul;Choque - Objeto Fixo;1;;;;;;;;;;0;2;;;
01/02/2020;22:10:00;127;sem vítima;95;BR-040/RJ;Sul;Choque - Objeto Fixo;1;;;;;;;;;;1;;;;
02/02/2020;02:52:00;138;com vítima;27;BR-040/RJ;Sul;Capotamento;1;;;;;;;;;;0;;2;;
02/02/2020;09:17:00;155;sem vítima;120;BR-040/RJ;Norte;Colisão Traseira;2;;;;;;;;;;2;;;;
02/02/2020;13:58:00;186;sem vítima;97;BR-040/RJ;Sul;Choque - Objeto Fixo;1;;;;;;;;;;1;;;;
02/02/2020;14:20:00;189;sem vítima;92;BR-040/RJ;Norte;Choque - Objeto Fixo;1;;;;;;;;;;1;;;;
02/02/2020;14:44:00;190;sem vítima;91;BR-040/RJ;Norte;Colisão Lateral;2;;;;;;;;;;2;;;;
02/02/2020;15:23:00;197;sem vítima;1;BR-040/RJ;Norte;Saída de Pista;1;;;;;;;;;;1;;;;
02/02/2020;16:37:00;207;sem vítima;93;BR-040/RJ;Sul;Choque - Objeto Fixo;1;;;;;;;;;;1;;;;
02/02/2020;17:30:00;218;sem vítima;93;BR-040/RJ;Norte;Choque - Objeto Fixo;1;;;;;;;;;;1;;;;
02/02/2020;18:10:00;220;sem vítima;92;BR-040/RJ;Sul;Choque - Objeto Fixo;1;;;;;;;;;;1;;;;
02/02/2020;18:32:00;223;sem vítima;87;BR-040/RJ;Sul;Choque - Objeto Fixo;1;;;;;;;;;;1;;;;
02/02/2020;19:41:00;233;com vítima;110;BR-040/RJ;Norte;Engavetamento;4;;;;;;;;;;3;1;;;
02/02/2020;21:57:00;248;com vítima;113;BR-040/RJ;Norte;Colisão Traseira;2;;;;;;;;;;1;3;1;;
02/02/2020;22:51:00;255;sem vítima;111;BR-040/RJ;Norte;Colisão Traseira;1;;;;;1;;;;;2;;;;
03/02/2020;00:03:00;261;com vítima;108;BR-040/RJ;Sul;Queda de Moto;;;;1;;;;;;;0;1;;;
03/02/2020;00:09:00;262;com vítima;105;BR-040/RJ;Norte;Capotamento;1;;;;;;;;;;0;1;;;
03/02/2020;01:24:00;271;com vítima;114;BR-040/RJ;Sul;Capotamento;1;;;;;;;;;;0;1;;;
03/02/2020;02:46:00;273;sem vítima;119;BR-040/RJ;Norte;Colisão Traseira;1;;;;;1;;;;;2;;;;
03/02/2020;07:16:00;291;com vítima;797;BR-040/MG;Norte;Capotamento;1;;;;;;;;;;0;1;;;
03/02/2020;07:38:00;296;sem vítima;825;BR-040/MG;Norte;Choque - Objeto Fixo;1;;;;;;;;;;1;;;;
03/02/2020;08:58:00;303;sem vítima;82;BR-040/RJ;Norte;Choque - Objeto Fixo;1;;;;;;;;;;1;;;;
03/02/2020;09:43:00;305;com vítima;807;BR-040/MG;Sul;Queda de Moto;;;;1;;;;;;;0;2;;;
03/02/2020;10:40:00;312;com vítima;822;BR-040/MG;Norte;Capotamento;1;;;;;;;;;;0;1;1;;
03/02/2020;15:15:00;345;sem vítima;84;BR-040/RJ;Norte;Choque - Objeto Fixo;1;;;;;;;;;;1;;;;
03/02/2020;17:19:00;361;sem vítima;90;BR-040/RJ;Sul;Choque - Objeto Fixo;1;;;;;;;;;;1;;;;
03/02/2020;23:15:00;390;sem vítima;75;BR-040/RJ;Sul;Choque - Objeto Fixo;1;;;;;;;;;;1;;;;
03/02/2020;23:00:00;391;sem vítima;124;BR-040/RJ;Sul;Choque - Objeto Fixo;1;;;;;;;;;;1;;;;
03/02/2020;23:35:00;394;sem vítima;113;BR-040/RJ;Norte;Colisão Traseira;2;;;;;;;;;;2;;;;
04/02/2020;01:21:00;405;sem vítima;19;BR-040/RJ;Sul;Atropelamento - Animal;;;1;;;;;;;;1;;;;
04/02/2020;03:23:00;410;com vítima;113;BR-040/RJ;Norte;Colisão Traseira;2;;;;;;;;;;1;1;1;;
04/02/2020;07:40:00;429;sem vítima;84;BR-040/RJ;Norte;Choque - Objeto Fixo;1;;;;;;;;;;1;;;;
04/02/2020;07:50:00;433;sem vítima;84;BR-040/RJ;Norte;Choque - Objeto Fixo;1;;;;;;;;;;1;;;;
04/02/2020;20:29:00;510;sem vítima;84;BR-040/RJ;Sul;Choque - Objeto Fixo;1;;;;;;;;;;1;;;;
05/02/2020;09:11:00;560;sem vítima;89;BR-040/RJ;Sul;Choque - Objeto Fixo;1;;;;;;;;;;1;;;;
05/02/2020;10:47:00;567;sem vítima;34;BR-040/RJ;Norte;Choque - Objeto Fixo;1;;;;;;;;;;1;;;;
05/02/2020;13:33:00;589;sem vítima;20;BR-040/RJ;Norte;Colisão Traseira;2;;;;;;;;;;2;;;;
05/02/2020;15:26:00;598;com vítima;109;BR-040/RJ;Norte;Engavetamento;2;;1;;;;;;;;0;5;;;
05/02/2020;15:57:00;603;sem vítima;102;BR-040/RJ;Sul;Choque - Objeto Fixo;1;;;;;;;;;;1;;;;
05/02/2020;15:59:00;604;sem vítima;91;BR-040/RJ;Sul;Choque - Objeto Fixo;1;;;;;;;;;;1;;;;
05/02/2020;15:58:00;605;sem vítima;77;BR-040/RJ;Norte;Choque - Objeto Fixo;1;;;;;;;;;;1;;;;
05/02/2020;16:46:00;610;com vítima;1;BR-040/RJ;Norte;Capotamento;1;;;;;;;;;;0;1;;;
05/02/2020;16:55:00;612;com vítima;108;BR-040/RJ;Norte;Colisão Lateral;1;;1;;;;;;;;0;3;;;
06/02/2020;04:58:00;685;com vítima;37;BR-040/RJ;Sul;Capotamento;1;;;;;;;;;;0;1;;;
06/02/2020;07:39:00;699;com vítima;112;BR-040/RJ;Norte;Colisão Lateral;;;1;;2;;;;;;1;2;;;
06/02/2020;07:44:00;700;sem vítima;93;BR-040/RJ;Sul;Choque - Objeto Fixo;1;;;;;;;;;;1;;;;
06/02/2020;08:18:00;704;sem vítima;93;BR-040/RJ;Sul;Choque - Objeto Fixo;1;;;;;;;;;;1;;;;
06/02/2020;08:45:00;708;sem vítima;94;BR-040/RJ;Sul;Colisão Traseira;1;;1;;;;;;;;2;;;;
06/02/2020;08:55:00;711;sem vítima;75;BR-040/RJ;Sul;Derrapagem;1;;;;;;;;;;1;;;;
06/02/2020;09:16:00;712;com vítima;123;BR-040/RJ;Sul;Colisão Lateral;1;;1;;;1;;;;;2;1;;;
06/02/2020;09:41:00;713;sem vítima;91;BR-040/RJ;Norte;Choque - Objeto Fixo;1;;;;;;;;;;1;;;;
06/02/2020;15:05:00;746;sem vítima;59;BR-040/RJ;Norte;Saída de Pista;1;;;;;;;;;;1;;;;
06/02/2020;15:54:00;754;com vítima;32;BR-040/RJ;Norte;Saída de Pista;1;;;;;;;;;;0;;4;;
06/02/2020;16:59:00;761;com vítima;5;BR-040/RJ;Norte;Choque - Objeto Fixo;1;;;;;;;;;;0;5;;;
06/02/2020;17:16:00;764;com vítima;824;BR-040/MG;Sul;Choque - Objeto Fixo;1;;;;;;;;;;0;1;;;
06/02/2020;17:53:00;768;sem vítima;1;BR-040/RJ;Norte;Saída de Pista;1;;;;;;;;;;1;;;;
06/02/2020;21:22:00;787;sem vítima;780;BR-040/MG;Norte;Choque - Objeto Fixo;1;;;;;;;;;;1;;;;
06/02/2020;22:10:00;789;sem vítima;87;BR-040/RJ;Norte;Choque - Objeto Fixo;1;;;;;;;;;;1;;;;
07/02/2020;04:33:00;808;com vítima;85;BR-040/RJ;Norte;Choque - Objeto Fixo;1;;;;;;;;;;0;1;;;
07/02/2020;04:45:00;810;sem vítima;782;BR-040/MG;Sul;Choque - Objeto Fixo;1;;;;;;;;;;1;;;;
07/02/2020;06:40:00;817;com vítima;121;BR-040/RJ;Sul;Queda de Moto;1;;;1;;;;;;;1;1;;;
07/02/2020;08:27:00;835;com vítima;777;BR-040/MG;Norte;Atropelamento - Pedestre;;;1;;;1;;;;;1;;1;;
07/02/2020;08:58:00;839;sem vítima;118;BR-040/RJ;Sul;Colisão Traseira;1;;;;1;;;;;;2;;;;
07/02/2020;09:28:00;842;sem vítima;119;BR-040/RJ;Norte;Choque - Objeto Fixo;1;;;;;;;;;;1;;;;
07/02/2020;10:34:00;851;com vítima;123;BR-040/RJ;Norte;Colisão Lateral;1;;;;;1;;;;;1;2;;;
07/02/2020;12:01:00;861;sem vítima;123;BR-040/RJ;Norte;Colisão Lateral;;;1;1;;;;;;;2;;;;
07/02/2020;12:05:00;862;com vítima;777;BR-040/MG;Norte;Colisão Traseira;1;;1;;;;;;;;1;1;;;
07/02/2020;12:16:00;864;sem vítima;61;BR-040/RJ;Sul;Engavetamento;3;;1;;;;;;;;4;;;;
07/02/2020;13:08:00;868;sem vítima;88;BR-040/RJ;Norte;Colisão Traseira;2;;;;;;;;;;2;;;;
07/02/2020;15:13:00;887;sem vítima;93;BR-040/RJ;Sul;Choque - Objeto Fixo;1;;;;;;;;;;1;;;;
07/02/2020;15:17:00;889;sem vítima;94;BR-040/RJ;Norte;Colisão Traseira;1;;;;;1;;;;;2;;;;
07/02/2020;16:13:00;897;sem vítima;87;BR-040/RJ;Sul;Choque - Objeto Fixo;1;;;;;;;;;;4;;;;
07/02/2020;20:01:00;921;sem vítima;110;BR-040/RJ;Norte;Colisão Traseira;1;;1;;;;;;;;2;;;;
08/02/2020;06:06:00;955;sem vítima;123;BR-040/RJ;Norte;Colisão Lateral;2;;;;;;;;;;2;;;;
08/02/2020;08:46:00;966;sem vítima;109;BR-040/RJ;Norte;Colisão Traseira;2;;;;;;;;;;2;;;;
08/02/2020;12:07:00;1000;com vítima;55;BR-040/RJ;Sul;Colisão Lateral;2;;;;;;;;;;0;5;;;
08/02/2020;13:25:00;1008;sem vítima;84;BR-040/RJ;Norte;Choque - Objeto Fixo;1;;;;;;;;;;1;;;;
08/02/2020;14:45:00;1015;com vítima;120;BR-040/RJ;Norte;Queda de Moto;;;;1;;;;;;;0;1;;;
08/02/2020;20:31:00;1063;com vítima;118;BR-040/RJ;Sul;Choque - Objeto Fixo;1;;;;;;;;;;0;2;;;
09/02/2020;04:39:00;1089;com vítima;123;BR-040/RJ;Sul;Capotamento;1;;;;;;;;;;0;1;;;
09/02/2020;06:36:00;1100;sem vítima;800;BR-040/MG;Norte;Choque - Objeto Fixo;1;;;;;;;;;;1;;;;
09/02/2020;08:38:00;1115;com vítima;97;BR-040/RJ;Norte;Queda de Moto;;;;1;;;;;;;0;1;;;
09/02/2020;11:13:00;1128;com vítima;24;BR-040/RJ;Sul;Tombamento;;;1;;;1;;;;;1;1;;;
09/02/2020;14:16:00;1144;sem vítima;98;BR-040/RJ;Norte;Choque - Objeto Fixo;1;;;;;;;;;;1;;;;
09/02/2020;16:55:00;1166;sem vítima;93;BR-040/RJ;Norte;Choque - Objeto Fixo;1;;;;;;;;;;1;;;;
09/02/2020;17:44:00;1173;sem vítima;91;BR-040/RJ;Sul;Choque - Objeto Fixo;1;;;;;;;;;;1;;;;
09/02/2020;18:30:00;1179;sem vítima;98;BR-040/RJ;Sul;Choque - Objeto Fixo;1;;;;;;;;;;1;;;;
09/02/2020;18:36:00;1180;com vítima;104;BR-040/RJ;Norte;Colisão Transversal;1;1;;;;;;;;;1;1;;;
09/02/2020;19:42:00;1189;com vítima;113;BR-040/RJ;Norte;Colisão Traseira;2;;;;;;;;;;0;2;;;
09/02/2020;20:54:00;1197;com vítima;113;BR-040/RJ;Norte;Colisão Lateral;2;;;;;;;;;;0;;3;1;
10/02/2020;03:36:00;1209;sem vítima;805;BR-040/MG;Sul;Choque - Objeto Fixo;1;;;;;;;;;;1;;;;
10/02/2020;06:32:00;1218;com vítima;34;BR-040/RJ;Norte;Capotamento;1;;;;;;;;;;0;1;;;
10/02/2020;07:18:00;1228;sem vítima;77;BR-040/RJ;Sul;Choque - Objeto Fixo;1;;;;;;;;;;1;;;;
10/02/2020;07:28:00;1229;com vítima;38;BR-040/RJ;Sul;Choque - Objeto Fixo;1;;;;;;;;;;0;2;;;
10/02/2020;08:03:00;1233;com vítima;38;BR-040/RJ;Norte;Choque - Objeto Fixo;1;;;;;;;;;;0;1;;;
10/02/2020;15:39:00;1281;sem vítima;84;BR-040/RJ;Norte;Choque - Objeto Fixo;1;;;;;;;;;;1;;;;
10/02/2020;16:50:00;1297;sem vítima;93;BR-040/RJ;Sul;Capotamento;1;;;;;;;;;;1;;;;
10/02/2020;17:53:00;1309;sem vítima;7;BR-040/RJ;Norte;Choque - Objeto Fixo;1;;;;;;;;;;1;;;;
10/02/2020;18:27:00;1317;sem vítima;105;BR-040/RJ;Norte;Colisão Lateral;1;;;;;1;;;;;2;;;;
10/02/2020;21:08:00;1343;sem vítima;113;BR-040/RJ;Norte;Colisão Traseira;1;;;1;;;;;;;2;;;;
11/02/2020;01:22:00;1360;sem vítima;96;BR-040/RJ;Sul;Choque - Objeto Fixo;1;;;;;;;;;;1;;;;
11/02/2020;07:53:00;1395;sem vítima;84;BR-040/RJ;Norte;Choque - Objeto Fixo;1;;;;;;;;;;1;;;;
11/02/2020;08:25:00;1402;sem vítima;786;BR-040/MG;Norte;Choque - Objeto Fixo;1;;;;;;;;;;1;;;;
11/02/2020;08:30:00;1404;sem vítima;93;BR-040/RJ;Sul;Choque - Objeto Fixo;1;;;;;;;;;;1;;;;
11/02/2020;08:45:00;1406;com vítima;86;BR-040/RJ;Sul;Choque - Objeto Fixo;;;1;;;;;;;;0;1;;;
11/02/2020;09:14:00;1407;sem vítima;26;BR-040/RJ;Sul;Colisão Traseira;;;2;;;;;;;;2;;;;
11/02/2020;09:30:00;1409;sem vítima;84;BR-040/RJ;Sul;Choque - Objeto Fixo;1;;;;;;;;;;1;;;;
11/02/2020;09:58:00;1412;sem vítima;785;BR-040/MG;Norte;Choque - Objeto Fixo;1;;;;;;;;;;1;;;;
11/02/2020;10:01:00;1413;com vítima;92;BR-040/RJ;Sul;Derrapagem;1;;;;;;;;;;0;1;;;
11/02/2020;09:52:00;1414;sem vítima;78;BR-040/RJ;Sul;Choque - Objeto Fixo;1;;;;;;;;;;1;;;;
11/02/2020;10:08:00;1415;sem vítima;95;BR-040/RJ;Norte;Choque - Objeto Fixo;1;;;;;;;;;;1;;;;
11/02/2020;10:25:00;1416;com vítima;90;BR-040/RJ;Sul;Choque - Objeto Fixo;1;;;;;;;;;;0;;1;;
11/02/2020;10:37:00;1418;sem vítima;17;BR-040/RJ;Norte;Choque - Objeto Fixo;1;;;;;;;;;;1;;;;
11/02/2020;10:53:00;1422;com vítima;67;BR-040/RJ;Norte;Choque - Objeto Fixo;1;;;;;;;;;;0;1;;;
11/02/2020;11:02:00;1425;sem vítima;90;BR-040/RJ;Sul;Choque - Objeto Fixo;;;1;;;;;;;;1;;;;
11/02/2020;12:31:00;1435;sem vítima;77;BR-040/RJ;Sul;Capotamento;1;;;;;;;;;;1;;;;
11/02/2020;13:12:00;1441;sem vítima;82;BR-040/RJ;Norte;Colisão Lateral;1;;;;;;;;;1;2;;;;
11/02/2020;14:09:00;1444;sem vítima;119;BR-040/RJ;Sul;Colisão Traseira;1;;;;1;;;;;;2;;;;
11/02/2020;14:26:00;1447;sem vítima;93;BR-040/RJ;Sul;Saída de Pista;1;;;;;;;;;;1;;;;
11/02/2020;14:47:00;1449;com vítima;780;BR-040/MG;Sul;Tombamento;;;1;;;1;;;;;1;1;;;
11/02/2020;15:57:00;1455;sem vítima;93;BR-040/RJ;Sul;Choque - Objeto Fixo;1;;;;;;;;;;1;;;;
12/02/2020;05:37:00;1513;sem vítima;34;BR-040/RJ;Sul;Choque - Objeto Fixo;;;1;;;;;;;;1;;;;
12/02/2020;08:23:00;1530;sem vítima;92;BR-040/RJ;Norte;Choque - Objeto Fixo;1;;;;;;;;;;1;;;;
12/02/2020;08:42:00;1536;com vítima;92;BR-040/RJ;Sul;Capotamento;1;;;;;;;;;;0;1;;;
12/02/2020;08:54:00;1538;sem vítima;82;BR-040/RJ;Sul;Choque - Objeto Fixo;1;;;;;;;;;;1;;;;
12/02/2020;10:27:00;1551;sem vítima;95;BR-040/RJ;Sul;Choque - Objeto Fixo;1;;;;;;;;;;1;;;;
12/02/2020;14:14:00;1584;sem vítima;62;BR-040/RJ;Sul;Choque - Objeto Fixo;1;;;;;;;;;;1;;;;
12/02/2020;16:53:00;1601;sem vítima;787;BR-040/MG;Norte;Choque - Objeto Fixo;1;;;;;;;;;;1;;;;
12/02/2020;18:19:00;1606;sem vítima;122;BR-040/RJ;Norte;Colisão Traseira;1;;1;;;;;;;;2;;;;
12/02/2020;19:52:00;1617;sem vítima;82;BR-040/RJ;Sul;Choque - Objeto Fixo;1;;;;;;;;;;1;;;;
12/02/2020;22:48:00;1640;com vítima;123;BR-040/RJ;Sul;Queda de Moto;;;;1;;;;;;;0;2;;;
13/02/2020;06:02:00;1667;sem vítima;92;BR-040/RJ;Sul;Choque - Objeto Fixo;1;;;;;;;;;;1;;;;
13/02/2020;06:44:00;1669;sem vítima;55;BR-040/RJ;Norte;Colisão Transversal;1;;1;;;;;;;;2;;;;
13/02/2020;06:51:00;1670;sem vítima;87;BR-040/RJ;Sul;Choque - Objeto Fixo;;;1;;;;;;;;1;;;;
13/02/2020;11:17:00;1716;sem vítima;89;BR-040/RJ;Norte;Choque - Objeto Fixo;1;;;;;;;;;;1;;;;
13/02/2020;12:37:00;1723;com vítima;43;BR-040/RJ;Norte;Capotamento;1;;;;;;;;;;0;4;;;
13/02/2020;13:41:00;1729;com vítima;39;BR-040/RJ;Sul;Choque - Objeto Fixo;1;;;;;;;;;;0;1;;;
13/02/2020;14:49:00;1737;sem vítima;85;BR-040/RJ;Norte;Choque - Objeto Fixo;1;;;;;;;;;;1;;;;
13/02/2020;15:07:00;1739;com vítima;6;BR-040/RJ;Sul;Tombamento;;;1;;;;;;;;0;5;;;
13/02/2020;17:07:00;1750;sem vítima;90;BR-040/RJ;Sul;Saída de Pista;1;;;;;;;;;;1;;;;
13/02/2020;20:48:00;1769;sem vítima;82;BR-040/RJ;Sul;Choque - Objeto Fixo;1;;;;;;;;;;1;;;;
13/02/2020;21:06:00;1771;com vítima;91;BR-040/RJ;Sul;Saída de Pista;1;;;;;;;;;;0;3;;;
14/02/2020;00:25:00;1788;com vítima;113;BR-040/RJ;Norte;Queda de Moto;;;;1;;;;;;;0;;1;;
14/02/2020;06:25:00;1804;com vítima;810;BR-040/MG;Sul;Colisão Lateral;1;;1;;;;;;;;1;1;;;
14/02/2020;08:32:00;1816;sem vítima;32;BR-040/RJ;Norte;Choque - Objeto Fixo;1;;;;;;;;;;1;;;;
14/02/2020;09:31:00;1824;sem vítima;43;BR-040/RJ;Norte;Choque - Objeto Fixo;1;;;;;;;;;;1;;;;
14/02/2020;16:13:00;1876;com vítima;111;BR-040/RJ;Sul;Queda de Moto;;;;1;;;;;;;0;2;;;
14/02/2020;19:30:00;1907;com vítima;113;BR-040/RJ;Norte;Choque - Objeto Fixo;1;;1;;;;;;;;1;1;;;
14/02/2020;20:44:00;1915;sem vítima;83;BR-040/RJ;Sul;Choque - Objeto Fixo;1;;;;;;;;;;1;;;;
15/02/2020;06:42:00;1947;sem vítima;84;BR-040/RJ;Sul;Choque - Objeto Fixo;1;;;;;;;;;;1;;;;
15/02/2020;07:49:00;1959;com vítima;104;BR-040/RJ;Sul;Choque - Objeto Fixo;1;;;;;;;;;;0;1;2;;
15/02/2020;07:59:00;1961;sem vítima;84;BR-040/RJ;Norte;Colisão Lateral;1;;1;;;;;;;;2;;;;
15/02/2020;08:18:00;1965;sem vítima;810;BR-040/MG;Norte;Colisão Lateral;1;;;;;1;;;;;2;;;;
15/02/2020;09:11:00;1967;com vítima;84;BR-040/RJ;Sul;Choque - Objeto Fixo;;;1;;;;;;;;0;1;;;
15/02/2020;09:54:00;1972;com vítima;84;BR-040/RJ;Norte;Choque - Objeto Fixo;1;;;;;;;;;;0;2;;;
15/02/2020;15:02:00;2009;sem vítima;121;BR-040/RJ;Sul;Colisão Traseira;1;;1;;;;;;;;2;;;;
15/02/2020;15:43:00;2013;com vítima;84;BR-040/RJ;Sul;Choque - Objeto Fixo;1;;;;;;;;;;0;3;;;
16/02/2020;00:15:00;2063;com vítima;55;BR-040/RJ;Sul;Colisão Traseira;2;;;;;;;;;;0;4;;;
16/02/2020;05:40:00;2071;com vítima;123;BR-040/RJ;Sul;Queda de Moto;;;;1;;;;;;;0;1;;;
16/02/2020;07:22:00;2077;com vítima;121;BR-040/RJ;Norte;Queda de Moto;;;;1;;;;;;;0;;1;;
16/02/2020;15:43:00;2124;sem vítima;85;BR-040/RJ;Sul;Choque - Objeto Fixo;1;;;;;;;;;;1;;;;
16/02/2020;16:10:00;2127;com vítima;111;BR-040/RJ;Norte;Capotamento;1;;;;;;;;;;0;2;;;
16/02/2020;16:24:00;2131;sem vítima;803;BR-040/MG;Norte;Choque - Objeto Fixo;1;;;;;;;;;;1;;;;
16/02/2020;16:33:00;2133;sem vítima;1;BR-040/RJ;Norte;Choque - Objeto Fixo;1;;;;;;;;;;1;;;;
16/02/2020;18:07:00;2142;sem vítima;3;BR-040/RJ;Norte;Choque - Objeto Fixo;1;;;;;;;;;;1;;;;
16/02/2020;20:01:00;2162;sem vítima;111;BR-040/RJ;Norte;Colisão Traseira;2;;;;;;;;;;2;;;;
16/02/2020;21:36:00;2170;sem vítima;84;BR-040/RJ;Sul;Choque - Objeto Fixo;1;;;;;;;;;;1;;;;
16/02/2020;21:45:00;2171;com vítima;84;BR-040/RJ;Sul;Capotamento;1;;;;;;;;;;0;4;;;
16/02/2020;22:56:00;2180;sem vítima;64;BR-040/RJ;Sul;Choque - Objeto Fixo;1;;;;;;;;;;1;;;;
17/02/2020;09:05:00;2212;sem vítima;121;BR-040/RJ;Sul;Colisão Lateral;;;2;;;;;;;;2;;;;
17/02/2020;11:57:00;2241;sem vítima;118;BR-040/RJ;Norte;Colisão Lateral;2;;1;1;;;;;;;4;;;;
17/02/2020;13:48:00;2253;com vítima;84;BR-040/RJ;Sul;Queda de Moto;;;;1;;;;;;;0;1;;;
17/02/2020;14:06:00;2256;com vítima;113;BR-040/RJ;Norte;Colisão Traseira;;;;;2;;;;;;1;1;;;
17/02/2020;14:30:00;2258;sem vítima;113;BR-040/RJ;Sul;Colisão Traseira;;;2;;;;;;;;2;;;;
17/02/2020;16:48:00;2273;com vítima;109;BR-040/RJ;Norte;Colisão Lateral;1;;1;;;;;;;;1;4;;;
18/02/2020;16:54:00;2418;sem vítima;108;BR-040/RJ;Sul;Colisão Frontal;2;;;;;;;;;;2;;;;
18/02/2020;19:10:00;2434;com vítima;111;BR-040/RJ;Norte;Engavetamento;1;;2;;;;;;;;2;3;;;
18/02/2020;20:52:00;2444;com vítima;111;BR-040/RJ;Sul;Colisão Traseira;2;;;;;;;;;;0;2;;;
19/02/2020;02:21:00;2465;com vítima;122;BR-040/RJ;Sul;Capotamento;1;;;;;;;;;;0;2;;;
19/02/2020;09:39:00;2506;sem vítima;105;BR-040/RJ;Norte;Colisão Lateral;1;;;;;1;;;;;2;;;;