data;horario;n_da_ocorrencia;tipo_de_ocorrencia;km;trecho;sentido;tipo_de_acidente;automovel;bicicleta;caminhao;moto;onibus;outros;tracao_animal;transporte_de_cargas_especiais;trator_maquinas;utilitarios;ilesos;levemente_feridos;moderadamente_feridos;gravemente_feridos;mortos
07/03/2020;02:29:00;845;sem vítima;38;BR-040/RJ;Norte;Atropelamento - Animal;1;;;;;;;;;;1;;;;
07/03/2020;10:04:00;882;com vítima;825;BR-040/MG;Norte;Saída de Pista;1;;;;;;;;;;0;1;1;;
07/03/2020;10:13:00;884;sem vítima;124;BR-040/RJ;Sul;Choque - Objeto Fixo;;;1;;;;;;;;1;;;;
07/03/2020;14:00:00;907;sem vítima;31;BR-040/RJ;Norte;Choque - Objeto Fixo;1;;;;;;;;;;1;;;;
07/03/2020;14:49:00;912;sem vítima;108;BR-040/RJ;Sul;Colisão Lateral;;;;1;;1;;;;;2;;;;
07/03/2020;23:37:00;961;sem vítima;85;BR-040/RJ;Sul;Choque - Objeto Fixo;1;;;;;;;;;;1;;;;
08/03/2020;06:27:00;986;sem vítima;123;BR-040/RJ;Norte;Choque - Objeto Fixo;1;;;;;;;;;;1;;;;
08/03/2020;11:46:00;1015;com vítima;119;BR-040/RJ;Sul;Colisão Lateral;1;;;1;;;;;;;1;;1;;
08/03/2020;20:32:00;1057;sem vítima;67;BR-040/RJ;Norte;Choque - Objeto Fixo;1;;;;;;;;;;1;;;;
09/03/2020;08:00:00;1083;sem vítima;106;BR-040/RJ;Sul;Colisão Traseira;1;;;;;1;;;;;2;;;;
09/03/2020;08:28:00;1089;sem vítima;109;BR-040/RJ;Sul;Colisão Lateral;1;;1;;;;;;;;2;;;;
09/03/2020;14:08:00;1134;com vítima;93;BR-040/RJ;Sul;Capotamento;1;;;;;;;;;;0;1;;;
09/03/2020;14:28:00;1136;sem vítima;99;BR-040/RJ;Sul;Colisão Lateral;2;;;;;;;;;;2;;;;
10/03/2020;09:03:00;1212;sem vítima;122;BR-040/RJ;Sul;Choque - Objeto Fixo;1;;;;;;;;;;1;;;;
10/03/2020;15:27:00;1258;com vítima;114;BR-040/RJ;Sul;Objeto lançado contra veículo;;;1;;;;;;;;0;;1;;
10/03/2020;15:35:00;1259;com vítima;113;BR-040/RJ;Norte;Colisão Traseira;1;;;;1;;;;;;0;2;;;
10/03/2020;21:08:00;1301;com vítima;31;BR-040/RJ;Sul;Tombamento;;;1;;;;;;;;0;;1;;
11/03/2020;02:09:00;1316;com vítima;2;BR-040/RJ;Sul;Tombamento;;;1;;;;;;;;0;;1;;
11/03/2020;10:22:00;1351;com vítima;25;BR-040/RJ;Sul;Atropelamento - Pedestre;1;;;;;1;;;;;1;1;;;
11/03/2020;16:56:00;1383;sem vítima;119;BR-040/RJ;Norte;Engavetamento;4;;;;;;;;;;4;;;;
11/03/2020;20:02:00;1401;com vítima;823;BR-040/MG;Sul;Atropelamento - Pedestre;;;;;;2;;;;;1;;;;1
12/03/2020;05:00:00;1422;com vítima;93;BR-040/RJ;Sul;Colisão Traseira;;;2;;;;;;;;0;2;1;;
12/03/2020;07:59:00;1444;sem vítima;122;BR-040/RJ;Sul;Colisão Traseira;1;;2;;;;;;;;3;;;;
12/03/2020;12:39:00;1473;sem vítima;89;BR-040/RJ;Norte;Colisão Lateral;2;;;;;;;;;;2;;;;
12/03/2020;14:22:00;1483;sem vítima;824;BR-040/MG;Norte;Choque - Objeto Fixo;1;;;;;;;;;;1;;;;
12/03/2020;15:20:00;1495;sem vítima;824;BR-040/MG;Norte;Choque - Objeto Fixo;1;;;;;;;;;;1;;;;
12/03/2020;16:40:00;1507;com vítima;109;BR-040/RJ;Norte;Colisão Traseira;1;;;1;;;;;;;1;;1;;
12/03/2020;17:27:00;1511;com vítima;106;BR-040/RJ;Norte;Engavetamento;3;;;;;;;;;;2;1;;;
12/03/2020;19:02:00;1526;com vítima;41;BR-040/RJ;Norte;Atropelamento - Pedestre;1;;;;;1;;;;;0;2;1;;
13/03/2020;05:50:00;1559;com vítima;122;BR-040/RJ;Sul;Colisão Lateral;1;;1;1;;;;;;;2;1;;;
13/03/2020;07:26:00;1566;sem vítima;121;BR-040/RJ;Sul;Colisão Lateral;1;;1;;;;;;;;2;;;;
13/03/2020;08:52:00;1583;com vítima;80;BR-040/RJ;Sul;Choque - Objeto Fixo;1;;;;;;;;;;0;2;;;
13/03/2020;08:53:00;1584;com vítima;94;BR-040/RJ;Sul;Saída de Pista;;;1;;;;;;;;0;3;;;
13/03/2020;16:52:00;1639;sem vítima;119;BR-040/RJ;Norte;Colisão Traseira;;;2;;;;;;;;2;;;;
13/03/2020;17:10:00;1644;sem vítima;84;BR-040/RJ;Sul;Saída de Pista;;;1;;;;;;;;1;;;;
14/03/2020;03:58:00;1686;sem vítima;115;BR-040/RJ;Norte;Choque - Objeto Fixo;1;;;;;;;;;;1;;;;
14/03/2020;04:55:00;1690;com vítima;59;BR-040/RJ;Sul;Choque - Objeto Fixo;1;;;;;;;;;;0;;1;;
14/03/2020;06:25:00;1695;com vítima;800;BR-040/MG;Sul;Choque - Objeto Fixo;1;;;;;;;;;;0;;1;;
14/03/2020;06:32:00;1697;sem vítima;109;BR-040/RJ;Norte;Colisão Traseira;1;;1;;;;;;;;2;;;;
14/03/2020;06:35:00;1698;sem vítima;824;BR-040/MG;Norte;Choque - Objeto Fixo;1;;;;;;;;;;1;;;;
14/03/2020;09:15:00;1713;com vítima;121;BR-040/RJ;Sul;Colisão Traseira;1;;;1;;;;;;;1;1;;;
14/03/2020;11:45:00;1722;com vítima;123;BR-040/RJ;Norte;Colisão Frontal;1;;;;1;;;;;;1;;1;;
14/03/2020;13:09:00;1729;sem vítima;123;BR-040/RJ;Norte;Colisão Traseira;2;;;;;;;;;;2;;;;
14/03/2020;18:08:00;1755;sem vítima;35;BR-040/RJ;Sul;Choque - Objeto Fixo;1;;;;;;;;;;1;;;;
15/03/2020;04:05:00;1792;com vítima;102;BR-040/RJ;Norte;Queda de Moto;;;;1;;;;;;;0;;;1;1
15/03/2020;11:03:00;1816;com vítima;25;BR-040/RJ;Norte;Capotamento;1;;;;;;;;;;0;1;;;
15/03/2020;17:24:00;1849;com vítima;780;BR-040/MG;Sul;Colisão Traseira;1;1;;;;;;;;;1;1;;;
15/03/2020;18:33:00;1858;sem vítima;808;BR-040/MG;Sul;Colisão Lateral;2;;;;;;;;;;2;;;;
15/03/2020;21:40:00;1869;sem vítima;92;BR-040/RJ;Norte;Choque - Objeto Fixo;1;;;;;;;;;;1;;;;
16/03/2020;00:05:00;1880;com vítima;114;BR-040/RJ;Norte;Colisão Traseira;;;;1;;1;;;;;1;1;;;
16/03/2020;04:35:00;1894;com vítima;124;BR-040/RJ;Sul;Tombamento;;;1;;;1;;;;;1;1;;;
16/03/2020;09:51:00;1921;sem vítima;118;BR-040/RJ;Sul;Engavetamento;2;;1;;;;;;;;3;;;;
16/03/2020;11:26:00;1934;sem vítima;108;BR-040/RJ;Norte;Choque - Objeto Fixo;1;;;;;;;;;;1;;;;
16/03/2020;13:03:00;1940;sem vítima;796;BR-040/MG;Norte;Choque - Objeto Fixo;1;;;;;;;;;;1;;;;
16/03/2020;14:36:00;1950;sem vítima;94;BR-040/RJ;Sul;Choque - Objeto Fixo;1;;;;;;;;;;1;;;;
16/03/2020;15:14:00;1959;sem vítima;14;BR-040/RJ;Sul;Choque - Objeto Fixo;1;;;;;;;;;;1;;;;
16/03/2020;16:01:00;1965;sem vítima;84;BR-040/RJ;Sul;Choque - Objeto Fixo;1;;;;;;;;;;1;;;;
16/03/2020;16:56:00;1975;sem vítima;75;BR-040/RJ;Sul;Choque - Objeto Fixo;1;;;;;;;;;;1;;;;
16/03/2020;19:07:00;1994;com vítima;778;BR-040/MG;Norte;Queda de Moto;;;;1;;;;;;;0;1;;;
16/03/2020;19:17:00;1995;sem vítima;115;BR-040/RJ;Norte;Colisão Lateral;1;;1;;;;;;;;2;;;;
16/03/2020;19:38:00;1998;sem vítima;92;BR-040/RJ;Norte;Choque - Objeto Fixo;1;;;;;;;;;;1;;;;
17/03/2020;05:04:00;2031;sem vítima;96;BR-040/RJ;Sul;Choque - Objeto Fixo;1;;;;;;;;;;1;;;;
17/03/2020;05:52:00;2035;com vítima;65;BR-040/RJ;Norte;Capotamento;1;;;;;;;;;;0;2;;;
17/03/2020;06:41:00;2038;com vítima;790;BR-040/MG;Sul;Queda de Moto;;;;1;;;;;;;0;2;;;
17/03/2020;06:51:00;2040;sem vítima;85;BR-040/RJ;Norte;Choque - Objeto Fixo;1;;;;;;;;;;1;;;;
17/03/2020;12:39:00;2070;com vítima;96;BR-040/RJ;Norte;Tombamento;;;1;;;1;;;;;1;1;;;
17/03/2020;14:52:00;2077;sem vítima;84;BR-040/RJ;Norte;Choque - Objeto Fixo;1;;;;;;;;;;1;;;;
17/03/2020;15:28:00;2084;sem vítima;94;BR-040/RJ;Sul;Choque - Objeto Fixo;1;;;;;;;;;;1;;;;
17/03/2020;16:58:00;2101;com vítima;92;BR-040/RJ;Sul;Choque - Objeto Fixo;1;;;;;;;;;;0;1;;;
17/03/2020;18:19:00;2113;sem vítima;85;BR-040/RJ;Sul;Choque - Objeto Fixo;1;;;;;;;;;;1;;;;
17/03/2020;19:21:00;2122;sem vítima;85;BR-040/RJ;Sul;Choque - Objeto Fixo;;;1;;;;;;;;1;;;;
17/03/2020;23:18:00;2137;sem vítima;805;BR-040/MG;Norte;Choque - Objeto Fixo;1;;;;;;;;;;1;;;;
18/03/2020;07:14:00;2159;com vítima;86;BR-040/RJ;Sul;Tombamento;;;1;;;;;;;;0;1;;;
18/03/2020;08:52:00;2165;sem vítima;111;BR-040/RJ;Sul;Colisão Lateral;1;;1;;;;;;;;2;;;;
18/03/2020;10:48:00;2175;com vítima;78;BR-040/RJ;Sul;Queda de Moto;;;;1;;;;;;;0;2;;;
18/03/2020;12:08:00;2184;sem vítima;123;BR-040/RJ;Sul;Colisão Traseira;;;2;;;;;;;;2;;;;
18/03/2020;23:38:00;2252;sem vítima;817;BR-040/MG;Norte;Saída de Pista;1;;;;;;;;;;1;;;;
19/03/2020;07:55:00;2284;sem vítima;21;BR-040/RJ;Norte;Engavetamento;3;;;;;;;;;;3;;;;
19/03/2020;08:09:00;2287;com vítima;123;BR-040/RJ;Norte;Capotamento;1;;;;;;;;;;0;1;;;
19/03/2020;16:05:00;2342;com vítima;116;BR-040/RJ;Sul;Queda de Moto;;;;1;;;;;;;0;2;;;
19/03/2020;19:17:00;2367;sem vítima;780;BR-040/MG;Sul;Saída de Pista;1;;;;;;;;;;1;;;;
20/03/2020;00:15:00;2388;com vítima;79;BR-040/RJ;Sul;Choque - Objeto Fixo;1;;;;;;;;;;0;3;;;
20/03/2020;10:20:00;2418;com vítima;786;BR-040/MG;Norte;Choque - Objeto Fixo;1;;;;;;;;;;0;;1;;
20/03/2020;15:01:00;2440;sem vítima;117;BR-040/RJ;Norte;Colisão Traseira;2;;;;;;;;;;2;;;;
20/03/2020;15:51:00;2447;sem vítima;90;BR-040/RJ;Sul;Capotamento;1;;;;;;;;;;1;;;;
20/03/2020;15:53:00;2449;sem vítima;120;BR-040/RJ;Norte;Engavetamento;1;;;;;2;;;;;3;;;;
20/03/2020;17:55:00;2464;com vítima;17;BR-040/RJ;Norte;Tombamento;1;;;;;;;;;;0;2;;;
20/03/2020;18:06:00;2466;sem vítima;113;BR-040/RJ;Norte;Engavetamento;2;;1;;;;;;;;3;;;;
20/03/2020;19:07:00;2470;sem vítima;110;BR-040/RJ;Norte;Queda de Moto;;;;1;;;;;;;2;;;;
20/03/2020;21:24:00;2478;com vítima;123;BR-040/RJ;Norte;Colisão Lateral;1;;;1;;;;;;;1;1;;;
21/03/2020;05:50:00;2495;sem vítima;105;BR-040/RJ;Norte;Choque - Objeto Fixo;1;;;;;;;;;;1;;;;
21/03/2020;10:07:00;2513;sem vítima;93;BR-040/RJ;Sul;Choque - Objeto Fixo;1;;;;;;;;;;1;;;;
21/03/2020;11:19:00;2517;sem vítima;92;BR-040/RJ;Norte;Choque - Objeto Fixo;1;;;;;;;;;;1;;;;
21/03/2020;12:23:00;2519;com vítima;72;BR-040/RJ;Norte;Choque - Objeto Fixo;1;;;;;1;;;;;1;1;;;
21/03/2020;12:28:00;2521;com vítima;93;BR-040/RJ;Sul;Capotamento;1;;;;;;;;;;0;1;1;;
21/03/2020;13:08:00;2525;sem vítima;92;BR-040/RJ;Sul;Choque - Objeto Fixo;1;;;;;;;;;;1;;;;
21/03/2020;14:43:00;2530;sem vítima;82;BR-040/RJ;Sul;Choque - Objeto Fixo;1;;;;;;;;;;1;;;;
21/03/2020;15:04:00;2532;com vítima;77;BR-040/RJ;Sul;Capotamento;1;;;;;;;;;;0;1;;;
21/03/2020;15:40:00;2538;sem vítima;59;BR-040/RJ;Norte;Choque - Objeto Fixo;1;;;;;;;;;;1;;;;
21/03/2020;15:42:00;2539;com vítima;117;BR-040/RJ;Norte;Colisão Traseira;2;;;;;;;;;;1;2;;;
21/03/2020;15:42:00;2541;com vítima;117;BR-040/RJ;Norte;Queda de Moto;;;;1;;;;;;;0;1;;;
21/03/2020;16:43:00;2543;sem vítima;93;BR-040/RJ;Sul;Choque - Objeto Fixo;1;;;;;;;;;;1;;;;
21/03/2020;17:04:00;2545;sem vítima;117;BR-040/RJ;Norte;Choque - Objeto Fixo;1;;;;;;;;;;1;;;;
21/03/2020;18:02:00;2548;com vítima;1;BR-040/RJ;Norte;Choque - Objeto Fixo;1;;;;;;;;;;0;1;;;
21/03/2020;19:44:00;2555;sem vítima;75;BR-040/RJ;Sul;Choque - Objeto Fixo;1;;;;;;;;;;1;;;;
21/03/2020;22:33:00;2562;sem vítima;113;BR-040/RJ;Sul;Colisão Traseira;2;;;;;;;;;;2;;;;
22/03/2020;01:55:00;2572;sem vítima;107;BR-040/RJ;Sul;Choque - Objeto Fixo;1;;;;;;;;;;1;;;;
22/03/2020;11:52:00;2585;sem vítima;101;BR-040/RJ;Sul;Choque - Objeto Fixo;1;;;;;;;;;;1;;;;
22/03/2020;14:48:00;2596;sem vítima;113;BR-040/RJ;Norte;Engavetamento;3;;;;;1;;;;;4;;;;
22/03/2020;16:28:00;2602;sem vítima;32;BR-040/RJ;Sul;Choque - Objeto Fixo;1;;;;;;;;;;1;;;;
22/03/2020;20:24:00;2613;com vítima;120;BR-040/RJ;Norte;Atropelamento - Pedestre;2;;;;;1;;;;;2;;;;1
23/03/2020;06:58:00;2633;com vítima;122;BR-040/RJ;Sul;Colisão Lateral;1;;1;;;;;;;;1;1;;;
23/03/2020;07:10:00;2634;com vítima;73;BR-040/RJ;Norte;Choque - Objeto Fixo;;;1;;;;;;;;0;2;;;
23/03/2020;07:19:00;2635;sem vítima;90;BR-040/RJ;Sul;Choque - Objeto Fixo;1;;;;;;;;;;1;;;;
23/03/2020;11:01:00;2654;com vítima;105;BR-040/RJ;Norte;Colisão Lateral;1;;;1;;;;;;;1;2;;;
24/03/2020;07:39:00;2717;sem vítima;114;BR-040/RJ;Norte;Choque - Objeto Fixo;1;;;;;;;;;;1;;;;
24/03/2020;14:25:00;2759;com vítima;91;BR-040/RJ;Norte;Choque - Objeto Fixo;;;1;;;;;;;;0;1;;;
24/03/2020;15:33:00;2764;sem vítima;90;BR-040/RJ;Sul;Choque - Objeto Fixo;1;;;;;;;;;;1;;;;
24/03/2020;15:50:00;2770;com vítima;794;BR-040/MG;Norte;Choque - Objeto Fixo;1;;;;;;;;;;0;1;;;
24/03/2020;18:18:00;2783;sem vítima;110;BR-040/RJ;Sul;Colisão Lateral;1;;;;;1;;;;;2;;;;
25/03/2020;19:04:00;2856;com vítima;786;BR-040/MG;Norte;Choque - Objeto Fixo;1;;;;;;;;;;0;1;;;
26/03/2020;05:04:00;2878;sem vítima;804;BR-040/MG;Norte;Choque - Objeto Fixo;;;1;;;;;;;;1;;;;
26/03/2020;17:39:00;2913;sem vítima;93;BR-040/RJ;Sul;Choque - Objeto Fixo;1;;;;;;;;;;1;;;;
26/03/2020;19:16:00;2918;sem vítima;90;BR-040/RJ;Norte;Choque - Objeto Fixo;1;;;;;;;;;;1;;;;
27/03/2020;19:00:00;2983;sem vítima;98;BR-040/RJ;Norte;Queda de Moto;;;;1;;;;;;;1;;;;
28/03/2020;07:11:00;3009;sem vítima;74;BR-040/RJ;Sul;Colisão Traseira;2;;;;;;;;;;2;;;;
28/03/2020;10:52:00;3026;com vítima;804;BR-040/MG;Norte;Colisão Traseira;;1;1;;;;;;;;1;1;;;
28/03/2020;22:44:00;3053;com vítima;105;BR-040/RJ;Norte;Colisão Frontal;1;;;1;;;;;;;1;1;;;
29/03/2020;08:59:00;3072;sem vítima;10;BR-040/RJ;Sul;Choque - Objeto Fixo;1;;;;;;;;;;1;;;;
29/03/2020;09:11:00;3074;com vítima;75;BR-040/RJ;Norte;Queda de Moto;;;;1;;;;;;;0;1;;;
29/03/2020;14:10:00;3087;com vítima;98;BR-040/RJ;Sul;Choque - Objeto Fixo;1;;;;;;;;;;0;1;1;;
29/03/2020;14:52:00;3088;com vítima;84;BR-040/RJ;Sul;Queda de Moto;;;;1;;;;;;;0;;2;;
29/03/2020;16:36:00;3093;com vítima;84;BR-040/RJ;Sul;Tombamento;1;;;;;;;;;;0;1;;;
29/03/2020;19:00:00;3104;com vítima;56;BR-040/RJ;Sul;Colisão Lateral;1;;;1;;;;;;;0;;2;;
30/03/2020;03:39:00;3124;sem vítima;805;BR-040/MG;Sul;Choque - Objeto Fixo;1;;;;;;;;;;1;;;;
30/03/2020;04:46:00;3126;sem vítima;19;BR-040/RJ;Sul;Choque - Objeto Fixo;1;;;;;;;;;;1;;;;
30/03/2020;06:37:00;3134;sem vítima;21;BR-040/RJ;Norte;Choque - Objeto Fixo;1;;;;;;;;;;1;;;;
30/03/2020;14:57:00;3172;sem vítima;48;BR-040/RJ;Norte;Choque - Objeto Fixo;1;;;;;;;;;;1;;;;
30/03/2020;17:20:00;3186;com vítima;104;BR-040/RJ;Norte;Choque - Objeto Fixo;1;;;;;;;;;;0;1;;;
30/03/2020;20:44:00;3195;com vítima;1;BR-040/RJ;Norte;Capotamento;1;;;;;;;;;;0;1;;;
31/03/2020;13:18:00;3237;sem vítima;85;BR-040/RJ;Norte;Capotamento;1;;;;;;;;;;1;;;;
31/03/2020;16:40:00;3252;sem vítima;823;BR-040/MG;Norte;Choque - Objeto Fixo;1;;;;;;;;;;1;;;;
31/03/2020;18:45:00;3256;com vítima;792;BR-040/MG;Sul;Choque - Objeto Fixo;1;;;;;;;;;;0;1;;;
31/03/2020;22:27:00;3259;sem vítima;84;BR-040/RJ;Sul;Choque - Objeto Fixo;1;;;;;;;;;;1;;;;
01/04/2020;06:33:00;12;sem vítima;113;BR-040/RJ;Norte;Choque - Objeto Fixo;;;1;;;;;;;;1;;;;
01/04/2020;06:56:00;15;sem vítima;90;BR-040/RJ;Sul;Capotamento;1;;;;;;;;;;1;;;;
01/04/2020;07:57:00;18;sem vítima;123;BR-040/RJ;Norte;Colisão Traseira;1;;;;;1;;;;;2;;;;
01/04/2020;09:32:00;23;sem vítima;24;BR-040/RJ;Sul;Choque - Objeto Fixo;1;;;;;;;;;;1;;;;
01/04/2020;14:33:00;36;sem vítima;84;BR-040/RJ;Norte;Choque - Objeto Fixo;1;;;;;;;;;;1;;;;
01/04/2020;16:41:00;42;sem vítima;104;BR-040/RJ;Norte;Choque - Objeto Fixo;1;;;;;;;;;;1;;;;
01/04/2020;18:21:00;48;com vítima;109;BR-040/RJ;Norte;Colisão Traseira;1;;;1;;;;;;;1;;1;;
02/04/2020;03:25:00;66;sem vítima;792;BR-040/MG;Sul;Objeto lançado contra veículo;;;1;;;;;;;;1;;;;
02/04/2020;06:50:00;74;sem vítima;68;BR-040/RJ;Sul;Colisão Traseira;;;2;;;;;;;;2;;;;
02/04/2020;15:01:00;104;sem vítima;65;BR-040/RJ;Norte;Colisão Lateral;1;;;;;1;;;;;2;;;;
02/04/2020;16:08:00;110;sem vítima;109;BR-040/RJ;Norte;Colisão Lateral;1;;;1;;;;;;;2;;;;
03/04/2020;08:28:00;162;sem vítima;29;BR-040/RJ;Norte;Choque - Objeto Fixo;1;;;;;;;;;;1;;;;
03/04/2020;10:45:00;171;sem vítima;120;BR-040/RJ;Sul;Engavetamento;2;;1;;;;;;;;3;;;;
03/04/2020;15:17:00;190;sem vítima;106;BR-040/RJ;Norte;Choque - Objeto Fixo;1;;;;;;;;;;1;;;;
03/04/2020;20:38:00;209;sem vítima;93;BR-040/RJ;Sul;Choque - Objeto Fixo;1;;;;;;;;;;1;;;;
04/04/2020;05:30:00;224;com vítima;785;BR-040/MG;Sul;Choque - Objeto Fixo;1;;;;;;;;;;0;4;;;
04/04/2020;07:13:00;228;com vítima;102;BR-040/RJ;Norte;Colisão Transversal;1;;;1;;;;;;;1;1;;;
04/04/2020;13:30:00;249;com vítima;39;BR-040/RJ;Norte;Colisão Lateral;1;;;1;;;;;;;1;1;;;
04/04/2020;14:49:00;254;sem vítima;777;BR-040/MG;Norte;Choque - Objeto Fixo;2;;;;;;;;;;2;;;;
04/04/2020;22:07:00;279;com vítima;773;BR-040/MG;Sul;Choque - Objeto Fixo;1;;;;;;;;;;0;1;;;
05/04/2020;08:40:00;295;com vítima;22;BR-040/RJ;Norte;Queda de Moto;;;;1;;;;;;;0;;2;;
05/04/2020;10:57:00;300;com vítima;0;BR-040/RJ;Sul;Queda de Moto;;;;1;;;;;;;0;;;;1
05/04/2020;13:08:00;304;com vítima;118;BR-040/RJ;Norte;Choque - Objeto Fixo;1;;;;;;;;;;0;2;2;;1
06/04/2020;08:54:00;351;sem vítima;73;BR-040/RJ;Sul;Saída de Pista;1;;;;;;;;;;1;;;;
06/04/2020;12:47:00;369;sem vítima;776;BR-040/MG;Sul;Choque - Objeto Fixo;1;;;;;;;;;;1;;;;
06/04/2020;15:41:00;379;com vítima;54;BR-040/RJ;Norte;Colisão Traseira;2;;;;;;;;;;0;3;;;
06/04/2020;17:04:00;389;sem vítima;84;BR-040/RJ;Sul;Choque - Objeto Fixo;1;;;;;;;;;;1;;;;
06/04/2020;23:11:00;407;sem vítima;820;BR-040/MG;Norte;Choque - Objeto Fixo;1;;;;;;;;;;1;;;;
07/04/2020;08:25:00;423;com vítima;124;BR-040/RJ;Sul;Colisão Frontal;;;1;1;;;;;;;1;1;;;
07/04/2020;11:20:00;433;com vítima;72;BR-040/RJ;Norte;Choque - Objeto Fixo;1;;1;;;;;;;;1;1;;;
07/04/2020;12:52:00;442;com vítima;101;BR-040/RJ;Sul;Queda de Moto;;;;;;1;;;;;0;2;;;
07/04/2020;15:26:00;450;com vítima;786;BR-040/MG;Norte;Choque - Objeto Fixo;1;;;;;;;;;;0;1;;;
07/04/2020;15:36:00;451;com vítima;109;BR-040/RJ;Norte;Colisão Lateral;1;;1;;;;;;;;1;2;;;
07/04/2020;17:36:00;459;sem vítima;94;BR-040/RJ;Sul;Choque - Objeto Fixo;;;1;;;;;;;;1;;;;
07/04/2020;17:41:00;460;sem vítima;93;BR-040/RJ;Norte;Choque - Objeto Fixo;1;;;;;;;;;;1;;;;
07/04/2020;17:48:00;462;com vítima;93;BR-040/RJ;Sul;Capotamento;1;;;;;;;;;;0;1;;;
07/04/2020;18:10:00;463;sem vítima;94;BR-040/RJ;Sul;Choque - Objeto Fixo;1;;;;;;;;;;1;;;;
07/04/2020;20:41:00;472;sem vítima;96;BR-040/RJ;Sul;Choque - Objeto Fixo;1;;;;;;;;;;1;;;;
08/04/2020;09:44:00;503;com vítima;92;BR-040/RJ;Norte;Queda de Moto;;;;1;;;;;;;0;1;1;;
08/04/2020;09:58:00;506;sem vítima;92;BR-040/RJ;Sul;Choque - Objeto Fixo;1;;;;;;;;;;1;;;;
08/04/2020;11:19:00;511;sem vítima;90;BR-040/RJ;Sul;Choque - Objeto Fixo;1;;;;;;;;;;1;;;;
08/04/2020;12:10:00;513;sem vítima;58;BR-040/RJ;Sul;Colisão Lateral;1;;1;;;;;;;;2;;;;
08/04/2020;12:43:00;515;com vítima;18;BR-040/RJ;Sul;Tombamento;;;1;;;1;;;;;1;;1;;
08/04/2020;13:07:00;517;sem vítima;84;BR-040/RJ;Sul;Choque - Objeto Fixo;1;;;;;;;;;;1;;;;
08/04/2020;13:49:00;518;sem vítima;83;BR-040/RJ;Sul;Choque - Objeto Fixo;1;;;;;;;;;;1;;;;
08/04/2020;15:33:00;528;com vítima;93;BR-040/RJ;Sul;Capotamento;1;;;;;;;;;;0;1;;;
09/04/2020;03:19:00;561;com vítima;116;BR-040/RJ;Sul;Colisão Traseira;2;;;;;;;;;;0;1;2;;1
09/04/2020;06:40:00;566;sem vítima;104;BR-040/RJ;Sul;Colisão Lateral;1;;;;;1;;;;;2;;;;
09/04/2020;09:35:00;573;sem vítima;94;BR-040/RJ;Sul;Choque - Objeto Fixo;1;;;;;;;;;;1;;;;
09/04/2020;09:59:00;575;sem vítima;85;BR-040/RJ;Sul;Choque - Objeto Fixo;1;;;;;;;;;;1;;;;
09/04/2020;10:02:00;576;sem vítima;92;BR-040/RJ;Norte;Choque - Objeto Fixo;1;;;;;;;;;;1;;;;
09/04/2020;10:19:00;578;sem vítima;90;BR-040/RJ;Norte;Choque - Objeto Fixo;1;;;;;;;;;;1;;;;
10/04/2020;09:00:00;639;sem vítima;93;BR-040/RJ;Norte;Choque - Objeto Fixo;1;;;;;;;;;;1;;;;
10/04/2020;14:43:00;662;com vítima;98;BR-040/RJ;Sul;Capotamento;1;;;;;;;;;;0;4;;;
10/04/2020;17:42:00;675;sem vítima;93;BR-040/RJ;Sul;Choque - Objeto Fixo;1;;;;;;;;;;1;;;;
10/04/2020;18:24:00;678;sem vítima;78;BR-040/RJ;Sul;Choque - Objeto Fixo;1;;;;;;;;;;1;;;;
10/04/2020;19:55:00;684;sem vítima;94;BR-040/RJ;Sul;Choque - Objeto Fixo;1;;;;;;;;;;1;;;;
10/04/2020;22:10:00;689;com vítima;93;BR-040/RJ;Norte;Choque - Objeto Fixo;1;;;;;;;;;;0;2;;;
11/04/2020;10:22:00;718;com vítima;823;BR-040/MG;Sul;Choque - Objeto Fixo;1;;;;;;;;;;0;1;;;
11/04/2020;10:54:00;719;sem vítima;37;BR-040/RJ;Norte;Choque - Objeto Fixo;1;;;;;;;;;;1;;;;
11/04/2020;15:07:00;736;com vítima;118;BR-040/RJ;Sul;Queda de Moto;;;;1;;;;;;;0;2;;;
11/04/2020;15:47:00;740;sem vítima;93;BR-040/RJ;Norte;Choque - Objeto Fixo;1;;;;;;;;;;1;;;;
11/04/2020;16:02:00;742;sem vítima;72;BR-040/RJ;Norte;Choque - Objeto Fixo;1;;;;;;;;;;1;;;;
11/04/2020;16:27:00;745;com vítima;115;BR-040/RJ;Norte;Capotamento;1;;;;;;;;;;0;2;;;
11/04/2020;21:58:00;763;sem vítima;84;BR-040/RJ;Norte;Choque - Objeto Fixo;1;;;;;;;;;;1;;;;
12/04/2020;06:18:00;776;sem vítima;817;BR-040/MG;Norte;Choque - Objeto Fixo;1;;;;;;;;;;1;;;;
12/04/2020;09:30:00;783;sem vítima;83;BR-040/RJ;Sul;Saída de Pista;1;;;;;;;;;;1;;;;
12/04/2020;15:36:00;806;com vítima;85;BR-040/RJ;Sul;Queda de Moto;;;;1;;;;;;;0;2;;;
12/04/2020;17:15:00;814;com vítima;112;BR-040/RJ;Sul;Colisão Transversal;1;;;;;;;;;;0;3;;;
12/04/2020;20:19:00;826;com vítima;112;BR-040/RJ;Norte;Queda de Moto;;;;1;;;;;;;0;;1;;