data;horario;n_da_ocorrencia;tipo_de_ocorrencia;km;trecho;sentido;tipo_de_acidente;automovel;bicicleta;caminhao;moto;onibus;outros;tracao_animal;transporte_de_cargas_especiais;trator_maquinas;utilitarios;ilesos;levemente_feridos;moderadamente_feridos;gravemente_feridos;mortos
08/08/2020;04:20:00;762;AC01 - Acidente com VITIMA FATAL;124;BR-040/RJ;RJ;Tombamento;;;1;;;;;;;;0;1;;;1
08/08/2020;08:28:00;783;AC02 - Acidente com VITIMA;120;BR-040/RJ;RJ;Colisão Lateral;1;;;1;;;;;;;1;;;1;
08/08/2020;09:35:00;786;AC03 - Acidente sem VITIMA;78;BR-040/RJ;RJ;Tombamento;1;;;;;;;;;;1;;;;
08/08/2020;13:37:00;811;AC03 - Acidente sem VITIMA;120;BR-040/RJ;JF;Colisão Traseira;2;;;;;;;;;;2;;;;
08/08/2020;14:59:00;820;AC03 - Acidente sem VITIMA;121;BR-040/RJ;JF;Colisão Traseira;1;;;;;1;;;;;2;;;;
08/08/2020;16:00:00;826;AC02 - Acidente com VITIMA;110;BR-040/RJ;JF;Colisão Traseira;1;;;;;1;;;;;1;2;;;
08/08/2020;16:32:00;829;AC03 - Acidente sem VITIMA;69;BR-040/RJ;JF;Choque - Objeto Fixo;1;;;;;;;;;;1;;;;
08/08/2020;22:25:00;844;AC04 - Atropelamento;58;BR-040/RJ;RJ;Atropelamento - Pedestre;;;;1;;1;;;;;0;1;;1;
09/08/2020;05:40:00;853;AC02 - Acidente com VITIMA;117;BR-040/RJ;RJ;Queda de Moto;;;;1;;;;;;;0;;;1;
09/08/2020;06:51:00;856;AC03 - Acidente sem VITIMA;84;BR-040/RJ;JF;Choque - Objeto Fixo;1;;;;;;;;;;1;;;;
09/08/2020;06:53:00;857;AC02 - Acidente com VITIMA;790;BR-040/MG;JF;Capotamento;1;;;;;;;;;;0;1;1;;
09/08/2020;08:09:00;864;AC02 - Acidente com VITIMA;101;BR-040/RJ;RJ;Choque - Objeto Fixo;1;;;;;;;;;;0;;1;;
09/08/2020;10:28:00;875;AC03 - Acidente sem VITIMA;102;BR-040/RJ;RJ;Colisão Traseira;2;;;;;;;;;;2;;;;
09/08/2020;14:00:00;898;AC02 - Acidente com VITIMA;113;BR-040/RJ;RJ;Capotamento;1;;;;;;;;;;0;2;;;
09/08/2020;19:27:00;930;AC02 - Acidente com VITIMA;115;BR-040/RJ;RJ;Colisão Traseira;2;;;;;;;;;;1;4;;;
09/08/2020;19:41:00;932;AC02 - Acidente com VITIMA;6;BR-040/RJ;RJ;Colisão Lateral;1;1;;;;;;;;;0;2;;;
09/08/2020;19:59:00;934;AC02 - Acidente com VITIMA;798;BR-040/MG;RJ;Colisão Traseira;1;;1;;;;;;;;1;1;;;
10/08/2020;02:07:00;959;AC02 - Acidente com VITIMA;123;BR-040/RJ;RJ;Capotamento;1;;;;;;;;;;0;1;;;
10/08/2020;12:09:00;1009;AC02 - Acidente com VITIMA;119;BR-040/RJ;RJ;Colisão Lateral;1;;;;;1;;;;;1;1;;;
10/08/2020;12:15:00;1010;AC03 - Acidente sem VITIMA;118;BR-040/RJ;RJ;Engavetamento;4;;;;;;;;;;4;;;;
10/08/2020;18:36:00;1059;AC02 - Acidente com VITIMA;784;BR-040/MG;JF;Colisão Traseira;1;;1;;;;;;;;1;4;;;
10/08/2020;22:05:00;1080;AC02 - Acidente com VITIMA;782;BR-040/MG;RJ;Tombamento;;;1;;;;;;;;0;1;;;
11/08/2020;07:43:00;1112;AC02 - Acidente com VITIMA;53;BR-040/RJ;RJ;Queda de Moto;;;;1;;;;;;;0;1;1;;
11/08/2020;10:58:00;1125;AC03 - Acidente sem VITIMA;34;BR-040/RJ;JF;Choque - Objeto Fixo;1;;;;;;;;;;1;;;;
11/08/2020;18:21:00;1168;AC03 - Acidente sem VITIMA;122;BR-040/RJ;JF;Engavetamento;4;;;;;;;;;;4;;;;
12/08/2020;06:23:00;1216;AC03 - Acidente sem VITIMA;2;BR-040/RJ;RJ;Capotamento;1;;;;;;;;;;1;;;;
12/08/2020;07:07:00;1220;AC03 - Acidente sem VITIMA;116;BR-040/RJ;JF;Choque - Objeto Fixo;1;;;;;;;;;;1;;;;
12/08/2020;10:33:00;1245;AC03 - Acidente sem VITIMA;110;BR-040/RJ;JF;Colisão Lateral;1;;1;;;;;;;;2;;;;
12/08/2020;11:52:00;1256;AC02 - Acidente com VITIMA;115;BR-040/RJ;JF;Colisão Lateral;1;;;1;;;;;;;1;;1;;
12/08/2020;22:34:00;1309;AC02 - Acidente com VITIMA;116;BR-040/RJ;JF;Colisão Traseira;2;;;;;;;;;;0;4;;;
12/08/2020;23:42:00;1316;AC02 - Acidente com VITIMA;105;BR-040/RJ;RJ;Colisão Traseira;1;;;1;;;;;;;1;1;;;
13/08/2020;01:05:00;1322;AC03 - Acidente sem VITIMA;118;BR-040/RJ;JF;Queda de Moto;;;;1;;;;;;;1;;;;
13/08/2020;06:28:00;1336;AC03 - Acidente sem VITIMA;94;BR-040/RJ;JF;Choque - Objeto Fixo;1;;;;;;;;;;1;;;;
13/08/2020;12:25:00;1368;AC03 - Acidente sem VITIMA;124;BR-040/RJ;JF;Engavetamento;2;;1;;;;;;;;3;;;;
13/08/2020;14:49:00;1378;AC03 - Acidente sem VITIMA;118;BR-040/RJ;RJ;Queda de Moto;;;;1;;;;;;;1;;;;
13/08/2020;19:58:00;1415;AC02 - Acidente com VITIMA;804;BR-040/MG;JF;Colisão Traseira;;;2;;;;;;;;0;2;;;
13/08/2020;21:15:00;1422;AC03 - Acidente sem VITIMA;70;BR-040/RJ;JF;Colisão Traseira;1;;;;;;;;;;1;;;;
14/08/2020;00:21:00;1434;AC05 - Atropelamento Fatal;109;BR-040/RJ;RJ;Atropelamento - Pedestre;1;;;;;2;;;;;2;;;;1
14/08/2020;12:41:00;1493;AC03 - Acidente sem VITIMA;114;BR-040/RJ;JF;Colisão Traseira;2;;;;;;;;;;2;;;;
14/08/2020;13:14:00;1498;AC03 - Acidente sem VITIMA;118;BR-040/RJ;JF;Engavetamento;3;;;;;;;;;;3;;;;
14/08/2020;14:25:00;1507;AC03 - Acidente sem VITIMA;119;BR-040/RJ;JF;Engavetamento;1;;;;;2;;;;;3;;;;
14/08/2020;15:03:00;1519;AC03 - Acidente sem VITIMA;782;BR-040/MG;RJ;Saída de Pista;1;;;;;;;;;;1;;;;
14/08/2020;18:01:00;1550;AC02 - Acidente com VITIMA;796;BR-040/MG;JF;Choque - Objeto Fixo;1;;;;;;;;;;0;1;;;
14/08/2020;20:54:00;1573;AC03 - Acidente sem VITIMA;83;BR-040/RJ;RJ;Queda de Moto;;;;1;;;;;;;1;;;;
15/08/2020;07:28:00;1608;AC03 - Acidente sem VITIMA;94;BR-040/RJ;JF;Colisão Lateral;1;;1;;;;;;;;2;;;;
15/08/2020;09:30:00;1619;AC02 - Acidente com VITIMA;24;BR-040/RJ;RJ;Capotamento;1;;;;;;;;;;0;;;1;
15/08/2020;11:52:00;1639;AC02 - Acidente com VITIMA;43;BR-040/RJ;RJ;Queda de Moto;;;;1;;;;;;;0;1;;;
15/08/2020;12:20:00;1642;AC02 - Acidente com VITIMA;54;BR-040/RJ;JF;Colisão Traseira;1;;;1;;;;;;;1;;1;;
15/08/2020;13:06:00;1649;AC02 - Acidente com VITIMA;113;BR-040/RJ;RJ;Queda de Moto;;;;1;;;;;;;0;1;;;
15/08/2020;13:38:00;1654;AC03 - Acidente sem VITIMA;122;BR-040/RJ;RJ;Capotamento;1;;;;;;;;;;2;;;;
15/08/2020;16:53:00;1677;AC03 - Acidente sem VITIMA;85;BR-040/RJ;JF;Choque - Objeto Fixo;1;;;;;;;;;;1;;;;
15/08/2020;16:58:00;1678;AC03 - Acidente sem VITIMA;92;BR-040/RJ;RJ;Choque - Objeto Fixo;1;;;;;;;;;;1;;;;
15/08/2020;17:05:00;1680;AC03 - Acidente sem VITIMA;78;BR-040/RJ;RJ;Choque - Objeto Fixo;1;;;;;;;;;;1;;;;
15/08/2020;17:17:00;1682;AC03 - Acidente sem VITIMA;92;BR-040/RJ;JF;Choque - Objeto Fixo;1;;;;;;;;;;1;;;;
15/08/2020;19:15:00;1694;AC03 - Acidente sem VITIMA;84;BR-040/RJ;JF;Choque - Objeto Fixo;1;;;;;;;;;;1;;;;
15/08/2020;22:03:00;1707;AC03 - Acidente sem VITIMA;78;BR-040/RJ;RJ;Choque - Objeto Fixo;1;;;;;;;;;;1;;;;
15/08/2020;22:52:00;1709;AC02 - Acidente com VITIMA;102;BR-040/RJ;RJ;Queda de Moto;;;;1;;;;;;;0;1;1;;
16/08/2020;00:13:00;1717;AC03 - Acidente sem VITIMA;90;BR-040/RJ;RJ;Saída de Pista;1;;;;;;;;;;1;;;;
16/08/2020;00:41:00;1719;AC03 - Acidente sem VITIMA;124;BR-040/RJ;RJ;Colisão Traseira;2;;;;;;;;;;2;;;;
16/08/2020;06:56:00;1726;AC02 - Acidente com VITIMA;86;BR-040/RJ;JF;Capotamento;1;;;;;;;;;;0;6;;;
16/08/2020;07:41:00;1729;AC02 - Acidente com VITIMA;36;BR-040/RJ;RJ;Tombamento;;;1;;;;;;;;0;2;;;
16/08/2020;08:07:00;1731;AC03 - Acidente sem VITIMA;84;BR-040/RJ;JF;Choque - Objeto Fixo;1;;;;;;;;;;1;;;;
16/08/2020;10:22:00;1736;AC03 - Acidente sem VITIMA;70;BR-040/RJ;JF;Choque - Objeto Fixo;1;;;;;;;;;;1;;;;
16/08/2020;11:47:00;1742;AC02 - Acidente com VITIMA;92;BR-040/RJ;RJ;Choque - Objeto Fixo;1;;;;;;;;;;0;1;;;
16/08/2020;12:17:00;1747;AC03 - Acidente sem VITIMA;93;BR-040/RJ;RJ;Choque - Objeto Fixo;1;;;;;;;;;;1;;;;
16/08/2020;12:30:00;1748;AC03 - Acidente sem VITIMA;91;BR-040/RJ;JF;Choque - Objeto Fixo;1;;;;;;;;;;1;;;;
16/08/2020;13:08:00;1750;AC03 - Acidente sem VITIMA;90;BR-040/RJ;RJ;Choque - Objeto Fixo;1;;;;;;;;;;1;;;;
16/08/2020;13:16:00;1752;AC03 - Acidente sem VITIMA;80;BR-040/RJ;RJ;Choque - Objeto Fixo;1;;;;;;;;;;1;;;;
16/08/2020;14:28:00;1759;AC03 - Acidente sem VITIMA;92;BR-040/RJ;RJ;Choque - Objeto Fixo;1;;;;;;;;;;1;;;;
16/08/2020;14:35:00;1760;AC03 - Acidente sem VITIMA;61;BR-040/RJ;JF;Choque - Objeto Fixo;1;;;;;;;;;;1;;;;
16/08/2020;15:28:00;1767;AC03 - Acidente sem VITIMA;98;BR-040/RJ;JF;Choque - Objeto Fixo;1;;;;;;;;;;1;;;;
16/08/2020;15:40:00;1769;AC03 - Acidente sem VITIMA;93;BR-040/RJ;RJ;Choque - Objeto Fixo;1;;;;;;;;;;1;;;;
16/08/2020;15:35:00;1771;AC03 - Acidente sem VITIMA;93;BR-040/RJ;RJ;Choque - Objeto Fixo;1;;;;;;;;;;1;;;;
16/08/2020;16:21:00;1777;AC02 - Acidente com VITIMA;92;BR-040/RJ;RJ;Capotamento;1;;;;;;;;;;0;4;;;
16/08/2020;16:41:00;1779;AC02 - Acidente com VITIMA;77;BR-040/RJ;RJ;Capotamento;1;;;;;;;;;;0;1;;;
16/08/2020;17:24:00;1787;AC03 - Acidente sem VITIMA;123;BR-040/RJ;RJ;Colisão Traseira;2;;;;;;;;;;2;;;;
16/08/2020;19:34:00;1802;AC02 - Acidente com VITIMA;71;BR-040/RJ;JF;Capotamento;1;;;;;;;;;;0;1;;;
16/08/2020;20:25:00;1804;AC03 - Acidente sem VITIMA;84;BR-040/RJ;JF;Choque - Objeto Fixo;1;;;;;;;;;;1;;;;
16/08/2020;20:46:00;1809;AC03 - Acidente sem VITIMA;94;BR-040/RJ;JF;Choque - Objeto Fixo;1;;;;;;;;;;1;;;;
16/08/2020;22:33:00;1819;AC03 - Acidente sem VITIMA;109;BR-040/RJ;JF;Choque - Objeto Fixo;1;;;;;;;;;;1;;;;
17/08/2020;08:35:00;1866;AC03 - Acidente sem VITIMA;784;BR-040/MG;JF;Colisão Lateral;2;;;;;;;;;;2;;;;
17/08/2020;16:43:00;1917;AC02 - Acidente com VITIMA;118;BR-040/RJ;JF;Colisão Lateral;1;;1;;;;;;;;1;2;;;
17/08/2020;22:57:00;1951;AC02 - Acidente com VITIMA;51;BR-040/RJ;JF;Capotamento;1;;;;;;;;;;0;3;;;
18/08/2020;08:26:00;1976;AC02 - Acidente com VITIMA;43;BR-040/RJ;JF;Choque - Objeto Fixo;1;;;;;;;;;;0;2;;;
18/08/2020;08:31:00;1977;AC03 - Acidente sem VITIMA;43;BR-040/RJ;JF;Colisão Lateral;1;;1;;;;;;;;2;;;;
19/08/2020;07:37:00;2087;AC02 - Acidente com VITIMA;57;BR-040/RJ;RJ;Colisão Traseira;1;;;;1;;;;;;0;3;;;
19/08/2020;07:52:00;2091;AC03 - Acidente sem VITIMA;111;BR-040/RJ;JF;Colisão Transversal;1;;1;;;;;;;;2;;;;
19/08/2020;07:54:00;2092;AC03 - Acidente sem VITIMA;121;BR-040/RJ;RJ;Queda de Moto;;;;1;;;;;;;1;;;;
19/08/2020;18:12:00;2171;AC03 - Acidente sem VITIMA;108;BR-040/RJ;JF;Colisão Lateral;1;;;1;;;;;;;2;;;;
20/08/2020;04:02:00;2209;AC03 - Acidente sem VITIMA;118;BR-040/RJ;JF;Saída de Pista;;;1;;;;;;;;1;;;;
20/08/2020;07:41:00;2223;AC02 - Acidente com VITIMA;72;BR-040/RJ;JF;Choque - Objeto Fixo;1;;;;;;;;;;0;1;;;
20/08/2020;08:22:00;2229;AC03 - Acidente sem VITIMA;92;BR-040/RJ;RJ;Choque - Objeto Fixo;1;;;;;;;;;;1;;;;
20/08/2020;08:33:00;2231;AC03 - Acidente sem VITIMA;86;BR-040/RJ;JF;Choque - Objeto Fixo;1;;;;;;;;;;1;;;;
20/08/2020;09:05:00;2236;AC03 - Acidente sem VITIMA;92;BR-040/RJ;RJ;Choque - Objeto Fixo;1;;;;;;;;;;1;;;;
20/08/2020;09:25:00;2241;AC03 - Acidente sem VITIMA;84;BR-040/RJ;RJ;Choque - Objeto Fixo;1;;;;;;;;;;1;;;;
20/08/2020;09:37:00;2242;AC03 - Acidente sem VITIMA;99;BR-040/RJ;JF;Choque - Objeto Fixo;1;;;;;;;;;;1;;;;
20/08/2020;11:19:00;2251;AC03 - Acidente sem VITIMA;84;BR-040/RJ;JF;Choque - Objeto Fixo;1;;;;;;;;;;1;;;;
20/08/2020;12:12:00;2253;AC03 - Acidente sem VITIMA;94;BR-040/RJ;RJ;Choque - Objeto Fixo;1;;;;;;;;;;1;;;;
20/08/2020;14:01:00;2260;AC03 - Acidente sem VITIMA;86;BR-040/RJ;JF;Choque - Objeto Fixo;1;;;;;;;;;;1;;;;
20/08/2020;14:16:00;2264;AC03 - Acidente sem VITIMA;93;BR-040/RJ;RJ;Choque - Objeto Fixo;1;;;;;;;;;;1;;;;
20/08/2020;15:25:00;2267;AC03 - Acidente sem VITIMA;92;BR-040/RJ;RJ;Choque - Objeto Fixo;1;;;;;;;;;;1;;;;
20/08/2020;16:12:00;2271;AC03 - Acidente sem VITIMA;93;BR-040/RJ;RJ;Saída de Pista;1;;;;;;;;;;1;;;;
20/08/2020;17:00:00;2277;AC03 - Acidente sem VITIMA;787;BR-040/MG;JF;Choque - Objeto Fixo;1;;;;;;;;;;1;;;;
20/08/2020;17:27:00;2281;AC03 - Acidente sem VITIMA;91;BR-040/RJ;RJ;Choque - Objeto Fixo;1;;;;;;;;;;1;;;;
20/08/2020;18:40:00;2284;AC02 - Acidente com VITIMA;104;BR-040/RJ;JF;Colisão Transversal;;1;;1;;;;;;;0;2;;;
20/08/2020;19:32:00;2289;AC03 - Acidente sem VITIMA;75;BR-040/RJ;RJ;Choque - Objeto Fixo;1;;;;;;;;;;1;;;;
21/08/2020;06:45:00;2322;AC03 - Acidente sem VITIMA;84;BR-040/RJ;RJ;Choque - Objeto Fixo;1;;;;;;;;;;1;;;;
21/08/2020;06:50:00;2323;AC03 - Acidente sem VITIMA;93;BR-040/RJ;RJ;Choque - Objeto Fixo;1;;;;;;;;;;1;;;;
21/08/2020;07:44:00;2329;AC02 - Acidente com VITIMA;86;BR-040/RJ;RJ;Choque - Objeto Fixo;;;1;;;;;;;;0;1;;;
21/08/2020;08:22:00;2337;AC02 - Acidente com VITIMA;116;BR-040/RJ;RJ;Queda de Moto;;;;1;;;;;;;0;2;;;
21/08/2020;09:09:00;2340;AC03 - Acidente sem VITIMA;75;BR-040/RJ;RJ;Choque - Objeto Fixo;;;;;;;;;;1;1;;;;
21/08/2020;09:46:00;2345;AC03 - Acidente sem VITIMA;92;BR-040/RJ;JF;Choque - Objeto Fixo;1;;;;;;;;;;1;;;;
21/08/2020;10:23:00;2348;AC03 - Acidente sem VITIMA;84;BR-040/RJ;JF;Choque - Objeto Fixo;1;;;;;;;;;;1;;;;
21/08/2020;11:08:00;2351;AC03 - Acidente sem VITIMA;89;BR-040/RJ;JF;Choque - Objeto Fixo;1;;;;;;;;;;1;;;;
21/08/2020;12:25:00;2360;AC03 - Acidente sem VITIMA;90;BR-040/RJ;RJ;Choque - Objeto Fixo;1;;;;;;;;;;1;;;;
21/08/2020;13:03:00;2363;AC03 - Acidente sem VITIMA;94;BR-040/RJ;JF;Choque - Objeto Fixo;1;;;;;;;;;;1;;;;
21/08/2020;13:48:00;2368;AC03 - Acidente sem VITIMA;96;BR-040/RJ;RJ;Choque - Objeto Fixo;1;;;;;;;;;;1;;;;
21/08/2020;15:54:00;2379;AC02 - Acidente com VITIMA;96;BR-040/RJ;RJ;Colisão Lateral;2;;;;;;;;;;0;4;;;
21/08/2020;17:01:00;2388;AC02 - Acidente com VITIMA;32;BR-040/RJ;RJ;Capotamento;1;;;;;;;;;;0;1;2;;
21/08/2020;17:24:00;2391;AC02 - Acidente com VITIMA;822;BR-040/MG;RJ;Queda de Moto;;;;1;;;;;;;0;1;;;
21/08/2020;21:21:00;2408;AC03 - Acidente sem VITIMA;122;BR-040/RJ;RJ;Colisão Traseira;1;;;;1;;;;;;2;;;;
22/08/2020;05:33:00;2427;AC03 - Acidente sem VITIMA;74;BR-040/RJ;JF;Choque - Objeto Fixo;1;;;;;;;;;;1;;;;
22/08/2020;06:47:00;2430;AC03 - Acidente sem VITIMA;82;BR-040/RJ;RJ;Colisão Lateral;;;2;;;;;;;;2;;;;
22/08/2020;06:56:00;2431;AC02 - Acidente com VITIMA;800;BR-040/MG;RJ;Capotamento;1;;;;;;;;;;0;2;;;
22/08/2020;07:36:00;2435;AC03 - Acidente sem VITIMA;21;BR-040/RJ;JF;Choque - Objeto Fixo;1;;;;;;;;;;1;;;;
22/08/2020;09:18:00;2444;AC03 - Acidente sem VITIMA;82;BR-040/RJ;RJ;Choque - Objeto Fixo;1;;;;;;;;;;1;;;;
22/08/2020;12:00:00;2465;AC03 - Acidente sem VITIMA;83;BR-040/RJ;RJ;Choque - Objeto Fixo;1;;;;;;;;;;1;;;;
22/08/2020;12:29:00;2467;AC03 - Acidente sem VITIMA;123;BR-040/RJ;JF;Colisão Lateral;1;;1;;;;;;;;2;;;;
22/08/2020;12:40:00;2471;AC03 - Acidente sem VITIMA;92;BR-040/RJ;RJ;Choque - Objeto Fixo;1;;;;;;;;;;1;;;;
22/08/2020;13:08:00;2478;AC03 - Acidente sem VITIMA;32;BR-040/RJ;JF;Choque - Objeto Fixo;1;;;;;;;;;;1;;;;
22/08/2020;13:32:00;2480;AC02 - Acidente com VITIMA;75;BR-040/RJ;RJ;Choque - Objeto Fixo;1;;;;;;;;;;0;2;;;
22/08/2020;14:26:00;2489;AC03 - Acidente sem VITIMA;90;BR-040/RJ;RJ;Choque - Objeto Fixo;1;;;;;;;;;;1;;;;
22/08/2020;16:46:00;2510;AC02 - Acidente com VITIMA;69;BR-040/RJ;JF;Capotamento;1;;;;;;;;;;0;1;;;
22/08/2020;17:28:00;2514;AC03 - Acidente sem VITIMA;95;BR-040/RJ;RJ;Choque - Objeto Fixo;1;;;;;;;;;;1;;;;
22/08/2020;19:45:00;2527;AC03 - Acidente sem VITIMA;92;BR-040/RJ;RJ;Choque - Objeto Fixo;1;;;;;;;;;;1;;;;
23/08/2020;05:33:00;2549;AC03 - Acidente sem VITIMA;57;BR-040/RJ;RJ;Choque - Objeto Fixo;1;;;;;;;;;;1;;;;
23/08/2020;06:19:00;2551;AC03 - Acidente sem VITIMA;77;BR-040/RJ;RJ;Capotamento;1;;;;;;;;;;1;;;;
23/08/2020;06:33:00;2553;AC04 - Atropelamento;122;BR-040/RJ;JF;Colisão Traseira;2;;;1;;;;;;;2;;;1;
23/08/2020;22:05:00;2627;AC03 - Acidente sem VITIMA;105;BR-040/RJ;JF;Choque - Objeto Fixo;2;;;;;;;;;;2;;;;
23/08/2020;23:37:00;2632;AC02 - Acidente com VITIMA;93;BR-040/RJ;RJ;Tombamento;;;1;;;1;;;;;1;1;;;
24/08/2020;01:13:00;2637;AC01 - Acidente com VITIMA FATAL;112;BR-040/RJ;JF;Queda de Moto;;;;1;;;;;;;0;;;;1
24/08/2020;03:48:00;2645;AC02 - Acidente com VITIMA;115;BR-040/RJ;RJ;Saída de Pista;1;;;;;;;;;;0;2;;;
24/08/2020;07:47:00;2659;AC02 - Acidente com VITIMA;113;BR-040/RJ;RJ;Colisão Traseira;1;1;;;;;;;;;1;1;;;
24/08/2020;08:19:00;2662;AC03 - Acidente sem VITIMA;72;BR-040/RJ;JF;Choque - Objeto Fixo;1;;;;;;;;;;1;;;;
24/08/2020;17:55:00;2721;AC02 - Acidente com VITIMA;116;BR-040/RJ;RJ;Queda de Moto;;;;1;;;;;;;0;;1;1;
24/08/2020;22:49:00;2741;AC03 - Acidente sem VITIMA;90;BR-040/RJ;RJ;Saída de Pista;1;;;;;;;;;;1;;;;
24/08/2020;23:51:00;2747;AC03 - Acidente sem VITIMA;775;BR-040/MG;JF;Atropelamento - Animal;1;;;;;;;;;;1;;;;
24/08/2020;23:56:00;2748;AC03 - Acidente sem VITIMA;775;BR-040/MG;JF;Atropelamento - Animal;1;;;;;;;;;;1;;;;
25/08/2020;01:54:00;2750;AC03 - Acidente sem VITIMA;97;BR-040/RJ;RJ;Choque - Objeto Fixo;1;;;;;;;;;;1;;;;
25/08/2020;05:50:00;2757;AC03 - Acidente sem VITIMA;99;BR-040/RJ;JF;Choque - Objeto Fixo;;;1;;;;;;;;1;;;;
25/08/2020;11:46:00;2790;AC02 - Acidente com VITIMA;124;BR-040/RJ;JF;Colisão Lateral;1;;1;;;;;;;;1;3;;;
25/08/2020;12:00:00;2796;AC03 - Acidente sem VITIMA;124;BR-040/RJ;RJ;Colisão Traseira;1;;1;;;;;;;;2;;;;
26/08/2020;19:29:00;2941;AC03 - Acidente sem VITIMA;798;BR-040/MG;RJ;Colisão Traseira;1;;;;;1;;;;;2;;;;
27/08/2020;07:45:00;2977;AC02 - Acidente com VITIMA;119;BR-040/RJ;RJ;Colisão Traseira;1;;;1;;;;;;;1;;1;;
27/08/2020;08:59:00;2990;AC02 - Acidente com VITIMA;122;BR-040/RJ;RJ;Colisão Traseira;1;;;1;;;;;;;1;1;;;
27/08/2020;10:46:00;3002;AC03 - Acidente sem VITIMA;781;BR-040/MG;RJ;Choque - Objeto Fixo;;;1;;;;;;;;1;;;;
27/08/2020;13:13:00;3015;AC03 - Acidente sem VITIMA;97;BR-040/RJ;JF;Colisão Transversal;2;;;;;;;;;;2;;;;
27/08/2020;15:53:00;3040;AC02 - Acidente com VITIMA;83;BR-040/RJ;JF;Choque - Objeto Fixo;1;;;;;;;;;;0;4;;;
28/08/2020;05:51:00;3092;AC02 - Acidente com VITIMA;815;BR-040/MG;RJ;Colisão Traseira;;;;2;;;;;;;1;;1;;
28/08/2020;06:07:00;3094;AC02 - Acidente com VITIMA;123;BR-040/RJ;RJ;Colisão Lateral;2;;;1;;;;;;;2;;1;;
28/08/2020;07:47:00;3105;AC02 - Acidente com VITIMA;821;BR-040/MG;JF;Tombamento;;;1;;;;;;;;0;1;;;
28/08/2020;08:22:00;3111;AC03 - Acidente sem VITIMA;123;BR-040/RJ;RJ;Colisão Lateral;2;;;;1;;;;;;3;;;;
28/08/2020;11:43:00;3134;AC03 - Acidente sem VITIMA;87;BR-040/RJ;RJ;Choque - Objeto Fixo;;;1;;;;;;;;1;;;;
28/08/2020;12:26:00;3144;AC03 - Acidente sem VITIMA;89;BR-040/RJ;JF;Choque - Objeto Fixo;1;;;;;;;;;;1;;;;
28/08/2020;22:50:00;3223;AC03 - Acidente sem VITIMA;114;BR-040/RJ;RJ;Choque - Objeto Fixo;1;;;;;;;;;;1;;;;
28/08/2020;23:49:00;3230;AC02 - Acidente com VITIMA;85;BR-040/RJ;RJ;Choque - Objeto Fixo;;;1;;;;;;;;0;1;1;;
29/08/2020;07:56:00;3262;AC03 - Acidente sem VITIMA;0;BR-040/RJ;JF;Choque - Objeto Fixo;1;;;;;;;;;;1;;;;
29/08/2020;12:33:00;3291;AC03 - Acidente sem VITIMA;109;BR-040/RJ;JF;Colisão Traseira;1;;;;;1;;;;;2;;;;
29/08/2020;19:08:00;3331;AC02 - Acidente com VITIMA;774;BR-040/MG;RJ;Colisão Frontal;2;;;;;;;;;;1;;1;;
29/08/2020;20:08:00;3341;AC03 - Acidente sem VITIMA;807;BR-040/MG;JF;Atropelamento - Animal;1;;;;;;;;;;1;;;;
29/08/2020;20:09:00;3342;AC02 - Acidente com VITIMA;807;BR-040/MG;JF;Capotamento;1;;;;;;;;;;0;1;;;
29/08/2020;20:19:00;3346;AC03 - Acidente sem VITIMA;807;BR-040/MG;JF;Atropelamento - Animal;1;;;;;;;;;;1;;;;
29/08/2020;21:06:00;3347;AC03 - Acidente sem VITIMA;785;BR-040/MG;RJ;Colisão Lateral;1;;;;;2;;;;;3;;;;
29/08/2020;22:18:00;3352;AC03 - Acidente sem VITIMA;101;BR-040/RJ;JF;Colisão Lateral;1;;;;;;;;;;1;;;;
30/08/2020;00:58:00;3360;AC02 - Acidente com VITIMA;84;BR-040/RJ;JF;Choque - Objeto Fixo;1;;;;;;;;;;0;1;;;
30/08/2020;04:08:00;3367;AC02 - Acidente com VITIMA;113;BR-040/RJ;RJ;Capotamento;1;;;;;;;;;;0;;1;;
30/08/2020;15:27:00;3418;AC03 - Acidente sem VITIMA;108;BR-040/RJ;JF;Colisão Frontal;2;;;;;;;;;;2;;;;
30/08/2020;15:47:00;3422;AC03 - Acidente sem VITIMA;117;BR-040/RJ;RJ;Colisão Traseira;2;;;;;;;;;;2;;;;
30/08/2020;18:26:00;3445;AC02 - Acidente com VITIMA;26;BR-040/RJ;RJ;Colisão Traseira;2;;;;;;;;;;0;2;;;
30/08/2020;19:06:00;3451;AC02 - Acidente com VITIMA;113;BR-040/RJ;RJ;Queda de Moto;;;;1;;;;;;;0;;1;;
30/08/2020;23:31:00;3472;AC03 - Acidente sem VITIMA;37;BR-040/RJ;RJ;Colisão Traseira;;;2;;;;;;;;2;;;;
31/08/2020;07:08:00;3494;AC02 - Acidente com VITIMA;116;BR-040/RJ;RJ;Colisão Lateral;1;;1;;;;;;;;1;1;;;
31/08/2020;15:36:00;3551;AC03 - Acidente sem VITIMA;119;BR-040/RJ;JF;Colisão Lateral;;;;1;;1;;;;;2;;;;
01/09/2020;06:16:00;18;AC03 - Acidente sem VITIMA;120;BR-040/RJ;JF;Choque - Objeto Fixo;;;1;;;;;;;;1;;;;
01/09/2020;15:31:00;76;AC03 - Acidente sem VITIMA;82;BR-040/RJ;RJ;Choque - Objeto Fixo;1;;;;;;;;;;1;;;;
01/09/2020;16:17:00;81;AC03 - Acidente sem VITIMA;92;BR-040/RJ;RJ;Choque - Objeto Fixo;1;;;;;;;;;;1;;;;