data;horario;n_da_ocorrencia;tipo_de_ocorrencia;km;trecho;sentido;tipo_de_acidente;automovel;bicicleta;caminhao;moto;onibus;outros;tracao_animal;transporte_de_cargas_especiais;trator_maquinas;utilitarios;ilesos;levemente_feridos;moderadamente_feridos;gravemente_feridos;mortos
24/09/2020;18:10:00;2973;AC03 - Acidente sem VITIMA;122;BR-040/RJ;JF;Engavetamento;3;;;;;;;;;;3;;;;
25/09/2020;05:26:00;3011;AC02 - Acidente com VITIMA;122;BR-040/RJ;JF;Tombamento;1;;;;;;;;;;0;1;;;
25/09/2020;06:22:00;3016;AC03 - Acidente sem VITIMA;123;BR-040/RJ;RJ;Colisão Lateral;1;;;;;1;;;;;2;;;;
25/09/2020;12:41:00;3056;AC03 - Acidente sem VITIMA;124;BR-040/RJ;RJ;Colisão Lateral;1;;1;;;;;;;;2;;;;
25/09/2020;13:46:00;3067;AC03 - Acidente sem VITIMA;114;BR-040/RJ;JF;Colisão Lateral;1;;;;1;;;;;;2;;;;
25/09/2020;14:05:00;3069;AC03 - Acidente sem VITIMA;98;BR-040/RJ;JF;Choque - Objeto Fixo;1;;;;;1;;;;;2;;;;
25/09/2020;14:31:00;3074;AC03 - Acidente sem VITIMA;114;BR-040/RJ;JF;Colisão Traseira;1;;;;;;;;;;1;;;;
25/09/2020;15:43:00;3082;AC03 - Acidente sem VITIMA;791;BR-040/MG;RJ;Choque - Objeto Fixo;1;;;;;;;;;;1;;;;
25/09/2020;16:10:00;3086;AC02 - Acidente com VITIMA;86;BR-040/RJ;JF;Engavetamento;3;;;;;1;;;;;2;7;;;
25/09/2020;17:17:00;3094;AC02 - Acidente com VITIMA;123;BR-040/RJ;JF;Queda de Moto;;;;1;;;;;;;0;1;;;
25/09/2020;17:44:00;3100;AC02 - Acidente com VITIMA;112;BR-040/RJ;JF;Queda de Moto;;;;1;;;;;;;0;1;;;
26/09/2020;03:35:00;3148;AC02 - Acidente com VITIMA;109;BR-040/RJ;JF;Choque - Objeto Fixo;1;;;;;;;;;;0;1;;;
26/09/2020;03:44:00;3149;AC03 - Acidente sem VITIMA;110;BR-040/RJ;RJ;Saída de Pista;1;;;;;;;;;;1;;;;
26/09/2020;05:12:00;3152;AC03 - Acidente sem VITIMA;801;BR-040/MG;RJ;Choque - Objeto Fixo;;;;;1;;;;;;1;;;;
26/09/2020;06:21:00;3158;AC03 - Acidente sem VITIMA;96;BR-040/RJ;RJ;Choque - Objeto Fixo;1;;;;;;;;;;1;;;;
26/09/2020;07:32:00;3163;AC02 - Acidente com VITIMA;812;BR-040/MG;JF;Choque - Objeto Fixo;1;;;;;;;;;;0;1;;;
26/09/2020;10:20:00;3180;AC02 - Acidente com VITIMA;32;BR-040/RJ;JF;Queda de Moto;;;;1;;;;;;;0;;1;;
26/09/2020;11:20:00;3189;AC02 - Acidente com VITIMA;118;BR-040/RJ;JF;Queda de Moto;;;;1;;;;;;;0;2;;;
26/09/2020;11:20:00;3190;AC02 - Acidente com VITIMA;25;BR-040/RJ;JF;Queda de Moto;;;;1;;;;;;;0;;1;;
26/09/2020;12:23:00;3202;AC03 - Acidente sem VITIMA;94;BR-040/RJ;JF;Choque - Objeto Fixo;1;;;;;;;;;;1;;;;
26/09/2020;19:41:00;3248;AC03 - Acidente sem VITIMA;107;BR-040/RJ;JF;Colisão Traseira;2;;;;;;;;;;2;;;;
26/09/2020;23:46:00;3265;AC03 - Acidente sem VITIMA;111;BR-040/RJ;RJ;Choque - Objeto Fixo;1;;;;;;;;;;1;;;;
27/09/2020;01:29:00;3270;AC04 - Atropelamento;108;BR-040/RJ;RJ;Atropelamento - Pedestre;;;;;;2;;;;;1;;;1;
27/09/2020;02:50:00;3271;AC03 - Acidente sem VITIMA;82;BR-040/RJ;JF;Choque - Objeto Fixo;1;;;;;;;;;;1;;;;
27/09/2020;08:19:00;3290;AC02 - Acidente com VITIMA;106;BR-040/RJ;JF;Queda de Moto;;;;1;;;;;;;0;1;;;
27/09/2020;11:02:00;3300;AC03 - Acidente sem VITIMA;109;BR-040/RJ;JF;Choque - Objeto Fixo;1;;;;;;;;;;1;;;;
27/09/2020;15:57:00;3329;AC03 - Acidente sem VITIMA;110;BR-040/RJ;JF;Colisão Lateral;1;;;;;1;;;;;2;;;;
27/09/2020;18:52:00;3354;AC03 - Acidente sem VITIMA;109;BR-040/RJ;RJ;Engavetamento;3;;;;;;;;;;3;;;;
27/09/2020;19:59:00;3361;AC03 - Acidente sem VITIMA;93;BR-040/RJ;JF;Queda de Moto;;;;1;;;;;;;1;;;;
28/09/2020;02:29:00;3379;AC05 - Atropelamento Fatal;119;BR-040/RJ;RJ;Atropelamento - Pedestre;2;;;;;1;;;;;2;;;;1
28/09/2020;08:52:00;3407;AC02 - Acidente com VITIMA;105;BR-040/RJ;RJ;Queda de Moto;;;;1;;;;;;;0;1;;;
28/09/2020;12:18:00;3432;AC03 - Acidente sem VITIMA;121;BR-040/RJ;JF;Choque - Objeto Fixo;1;;;;;;;;;;1;;;;
28/09/2020;19:27:00;3486;AC03 - Acidente sem VITIMA;789;BR-040/MG;RJ;Atropelamento - Animal;1;;;;;;;;;;1;;;;
29/09/2020;00:11:00;3498;AC02 - Acidente com VITIMA;31;BR-040/RJ;JF;Tombamento;;;1;;;1;;;;;1;1;;;
29/09/2020;09:46:00;3527;AC02 - Acidente com VITIMA;123;BR-040/RJ;JF;Queda de Moto;;;;1;;;;;;;0;1;;;
29/09/2020;16:13:00;3569;AC03 - Acidente sem VITIMA;21;BR-040/RJ;JF;Choque - Objeto Fixo;;;1;;;;;;;;1;;;;
29/09/2020;16:23:00;3572;AC03 - Acidente sem VITIMA;77;BR-040/RJ;RJ;Choque - Objeto Fixo;1;;;;;;;;;;1;;;;
29/09/2020;18:21:00;3585;AC03 - Acidente sem VITIMA;91;BR-040/RJ;JF;Choque - Objeto Fixo;1;;;;;;;;;;1;;;;
30/09/2020;07:36:00;3633;AC02 - Acidente com VITIMA;111;BR-040/RJ;RJ;Queda de Moto;;;;1;;;;;;;0;1;;;
30/09/2020;12:02:00;3665;AC02 - Acidente com VITIMA;68;BR-040/RJ;RJ;Colisão Traseira;1;;1;;;;;;;;0;1;;1;
30/09/2020;13:36:00;3676;AC02 - Acidente com VITIMA;63;BR-040/RJ;JF;Colisão Lateral;1;;;1;;;;;;;0;1;1;;
01/10/2020;05:01:00;11;AC02 - Acidente com VITIMA;94;BR-040/RJ;RJ;Tombamento;;;1;;;;;;;;0;1;;;
01/10/2020;16:44:00;107;AC03 - Acidente sem VITIMA;114;BR-040/RJ;JF;Engavetamento;2;;1;;;;;;;;3;;;;
01/10/2020;17:57:00;122;AC02 - Acidente com VITIMA;98;BR-040/RJ;RJ;Capotamento;1;;;;;;;;;;0;1;1;;
01/10/2020;18:44:00;127;AC02 - Acidente com VITIMA;118;BR-040/RJ;RJ;Queda de Moto;;;;1;;;;;;;0;2;;;
01/10/2020;23:33:00;155;AC03 - Acidente sem VITIMA;116;BR-040/RJ;RJ;Colisão Lateral;2;;;;;;;;;;2;;;;
02/10/2020;00:22:00;160;AC03 - Acidente sem VITIMA;113;BR-040/RJ;JF;Colisão Traseira;1;;1;;;;;;;;2;;;;
02/10/2020;01:59:00;166;AC04 - Atropelamento;106;BR-040/RJ;JF;Atropelamento - Pedestre;;;;;;2;;;;;1;1;;;
02/10/2020;08:25:00;191;AC03 - Acidente sem VITIMA;78;BR-040/RJ;RJ;Choque - Objeto Fixo;1;;;;;;;;;;1;;;;
02/10/2020;10:10:00;210;AC03 - Acidente sem VITIMA;121;BR-040/RJ;RJ;Colisão Lateral;2;;;;;;;;;;2;;;;
02/10/2020;10:11:00;213;AC03 - Acidente sem VITIMA;89;BR-040/RJ;JF;Colisão Lateral;1;;1;;;;;;;;2;;;;
02/10/2020;11:25:00;224;AC03 - Acidente sem VITIMA;777;BR-040/MG;JF;Choque - Objeto Fixo;1;;;;;;;;;;1;;;;
02/10/2020;16:37:00;300;AC02 - Acidente com VITIMA;114;BR-040/RJ;JF;Colisão Traseira;2;;;;;;;;;;1;1;;;
02/10/2020;17:05:00;309;AC03 - Acidente sem VITIMA;89;BR-040/RJ;JF;Colisão Traseira;1;;1;;;;;;;;2;;;;
02/10/2020;18:01:00;317;AC03 - Acidente sem VITIMA;48;BR-040/RJ;RJ;Choque - Objeto Fixo;1;;;;;;;;;;1;;;;
02/10/2020;18:02:00;322;AC03 - Acidente sem VITIMA;118;BR-040/RJ;JF;Colisão Lateral;1;;1;;;;;;;;2;;;;
02/10/2020;18:14:00;324;AC03 - Acidente sem VITIMA;97;BR-040/RJ;JF;Choque - Objeto Fixo;1;;;;;;;;;;1;;;;
02/10/2020;19:32:00;336;AC03 - Acidente sem VITIMA;114;BR-040/RJ;JF;Colisão Lateral;1;;;;;1;;;;;2;;;;
02/10/2020;21:40:00;348;AC04 - Atropelamento;104;BR-040/RJ;JF;Colisão Frontal;1;1;;;;;;;;;1;;;1;
03/10/2020;00:02:00;358;AC02 - Acidente com VITIMA;108;BR-040/RJ;JF;Colisão Traseira;1;;1;;;;;;;;1;1;;;
03/10/2020;00:34:00;364;AC03 - Acidente sem VITIMA;122;BR-040/RJ;JF;Colisão Traseira;2;;;;;;;;;;2;;;;
03/10/2020;12:36:00;426;AC02 - Acidente com VITIMA;62;BR-040/RJ;RJ;Queda de Moto;;;;1;;;;;;;0;;1;;
03/10/2020;16:53:00;455;AC02 - Acidente com VITIMA;777;BR-040/MG;RJ;Capotamento;1;;;;;;;;;;0;;;1;
03/10/2020;19:30:00;475;AC02 - Acidente com VITIMA;119;BR-040/RJ;JF;Colisão Traseira;2;;;;;;;;;;0;2;;;
04/10/2020;05:32:00;513;AC03 - Acidente sem VITIMA;123;BR-040/RJ;RJ;Colisão Traseira;2;;;;;;;;;;2;;;;
04/10/2020;06:15:00;517;AC03 - Acidente sem VITIMA;83;BR-040/RJ;RJ;Choque - Objeto Fixo;1;;;;;;;;;;1;;;;
04/10/2020;06:55:00;520;AC02 - Acidente com VITIMA;107;BR-040/RJ;RJ;Choque - Objeto Fixo;1;;;;;;;;;;0;1;;;
04/10/2020;07:22:00;524;AC03 - Acidente sem VITIMA;78;BR-040/RJ;RJ;Choque - Objeto Fixo;1;;;;;;;;;;1;;;;
04/10/2020;07:41:00;526;AC03 - Acidente sem VITIMA;117;BR-040/RJ;JF;Choque - Objeto Fixo;1;;;;;;;;;;1;;;;
04/10/2020;08:19:00;530;AC03 - Acidente sem VITIMA;92;BR-040/RJ;RJ;Choque - Objeto Fixo;1;;;;;;;;;;1;;;;
04/10/2020;09:03:00;533;AC03 - Acidente sem VITIMA;75;BR-040/RJ;RJ;Choque - Objeto Fixo;1;;;;;;;;;;1;;;;
04/10/2020;09:07:00;534;AC03 - Acidente sem VITIMA;85;BR-040/RJ;JF;Choque - Objeto Fixo;1;;;;;;;;;;1;;;;
04/10/2020;09:21:00;537;AC03 - Acidente sem VITIMA;93;BR-040/RJ;JF;Choque - Objeto Fixo;1;;;;;;;;;;1;;;;
04/10/2020;10:12:00;540;AC02 - Acidente com VITIMA;93;BR-040/RJ;RJ;Capotamento;1;;;;;;;;;;0;1;;;
04/10/2020;10:26:00;542;AC03 - Acidente sem VITIMA;89;BR-040/RJ;RJ;Choque - Objeto Fixo;1;;;;;;;;;;1;;;;
04/10/2020;10:44:00;543;AC03 - Acidente sem VITIMA;30;BR-040/RJ;JF;Choque - Objeto Fixo;1;;;;;;;;;;1;;;;
04/10/2020;11:59:00;550;AC03 - Acidente sem VITIMA;94;BR-040/RJ;JF;Choque - Objeto Fixo;1;;;;;;;;;;1;;;;
04/10/2020;12:10:00;552;AC03 - Acidente sem VITIMA;93;BR-040/RJ;JF;Choque - Objeto Fixo;1;;;;;;;;;;1;;;;
04/10/2020;13:08:00;562;AC03 - Acidente sem VITIMA;123;BR-040/RJ;JF;Colisão Frontal;2;;;;;;;;;;2;;;;
04/10/2020;13:15:00;563;AC03 - Acidente sem VITIMA;90;BR-040/RJ;RJ;Saída de Pista;1;;;;;;;;;;1;;;;
04/10/2020;15:07:00;573;AC03 - Acidente sem VITIMA;93;BR-040/RJ;JF;Choque - Objeto Fixo;1;;;;;;;;;;1;;;;
04/10/2020;15:15:00;574;AC03 - Acidente sem VITIMA;93;BR-040/RJ;RJ;Saída de Pista;1;;;;;;;;;;1;;;;
04/10/2020;15:23:00;575;AC02 - Acidente com VITIMA;89;BR-040/RJ;RJ;Colisão Traseira;2;;;;;;;;;;0;4;;;
04/10/2020;15:59:00;579;AC03 - Acidente sem VITIMA;77;BR-040/RJ;RJ;Choque - Objeto Fixo;1;;;;;;;;;;1;;;;
04/10/2020;16:29:00;580;AC03 - Acidente sem VITIMA;90;BR-040/RJ;RJ;Saída de Pista;1;;;;;;;;;;1;;;;
04/10/2020;16:33:00;581;AC03 - Acidente sem VITIMA;93;BR-040/RJ;RJ;Choque - Objeto Fixo;1;;;;;;;;;;1;;;;
04/10/2020;17:34:00;584;AC03 - Acidente sem VITIMA;100;BR-040/RJ;JF;Choque - Objeto Fixo;1;;;;;;;;;;1;;;;
04/10/2020;18:00:00;587;AC02 - Acidente com VITIMA;87;BR-040/RJ;RJ;Choque - Objeto Fixo;1;;;;;;;;;;0;5;;;
04/10/2020;18:16:00;589;AC03 - Acidente sem VITIMA;121;BR-040/RJ;RJ;Choque - Objeto Fixo;1;;;;;;;;;;1;;;;
04/10/2020;18:58:00;593;AC03 - Acidente sem VITIMA;96;BR-040/RJ;RJ;Choque - Objeto Fixo;1;;;;;;;;;;1;;;;
04/10/2020;19:29:00;596;AC02 - Acidente com VITIMA;96;BR-040/RJ;RJ;Capotamento;1;;;;;;;;;;0;1;;;
04/10/2020;19:59:00;598;AC03 - Acidente sem VITIMA;109;BR-040/RJ;RJ;Engavetamento;1;;;;;2;;;;;3;;;;
04/10/2020;20:02:00;600;AC03 - Acidente sem VITIMA;91;BR-040/RJ;RJ;Choque - Objeto Fixo;1;;;;;;;;;;1;;;;
04/10/2020;20:29:00;602;AC03 - Acidente sem VITIMA;97;BR-040/RJ;RJ;Choque - Objeto Fixo;1;;;;;;;;;;1;;;;
04/10/2020;21:28:00;606;AC03 - Acidente sem VITIMA;93;BR-040/RJ;RJ;Choque - Objeto Fixo;;;1;;;;;;;;1;;;;
04/10/2020;21:40:00;607;AC02 - Acidente com VITIMA;48;BR-040/RJ;RJ;Tombamento;;;1;;;;;;;;0;1;;;
05/10/2020;02:55:00;620;AC03 - Acidente sem VITIMA;110;BR-040/RJ;JF;Choque - Objeto Fixo;1;;;;;;;;;;1;;;;
05/10/2020;06:48:00;626;AC03 - Acidente sem VITIMA;90;BR-040/RJ;RJ;Choque - Objeto Fixo;1;;;;;;;;;;1;;;;
05/10/2020;08:20:00;635;AC03 - Acidente sem VITIMA;85;BR-040/RJ;JF;Choque - Objeto Fixo;1;;;;;;;;;;1;;;;
05/10/2020;09:20:00;642;AC02 - Acidente com VITIMA;116;BR-040/RJ;RJ;Colisão Traseira;2;;;;;;;;;;0;4;1;;
05/10/2020;15:49:00;670;AC03 - Acidente sem VITIMA;56;BR-040/RJ;RJ;Choque - Objeto Fixo;;;1;;;;;;;;1;;;;
06/10/2020;05:47:00;726;AC02 - Acidente com VITIMA;109;BR-040/RJ;RJ;Queda de Moto;;;;1;;;;;;;0;1;;;
06/10/2020;07:06:00;732;AC02 - Acidente com VITIMA;106;BR-040/RJ;JF;Colisão Frontal;1;;;1;;;;;;;1;1;;;
06/10/2020;07:08:00;733;AC03 - Acidente sem VITIMA;123;BR-040/RJ;RJ;Engavetamento;3;;;;;;;;;;3;;;;
06/10/2020;12:52:00;772;AC03 - Acidente sem VITIMA;109;BR-040/RJ;JF;Colisão Traseira;1;;1;;;;;;;;2;;;;
06/10/2020;14:07:00;783;AC03 - Acidente sem VITIMA;88;BR-040/RJ;JF;Colisão Lateral;1;;1;;;;;;;;2;;;;
06/10/2020;14:30:00;784;AC03 - Acidente sem VITIMA;101;BR-040/RJ;JF;Colisão Lateral;2;;;;;;;;;;2;;;;
06/10/2020;16:22:00;798;AC02 - Acidente com VITIMA;88;BR-040/RJ;JF;Queda de Moto;1;;;1;;;;;;;1;1;;;
06/10/2020;18:17:00;813;AC02 - Acidente com VITIMA;94;BR-040/RJ;JF;Queda de Moto;;;;1;;;;;;;0;2;;;
06/10/2020;19:20:00;822;AC02 - Acidente com VITIMA;74;BR-040/RJ;JF;Tombamento;;;1;;;1;;;;;1;1;;;
07/10/2020;06:54:00;866;AC03 - Acidente sem VITIMA;92;BR-040/RJ;RJ;Choque - Objeto Fixo;1;;;;;;;;;;1;;;;
07/10/2020;10:56:00;900;AC03 - Acidente sem VITIMA;63;BR-040/RJ;RJ;Colisão Lateral;1;;1;;;;;;;;2;;;;
07/10/2020;13:34:00;918;AC03 - Acidente sem VITIMA;123;BR-040/RJ;JF;Colisão Traseira;1;;1;;;;;;;;2;;;;
07/10/2020;16:00:00;936;AC02 - Acidente com VITIMA;97;BR-040/RJ;JF;Colisão Traseira;1;;;1;;;;;;;1;1;;;
08/10/2020;01:07:00;986;AC03 - Acidente sem VITIMA;37;BR-040/RJ;RJ;Colisão Traseira;;;2;;;;;;;;2;;;;
08/10/2020;07:19:00;1006;AC02 - Acidente com VITIMA;778;BR-040/MG;JF;Choque - Objeto Fixo;1;;;;;;;;;;0;1;;;
08/10/2020;07:33:00;1008;AC03 - Acidente sem VITIMA;91;BR-040/RJ;JF;Choque - Objeto Fixo;1;;;;;;;;;;1;;;;
08/10/2020;08:05:00;1015;AC02 - Acidente com VITIMA;105;BR-040/RJ;RJ;Colisão Frontal;2;;;;;;;;;;0;1;1;1;
08/10/2020;08:21:00;1019;AC03 - Acidente sem VITIMA;91;BR-040/RJ;JF;Choque - Objeto Fixo;1;;;;;;;;;;1;;;;
08/10/2020;19:32:00;1088;AC02 - Acidente com VITIMA;50;BR-040/RJ;JF;Atropelamento - Animal;;;;1;;;;;;;0;;1;;
08/10/2020;23:18:00;1106;AC02 - Acidente com VITIMA;780;BR-040/MG;RJ;Choque - Objeto Fixo;;;1;;;;;;;;0;;1;;
08/10/2020;23:59:00;1108;AC02 - Acidente com VITIMA;812;BR-040/MG;RJ;Colisão Traseira;1;;1;;;;;;;;1;;1;;
09/10/2020;04:47:00;1120;AC02 - Acidente com VITIMA;110;BR-040/RJ;RJ;Tombamento;1;;;;;;;;;;0;1;;;
09/10/2020;06:32:00;1126;AC03 - Acidente sem VITIMA;108;BR-040/RJ;RJ;Colisão Traseira;;;2;;;;;;;;2;;;;
09/10/2020;07:04:00;1131;AC04 - Atropelamento;782;BR-040/MG;JF;Atropelamento - Pedestre;;;;1;;1;;;;;1;1;;;
09/10/2020;07:11:00;1134;AC02 - Acidente com VITIMA;118;BR-040/RJ;RJ;Capotamento;1;;;;1;;;;;;0;5;;;
09/10/2020;09:05:00;1151;AC02 - Acidente com VITIMA;804;BR-040/MG;JF;Saída de Pista;1;;;;;;;;;;0;1;;1;
09/10/2020;09:10:00;1153;AC03 - Acidente sem VITIMA;105;BR-040/RJ;JF;Colisão Lateral;1;;1;;;;;;;;2;;;;
09/10/2020;11:49:00;1182;AC02 - Acidente com VITIMA;93;BR-040/RJ;RJ;Choque - Objeto Fixo;1;;;;;;;;;;0;3;;;
09/10/2020;12:12:00;1188;AC03 - Acidente sem VITIMA;84;BR-040/RJ;RJ;Choque - Objeto Fixo;1;;;;;;;;;;1;;;;
09/10/2020;13:05:00;1193;AC03 - Acidente sem VITIMA;90;BR-040/RJ;JF;Choque - Objeto Fixo;1;;;;;;;;;;1;;;;
09/10/2020;13:31:00;1197;AC03 - Acidente sem VITIMA;90;BR-040/RJ;RJ;Choque - Objeto Fixo;1;;;;;;;;;;1;;;;
09/10/2020;13:31:00;1198;AC03 - Acidente sem VITIMA;90;BR-040/RJ;RJ;Choque - Objeto Fixo;1;;;;;;;;;;1;;;;
09/10/2020;14:00:00;1200;AC03 - Acidente sem VITIMA;94;BR-040/RJ;RJ;Choque - Objeto Fixo;1;;;;;;;;;;1;;;;
09/10/2020;14:02:00;1201;AC03 - Acidente sem VITIMA;98;BR-040/RJ;JF;Colisão Lateral;1;;1;;;;;;;;2;;;;
09/10/2020;14:48:00;1206;AC02 - Acidente com VITIMA;78;BR-040/RJ;RJ;Capotamento;1;;;;;;;;;;0;4;;;
09/10/2020;15:55:00;1212;AC02 - Acidente com VITIMA;114;BR-040/RJ;JF;Colisão Traseira;2;;;;;;;;;;1;;1;;
09/10/2020;15:57:00;1213;AC02 - Acidente com VITIMA;817;BR-040/MG;JF;Saída de Pista;1;;;;;;;;;;0;1;;;
09/10/2020;17:12:00;1221;AC02 - Acidente com VITIMA;4;BR-040/RJ;RJ;Capotamento;1;;;;;;;;;;0;;1;;
09/10/2020;16:54:00;1222;AC03 - Acidente sem VITIMA;824;BR-040/MG;RJ;Choque - Objeto Fixo;1;;;;;;;;;;1;;;;
09/10/2020;17:50:00;1225;AC02 - Acidente com VITIMA;91;BR-040/RJ;JF;Queda de Moto;;;;1;;;;;;;0;1;;;
09/10/2020;21:30:00;1258;AC02 - Acidente com VITIMA;815;BR-040/MG;RJ;Choque - Objeto Fixo;2;;;;;;;;;;1;1;;;
09/10/2020;21:55:00;1262;AC02 - Acidente com VITIMA;78;BR-040/RJ;RJ;Choque - Objeto Fixo;1;;;;;;;;;;0;1;1;;
09/10/2020;22:37:00;1263;AC03 - Acidente sem VITIMA;93;BR-040/RJ;RJ;Choque - Objeto Fixo;1;;;;;;;;;;1;;;;
09/10/2020;23:14:00;1268;AC03 - Acidente sem VITIMA;94;BR-040/RJ;RJ;Choque - Objeto Fixo;1;;;;;;;;;;1;;;;
10/10/2020;01:32:00;1275;AC03 - Acidente sem VITIMA;2;BR-040/RJ;RJ;Colisão Lateral;1;;;;;;;;;;1;;;;
10/10/2020;03:19:00;1282;AC02 - Acidente com VITIMA;89;BR-040/RJ;RJ;Capotamento;1;;;;;;;;;;0;3;2;;
10/10/2020;09:24:00;1315;AC03 - Acidente sem VITIMA;93;BR-040/RJ;RJ;Choque - Objeto Fixo;1;;;;;;;;;;1;;;;
10/10/2020;09:24:00;1316;AC03 - Acidente sem VITIMA;92;BR-040/RJ;RJ;Choque - Objeto Fixo;1;;;;;;;;;;1;;;;
10/10/2020;09:35:00;1319;AC03 - Acidente sem VITIMA;90;BR-040/RJ;JF;Choque - Objeto Fixo;1;;;;;;;;;;1;;;;
10/10/2020;09:47:00;1323;AC02 - Acidente com VITIMA;90;BR-040/RJ;RJ;Colisão Traseira;2;;;;;1;;;;;1;3;;;
10/10/2020;09:58:00;1324;AC02 - Acidente com VITIMA;90;BR-040/RJ;RJ;Choque - Objeto Fixo;1;;;;;;;;;;0;;;1;
10/10/2020;10:07:00;1325;AC03 - Acidente sem VITIMA;75;BR-040/RJ;RJ;Choque - Objeto Fixo;1;;;;;;;;;;1;;;;
10/10/2020;10:00:00;1327;AC03 - Acidente sem VITIMA;91;BR-040/RJ;JF;Colisão Lateral;1;;;;1;;;;;;2;;;;
10/10/2020;10:18:00;1329;AC03 - Acidente sem VITIMA;82;BR-040/RJ;RJ;Choque - Objeto Fixo;1;;;;;;;;;;1;;;;
10/10/2020;10:26:00;1331;AC03 - Acidente sem VITIMA;85;BR-040/RJ;RJ;Choque - Objeto Fixo;1;;;;;;;;;;1;;;;
10/10/2020;10:30:00;1332;AC03 - Acidente sem VITIMA;82;BR-040/RJ;RJ;Choque - Objeto Fixo;1;;;;;;;;;;1;;;;
10/10/2020;13:02:00;1347;AC03 - Acidente sem VITIMA;91;BR-040/RJ;JF;Choque - Objeto Fixo;1;;;;;;;;;;1;;;;
10/10/2020;13:13:00;1349;AC03 - Acidente sem VITIMA;84;BR-040/RJ;RJ;Choque - Objeto Fixo;1;;;;;;;;;;1;;;;
10/10/2020;13:57:00;1357;AC03 - Acidente sem VITIMA;93;BR-040/RJ;JF;Choque - Objeto Fixo;1;;;;;;;;;;1;;;;
10/10/2020;14:10:00;1358;AC03 - Acidente sem VITIMA;87;BR-040/RJ;RJ;Choque - Objeto Fixo;1;;;;;;;;;;1;;;;
10/10/2020;15:08:00;1364;AC03 - Acidente sem VITIMA;91;BR-040/RJ;JF;Choque - Objeto Fixo;1;;;;;;;;;;1;;;;
10/10/2020;15:09:00;1366;AC03 - Acidente sem VITIMA;92;BR-040/RJ;RJ;Saída de Pista;1;;;;;;;;;;1;;;;
10/10/2020;15:48:00;1373;AC03 - Acidente sem VITIMA;84;BR-040/RJ;JF;Choque - Objeto Fixo;1;;;;;;;;;;1;;;;
10/10/2020;16:11:00;1378;AC03 - Acidente sem VITIMA;82;BR-040/RJ;RJ;Choque - Objeto Fixo;1;;;;;;;;;;1;;;;
10/10/2020;16:45:00;1385;AC03 - Acidente sem VITIMA;92;BR-040/RJ;RJ;Choque - Objeto Fixo;1;;;;;;;;;;1;;;;
10/10/2020;16:46:00;1386;AC02 - Acidente com VITIMA;75;BR-040/RJ;RJ;Choque - Objeto Fixo;1;;;;;;;;;;0;1;;;
10/10/2020;17:04:00;1388;AC03 - Acidente sem VITIMA;76;BR-040/RJ;RJ;Choque - Objeto Fixo;1;;;;;;;;;;1;;;;
10/10/2020;17:08:00;1389;AC03 - Acidente sem VITIMA;93;BR-040/RJ;RJ;Choque - Objeto Fixo;1;;;;;;;;;;1;;;;
10/10/2020;17:43:00;1394;AC02 - Acidente com VITIMA;68;BR-040/RJ;JF;Choque - Objeto Fixo;1;;;;;1;;;;;1;3;;;
10/10/2020;17:51:00;1395;AC02 - Acidente com VITIMA;90;BR-040/RJ;RJ;Saída de Pista;1;;;;;;;;;;0;1;;;
10/10/2020;19:22:00;1404;AC02 - Acidente com VITIMA;92;BR-040/RJ;RJ;Choque - Objeto Fixo;1;;;;;;;;;;0;2;;;
10/10/2020;19:33:00;1407;AC03 - Acidente sem VITIMA;84;BR-040/RJ;JF;Choque - Objeto Fixo;1;;;;;;;;;;1;;;;
10/10/2020;19:55:00;1410;AC03 - Acidente sem VITIMA;91;BR-040/RJ;JF;Choque - Objeto Fixo;1;;;;;;;;;;1;;;;
10/10/2020;22:20:00;1421;AC02 - Acidente com VITIMA;778;BR-040/MG;JF;Capotamento;1;;;;;;;;;;0;1;;;
11/10/2020;00:41:00;1430;AC03 - Acidente sem VITIMA;75;BR-040/RJ;RJ;Choque - Objeto Fixo;1;;;;;;;;;;1;;;;
11/10/2020;12:35:00;1484;AC03 - Acidente sem VITIMA;105;BR-040/RJ;RJ;Colisão Traseira;2;;;;;;;;;;2;;;;
11/10/2020;14:34:00;1494;AC02 - Acidente com VITIMA;801;BR-040/MG;JF;Queda de Moto;;;;1;;;;;;;0;2;;;
11/10/2020;16:01:00;1504;AC02 - Acidente com VITIMA;98;BR-040/RJ;JF;Queda de Moto;;;;1;;;;;;;0;2;;;
11/10/2020;16:46:00;1509;AC02 - Acidente com VITIMA;120;BR-040/RJ;JF;Colisão Traseira;1;;;1;;;;;;;1;1;;;
11/10/2020;19:02:00;1521;AC02 - Acidente com VITIMA;7;BR-040/RJ;RJ;Queda de Moto;;;;1;;1;;;;;1;1;;;
11/10/2020;20:05:00;1528;AC02 - Acidente com VITIMA;61;BR-040/RJ;JF;Atropelamento - Animal;1;;;;;;;;;;0;2;;;
11/10/2020;21:49:00;1535;AC04 - Atropelamento;782;BR-040/MG;JF;Atropelamento - Pedestre;1;;;;;1;;;;;1;;1;;
12/10/2020;00:18:00;1548;AC02 - Acidente com VITIMA;56;BR-040/RJ;RJ;Choque - Objeto Fixo;1;;;;;;;;;;0;4;;;
12/10/2020;03:45:00;1562;AC03 - Acidente sem VITIMA;89;BR-040/RJ;JF;Saída de Pista;1;;;;;;;;;;1;;;;
12/10/2020;04:19:00;1564;AC02 - Acidente com VITIMA;85;BR-040/RJ;JF;Choque - Objeto Fixo;1;;;;;;;;;;0;2;1;;