data;horario;n_da_ocorrencia;tipo_de_ocorrencia;km;trecho;sentido;tipo_de_acidente;automovel;bicicleta;caminhao;moto;onibus;outros;tracao_animal;transporte_de_cargas_especiais;trator_maquinas;utilitarios;ilesos;levemente_feridos;moderadamente_feridos;gravemente_feridos;mortos
30/10/2020;10:43:00;3832;AC03 - Acidente sem VITIMA;81;BR-040/RJ;JF;Choque - Objeto Fixo;1;;1;;;;;;;;2;;;;
30/10/2020;12:15:00;3843;AC03 - Acidente sem VITIMA;94;BR-040/RJ;RJ;Choque - Objeto Fixo;1;;;;;;;;;;1;;;;
30/10/2020;12:40:00;3845;AC03 - Acidente sem VITIMA;78;BR-040/RJ;RJ;Choque - Objeto Fixo;1;;;;;;;;;;1;;;;
30/10/2020;12:54:00;3846;AC03 - Acidente sem VITIMA;86;BR-040/RJ;RJ;Choque - Objeto Fixo;1;;;;;;;;;;1;;;;
30/10/2020;13:32:00;3849;AC03 - Acidente sem VITIMA;78;BR-040/RJ;RJ;Choque - Objeto Fixo;1;;;;;;;;;;1;;;;
30/10/2020;13:51:00;3852;AC03 - Acidente sem VITIMA;75;BR-040/RJ;RJ;Saída de Pista;1;;;;;;;;;;1;;;;
30/10/2020;14:25:00;3855;AC02 - Acidente com VITIMA;72;BR-040/RJ;JF;Choque - Objeto Fixo;;;;;;;;;;1;0;;1;;
30/10/2020;14:33:00;3856;AC03 - Acidente sem VITIMA;109;BR-040/RJ;RJ;Colisão Traseira;1;;1;;;;;;;;2;;;;
30/10/2020;15:58:00;3865;AC02 - Acidente com VITIMA;75;BR-040/RJ;RJ;Choque - Objeto Fixo;1;;;;;;;;;;0;1;;;
30/10/2020;16:17:00;3868;AC03 - Acidente sem VITIMA;82;BR-040/RJ;RJ;Saída de Pista;1;;;;;;;;;;1;;;;
30/10/2020;16:20:00;3869;AC03 - Acidente sem VITIMA;91;BR-040/RJ;JF;Choque - Objeto Fixo;1;;;;;;;;;;1;;;;
30/10/2020;17:54:00;3884;AC02 - Acidente com VITIMA;94;BR-040/RJ;RJ;Choque - Objeto Fixo;1;;;;;1;;;;;1;2;;;
30/10/2020;18:20:00;3889;AC03 - Acidente sem VITIMA;91;BR-040/RJ;JF;Choque - Objeto Fixo;1;;;;;;;;;;1;;;;
30/10/2020;20:58:00;3909;AC03 - Acidente sem VITIMA;93;BR-040/RJ;RJ;Choque - Objeto Fixo;1;;;;;;;;;;1;;;;
30/10/2020;21:07:00;3913;AC03 - Acidente sem VITIMA;106;BR-040/RJ;JF;Colisão Traseira;2;;;;;;;;;;2;;;;
30/10/2020;21:47:00;3917;AC03 - Acidente sem VITIMA;77;BR-040/RJ;RJ;Capotamento;1;;;;;;;;;;1;;;;
31/10/2020;00:03:00;3934;AC02 - Acidente com VITIMA;104;BR-040/RJ;JF;Colisão Frontal;1;;;1;;;;;;;1;1;;;
31/10/2020;01:43:00;3942;AC02 - Acidente com VITIMA;79;BR-040/RJ;RJ;Tombamento;1;;;;;;;;;;0;5;;;
31/10/2020;02:59:00;3945;AC03 - Acidente sem VITIMA;118;BR-040/RJ;RJ;Choque - Objeto Fixo;;;1;;;;;;;;1;;;;
31/10/2020;05:45:00;3952;AC03 - Acidente sem VITIMA;82;BR-040/RJ;RJ;Derrapagem;1;;;;;1;;;;;2;;;;
31/10/2020;05:51:00;3953;AC02 - Acidente com VITIMA;77;BR-040/RJ;RJ;Saída de Pista;1;;;;;;;;;;0;4;;;
31/10/2020;05:55:00;3954;AC02 - Acidente com VITIMA;65;BR-040/RJ;RJ;Choque - Objeto Fixo;1;;;;;;;;;;0;4;;;
31/10/2020;06:15:00;3956;AC03 - Acidente sem VITIMA;94;BR-040/RJ;RJ;Choque - Objeto Fixo;1;;;;;;;;;;1;;;;
31/10/2020;06:34:00;3958;AC03 - Acidente sem VITIMA;72;BR-040/RJ;JF;Saída de Pista;1;;;;;;;;;;1;;;;
31/10/2020;06:41:00;3960;AC02 - Acidente com VITIMA;123;BR-040/RJ;RJ;Colisão Traseira;1;1;;;;;;;;;1;;1;;
31/10/2020;06:41:00;3962;AC03 - Acidente sem VITIMA;82;BR-040/RJ;RJ;Choque - Objeto Fixo;1;;;;;;;;;;1;;;;
31/10/2020;06:54:00;3963;AC02 - Acidente com VITIMA;75;BR-040/RJ;RJ;Choque - Objeto Fixo;1;;;;;;;;;;0;3;;;
31/10/2020;07:33:00;3965;AC02 - Acidente com VITIMA;78;BR-040/RJ;RJ;Saída de Pista;1;;;;;;;;;;0;2;;;
31/10/2020;08:00:00;3969;AC03 - Acidente sem VITIMA;91;BR-040/RJ;RJ;Choque - Objeto Fixo;1;;;;;;;;;;1;;;;
31/10/2020;08:42:00;3973;AC03 - Acidente sem VITIMA;92;BR-040/RJ;RJ;Saída de Pista;1;;;;;;;;;;1;;;;
31/10/2020;09:48:00;3981;AC02 - Acidente com VITIMA;116;BR-040/RJ;RJ;Colisão Traseira;1;;1;;;;;;;;0;2;;;
31/10/2020;09:52:00;3982;AC03 - Acidente sem VITIMA;93;BR-040/RJ;RJ;Choque - Objeto Fixo;1;;;;;;;;;;1;;;;
31/10/2020;11:14:00;3997;AC03 - Acidente sem VITIMA;91;BR-040/RJ;JF;Choque - Objeto Fixo;1;;;;;;;;;;1;;;;
31/10/2020;11:16:00;3998;AC03 - Acidente sem VITIMA;90;BR-040/RJ;RJ;Choque - Objeto Fixo;1;;;;;;;;;;1;;;;
31/10/2020;11:10:00;4000;AC03 - Acidente sem VITIMA;72;BR-040/RJ;RJ;Colisão Traseira;2;;;;;;;;;;2;;;;
31/10/2020;11:46:00;4005;AC03 - Acidente sem VITIMA;72;BR-040/RJ;JF;Choque - Objeto Fixo;1;;;;;;;;;;1;;;;
31/10/2020;11:48:00;4006;AC03 - Acidente sem VITIMA;87;BR-040/RJ;RJ;Choque - Objeto Fixo;1;;;;;;;;;;1;;;;
31/10/2020;11:58:00;4009;AC03 - Acidente sem VITIMA;90;BR-040/RJ;JF;Colisão Lateral;3;;;;;;;;;;3;;;;
31/10/2020;12:43:00;4015;AC03 - Acidente sem VITIMA;91;BR-040/RJ;JF;Choque - Objeto Fixo;1;;;;;;;;;;1;;;;
31/10/2020;13:03:00;4020;AC03 - Acidente sem VITIMA;75;BR-040/RJ;RJ;Choque - Objeto Fixo;1;;;;;;;;;;1;;;;
31/10/2020;13:09:00;4022;AC03 - Acidente sem VITIMA;84;BR-040/RJ;JF;Choque - Objeto Fixo;1;;;;;;;;;;1;;;;
31/10/2020;13:14:00;4023;AC03 - Acidente sem VITIMA;82;BR-040/RJ;RJ;Choque - Objeto Fixo;1;;;;;;;;;;1;;;;
31/10/2020;12:30:00;4031;AC03 - Acidente sem VITIMA;72;BR-040/RJ;JF;Choque - Objeto Fixo;1;;;;;;;;;;1;;;;
31/10/2020;14:28:00;4033;AC03 - Acidente sem VITIMA;94;BR-040/RJ;RJ;Capotamento;1;;;;;;;;;;1;;;;
31/10/2020;14:34:00;4034;AC03 - Acidente sem VITIMA;78;BR-040/RJ;RJ;Choque - Objeto Fixo;1;;;;;;;;;;1;;;;
31/10/2020;14:41:00;4035;AC03 - Acidente sem VITIMA;90;BR-040/RJ;RJ;Choque - Objeto Fixo;1;;;;;;;;;;1;;;;
31/10/2020;14:54:00;4038;AC03 - Acidente sem VITIMA;79;BR-040/RJ;RJ;Choque - Objeto Fixo;1;;;;;;;;;;1;;;;
31/10/2020;14:56:00;4039;AC03 - Acidente sem VITIMA;89;BR-040/RJ;JF;Colisão Lateral;2;;;;;;;;;;2;;;;
31/10/2020;15:25:00;4045;AC03 - Acidente sem VITIMA;113;BR-040/RJ;JF;Colisão Lateral;1;;1;;;;;;;;2;;;;
31/10/2020;16:16:00;4050;AC03 - Acidente sem VITIMA;114;BR-040/RJ;RJ;Engavetamento;1;;2;;;;;;;;3;;;;
31/10/2020;18:08:00;4066;AC03 - Acidente sem VITIMA;117;BR-040/RJ;JF;Colisão Traseira;1;;;;;1;;;;;2;;;;
31/10/2020;19:17:00;4068;AC03 - Acidente sem VITIMA;90;BR-040/RJ;JF;Choque - Objeto Fixo;1;;;;;;;;;;1;;;;
31/10/2020;20:39:00;4074;AC03 - Acidente sem VITIMA;9;BR-040/RJ;JF;Choque - Objeto Fixo;1;;;;;;;;;;1;;;;
31/10/2020;21:47:00;4082;AC03 - Acidente sem VITIMA;93;BR-040/RJ;RJ;Choque - Objeto Fixo;1;;;;;;;;;;1;;;;
31/10/2020;22:03:00;4084;AC02 - Acidente com VITIMA;90;BR-040/RJ;RJ;Choque - Objeto Fixo;1;;;;;;;;;;0;2;;;
31/10/2020;23:31:00;4089;AC03 - Acidente sem VITIMA;102;BR-040/RJ;JF;Choque - Objeto Fixo;1;;;;;;;;;;1;;;;
01/11/2020;00:26:00;1;AC03 - Acidente sem VITIMA;22;BR-040/RJ;JF;Saída de Pista;1;;;;;;;;;;1;;;;
01/11/2020;00:42:00;3;AC03 - Acidente sem VITIMA;104;BR-040/RJ;JF;Choque - Objeto Fixo;1;;;;;;;;;;1;;;;
01/11/2020;01:46:00;6;AC03 - Acidente sem VITIMA;84;BR-040/RJ;JF;Choque - Objeto Fixo;1;;;;;;;;;;1;;;;
01/11/2020;01:51:00;7;AC02 - Acidente com VITIMA;123;BR-040/RJ;RJ;Colisão Lateral;2;;;;;;;;;;0;4;;;
01/11/2020;03:08:00;11;AC03 - Acidente sem VITIMA;39;BR-040/RJ;RJ;Choque - Objeto Fixo;1;;;;;;;;;;1;;;;
01/11/2020;07:35:00;23;AC03 - Acidente sem VITIMA;93;BR-040/RJ;RJ;Saída de Pista;1;;;;;;;;;;1;;;;
01/11/2020;11:01:00;37;AC03 - Acidente sem VITIMA;74;BR-040/RJ;JF;Saída de Pista;1;;;;;;;;;;1;;;;
01/11/2020;11:55:00;42;AC03 - Acidente sem VITIMA;800;BR-040/MG;JF;Saída de Pista;1;;;;;;;;;;1;;;;
01/11/2020;12:51:00;46;AC03 - Acidente sem VITIMA;90;BR-040/RJ;RJ;Colisão Lateral;2;;;;;;;;;;2;;;;
01/11/2020;12:59:00;48;AC03 - Acidente sem VITIMA;90;BR-040/RJ;JF;Queda de Moto;;;;1;;;;;;;1;;;;
01/11/2020;13:09:00;49;AC03 - Acidente sem VITIMA;85;BR-040/RJ;JF;Capotamento;1;;;;;;;;;;1;;;;
01/11/2020;13:19:00;50;AC03 - Acidente sem VITIMA;91;BR-040/RJ;RJ;Choque - Objeto Fixo;1;;;;;;;;;;1;;;;
01/11/2020;14:32:00;60;AC03 - Acidente sem VITIMA;91;BR-040/RJ;RJ;Saída de Pista;1;;;;;;;;;;1;;;;
01/11/2020;15:30:00;66;AC02 - Acidente com VITIMA;72;BR-040/RJ;JF;Choque - Objeto Fixo;1;;;;;;;;;;0;2;;;
01/11/2020;15:52:00;71;AC02 - Acidente com VITIMA;72;BR-040/RJ;JF;Colisão Traseira;1;;1;;;;;;;;0;3;;;
01/11/2020;16:43:00;80;AC03 - Acidente sem VITIMA;21;BR-040/RJ;RJ;Colisão Frontal;2;;;;;;;;;;2;;;;
01/11/2020;16:45:00;81;AC03 - Acidente sem VITIMA;83;BR-040/RJ;JF;Choque - Objeto Fixo;1;;;;;;;;;;1;;;;
01/11/2020;16:46:00;82;AC03 - Acidente sem VITIMA;94;BR-040/RJ;RJ;Saída de Pista;1;;;;;;;;;;1;;;;
01/11/2020;20:42:00;101;AC03 - Acidente sem VITIMA;86;BR-040/RJ;RJ;Choque - Objeto Fixo;1;;;;;;;;;;1;;;;
01/11/2020;22:05:00;106;AC02 - Acidente com VITIMA;65;BR-040/RJ;JF;Choque - Objeto Fixo;1;;;;;;;;;;0;1;;;
01/11/2020;22:26:00;108;AC02 - Acidente com VITIMA;101;BR-040/RJ;RJ;Queda de Moto;;;;1;;;;;;;0;1;;;
01/11/2020;23:50:00;111;AC01 - Acidente com VITIMA FATAL;824;BR-040/MG;RJ;Capotamento;1;;;;;;;;;;0;;;;1
02/11/2020;03:09:00;122;AC02 - Acidente com VITIMA;85;BR-040/RJ;RJ;Choque - Objeto Fixo;1;;;;;;;;;;0;2;;;
02/11/2020;06:54:00;129;AC03 - Acidente sem VITIMA;77;BR-040/RJ;RJ;Choque - Objeto Fixo;1;;;;;;;;;;1;;;;
02/11/2020;10:15:00;151;AC03 - Acidente sem VITIMA;83;BR-040/RJ;JF;Choque - Objeto Fixo;1;;;;;;;;;;1;;;;
02/11/2020;14:44:00;180;AC03 - Acidente sem VITIMA;122;BR-040/RJ;JF;Choque - Objeto Fixo;1;;;;;;;;;;1;;;;
02/11/2020;15:45:00;195;AC03 - Acidente sem VITIMA;787;BR-040/MG;JF;Atropelamento - Animal;1;;;;;;;;;;1;;;;
03/11/2020;07:56:00;276;AC02 - Acidente com VITIMA;113;BR-040/RJ;RJ;Engavetamento;2;;1;;;;;;;;1;4;;;
03/11/2020;11:13:00;294;AC03 - Acidente sem VITIMA;799;BR-040/MG;JF;Queda de Moto;;;;1;;;;;;;1;;;;
03/11/2020;12:22:00;298;AC03 - Acidente sem VITIMA;111;BR-040/RJ;RJ;Colisão Traseira;2;;;;;;;;;;2;;;;
03/11/2020;15:45:00;321;AC03 - Acidente sem VITIMA;89;BR-040/RJ;JF;Colisão Lateral;1;;1;;;;;;;;2;;;;
03/11/2020;18:34:00;344;AC03 - Acidente sem VITIMA;52;BR-040/RJ;RJ;Colisão Traseira;1;;;;;1;;;;;2;;;;
03/11/2020;19:36:00;353;AC02 - Acidente com VITIMA;113;BR-040/RJ;RJ;Choque - Objeto Fixo;1;;;;;;;;;;0;1;;;
04/11/2020;08:55:00;401;AC03 - Acidente sem VITIMA;70;BR-040/RJ;RJ;Choque - Objeto Fixo;1;;;;;1;;;;;2;;;;
04/11/2020;11:43:00;421;AC03 - Acidente sem VITIMA;105;BR-040/RJ;RJ;Engavetamento;3;;;;;;;;;;3;;;;
04/11/2020;12:24:00;426;AC02 - Acidente com VITIMA;93;BR-040/RJ;RJ;Tombamento;;;1;;;;;;;;0;1;;;
04/11/2020;12:25:00;427;AC03 - Acidente sem VITIMA;102;BR-040/RJ;RJ;Colisão Traseira;2;;;;;;;;;;2;;;;
04/11/2020;14:24:00;441;AC02 - Acidente com VITIMA;105;BR-040/RJ;JF;Colisão Lateral;;;;2;;;;;;;0;2;;;
04/11/2020;15:50:00;456;AC03 - Acidente sem VITIMA;793;BR-040/MG;RJ;Choque - Objeto Fixo;1;;;;;;;;;;1;;;;
04/11/2020;16:15:00;457;AC02 - Acidente com VITIMA;117;BR-040/RJ;JF;Colisão Traseira;1;;;;1;;;;;;1;2;;;
04/11/2020;16:18:00;458;AC03 - Acidente sem VITIMA;109;BR-040/RJ;JF;Colisão Traseira;1;;;1;;;;;;;2;;;;
04/11/2020;18:21:00;472;AC03 - Acidente sem VITIMA;117;BR-040/RJ;RJ;Choque - Objeto Fixo;;;1;;;;;;;;1;;;;
04/11/2020;19:16:00;476;AC03 - Acidente sem VITIMA;123;BR-040/RJ;JF;Colisão Lateral;1;;1;;;;;;;;2;;;;
05/11/2020;15:48:00;556;AC02 - Acidente com VITIMA;96;BR-040/RJ;RJ;Choque - Objeto Fixo;;;1;;;;;;;;0;;1;;
05/11/2020;21:47:00;585;AC03 - Acidente sem VITIMA;85;BR-040/RJ;RJ;Choque - Objeto Fixo;1;;;;;;;;;;1;;;;
06/11/2020;00:13:00;594;AC02 - Acidente com VITIMA;828;BR-040/MG;JF;Choque - Objeto Fixo;1;;;;;;;;;;0;2;;;
06/11/2020;02:16:00;599;AC02 - Acidente com VITIMA;123;BR-040/RJ;JF;Colisão Traseira;2;;;;;;;;;;1;1;;;
06/11/2020;17:36:00;670;AC02 - Acidente com VITIMA;72;BR-040/RJ;JF;Choque - Objeto Fixo;1;;;;;;;;;;0;;1;;
06/11/2020;21:22:00;692;AC03 - Acidente sem VITIMA;72;BR-040/RJ;JF;Colisão Lateral;1;;1;;;;;;;;2;;;;
07/11/2020;04:02:00;706;AC02 - Acidente com VITIMA;823;BR-040/MG;JF;Tombamento;;;1;;;;;;;;0;1;;;
07/11/2020;05:19:00;711;AC02 - Acidente com VITIMA;122;BR-040/RJ;RJ;Choque - Objeto Fixo;1;;;;;;;;;;0;1;;;
07/11/2020;07:02:00;719;AC02 - Acidente com VITIMA;116;BR-040/RJ;RJ;Choque - Objeto Fixo;1;;;;;;;;;;0;1;;;
07/11/2020;08:16:00;725;AC03 - Acidente sem VITIMA;91;BR-040/RJ;JF;Queda de Moto;;;;1;;;;;;;1;;;;
07/11/2020;10:43:00;745;AC02 - Acidente com VITIMA;32;BR-040/RJ;JF;Queda de Moto;;;;1;;;;;;;0;;1;;
07/11/2020;13:34:00;760;AC02 - Acidente com VITIMA;123;BR-040/RJ;JF;Queda de Moto;;;;1;;;;;;;0;2;;;
07/11/2020;14:30:00;765;AC03 - Acidente sem VITIMA;88;BR-040/RJ;RJ;Colisão Lateral;1;;;;;1;;;;;2;;;;
07/11/2020;15:01:00;768;AC02 - Acidente com VITIMA;104;BR-040/RJ;JF;Queda de Moto;;;;1;;;;;;;0;1;;;
07/11/2020;18:00:00;786;AC03 - Acidente sem VITIMA;114;BR-040/RJ;JF;Atropelamento - Animal;1;;;;;;;;;;1;;;;
07/11/2020;19:08:00;794;AC03 - Acidente sem VITIMA;808;BR-040/MG;JF;Atropelamento - Animal;1;;;;;;;;;;1;;;;
07/11/2020;19:09:00;801;AC03 - Acidente sem VITIMA;808;BR-040/MG;JF;Atropelamento - Animal;1;;;;;;;;;;1;;;;
07/11/2020;20:39:00;805;AC03 - Acidente sem VITIMA;39;BR-040/RJ;RJ;Choque - Objeto Fixo;1;;;;;;;;;;1;;;;
07/11/2020;22:20:00;810;AC03 - Acidente sem VITIMA;119;BR-040/RJ;JF;Colisão Lateral;2;;;;;;;;;;2;;;;
08/11/2020;05:43:00;831;AC02 - Acidente com VITIMA;116;BR-040/RJ;RJ;Capotamento;2;;;;;;;;;;1;2;;;
08/11/2020;07:26:00;839;AC03 - Acidente sem VITIMA;109;BR-040/RJ;JF;Choque - Objeto Fixo;1;;;;;;;;;;1;;;;
08/11/2020;10:07:00;852;AC03 - Acidente sem VITIMA;50;BR-040/RJ;RJ;Choque - Objeto Fixo;1;;;;;;;;;;1;;;;
08/11/2020;15:11:00;877;AC03 - Acidente sem VITIMA;90;BR-040/RJ;JF;Choque - Objeto Fixo;1;;;;;;;;;;1;;;;
08/11/2020;16:22:00;887;AC03 - Acidente sem VITIMA;86;BR-040/RJ;RJ;Choque - Objeto Fixo;1;;;;;;;;;;1;;;;
08/11/2020;16:42:00;890;AC03 - Acidente sem VITIMA;92;BR-040/RJ;RJ;Choque - Objeto Fixo;1;;;;;;;;;;1;;;;
08/11/2020;16:43:00;891;AC02 - Acidente com VITIMA;119;BR-040/RJ;RJ;Colisão Traseira;1;;;1;;;;;;;1;1;1;;
08/11/2020;16:45:00;892;AC02 - Acidente com VITIMA;113;BR-040/RJ;JF;Choque - Objeto Fixo;1;;;;;;;;;;1;1;1;;
08/11/2020;16:56:00;893;AC03 - Acidente sem VITIMA;93;BR-040/RJ;JF;Choque - Objeto Fixo;1;;;;;;;;;;1;;;;
08/11/2020;17:10:00;894;AC03 - Acidente sem VITIMA;93;BR-040/RJ;RJ;Colisão Lateral;2;;;;;;;;;;2;;;;
08/11/2020;19:37:00;909;AC03 - Acidente sem VITIMA;99;BR-040/RJ;JF;Saída de Pista;1;;;;;;;;;;1;;;;
08/11/2020;23:56:00;931;AC03 - Acidente sem VITIMA;86;BR-040/RJ;RJ;Choque - Objeto Fixo;1;;;;;;;;;;1;;;;
09/11/2020;08:04:00;963;AC03 - Acidente sem VITIMA;105;BR-040/RJ;JF;Colisão Lateral;1;;1;;;;;;;;2;;;;
09/11/2020;10:00:00;978;AC03 - Acidente sem VITIMA;77;BR-040/RJ;RJ;Capotamento;1;;;;;;;;;;1;;;;
09/11/2020;10:00:00;981;AC03 - Acidente sem VITIMA;84;BR-040/RJ;JF;Choque - Objeto Fixo;1;;;;;;;;;;1;;;;
09/11/2020;12:18:00;999;AC03 - Acidente sem VITIMA;91;BR-040/RJ;JF;Choque - Objeto Fixo;1;;;;;;;;;;1;;;;
09/11/2020;16:16:00;1022;AC03 - Acidente sem VITIMA;109;BR-040/RJ;JF;Colisão Lateral;;;2;;;;;;;;2;;;;
09/11/2020;16:17:00;1023;AC02 - Acidente com VITIMA;779;BR-040/MG;RJ;Capotamento;1;;;;;;;;;;0;1;;;
09/11/2020;20:49:00;1047;AC03 - Acidente sem VITIMA;78;BR-040/RJ;RJ;Choque - Objeto Fixo;1;;;;;;;;;;1;;;;
09/11/2020;21:04:00;1050;AC03 - Acidente sem VITIMA;78;BR-040/RJ;RJ;Choque - Objeto Fixo;1;;;;;;;;;;1;;;;
10/11/2020;03:30:00;1068;AC02 - Acidente com VITIMA;78;BR-040/RJ;RJ;Capotamento;1;;;;;;;;;;0;2;;;
10/11/2020;06:59:00;1080;AC02 - Acidente com VITIMA;120;BR-040/RJ;RJ;Colisão Traseira;1;;;1;;;;;;;1;1;;;
10/11/2020;07:35:00;1082;AC03 - Acidente sem VITIMA;120;BR-040/RJ;RJ;Colisão Lateral;1;;;1;;;;;;;2;;;;
10/11/2020;07:36:00;1083;AC03 - Acidente sem VITIMA;61;BR-040/RJ;JF;Choque - Objeto Fixo;1;;;;;;;;;;1;;;;
10/11/2020;07:51:00;1086;AC02 - Acidente com VITIMA;8;BR-040/RJ;RJ;Choque - Objeto Fixo;1;;;;;;;;;;0;1;;;
10/11/2020;09:18:00;1098;AC03 - Acidente sem VITIMA;108;BR-040/RJ;JF;Choque - Objeto Fixo;1;;;;;;;;;;1;;;;
10/11/2020;09:46:00;1103;AC03 - Acidente sem VITIMA;5;BR-040/RJ;JF;Choque - Objeto Fixo;1;;;;;;;;;;1;;;;
10/11/2020;14:50:00;1126;AC03 - Acidente sem VITIMA;117;BR-040/RJ;RJ;Colisão Traseira;1;;;;;1;;;;;2;;;;
10/11/2020;19:03:00;1155;AC03 - Acidente sem VITIMA;92;BR-040/RJ;JF;Saída de Pista;1;;;;;;;;;;1;;;;
11/11/2020;03:23:00;1182;AC03 - Acidente sem VITIMA;111;BR-040/RJ;RJ;Colisão Traseira;;;1;;;1;;;;;2;;;;
11/11/2020;05:16:00;1192;AC02 - Acidente com VITIMA;117;BR-040/RJ;RJ;Tombamento;;;1;;;;;;;;0;2;;;
11/11/2020;11:24:00;1245;AC02 - Acidente com VITIMA;62;BR-040/RJ;RJ;Capotamento;1;;;;;;;;;;0;1;;;
11/11/2020;16:44:00;1278;AC03 - Acidente sem VITIMA;93;BR-040/RJ;RJ;Choque - Objeto Fixo;1;;;;;;;;;;1;;;;
11/11/2020;17:36:00;1286;AC02 - Acidente com VITIMA;75;BR-040/RJ;RJ;Choque - Objeto Fixo;1;;;;;;;;;;0;1;;;
11/11/2020;19:44:00;1296;AC03 - Acidente sem VITIMA;85;BR-040/RJ;JF;Choque - Objeto Fixo;1;;;;;;;;;;1;;;;
11/11/2020;20:30:00;1302;AC03 - Acidente sem VITIMA;77;BR-040/RJ;RJ;Choque - Objeto Fixo;1;;;;;;;;;;1;;;;
11/11/2020;21:45:00;1308;AC03 - Acidente sem VITIMA;124;BR-040/RJ;RJ;Choque - Objeto Fixo;;;;;;;;;;1;1;;;;
12/11/2020;05:01:00;1326;AC03 - Acidente sem VITIMA;18;BR-040/RJ;JF;Choque - Objeto Fixo;1;;;;;;;;;;1;;;;
12/11/2020;07:36:00;1348;AC02 - Acidente com VITIMA;25;BR-040/RJ;RJ;Tombamento;;;1;;;1;;;;;1;1;;;
12/11/2020;07:47:00;1354;AC02 - Acidente com VITIMA;118;BR-040/RJ;RJ;Colisão Lateral;2;;;1;;;;;;;2;1;;;
12/11/2020;08:37:00;1357;AC03 - Acidente sem VITIMA;94;BR-040/RJ;JF;Choque - Objeto Fixo;1;;;;;;;;;;1;;;;
12/11/2020;09:51:00;1362;AC02 - Acidente com VITIMA;112;BR-040/RJ;RJ;Colisão Lateral;1;;2;;;;;;;;3;2;;;
12/11/2020;13:15:00;1379;AC03 - Acidente sem VITIMA;117;BR-040/RJ;JF;Choque - Objeto Fixo;1;;;;;;;;;;1;;;;
12/11/2020;16:20:00;1403;AC03 - Acidente sem VITIMA;61;BR-040/RJ;RJ;Choque - Objeto Fixo;1;;;;;;;;;;1;;;;
12/11/2020;16:30:00;1407;AC04 - Atropelamento;61;BR-040/RJ;RJ;Atropelamento - Pedestre;;;;;;2;;;;;1;1;;;
12/11/2020;16:33:00;1408;AC03 - Acidente sem VITIMA;124;BR-040/RJ;RJ;Colisão Lateral;1;;1;;;;;;;;2;;;;
12/11/2020;16:57:00;1411;AC02 - Acidente com VITIMA;89;BR-040/RJ;RJ;Choque - Objeto Fixo;1;;;;;;;;;;0;1;;;
12/11/2020;17:53:00;1419;AC03 - Acidente sem VITIMA;92;BR-040/RJ;RJ;Choque - Objeto Fixo;1;;;;;;;;;;1;;;;
12/11/2020;18:03:00;1420;AC02 - Acidente com VITIMA;68;BR-040/RJ;JF;Capotamento;1;;;;;;;;;;0;;1;;
12/11/2020;18:31:00;1425;AC03 - Acidente sem VITIMA;1;BR-040/RJ;JF;Choque - Objeto Fixo;1;;;;;;;;;;1;;;;
12/11/2020;21:21:00;1439;AC03 - Acidente sem VITIMA;124;BR-040/RJ;RJ;Choque - Objeto Fixo;1;;1;;;;;;;;2;;;;
13/11/2020;08:30:00;1493;AC03 - Acidente sem VITIMA;122;BR-040/RJ;JF;Engavetamento;2;;;;1;;;;;;3;;;;
13/11/2020;09:38:00;1499;AC02 - Acidente com VITIMA;118;BR-040/RJ;RJ;Queda de Moto;;;;1;;;;;;;0;2;;;
13/11/2020;15:42:00;1542;AC03 - Acidente sem VITIMA;87;BR-040/RJ;RJ;Choque - Objeto Fixo;1;;;;;;;;;;1;;;;
13/11/2020;16:42:00;1549;AC03 - Acidente sem VITIMA;787;BR-040/MG;RJ;Colisão Traseira;1;;1;;;;;;;;2;;;;
13/11/2020;17:04:00;1553;AC02 - Acidente com VITIMA;91;BR-040/RJ;JF;Capotamento;1;;;;;;;;;;0;1;;;
13/11/2020;17:57:00;1561;AC03 - Acidente sem VITIMA;62;BR-040/RJ;RJ;Capotamento;1;;;;;;;;;;1;;;;
13/11/2020;19:15:00;1565;AC03 - Acidente sem VITIMA;72;BR-040/RJ;JF;Choque - Objeto Fixo;1;;;;;;;;;;1;;;;
13/11/2020;19:24:00;1568;AC02 - Acidente com VITIMA;123;BR-040/RJ;RJ;Colisão Lateral;1;;;1;;;;;;;1;1;;;
13/11/2020;21:38:00;1580;AC03 - Acidente sem VITIMA;123;BR-040/RJ;RJ;Colisão Traseira;1;;;;;1;;;;;2;;;;
14/11/2020;02:04:00;1598;AC03 - Acidente sem VITIMA;118;BR-040/RJ;RJ;Choque - Objeto Fixo;1;;;;;;;;;;1;;;;
14/11/2020;02:08:00;1599;AC03 - Acidente sem VITIMA;90;BR-040/RJ;JF;Saída de Pista;1;;;;;;;;;;1;;;;
14/11/2020;02:27:00;1600;AC03 - Acidente sem VITIMA;84;BR-040/RJ;RJ;Choque - Objeto Fixo;1;;;;;;;;;;1;;;;
14/11/2020;02:31:00;1601;AC03 - Acidente sem VITIMA;59;BR-040/RJ;RJ;Saída de Pista;1;;;;;;;;;;1;;;;
14/11/2020;03:08:00;1602;AC03 - Acidente sem VITIMA;122;BR-040/RJ;RJ;Saída de Pista;1;;;;;;;;;;1;;;;
14/11/2020;05:36:00;1612;AC03 - Acidente sem VITIMA;93;BR-040/RJ;RJ;Saída de Pista;1;;;;;;;;;;1;;;;
14/11/2020;05:42:00;1613;AC03 - Acidente sem VITIMA;82;BR-040/RJ;RJ;Saída de Pista;1;;;;;;;;;;1;;;;
14/11/2020;05:54:00;1614;AC03 - Acidente sem VITIMA;93;BR-040/RJ;RJ;Choque - Objeto Fixo;1;;;;;;;;;;1;;;;