data;horario;n_da_ocorrencia;tipo_de_ocorrencia;km;trecho;sentido;tipo_de_acidente;automovel;bicicleta;caminhao;moto;onibus;outros;tracao_animal;transporte_de_cargas_especiais;trator_maquinas;utilitarios;ilesos;levemente_feridos;moderadamente_feridos;gravemente_feridos;mortos
14/11/2020;06:47:00;1618;AC03 - Acidente sem VITIMA;78;BR-040/RJ;RJ;Choque - Objeto Fixo;1;;;;;;;;;;1;;;;
14/11/2020;08:51:00;1633;AC03 - Acidente sem VITIMA;72;BR-040/RJ;JF;Choque - Objeto Fixo;1;;;;;;;;;;1;;;;
14/11/2020;12:33:00;1655;AC03 - Acidente sem VITIMA;804;BR-040/MG;JF;Choque - Objeto Fixo;1;;;;;;;;;;1;;;;
14/11/2020;13:45:00;1666;AC02 - Acidente com VITIMA;790;BR-040/MG;JF;Colisão Lateral;2;;;;;;;;;;0;5;;;
14/11/2020;16:42:00;1687;AC03 - Acidente sem VITIMA;790;BR-040/MG;JF;Colisão Lateral;2;;;;;;;;;;2;;;;
15/11/2020;00:36:00;1733;AC02 - Acidente com VITIMA;118;BR-040/RJ;RJ;Choque - Objeto Fixo;1;;;;;;;;;;0;1;;;
15/11/2020;00:44:00;1735;AC01 - Acidente com VITIMA FATAL;118;BR-040/RJ;JF;Capotamento;1;;;;;;;;;;0;1;;;1
15/11/2020;05:22:00;1749;AC02 - Acidente com VITIMA;119;BR-040/RJ;RJ;Capotamento;1;;;;;;;;;;0;1;;;
15/11/2020;08:27:00;1757;AC03 - Acidente sem VITIMA;120;BR-040/RJ;JF;Queda de Moto;;;;1;;;;;;;1;;;;
15/11/2020;11:36:00;1772;AC03 - Acidente sem VITIMA;91;BR-040/RJ;JF;Choque - Objeto Fixo;1;;;;;;;;;;1;;;;
15/11/2020;13:44:00;1785;AC02 - Acidente com VITIMA;62;BR-040/RJ;JF;Choque - Objeto Fixo;1;;;;;;;;;;0;2;;;
16/11/2020;04:21:00;1852;AC03 - Acidente sem VITIMA;122;BR-040/RJ;RJ;Colisão Lateral;2;;;;;;;;;;2;;;;
16/11/2020;10:59:00;1891;AC02 - Acidente com VITIMA;88;BR-040/RJ;RJ;Capotamento;1;;;;;;;;;;0;1;;;
16/11/2020;15:07:00;1913;AC02 - Acidente com VITIMA;31;BR-040/RJ;JF;Choque - Objeto Fixo;;;1;;;;;;;;0;1;;;
16/11/2020;17:18:00;1932;AC02 - Acidente com VITIMA;98;BR-040/RJ;RJ;Choque - Objeto Fixo;1;;;;;;;;;;0;1;;;
16/11/2020;17:49:00;1938;AC03 - Acidente sem VITIMA;92;BR-040/RJ;RJ;Choque - Objeto Fixo;1;;;;;;;;;;1;;;;
17/11/2020;00:56:00;1964;AC03 - Acidente sem VITIMA;775;BR-040/MG;JF;Atropelamento - Animal;1;;;;;;;;;;1;;;;
17/11/2020;06:10:00;1977;AC03 - Acidente sem VITIMA;84;BR-040/RJ;JF;Colisão Lateral;;;2;;;;;;;;2;;;;
17/11/2020;11:04:00;2003;AC03 - Acidente sem VITIMA;114;BR-040/RJ;RJ;Engavetamento;5;;;;;;;;;;5;;;;
17/11/2020;11:13:00;2004;AC02 - Acidente com VITIMA;111;BR-040/RJ;RJ;Colisão Lateral;1;;1;;;;;;;;1;1;;;
17/11/2020;13:04:00;2012;AC02 - Acidente com VITIMA;82;BR-040/RJ;JF;Colisão Lateral;1;;;1;;;;;;;0;2;;;
17/11/2020;13:53:00;2016;AC03 - Acidente sem VITIMA;113;BR-040/RJ;RJ;Engavetamento;3;;;;;;;;;;3;;;;
17/11/2020;16:34:00;2037;AC03 - Acidente sem VITIMA;112;BR-040/RJ;JF;Colisão Traseira;1;;;;;;;;;1;2;;;;
18/11/2020;05:13:00;2071;AC03 - Acidente sem VITIMA;77;BR-040/RJ;RJ;Choque - Objeto Fixo;1;;;;;;;;;;1;;;;
18/11/2020;08:50:00;2092;AC03 - Acidente sem VITIMA;91;BR-040/RJ;RJ;Choque - Objeto Fixo;1;;;;;;;;;;1;;;;
18/11/2020;10:17:00;2099;AC02 - Acidente com VITIMA;93;BR-040/RJ;RJ;Choque - Objeto Fixo;1;;;;;;;;;;0;2;;;
18/11/2020;10:42:00;2100;AC03 - Acidente sem VITIMA;92;BR-040/RJ;RJ;Choque - Objeto Fixo;1;;;;;;;;;;1;;;;
18/11/2020;13:13:00;2114;AC03 - Acidente sem VITIMA;28;BR-040/RJ;RJ;Choque - Objeto Fixo;1;;;;;;;;;;1;;;;
18/11/2020;14:08:00;2118;AC03 - Acidente sem VITIMA;97;BR-040/RJ;RJ;Choque - Objeto Fixo;1;;;;;;;;;;1;;;;
18/11/2020;14:30:00;2120;AC03 - Acidente sem VITIMA;108;BR-040/RJ;JF;Colisão Traseira;1;;;1;;;;;;;2;;;;
18/11/2020;14:40:00;2125;AC03 - Acidente sem VITIMA;57;BR-040/RJ;RJ;Colisão Lateral;2;;;;;;;;;;2;;;;
18/11/2020;16:17:00;2130;AC03 - Acidente sem VITIMA;93;BR-040/RJ;RJ;Choque - Objeto Fixo;1;;;;;;;;;;1;;;;
18/11/2020;19:12:00;2147;AC02 - Acidente com VITIMA;108;BR-040/RJ;JF;Colisão Traseira;2;;;;;;;;;;0;2;;;
18/11/2020;21:09:00;2153;AC03 - Acidente sem VITIMA;113;BR-040/RJ;JF;Colisão Traseira;1;;;;;1;;;;;2;;;;
19/11/2020;02:07:00;2183;AC03 - Acidente sem VITIMA;780;BR-040/MG;RJ;Saída de Pista;;;1;;;;;;;;1;;;;
19/11/2020;05:21:00;2197;AC03 - Acidente sem VITIMA;799;BR-040/MG;JF;Choque - Objeto Fixo;1;;;;;;;;;;1;;;;
19/11/2020;07:04:00;2208;AC03 - Acidente sem VITIMA;113;BR-040/RJ;RJ;Colisão Lateral;1;;2;;;;;;;;3;;;;
19/11/2020;08:02:00;2215;AC02 - Acidente com VITIMA;100;BR-040/RJ;RJ;Capotamento;1;;;;;;;;;;0;1;;;
19/11/2020;09:03:00;2226;AC03 - Acidente sem VITIMA;93;BR-040/RJ;JF;Choque - Objeto Fixo;1;;;;;;;;;;1;;;;
19/11/2020;09:52:00;2230;AC03 - Acidente sem VITIMA;93;BR-040/RJ;RJ;Choque - Objeto Fixo;1;;;;;;;;;;1;;;;
19/11/2020;10:29:00;2235;AC03 - Acidente sem VITIMA;122;BR-040/RJ;RJ;Colisão Traseira;2;;;;;1;;;;;3;;;;
19/11/2020;15:38:00;2269;AC02 - Acidente com VITIMA;57;BR-040/RJ;JF;Colisão Lateral;1;;;1;;;;;;;0;1;1;;
19/11/2020;16:05:00;2273;AC03 - Acidente sem VITIMA;91;BR-040/RJ;RJ;Choque - Objeto Fixo;1;;;;;;;;;;1;;;;
19/11/2020;17:45:00;2282;AC02 - Acidente com VITIMA;800;BR-040/MG;RJ;Capotamento;1;;;;;;;;;;0;1;;;
19/11/2020;21:13:00;2314;AC03 - Acidente sem VITIMA;117;BR-040/RJ;RJ;Choque - Objeto Fixo;1;;;;;;;;;;1;;;;
19/11/2020;21:00:00;2317;AC03 - Acidente sem VITIMA;56;BR-040/RJ;RJ;Choque - Objeto Fixo;1;;;;;;;;;;1;;;;
19/11/2020;23:00:00;2325;AC02 - Acidente com VITIMA;101;BR-040/RJ;RJ;Colisão Frontal;1;;;1;;;;;;;0;3;1;;
20/11/2020;00:42:00;2337;AC03 - Acidente sem VITIMA;775;BR-040/MG;RJ;Choque - Objeto Fixo;1;;;;;;;;;;1;;;;
20/11/2020;03:21:00;2342;AC03 - Acidente sem VITIMA;123;BR-040/RJ;RJ;Choque - Objeto Fixo;1;;;;;;;;;;1;;;;
20/11/2020;04:24:00;2344;AC03 - Acidente sem VITIMA;121;BR-040/RJ;JF;Saída de Pista;1;;;;;;;;;;1;;;;
20/11/2020;05:48:00;2349;AC03 - Acidente sem VITIMA;113;BR-040/RJ;JF;Choque - Objeto Fixo;1;;;;;;;;;;1;;;;
20/11/2020;06:54:00;2353;AC03 - Acidente sem VITIMA;91;BR-040/RJ;JF;Choque - Objeto Fixo;1;;;;;;;;;;1;;;;
20/11/2020;07:19:00;2355;AC03 - Acidente sem VITIMA;92;BR-040/RJ;RJ;Choque - Objeto Fixo;1;;;;;;;;;;1;;;;
20/11/2020;08:42:00;2372;AC03 - Acidente sem VITIMA;93;BR-040/RJ;RJ;Choque - Objeto Fixo;1;;;;;;;;;;1;;;;
20/11/2020;09:03:00;2381;AC03 - Acidente sem VITIMA;78;BR-040/RJ;RJ;Choque - Objeto Fixo;1;;;;;;;;;;1;;;;
20/11/2020;11:05:00;2394;AC03 - Acidente sem VITIMA;94;BR-040/RJ;RJ;Choque - Objeto Fixo;1;;;;;;;;;;1;;;;
20/11/2020;11:13:00;2396;AC02 - Acidente com VITIMA;803;BR-040/MG;RJ;Colisão Traseira;;;;1;;1;;;;;1;;1;;
20/11/2020;12:16:00;2404;AC02 - Acidente com VITIMA;73;BR-040/RJ;JF;Queda de Moto;;;;1;;;;;;;0;;1;;
20/11/2020;14:10:00;2419;AC03 - Acidente sem VITIMA;84;BR-040/RJ;JF;Choque - Objeto Fixo;1;;;;;;;;;;1;;;;
20/11/2020;14:45:00;2424;AC03 - Acidente sem VITIMA;80;BR-040/RJ;RJ;Choque - Objeto Fixo;;;1;;;;;;;;1;;;;
20/11/2020;17:49:00;2446;AC02 - Acidente com VITIMA;84;BR-040/RJ;RJ;Capotamento;1;;;;;;;;;;0;2;;;
20/11/2020;17:55:00;2447;AC03 - Acidente sem VITIMA;81;BR-040/RJ;RJ;Choque - Objeto Fixo;1;;;;;;;;;;1;;;;
20/11/2020;19:33:00;2457;AC03 - Acidente sem VITIMA;779;BR-040/MG;RJ;Colisão Traseira;1;;1;;;;;;;;2;;;;
20/11/2020;19:36:00;2458;AC03 - Acidente sem VITIMA;115;BR-040/RJ;JF;Saída de Pista;1;;;;;;;;;;2;;;;
20/11/2020;22:08:00;2472;AC02 - Acidente com VITIMA;74;BR-040/RJ;JF;Queda de Moto;;;;1;;;;;;;0;;1;;
21/11/2020;02:56:00;2499;AC02 - Acidente com VITIMA;112;BR-040/RJ;JF;Capotamento;1;;;;;;;;;;0;2;;;
21/11/2020;09:47:00;2532;AC02 - Acidente com VITIMA;85;BR-040/RJ;JF;Choque - Objeto Fixo;1;;;;;;;;;;0;2;;;
21/11/2020;16:57:00;2581;AC03 - Acidente sem VITIMA;66;BR-040/RJ;JF;Choque - Objeto Fixo;1;;;;;;;;;;1;;;;
21/11/2020;19:36:00;2600;AC02 - Acidente com VITIMA;57;BR-040/RJ;JF;Saída de Pista;1;;;;;;;;;;0;1;;1;
21/11/2020;21:23:00;2608;AC02 - Acidente com VITIMA;780;BR-040/MG;RJ;Colisão Traseira;2;;;;;;;;;;0;3;;;
21/11/2020;21:33:00;2609;AC03 - Acidente sem VITIMA;66;BR-040/RJ;RJ;Choque - Objeto Fixo;1;;;;;;;;;;1;;;;
22/11/2020;04:15:00;2631;AC02 - Acidente com VITIMA;112;BR-040/RJ;RJ;Colisão Traseira;2;;;;;;;;;;0;1;2;;
22/11/2020;04:57:00;2633;AC03 - Acidente sem VITIMA;97;BR-040/RJ;JF;Choque - Objeto Fixo;1;;;;;;;;;;1;;;;
22/11/2020;05:32:00;2635;AC03 - Acidente sem VITIMA;89;BR-040/RJ;JF;Choque - Objeto Fixo;1;;;;;;;;;;1;;;;
22/11/2020;06:03:00;2638;AC02 - Acidente com VITIMA;78;BR-040/RJ;RJ;Capotamento;1;;;;;;;;;;0;1;;;
22/11/2020;10:56:00;2653;AC02 - Acidente com VITIMA;106;BR-040/RJ;JF;Colisão Traseira;1;;;1;;;;;;;1;1;;;
22/11/2020;11:42:00;2656;AC03 - Acidente sem VITIMA;109;BR-040/RJ;JF;Colisão Traseira;1;;1;;;;;;;;2;;;;
22/11/2020;12:29:00;2660;AC03 - Acidente sem VITIMA;92;BR-040/RJ;RJ;Queda de Moto;;;;1;;;;;;;1;;;;
22/11/2020;16:09:00;2676;AC03 - Acidente sem VITIMA;84;BR-040/RJ;JF;Choque - Objeto Fixo;1;;;;;;;;;;1;;;;
22/11/2020;17:49:00;2689;AC02 - Acidente com VITIMA;51;BR-040/RJ;RJ;Capotamento;1;;;;;;;;;;0;1;;;
22/11/2020;17:56:00;2692;AC03 - Acidente sem VITIMA;796;BR-040/MG;RJ;Saída de Pista;1;;;;;;;;;;1;;;;
22/11/2020;19:34:00;2705;AC03 - Acidente sem VITIMA;96;BR-040/RJ;RJ;Choque - Objeto Fixo;1;;;;;;;;;;1;;;;
22/11/2020;20:20:00;2712;AC03 - Acidente sem VITIMA;28;BR-040/RJ;JF;Colisão Lateral;1;;;;1;;;;;;2;;;;
22/11/2020;21:00:00;2718;AC03 - Acidente sem VITIMA;78;BR-040/RJ;RJ;Choque - Objeto Fixo;1;;;;;;;;;;1;;;;
22/11/2020;21:25:00;2720;AC03 - Acidente sem VITIMA;84;BR-040/RJ;RJ;Choque - Objeto Fixo;1;;;;;;;;;;1;;;;
22/11/2020;22:43:00;2728;AC03 - Acidente sem VITIMA;118;BR-040/RJ;RJ;Colisão Traseira;2;;;;;;;;;;2;;;;
22/11/2020;23:08:00;2730;AC02 - Acidente com VITIMA;75;BR-040/RJ;JF;Capotamento;1;;;;;;;;;;0;1;;;
23/11/2020;06:15:00;2762;AC02 - Acidente com VITIMA;111;BR-040/RJ;RJ;Colisão Lateral;1;;;1;;;;;;;1;;1;;
23/11/2020;16:02:00;2825;AC03 - Acidente sem VITIMA;124;BR-040/RJ;JF;Colisão Lateral;;;3;;;;;;;;3;;;;
23/11/2020;16:04:00;2826;AC02 - Acidente com VITIMA;93;BR-040/RJ;RJ;Choque - Objeto Fixo;1;;;;;;;;;;0;1;;;
23/11/2020;19:18:00;2840;AC02 - Acidente com VITIMA;102;BR-040/RJ;RJ;Colisão Lateral;;;;1;;1;;;;;1;1;;;
24/11/2020;08:56:00;2889;AC03 - Acidente sem VITIMA;83;BR-040/RJ;JF;Colisão Frontal;1;;1;;;;;;;;2;;;;
24/11/2020;11:02:00;2904;AC03 - Acidente sem VITIMA;100;BR-040/RJ;JF;Choque - Objeto Fixo;1;;;;;;;;;;1;;;;
24/11/2020;15:38:00;2932;AC02 - Acidente com VITIMA;101;BR-040/RJ;JF;Colisão Lateral;1;;;1;;;;;;;1;1;;;
24/11/2020;19:34:00;2952;AC02 - Acidente com VITIMA;786;BR-040/MG;JF;Colisão Traseira;1;1;;;;;;;;;1;;1;;
24/11/2020;19:46:00;2953;AC03 - Acidente sem VITIMA;77;BR-040/RJ;RJ;Choque - Objeto Fixo;1;;;;;;;;;;1;;;;
24/11/2020;23:33:00;2970;AC03 - Acidente sem VITIMA;35;BR-040/RJ;RJ;Atropelamento - Animal;1;;;;;;;;;;1;;;;
25/11/2020;06:34:00;2985;AC02 - Acidente com VITIMA;48;BR-040/RJ;JF;Capotamento;1;;;;;;;;;;0;1;;;
25/11/2020;06:50:00;2988;AC03 - Acidente sem VITIMA;120;BR-040/RJ;RJ;Colisão Traseira;2;;;;;;;;;;2;;;;
25/11/2020;07:00:00;2989;AC03 - Acidente sem VITIMA;84;BR-040/RJ;RJ;Choque - Objeto Fixo;1;;;;;;;;;;1;;;;
25/11/2020;13:17:00;3041;AC03 - Acidente sem VITIMA;821;BR-040/MG;JF;Choque - Objeto Fixo;1;;;;;;;;;;1;;;;
25/11/2020;14:44:00;3048;AC02 - Acidente com VITIMA;85;BR-040/RJ;JF;Capotamento;1;;;;;;;;;;0;1;;;
25/11/2020;14:57:00;3049;AC03 - Acidente sem VITIMA;117;BR-040/RJ;JF;Colisão Lateral;1;;;;;1;;;;;2;;;;
25/11/2020;15:22:00;3054;AC02 - Acidente com VITIMA;84;BR-040/RJ;RJ;Queda de Moto;;;;1;;;;;;;0;;1;;
25/11/2020;15:22:00;3064;AC02 - Acidente com VITIMA;84;BR-040/RJ;RJ;Choque - Objeto Fixo;1;;;;;;;;;;0;2;;;
25/11/2020;17:26:00;3079;AC03 - Acidente sem VITIMA;111;BR-040/RJ;JF;Colisão Traseira;1;;;;;1;;;;;2;;;;
25/11/2020;19:50:00;3097;AC03 - Acidente sem VITIMA;109;BR-040/RJ;JF;Engavetamento;3;;;;;;;;;;3;;;;
26/11/2020;06:40:00;3138;AC03 - Acidente sem VITIMA;60;BR-040/RJ;JF;Choque - Objeto Fixo;1;;;;;;;;;;1;;;;
26/11/2020;09:11:00;3160;AC03 - Acidente sem VITIMA;787;BR-040/MG;JF;Choque - Objeto Fixo;1;;;;;;;;;;1;;;;
26/11/2020;14:45:00;3208;AC03 - Acidente sem VITIMA;37;BR-040/RJ;JF;Choque - Objeto Fixo;1;;;;;;;;;;1;;;;
26/11/2020;17:35:00;3231;AC02 - Acidente com VITIMA;72;BR-040/RJ;RJ;Capotamento;1;;;;;;;;;;0;2;;;
26/11/2020;18:27:00;3234;AC02 - Acidente com VITIMA;84;BR-040/RJ;RJ;Tombamento;1;;1;;;;;;;;0;3;3;;
26/11/2020;18:18:00;3238;AC03 - Acidente sem VITIMA;123;BR-040/RJ;JF;Engavetamento;2;;1;;;;;;;;3;;;;
27/11/2020;00:59:00;3264;AC03 - Acidente sem VITIMA;98;BR-040/RJ;RJ;Derrapagem;1;;;;;;;;;;1;;;;
27/11/2020;06:52:00;3284;AC03 - Acidente sem VITIMA;795;BR-040/MG;JF;Choque - Objeto Fixo;1;;;;;;;;;;1;;;;
27/11/2020;07:58:00;3290;AC03 - Acidente sem VITIMA;120;BR-040/RJ;RJ;Engavetamento;2;;1;;;;;;;;3;;;;
27/11/2020;10:13:00;3304;AC02 - Acidente com VITIMA;118;BR-040/RJ;RJ;Colisão Lateral;1;;1;;;;;;;;1;1;;;
27/11/2020;10:14:00;3305;AC03 - Acidente sem VITIMA;76;BR-040/RJ;RJ;Choque - Objeto Fixo;1;;;;;;;;;;1;;;;
27/11/2020;10:41:00;3307;AC02 - Acidente com VITIMA;124;BR-040/RJ;JF;Engavetamento;2;;1;;;;;;;;2;7;;;
27/11/2020;12:20:00;3319;AC02 - Acidente com VITIMA;71;BR-040/RJ;RJ;Colisão Lateral;1;;;1;;;;;;;0;3;;;
27/11/2020;12:39:00;3321;AC03 - Acidente sem VITIMA;118;BR-040/RJ;JF;Choque - Objeto Fixo;1;;;;;;;;;;1;;;;
27/11/2020;15:21:00;3344;AC03 - Acidente sem VITIMA;82;BR-040/RJ;RJ;Colisão Lateral;1;;1;;;;;;;;2;;;;
27/11/2020;15:47:00;3348;AC02 - Acidente com VITIMA;10;BR-040/RJ;RJ;Capotamento;1;;;;;;;;;;0;;1;;
27/11/2020;16:06:00;3351;AC02 - Acidente com VITIMA;105;BR-040/RJ;JF;Colisão Traseira;1;;;1;;;;;;;1;;1;;
28/11/2020;01:55:00;3408;AC02 - Acidente com VITIMA;84;BR-040/RJ;RJ;Capotamento;1;;;;;;;;;;0;3;;;
28/11/2020;03:46:00;3414;AC03 - Acidente sem VITIMA;33;BR-040/RJ;JF;Choque - Objeto Fixo;1;;;;;;;;;;1;;;;
28/11/2020;07:44:00;3419;AC04 - Atropelamento;105;BR-040/RJ;JF;Atropelamento - Pedestre;1;;;;;1;;;;;1;1;;;
28/11/2020;08:38:00;3425;AC03 - Acidente sem VITIMA;78;BR-040/RJ;RJ;Colisão Traseira;1;;;;1;;;;;;2;;;;
28/11/2020;11:01:00;3439;AC03 - Acidente sem VITIMA;120;BR-040/RJ;JF;Engavetamento;3;;;;;;;;;;3;;;;
28/11/2020;11:15:00;3441;AC03 - Acidente sem VITIMA;114;BR-040/RJ;JF;Capotamento;1;;1;;;;;;;;2;;;;
28/11/2020;12:33:00;3451;AC03 - Acidente sem VITIMA;45;BR-040/RJ;RJ;Colisão Traseira;;;2;;;;;;;;2;;;;
28/11/2020;15:15:00;3466;AC02 - Acidente com VITIMA;63;BR-040/RJ;JF;Queda de Moto;;;;1;;;;;;;0;1;;;
28/11/2020;16:26:00;3473;AC03 - Acidente sem VITIMA;62;BR-040/RJ;JF;Colisão Traseira;1;;;1;;;;;;;3;;;;
28/11/2020;19:13:00;3495;AC02 - Acidente com VITIMA;124;BR-040/RJ;JF;Engavetamento;2;;;;;1;;;;;2;1;;;
29/11/2020;01:22:00;3520;AC02 - Acidente com VITIMA;113;BR-040/RJ;RJ;Capotamento;1;;;;;;;;;;0;1;;;
29/11/2020;02:06:00;3522;AC02 - Acidente com VITIMA;807;BR-040/MG;JF;Queda de Moto;;;;1;;;;;;;0;1;;;
29/11/2020;02:19:00;3525;AC03 - Acidente sem VITIMA;808;BR-040/MG;JF;Atropelamento - Animal;;;1;;;;;;;;1;;;;
29/11/2020;03:50:00;3529;AC02 - Acidente com VITIMA;84;BR-040/RJ;RJ;Colisão Lateral;;;;2;;;;;;;2;2;1;;
29/11/2020;05:23:00;3532;AC03 - Acidente sem VITIMA;90;BR-040/RJ;RJ;Colisão Traseira;2;;;;;;;;;;2;;;;
29/11/2020;10:08:00;3553;AC03 - Acidente sem VITIMA;123;BR-040/RJ;RJ;Colisão Traseira;1;;;;;1;;;;;2;;;;
29/11/2020;14:58:00;3588;AC02 - Acidente com VITIMA;84;BR-040/RJ;RJ;Queda de Moto;;;;1;;;;;;;0;2;;;
29/11/2020;17:40:00;3613;AC02 - Acidente com VITIMA;77;BR-040/RJ;JF;Colisão Traseira;2;;;;;;;;;;0;5;;;
29/11/2020;21:12:00;3630;AC02 - Acidente com VITIMA;77;BR-040/RJ;JF;Colisão Lateral;1;;;;1;;;;;;1;;2;;
30/11/2020;06:39:00;3662;AC03 - Acidente sem VITIMA;120;BR-040/RJ;RJ;Colisão Traseira;2;;;;;;;;;;2;;;;
30/11/2020;07:05:00;3666;AC02 - Acidente com VITIMA;122;BR-040/RJ;RJ;Colisão Traseira;1;;;1;;;;;;;1;1;;;
30/11/2020;10:20:00;3686;AC03 - Acidente sem VITIMA;105;BR-040/RJ;RJ;Engavetamento;4;;;;;;;;;;4;;;;
30/11/2020;10:45:00;3692;AC02 - Acidente com VITIMA;111;BR-040/RJ;RJ;Engavetamento;2;;2;;;;;;;;3;1;;;
30/11/2020;17:38:00;3732;AC02 - Acidente com VITIMA;795;BR-040/MG;RJ;Colisão Traseira;;;1;1;;;;;;;1;;;1;
30/11/2020;19:47:00;3745;AC03 - Acidente sem VITIMA;124;BR-040/RJ;RJ;Choque - Objeto Fixo;1;;;;;;;;;;1;;;;
30/11/2020;20:38:00;3751;AC02 - Acidente com VITIMA;115;BR-040/RJ;RJ;Queda de Moto;;;;1;;;;;;;0;1;;;
30/11/2020;22:58:00;3761;AC03 - Acidente sem VITIMA;87;BR-040/RJ;RJ;Capotamento;1;;;;;;;;;;1;;;;
01/12/2020;07:44:00;18;AC03 - Acidente sem VITIMA;87;BR-040/RJ;RJ;Choque - Objeto Fixo;1;;;;;;;;;;1;;;;
01/12/2020;09:12:00;29;AC03 - Acidente sem VITIMA;84;BR-040/RJ;JF;Choque - Objeto Fixo;1;;;;;;;;;;1;;;;
01/12/2020;15:09:00;77;AC03 - Acidente sem VITIMA;68;BR-040/RJ;JF;Choque - Objeto Fixo;1;;;;;;;;;;1;;;;
01/12/2020;15:43:00;79;AC03 - Acidente sem VITIMA;105;BR-040/RJ;JF;Colisão Lateral;1;;1;;;;;;;;2;;;;
01/12/2020;17:30:00;95;AC02 - Acidente com VITIMA;105;BR-040/RJ;JF;Colisão Frontal;1;;;1;;;;;;;1;1;;;
01/12/2020;19:26:00;103;AC02 - Acidente com VITIMA;119;BR-040/RJ;JF;Engavetamento;4;;;;;;;;;;3;4;;;
01/12/2020;19:51:00;105;AC03 - Acidente sem VITIMA;118;BR-040/RJ;JF;Choque - Objeto Fixo;1;;;;;;;;;;1;;;;
01/12/2020;21:40:00;114;AC03 - Acidente sem VITIMA;91;BR-040/RJ;JF;Choque - Objeto Fixo;1;;;;;;;;;;1;;;;
02/12/2020;00:23:00;123;AC03 - Acidente sem VITIMA;813;BR-040/MG;JF;Colisão Traseira;;;2;;;;;;;;2;;;;
02/12/2020;07:22:00;144;AC03 - Acidente sem VITIMA;110;BR-040/RJ;RJ;Colisão Traseira;2;;;;;;;;;;2;;;;
02/12/2020;08:56:00;158;AC02 - Acidente com VITIMA;795;BR-040/MG;RJ;Choque - Objeto Fixo;1;;;;;;;;;;0;2;;;
02/12/2020;10:39:00;171;AC03 - Acidente sem VITIMA;123;BR-040/RJ;JF;Colisão Lateral;1;;1;;;;;;;;2;;;;
02/12/2020;14:19:00;191;AC03 - Acidente sem VITIMA;799;BR-040/MG;JF;Choque - Objeto Fixo;1;;;;;;;;;;1;;;;
02/12/2020;15:34:00;199;AC03 - Acidente sem VITIMA;793;BR-040/MG;RJ;Choque - Objeto Fixo;1;;;;;;;;;;1;;;;
02/12/2020;16:00:00;202;AC03 - Acidente sem VITIMA;120;BR-040/RJ;JF;Choque - Objeto Fixo;;;1;;;;;;;;1;;;;
02/12/2020;17:07:00;214;AC02 - Acidente com VITIMA;94;BR-040/RJ;RJ;Capotamento;1;;;;;;;;;;0;2;2;;
02/12/2020;18:42:00;221;AC02 - Acidente com VITIMA;84;BR-040/RJ;JF;Capotamento;1;;;;;;;;;;0;2;;;
02/12/2020;19:16:00;225;AC02 - Acidente com VITIMA;107;BR-040/RJ;JF;Colisão Lateral;1;;;1;;;;;;;1;1;;;
03/12/2020;07:51:00;276;AC03 - Acidente sem VITIMA;70;BR-040/RJ;RJ;Colisão Lateral;1;;1;;;;;;;;2;;;;
03/12/2020;16:42:00;350;AC02 - Acidente com VITIMA;96;BR-040/RJ;RJ;Choque - Objeto Fixo;;;1;;;;;;;;0;2;;;
03/12/2020;17:14:00;356;AC03 - Acidente sem VITIMA;93;BR-040/RJ;RJ;Choque - Objeto Fixo;1;;;;;;;;;;1;;;;
03/12/2020;17:44:00;359;AC03 - Acidente sem VITIMA;91;BR-040/RJ;RJ;Choque - Objeto Fixo;1;;;;;;;;;;1;;;;
03/12/2020;19:28:00;375;AC03 - Acidente sem VITIMA;83;BR-040/RJ;RJ;Derrapagem;;;1;;;;;;;;1;;;;
03/12/2020;19:46:00;377;AC02 - Acidente com VITIMA;113;BR-040/RJ;RJ;Colisão Lateral;;;1;1;;;;;;;1;2;;;
03/12/2020;20:28:00;380;AC02 - Acidente com VITIMA;115;BR-040/RJ;RJ;Capotamento;1;;;;;;;;;;0;;1;;
03/12/2020;21:00:00;382;AC03 - Acidente sem VITIMA;29;BR-040/RJ;JF;Atropelamento - Animal;1;;;;;;;;;;1;;;;
04/12/2020;08:49:00;431;AC03 - Acidente sem VITIMA;123;BR-040/RJ;JF;Engavetamento;3;;;;;;;;;;3;;;;
04/12/2020;13:33:00;470;AC02 - Acidente com VITIMA;782;BR-040/MG;JF;Saída de Pista;1;;;;;;;;;;0;1;;;
04/12/2020;15:23:00;483;AC03 - Acidente sem VITIMA;37;BR-040/RJ;JF;Choque - Objeto Fixo;1;;;;;;;;;;1;;;;
04/12/2020;15:41:00;484;AC03 - Acidente sem VITIMA;93;BR-040/RJ;JF;Choque - Objeto Fixo;2;;;;;;;;;;2;;;;
04/12/2020;16:10:00;486;AC03 - Acidente sem VITIMA;105;BR-040/RJ;JF;Colisão Traseira;1;;1;;;;;;;;2;;;;
04/12/2020;16:37:00;490;AC03 - Acidente sem VITIMA;13;BR-040/RJ;RJ;Choque - Objeto Fixo;;;1;;;;;;;;1;;;;
04/12/2020;17:43:00;495;AC03 - Acidente sem VITIMA;5;BR-040/RJ;JF;Choque - Objeto Fixo;1;;;;;;;;;;1;;;;
04/12/2020;19:25:00;505;AC03 - Acidente sem VITIMA;111;BR-040/RJ;RJ;Colisão Traseira;2;;;;;;;;;;2;;;;
04/12/2020;21:06:00;514;AC03 - Acidente sem VITIMA;800;BR-040/MG;JF;Choque - Objeto Fixo;1;;;;;;;;;;1;;;;