data;horario;n_da_ocorrencia;tipo_de_ocorrencia;km;trecho;sentido;tipo_de_acidente;automovel;bicicleta;caminhao;moto;onibus;outros;tracao_animal;transporte_de_cargas_especiais;trator_maquinas;utilitarios;ilesos;levemente_feridos;moderadamente_feridos;gravemente_feridos;mortos
04/12/2020;21:11:00;515;AC04 - Atropelamento;78;BR-040/RJ;JF;Atropelamento - Pedestre;;;;;;2;;;;;1;;1;;
05/12/2020;00:11:00;530;AC02 - Acidente com VITIMA;104;BR-040/RJ;JF;Colisão Lateral;;1;;;;1;;;;;1;1;;;
05/12/2020;12:28:00;577;AC03 - Acidente sem VITIMA;123;BR-040/RJ;RJ;Colisão Lateral;1;;1;;;;;;;;2;;;;
05/12/2020;13:15:00;586;AC03 - Acidente sem VITIMA;85;BR-040/RJ;JF;Choque - Objeto Fixo;1;;;;;;;;;;1;;;;
05/12/2020;13:27:00;591;AC02 - Acidente com VITIMA;97;BR-040/RJ;RJ;Choque - Objeto Fixo;1;;;;;;;;;;0;2;;;
05/12/2020;13:38:00;594;AC03 - Acidente sem VITIMA;92;BR-040/RJ;RJ;Choque - Objeto Fixo;1;;;;;;;;;;1;;;;
05/12/2020;13:49:00;597;AC03 - Acidente sem VITIMA;91;BR-040/RJ;RJ;Choque - Objeto Fixo;1;;;;;;;;;;1;;;;
05/12/2020;14:50:00;601;AC03 - Acidente sem VITIMA;97;BR-040/RJ;RJ;Colisão Lateral;1;;1;;;;;;;;2;;;;
05/12/2020;15:11:00;603;AC03 - Acidente sem VITIMA;93;BR-040/RJ;RJ;Choque - Objeto Fixo;1;;;;;;;;;;1;;;;
05/12/2020;15:55:00;606;AC03 - Acidente sem VITIMA;79;BR-040/RJ;RJ;Choque - Objeto Fixo;1;;;;;;;;;;1;;;;
05/12/2020;16:10:00;608;AC03 - Acidente sem VITIMA;97;BR-040/RJ;RJ;Choque - Objeto Fixo;;;1;;;;;;;;1;;;;
05/12/2020;16:19:00;610;AC03 - Acidente sem VITIMA;82;BR-040/RJ;RJ;Choque - Objeto Fixo;1;;;;;;;;;;1;;;;
05/12/2020;16:46:00;613;AC02 - Acidente com VITIMA;99;BR-040/RJ;RJ;Colisão Transversal;2;;;;;;;;;;0;2;;;
05/12/2020;16:57:00;614;AC02 - Acidente com VITIMA;96;BR-040/RJ;JF;Tombamento;;;1;;;1;;;;;1;2;;;
05/12/2020;17:47:00;616;AC03 - Acidente sem VITIMA;92;BR-040/RJ;RJ;Choque - Objeto Fixo;1;;;;;;;;;;1;;;;
05/12/2020;18:24:00;627;AC02 - Acidente com VITIMA;107;BR-040/RJ;RJ;Atropelamento - Animal;;;;1;;;;;;;0;1;;;
05/12/2020;19:57:00;633;AC03 - Acidente sem VITIMA;72;BR-040/RJ;JF;Choque - Objeto Fixo;1;;;;;;;;;;1;;;;
05/12/2020;20:20:00;638;AC03 - Acidente sem VITIMA;80;BR-040/RJ;RJ;Colisão Traseira;2;;;;;;;;;;2;;;;
05/12/2020;21:59:00;642;AC02 - Acidente com VITIMA;112;BR-040/RJ;JF;Capotamento;1;;;;;;;;;;0;1;;;
06/12/2020;01:26:00;656;AC03 - Acidente sem VITIMA;84;BR-040/RJ;RJ;Choque - Objeto Fixo;1;;;;;;;;;;1;;;;
06/12/2020;01:57:00;657;AC02 - Acidente com VITIMA;120;BR-040/RJ;JF;Choque - Objeto Fixo;1;;;;;;;;;;0;;;1;
06/12/2020;04:15:00;662;AC01 - Acidente com VITIMA FATAL;67;BR-040/RJ;JF;Capotamento;1;;;;;;;;;;0;;1;;1
06/12/2020;04:58:00;663;AC03 - Acidente sem VITIMA;74;BR-040/RJ;RJ;Tombamento;1;;;;;;;;;;1;;;;
06/12/2020;05:10:00;664;AC03 - Acidente sem VITIMA;115;BR-040/RJ;JF;Choque - Objeto Fixo;1;;;;;;;;;;1;;;;
06/12/2020;05:49:00;666;AC02 - Acidente com VITIMA;62;BR-040/RJ;RJ;Capotamento;1;;;;;;;;;;0;2;;;
06/12/2020;06:35:00;668;AC02 - Acidente com VITIMA;809;BR-040/MG;JF;Choque - Objeto Fixo;1;;;;;;;;;;0;2;;;
06/12/2020;07:22:00;674;AC03 - Acidente sem VITIMA;72;BR-040/RJ;JF;Choque - Objeto Fixo;1;;;;;;;;;;1;;;;
06/12/2020;09:02:00;684;AC03 - Acidente sem VITIMA;117;BR-040/RJ;RJ;Choque - Objeto Fixo;1;;;;;;;;;;1;;;;
06/12/2020;09:34:00;687;AC03 - Acidente sem VITIMA;1;BR-040/RJ;JF;Choque - Objeto Fixo;1;;;;;;;;;;1;;;;
06/12/2020;11:03:00;698;AC03 - Acidente sem VITIMA;87;BR-040/RJ;RJ;Derrapagem;1;;;;;;;;;;1;;;;
06/12/2020;11:16:00;701;AC02 - Acidente com VITIMA;92;BR-040/RJ;RJ;Saída de Pista;1;;;;;;;;;;0;2;;;
06/12/2020;11:24:00;703;AC03 - Acidente sem VITIMA;91;BR-040/RJ;JF;Choque - Objeto Fixo;1;;;;;;;;;;1;;;;
06/12/2020;12:29:00;708;AC03 - Acidente sem VITIMA;90;BR-040/RJ;RJ;Derrapagem;1;;;;;;;;;;1;;;;
06/12/2020;12:44:00;710;AC03 - Acidente sem VITIMA;60;BR-040/RJ;JF;Choque - Objeto Fixo;1;;;;;;;;;;1;;;;
06/12/2020;12:59:00;712;AC03 - Acidente sem VITIMA;90;BR-040/RJ;JF;Choque - Objeto Fixo;1;;;;;;;;;;1;;;;
06/12/2020;13:07:00;714;AC03 - Acidente sem VITIMA;82;BR-040/RJ;RJ;Colisão Lateral;2;;;;;;;;;;2;;;;
06/12/2020;12:35:00;715;AC03 - Acidente sem VITIMA;90;BR-040/RJ;RJ;Choque - Objeto Fixo;1;;;;;;;;;;1;;;;
06/12/2020;13:23:00;718;AC03 - Acidente sem VITIMA;93;BR-040/RJ;RJ;Choque - Objeto Fixo;1;;;;;;;;;;1;;;;
06/12/2020;14:01:00;720;AC03 - Acidente sem VITIMA;84;BR-040/RJ;RJ;Choque - Objeto Fixo;1;;;;;;;;;;1;;;;
06/12/2020;14:42:00;727;AC03 - Acidente sem VITIMA;93;BR-040/RJ;JF;Choque - Objeto Fixo;1;;;;;;;;;;1;;;;
06/12/2020;14:49:00;728;AC02 - Acidente com VITIMA;72;BR-040/RJ;JF;Choque - Objeto Fixo;1;;;;;;;;;;0;1;;;
06/12/2020;14:52:00;730;AC03 - Acidente sem VITIMA;90;BR-040/RJ;JF;Colisão Lateral;1;;;;1;;;;;;2;;;;
06/12/2020;15:54:00;736;AC03 - Acidente sem VITIMA;95;BR-040/RJ;JF;Tombamento;1;;;;;;;;;;1;;;;
06/12/2020;17:28:00;749;AC02 - Acidente com VITIMA;2;BR-040/RJ;JF;Capotamento;1;;;;;;;;;;0;1;;;
06/12/2020;17:45:00;751;AC02 - Acidente com VITIMA;91;BR-040/RJ;RJ;Capotamento;1;;;;;;;;;;0;8;;;
06/12/2020;17:50:00;752;AC03 - Acidente sem VITIMA;9;BR-040/RJ;RJ;Choque - Objeto Fixo;1;;;;;;;;;;1;;;;
06/12/2020;17:55:00;754;AC03 - Acidente sem VITIMA;776;BR-040/MG;RJ;Choque - Objeto Fixo;1;;;;;;;;;;1;;;;
06/12/2020;18:10:00;755;AC03 - Acidente sem VITIMA;82;BR-040/RJ;RJ;Colisão Traseira;2;;;;;;;;;;2;;;;
06/12/2020;18:28:00;757;AC03 - Acidente sem VITIMA;91;BR-040/RJ;RJ;Choque - Objeto Fixo;1;;;;;;;;;;1;;;;
06/12/2020;18:41:00;759;AC03 - Acidente sem VITIMA;93;BR-040/RJ;RJ;Capotamento;1;;;;;;;;;;1;;;;
06/12/2020;18:45:00;764;AC03 - Acidente sem VITIMA;775;BR-040/MG;RJ;Colisão Traseira;2;;;;;;;;;;2;;;;
06/12/2020;21:05:00;771;AC03 - Acidente sem VITIMA;96;BR-040/RJ;RJ;Choque - Objeto Fixo;1;;;;;;;;;;1;;;;
06/12/2020;22:03:00;774;AC03 - Acidente sem VITIMA;89;BR-040/RJ;JF;Saída de Pista;1;;;;;;;;;;1;;;;
06/12/2020;22:17:00;775;AC02 - Acidente com VITIMA;114;BR-040/RJ;RJ;Choque - Objeto Fixo;1;;;;;;;;;;0;3;;;
06/12/2020;22:37:00;779;AC03 - Acidente sem VITIMA;819;BR-040/MG;JF;Saída de Pista;;;1;;;;;;;;1;;;;
07/12/2020;00:30:00;782;AC03 - Acidente sem VITIMA;80;BR-040/RJ;RJ;Saída de Pista;1;;;;;;;;;;1;;;;
07/12/2020;01:01:00;786;AC02 - Acidente com VITIMA;43;BR-040/RJ;JF;Saída de Pista;1;;;;;;;;;;0;1;;;
07/12/2020;02:16:00;789;AC03 - Acidente sem VITIMA;810;BR-040/MG;RJ;Saída de Pista;1;;;;;;;;;;1;;;;
07/12/2020;03:25:00;793;AC03 - Acidente sem VITIMA;113;BR-040/RJ;RJ;Capotamento;1;;;;;;;;;;1;;;;
07/12/2020;08:01:00;808;AC03 - Acidente sem VITIMA;85;BR-040/RJ;JF;Choque - Objeto Fixo;1;;;;;;;;;;1;;;;
07/12/2020;08:17:00;810;AC03 - Acidente sem VITIMA;47;BR-040/RJ;JF;Choque - Objeto Fixo;1;;;;;;;;;;1;;;;
07/12/2020;08:37:00;815;AC03 - Acidente sem VITIMA;78;BR-040/RJ;RJ;Choque - Objeto Fixo;1;;;;;;;;;;1;;;;
07/12/2020;08:52:00;817;AC03 - Acidente sem VITIMA;91;BR-040/RJ;JF;Choque - Objeto Fixo;1;;;;;;;;;;1;;;;
07/12/2020;09:10:00;818;AC02 - Acidente com VITIMA;75;BR-040/RJ;RJ;Choque - Objeto Fixo;1;;;;;;;;;;0;1;;;
07/12/2020;10:17:00;822;AC03 - Acidente sem VITIMA;92;BR-040/RJ;RJ;Choque - Objeto Fixo;1;;;;;;;;;;1;;;;
07/12/2020;11:18:00;831;AC03 - Acidente sem VITIMA;77;BR-040/RJ;RJ;Choque - Objeto Fixo;1;;;;;;;;;;1;;;;
07/12/2020;12:47:00;838;AC03 - Acidente sem VITIMA;798;BR-040/MG;RJ;Colisão Lateral;1;;1;;;;;;;;2;;;;
07/12/2020;13:26:00;843;AC03 - Acidente sem VITIMA;90;BR-040/RJ;RJ;Choque - Objeto Fixo;1;;;;;;;;;;1;;;;
07/12/2020;13:52:00;845;AC02 - Acidente com VITIMA;78;BR-040/RJ;RJ;Choque - Objeto Fixo;1;;;;;;;;;;0;2;;;
07/12/2020;14:04:00;846;AC02 - Acidente com VITIMA;827;BR-040/MG;RJ;Capotamento;1;;;;;;;;;;0;3;;;
07/12/2020;14:23:00;849;AC03 - Acidente sem VITIMA;94;BR-040/RJ;RJ;Choque - Objeto Fixo;1;;;;;;;;;;1;;;;
07/12/2020;14:29:00;851;AC02 - Acidente com VITIMA;34;BR-040/RJ;JF;Choque - Objeto Fixo;1;;;;;;;;;;0;1;;;
07/12/2020;15:09:00;856;AC02 - Acidente com VITIMA;806;BR-040/MG;RJ;Choque - Objeto Fixo;;;1;;;;;;;;0;1;;;
07/12/2020;16:58:00;863;AC03 - Acidente sem VITIMA;92;BR-040/RJ;RJ;Choque - Objeto Fixo;1;;;;;;;;;;1;;;;
07/12/2020;17:29:00;867;AC02 - Acidente com VITIMA;75;BR-040/RJ;RJ;Capotamento;1;;;;;;;;;;0;1;;;
07/12/2020;17:49:00;870;AC03 - Acidente sem VITIMA;45;BR-040/RJ;JF;Colisão Lateral;1;;1;;;;;;;;2;;;;
07/12/2020;17:54:00;872;AC02 - Acidente com VITIMA;824;BR-040/MG;JF;Saída de Pista;1;;;;;;;;;;0;2;;;
07/12/2020;18:02:00;874;AC03 - Acidente sem VITIMA;107;BR-040/RJ;JF;Colisão Traseira;1;;1;;;;;;;;2;;;;
07/12/2020;19:58:00;880;AC03 - Acidente sem VITIMA;34;BR-040/RJ;RJ;Choque - Objeto Fixo;1;;;;;;;;;;1;;;;
07/12/2020;20:06:00;881;AC03 - Acidente sem VITIMA;93;BR-040/RJ;RJ;Choque - Objeto Fixo;1;;;;;;;;;;1;;;;
07/12/2020;22:04:00;890;AC03 - Acidente sem VITIMA;82;BR-040/RJ;RJ;Choque - Objeto Fixo;1;;;;;;;;;;1;;;;
08/12/2020;02:45:00;901;AC03 - Acidente sem VITIMA;799;BR-040/MG;JF;Choque - Objeto Fixo;1;;;;;;;;;;1;;;;
08/12/2020;03:57:00;903;AC02 - Acidente com VITIMA;114;BR-040/RJ;RJ;Colisão Traseira;1;;;1;;;;;;;1;1;;;
08/12/2020;05:55:00;910;AC03 - Acidente sem VITIMA;113;BR-040/RJ;JF;Choque - Objeto Fixo;1;;;;;;;;;;1;;;;
08/12/2020;07:01:00;913;AC03 - Acidente sem VITIMA;97;BR-040/RJ;JF;Choque - Objeto Fixo;1;;;;;;;;;;1;;;;
08/12/2020;07:32:00;916;AC03 - Acidente sem VITIMA;84;BR-040/RJ;RJ;Choque - Objeto Fixo;1;;;;;;;;;;1;;;;
08/12/2020;09:38:00;932;AC02 - Acidente com VITIMA;801;BR-040/MG;JF;Choque - Objeto Fixo;1;;;;;;;;;;0;1;;;
08/12/2020;09:57:00;936;AC03 - Acidente sem VITIMA;84;BR-040/RJ;JF;Choque - Objeto Fixo;1;;;;;;;;;;1;;;;
08/12/2020;11:00:00;942;AC02 - Acidente com VITIMA;87;BR-040/RJ;JF;Queda de Moto;;;;1;;;;;;;0;1;;;
08/12/2020;12:12:00;947;AC03 - Acidente sem VITIMA;110;BR-040/RJ;RJ;Colisão Traseira;2;;;;;;;;;;2;;;;
08/12/2020;12:16:00;949;AC03 - Acidente sem VITIMA;114;BR-040/RJ;RJ;Colisão Lateral;;;;1;1;;;;;;2;;;;
08/12/2020;13:47:00;961;AC03 - Acidente sem VITIMA;90;BR-040/RJ;RJ;Saída de Pista;1;;;;;;;;;;1;;;;
08/12/2020;13:59:00;964;AC03 - Acidente sem VITIMA;91;BR-040/RJ;RJ;Saída de Pista;1;;;;;;;;;;4;;;;
08/12/2020;14:01:00;965;AC02 - Acidente com VITIMA;85;BR-040/RJ;RJ;Choque - Objeto Fixo;1;;;;;;;;;;0;1;;;
08/12/2020;16:02:00;975;AC03 - Acidente sem VITIMA;113;BR-040/RJ;RJ;Engavetamento;3;;;;;;;;;;3;;;;
08/12/2020;16:27:00;979;AC02 - Acidente com VITIMA;122;BR-040/RJ;JF;Colisão Traseira;2;;;;;;;;;;0;2;;;
08/12/2020;20:32:00;1004;AC03 - Acidente sem VITIMA;123;BR-040/RJ;RJ;Saída de Pista;1;;;;;;;;;;1;;;;
09/12/2020;01:46:00;1017;AC03 - Acidente sem VITIMA;77;BR-040/RJ;RJ;Choque - Objeto Fixo;1;;;;;;;;;;1;;;;
09/12/2020;05:55:00;1026;AC02 - Acidente com VITIMA;105;BR-040/RJ;RJ;Colisão Lateral;1;;;1;;;;;;;1;1;1;;
09/12/2020;08:26:00;1045;AC03 - Acidente sem VITIMA;84;BR-040/RJ;JF;Choque - Objeto Fixo;1;;;;;;;;;;1;;;;
09/12/2020;10:28:00;1061;AC03 - Acidente sem VITIMA;60;BR-040/RJ;JF;Choque - Objeto Fixo;1;;;;;;;;;;1;;;;
09/12/2020;10:40:00;1064;AC03 - Acidente sem VITIMA;60;BR-040/RJ;JF;Choque - Objeto Fixo;1;;;;;;;;;;1;;;;
09/12/2020;11:04:00;1065;AC02 - Acidente com VITIMA;99;BR-040/RJ;JF;Tombamento;;;1;;;1;;;;;1;1;;;
09/12/2020;14:01:00;1077;AC03 - Acidente sem VITIMA;90;BR-040/RJ;RJ;Saída de Pista;1;;;;;;;;;;1;;;;
09/12/2020;16:08:00;1093;AC03 - Acidente sem VITIMA;91;BR-040/RJ;JF;Choque - Objeto Fixo;1;;;;;;;;;;1;;;;
09/12/2020;18:22:00;1106;AC03 - Acidente sem VITIMA;38;BR-040/RJ;JF;Choque - Objeto Fixo;1;;;;;;;;;;1;;;;
09/12/2020;19:07:00;1114;AC02 - Acidente com VITIMA;91;BR-040/RJ;RJ;Saída de Pista;1;;;;;;;;;;0;3;;;
09/12/2020;18:35:00;1116;AC03 - Acidente sem VITIMA;99;BR-040/RJ;JF;Colisão Lateral;1;;1;;;;;;;;2;;;;
09/12/2020;20:51:00;1123;AC02 - Acidente com VITIMA;117;BR-040/RJ;RJ;Colisão Lateral;;1;;;;1;;;;;1;;1;;
10/12/2020;00:42:00;1137;AC03 - Acidente sem VITIMA;105;BR-040/RJ;RJ;Choque - Objeto Fixo;1;;;;;;;;;;1;;;;
10/12/2020;06:53:00;1152;AC03 - Acidente sem VITIMA;114;BR-040/RJ;RJ;Colisão Traseira;2;;;;;;;;;;2;;;;
10/12/2020;11:26:00;1196;AC03 - Acidente sem VITIMA;90;BR-040/RJ;RJ;Choque - Objeto Fixo;1;;;;;;;;;;1;;;;
10/12/2020;11:57:00;1200;AC03 - Acidente sem VITIMA;94;BR-040/RJ;RJ;Capotamento;1;;;;;;;;;;1;;;;
10/12/2020;14:41:00;1217;AC03 - Acidente sem VITIMA;98;BR-040/RJ;RJ;Choque - Objeto Fixo;1;;;;;;;;;;1;;;;
10/12/2020;15:08:00;1219;AC03 - Acidente sem VITIMA;120;BR-040/RJ;JF;Colisão Lateral;1;;;;;1;;;;;2;;;;
11/12/2020;12:08:00;1307;AC03 - Acidente sem VITIMA;76;BR-040/RJ;RJ;Colisão Traseira;2;;;;;;;;;;2;;;;
11/12/2020;14:04:00;1316;AC02 - Acidente com VITIMA;87;BR-040/RJ;RJ;Choque - Objeto Fixo;;;1;;;;;;;;0;3;;;
11/12/2020;15:23:00;1324;AC03 - Acidente sem VITIMA;95;BR-040/RJ;JF;Choque - Objeto Fixo;1;;;;;1;;;;;2;;;;
11/12/2020;15:30:00;1325;AC03 - Acidente sem VITIMA;110;BR-040/RJ;JF;Colisão Traseira;2;;;;;;;;;;2;;;;
11/12/2020;18:19:00;1353;AC03 - Acidente sem VITIMA;95;BR-040/RJ;RJ;Choque - Objeto Fixo;1;;;;;;;;;;1;;;;
11/12/2020;19:24:00;1357;AC02 - Acidente com VITIMA;85;BR-040/RJ;JF;Choque - Objeto Fixo;1;;;;;;;;;;0;3;;;
11/12/2020;20:54:00;1371;AC03 - Acidente sem VITIMA;121;BR-040/RJ;RJ;Choque - Objeto Fixo;1;;;;;;;;;;1;;;;
11/12/2020;23:02:00;1381;AC03 - Acidente sem VITIMA;120;BR-040/RJ;JF;Colisão Traseira;1;;;;;1;;;;;2;;;;
12/12/2020;03:47:00;1390;AC03 - Acidente sem VITIMA;109;BR-040/RJ;JF;Colisão Traseira;1;;1;;;;;;;;2;;;;
12/12/2020;04:48:00;1394;AC03 - Acidente sem VITIMA;117;BR-040/RJ;JF;Capotamento;1;;;;;;;;;;1;;;;
12/12/2020;11:09:00;1434;AC03 - Acidente sem VITIMA;105;BR-040/RJ;JF;Colisão Lateral;1;;1;;;;;;;;2;;;;
12/12/2020;12:16:00;1445;AC03 - Acidente sem VITIMA;85;BR-040/RJ;RJ;Choque - Objeto Fixo;1;;;;;;;;;;1;;;;
12/12/2020;14:19:00;1456;AC03 - Acidente sem VITIMA;109;BR-040/RJ;JF;Colisão Traseira;1;;1;;;;;;;;3;;;;
12/12/2020;16:53:00;1478;AC03 - Acidente sem VITIMA;122;BR-040/RJ;JF;Colisão Traseira;2;;;;;;;;;;2;;;;
12/12/2020;17:21:00;1483;AC03 - Acidente sem VITIMA;109;BR-040/RJ;JF;Choque - Objeto Fixo;1;;;;;;;;;;1;;;;
12/12/2020;17:32:00;1485;AC03 - Acidente sem VITIMA;109;BR-040/RJ;JF;Engavetamento;3;;;;;;;;;;3;;;;
12/12/2020;18:13:00;1490;AC03 - Acidente sem VITIMA;73;BR-040/RJ;RJ;Saída de Pista;;;;1;;;;;;;1;;;;
13/12/2020;23:58:00;1516;AC03 - Acidente sem VITIMA;93;BR-040/RJ;RJ;Saída de Pista;1;;;;;;;;;;1;;;;
13/12/2020;03:40:00;1523;AC02 - Acidente com VITIMA;119;BR-040/RJ;JF;Colisão Traseira;2;;;;;;;;;;1;1;;;
13/12/2020;07:32:00;1532;AC03 - Acidente sem VITIMA;787;BR-040/MG;JF;Choque - Objeto Fixo;1;;;;;;;;;;1;;;;
13/12/2020;09:50:00;1547;AC03 - Acidente sem VITIMA;96;BR-040/RJ;JF;Choque - Objeto Fixo;1;;;;;;;;;;1;;;;
13/12/2020;12:04:00;1563;AC03 - Acidente sem VITIMA;113;BR-040/RJ;RJ;Colisão Traseira;2;;;;;;;;;;2;;;;
13/12/2020;11:45:00;1564;AC03 - Acidente sem VITIMA;13;BR-040/RJ;JF;Choque - Objeto Fixo;1;;;;;;;;;;1;;;;
13/12/2020;12:50:00;1568;AC03 - Acidente sem VITIMA;11;BR-040/RJ;JF;Choque - Objeto Fixo;1;;;;;;;;;;1;;;;
13/12/2020;14:13:00;1572;AC03 - Acidente sem VITIMA;85;BR-040/RJ;JF;Choque - Objeto Fixo;1;;;;;;;;;;1;;;;
13/12/2020;14:41:00;1574;AC02 - Acidente com VITIMA;78;BR-040/RJ;RJ;Saída de Pista;1;;;;;;;;;;0;;1;;
13/12/2020;14:49:00;1577;AC02 - Acidente com VITIMA;74;BR-040/RJ;RJ;Colisão Lateral;3;;1;;;;;;;;1;7;;;
13/12/2020;16:08:00;1585;AC02 - Acidente com VITIMA;113;BR-040/RJ;RJ;Colisão Lateral;1;;1;;;;;;;;1;3;;;
13/12/2020;18:10:00;1602;AC02 - Acidente com VITIMA;86;BR-040/RJ;JF;Queda de Moto;;;;1;;;;;;;0;1;;;
13/12/2020;19:02:00;1607;AC02 - Acidente com VITIMA;119;BR-040/RJ;RJ;Colisão Traseira;1;;1;;;;;;;;1;1;;;
13/12/2020;23:47:00;1627;AC03 - Acidente sem VITIMA;84;BR-040/RJ;JF;Choque - Objeto Fixo;1;;;;;;;;;;1;;;;
14/12/2020;09:25:00;1667;AC03 - Acidente sem VITIMA;118;BR-040/RJ;JF;Colisão Traseira;2;;;;;1;;;;;3;;;;
14/12/2020;14:44:00;1717;AC02 - Acidente com VITIMA;828;BR-040/MG;JF;Queda de Moto;;;;1;;;;;;;0;1;;;
14/12/2020;15:46:00;1722;AC03 - Acidente sem VITIMA;85;BR-040/RJ;JF;Colisão Traseira;2;;;;;;;;;;2;;;;
14/12/2020;18:05:00;1744;AC03 - Acidente sem VITIMA;125;BR-040/RJ;JF;Colisão Traseira;2;;;;;;;;;;2;;;;
14/12/2020;19:11:00;1748;AC03 - Acidente sem VITIMA;111;BR-040/RJ;JF;Engavetamento;2;;;;1;;;;;;3;;;;
14/12/2020;19:15:00;1749;AC02 - Acidente com VITIMA;120;BR-040/RJ;JF;Colisão Lateral;1;;;1;;;;;;;1;1;;;
14/12/2020;19:57:00;1754;AC04 - Atropelamento;95;BR-040/RJ;RJ;Atropelamento - Pedestre;1;;;;;1;;;;;1;1;;;
15/12/2020;02:39:00;1789;AC03 - Acidente sem VITIMA;93;BR-040/RJ;RJ;Choque - Objeto Fixo;1;;;;;;;;;;1;;;;
15/12/2020;02:41:00;1792;AC03 - Acidente sem VITIMA;109;BR-040/RJ;RJ;Choque - Objeto Fixo;1;;;;;;;;;;1;;;;
15/12/2020;10:15:00;1823;AC03 - Acidente sem VITIMA;123;BR-040/RJ;JF;Colisão Lateral;;;2;;;;;;;;2;;;;
15/12/2020;10:26:00;1831;AC03 - Acidente sem VITIMA;779;BR-040/MG;JF;Colisão Lateral;1;;1;;;;;;;;2;;;;
15/12/2020;14:42:00;1847;AC03 - Acidente sem VITIMA;45;BR-040/RJ;RJ;Colisão Traseira;1;;;;;1;;;;;2;;;;
15/12/2020;16:35:00;1866;AC02 - Acidente com VITIMA;84;BR-040/RJ;RJ;Capotamento;1;;;;;;;;;;0;1;;;
15/12/2020;17:07:00;1871;AC02 - Acidente com VITIMA;123;BR-040/RJ;JF;Colisão Lateral;1;;1;;;;;;;;1;1;;;
15/12/2020;20:00:00;1892;AC03 - Acidente sem VITIMA;102;BR-040/RJ;JF;Queda de Moto;;;;1;;;;;;;2;;;;
15/12/2020;21:14:00;1898;AC02 - Acidente com VITIMA;86;BR-040/RJ;RJ;Saída de Pista;;;1;;;;;;;;0;1;;;
16/12/2020;00:08:00;1915;AC02 - Acidente com VITIMA;795;BR-040/MG;RJ;Colisão Traseira;;;1;;;1;;;;;1;1;;;
16/12/2020;07:17:00;1943;AC02 - Acidente com VITIMA;112;BR-040/RJ;JF;Colisão Traseira;2;;;;;;;;;;0;2;;;
16/12/2020;08:22:00;1954;AC03 - Acidente sem VITIMA;113;BR-040/RJ;JF;Engavetamento;3;;;;;;;;;;3;;;;
16/12/2020;12:52:00;1980;AC03 - Acidente sem VITIMA;78;BR-040/RJ;RJ;Choque - Objeto Fixo;1;;;;;;;;;;1;;;;
16/12/2020;15:02:00;1997;AC03 - Acidente sem VITIMA;77;BR-040/RJ;JF;Colisão Traseira;2;;;;;;;;;;2;;;;
16/12/2020;15:40:00;2003;AC02 - Acidente com VITIMA;115;BR-040/RJ;JF;Queda de Moto;;;;1;;;;;;;0;2;;;
16/12/2020;16:20:00;2007;AC02 - Acidente com VITIMA;33;BR-040/RJ;JF;Capotamento;1;;;;;;;;;;0;1;;;
16/12/2020;16:20:00;2009;AC02 - Acidente com VITIMA;33;BR-040/RJ;JF;Choque - Objeto Fixo;1;;;;;;;;;;0;1;;;
16/12/2020;16:52:00;2012;AC03 - Acidente sem VITIMA;75;BR-040/RJ;RJ;Saída de Pista;1;;;;;;;;;;1;;;;
16/12/2020;19:01:00;2027;AC02 - Acidente com VITIMA;123;BR-040/RJ;RJ;Colisão Lateral;1;;1;;;;;;;;1;2;;;
16/12/2020;20:24:00;2030;AC03 - Acidente sem VITIMA;84;BR-040/RJ;RJ;Choque - Objeto Fixo;;;1;;;;;;;;1;;;;
17/12/2020;04:19:00;2056;AC02 - Acidente com VITIMA;118;BR-040/RJ;RJ;Capotamento;1;;;;;;;;;;0;1;;;
17/12/2020;05:50:00;2061;AC03 - Acidente sem VITIMA;84;BR-040/RJ;RJ;Choque - Objeto Fixo;1;;;;;;;;;;1;;;;
17/12/2020;06:43:00;2065;AC03 - Acidente sem VITIMA;78;BR-040/RJ;RJ;Choque - Objeto Fixo;1;;;;;;;;;;1;;;;
17/12/2020;12:35:00;2099;AC01 - Acidente com VITIMA FATAL;46;BR-040/RJ;RJ;Tombamento;;;2;;;;;;;;0;1;;;1
17/12/2020;12:54:00;2103;AC02 - Acidente com VITIMA;84;BR-040/RJ;RJ;Choque - Objeto Fixo;1;;;;;;;;;;0;1;;;
17/12/2020;13:38:00;2108;AC02 - Acidente com VITIMA;85;BR-040/RJ;JF;Choque - Objeto Fixo;1;;;;;;;;;;0;1;;;
17/12/2020;14:04:00;2110;AC03 - Acidente sem VITIMA;93;BR-040/RJ;JF;Choque - Objeto Fixo;1;;;;;;;;;;1;;;;
17/12/2020;15:00:00;2118;AC03 - Acidente sem VITIMA;17;BR-040/RJ;JF;Capotamento;1;;;;;;;;;;1;;;;
17/12/2020;16:02:00;2123;AC03 - Acidente sem VITIMA;94;BR-040/RJ;RJ;Choque - Objeto Fixo;1;;;;;;;;;;1;;;;
17/12/2020;16:30:00;2125;AC03 - Acidente sem VITIMA;93;BR-040/RJ;RJ;Choque - Objeto Fixo;1;;;;;;;;;;1;;;;
17/12/2020;17:27:00;2133;AC03 - Acidente sem VITIMA;92;BR-040/RJ;JF;Choque - Objeto Fixo;1;;;;;;;;;;1;;;;
17/12/2020;18:17:00;2142;AC02 - Acidente com VITIMA;5;BR-040/RJ;RJ;Choque - Objeto Fixo;1;;;;;;;;;;0;1;;;
17/12/2020;18:48:00;2149;AC02 - Acidente com VITIMA;783;BR-040/MG;JF;Capotamento;1;;;;;;;;;;0;1;;;
17/12/2020;22:08:00;2159;AC03 - Acidente sem VITIMA;118;BR-040/RJ;RJ;Colisão Frontal;1;;1;;;;;;;;2;;;;