data;horario;n_da_ocorrencia;tipo_de_ocorrencia;km;trecho;sentido;tipo_de_acidente;automovel;bicicleta;caminhao;moto;onibus;outros;tracao_animal;transporte_de_cargas_especiais;trator_maquinas;utilitarios;ilesos;levemente_feridos;moderadamente_feridos;gravemente_feridos;mortos
17/12/2020;23:43:00;2169;AC03 - Acidente sem VITIMA;786;BR-040/MG;RJ;Atropelamento - Animal;;;1;;;;;;;;1;;;;
18/12/2020;07:30:00;2191;AC02 - Acidente com VITIMA;97;BR-040/RJ;RJ;Colisão Lateral;;;2;;;;;;;;1;;1;;
18/12/2020;07:34:00;2193;AC02 - Acidente com VITIMA;105;BR-040/RJ;RJ;Colisão Frontal;1;;;1;;;;;;;1;2;;;
18/12/2020;07:44:00;2195;AC03 - Acidente sem VITIMA;68;BR-040/RJ;RJ;Choque - Objeto Fixo;1;;;;;;;;;;1;;;;
18/12/2020;08:05:00;2197;AC02 - Acidente com VITIMA;46;BR-040/RJ;JF;Choque - Objeto Fixo;1;;;;;;;;;;0;5;;;
18/12/2020;15:45:00;2244;AC03 - Acidente sem VITIMA;90;BR-040/RJ;RJ;Choque - Objeto Fixo;1;;;;;;;;;;1;;;;
18/12/2020;16:27:00;2254;AC03 - Acidente sem VITIMA;45;BR-040/RJ;RJ;Colisão Traseira;1;;1;;;;;;;;2;;;;
18/12/2020;16:57:00;2256;AC03 - Acidente sem VITIMA;87;BR-040/RJ;JF;Choque - Objeto Fixo;1;;;;;;;;;;1;;;;
18/12/2020;21:23:00;2282;AC03 - Acidente sem VITIMA;118;BR-040/RJ;RJ;Colisão Transversal;2;;;;;;;;;;2;;;;
18/12/2020;23:33:00;2292;AC02 - Acidente com VITIMA;74;BR-040/RJ;JF;Choque - Objeto Fixo;1;;;;;;;;;;0;6;;;
19/12/2020;01:09:00;2297;AC02 - Acidente com VITIMA;109;BR-040/RJ;RJ;Colisão Traseira;1;;;1;;;;;;;0;3;;;
19/12/2020;10:59:00;2343;AC03 - Acidente sem VITIMA;101;BR-040/RJ;JF;Colisão Lateral;2;;;;;;;;;;2;;;;
19/12/2020;13:40:00;2375;AC03 - Acidente sem VITIMA;76;BR-040/RJ;JF;Choque - Objeto Fixo;1;;;;;;;;;;1;;;;
19/12/2020;15:13:00;2388;AC02 - Acidente com VITIMA;52;BR-040/RJ;RJ;Choque - Objeto Fixo;1;;;;;;;;;;0;1;;;
19/12/2020;15:08:00;2390;AC03 - Acidente sem VITIMA;75;BR-040/RJ;JF;Colisão Traseira;2;;;;;;;;;;2;;;;
19/12/2020;15:53:00;2393;AC03 - Acidente sem VITIMA;37;BR-040/RJ;JF;Choque - Objeto Fixo;1;;;;;;;;;;1;;;;
19/12/2020;20:48:00;2421;AC03 - Acidente sem VITIMA;112;BR-040/RJ;JF;Choque - Objeto Fixo;1;;;;;;;;;;1;;;;
20/12/2020;15:31:00;2502;AC02 - Acidente com VITIMA;78;BR-040/RJ;RJ;Capotamento;1;;;;;;;;;;0;;;1;
20/12/2020;16:04:00;2510;AC02 - Acidente com VITIMA;58;BR-040/RJ;JF;Choque - Objeto Fixo;1;;;;;;;;;;0;5;;;
20/12/2020;16:20:00;2511;AC02 - Acidente com VITIMA;74;BR-040/RJ;RJ;Queda de Moto;;;;1;;;;;;;0;1;;;
20/12/2020;18:47:00;2539;AC02 - Acidente com VITIMA;805;BR-040/MG;RJ;Colisão Lateral;2;;;;;;;;;;0;6;1;;
20/12/2020;19:36:00;2543;AC03 - Acidente sem VITIMA;113;BR-040/RJ;JF;Colisão Traseira;2;;;;;;;;;;2;;;;
20/12/2020;21:06:00;2553;AC03 - Acidente sem VITIMA;85;BR-040/RJ;RJ;Choque - Objeto Fixo;1;;;;;;;;;;1;;;;
21/12/2020;00:02:00;2566;AC02 - Acidente com VITIMA;105;BR-040/RJ;RJ;Queda de Moto;;;;1;;;;;;;0;1;;;
21/12/2020;07:16:00;2598;AC02 - Acidente com VITIMA;5;BR-040/RJ;JF;Capotamento;1;;;;;;;;;;0;1;;;
21/12/2020;08:37:00;2617;AC03 - Acidente sem VITIMA;779;BR-040/MG;RJ;Capotamento;1;;;;;;;;;;1;;;;
21/12/2020;12:20:00;2650;AC02 - Acidente com VITIMA;90;BR-040/RJ;JF;Colisão Traseira;;;;1;;1;;;;;1;1;;;
21/12/2020;12:29:00;2652;AC02 - Acidente com VITIMA;97;BR-040/RJ;JF;Queda de Moto;;;;1;;;;;;;0;1;;;
21/12/2020;13:37:00;2661;AC03 - Acidente sem VITIMA;84;BR-040/RJ;RJ;Choque - Objeto Fixo;1;;;;;;;;;;1;;;;
21/12/2020;16:29:00;2682;AC03 - Acidente sem VITIMA;93;BR-040/RJ;RJ;Tombamento;1;;;;;;;;;;1;;;;
21/12/2020;17:18:00;2693;AC03 - Acidente sem VITIMA;91;BR-040/RJ;JF;Choque - Objeto Fixo;1;;;;;;;;;;1;;;;
21/12/2020;18:59:00;2709;AC02 - Acidente com VITIMA;111;BR-040/RJ;JF;Colisão Traseira;1;;;1;;;;;;;1;1;;;
21/12/2020;20:00:00;2716;AC03 - Acidente sem VITIMA;21;BR-040/RJ;RJ;Choque - Objeto Fixo;1;;;;;;;;;;1;;;;
21/12/2020;23:07:00;2732;AC03 - Acidente sem VITIMA;3;BR-040/RJ;JF;Choque - Objeto Fixo;;;;;;1;;;;;1;;;;
22/12/2020;10:16:00;2804;AC02 - Acidente com VITIMA;125;BR-040/RJ;RJ;Tombamento;1;;;;;1;;;;;1;2;;;
22/12/2020;12:37:00;2833;AC03 - Acidente sem VITIMA;86;BR-040/RJ;RJ;Choque - Objeto Fixo;1;;;;;;;;;;1;;;;
22/12/2020;13:03:00;2838;AC03 - Acidente sem VITIMA;93;BR-040/RJ;RJ;Saída de Pista;1;;;;;;;;;;1;;;;
22/12/2020;13:04:00;2839;AC03 - Acidente sem VITIMA;90;BR-040/RJ;RJ;Choque - Objeto Fixo;1;;;;;;;;;;1;;;;
22/12/2020;13:59:00;2847;AC03 - Acidente sem VITIMA;810;BR-040/MG;RJ;Choque - Objeto Fixo;1;;;;;;;;;;1;;;;
22/12/2020;14:29:00;2850;AC03 - Acidente sem VITIMA;94;BR-040/RJ;RJ;Saída de Pista;1;;;;;;;;;;1;;;;
22/12/2020;14:30:00;2851;AC02 - Acidente com VITIMA;43;BR-040/RJ;RJ;Choque - Objeto Fixo;1;;;;;;;;;;0;1;;;
22/12/2020;17:41:00;2866;AC03 - Acidente sem VITIMA;96;BR-040/RJ;RJ;Saída de Pista;;;;;;;;;;1;1;;;;
22/12/2020;18:53:00;2881;AC03 - Acidente sem VITIMA;60;BR-040/RJ;RJ;Choque - Objeto Fixo;1;;;;;;;;;;1;;;;
22/12/2020;19:19:00;2884;AC03 - Acidente sem VITIMA;37;BR-040/RJ;JF;Choque - Objeto Fixo;1;;;;;;;;;;1;;;;
22/12/2020;20:24:00;2892;AC02 - Acidente com VITIMA;79;BR-040/RJ;RJ;Capotamento;1;;;;;;;;;;0;2;;;
22/12/2020;20:56:00;2896;AC02 - Acidente com VITIMA;13;BR-040/RJ;JF;Saída de Pista;;;1;;;;;;;;0;4;;;
22/12/2020;22:03:00;2899;AC02 - Acidente com VITIMA;43;BR-040/RJ;RJ;Choque - Objeto Fixo;1;;;;;;;;;;0;1;;;
23/12/2020;00:54:00;2908;AC02 - Acidente com VITIMA;80;BR-040/RJ;RJ;Capotamento;1;;;;;;;;;;0;3;;;
23/12/2020;05:25:00;2924;AC03 - Acidente sem VITIMA;87;BR-040/RJ;RJ;Choque - Objeto Fixo;1;;;;;;;;;;1;;;;
23/12/2020;08:59:00;2942;AC02 - Acidente com VITIMA;35;BR-040/RJ;RJ;Choque - Objeto Fixo;1;;;;;;;;;;0;1;;;
23/12/2020;09:00:00;2943;AC03 - Acidente sem VITIMA;90;BR-040/RJ;RJ;Derrapagem;1;;;;;;;;;;1;;;;
23/12/2020;09:33:00;2946;AC03 - Acidente sem VITIMA;92;BR-040/RJ;RJ;Choque - Objeto Fixo;1;;;;;;;;;;1;;;;
23/12/2020;09:52:00;2948;AC03 - Acidente sem VITIMA;87;BR-040/RJ;RJ;Derrapagem;1;;;;;;;;;;1;;;;
23/12/2020;10:47:00;2953;AC03 - Acidente sem VITIMA;92;BR-040/RJ;RJ;Choque - Objeto Fixo;1;;;;;;;;;;1;;;;
23/12/2020;11:28:00;2960;AC03 - Acidente sem VITIMA;91;BR-040/RJ;RJ;Choque - Objeto Fixo;1;;;;;;;;;;1;;;;
23/12/2020;13:04:00;2973;AC03 - Acidente sem VITIMA;90;BR-040/RJ;RJ;Choque - Objeto Fixo;1;;;;;;;;;;1;;;;
23/12/2020;14:17:00;2978;AC02 - Acidente com VITIMA;49;BR-040/RJ;RJ;Capotamento;1;;1;;;;;;;;0;2;;;
23/12/2020;14:31:00;2981;AC03 - Acidente sem VITIMA;94;BR-040/RJ;RJ;Choque - Objeto Fixo;1;;;;;;;;;;1;;;;
23/12/2020;15:26:00;2987;AC03 - Acidente sem VITIMA;113;BR-040/RJ;JF;Engavetamento;1;;1;;;;;;;1;3;;;;
23/12/2020;15:31:00;2989;AC02 - Acidente com VITIMA;17;BR-040/RJ;JF;Choque - Objeto Fixo;1;;;;;;;;;;0;1;;;
23/12/2020;15:50:00;2992;AC03 - Acidente sem VITIMA;826;BR-040/MG;RJ;Choque - Objeto Fixo;1;;;;;;;;;;3;;;;
23/12/2020;15:56:00;2995;AC02 - Acidente com VITIMA;22;BR-040/RJ;JF;Choque - Objeto Fixo;;;1;;;;;;;;0;1;;;
23/12/2020;17:25:00;2998;AC03 - Acidente sem VITIMA;44;BR-040/RJ;JF;Choque - Objeto Fixo;1;;;;;;;;;;1;;;;
23/12/2020;17:39:00;3000;AC02 - Acidente com VITIMA;117;BR-040/RJ;JF;Colisão Lateral;;;;1;;1;;;;;1;;1;;
23/12/2020;17:22:00;3001;AC03 - Acidente sem VITIMA;77;BR-040/RJ;RJ;Choque - Objeto Fixo;1;;;;;;;;;;1;;;;
23/12/2020;17:51:00;3003;AC03 - Acidente sem VITIMA;44;BR-040/RJ;JF;Choque - Objeto Fixo;1;;;;;;;;;;1;;;;
23/12/2020;18:25:00;3006;AC03 - Acidente sem VITIMA;92;BR-040/RJ;RJ;Choque - Objeto Fixo;1;;;;;;;;;;1;;;;
23/12/2020;20:54:00;3019;AC03 - Acidente sem VITIMA;98;BR-040/RJ;RJ;Choque - Objeto Fixo;1;;;;;;;;;;1;;;;
24/12/2020;03:15:00;3035;AC02 - Acidente com VITIMA;94;BR-040/RJ;RJ;Derrapagem;1;;;;;;;;;;0;2;;;
24/12/2020;03:15:00;3036;AC03 - Acidente sem VITIMA;38;BR-040/RJ;RJ;Choque - Objeto Fixo;1;;;;;;;;;;1;;;;
24/12/2020;05:15:00;3041;AC03 - Acidente sem VITIMA;91;BR-040/RJ;JF;Saída de Pista;1;;;;;;;;;;1;;;;
24/12/2020;05:32:00;3043;AC03 - Acidente sem VITIMA;90;BR-040/RJ;JF;Derrapagem;1;;;;;;;;;;1;;;;
24/12/2020;06:30:00;3046;AC03 - Acidente sem VITIMA;82;BR-040/RJ;RJ;Choque - Objeto Fixo;1;;;;;;;;;;1;;;;
24/12/2020;06:42:00;3048;AC03 - Acidente sem VITIMA;804;BR-040/MG;JF;Choque - Objeto Fixo;1;;;;;;;;;;1;;;;
24/12/2020;06:50:00;3049;AC03 - Acidente sem VITIMA;2;BR-040/RJ;RJ;Derrapagem;1;;;;;;;;;;1;;;;
24/12/2020;06:51:00;3050;AC03 - Acidente sem VITIMA;91;BR-040/RJ;JF;Choque - Objeto Fixo;1;;;;;;;;;;1;;;;
24/12/2020;07:22:00;3054;AC03 - Acidente sem VITIMA;92;BR-040/RJ;RJ;Choque - Objeto Fixo;1;;;;;;;;;;1;;;;
24/12/2020;07:57:00;3056;AC03 - Acidente sem VITIMA;93;BR-040/RJ;RJ;Choque - Objeto Fixo;1;;;;;;;;;;1;;;;
24/12/2020;08:04:00;3058;AC03 - Acidente sem VITIMA;75;BR-040/RJ;RJ;Choque - Objeto Fixo;1;;;;;;;;;;1;;;;
24/12/2020;08:39:00;3061;AC02 - Acidente com VITIMA;14;BR-040/RJ;JF;Capotamento;1;;;;;;;;;;0;4;;;
24/12/2020;09:26:00;3064;AC03 - Acidente sem VITIMA;94;BR-040/RJ;RJ;Choque - Objeto Fixo;1;;;;;;;;;;1;;;;
24/12/2020;10:43:00;3072;AC02 - Acidente com VITIMA;90;BR-040/RJ;JF;Capotamento;1;;;;;;;;;;0;;1;;
24/12/2020;10:51:00;3073;AC03 - Acidente sem VITIMA;92;BR-040/RJ;RJ;Choque - Objeto Fixo;1;;;;;;;;;;1;;;;
24/12/2020;10:52:00;3074;AC02 - Acidente com VITIMA;824;BR-040/MG;RJ;Capotamento;1;;;;;;;;;;0;1;;;
24/12/2020;11:25:00;3080;AC03 - Acidente sem VITIMA;97;BR-040/RJ;RJ;Capotamento;1;;;;;;;;;;1;;;;
24/12/2020;11:30:00;3083;AC03 - Acidente sem VITIMA;94;BR-040/RJ;RJ;Choque - Objeto Fixo;1;;;;;;;;;;1;;;;
24/12/2020;11:22:00;3085;AC03 - Acidente sem VITIMA;79;BR-040/RJ;RJ;Choque - Objeto Fixo;1;;;;;;;;;;1;;;;
24/12/2020;12:05:00;3088;AC03 - Acidente sem VITIMA;7;BR-040/RJ;JF;Choque - Objeto Fixo;1;;;;;;;;;;1;;;;
24/12/2020;12:13:00;3090;AC02 - Acidente com VITIMA;801;BR-040/MG;RJ;Choque - Objeto Fixo;1;;;;;;;;;;0;1;;;
24/12/2020;12:35:00;3094;AC02 - Acidente com VITIMA;812;BR-040/MG;JF;Choque - Objeto Fixo;1;;;;;;;;;;0;1;;;
24/12/2020;13:06:00;3098;AC03 - Acidente sem VITIMA;96;BR-040/RJ;RJ;Choque - Objeto Fixo;1;;;;;;;;;;1;;;;
24/12/2020;13:12:00;3100;AC02 - Acidente com VITIMA;58;BR-040/RJ;JF;Colisão Traseira;1;;1;;;;;;;;1;1;2;;
24/12/2020;13:33:00;3104;AC02 - Acidente com VITIMA;91;BR-040/RJ;RJ;Saída de Pista;1;;;;;;;;;;0;1;;;
24/12/2020;13:34:00;3105;AC03 - Acidente sem VITIMA;73;BR-040/RJ;JF;Choque - Objeto Fixo;1;;;;;;;;;;1;;;;
24/12/2020;13:40:00;3106;AC03 - Acidente sem VITIMA;85;BR-040/RJ;JF;Choque - Objeto Fixo;1;;;;;;;;;;1;;;;
24/12/2020;13:54:00;3110;AC03 - Acidente sem VITIMA;84;BR-040/RJ;RJ;Choque - Objeto Fixo;1;;;;;1;;;;;2;;;;
24/12/2020;14:07:00;3112;AC03 - Acidente sem VITIMA;91;BR-040/RJ;RJ;Saída de Pista;1;;;;;;;;;;1;;;;
24/12/2020;14:31:00;3114;AC03 - Acidente sem VITIMA;90;BR-040/RJ;JF;Choque - Objeto Fixo;1;;;;;;;;;;1;;;;
24/12/2020;14:25:00;3116;AC03 - Acidente sem VITIMA;80;BR-040/RJ;RJ;Choque - Objeto Fixo;1;;;;;;;;;;1;;;;
24/12/2020;15:19:00;3118;AC03 - Acidente sem VITIMA;783;BR-040/MG;JF;Capotamento;1;;;;;;;;;;1;;;;
24/12/2020;15:34:00;3119;AC03 - Acidente sem VITIMA;78;BR-040/RJ;RJ;Choque - Objeto Fixo;1;;;;;;;;;;1;;;;
24/12/2020;16:22:00;3127;AC03 - Acidente sem VITIMA;91;BR-040/RJ;JF;Choque - Objeto Fixo;1;;;;;;;;;;1;;;;
24/12/2020;16:20:00;3128;AC03 - Acidente sem VITIMA;96;BR-040/RJ;RJ;Choque - Objeto Fixo;1;;;;;;;;;;1;;;;
24/12/2020;16:30:00;3129;AC03 - Acidente sem VITIMA;75;BR-040/RJ;RJ;Saída de Pista;1;;;;;;;;;;1;;;;
24/12/2020;16:34:00;3130;AC03 - Acidente sem VITIMA;12;BR-040/RJ;JF;Saída de Pista;1;;;;;;;;;;1;;;;
24/12/2020;16:40:00;3131;AC03 - Acidente sem VITIMA;824;BR-040/MG;RJ;Colisão Traseira;1;;1;;;;;;;;2;;;;
24/12/2020;16:55:00;3132;AC02 - Acidente com VITIMA;34;BR-040/RJ;RJ;Saída de Pista;1;;;;;;;;;;0;1;;;
24/12/2020;17:29:00;3133;AC02 - Acidente com VITIMA;34;BR-040/RJ;RJ;Choque - Objeto Fixo;1;;;;;;;;;;0;1;;;
24/12/2020;17:16:00;3137;AC03 - Acidente sem VITIMA;5;BR-040/RJ;RJ;Choque - Objeto Fixo;1;;;;;;;;;;1;;;;
24/12/2020;17:39:00;3141;AC02 - Acidente com VITIMA;824;BR-040/MG;RJ;Colisão Traseira;2;;;;;;;;;;1;3;1;;
24/12/2020;17:16:00;3144;AC03 - Acidente sem VITIMA;5;BR-040/RJ;RJ;Choque - Objeto Fixo;1;;;;;;;;;;1;;;;
24/12/2020;18:40:00;3147;AC03 - Acidente sem VITIMA;95;BR-040/RJ;RJ;Saída de Pista;1;;;;;;;;;;1;;;;
24/12/2020;19:17:00;3149;AC03 - Acidente sem VITIMA;112;BR-040/RJ;RJ;Colisão Traseira;2;;;;;;;;;;2;;;;
24/12/2020;19:00:00;3150;AC03 - Acidente sem VITIMA;77;BR-040/RJ;RJ;Choque - Objeto Fixo;1;;;;;;;;;;1;;;;
24/12/2020;20:15:00;3153;AC02 - Acidente com VITIMA;34;BR-040/RJ;RJ;Colisão Traseira;1;;1;;;;;;;;1;1;1;;
25/12/2020;02:16:00;3167;AC02 - Acidente com VITIMA;122;BR-040/RJ;JF;Tombamento;1;;;;;;;;;;0;1;;;
25/12/2020;05:48:00;3170;AC02 - Acidente com VITIMA;812;BR-040/MG;JF;Choque - Objeto Fixo;1;;;;;;;;;;0;;1;;
25/12/2020;06:45:00;3175;AC03 - Acidente sem VITIMA;119;BR-040/RJ;RJ;Choque - Objeto Fixo;1;;;;;;;;;;1;;;;
25/12/2020;08:27:00;3178;AC03 - Acidente sem VITIMA;55;BR-040/RJ;JF;Colisão Traseira;2;;;;;;;;;;2;;;;
25/12/2020;12:08:00;3197;AC02 - Acidente com VITIMA;92;BR-040/RJ;RJ;Choque - Objeto Fixo;1;;;;;;;;;;0;1;1;;
25/12/2020;13:59:00;3201;AC02 - Acidente com VITIMA;91;BR-040/RJ;RJ;Capotamento;1;;;;;;;;;;0;4;;;
25/12/2020;14:44:00;3204;AC03 - Acidente sem VITIMA;91;BR-040/RJ;JF;Choque - Objeto Fixo;1;;;;;;;;;;1;;;;
25/12/2020;15:34:00;3206;AC03 - Acidente sem VITIMA;22;BR-040/RJ;RJ;Choque - Objeto Fixo;1;;;;;;;;;;1;;;;
25/12/2020;15:37:00;3207;AC02 - Acidente com VITIMA;78;BR-040/RJ;RJ;Tombamento;1;;;;;;;;;;0;1;;;
25/12/2020;16:00:00;3209;AC03 - Acidente sem VITIMA;93;BR-040/RJ;RJ;Choque - Objeto Fixo;1;;;;;;;;;;1;;;;
25/12/2020;16:32:00;3213;AC03 - Acidente sem VITIMA;93;BR-040/RJ;RJ;Colisão Lateral;2;;;;;;;;;;2;;;;
25/12/2020;16:38:00;3214;AC03 - Acidente sem VITIMA;84;BR-040/RJ;RJ;Choque - Objeto Fixo;1;;;;;;;;;;1;;;;
25/12/2020;17:36:00;3217;AC03 - Acidente sem VITIMA;122;BR-040/RJ;JF;Choque - Objeto Fixo;1;;;;;;;;;;1;;;;
25/12/2020;19:36:00;3222;AC02 - Acidente com VITIMA;792;BR-040/MG;JF;Queda de Moto;;;;1;;;;;;;0;1;;;
25/12/2020;22:40:00;3239;AC03 - Acidente sem VITIMA;113;BR-040/RJ;JF;Choque - Objeto Fixo;1;;;;;;;;;;1;;;;
25/12/2020;23:01:00;3245;AC03 - Acidente sem VITIMA;113;BR-040/RJ;RJ;Colisão Traseira;2;;;;;;;;;;2;;;;
25/12/2020;22:53:00;3246;AC04 - Atropelamento;113;BR-040/RJ;JF;Atropelamento - Pedestre;1;;;;;1;;;;;1;;1;;
26/12/2020;04:46:00;3256;AC02 - Acidente com VITIMA;113;BR-040/RJ;RJ;Colisão Lateral;1;;1;;;;;;;;1;2;;;
26/12/2020;05:47:00;3259;AC03 - Acidente sem VITIMA;799;BR-040/MG;RJ;Choque - Objeto Fixo;1;;;;;;;;;;1;;;;
26/12/2020;09:47:00;3272;AC02 - Acidente com VITIMA;83;BR-040/RJ;RJ;Capotamento;2;;;;;;;;;;0;2;1;;
26/12/2020;10:18:00;3276;AC03 - Acidente sem VITIMA;78;BR-040/RJ;RJ;Choque - Objeto Fixo;1;;;;;;;;;;1;;;;
26/12/2020;16:04:00;3310;AC03 - Acidente sem VITIMA;84;BR-040/RJ;RJ;Choque - Objeto Fixo;1;;;;;;;;;;1;;;;
27/12/2020;04:29:00;3354;AC02 - Acidente com VITIMA;119;BR-040/RJ;JF;Choque - Objeto Fixo;1;;;;;;;;;;0;;;2;
27/12/2020;04:38:00;3356;AC02 - Acidente com VITIMA;84;BR-040/RJ;RJ;Choque - Objeto Fixo;1;;;;;;;;;;0;2;;;
27/12/2020;04:42:00;3357;AC03 - Acidente sem VITIMA;113;BR-040/RJ;RJ;Colisão Lateral;2;;;;;;;;;;2;;;;
27/12/2020;05:01:00;3358;AC02 - Acidente com VITIMA;85;BR-040/RJ;RJ;Choque - Objeto Fixo;1;;;;;;;;;;0;1;;;
27/12/2020;06:22:00;3365;AC03 - Acidente sem VITIMA;85;BR-040/RJ;JF;Choque - Objeto Fixo;1;;;;;;;;;;1;;;;
27/12/2020;07:45:00;3370;AC03 - Acidente sem VITIMA;43;BR-040/RJ;JF;Choque - Objeto Fixo;1;;;;;;;;;;1;;;;
27/12/2020;08:00:00;3373;AC03 - Acidente sem VITIMA;64;BR-040/RJ;JF;Choque - Objeto Fixo;;;1;;;;;;;;1;;;;
27/12/2020;08:03:00;3374;AC03 - Acidente sem VITIMA;783;BR-040/MG;JF;Choque - Objeto Fixo;1;;;;;;;;;;1;;;;
27/12/2020;08:12:00;3377;AC03 - Acidente sem VITIMA;63;BR-040/RJ;JF;Choque - Objeto Fixo;1;;;;;;;;;;1;;;;
27/12/2020;08:50:00;3379;AC03 - Acidente sem VITIMA;90;BR-040/RJ;RJ;Choque - Objeto Fixo;1;;;;;;;;;;1;;;;
27/12/2020;09:20:00;3384;AC03 - Acidente sem VITIMA;82;BR-040/RJ;RJ;Choque - Objeto Fixo;1;;;;;;;;;;1;;;;
27/12/2020;09:38:00;3385;AC02 - Acidente com VITIMA;94;BR-040/RJ;RJ;Choque - Objeto Fixo;1;;;;;;;;;;0;1;;;
27/12/2020;09:53:00;3387;AC02 - Acidente com VITIMA;94;BR-040/RJ;RJ;Choque - Objeto Fixo;1;;;;;;;;;;0;1;;;
27/12/2020;10:05:00;3388;AC03 - Acidente sem VITIMA;812;BR-040/MG;JF;Choque - Objeto Fixo;1;;;;;;;;;;1;;;;
27/12/2020;10:18:00;3390;AC03 - Acidente sem VITIMA;823;BR-040/MG;RJ;Choque - Objeto Fixo;1;;;;;;;;;;1;;;;
27/12/2020;11:36:00;3396;AC02 - Acidente com VITIMA;84;BR-040/RJ;RJ;Choque - Objeto Fixo;1;;;;;;;;;;0;3;1;;
27/12/2020;12:58:00;3401;AC02 - Acidente com VITIMA;124;BR-040/RJ;JF;Choque - Objeto Fixo;1;;;;;;;;;;0;5;;;
27/12/2020;15:38:00;3408;AC02 - Acidente com VITIMA;87;BR-040/RJ;RJ;Choque - Objeto Fixo;1;;;;;;;;;;0;1;;;
27/12/2020;16:29:00;3412;AC03 - Acidente sem VITIMA;89;BR-040/RJ;RJ;Choque - Objeto Fixo;1;;;;;;;;;;1;;;;
27/12/2020;16:53:00;3415;AC03 - Acidente sem VITIMA;93;BR-040/RJ;RJ;Choque - Objeto Fixo;1;;;;;;;;;;1;;;;
27/12/2020;16:57:00;3416;AC03 - Acidente sem VITIMA;91;BR-040/RJ;RJ;Choque - Objeto Fixo;1;;;;;;;;;;1;;;;
27/12/2020;17:36:00;3418;AC03 - Acidente sem VITIMA;78;BR-040/RJ;RJ;Choque - Objeto Fixo;1;;;;;;;;;;1;;;;
27/12/2020;18:51:00;3425;AC03 - Acidente sem VITIMA;121;BR-040/RJ;JF;Colisão Frontal;2;;;;;;;;;;2;;;;
27/12/2020;19:29:00;3431;AC02 - Acidente com VITIMA;84;BR-040/RJ;RJ;Choque - Objeto Fixo;1;;;;;;;;;;0;1;;;
27/12/2020;20:10:00;3434;AC03 - Acidente sem VITIMA;87;BR-040/RJ;RJ;Choque - Objeto Fixo;1;;;;;;;;;;1;;;;
28/12/2020;05:32:00;3450;AC03 - Acidente sem VITIMA;87;BR-040/RJ;RJ;Choque - Objeto Fixo;1;;;;;;;;;;1;;;;
28/12/2020;09:32:00;3471;AC02 - Acidente com VITIMA;123;BR-040/RJ;RJ;Capotamento;2;;;1;;;;;;;2;2;;;
28/12/2020;14:59:00;3507;AC02 - Acidente com VITIMA;123;BR-040/RJ;RJ;Colisão Lateral;1;1;;;;;;;;;1;;1;;
28/12/2020;16:06:00;3511;AC03 - Acidente sem VITIMA;82;BR-040/RJ;RJ;Choque - Objeto Fixo;1;;;;;;;;;;1;;;;
28/12/2020;17:28:00;3521;AC03 - Acidente sem VITIMA;93;BR-040/RJ;RJ;Choque - Objeto Fixo;1;;;;;;;;;;1;;;;
28/12/2020;17:52:00;3523;AC03 - Acidente sem VITIMA;799;BR-040/MG;RJ;Choque - Objeto Fixo;1;;;;;;;;;;1;;;;
28/12/2020;17:54:00;3524;AC02 - Acidente com VITIMA;44;BR-040/RJ;RJ;Queda de Moto;;;;1;;;;;;;0;1;1;;
28/12/2020;18:17:00;3527;AC03 - Acidente sem VITIMA;90;BR-040/RJ;JF;Saída de Pista;1;;;;;;;;;;1;;;;
28/12/2020;20:37:00;3538;AC03 - Acidente sem VITIMA;92;BR-040/RJ;RJ;Choque - Objeto Fixo;1;;;;;;;;;;1;;;;
28/12/2020;21:11:00;3541;AC03 - Acidente sem VITIMA;108;BR-040/RJ;JF;Derrapagem;1;;;;;;;;;;1;;;;
29/12/2020;06:33:00;3565;AC02 - Acidente com VITIMA;45;BR-040/RJ;JF;Choque - Objeto Fixo;1;;;;;;;;;;0;1;;;
29/12/2020;09:50:00;3577;AC02 - Acidente com VITIMA;73;BR-040/RJ;RJ;Capotamento;1;;;;;;;;;;0;1;;;
29/12/2020;12:24:00;3597;AC03 - Acidente sem VITIMA;87;BR-040/RJ;RJ;Choque - Objeto Fixo;1;;;;;;;;;;1;;;;
29/12/2020;16:19:00;3623;AC03 - Acidente sem VITIMA;84;BR-040/RJ;RJ;Choque - Objeto Fixo;1;;;;;;;;;;1;;;;
29/12/2020;17:56:00;3634;AC03 - Acidente sem VITIMA;91;BR-040/RJ;JF;Choque - Objeto Fixo;1;;;;;;;;;;1;;;;
29/12/2020;21:43:00;3654;AC03 - Acidente sem VITIMA;90;BR-040/RJ;RJ;Saída de Pista;1;;;;;;;;;;1;;;;
29/12/2020;22:03:00;3656;AC02 - Acidente com VITIMA;78;BR-040/RJ;RJ;Capotamento;1;;;;;;;;;;0;2;;;
30/12/2020;06:45:00;3681;AC03 - Acidente sem VITIMA;87;BR-040/RJ;RJ;Choque - Objeto Fixo;1;;;;;;;;;;1;;;;
30/12/2020;11:25:00;3704;AC03 - Acidente sem VITIMA;94;BR-040/RJ;JF;Choque - Objeto Fixo;1;;;;;;;;;;1;;;;
30/12/2020;11:33:00;3707;AC03 - Acidente sem VITIMA;84;BR-040/RJ;RJ;Choque - Objeto Fixo;1;;;;;;;;;;1;;;;
30/12/2020;18:26:00;3763;AC02 - Acidente com VITIMA;87;BR-040/RJ;RJ;Capotamento;1;;;;;;;;;;0;2;;;
30/12/2020;20:08:00;3774;AC03 - Acidente sem VITIMA;109;BR-040/RJ;JF;Colisão Traseira;1;;1;;;;;;;;2;;;;
31/12/2020;07:15:00;3808;AC03 - Acidente sem VITIMA;116;BR-040/RJ;JF;Colisão Traseira;1;;1;;;;;;;;2;;;;