data;horario;n_da_ocorrencia;tipo_de_ocorrencia;km;trecho;sentido;tipo_de_acidente;automovel;bicicleta;caminhao;moto;onibus;outros;tracao_animal;transporte_de_cargas_especiais;trator_maquinas;utilitarios;ilesos;levemente_feridos;moderadamente_feridos;gravemente_feridos;mortos
31/12/2020;10:09:00;3826;AC03 - Acidente sem VITIMA;78;BR-040/RJ;RJ;Choque - Objeto Fixo;1;;;;;;;;;;1;;;;
31/12/2020;10:52:00;3828;AC02 - Acidente com VITIMA;97;BR-040/RJ;JF;Queda de Moto;;;;1;;;;;;;0;1;;;
31/12/2020;15:20:00;3865;AC03 - Acidente sem VITIMA;84;BR-040/RJ;JF;Choque - Objeto Fixo;1;;;;;;;;;;1;;;;
31/12/2020;15:38:00;3867;AC03 - Acidente sem VITIMA;91;BR-040/RJ;JF;Colisão Lateral;1;;1;;;;;;;;2;;;;
31/12/2020;15:43:00;3868;AC03 - Acidente sem VITIMA;124;BR-040/RJ;RJ;Capotamento;1;;;;;;;;;;1;;;;
31/12/2020;16:03:00;3872;AC02 - Acidente com VITIMA;84;BR-040/RJ;JF;Choque - Objeto Fixo;1;;;;;;;;;;0;2;;;
31/12/2020;16:15:00;3874;AC03 - Acidente sem VITIMA;57;BR-040/RJ;JF;Choque - Objeto Fixo;1;;;;;;;;;;1;;;;
31/12/2020;18:48:00;3886;AC02 - Acidente com VITIMA;87;BR-040/RJ;RJ;Choque - Objeto Fixo;1;;;;;;;;;;0;5;;;
01/01/2021;05:47:00;8;AC02 - Acidente com VITIMA;87;BR-040/RJ;JF;Capotamento;1;;;;;;;;;;0;;1;;
01/01/2021;07:13:00;10;AC03 - Acidente sem VITIMA;66;BR-040/RJ;JF;Choque - Objeto Fixo;1;;;;;;;;;;1;;;;
01/01/2021;08:10:00;14;AC03 - Acidente sem VITIMA;87;BR-040/RJ;RJ;Derrapagem;1;;;;;;;;;;1;;;;
01/01/2021;13:44:00;40;AC03 - Acidente sem VITIMA;85;BR-040/RJ;JF;Choque - Objeto Fixo;1;;;;;;;;;;1;;;;
01/01/2021;14:22:00;43;AC03 - Acidente sem VITIMA;93;BR-040/RJ;RJ;Colisão Traseira;1;;;;;;;;;;1;;;;
01/01/2021;14:37:00;44;AC03 - Acidente sem VITIMA;786;BR-040/MG;JF;Saída de Pista;1;;;;;;;;;;1;;;;
01/01/2021;14:39:00;45;AC02 - Acidente com VITIMA;1;BR-040/RJ;JF;Capotamento;1;;;;;;;;;;0;1;;;
01/01/2021;15:10:00;49;AC03 - Acidente sem VITIMA;785;BR-040/MG;JF;Saída de Pista;1;;;;;;;;;;1;;;;
01/01/2021;17:56:00;69;AC03 - Acidente sem VITIMA;822;BR-040/MG;JF;Choque - Objeto Fixo;1;;;;;;;;;;1;;;;
01/01/2021;23:57:00;87;AC03 - Acidente sem VITIMA;117;BR-040/RJ;JF;Choque - Objeto Fixo;1;;;;;;;;;;1;;;;
02/01/2021;06:12:00;102;AC03 - Acidente sem VITIMA;112;BR-040/RJ;RJ;Choque - Objeto Fixo;1;;;;;;;;;;1;;;;
02/01/2021;06:43:00;103;AC02 - Acidente com VITIMA;109;BR-040/RJ;RJ;Colisão Traseira;1;;;1;;;;;;;1;;1;;
02/01/2021;10:29:00;128;AC03 - Acidente sem VITIMA;92;BR-040/RJ;RJ;Choque - Objeto Fixo;1;;;;;;;;;;1;;;;
02/01/2021;12:11:00;137;AC03 - Acidente sem VITIMA;33;BR-040/RJ;JF;Choque - Objeto Fixo;1;;;;;;;;;;1;;;;
02/01/2021;12:45:00;144;AC02 - Acidente com VITIMA;79;BR-040/RJ;RJ;Choque - Objeto Fixo;1;;;;;;;;;;0;2;;;
02/01/2021;12:52:00;146;AC03 - Acidente sem VITIMA;90;BR-040/RJ;JF;Choque - Objeto Fixo;1;;;;;;;;;;1;;;;
02/01/2021;14:08:00;155;AC03 - Acidente sem VITIMA;65;BR-040/RJ;RJ;Saída de Pista;1;;;;;;;;;;1;;;;
02/01/2021;14:47:00;158;AC03 - Acidente sem VITIMA;124;BR-040/RJ;RJ;Saída de Pista;1;;;;;;;;;;1;;;;
02/01/2021;15:13:00;159;AC02 - Acidente com VITIMA;91;BR-040/RJ;JF;Queda de Moto;;;;1;;;;;;;0;1;;;
02/01/2021;15:50:00;164;AC02 - Acidente com VITIMA;84;BR-040/RJ;RJ;Choque - Objeto Fixo;1;;;;;;;;;;0;4;;;
02/01/2021;16:37:00;171;AC03 - Acidente sem VITIMA;93;BR-040/RJ;RJ;Choque - Objeto Fixo;1;;;;;;;;;;1;;;;
02/01/2021;16:37:00;172;AC02 - Acidente com VITIMA;93;BR-040/RJ;RJ;Colisão Traseira;2;;;;;;;;;;0;1;1;;
02/01/2021;16:43:00;173;AC03 - Acidente sem VITIMA;96;BR-040/RJ;RJ;Choque - Objeto Fixo;1;;;;;;;;;;1;;;;
02/01/2021;16:47:00;174;AC03 - Acidente sem VITIMA;87;BR-040/RJ;RJ;Choque - Objeto Fixo;1;;;;;;;;;;1;;;;
02/01/2021;17:32:00;183;AC03 - Acidente sem VITIMA;79;BR-040/RJ;RJ;Saída de Pista;1;;;;;;;;;;1;;;;
02/01/2021;18:00:00;188;AC03 - Acidente sem VITIMA;77;BR-040/RJ;RJ;Choque - Objeto Fixo;1;;;;;;;;;;1;;;;
02/01/2021;18:49:00;194;AC03 - Acidente sem VITIMA;786;BR-040/MG;JF;Saída de Pista;1;;;;;;;;;;1;;;;
02/01/2021;19:15:00;203;AC03 - Acidente sem VITIMA;93;BR-040/RJ;RJ;Choque - Objeto Fixo;1;;;;;;;;;;1;;;;
02/01/2021;22:31:00;220;AC02 - Acidente com VITIMA;78;BR-040/RJ;RJ;Choque - Objeto Fixo;;;1;;;;;;;;2;;1;;
03/01/2021;00:13:00;226;AC02 - Acidente com VITIMA;109;BR-040/RJ;RJ;Capotamento;1;;;;;;;;;;0;2;;;
03/01/2021;00:22:00;227;AC04 - Atropelamento;102;BR-040/RJ;RJ;Atropelamento - Pedestre;2;;;;;;;;;;1;1;;;
03/01/2021;00:35:00;229;AC02 - Acidente com VITIMA;43;BR-040/RJ;JF;Choque - Objeto Fixo;1;;;;;;;;;;0;2;;;
03/01/2021;06:25:00;237;AC03 - Acidente sem VITIMA;117;BR-040/RJ;JF;Choque - Objeto Fixo;1;;;;;1;;;;;2;;;;
03/01/2021;06:54:00;245;AC03 - Acidente sem VITIMA;89;BR-040/RJ;RJ;Choque - Objeto Fixo;1;;;;;;;;;;1;;;;
03/01/2021;07:06:00;246;AC03 - Acidente sem VITIMA;824;BR-040/MG;JF;Choque - Objeto Fixo;1;;;;;;;;;;1;;;;
03/01/2021;07:56:00;251;AC03 - Acidente sem VITIMA;85;BR-040/RJ;JF;Choque - Objeto Fixo;1;;;;;;;;;;1;;;;
03/01/2021;08:00:00;252;AC03 - Acidente sem VITIMA;92;BR-040/RJ;RJ;Choque - Objeto Fixo;1;;;;;;;;;;1;;;;
03/01/2021;08:12:00;254;AC02 - Acidente com VITIMA;85;BR-040/RJ;RJ;Choque - Objeto Fixo;1;;;;;;;;;;0;4;1;;
03/01/2021;08:42:00;261;AC03 - Acidente sem VITIMA;94;BR-040/RJ;RJ;Choque - Objeto Fixo;1;;;;;;;;;;1;;;;
03/01/2021;08:59:00;263;AC03 - Acidente sem VITIMA;74;BR-040/RJ;JF;Choque - Objeto Fixo;1;;;;;;;;;;1;;;;
03/01/2021;10:01:00;268;AC03 - Acidente sem VITIMA;87;BR-040/RJ;RJ;Choque - Objeto Fixo;1;;;;;;;;;;1;;;;
03/01/2021;14:38:00;293;AC03 - Acidente sem VITIMA;84;BR-040/RJ;RJ;Choque - Objeto Fixo;1;;;;;;;;;;1;;;;
03/01/2021;14:42:00;295;AC02 - Acidente com VITIMA;84;BR-040/RJ;RJ;Choque - Objeto Fixo;1;;;;;;;;;;0;3;;;
03/01/2021;15:20:00;297;AC03 - Acidente sem VITIMA;84;BR-040/RJ;JF;Choque - Objeto Fixo;1;;;;;;;;;;1;;;;
03/01/2021;15:21:00;298;AC03 - Acidente sem VITIMA;84;BR-040/RJ;JF;Choque - Objeto Fixo;1;;;;;;;;;;1;;;;
03/01/2021;16:23:00;304;AC02 - Acidente com VITIMA;81;BR-040/RJ;RJ;Choque - Objeto Fixo;1;;;;;;;;;;0;;1;;
03/01/2021;17:05:00;311;AC03 - Acidente sem VITIMA;83;BR-040/RJ;JF;Choque - Objeto Fixo;1;;;;;;;;;;1;;;;
03/01/2021;17:46:00;316;AC03 - Acidente sem VITIMA;120;BR-040/RJ;JF;Colisão Lateral;1;;;;1;;;;;;2;;;;
03/01/2021;18:24:00;322;AC03 - Acidente sem VITIMA;785;BR-040/MG;JF;Saída de Pista;1;;;;;;;;;;1;;;;
03/01/2021;18:52:00;325;AC03 - Acidente sem VITIMA;74;BR-040/RJ;JF;Choque - Objeto Fixo;1;;;;;;;;;;1;;;;
03/01/2021;19:41:00;329;AC03 - Acidente sem VITIMA;774;BR-040/MG;JF;Choque - Objeto Fixo;1;;;;;;;;;;1;;;;
03/01/2021;20:13:00;332;AC03 - Acidente sem VITIMA;92;BR-040/RJ;JF;Choque - Objeto Fixo;1;;;;;;;;;;1;;;;
03/01/2021;21:35:00;342;AC02 - Acidente com VITIMA;89;BR-040/RJ;JF;Choque - Objeto Fixo;1;;;;;;;;;;0;3;;;
03/01/2021;22:40:00;345;AC03 - Acidente sem VITIMA;91;BR-040/RJ;JF;Choque - Objeto Fixo;1;;;;;;;;;;1;;;;
03/01/2021;23:37:00;351;AC02 - Acidente com VITIMA;84;BR-040/RJ;JF;Choque - Objeto Fixo;1;;;;;;;;;;0;1;;;
04/01/2021;01:09:00;361;AC02 - Acidente com VITIMA;35;BR-040/RJ;JF;Queda de Moto;;;;1;;;;;;;0;1;1;;
04/01/2021;01:37:00;364;AC03 - Acidente sem VITIMA;812;BR-040/MG;JF;Choque - Objeto Fixo;1;;;;;;;;;;1;;;;
04/01/2021;01:50:00;366;AC03 - Acidente sem VITIMA;119;BR-040/RJ;RJ;Choque - Objeto Fixo;1;;;;;;;;;;1;;;;
04/01/2021;03:55:00;374;AC03 - Acidente sem VITIMA;775;BR-040/MG;RJ;Atropelamento - Animal;1;;;;;;;;;;1;;;;
04/01/2021;04:58:00;378;AC02 - Acidente com VITIMA;97;BR-040/RJ;RJ;Capotamento;1;;;;;;;;;;0;1;;;
04/01/2021;06:40:00;391;AC03 - Acidente sem VITIMA;83;BR-040/RJ;JF;Choque - Objeto Fixo;1;;;;;;;;;;1;;;;
04/01/2021;07:35:00;400;AC03 - Acidente sem VITIMA;85;BR-040/RJ;JF;Choque - Objeto Fixo;1;;;;;;;;;;1;;;;
04/01/2021;11:18:00;435;AC03 - Acidente sem VITIMA;55;BR-040/RJ;RJ;Choque - Objeto Fixo;1;;;;;;;;;;1;;;;
04/01/2021;11:30:00;439;AC03 - Acidente sem VITIMA;114;BR-040/RJ;RJ;Queda de Moto;;;;1;;;;;;;1;;;;
04/01/2021;12:10:00;445;AC03 - Acidente sem VITIMA;119;BR-040/RJ;RJ;Capotamento;1;;;;;;;;;;1;;;;
04/01/2021;17:36:00;497;AC03 - Acidente sem VITIMA;817;BR-040/MG;JF;Choque - Objeto Fixo;1;;;;;;;;;;1;;;;
04/01/2021;17:10:00;498;AC03 - Acidente sem VITIMA;69;BR-040/RJ;JF;Colisão Traseira;2;;;;;;;;;;2;;;;
04/01/2021;17:50:00;503;AC02 - Acidente com VITIMA;84;BR-040/RJ;RJ;Capotamento;1;;;;;;;;;;0;1;;;
04/01/2021;17:57:00;506;AC03 - Acidente sem VITIMA;109;BR-040/RJ;JF;Colisão Traseira;2;;;;;;;;;;2;;;;
04/01/2021;21:08:00;521;AC02 - Acidente com VITIMA;820;BR-040/MG;RJ;Colisão Traseira;1;;1;;;;;;;;1;5;;;
04/01/2021;21:29:00;524;AC03 - Acidente sem VITIMA;121;BR-040/RJ;JF;Choque - Objeto Fixo;;;2;;;;;;;;2;;;;
05/01/2021;00:09:00;532;AC02 - Acidente com VITIMA;112;BR-040/RJ;JF;Colisão Traseira;1;;;;1;;;;;;1;3;;;
05/01/2021;06:44:00;559;AC03 - Acidente sem VITIMA;65;BR-040/RJ;RJ;Choque - Objeto Fixo;1;;;;;;;;;;1;;;;
05/01/2021;08:09:00;569;AC03 - Acidente sem VITIMA;124;BR-040/RJ;RJ;Colisão Lateral;1;;1;;;;;;;;2;;;;
05/01/2021;10:12:00;587;AC03 - Acidente sem VITIMA;85;BR-040/RJ;JF;Choque - Objeto Fixo;1;;;;;;;;;;1;;;;
05/01/2021;10:43:00;592;AC02 - Acidente com VITIMA;85;BR-040/RJ;RJ;Capotamento;1;;;;;;;;;;0;2;;;
05/01/2021;14:23:00;617;AC02 - Acidente com VITIMA;84;BR-040/RJ;RJ;Capotamento;1;;;;;;;;;;0;2;;;
05/01/2021;18:33:00;643;AC02 - Acidente com VITIMA;82;BR-040/RJ;JF;Queda de Moto;;;;1;;;;;;;0;1;;;
06/01/2021;09:51:00;693;AC02 - Acidente com VITIMA;91;BR-040/RJ;JF;Choque - Objeto Fixo;1;;;;;;;;;;0;;1;;
06/01/2021;11:06:00;699;AC02 - Acidente com VITIMA;40;BR-040/RJ;JF;Queda de Moto;;;;1;;;;;;;0;;1;;
06/01/2021;13:30:00;717;AC03 - Acidente sem VITIMA;84;BR-040/RJ;RJ;Choque - Objeto Fixo;1;;;;;;;;;;1;;;;
06/01/2021;15:32:00;734;AC02 - Acidente com VITIMA;66;BR-040/RJ;JF;Choque - Objeto Fixo;;;;;;;;;;1;0;;2;;
06/01/2021;16:15:00;738;AC03 - Acidente sem VITIMA;828;BR-040/MG;JF;Choque - Objeto Fixo;1;;;;;;;;;;1;;;;
06/01/2021;16:40:00;743;AC02 - Acidente com VITIMA;78;BR-040/RJ;RJ;Choque - Objeto Fixo;1;;;;;;;;;;0;5;;;
06/01/2021;17:16:00;746;AC03 - Acidente sem VITIMA;80;BR-040/RJ;RJ;Choque - Objeto Fixo;1;;;;;;;;;;1;;;;
06/01/2021;17:40:00;749;AC02 - Acidente com VITIMA;105;BR-040/RJ;JF;Colisão Lateral;1;;;1;;;;;;;1;1;;;
06/01/2021;18:46:00;760;AC03 - Acidente sem VITIMA;93;BR-040/RJ;RJ;Choque - Objeto Fixo;1;;;;;;;;;;1;;;;
07/01/2021;08:15:00;816;AC02 - Acidente com VITIMA;45;BR-040/RJ;JF;Choque - Objeto Fixo;;;;1;;;;;;;0;1;;;
07/01/2021;09:50:00;833;AC03 - Acidente sem VITIMA;39;BR-040/RJ;JF;Choque - Objeto Fixo;;;1;;;;;;;;1;;;;
07/01/2021;13:02:00;865;AC03 - Acidente sem VITIMA;108;BR-040/RJ;JF;Colisão Lateral;1;;1;;;;;;;;2;;;;
07/01/2021;15:09:00;881;AC03 - Acidente sem VITIMA;78;BR-040/RJ;RJ;Choque - Objeto Fixo;1;;;;;;;;;;1;;;;
07/01/2021;20:54:00;917;AC02 - Acidente com VITIMA;120;BR-040/RJ;RJ;Colisão Traseira;1;;1;;;;;;;;1;1;;;
07/01/2021;23:31:00;920;AC03 - Acidente sem VITIMA;108;BR-040/RJ;JF;Choque - Objeto Fixo;1;;;;;;;;;;1;;;;
08/01/2021;08:19:00;945;AC03 - Acidente sem VITIMA;784;BR-040/MG;JF;Capotamento;1;;;;;;;;;;1;;;;
08/01/2021;10:08:00;955;AC04 - Atropelamento;57;BR-040/RJ;RJ;Atropelamento - Pedestre;1;1;;;;;;;;;1;1;;;
08/01/2021;10:27:00;956;AC02 - Acidente com VITIMA;84;BR-040/RJ;RJ;Capotamento;1;;;;;;;;;;0;1;;;
08/01/2021;13:14:00;976;AC03 - Acidente sem VITIMA;116;BR-040/RJ;JF;Colisão Traseira;2;;;;;;;;;;2;;;;
08/01/2021;15:40:00;989;AC03 - Acidente sem VITIMA;93;BR-040/RJ;RJ;Saída de Pista;1;;;;;;;;;;1;;;;
08/01/2021;15:40:00;990;AC03 - Acidente sem VITIMA;124;BR-040/RJ;RJ;Choque - Objeto Fixo;1;;;;;;;;;;1;;;;
08/01/2021;16:28:00;996;AC03 - Acidente sem VITIMA;91;BR-040/RJ;JF;Choque - Objeto Fixo;1;;;;;;;;;;1;;;;
08/01/2021;17:10:00;1004;AC02 - Acidente com VITIMA;92;BR-040/RJ;RJ;Queda de Moto;;;;1;;;;;;;0;;1;;
08/01/2021;17:25:00;1006;AC03 - Acidente sem VITIMA;94;BR-040/RJ;RJ;Choque - Objeto Fixo;1;;;;;;;;;;1;;;;
08/01/2021;18:40:00;1015;AC03 - Acidente sem VITIMA;89;BR-040/RJ;RJ;Saída de Pista;1;;;;;;;;;;1;;;;
08/01/2021;18:42:00;1017;AC03 - Acidente sem VITIMA;94;BR-040/RJ;RJ;Choque - Objeto Fixo;1;;;;;;;;;;1;;;;
09/01/2021;02:04:00;1042;AC03 - Acidente sem VITIMA;47;BR-040/RJ;RJ;Choque - Objeto Fixo;1;;;;;;;;;;1;;;;
09/01/2021;06:06:00;1053;AC02 - Acidente com VITIMA;775;BR-040/MG;RJ;Capotamento;1;;;;;;;;;;1;;2;;
09/01/2021;06:10:00;1055;AC02 - Acidente com VITIMA;111;BR-040/RJ;RJ;Queda de Moto;;;;1;;;;;;;0;;1;;
09/01/2021;09:36:00;1066;AC02 - Acidente com VITIMA;122;BR-040/RJ;RJ;Colisão Traseira;1;;;1;;;;;;;0;3;;1;
09/01/2021;13:47:00;1098;AC03 - Acidente sem VITIMA;96;BR-040/RJ;RJ;Choque - Objeto Fixo;1;;;;;;;;;;1;;;;
09/01/2021;15:01:00;1106;AC03 - Acidente sem VITIMA;84;BR-040/RJ;JF;Choque - Objeto Fixo;1;;;;;;;;;;1;;;;
09/01/2021;15:27:00;1110;AC03 - Acidente sem VITIMA;92;BR-040/RJ;RJ;Choque - Objeto Fixo;1;;;;;;;;;;1;;;;
09/01/2021;17:36:00;1125;AC03 - Acidente sem VITIMA;90;BR-040/RJ;RJ;Capotamento;1;;;;;;;;;;1;;;;
09/01/2021;17:47:00;1126;AC03 - Acidente sem VITIMA;90;BR-040/RJ;JF;Choque - Objeto Fixo;1;;;;;;;;;;1;;;;
09/01/2021;17:52:00;1128;AC02 - Acidente com VITIMA;77;BR-040/RJ;RJ;Choque - Objeto Fixo;1;;;;;;;;;;0;1;;;
09/01/2021;18:42:00;1133;AC03 - Acidente sem VITIMA;93;BR-040/RJ;RJ;Choque - Objeto Fixo;1;;;;;;;;;;1;;;;
09/01/2021;20:22:00;1143;AC02 - Acidente com VITIMA;23;BR-040/RJ;JF;Atropelamento - Animal;1;;;;;;;;;;0;;2;;
09/01/2021;21:07:00;1147;AC03 - Acidente sem VITIMA;114;BR-040/RJ;JF;Choque - Objeto Fixo;1;;;;;;;;;;1;;;;
10/01/2021;00:20:00;1158;AC03 - Acidente sem VITIMA;97;BR-040/RJ;RJ;Choque - Objeto Fixo;1;;;;;;;;;;1;;;;
10/01/2021;01:52:00;1160;AC03 - Acidente sem VITIMA;110;BR-040/RJ;RJ;Choque - Objeto Fixo;1;;;;;;;;;;1;;;;
10/01/2021;05:26:00;1166;AC02 - Acidente com VITIMA;81;BR-040/RJ;JF;Queda de Moto;;;;1;;;;;;;0;2;;;
10/01/2021;08:57:00;1179;AC03 - Acidente sem VITIMA;110;BR-040/RJ;JF;Colisão Lateral;1;;1;;;;;;;;2;;;;
10/01/2021;11:39:00;1193;AC02 - Acidente com VITIMA;801;BR-040/MG;JF;Choque - Objeto Fixo;1;;;;;;;;;;0;5;;;
10/01/2021;13:36:00;1204;AC03 - Acidente sem VITIMA;1;BR-040/RJ;JF;Choque - Objeto Fixo;1;;;;;;;;;;1;;;;
10/01/2021;14:45:00;1212;AC03 - Acidente sem VITIMA;89;BR-040/RJ;JF;Choque - Objeto Fixo;1;;;;;;;;;;1;;;;
10/01/2021;15:46:00;1218;AC03 - Acidente sem VITIMA;114;BR-040/RJ;JF;Colisão Lateral;1;;;;;1;;;;;2;;;;
10/01/2021;16:48:00;1226;AC03 - Acidente sem VITIMA;70;BR-040/RJ;JF;Colisão Lateral;3;;;;;;;;;;3;;;;
10/01/2021;17:22:00;1233;AC03 - Acidente sem VITIMA;62;BR-040/RJ;RJ;Choque - Objeto Fixo;1;;;;;;;;;;1;;;;
10/01/2021;17:37:00;1235;AC02 - Acidente com VITIMA;79;BR-040/RJ;RJ;Colisão Traseira;2;;;;;;;;;;0;4;;;
10/01/2021;17:55:00;1236;AC03 - Acidente sem VITIMA;84;BR-040/RJ;RJ;Colisão Transversal;2;;;;;;;;;;2;;;;
10/01/2021;21:05:00;1265;AC03 - Acidente sem VITIMA;113;BR-040/RJ;JF;Choque - Objeto Fixo;1;;;;;;;;;;1;;;;
11/01/2021;03:50:00;1300;AC03 - Acidente sem VITIMA;77;BR-040/RJ;RJ;Choque - Objeto Fixo;1;;;;;;;;;;1;;;;
11/01/2021;07:10:00;1322;AC03 - Acidente sem VITIMA;787;BR-040/MG;JF;Choque - Objeto Fixo;1;;;;;;;;;;1;;;;
11/01/2021;10:05:00;1344;AC02 - Acidente com VITIMA;78;BR-040/RJ;JF;Capotamento;1;;;;;;;;;;0;2;;;
11/01/2021;10:53:00;1350;AC03 - Acidente sem VITIMA;85;BR-040/RJ;JF;Choque - Objeto Fixo;1;;;;;;;;;;1;;;;
11/01/2021;12:59:00;1367;AC02 - Acidente com VITIMA;99;BR-040/RJ;JF;Colisão Traseira;1;;;1;;;;;;;1;1;;;
11/01/2021;15:16:00;1385;AC03 - Acidente sem VITIMA;84;BR-040/RJ;RJ;Choque - Objeto Fixo;1;;;;;;;;;;1;;;;
11/01/2021;17:30:00;1405;AC02 - Acidente com VITIMA;89;BR-040/RJ;JF;Queda de Moto;;;;1;;;;;;;0;1;;;
11/01/2021;21:06:00;1421;AC02 - Acidente com VITIMA;102;BR-040/RJ;JF;Colisão Transversal;2;;;;;;;;;;1;6;;;
12/01/2021;10:42:00;1475;AC02 - Acidente com VITIMA;98;BR-040/RJ;RJ;Choque - Objeto Fixo;1;;;;;;;;;;0;3;;;
12/01/2021;12:18:00;1488;AC03 - Acidente sem VITIMA;97;BR-040/RJ;JF;Colisão Traseira;2;;;;;;;;;;2;;;;
12/01/2021;13:01:00;1491;AC03 - Acidente sem VITIMA;106;BR-040/RJ;RJ;Colisão Traseira;2;;;;;;;;;;2;;;;
12/01/2021;13:11:00;1492;AC02 - Acidente com VITIMA;109;BR-040/RJ;RJ;Queda de Moto;;;;1;;;;;;;0;;1;;
12/01/2021;19:19:00;1532;AC02 - Acidente com VITIMA;82;BR-040/RJ;RJ;Atropelamento - Pedestre;;;;1;;1;;;;;0;3;;;
13/01/2021;00:46:00;1563;AC02 - Acidente com VITIMA;41;BR-040/RJ;RJ;Tombamento;;;1;;;;;;;;0;1;;;
13/01/2021;09:06:00;1588;AC03 - Acidente sem VITIMA;122;BR-040/RJ;JF;Colisão Lateral;1;;1;;;;;;;;2;;;;
13/01/2021;10:10:00;1601;AC02 - Acidente com VITIMA;87;BR-040/RJ;RJ;Choque - Objeto Fixo;1;;;;;;;;;;0;4;;;
13/01/2021;13:41:00;1618;AC03 - Acidente sem VITIMA;91;BR-040/RJ;JF;Tombamento;1;;;;;;;;;;1;;;;
13/01/2021;15:28:00;1628;AC03 - Acidente sem VITIMA;107;BR-040/RJ;RJ;Colisão Traseira;2;;;;;;;;;;2;;;;
13/01/2021;16:13:00;1635;AC02 - Acidente com VITIMA;84;BR-040/RJ;RJ;Choque - Objeto Fixo;1;;;;;;;;;;0;1;;;
13/01/2021;16:24:00;1651;AC02 - Acidente com VITIMA;84;BR-040/RJ;RJ;Colisão Traseira;;;;;1;1;;;;;1;2;;;
13/01/2021;21:18:00;1669;AC03 - Acidente sem VITIMA;90;BR-040/RJ;JF;Colisão Lateral;1;;;;;1;;;;;2;;;;
14/01/2021;06:44:00;1698;AC02 - Acidente com VITIMA;111;BR-040/RJ;RJ;Colisão Traseira;;;1;;;1;;;;;1;1;;;
14/01/2021;08:59:00;1709;AC03 - Acidente sem VITIMA;84;BR-040/RJ;JF;Colisão Traseira;2;;;;;;;;;;2;;;;
14/01/2021;23:08:00;1786;AC02 - Acidente com VITIMA;118;BR-040/RJ;RJ;Colisão Transversal;2;;;;;;;;;;0;4;1;;
15/01/2021;02:38:00;1792;AC03 - Acidente sem VITIMA;55;BR-040/RJ;JF;Atropelamento - Animal;1;;;;;;;;;;1;;;;
15/01/2021;07:07:00;1803;AC02 - Acidente com VITIMA;87;BR-040/RJ;RJ;Queda de Moto;;;;1;;;;;;;0;1;;;
15/01/2021;11:34:00;1833;AC03 - Acidente sem VITIMA;109;BR-040/RJ;JF;Colisão Traseira;1;;;;;1;;;;;2;;;;
15/01/2021;13:07:00;1841;AC02 - Acidente com VITIMA;84;BR-040/RJ;RJ;Queda de Moto;;;;1;;;;;;;0;1;;;
15/01/2021;14:17:00;1845;AC03 - Acidente sem VITIMA;780;BR-040/MG;JF;Choque - Objeto Fixo;1;;;;;;;;;;1;;;;
15/01/2021;14:47:00;1849;AC02 - Acidente com VITIMA;111;BR-040/RJ;JF;Colisão Traseira;2;;;;;;;;;;1;1;;;
15/01/2021;16:23:00;1857;AC02 - Acidente com VITIMA;111;BR-040/RJ;JF;Engavetamento;3;;;;;;;;;;1;2;;;
15/01/2021;16:57:00;1865;AC03 - Acidente sem VITIMA;110;BR-040/RJ;JF;Colisão Traseira;1;;;;;1;;;;;2;;;;
15/01/2021;17:06:00;1869;AC03 - Acidente sem VITIMA;35;BR-040/RJ;RJ;Choque - Objeto Fixo;;;1;;;;;;;;1;;;;
16/01/2021;05:37:00;1911;AC03 - Acidente sem VITIMA;820;BR-040/MG;JF;Choque - Objeto Fixo;1;;;;;;;;;;1;;;;
16/01/2021;07:55:00;1919;AC03 - Acidente sem VITIMA;92;BR-040/RJ;JF;Colisão Lateral;;;;1;;;;;;;1;;;;
16/01/2021;08:18:00;1921;AC03 - Acidente sem VITIMA;91;BR-040/RJ;RJ;Colisão Traseira;1;;1;;;;;;;;2;;;;
16/01/2021;11:42:00;1941;AC03 - Acidente sem VITIMA;828;BR-040/MG;RJ;Capotamento;1;;;;;;;;;;1;;;;
16/01/2021;11:20:00;1943;AC03 - Acidente sem VITIMA;61;BR-040/RJ;JF;Colisão Traseira;1;;1;;;;;;;;2;;;;
16/01/2021;13:31:00;1954;AC03 - Acidente sem VITIMA;41;BR-040/RJ;JF;Colisão Traseira;1;;;;;1;;;;;2;;;;
16/01/2021;17:20:00;1972;AC03 - Acidente sem VITIMA;111;BR-040/RJ;JF;Engavetamento;2;;1;;;;;;;;3;;;;
16/01/2021;19:36:00;1985;AC02 - Acidente com VITIMA;120;BR-040/RJ;JF;Colisão Lateral;2;;;;;1;;;;;1;3;;;
17/01/2021;02:42:00;2002;AC03 - Acidente sem VITIMA;123;BR-040/RJ;RJ;Choque - Objeto Fixo;2;;;;;;;;;;2;;;;
17/01/2021;18:46:00;2067;AC03 - Acidente sem VITIMA;89;BR-040/RJ;JF;Colisão Traseira;2;;;;;;;;;;2;;;;
17/01/2021;19:51:00;2073;AC03 - Acidente sem VITIMA;120;BR-040/RJ;JF;Choque - Objeto Fixo;1;;;;;;;;;;1;;;;
18/01/2021;10:12:00;2124;AC03 - Acidente sem VITIMA;111;BR-040/RJ;RJ;Engavetamento;3;;;;;;;;;;3;;;;
18/01/2021;12:05:00;2140;AC03 - Acidente sem VITIMA;787;BR-040/MG;JF;Choque - Objeto Fixo;1;;;;;;;;;;1;;;;
18/01/2021;16:22:00;2170;AC03 - Acidente sem VITIMA;89;BR-040/RJ;RJ;Choque - Objeto Fixo;;;1;;;;;;;;1;;;;
19/01/2021;08:11:00;2234;AC02 - Acidente com VITIMA;70;BR-040/RJ;JF;Queda de Moto;;;;1;;;;;;;0;2;;;