data;horario;n_da_ocorrencia;tipo_de_ocorrencia;km;trecho;sentido;tipo_de_acidente;automovel;bicicleta;caminhao;moto;onibus;outros;tracao_animal;transporte_de_cargas_especiais;trator_maquinas;utilitarios;ilesos;levemente_feridos;moderadamente_feridos;gravemente_feridos;mortos
19/01/2021;12:32:00;2263;AC02 - Acidente com VITIMA;21;BR-040/RJ;JF;Saída de Pista;;;1;;;;;;;;0;1;;;
19/01/2021;13:34:00;2269;AC03 - Acidente sem VITIMA;786;BR-040/MG;JF;Choque - Objeto Fixo;1;;;;;;;;;;1;;;;
19/01/2021;15:33:00;2282;AC02 - Acidente com VITIMA;58;BR-040/RJ;RJ;Colisão Lateral;;;2;;;1;;;;;2;1;;;
19/01/2021;15:56:00;2286;AC03 - Acidente sem VITIMA;81;BR-040/RJ;RJ;Saída de Pista;;;1;;;;;;;;1;;;;
19/01/2021;17:05:00;2292;AC03 - Acidente sem VITIMA;101;BR-040/RJ;JF;Choque - Objeto Fixo;1;;;;;;;;;;1;;;;
20/01/2021;08:08:00;2336;AC02 - Acidente com VITIMA;120;BR-040/RJ;RJ;Colisão Lateral;1;;;1;;;;;;;0;2;;;
20/01/2021;09:34:00;2348;AC03 - Acidente sem VITIMA;84;BR-040/RJ;JF;Choque - Objeto Fixo;1;;;;;;;;;;1;;;;
20/01/2021;13:51:00;2365;AC02 - Acidente com VITIMA;105;BR-040/RJ;JF;Colisão Frontal;1;;;1;;;;;;;0;3;;;
20/01/2021;17:50:00;2387;AC02 - Acidente com VITIMA;45;BR-040/RJ;JF;Colisão Lateral;;1;;1;;;;;;;1;1;;;
21/01/2021;08:32:00;2436;AC02 - Acidente com VITIMA;119;BR-040/RJ;RJ;Colisão Traseira;;;1;1;;;;;;;1;;1;;
21/01/2021;16:00:00;2477;AC03 - Acidente sem VITIMA;108;BR-040/RJ;JF;Choque - Objeto Fixo;1;;;;;;;;;;1;;;;
21/01/2021;19:22:00;2500;AC02 - Acidente com VITIMA;85;BR-040/RJ;JF;Capotamento;1;;;;;;;;;;0;1;;;
22/01/2021;15:38:00;2584;AC03 - Acidente sem VITIMA;85;BR-040/RJ;JF;Choque - Objeto Fixo;1;;1;;;;;;;;2;;;;
22/01/2021;15:52:00;2587;AC03 - Acidente sem VITIMA;89;BR-040/RJ;RJ;Choque - Objeto Fixo;1;;;;;;;;;;1;;;;
22/01/2021;16:15:00;2592;AC03 - Acidente sem VITIMA;99;BR-040/RJ;JF;Choque - Objeto Fixo;1;;;;;;;;;;1;;;;
22/01/2021;16:54:00;2596;AC02 - Acidente com VITIMA;31;BR-040/RJ;RJ;Tombamento;;;1;;;1;;;;;1;1;;;
22/01/2021;18:50:00;2604;AC03 - Acidente sem VITIMA;77;BR-040/RJ;RJ;Choque - Objeto Fixo;1;;;;;;;;;;1;;;;
22/01/2021;19:05:00;2606;AC03 - Acidente sem VITIMA;90;BR-040/RJ;JF;Tombamento;1;;;;;;;;;;1;;;;
22/01/2021;19:05:00;2607;AC03 - Acidente sem VITIMA;87;BR-040/RJ;RJ;Choque - Objeto Fixo;1;;;;;;;;;;1;;;;
22/01/2021;21:50:00;2621;AC03 - Acidente sem VITIMA;117;BR-040/RJ;RJ;Choque - Objeto Fixo;1;;;;;;;;;;1;;;;
22/01/2021;23:45:00;2635;AC03 - Acidente sem VITIMA;101;BR-040/RJ;JF;Choque - Objeto Fixo;1;;;;;;;;;;1;;;;
23/01/2021;03:02:00;2643;AC01 - Acidente com VITIMA FATAL;104;BR-040/RJ;RJ;Colisão Traseira;1;1;;;;;;;;;1;;;;1
23/01/2021;04:31:00;2646;AC03 - Acidente sem VITIMA;70;BR-040/RJ;RJ;Capotamento;1;;;;;;;;;;1;;;;
23/01/2021;14:36:00;2690;AC02 - Acidente com VITIMA;104;BR-040/RJ;JF;Colisão Lateral;1;;;1;;;;;;;0;1;1;;
23/01/2021;16:42:00;2704;AC03 - Acidente sem VITIMA;93;BR-040/RJ;RJ;Tombamento;1;;;;;;;;;;1;;;;
24/01/2021;13:55:00;2775;AC03 - Acidente sem VITIMA;84;BR-040/RJ;RJ;Choque - Objeto Fixo;1;;;;;;;;;;1;;;;
24/01/2021;15:41:00;2787;AC03 - Acidente sem VITIMA;52;BR-040/RJ;JF;Capotamento;1;;;;;;;;;;1;;;;
24/01/2021;17:49:00;2801;AC02 - Acidente com VITIMA;113;BR-040/RJ;JF;Saída de Pista;1;;;;;;;;;;0;1;;;
24/01/2021;17:53:00;2807;AC03 - Acidente sem VITIMA;790;BR-040/MG;JF;Choque - Objeto Fixo;1;;;;;;;;;;1;;;;
24/01/2021;18:21:00;2809;AC02 - Acidente com VITIMA;109;BR-040/RJ;JF;Colisão Lateral;2;;;;;;;;;;1;1;;;
24/01/2021;19:54:00;2818;AC03 - Acidente sem VITIMA;93;BR-040/RJ;JF;Colisão Traseira;1;;;1;;;;;;;2;;;;
24/01/2021;23:36:00;2833;AC02 - Acidente com VITIMA;108;BR-040/RJ;JF;Queda de Moto;;;;1;;;;;;;1;1;;;
25/01/2021;00:30:00;2837;AC02 - Acidente com VITIMA;118;BR-040/RJ;JF;Choque - Objeto Fixo;;;;1;;;;;;;0;1;;;
25/01/2021;06:18:00;2846;AC03 - Acidente sem VITIMA;113;BR-040/RJ;RJ;Choque - Objeto Fixo;;;1;;;;;;;;1;;;;
25/01/2021;07:54:00;2855;AC03 - Acidente sem VITIMA;82;BR-040/RJ;RJ;Choque - Objeto Fixo;;;1;;;2;;;;;3;;;;
25/01/2021;11:44:00;2878;AC02 - Acidente com VITIMA;81;BR-040/RJ;JF;Queda de Moto;;;;1;;;;;;;0;1;;;
25/01/2021;14:50:00;2904;AC03 - Acidente sem VITIMA;16;BR-040/RJ;JF;Choque - Objeto Fixo;1;;;;;;;;;;1;;;;
25/01/2021;20:15:00;2929;AC02 - Acidente com VITIMA;789;BR-040/MG;RJ;Colisão Traseira;1;;;1;;;;;;;1;1;;;
25/01/2021;20:34:00;2930;AC03 - Acidente sem VITIMA;94;BR-040/RJ;JF;Choque - Objeto Fixo;1;;;;;;;;;;1;;;;
25/01/2021;22:58:00;2941;AC03 - Acidente sem VITIMA;85;BR-040/RJ;JF;Choque - Objeto Fixo;1;;;;;;;;;;1;;;;
26/01/2021;03:54:00;2951;AC02 - Acidente com VITIMA;76;BR-040/RJ;RJ;Tombamento;;;1;;;;;;;;0;;1;;
26/01/2021;05:42:00;2954;AC03 - Acidente sem VITIMA;92;BR-040/RJ;RJ;Choque - Objeto Fixo;;;1;;;;;;;;1;;;;
26/01/2021;22:51:00;3033;AC03 - Acidente sem VITIMA;116;BR-040/RJ;JF;Saída de Pista;1;;;;;;;;;;1;;;;
27/01/2021;05:59:00;3048;AC02 - Acidente com VITIMA;51;BR-040/RJ;RJ;Choque - Objeto Fixo;1;;;;;;;;;;0;;1;;
27/01/2021;09:03:00;3059;AC02 - Acidente com VITIMA;804;BR-040/MG;JF;Colisão Traseira;;;;1;;1;;;;;1;;1;;
27/01/2021;13:29:00;3080;AC03 - Acidente sem VITIMA;115;BR-040/RJ;JF;Colisão Traseira;2;;;;;;;;;;2;;;;
27/01/2021;13:44:00;3082;AC02 - Acidente com VITIMA;116;BR-040/RJ;JF;Colisão Lateral;1;;;1;;;;;;;1;2;;;
27/01/2021;15:24:00;3086;AC02 - Acidente com VITIMA;84;BR-040/RJ;JF;Capotamento;1;;;;;;;;;;0;1;;;
28/01/2021;08:12:00;3161;AC02 - Acidente com VITIMA;97;BR-040/RJ;JF;Colisão Traseira;2;;;;;;;;;;1;;1;;
28/01/2021;14:53:00;3210;AC03 - Acidente sem VITIMA;124;BR-040/RJ;JF;Colisão Lateral;1;;;;;1;;;;;2;;;;
28/01/2021;15:23:00;3214;AC03 - Acidente sem VITIMA;94;BR-040/RJ;RJ;Queda de Moto;;;;1;;;;;;;1;;;;
28/01/2021;16:42:00;3225;AC03 - Acidente sem VITIMA;122;BR-040/RJ;JF;Colisão Lateral;1;;;;;1;;;;;2;;;;
28/01/2021;17:12:00;3228;AC03 - Acidente sem VITIMA;85;BR-040/RJ;JF;Engavetamento;2;;1;;;;;;;;3;;;;
28/01/2021;17:59:00;3233;AC03 - Acidente sem VITIMA;114;BR-040/RJ;RJ;Colisão Lateral;1;;;;1;;;;;;2;;;;
28/01/2021;19:50:00;3245;AC03 - Acidente sem VITIMA;14;BR-040/RJ;RJ;Atropelamento - Animal;1;;;;;;;;;;1;;;;
29/01/2021;06:42:00;3278;AC03 - Acidente sem VITIMA;108;BR-040/RJ;JF;Colisão Traseira;;;2;;;;;;;;2;;;;
29/01/2021;09:35:00;3298;AC03 - Acidente sem VITIMA;112;BR-040/RJ;JF;Choque - Objeto Fixo;1;;;;;;;;;;1;;;;
29/01/2021;11:23:00;3316;AC03 - Acidente sem VITIMA;86;BR-040/RJ;JF;Colisão Traseira;2;;;;;;;;;;2;;;;
29/01/2021;13:35:00;3331;AC02 - Acidente com VITIMA;37;BR-040/RJ;RJ;Queda de Moto;;;;1;;;;;;;0;1;;;
29/01/2021;16:20:00;3348;AC02 - Acidente com VITIMA;123;BR-040/RJ;RJ;Colisão Lateral;1;;;1;;;;;;;1;1;;;
29/01/2021;18:10:00;3360;AC03 - Acidente sem VITIMA;97;BR-040/RJ;JF;Engavetamento;3;;;;;;;;;;3;;;;
30/01/2021;02:57:00;3405;AC02 - Acidente com VITIMA;72;BR-040/RJ;RJ;Tombamento;;;1;;;;;;;;0;1;;;
30/01/2021;03:19:00;3410;AC02 - Acidente com VITIMA;104;BR-040/RJ;RJ;Capotamento;1;;;;;;;;;;0;1;;;
30/01/2021;13:10:00;3459;AC02 - Acidente com VITIMA;118;BR-040/RJ;JF;Capotamento;1;;;;;;;;;;0;3;2;;
30/01/2021;19:59:00;3506;AC02 - Acidente com VITIMA;815;BR-040/MG;RJ;Capotamento;1;;;;;;;;;;0;4;;1;
31/01/2021;01:41:00;3527;AC02 - Acidente com VITIMA;54;BR-040/RJ;RJ;Queda de Moto;;;;1;;;;;;;0;;;1;
31/01/2021;07:11:00;3540;AC03 - Acidente sem VITIMA;107;BR-040/RJ;JF;Colisão Traseira;;;1;;;1;;;;;2;;;;
31/01/2021;10:41:00;3559;AC02 - Acidente com VITIMA;52;BR-040/RJ;JF;Queda de Moto;;;;1;;;;;;;0;1;;;
31/01/2021;15:34:00;3583;AC03 - Acidente sem VITIMA;92;BR-040/RJ;JF;Choque - Objeto Fixo;1;;;;;;;;;;1;;;;
31/01/2021;16:41:00;3588;AC03 - Acidente sem VITIMA;111;BR-040/RJ;JF;Colisão Traseira;2;;;;;;;;;;2;;;;
31/01/2021;17:30:00;3594;AC03 - Acidente sem VITIMA;68;BR-040/RJ;JF;Choque - Objeto Fixo;1;;;;;;;;;;1;;;;
31/01/2021;23:02:00;3623;AC03 - Acidente sem VITIMA;826;BR-040/MG;JF;Atropelamento - Animal;1;;;;;;;;;;1;;;;
01/02/2021;07:26:00;26;AC02 - Acidente com VITIMA;116;BR-040/RJ;JF;Colisão Traseira;;;1;1;;;;;;;1;1;;;
01/02/2021;08:12:00;32;AC03 - Acidente sem VITIMA;113;BR-040/RJ;RJ;Colisão Traseira;;;1;;1;;;;;;2;;;;
01/02/2021;10:53:00;45;AC02 - Acidente com VITIMA;105;BR-040/RJ;JF;Queda de Moto;1;;;1;;;;;;;1;1;;;
01/02/2021;15:53:00;79;AC03 - Acidente sem VITIMA;25;BR-040/RJ;JF;Choque - Objeto Fixo;1;;;;;;;;;;1;;;;
01/02/2021;17:30:00;89;AC03 - Acidente sem VITIMA;88;BR-040/RJ;JF;Colisão Lateral;1;;1;;;;;;;;2;;;;
02/02/2021;03:12:00;119;AC02 - Acidente com VITIMA;54;BR-040/RJ;RJ;Choque - Objeto Fixo;2;;;;;;;;;;0;3;;;
02/02/2021;11:51:00;167;AC03 - Acidente sem VITIMA;123;BR-040/RJ;JF;Colisão Traseira;2;;;;;;;;;;2;;;;
02/02/2021;12:26:00;171;AC03 - Acidente sem VITIMA;777;BR-040/MG;RJ;Tombamento;;;1;;;;;;;;1;;;;
02/02/2021;14:57:00;195;AC02 - Acidente com VITIMA;94;BR-040/RJ;RJ;Choque - Objeto Fixo;1;;;;;;;;;;0;1;;;
03/02/2021;12:09:00;296;AC03 - Acidente sem VITIMA;92;BR-040/RJ;RJ;Choque - Objeto Fixo;1;;;;;;;;;;1;;;;
03/02/2021;16:06:00;319;AC03 - Acidente sem VITIMA;123;BR-040/RJ;JF;Colisão Traseira;2;;;;;;;;;;2;;;;
03/02/2021;17:32:00;331;AC02 - Acidente com VITIMA;111;BR-040/RJ;RJ;Colisão Lateral;1;;;1;;;;;;;1;1;;;
04/02/2021;04:29:00;359;AC02 - Acidente com VITIMA;97;BR-040/RJ;RJ;Atropelamento - Animal;1;;;;;;;;;;0;1;;;
04/02/2021;10:39:00;392;AC02 - Acidente com VITIMA;53;BR-040/RJ;JF;Colisão Traseira;1;;1;;;;;;;;1;3;;;
04/02/2021;12:25:00;408;AC03 - Acidente sem VITIMA;93;BR-040/RJ;RJ;Choque - Objeto Fixo;1;;;;;;;;;;1;;;;
04/02/2021;13:09:00;413;AC03 - Acidente sem VITIMA;98;BR-040/RJ;RJ;Choque - Objeto Fixo;1;;;;;;;;;;1;;;;
04/02/2021;17:37:00;451;AC03 - Acidente sem VITIMA;10;BR-040/RJ;JF;Choque - Objeto Fixo;1;;;;;;;;;;1;;;;
04/02/2021;17:53:00;453;AC04 - Atropelamento;123;BR-040/RJ;JF;Atropelamento - Pedestre;;;;1;;1;;;;;1;;1;;
05/02/2021;01:57:00;492;AC02 - Acidente com VITIMA;124;BR-040/RJ;RJ;Colisão Frontal;1;;;1;;;;;;;1;;2;;
05/02/2021;07:37:00;501;AC03 - Acidente sem VITIMA;72;BR-040/RJ;JF;Colisão Lateral;1;;1;;;;;;;;2;;;;
05/02/2021;07:41:00;503;AC03 - Acidente sem VITIMA;72;BR-040/RJ;JF;Choque - Objeto Fixo;1;;;;;;;;;;1;;;;
05/02/2021;08:15:00;509;AC03 - Acidente sem VITIMA;117;BR-040/RJ;JF;Colisão Lateral;2;;;;;1;;;;;3;;;;
05/02/2021;08:30:00;510;AC03 - Acidente sem VITIMA;92;BR-040/RJ;RJ;Choque - Objeto Fixo;1;;;;;;;;;;1;;;;
05/02/2021;08:34:00;511;AC03 - Acidente sem VITIMA;75;BR-040/RJ;RJ;Choque - Objeto Fixo;1;;;;;;;;;;1;;;;
05/02/2021;08:36:00;512;AC03 - Acidente sem VITIMA;63;BR-040/RJ;JF;Choque - Objeto Fixo;1;;;;;;;;;;1;;;;
05/02/2021;09:11:00;517;AC03 - Acidente sem VITIMA;75;BR-040/RJ;RJ;Choque - Objeto Fixo;1;;;;;;;;;;1;;;;
05/02/2021;09:23:00;518;AC03 - Acidente sem VITIMA;94;BR-040/RJ;RJ;Choque - Objeto Fixo;1;;;;;;;;;;1;;;;
05/02/2021;15:06:00;563;AC03 - Acidente sem VITIMA;116;BR-040/RJ;JF;Colisão Lateral;1;;;;1;;;;;1;3;;;;
05/02/2021;16:51:00;575;AC02 - Acidente com VITIMA;797;BR-040/MG;JF;Colisão Traseira;1;;;1;;;;;;;1;;;1;
05/02/2021;18:01:00;588;AC02 - Acidente com VITIMA;88;BR-040/RJ;JF;Choque - Objeto Fixo;1;;;;;;;;;;0;2;;;
05/02/2021;18:54:00;597;AC03 - Acidente sem VITIMA;120;BR-040/RJ;JF;Choque - Objeto Fixo;1;;;;;;;;;;1;;;;
05/02/2021;19:29:00;602;AC03 - Acidente sem VITIMA;120;BR-040/RJ;JF;Engavetamento;1;;;;;2;;;;;3;;;;
05/02/2021;20:31:00;606;AC03 - Acidente sem VITIMA;93;BR-040/RJ;RJ;Saída de Pista;1;;;;;;;;;;1;;;;
05/02/2021;20:37:00;607;AC03 - Acidente sem VITIMA;115;BR-040/RJ;JF;Colisão Lateral;2;;;;;;;;;;2;;;;
05/02/2021;20:52:00;608;AC03 - Acidente sem VITIMA;34;BR-040/RJ;JF;Choque - Objeto Fixo;1;;;;;;;;;;1;;;;
05/02/2021;23:07:00;618;AC02 - Acidente com VITIMA;93;BR-040/RJ;RJ;Capotamento;1;;;;;;;;;;0;2;;;
06/02/2021;02:01:00;639;AC03 - Acidente sem VITIMA;96;BR-040/RJ;RJ;Choque - Objeto Fixo;1;;;;;;;;;;1;;;;
06/02/2021;06:43:00;651;AC03 - Acidente sem VITIMA;43;BR-040/RJ;JF;Choque - Objeto Fixo;1;;;;;;;;;;1;;;;
06/02/2021;06:48:00;652;AC03 - Acidente sem VITIMA;87;BR-040/RJ;JF;Choque - Objeto Fixo;1;;;;;;;;;;1;;;;
06/02/2021;08:24:00;663;AC02 - Acidente com VITIMA;122;BR-040/RJ;JF;Choque - Objeto Fixo;1;;;;;;;;;;0;1;;;
06/02/2021;08:25:00;664;AC03 - Acidente sem VITIMA;80;BR-040/RJ;RJ;Choque - Objeto Fixo;1;;;;;;;;;;1;;;;
06/02/2021;08:32:00;666;AC02 - Acidente com VITIMA;84;BR-040/RJ;JF;Choque - Objeto Fixo;1;;;;;;;;;;0;1;;;
06/02/2021;08:35:00;667;AC02 - Acidente com VITIMA;91;BR-040/RJ;RJ;Capotamento;1;;;;;;;;;;0;1;1;;
06/02/2021;09:04:00;670;AC03 - Acidente sem VITIMA;82;BR-040/RJ;RJ;Choque - Objeto Fixo;1;;;;;;;;;;1;;;;
06/02/2021;09:18:00;672;AC03 - Acidente sem VITIMA;1;BR-040/RJ;JF;Choque - Objeto Fixo;1;;;;;;;;;;1;;;;
06/02/2021;09:48:00;675;AC03 - Acidente sem VITIMA;82;BR-040/RJ;JF;Choque - Objeto Fixo;1;;;;;;;;;;1;;;;
06/02/2021;10:34:00;680;AC03 - Acidente sem VITIMA;76;BR-040/RJ;RJ;Choque - Objeto Fixo;1;;;;;;;;;;1;;;;
06/02/2021;10:47:00;682;AC03 - Acidente sem VITIMA;94;BR-040/RJ;RJ;Saída de Pista;1;;;;;;;;;;1;;;;
06/02/2021;11:00:00;684;AC03 - Acidente sem VITIMA;31;BR-040/RJ;RJ;Choque - Objeto Fixo;1;;;;;;;;;;1;;;;
06/02/2021;11:01:00;685;AC03 - Acidente sem VITIMA;32;BR-040/RJ;JF;Choque - Objeto Fixo;1;;;;;;;;;;1;;;;
06/02/2021;10:59:00;687;AC03 - Acidente sem VITIMA;78;BR-040/RJ;RJ;Choque - Objeto Fixo;1;;;;;;;;;;1;;;;
06/02/2021;11:14:00;688;AC03 - Acidente sem VITIMA;93;BR-040/RJ;RJ;Choque - Objeto Fixo;1;;;;;;;;;;1;;;;
06/02/2021;11:14:00;689;AC03 - Acidente sem VITIMA;93;BR-040/RJ;RJ;Choque - Objeto Fixo;1;;;;;;;;;;1;;;;
06/02/2021;11:22:00;690;AC02 - Acidente com VITIMA;90;BR-040/RJ;RJ;Choque - Objeto Fixo;1;;;;;;;;;;0;4;;;
06/02/2021;12:07:00;698;AC03 - Acidente sem VITIMA;87;BR-040/RJ;RJ;Capotamento;1;;;;;;;;;;1;;;;
06/02/2021;12:37:00;702;AC02 - Acidente com VITIMA;74;BR-040/RJ;RJ;Capotamento;1;;;;;;;;;;0;2;;;
06/02/2021;13:24:00;708;AC02 - Acidente com VITIMA;87;BR-040/RJ;JF;Choque - Objeto Fixo;1;;;;;;;;;;0;1;;;
06/02/2021;13:40:00;712;AC02 - Acidente com VITIMA;2;BR-040/RJ;JF;Choque - Objeto Fixo;;;1;;;;;;;;0;1;;;
06/02/2021;13:42:00;713;AC03 - Acidente sem VITIMA;91;BR-040/RJ;JF;Choque - Objeto Fixo;1;;;;;;;;;;1;;;;
06/02/2021;15:19:00;720;AC03 - Acidente sem VITIMA;94;BR-040/RJ;RJ;Choque - Objeto Fixo;1;;;;;;;;;;0;;;;
06/02/2021;15:35:00;723;AC03 - Acidente sem VITIMA;84;BR-040/RJ;RJ;Choque - Objeto Fixo;1;;;;;;;;;;1;;;;
06/02/2021;17:26:00;740;AC03 - Acidente sem VITIMA;91;BR-040/RJ;JF;Choque - Objeto Fixo;1;;;;;;;;;;1;;;;
06/02/2021;18:11:00;746;AC03 - Acidente sem VITIMA;782;BR-040/MG;JF;Choque - Objeto Fixo;1;;;;;;;;;;1;;;;
06/02/2021;18:44:00;749;AC02 - Acidente com VITIMA;91;BR-040/RJ;RJ;Saída de Pista;1;;;;;;;;;;0;2;;;
06/02/2021;20:25:00;759;AC03 - Acidente sem VITIMA;78;BR-040/RJ;RJ;Choque - Objeto Fixo;1;;;;;;;;;;1;;;;
07/02/2021;03:23:00;777;AC03 - Acidente sem VITIMA;782;BR-040/MG;RJ;Choque - Objeto Fixo;1;;;;;;;;;;1;;;;
07/02/2021;05:08:00;779;AC03 - Acidente sem VITIMA;790;BR-040/MG;RJ;Saída de Pista;1;;;;;;;;;;1;;;;
07/02/2021;05:57:00;782;AC02 - Acidente com VITIMA;108;BR-040/RJ;JF;Tombamento;;;1;;;2;;;;;2;1;;;
07/02/2021;12:48:00;814;AC03 - Acidente sem VITIMA;93;BR-040/RJ;RJ;Choque - Objeto Fixo;1;;;;;;;;;;1;;;;
07/02/2021;13:29:00;819;AC02 - Acidente com VITIMA;90;BR-040/RJ;JF;Choque - Objeto Fixo;1;;;;;;;;;;0;1;;;
07/02/2021;14:15:00;825;AC02 - Acidente com VITIMA;78;BR-040/RJ;RJ;Choque - Objeto Fixo;1;;;;;;;;;;0;3;;;
07/02/2021;15:36:00;833;AC02 - Acidente com VITIMA;60;BR-040/RJ;RJ;Capotamento;1;;;;;;;;;;0;1;;;
07/02/2021;15:31:00;834;AC03 - Acidente sem VITIMA;78;BR-040/RJ;RJ;Choque - Objeto Fixo;1;;;;;;;;;;1;;;;
07/02/2021;16:09:00;837;AC03 - Acidente sem VITIMA;82;BR-040/RJ;RJ;Choque - Objeto Fixo;1;;;;;;;;;;1;;;;
07/02/2021;16:21:00;840;AC03 - Acidente sem VITIMA;93;BR-040/RJ;RJ;Choque - Objeto Fixo;1;;;;;;;;;;1;;;;
07/02/2021;16:21:00;841;AC03 - Acidente sem VITIMA;92;BR-040/RJ;RJ;Choque - Objeto Fixo;1;;;;;;;;;;1;;;;
07/02/2021;16:26:00;843;AC03 - Acidente sem VITIMA;91;BR-040/RJ;JF;Choque - Objeto Fixo;1;;;;;;;;;;1;;;;
07/02/2021;16:46:00;847;AC03 - Acidente sem VITIMA;78;BR-040/RJ;RJ;Choque - Objeto Fixo;1;;;;;;;;;;1;;;;
07/02/2021;17:01:00;850;AC02 - Acidente com VITIMA;41;BR-040/RJ;JF;Saída de Pista;1;;;;;;;;;;0;2;;;
07/02/2021;17:00:00;851;AC03 - Acidente sem VITIMA;782;BR-040/MG;JF;Choque - Objeto Fixo;1;;;;;;;;;;1;;;;
07/02/2021;17:50:00;860;AC03 - Acidente sem VITIMA;75;BR-040/RJ;RJ;Saída de Pista;1;;;;;;;;;;1;;;;
07/02/2021;18:10:00;862;AC03 - Acidente sem VITIMA;76;BR-040/RJ;RJ;Choque - Objeto Fixo;1;;;;;;;;;;1;;;;
07/02/2021;18:21:00;863;AC02 - Acidente com VITIMA;43;BR-040/RJ;JF;Choque - Objeto Fixo;1;;;;;;;;;;0;2;;;
07/02/2021;18:29:00;864;AC03 - Acidente sem VITIMA;796;BR-040/MG;RJ;Choque - Objeto Fixo;1;;;;;;;;;;1;;;;
07/02/2021;18:47:00;865;AC03 - Acidente sem VITIMA;827;BR-040/MG;RJ;Choque - Objeto Fixo;1;;;;;;;;;;1;;;;
07/02/2021;19:10:00;868;AC03 - Acidente sem VITIMA;74;BR-040/RJ;JF;Choque - Objeto Fixo;1;;;;;;;;;;1;;;;
08/02/2021;00:47:00;888;AC03 - Acidente sem VITIMA;113;BR-040/RJ;RJ;Saída de Pista;1;;;;;;;;;;1;;;;
08/02/2021;01:36:00;892;AC03 - Acidente sem VITIMA;54;BR-040/RJ;JF;;1;;;;;;;;;;1;;;;
08/02/2021;05:38:00;905;AC03 - Acidente sem VITIMA;113;BR-040/RJ;RJ;Colisão Traseira;2;;1;;;;;;;;3;;;;
08/02/2021;09:30:00;923;AC03 - Acidente sem VITIMA;75;BR-040/RJ;RJ;Choque - Objeto Fixo;1;;;;;;;;;;1;;;;
08/02/2021;09:30:00;924;AC02 - Acidente com VITIMA;75;BR-040/RJ;RJ;Capotamento;1;;;;;;;;;;0;3;;;
08/02/2021;09:54:00;930;AC03 - Acidente sem VITIMA;81;BR-040/RJ;RJ;Choque - Objeto Fixo;1;;;;;;;;;;1;;;;
08/02/2021;09:55:00;931;AC03 - Acidente sem VITIMA;74;BR-040/RJ;JF;Choque - Objeto Fixo;1;;;;;;;;;;1;;;;
08/02/2021;10:24:00;935;AC03 - Acidente sem VITIMA;787;BR-040/MG;JF;Choque - Objeto Fixo;1;;;;;;;;;;1;;;;
08/02/2021;11:19:00;940;AC03 - Acidente sem VITIMA;112;BR-040/RJ;RJ;Engavetamento;3;;1;;;;;;;;4;;;;
08/02/2021;12:39:00;946;AC03 - Acidente sem VITIMA;86;BR-040/RJ;JF;Choque - Objeto Fixo;1;;;;;;;;;;1;;;;
08/02/2021;12:40:00;947;AC02 - Acidente com VITIMA;88;BR-040/RJ;JF;Capotamento;1;;;;;;;;;;0;3;;;
08/02/2021;13:08:00;949;AC03 - Acidente sem VITIMA;93;BR-040/RJ;RJ;Choque - Objeto Fixo;1;;;;;;;;;;1;;;;
08/02/2021;13:29:00;952;AC03 - Acidente sem VITIMA;68;BR-040/RJ;JF;Choque - Objeto Fixo;1;;;;;;;;;;1;;;;
08/02/2021;14:25:00;963;AC03 - Acidente sem VITIMA;92;BR-040/RJ;JF;Choque - Objeto Fixo;1;;;;;;;;;;1;;;;
08/02/2021;15:50:00;971;AC02 - Acidente com VITIMA;82;BR-040/RJ;RJ;Choque - Objeto Fixo;1;;;;;;;;;;0;1;;;
08/02/2021;17:37:00;979;AC03 - Acidente sem VITIMA;13;BR-040/RJ;RJ;Choque - Objeto Fixo;1;;;;;;;;;;1;;;;
08/02/2021;20:00:00;991;AC02 - Acidente com VITIMA;93;BR-040/RJ;RJ;Capotamento;1;;;;;;;;;;0;1;;;
08/02/2021;21:25:00;996;AC02 - Acidente com VITIMA;90;BR-040/RJ;RJ;Choque - Objeto Fixo;1;;;;;;;;;;0;2;;;
09/02/2021;08:25:00;1030;AC03 - Acidente sem VITIMA;123;BR-040/RJ;JF;Tombamento;;;1;;;;;;;;1;;;;
09/02/2021;13:10:00;1058;AC02 - Acidente com VITIMA;104;BR-040/RJ;RJ;Colisão Traseira;2;;;;;;;;;;1;5;;;
09/02/2021;13:14:00;1059;AC03 - Acidente sem VITIMA;93;BR-040/RJ;RJ;Choque - Objeto Fixo;1;;;;;;;;;;1;;;;
09/02/2021;14:00:00;1062;AC03 - Acidente sem VITIMA;92;BR-040/RJ;RJ;Choque - Objeto Fixo;1;;;;;;;;;;1;;;;
09/02/2021;14:37:00;1065;AC03 - Acidente sem VITIMA;39;BR-040/RJ;RJ;Choque - Objeto Fixo;1;;;;;;;;;;1;;;;
09/02/2021;14:51:00;1067;AC03 - Acidente sem VITIMA;91;BR-040/RJ;JF;Choque - Objeto Fixo;1;;;;;;;;;;1;;;;
09/02/2021;14:55:00;1068;AC02 - Acidente com VITIMA;91;BR-040/RJ;RJ;Capotamento;1;;;;;;;;;;0;4;;;
09/02/2021;14:58:00;1070;AC03 - Acidente sem VITIMA;78;BR-040/RJ;RJ;Choque - Objeto Fixo;1;;;;;;;;;;1;;;;
09/02/2021;18:52:00;1093;AC03 - Acidente sem VITIMA;107;BR-040/RJ;JF;Engavetamento;3;;;;;;;;;;3;;;;
10/02/2021;02:55:00;1116;AC04 - Atropelamento;101;BR-040/RJ;RJ;Atropelamento - Pedestre;;;1;;;1;;;;;1;;;1;