data;horario;n_da_ocorrencia;tipo_de_ocorrencia;km;trecho;sentido;tipo_de_acidente;automovel;bicicleta;caminhao;moto;onibus;outros;tracao_animal;transporte_de_cargas_especiais;trator_maquinas;utilitarios;ilesos;levemente_feridos;moderadamente_feridos;gravemente_feridos;mortos
07/03/2021;00:24:00;715;AC04 - Atropelamento;787;BR-040/MG;JF;Atropelamento - Pedestre;;;1;1;;;;;;;1;1;;;
07/03/2021;01:34:00;717;AC03 - Acidente sem VITIMA;113;BR-040/RJ;RJ;Colisão Frontal;;;2;;;;;;;;2;;;;
07/03/2021;02:39:00;720;AC03 - Acidente sem VITIMA;113;BR-040/RJ;RJ;Colisão Traseira;;;1;1;;;;;;;2;;;;
07/03/2021;08:12:00;731;AC03 - Acidente sem VITIMA;93;BR-040/RJ;RJ;Choque - Objeto Fixo;;;1;;;;;;;;1;;;;
07/03/2021;08:42:00;733;AC01 - Acidente com VITIMA FATAL;30;BR-040/RJ;JF;Tombamento;;;;;1;;;;1;;1;;;;1
07/03/2021;09:27:00;735;AC03 - Acidente sem VITIMA;93;BR-040/RJ;RJ;Choque - Objeto Fixo;;;1;;;;;;;;1;;;;
07/03/2021;10:18:00;737;AC03 - Acidente sem VITIMA;0;BR-040/RJ;JF;Choque - Objeto Fixo;;;1;;;;;;;;1;;;;
07/03/2021;10:39:00;738;AC02 - Acidente com VITIMA;74;BR-040/RJ;JF;Capotamento;;;1;;;;;;;;0;2;;;
07/03/2021;10:47:00;742;AC03 - Acidente sem VITIMA;86;BR-040/RJ;JF;Choque - Objeto Fixo;;;1;;;;;;;;1;;;;
07/03/2021;11:10:00;744;AC03 - Acidente sem VITIMA;91;BR-040/RJ;JF;Choque - Objeto Fixo;;;1;;;;;;;;1;;;;
07/03/2021;11:19:00;745;AC02 - Acidente com VITIMA;78;BR-040/RJ;RJ;Choque - Objeto Fixo;;;1;;;;;;;;0;5;;;
07/03/2021;11:24:00;746;AC03 - Acidente sem VITIMA;92;BR-040/RJ;RJ;Choque - Objeto Fixo;;;1;;;;;;;;1;;;;
07/03/2021;11:49:00;747;AC03 - Acidente sem VITIMA;91;BR-040/RJ;JF;Choque - Objeto Fixo;;;1;;;;;;;;1;;;;
07/03/2021;11:53:00;748;AC03 - Acidente sem VITIMA;82;BR-040/RJ;RJ;Choque - Objeto Fixo;;;1;;;;;;;;1;;;;
07/03/2021;12:04:00;749;AC03 - Acidente sem VITIMA;1;BR-040/RJ;JF;Choque - Objeto Fixo;;;1;;;;;;;;1;;;;
07/03/2021;12:25:00;750;AC03 - Acidente sem VITIMA;83;BR-040/RJ;RJ;Capotamento;;;1;;;;;;;;1;;;;
07/03/2021;12:32:00;751;AC03 - Acidente sem VITIMA;85;BR-040/RJ;JF;Choque - Objeto Fixo;;;1;;;;;;;;1;;;;
07/03/2021;12:46:00;753;AC03 - Acidente sem VITIMA;84;BR-040/RJ;JF;Derrapagem;;;1;;;;;;;;1;;;;
07/03/2021;13:28:00;756;AC02 - Acidente com VITIMA;96;BR-040/RJ;JF;Tombamento;;;1;;;;;;;;0;1;;;
07/03/2021;14:19:00;758;AC02 - Acidente com VITIMA;68;BR-040/RJ;JF;Capotamento;;;1;;;;;;;;0;2;;;
07/03/2021;14:44:00;762;AC02 - Acidente com VITIMA;810;BR-040/MG;JF;Colisão Frontal;;;1;;;1;;;;;1;1;;;
07/03/2021;14:50:00;764;AC02 - Acidente com VITIMA;3;BR-040/RJ;RJ;Saída de Pista;;;1;;;;;;;;0;3;;;
07/03/2021;15:06:00;765;AC03 - Acidente sem VITIMA;90;BR-040/RJ;RJ;Saída de Pista;;;1;;;;;;;;1;;;;
07/03/2021;15:23:00;767;AC03 - Acidente sem VITIMA;93;BR-040/RJ;RJ;Colisão Lateral;;;1;;;;;;;;1;;;;
07/03/2021;15:36:00;769;AC03 - Acidente sem VITIMA;92;BR-040/RJ;RJ;Choque - Objeto Fixo;;;1;;;;;;;;1;;;;
07/03/2021;16:02:00;771;AC03 - Acidente sem VITIMA;93;BR-040/RJ;RJ;Choque - Objeto Fixo;;;1;;;;;;;;1;;;;
07/03/2021;15:32:00;772;AC03 - Acidente sem VITIMA;93;BR-040/RJ;RJ;Choque - Objeto Fixo;;;1;;;;;;;;1;;;;
07/03/2021;16:38:00;775;AC03 - Acidente sem VITIMA;92;BR-040/RJ;RJ;Choque - Objeto Fixo;;;1;;;;;;;;1;;;;
07/03/2021;16:53:00;777;AC02 - Acidente com VITIMA;8;BR-040/RJ;JF;Choque - Objeto Fixo;;;1;;;;;;;;0;1;;;
07/03/2021;17:18:00;780;AC03 - Acidente sem VITIMA;92;BR-040/RJ;RJ;Choque - Objeto Fixo;;;1;;;;;;;;1;;;;
07/03/2021;17:41:00;784;AC03 - Acidente sem VITIMA;78;BR-040/RJ;RJ;Choque - Objeto Fixo;;;1;;;;;;;;1;;;;
07/03/2021;18:07:00;790;AC03 - Acidente sem VITIMA;91;BR-040/RJ;JF;Choque - Objeto Fixo;;;1;;;;;;;;1;;;;
07/03/2021;18:57:00;797;AC03 - Acidente sem VITIMA;92;BR-040/RJ;RJ;Choque - Objeto Fixo;;;1;;;;;;;;1;;;;
07/03/2021;19:55:00;799;AC03 - Acidente sem VITIMA;60;BR-040/RJ;RJ;Capotamento;;;1;;;;;;;;1;;;;
07/03/2021;20:00:00;800;AC03 - Acidente sem VITIMA;93;BR-040/RJ;RJ;Choque - Objeto Fixo;;;1;;;;;;;;1;;;;
07/03/2021;21:18:00;805;AC03 - Acidente sem VITIMA;105;BR-040/RJ;JF;Colisão Lateral;;;2;;;;;;;;2;;;;
07/03/2021;21:49:00;808;AC03 - Acidente sem VITIMA;823;BR-040/MG;RJ;Choque - Objeto Fixo;;;1;;;;;;;;1;;;;
08/03/2021;04:10:00;821;AC03 - Acidente sem VITIMA;112;BR-040/RJ;JF;Choque - Objeto Fixo;;;1;;;;;;;;1;;;;
08/03/2021;06:03:00;828;AC02 - Acidente com VITIMA;85;BR-040/RJ;JF;Choque - Objeto Fixo;;;1;;;;;;;;0;3;;;
08/03/2021;06:40:00;829;AC03 - Acidente sem VITIMA;793;BR-040/MG;JF;Choque - Objeto Fixo;;;1;;;;;;;;1;;;;
08/03/2021;09:31:00;844;AC03 - Acidente sem VITIMA;68;BR-040/RJ;JF;Choque - Objeto Fixo;;;1;;;;;;;;1;;;;
08/03/2021;09:21:00;846;AC03 - Acidente sem VITIMA;82;BR-040/RJ;RJ;Choque - Objeto Fixo;;;1;;;;;;;;1;;;;
08/03/2021;09:10:00;847;AC03 - Acidente sem VITIMA;67;BR-040/RJ;JF;Choque - Objeto Fixo;;;1;;;;;;;;1;;;;
08/03/2021;10:41:00;856;AC03 - Acidente sem VITIMA;784;BR-040/MG;RJ;Colisão Lateral;;;2;;;;;;;;2;;;;
08/03/2021;15:16:00;876;AC02 - Acidente com VITIMA;91;BR-040/RJ;RJ;Saída de Pista;;;1;;;;;;;;0;3;;;
08/03/2021;15:27:00;877;AC02 - Acidente com VITIMA;93;BR-040/RJ;RJ;Capotamento;;;1;;;;;;;;0;4;;;
08/03/2021;15:40:00;879;AC03 - Acidente sem VITIMA;84;BR-040/RJ;JF;Colisão Traseira;;;1;1;;;;;;;2;;;;
08/03/2021;15:52:00;881;AC03 - Acidente sem VITIMA;31;BR-040/RJ;JF;Choque - Objeto Fixo;;;;;;1;;;;;1;;;;
08/03/2021;15:55:00;885;AC03 - Acidente sem VITIMA;825;BR-040/MG;JF;Choque - Objeto Fixo;;;1;;;;;;;;1;;;;
08/03/2021;17:35:00;896;AC03 - Acidente sem VITIMA;2;BR-040/RJ;RJ;Choque - Objeto Fixo;;;1;;;;;;;;1;;;;
08/03/2021;17:59:00;898;AC03 - Acidente sem VITIMA;77;BR-040/RJ;RJ;Choque - Objeto Fixo;;;1;;;;;;;;1;;;;
08/03/2021;18:15:00;900;AC03 - Acidente sem VITIMA;1;BR-040/RJ;JF;Saída de Pista;;;1;;;;;;;;1;;;;
08/03/2021;23:33:00;928;AC02 - Acidente com VITIMA;822;BR-040/MG;JF;Saída de Pista;;;;;;1;;;;;0;1;;;
09/03/2021;07:23:00;952;AC02 - Acidente com VITIMA;123;BR-040/RJ;RJ;Colisão Lateral;;;1;;;1;;;;;1;2;;;
09/03/2021;09:22:00;965;AC02 - Acidente com VITIMA;123;BR-040/RJ;RJ;Colisão Traseira;;;;1;;1;;;;;1;1;;;
09/03/2021;10:09:00;971;AC03 - Acidente sem VITIMA;103;BR-040/RJ;RJ;Colisão Traseira;;;2;;;;;;;;2;;;;
09/03/2021;14:10:00;986;AC03 - Acidente sem VITIMA;94;BR-040/RJ;RJ;Choque - Objeto Fixo;;;1;;;;;;;;1;;;;
09/03/2021;17:13:00;1011;AC03 - Acidente sem VITIMA;6;BR-040/RJ;JF;Choque - Objeto Fixo;;;1;;;;;;;;1;;;;
09/03/2021;18:15:00;1017;AC03 - Acidente sem VITIMA;92;BR-040/RJ;JF;Colisão Lateral;;;1;;;;;;;;2;;;;
09/03/2021;19:10:00;1019;AC02 - Acidente com VITIMA;62;BR-040/RJ;JF;Atropelamento - Animal;;;1;;;;;;;;0;3;;;
09/03/2021;23:31:00;1032;AC02 - Acidente com VITIMA;116;BR-040/RJ;JF;Queda de Moto;;;;;;1;;;;;0;;1;;
10/03/2021;08:06:00;1055;AC03 - Acidente sem VITIMA;805;BR-040/MG;RJ;Atropelamento - Animal;;;1;;;;;;;;1;;;;
10/03/2021;10:54:00;1069;AC02 - Acidente com VITIMA;61;BR-040/RJ;RJ;Colisão Frontal;;;1;;;1;;;;;1;1;1;;
10/03/2021;11:40:00;1073;AC03 - Acidente sem VITIMA;75;BR-040/RJ;JF;Choque - Objeto Fixo;;;1;;;;;;;;1;;;;
10/03/2021;17:34:00;1107;AC03 - Acidente sem VITIMA;111;BR-040/RJ;RJ;Colisão Traseira;;;2;;;;;;;;2;;;;
10/03/2021;17:35:00;1108;AC03 - Acidente sem VITIMA;111;BR-040/RJ;RJ;Colisão Traseira;;;2;;;;;;;;2;;;;
11/03/2021;04:45:00;1146;AC03 - Acidente sem VITIMA;118;BR-040/RJ;JF;Choque - Objeto Fixo;;;1;;;;;;;;1;;;;
11/03/2021;06:13:00;1152;AC03 - Acidente sem VITIMA;91;BR-040/RJ;JF;Choque - Objeto Fixo;;;1;;;;;;;;1;;;;
11/03/2021;06:39:00;1154;AC03 - Acidente sem VITIMA;75;BR-040/RJ;RJ;Choque - Objeto Fixo;;;1;;;;;;;;1;;;;
11/03/2021;10:00:00;1182;AC03 - Acidente sem VITIMA;87;BR-040/RJ;JF;Choque - Objeto Fixo;;;1;;;;;;;;1;;;;
11/03/2021;13:47:00;1209;AC03 - Acidente sem VITIMA;80;BR-040/RJ;RJ;Choque - Objeto Fixo;;;1;;;;;;;;1;;;;
12/03/2021;13:36:00;1308;AC02 - Acidente com VITIMA;104;BR-040/RJ;JF;Choque - Objeto Fixo;;;1;;;;;;;;0;1;;;
12/03/2021;14:18:00;1317;AC02 - Acidente com VITIMA;71;BR-040/RJ;JF;Choque - Objeto Fixo;;;1;;;;;;;;0;1;;;
12/03/2021;15:08:00;1324;AC03 - Acidente sem VITIMA;96;BR-040/RJ;RJ;Choque - Objeto Fixo;;;;;;1;;;;;1;;;;
12/03/2021;15:21:00;1327;AC02 - Acidente com VITIMA;94;BR-040/RJ;RJ;Choque - Objeto Fixo;;;1;;;;;;;;0;2;;;
12/03/2021;16:33:00;1337;AC03 - Acidente sem VITIMA;804;BR-040/MG;RJ;Choque - Objeto Fixo;;;1;;;;;;;;1;;;;
12/03/2021;18:09:00;1350;AC02 - Acidente com VITIMA;118;BR-040/RJ;JF;Queda de Moto;;;1;;;1;;;;;1;2;;;
12/03/2021;18:57:00;1355;AC03 - Acidente sem VITIMA;821;BR-040/MG;RJ;Choque - Objeto Fixo;;;1;;;;;;;;1;;;;
13/03/2021;04:32:00;1383;AC03 - Acidente sem VITIMA;60;BR-040/RJ;JF;Atropelamento - Animal;;;1;;;;;;;;1;;;;
13/03/2021;09:11:00;1401;AC03 - Acidente sem VITIMA;82;BR-040/RJ;JF;Queda de Moto;;;;;;1;;;;;1;;;;
13/03/2021;13:17:00;1417;AC03 - Acidente sem VITIMA;99;BR-040/RJ;JF;Choque - Objeto Fixo;;;1;;;;;;;;1;;;;
13/03/2021;13:57:00;1421;AC03 - Acidente sem VITIMA;92;BR-040/RJ;RJ;Choque - Objeto Fixo;;;1;;;;;;;;1;;;;
13/03/2021;16:43:00;1438;AC03 - Acidente sem VITIMA;77;BR-040/RJ;JF;Choque - Objeto Fixo;;;1;;;;;;;;1;;;;
13/03/2021;20:00:00;1451;AC03 - Acidente sem VITIMA;112;BR-040/RJ;JF;Choque - Objeto Fixo;;;1;;;;;;;;1;;;;
13/03/2021;20:11:00;1452;AC02 - Acidente com VITIMA;108;BR-040/RJ;JF;Choque - Objeto Fixo;;;1;;;;;;;;0;1;;;
13/03/2021;21:32:00;1455;AC03 - Acidente sem VITIMA;109;BR-040/RJ;JF;Colisão Traseira;;;2;;;;;;;;2;;;;
14/03/2021;04:48:00;1467;AC03 - Acidente sem VITIMA;110;BR-040/RJ;JF;Choque - Objeto Fixo;;;1;;;;;;;;1;;;;
14/03/2021;08:10:00;1475;AC02 - Acidente com VITIMA;3;BR-040/RJ;RJ;Tombamento;;;1;;;;;;;;0;1;;;
14/03/2021;12:03:00;1502;AC02 - Acidente com VITIMA;115;BR-040/RJ;RJ;Queda de Moto;;;1;;;1;;;;;1;1;;;
14/03/2021;16:06:00;1524;AC02 - Acidente com VITIMA;86;BR-040/RJ;RJ;Queda de Moto;;;;;;1;;;;;0;2;;;
14/03/2021;16:16:00;1525;AC02 - Acidente com VITIMA;65;BR-040/RJ;JF;Queda de Moto;;;;;;1;;;;;0;2;;;
14/03/2021;16:30:00;1527;AC02 - Acidente com VITIMA;84;BR-040/RJ;RJ;Choque - Objeto Fixo;;;1;;;;;;;;0;4;;;
14/03/2021;18:46:00;1545;AC02 - Acidente com VITIMA;120;BR-040/RJ;JF;Colisão Traseira;;;1;;;1;;;;;0;2;1;;
14/03/2021;19:19:00;1548;AC02 - Acidente com VITIMA;823;BR-040/MG;JF;Capotamento;;;2;;;;;;;;0;4;;;
14/03/2021;19:41:00;1551;AC03 - Acidente sem VITIMA;123;BR-040/RJ;JF;Engavetamento;;;3;;;;;;;;3;;;;
14/03/2021;20:55:00;1555;AC03 - Acidente sem VITIMA;61;BR-040/RJ;RJ;Choque - Objeto Fixo;;;1;;;;;;;;1;;;;
15/03/2021;02:35:00;1575;AC03 - Acidente sem VITIMA;818;BR-040/MG;RJ;Atropelamento - Animal;;;1;;;;;;;;1;;;;
15/03/2021;06:03:00;1584;AC03 - Acidente sem VITIMA;105;BR-040/RJ;JF;Colisão Frontal;;;2;;;;;;;;2;;;;
15/03/2021;06:50:00;1587;AC03 - Acidente sem VITIMA;121;BR-040/RJ;RJ;Colisão Lateral;;;1;;;1;;;;;2;;;;
15/03/2021;11:18:00;1609;AC02 - Acidente com VITIMA;123;BR-040/RJ;RJ;Colisão Traseira;;;2;;;;;;;;1;1;;;
15/03/2021;18:19:00;1666;AC02 - Acidente com VITIMA;22;BR-040/RJ;RJ;Capotamento;;;1;;;;;;;;0;2;;;
16/03/2021;14:51:00;1734;AC02 - Acidente com VITIMA;94;BR-040/RJ;RJ;Tombamento;1;;;;;;;;;;0;1;;;
16/03/2021;16:54:00;1755;AC03 - Acidente sem VITIMA;85;BR-040/RJ;JF;Choque - Objeto Fixo;1;;;;;;;;;;1;;;;
16/03/2021;19:13:00;1769;AC03 - Acidente sem VITIMA;88;BR-040/RJ;JF;Choque - Objeto Fixo;1;;;;;;;;;;1;;;;
17/03/2021;12:49:00;1857;AC03 - Acidente sem VITIMA;78;BR-040/RJ;RJ;Choque - Objeto Fixo;1;;;;;;;;;;1;;;;
18/03/2021;11:34:00;1984;AC02 - Acidente com VITIMA;85;BR-040/RJ;JF;Choque - Objeto Fixo;;;1;;;;;;;;0;1;;;
18/03/2021;12:00:00;1988;AC02 - Acidente com VITIMA;85;BR-040/RJ;JF;Queda de Moto;;;;1;;;;;;;0;1;1;;
18/03/2021;14:19:00;1994;AC03 - Acidente sem VITIMA;13;BR-040/RJ;JF;Saída de Pista;;;1;;;;;;;;1;;;;
18/03/2021;15:40:00;2001;AC02 - Acidente com VITIMA;104;BR-040/RJ;JF;Colisão Lateral;2;;;;;;;;;;0;2;;;
18/03/2021;17:23:00;2015;AC03 - Acidente sem VITIMA;73;BR-040/RJ;RJ;Choque - Objeto Fixo;1;;;;;;;;;;1;;;;
19/03/2021;07:16:00;2065;AC03 - Acidente sem VITIMA;113;BR-040/RJ;RJ;Colisão Lateral;1;;1;;;;;;;;2;;;;
19/03/2021;08:21:00;2072;AC03 - Acidente sem VITIMA;101;BR-040/RJ;RJ;Queda de Moto;;;;1;;;;;;;1;;;;
19/03/2021;15:26:00;2116;AC03 - Acidente sem VITIMA;45;BR-040/RJ;JF;Colisão Traseira;1;;1;;;;;;;;2;;;;
19/03/2021;18:33:00;2150;AC03 - Acidente sem VITIMA;82;BR-040/RJ;RJ;Choque - Objeto Fixo;1;;;;;;;;;;1;;;;
19/03/2021;19:04:00;2154;AC02 - Acidente com VITIMA;111;BR-040/RJ;JF;Engavetamento;2;;;;;1;;;;;1;2;;;
20/03/2021;11:38:00;2217;AC03 - Acidente sem VITIMA;83;BR-040/RJ;RJ;Choque - Objeto Fixo;1;;;;;;;;;;1;;;;
20/03/2021;13:10:00;2226;AC02 - Acidente com VITIMA;97;BR-040/RJ;RJ;Tombamento;;;2;;;3;;;;;3;2;;;
20/03/2021;18:08:00;2257;AC03 - Acidente sem VITIMA;88;BR-040/RJ;RJ;Choque - Objeto Fixo;1;;;;;;;;;;1;;;;
21/03/2021;01:30:00;2291;AC03 - Acidente sem VITIMA;109;BR-040/RJ;JF;Colisão Lateral;2;;;;;;;;;;2;;;;
21/03/2021;07:58:00;2299;AC03 - Acidente sem VITIMA;119;BR-040/RJ;JF;Choque - Objeto Fixo;1;;;;;;;;;;1;;;;
21/03/2021;13:26:00;2324;AC02 - Acidente com VITIMA;120;BR-040/RJ;RJ;Capotamento;1;;;;;;;;;;0;1;;;
21/03/2021;16:42:00;2333;AC02 - Acidente com VITIMA;112;BR-040/RJ;JF;Queda de Moto;;;;1;;;;;;;0;2;;;
21/03/2021;19:07:00;2350;AC02 - Acidente com VITIMA;109;BR-040/RJ;RJ;Engavetamento;3;;;;;;;;;;2;1;;;
22/03/2021;09:18:00;2395;AC03 - Acidente sem VITIMA;84;BR-040/RJ;JF;Colisão Traseira;1;;1;;;;;;;;2;;;;
22/03/2021;09:36:00;2398;AC02 - Acidente com VITIMA;96;BR-040/RJ;JF;Tombamento;;;1;;;;;;;;0;2;;;
22/03/2021;10:02:00;2401;AC02 - Acidente com VITIMA;110;BR-040/RJ;RJ;Queda de Moto;;;;1;;;;;;;0;1;;;
22/03/2021;11:38:00;2412;AC03 - Acidente sem VITIMA;120;BR-040/RJ;JF;Colisão Lateral;1;;1;;;;;;;;2;;;;
23/03/2021;02:35:00;2453;AC02 - Acidente com VITIMA;20;BR-040/RJ;RJ;Tombamento;;;1;;;1;;;;;1;1;;;
23/03/2021;07:05:00;2459;AC02 - Acidente com VITIMA;35;BR-040/RJ;JF;Choque - Objeto Fixo;;;1;;;;;;;;0;1;;;
23/03/2021;07:41:00;2461;AC03 - Acidente sem VITIMA;81;BR-040/RJ;JF;Choque - Objeto Fixo;1;;;;;;;;;;1;;;;
23/03/2021;07:45:00;2462;AC02 - Acidente com VITIMA;122;BR-040/RJ;JF;Colisão Lateral;;;;1;1;;;;;;1;;1;;
23/03/2021;12:03:00;2482;AC02 - Acidente com VITIMA;68;BR-040/RJ;JF;Capotamento;1;;;;;;;;;;0;1;;;
23/03/2021;16:36:00;2508;AC03 - Acidente sem VITIMA;110;BR-040/RJ;RJ;Choque - Objeto Fixo;1;;;;;;;;;;1;;;;
24/03/2021;08:20:00;2559;AC03 - Acidente sem VITIMA;122;BR-040/RJ;RJ;Colisão Lateral;1;;;1;;;;;;;2;;;;
24/03/2021;17:35:00;2606;AC03 - Acidente sem VITIMA;80;BR-040/RJ;JF;Colisão Traseira;1;;;1;;;;;;;2;;;;
24/03/2021;19:41:00;2616;AC02 - Acidente com VITIMA;120;BR-040/RJ;JF;Colisão Lateral;2;;;;;;;;;;1;1;1;;
25/03/2021;07:34:00;2649;AC02 - Acidente com VITIMA;99;BR-040/RJ;RJ;Capotamento;1;;;;;;;;;;0;1;;;
25/03/2021;08:39:00;2655;AC03 - Acidente sem VITIMA;96;BR-040/RJ;RJ;Choque - Objeto Fixo;1;;;;;;;;;;1;;;;
25/03/2021;08:43:00;2657;AC03 - Acidente sem VITIMA;52;BR-040/RJ;RJ;Colisão Traseira;2;;;;;;;;;;2;;;;
25/03/2021;14:14:00;2693;AC02 - Acidente com VITIMA;65;BR-040/RJ;RJ;Colisão Lateral;1;;;1;;;;;;;1;2;;;
25/03/2021;15:01:00;2698;AC03 - Acidente sem VITIMA;53;BR-040/RJ;JF;Colisão Lateral;1;;1;;;;;;;;2;;;;
25/03/2021;16:46:00;2710;AC02 - Acidente com VITIMA;104;BR-040/RJ;JF;Colisão Traseira;;;;1;;1;;;;;1;1;;;
25/03/2021;17:33:00;2714;AC03 - Acidente sem VITIMA;13;BR-040/RJ;JF;Choque - Objeto Fixo;1;;;;;;;;;;1;;;;
25/03/2021;17:43:00;2716;AC02 - Acidente com VITIMA;111;BR-040/RJ;RJ;Colisão Traseira;1;;;;;;;;;1;1;2;;;
25/03/2021;23:26:00;2743;AC03 - Acidente sem VITIMA;37;BR-040/RJ;JF;Atropelamento - Animal;1;;;;;;;;;;1;;;;
25/03/2021;23:55:00;2747;AC02 - Acidente com VITIMA;780;BR-040/MG;JF;Colisão Traseira;;;;2;;;;;;;1;1;;;
26/03/2021;05:57:00;2764;AC03 - Acidente sem VITIMA;804;BR-040/MG;JF;Choque - Objeto Fixo;1;;;;;;;;;;1;;;;
26/03/2021;11:12:00;2798;AC03 - Acidente sem VITIMA;109;BR-040/RJ;RJ;Colisão Traseira;2;;;;;;;;;;2;;;;
27/03/2021;12:09:00;2918;AC03 - Acidente sem VITIMA;824;BR-040/MG;RJ;Colisão Traseira;2;;;;;;;;;;2;;;;
27/03/2021;18:01:00;2946;AC02 - Acidente com VITIMA;56;BR-040/RJ;RJ;Capotamento;1;;;;;;;;;;0;2;1;;
28/03/2021;12:49:00;2997;AC03 - Acidente sem VITIMA;53;BR-040/RJ;JF;Colisão Lateral;1;;1;;;;;;;;2;;;;
28/03/2021;13:13:00;2998;AC03 - Acidente sem VITIMA;783;BR-040/MG;RJ;Saída de Pista;1;;;;;;;;;;1;;;;
28/03/2021;17:00:00;3016;AC03 - Acidente sem VITIMA;67;BR-040/RJ;RJ;Colisão Traseira;1;;1;;;;;;;;2;;;;
28/03/2021;18:35:00;3025;AC02 - Acidente com VITIMA;810;BR-040/MG;JF;Saída de Pista;1;;;;;;;;;;0;3;1;;
28/03/2021;19:06:00;3027;AC03 - Acidente sem VITIMA;124;BR-040/RJ;RJ;Colisão Lateral;2;;;;;;;;;;2;;;;
28/03/2021;19:34:00;3032;AC02 - Acidente com VITIMA;61;BR-040/RJ;RJ;Colisão Traseira;1;;1;;;;;;;;1;1;;;
28/03/2021;23:03:00;3044;AC02 - Acidente com VITIMA;117;BR-040/RJ;JF;Colisão Traseira;;;;1;;1;;;;;1;;;1;
29/03/2021;00:13:00;3048;AC02 - Acidente com VITIMA;113;BR-040/RJ;RJ;Queda de Moto;;;;1;;;;;;;0;1;;;
29/03/2021;07:22:00;3065;AC02 - Acidente com VITIMA;104;BR-040/RJ;JF;Colisão Lateral;1;;;1;;;;;;;1;1;;;
29/03/2021;08:38:00;3069;AC03 - Acidente sem VITIMA;77;BR-040/RJ;RJ;Choque - Objeto Fixo;1;;;;;;;;;;1;;;;
29/03/2021;10:56:00;3087;AC03 - Acidente sem VITIMA;52;BR-040/RJ;JF;Choque - Objeto Fixo;1;;;;;;;;;;1;;;;
29/03/2021;19:50:00;3133;AC02 - Acidente com VITIMA;785;BR-040/MG;JF;Saída de Pista;1;;;;;;;;;;0;2;;;
30/03/2021;01:39:00;3161;AC02 - Acidente com VITIMA;117;BR-040/RJ;RJ;Colisão Traseira;1;;1;;;;;;;;1;1;;;
30/03/2021;15:04:00;3245;AC02 - Acidente com VITIMA;43;BR-040/RJ;JF;Choque - Objeto Fixo;1;;;;;;;;;;0;2;;;
30/03/2021;15:06:00;3246;AC03 - Acidente sem VITIMA;31;BR-040/RJ;RJ;Choque - Objeto Fixo;1;;;;;;;;;;1;;;;
30/03/2021;17:00:00;3258;AC03 - Acidente sem VITIMA;91;BR-040/RJ;JF;Choque - Objeto Fixo;1;;;;;;;;;;1;;;;
30/03/2021;17:15:00;3259;AC03 - Acidente sem VITIMA;78;BR-040/RJ;RJ;Tombamento;1;;;;;;;;;;1;;;;
30/03/2021;16:40:00;3261;AC03 - Acidente sem VITIMA;59;BR-040/RJ;RJ;Colisão Lateral;2;;;;;;;;;;2;;;;
30/03/2021;21:42:00;3287;AC03 - Acidente sem VITIMA;105;BR-040/RJ;JF;Choque - Objeto Fixo;1;;;;;;;;;;1;;;;
30/03/2021;22:16:00;3289;AC03 - Acidente sem VITIMA;88;BR-040/RJ;JF;Choque - Objeto Fixo;1;;;;;;;;;;1;;;;
31/03/2021;11:56:00;3343;AC03 - Acidente sem VITIMA;82;BR-040/RJ;RJ;Colisão Traseira;2;;;;;;;;;;2;;;;
31/03/2021;16:46:00;3374;AC03 - Acidente sem VITIMA;824;BR-040/MG;RJ;Choque - Objeto Fixo;1;;;;;;;;;;1;;;;
31/03/2021;17:03:00;3376;AC02 - Acidente com VITIMA;1;BR-040/RJ;JF;Saída de Pista;1;;;;;;;;;;0;2;;;
31/03/2021;20:33:00;3398;AC02 - Acidente com VITIMA;89;BR-040/RJ;RJ;Tombamento;;;1;;;;;;;;0;1;1;;
31/03/2021;23:41:00;3413;AC02 - Acidente com VITIMA;44;BR-040/RJ;RJ;Choque - Objeto Fixo;1;;;;;;;;;;0;1;;;
01/04/2021;02:20:00;7;AC03 - Acidente sem VITIMA;84;BR-040/RJ;JF;Choque - Objeto Fixo;1;;;;;;;;;;1;;;;
01/04/2021;10:29:00;43;AC03 - Acidente sem VITIMA;88;BR-040/RJ;JF;Colisão Lateral;1;;1;;;;;;;;2;;;;
01/04/2021;14:39:00;66;AC02 - Acidente com VITIMA;70;BR-040/RJ;JF;Tombamento;;;1;;;1;;;;;1;1;;;
01/04/2021;14:53:00;71;AC02 - Acidente com VITIMA;815;BR-040/MG;JF;Queda de Moto;;;;1;;;;;;;0;1;;;
01/04/2021;19:29:00;98;AC03 - Acidente sem VITIMA;93;BR-040/RJ;RJ;Choque - Objeto Fixo;1;;;;;;;;;;1;;;;
02/04/2021;04:48:00;134;AC03 - Acidente sem VITIMA;121;BR-040/RJ;RJ;Choque - Objeto Fixo;1;;;;;;;;;;1;;;;
02/04/2021;05:42:00;135;AC03 - Acidente sem VITIMA;75;BR-040/RJ;RJ;Choque - Objeto Fixo;1;;;;;;;;;;1;;;;
02/04/2021;08:50:00;143;AC03 - Acidente sem VITIMA;93;BR-040/RJ;JF;Choque - Objeto Fixo;1;;;;;;;;;;1;;;;
02/04/2021;09:25:00;148;AC02 - Acidente com VITIMA;812;BR-040/MG;JF;Choque - Objeto Fixo;1;;;;;;;;;;0;1;;;
03/04/2021;01:37:00;218;AC02 - Acidente com VITIMA;109;BR-040/RJ;RJ;Queda de Moto;;;;1;;;;;;;0;2;;;
03/04/2021;06:52:00;236;AC03 - Acidente sem VITIMA;123;BR-040/RJ;JF;Choque - Objeto Fixo;1;;;;;1;;;;;2;;;;