data;horario;n_da_ocorrencia;tipo_de_ocorrencia;km;trecho;sentido;tipo_de_acidente;automovel;bicicleta;caminhao;moto;onibus;outros;tracao_animal;transporte_de_cargas_especiais;trator_maquinas;utilitarios;ilesos;levemente_feridos;moderadamente_feridos;gravemente_feridos;mortos
03/04/2021;09:27:00;245;AC03 - Acidente sem VITIMA;110;BR-040/RJ;RJ;Colisão Traseira;2;;;;;;;;;;2;;;;
03/04/2021;10:33:00;250;AC02 - Acidente com VITIMA;89;BR-040/RJ;RJ;Choque - Objeto Fixo;1;;;;;;;;;;0;2;;;
03/04/2021;20:09:00;294;AC02 - Acidente com VITIMA;25;BR-040/RJ;RJ;Queda de Moto;;;;1;;;;;;;0;1;1;;
04/04/2021;13:10:00;340;AC02 - Acidente com VITIMA;29;BR-040/RJ;JF;Capotamento;1;;;;;;;;;;0;2;;;
04/04/2021;13:47:00;344;AC03 - Acidente sem VITIMA;91;BR-040/RJ;RJ;Choque - Objeto Fixo;1;;;;;;;;;;1;;;;
04/04/2021;13:57:00;347;AC03 - Acidente sem VITIMA;93;BR-040/RJ;RJ;Choque - Objeto Fixo;1;;;;;;;;;;1;;;;
04/04/2021;14:32:00;349;AC03 - Acidente sem VITIMA;91;BR-040/RJ;JF;Choque - Objeto Fixo;1;;;;;;;;;;1;;;;
04/04/2021;18:10:00;365;AC02 - Acidente com VITIMA;109;BR-040/RJ;RJ;Engavetamento;4;;;;;;;;;;2;1;1;;
04/04/2021;20:07:00;380;AC02 - Acidente com VITIMA;94;BR-040/RJ;RJ;Capotamento;1;;;;;;;;;;0;2;;;
04/04/2021;20:22:00;383;AC03 - Acidente sem VITIMA;94;BR-040/RJ;RJ;Choque - Objeto Fixo;1;;;;;;;;;;1;;;;
04/04/2021;20:32:00;384;AC03 - Acidente sem VITIMA;94;BR-040/RJ;RJ;Choque - Objeto Fixo;1;;;;;;;;;;1;;;;
05/04/2021;08:34:00;423;AC03 - Acidente sem VITIMA;124;BR-040/RJ;RJ;Colisão Lateral;1;;1;;;;;;;;2;;;;
05/04/2021;10:50:00;443;AC03 - Acidente sem VITIMA;86;BR-040/RJ;RJ;Choque - Objeto Fixo;1;;;;;;;;;;1;;;;
05/04/2021;12:14:00;451;AC03 - Acidente sem VITIMA;69;BR-040/RJ;RJ;Choque - Objeto Fixo;1;;;;;;;;;;1;;;;
05/04/2021;15:09:00;460;AC03 - Acidente sem VITIMA;124;BR-040/RJ;RJ;Engavetamento;2;;;;;1;;;;;3;;;;
05/04/2021;15:57:00;465;AC02 - Acidente com VITIMA;109;BR-040/RJ;JF;Colisão Traseira;1;;1;;;;;;;;1;4;;;
05/04/2021;18:27:00;481;AC03 - Acidente sem VITIMA;109;BR-040/RJ;RJ;Colisão Traseira;;;;1;;1;;;;;2;;;;
06/04/2021;15:21:00;566;AC02 - Acidente com VITIMA;803;BR-040/MG;JF;Choque - Objeto Fixo;1;;;;;;;;;;0;;1;;
06/04/2021;18:31:00;583;AC03 - Acidente sem VITIMA;7;BR-040/RJ;RJ;Colisão Lateral;1;;;1;;;;;;;2;;;;
07/04/2021;06:32:00;617;AC02 - Acidente com VITIMA;17;BR-040/RJ;RJ;Capotamento;1;;;;;1;;;;;1;1;;;
07/04/2021;08:59:00;637;AC02 - Acidente com VITIMA;91;BR-040/RJ;RJ;Saída de Pista;1;;;;;;;;;;0;1;;;
07/04/2021;09:30:00;640;AC02 - Acidente com VITIMA;90;BR-040/RJ;JF;Tombamento;1;;;;;;;;;1;0;2;1;;
07/04/2021;12:09:00;655;AC03 - Acidente sem VITIMA;120;BR-040/RJ;JF;Engavetamento;4;;;;;;;;;;4;;;;
07/04/2021;15:49:00;667;AC02 - Acidente com VITIMA;48;BR-040/RJ;RJ;Saída de Pista;1;;;;;;;;;;0;1;;;
07/04/2021;17:21:00;676;AC03 - Acidente sem VITIMA;94;BR-040/RJ;JF;Choque - Objeto Fixo;1;;;;;;;;;;1;;;;
07/04/2021;18:40:00;681;AC03 - Acidente sem VITIMA;824;BR-040/MG;JF;Choque - Objeto Fixo;1;;;;;;;;;;1;;;;
07/04/2021;18:56:00;682;AC03 - Acidente sem VITIMA;117;BR-040/RJ;JF;Colisão Traseira;2;;;;;;;;;;2;;;;
07/04/2021;19:22:00;684;AC03 - Acidente sem VITIMA;82;BR-040/RJ;RJ;Colisão Traseira;2;;;;;;;;;;2;;;;
08/04/2021;06:30:00;709;AC02 - Acidente com VITIMA;797;BR-040/MG;RJ;Colisão Traseira;;;1;1;;;;;;;1;;;1;
08/04/2021;07:11:00;714;AC02 - Acidente com VITIMA;110;BR-040/RJ;JF;Capotamento;1;;;;;;;;;;0;1;;;
08/04/2021;06:30:00;717;AC02 - Acidente com VITIMA;797;BR-040/MG;RJ;Colisão Traseira;1;;1;;;;;;;;1;;1;;
08/04/2021;08:31:00;722;AC03 - Acidente sem VITIMA;73;BR-040/RJ;RJ;Colisão Traseira;;;2;;;;;;;;2;;;;
08/04/2021;13:35:00;752;AC03 - Acidente sem VITIMA;79;BR-040/RJ;RJ;Choque - Objeto Fixo;1;;;;;;;;;;1;;;;
08/04/2021;15:02:00;762;AC03 - Acidente sem VITIMA;96;BR-040/RJ;JF;Choque - Objeto Fixo;;;1;;;;;;;;1;;;;
08/04/2021;19:26:00;790;AC03 - Acidente sem VITIMA;43;BR-040/RJ;JF;Choque - Objeto Fixo;1;;;;;;;;;;1;;;;
09/04/2021;07:54:00;845;AC02 - Acidente com VITIMA;106;BR-040/RJ;RJ;Colisão Frontal;2;;;;;;;;;;1;2;;;
09/04/2021;10:58:00;859;AC03 - Acidente sem VITIMA;78;BR-040/RJ;RJ;Choque - Objeto Fixo;1;;;;;;;;;;1;;;;
09/04/2021;17:22:00;902;AC03 - Acidente sem VITIMA;76;BR-040/RJ;RJ;Choque - Objeto Fixo;1;;;;;;;;;;1;;;;
09/04/2021;20:40:00;916;AC03 - Acidente sem VITIMA;117;BR-040/RJ;JF;Engavetamento;3;;;;;1;;;;;4;;;;
09/04/2021;22:29:00;926;AC02 - Acidente com VITIMA;9;BR-040/RJ;JF;Choque - Objeto Fixo;1;;;;;;;;;;0;2;;;
09/04/2021;23:54:00;932;AC03 - Acidente sem VITIMA;97;BR-040/RJ;JF;Choque - Objeto Fixo;1;;;;;;;;;;1;;;;
10/04/2021;06:46:00;947;AC03 - Acidente sem VITIMA;108;BR-040/RJ;JF;Colisão Lateral;1;;1;;;;;;;;2;;;;
10/04/2021;07:51:00;950;AC02 - Acidente com VITIMA;97;BR-040/RJ;JF;Queda de Moto;;;;1;;;;;;;0;;1;;
10/04/2021;12:05:00;970;AC02 - Acidente com VITIMA;94;BR-040/RJ;RJ;Tombamento;;;1;;;;;;;;0;;1;;
10/04/2021;14:41:00;981;AC02 - Acidente com VITIMA;118;BR-040/RJ;JF;Choque - Objeto Fixo;1;;;;;;;;;;0;1;;;
11/04/2021;04:13:00;1025;AC02 - Acidente com VITIMA;790;BR-040/MG;JF;Saída de Pista;1;;;;;;;;;;0;3;;;
11/04/2021;05:06:00;1028;AC03 - Acidente sem VITIMA;36;BR-040/RJ;JF;Capotamento;1;;;;;;;;;;1;;;;
11/04/2021;13:20:00;1059;AC02 - Acidente com VITIMA;93;BR-040/RJ;RJ;Saída de Pista;1;;;;;;;;;;0;2;;;
11/04/2021;14:10:00;1063;AC02 - Acidente com VITIMA;104;BR-040/RJ;JF;Queda de Moto;;;;1;;1;;;;;1;1;;;
11/04/2021;18:55:00;1088;AC03 - Acidente sem VITIMA;81;BR-040/RJ;JF;Colisão Traseira;2;;;;;;;;;;2;;;;
11/04/2021;19:31:00;1090;AC03 - Acidente sem VITIMA;104;BR-040/RJ;JF;Colisão Lateral;2;;;;;;;;;;2;;;;
12/04/2021;06:53:00;1118;AC03 - Acidente sem VITIMA;791;BR-040/MG;JF;Choque - Objeto Fixo;1;;;;;;;;;;1;;;;
12/04/2021;07:30:00;1126;AC03 - Acidente sem VITIMA;110;BR-040/RJ;JF;Engavetamento;3;;;;;;;;;;3;;;;
12/04/2021;07:53:00;1128;AC02 - Acidente com VITIMA;104;BR-040/RJ;JF;Colisão Lateral;1;;;1;;;;;;;0;2;;;
12/04/2021;08:59:00;1140;AC02 - Acidente com VITIMA;113;BR-040/RJ;RJ;Colisão Lateral;1;;1;;;;;;;;1;1;;;
12/04/2021;10:19:00;1150;AC03 - Acidente sem VITIMA;114;BR-040/RJ;RJ;Engavetamento;4;;;;;;;;;;4;;;;
12/04/2021;14:15:00;1170;AC03 - Acidente sem VITIMA;7;BR-040/RJ;JF;Colisão Lateral;2;;;;;;;;;;2;;;;
12/04/2021;15:37:00;1180;AC03 - Acidente sem VITIMA;113;BR-040/RJ;JF;Colisão Traseira;1;;;1;;;;;;;2;;;;
12/04/2021;17:06:00;1191;AC02 - Acidente com VITIMA;122;BR-040/RJ;JF;Colisão Lateral;1;;1;;;;;;;;1;2;;;
12/04/2021;23:10:00;1224;AC03 - Acidente sem VITIMA;113;BR-040/RJ;JF;Choque - Objeto Fixo;1;;;;;;;;;;1;;;;
12/04/2021;23:22:00;1227;AC03 - Acidente sem VITIMA;118;BR-040/RJ;RJ;Queda de Moto;;;;1;;;;;;;1;;;;
13/04/2021;06:33:00;1243;AC03 - Acidente sem VITIMA;84;BR-040/RJ;JF;Choque - Objeto Fixo;1;;;;;;;;;;1;;;;
13/04/2021;06:45:00;1244;AC03 - Acidente sem VITIMA;113;BR-040/RJ;JF;Choque - Objeto Fixo;1;;;;;;;;;;1;;;;
13/04/2021;07:16:00;1249;AC03 - Acidente sem VITIMA;91;BR-040/RJ;RJ;Choque - Objeto Fixo;1;;;;;;;;;;1;;;;
13/04/2021;07:23:00;1250;AC03 - Acidente sem VITIMA;43;BR-040/RJ;JF;Choque - Objeto Fixo;1;;;;;;;;;;1;;;;
13/04/2021;07:43:00;1251;AC03 - Acidente sem VITIMA;31;BR-040/RJ;JF;Choque - Objeto Fixo;1;;;;;;;;;;1;;;;
13/04/2021;08:06:00;1255;AC03 - Acidente sem VITIMA;93;BR-040/RJ;RJ;Choque - Objeto Fixo;1;;;;;;;;;;1;;;;
13/04/2021;09:46:00;1267;AC02 - Acidente com VITIMA;781;BR-040/MG;RJ;Queda de Moto;;;;1;;;;;;;0;1;;;
13/04/2021;10:57:00;1277;AC03 - Acidente sem VITIMA;85;BR-040/RJ;RJ;Choque - Objeto Fixo;1;;;;;;;;;;1;;;;
13/04/2021;11:01:00;1278;AC02 - Acidente com VITIMA;43;BR-040/RJ;JF;Capotamento;1;;;;;;;;;;0;2;;;
13/04/2021;11:08:00;1279;AC03 - Acidente sem VITIMA;77;BR-040/RJ;RJ;Choque - Objeto Fixo;1;;;;;;;;;;1;;;;
13/04/2021;11:48:00;1281;AC03 - Acidente sem VITIMA;94;BR-040/RJ;RJ;Choque - Objeto Fixo;1;;;;;;;;;;1;;;;
13/04/2021;12:30:00;1286;AC03 - Acidente sem VITIMA;92;BR-040/RJ;RJ;Choque - Objeto Fixo;1;;;;;;;;;;1;;;;
13/04/2021;12:31:00;1287;AC03 - Acidente sem VITIMA;85;BR-040/RJ;JF;Choque - Objeto Fixo;1;;;;;;;;;;1;;;;
13/04/2021;12:35:00;1288;AC03 - Acidente sem VITIMA;91;BR-040/RJ;RJ;Colisão Lateral;1;;1;;;;;;;;2;;;;
13/04/2021;12:40:00;1289;AC02 - Acidente com VITIMA;794;BR-040/MG;RJ;Choque - Objeto Fixo;1;;;;;;;;;;0;1;;;
13/04/2021;18:45:00;1326;AC03 - Acidente sem VITIMA;94;BR-040/RJ;RJ;Derrapagem;;;1;;;;;;;;1;;;;
13/04/2021;20:14:00;1333;AC03 - Acidente sem VITIMA;92;BR-040/RJ;RJ;Choque - Objeto Fixo;1;;;;;;;;;;1;;;;
13/04/2021;21:32:00;1336;AC03 - Acidente sem VITIMA;94;BR-040/RJ;RJ;Choque - Objeto Fixo;1;;;;;;;;;;1;;;;
13/04/2021;21:40:00;1339;AC03 - Acidente sem VITIMA;94;BR-040/RJ;RJ;Colisão Traseira;1;;1;;;;;;;;2;;;;
13/04/2021;22:47:00;1342;AC03 - Acidente sem VITIMA;72;BR-040/RJ;JF;Derrapagem;1;;;;;;;;;;1;;;;
13/04/2021;23:26:00;1345;AC03 - Acidente sem VITIMA;121;BR-040/RJ;JF;Choque - Objeto Fixo;1;;;;;;;;;;1;;;;
14/04/2021;03:44:00;1365;AC03 - Acidente sem VITIMA;74;BR-040/RJ;JF;Choque - Objeto Fixo;1;;;;;;;;;;1;;;;
14/04/2021;08:02:00;1385;AC02 - Acidente com VITIMA;123;BR-040/RJ;RJ;Queda de Moto;;;;1;;;;;;;0;1;;;
14/04/2021;16:06:00;1432;AC03 - Acidente sem VITIMA;121;BR-040/RJ;JF;Colisão Traseira;1;;;;;1;;;;;2;;;;
14/04/2021;18:57:00;1452;AC03 - Acidente sem VITIMA;113;BR-040/RJ;JF;Colisão Traseira;2;;;;;;;;;;2;;;;
15/04/2021;06:57:00;1480;AC03 - Acidente sem VITIMA;110;BR-040/RJ;RJ;Queda de Moto;;;;1;;;;;;;1;;;;
15/04/2021;07:26:00;1483;AC04 - Atropelamento;121;BR-040/RJ;JF;Atropelamento - Pedestre;1;;;;;2;;;;;1;2;;;
15/04/2021;11:14:00;1510;AC03 - Acidente sem VITIMA;119;BR-040/RJ;JF;Colisão Traseira;1;;1;;;;;;;;2;;;;
16/04/2021;13:22:00;1636;AC03 - Acidente sem VITIMA;87;BR-040/RJ;RJ;Choque - Objeto Fixo;1;;;;;;;;;;1;;;;
16/04/2021;14:28:00;1643;AC02 - Acidente com VITIMA;113;BR-040/RJ;RJ;Queda de Moto;;;;1;;;;;;;0;1;;;
16/04/2021;19:25:00;1669;AC03 - Acidente sem VITIMA;82;BR-040/RJ;JF;Choque - Objeto Fixo;1;;;;;;;;;;1;;;;
16/04/2021;20:17:00;1673;AC02 - Acidente com VITIMA;784;BR-040/MG;JF;Choque - Objeto Fixo;1;;;;;;;;;;0;2;;;
16/04/2021;23:26:00;1686;AC03 - Acidente sem VITIMA;102;BR-040/RJ;RJ;Atropelamento - Animal;1;;;;;;;;;;1;;;;
17/04/2021;01:35:00;1694;AC02 - Acidente com VITIMA;108;BR-040/RJ;RJ;Colisão Traseira;;;;2;;;;;;;0;3;;;
17/04/2021;01:36:00;1695;AC03 - Acidente sem VITIMA;118;BR-040/RJ;RJ;Choque - Objeto Fixo;1;;;;;;;;;;1;;;;
17/04/2021;11:15:00;1728;AC03 - Acidente sem VITIMA;790;BR-040/MG;RJ;Choque - Objeto Fixo;1;;;;;;;;;;1;;;;
17/04/2021;13:23:00;1737;AC03 - Acidente sem VITIMA;88;BR-040/RJ;JF;Choque - Objeto Fixo;1;;;;;;;;;;1;;;;
17/04/2021;15:15:00;1748;AC03 - Acidente sem VITIMA;108;BR-040/RJ;JF;Choque - Objeto Fixo;1;;;;;;;;;;1;;;;
17/04/2021;21:23:00;1780;AC03 - Acidente sem VITIMA;5;BR-040/RJ;JF;Choque - Objeto Fixo;1;;;;;;;;;;1;;;;
17/04/2021;22:11:00;1782;AC02 - Acidente com VITIMA;103;BR-040/RJ;RJ;Colisão Traseira;;1;;;;1;;;;;1;;1;;
18/04/2021;06:43:00;1798;AC03 - Acidente sem VITIMA;110;BR-040/RJ;JF;Capotamento;1;;;;;;;;;;1;;;;
18/04/2021;12:03:00;1817;AC02 - Acidente com VITIMA;79;BR-040/RJ;RJ;Queda de Moto;;;;1;;;;;;;0;1;;;
18/04/2021;14:09:00;1828;AC03 - Acidente sem VITIMA;105;BR-040/RJ;JF;Colisão Traseira;2;;;;;1;;;;;3;;;;
18/04/2021;18:26:00;1854;AC03 - Acidente sem VITIMA;783;BR-040/MG;JF;Choque - Objeto Fixo;1;;;;;;;;;;1;;;;
19/04/2021;01:01:00;1877;AC02 - Acidente com VITIMA;96;BR-040/RJ;JF;Tombamento;;;1;;;1;;;;;1;1;;;
19/04/2021;05:05:00;1886;AC03 - Acidente sem VITIMA;96;BR-040/RJ;RJ;Choque - Objeto Fixo;1;;;;;;;;;;1;;;;
19/04/2021;10:14:00;1912;AC02 - Acidente com VITIMA;105;BR-040/RJ;JF;Engavetamento;2;;;;1;;;;;;2;2;;;
19/04/2021;16:25:00;1945;AC03 - Acidente sem VITIMA;89;BR-040/RJ;RJ;Capotamento;1;;;;;;;;;;1;;;;
20/04/2021;17:49:00;2054;AC02 - Acidente com VITIMA;93;BR-040/RJ;RJ;Tombamento;;;1;;;;;;;;0;1;;;
21/04/2021;07:22:00;2098;AC03 - Acidente sem VITIMA;92;BR-040/RJ;RJ;Choque - Objeto Fixo;1;;;;;;;;;;1;;;;
21/04/2021;07:37:00;2099;AC03 - Acidente sem VITIMA;92;BR-040/RJ;RJ;Choque - Objeto Fixo;1;;;;;;;;;;1;;;;
21/04/2021;08:54:00;2106;AC03 - Acidente sem VITIMA;94;BR-040/RJ;RJ;Choque - Objeto Fixo;1;;;;;;;;;;1;;;;
21/04/2021;09:36:00;2111;AC03 - Acidente sem VITIMA;58;BR-040/RJ;JF;Capotamento;1;;;;;;;;;;1;;;;
21/04/2021;09:46:00;2112;AC03 - Acidente sem VITIMA;93;BR-040/RJ;RJ;Choque - Objeto Fixo;1;;;;;;;;;;1;;;;
21/04/2021;10:02:00;2113;AC02 - Acidente com VITIMA;92;BR-040/RJ;RJ;Choque - Objeto Fixo;1;;;;;;;;;;0;2;;;
21/04/2021;10:18:00;2115;AC02 - Acidente com VITIMA;90;BR-040/RJ;RJ;Choque - Objeto Fixo;1;;;;;;;;;;0;1;;;
21/04/2021;10:29:00;2117;AC01 - Acidente com VITIMA FATAL;90;BR-040/RJ;RJ;Capotamento;1;;;;;;;;;;0;;;;2
21/04/2021;10:52:00;2123;AC03 - Acidente sem VITIMA;91;BR-040/RJ;JF;Choque - Objeto Fixo;1;;;;;;;;;;1;;;;
21/04/2021;11:15:00;2125;AC02 - Acidente com VITIMA;75;BR-040/RJ;RJ;Capotamento;1;;;;;;;;;;0;4;;;
21/04/2021;13:01:00;2134;AC03 - Acidente sem VITIMA;89;BR-040/RJ;RJ;Choque - Objeto Fixo;1;;;;;;;;;;1;;;;
21/04/2021;13:22:00;2137;AC03 - Acidente sem VITIMA;94;BR-040/RJ;RJ;Choque - Objeto Fixo;1;;;;;;;;;;1;;;;
21/04/2021;15:26:00;2145;AC03 - Acidente sem VITIMA;93;BR-040/RJ;RJ;Choque - Objeto Fixo;1;;;;;;;;;;1;;;;
21/04/2021;15:31:00;2146;AC02 - Acidente com VITIMA;122;BR-040/RJ;RJ;Queda de Moto;;;;1;;;;;;;0;1;;;
21/04/2021;16:09:00;2148;AC03 - Acidente sem VITIMA;84;BR-040/RJ;RJ;Choque - Objeto Fixo;1;;;;;;;;;;1;;;;
21/04/2021;16:49:00;2150;AC02 - Acidente com VITIMA;784;BR-040/MG;JF;Tombamento;1;;1;;;;;;;;0;3;;;
21/04/2021;19:45:00;2165;AC02 - Acidente com VITIMA;787;BR-040/MG;JF;Atropelamento - Animal;1;;;;;;;;;;0;;1;;
22/04/2021;04:20:00;2177;AC02 - Acidente com VITIMA;109;BR-040/RJ;JF;Colisão Lateral;;;1;1;;;;;;;1;1;;;
22/04/2021;06:06:00;2183;AC03 - Acidente sem VITIMA;104;BR-040/RJ;JF;Colisão Lateral;2;;;;;;;;;;2;;;;
22/04/2021;06:17:00;2184;AC03 - Acidente sem VITIMA;100;BR-040/RJ;JF;Choque - Objeto Fixo;1;;;;;;;;;;1;;;;
22/04/2021;07:29:00;2194;AC03 - Acidente sem VITIMA;94;BR-040/RJ;RJ;Tombamento;;;1;;;;;;;;1;;;;
22/04/2021;08:40:00;2202;AC03 - Acidente sem VITIMA;72;BR-040/RJ;JF;Choque - Objeto Fixo;1;;;;;;;;;;1;;;;
22/04/2021;08:59:00;2203;AC02 - Acidente com VITIMA;91;BR-040/RJ;JF;Choque - Objeto Fixo;1;;;;;;;;;;0;1;;;
22/04/2021;10:28:00;2212;AC03 - Acidente sem VITIMA;75;BR-040/RJ;RJ;Choque - Objeto Fixo;1;;;;;;;;;;1;;;;
22/04/2021;10:41:00;2215;AC03 - Acidente sem VITIMA;91;BR-040/RJ;JF;Choque - Objeto Fixo;1;;;;;;;;;;1;;;;
22/04/2021;11:39:00;2222;AC03 - Acidente sem VITIMA;110;BR-040/RJ;RJ;Engavetamento;1;;;1;;;;;;;2;;;;
22/04/2021;11:49:00;2223;AC03 - Acidente sem VITIMA;93;BR-040/RJ;RJ;Choque - Objeto Fixo;1;;;;;;;;;;1;;;;
22/04/2021;12:11:00;2228;AC03 - Acidente sem VITIMA;93;BR-040/RJ;RJ;Choque - Objeto Fixo;2;;;;;;;;;;2;;;;
22/04/2021;12:11:00;2229;AC03 - Acidente sem VITIMA;93;BR-040/RJ;RJ;Choque - Objeto Fixo;1;;;;;;;;;;1;;;;
22/04/2021;12:16:00;2231;AC03 - Acidente sem VITIMA;94;BR-040/RJ;RJ;Choque - Objeto Fixo;1;;;;;;;;;;1;;;;
22/04/2021;12:42:00;2233;AC03 - Acidente sem VITIMA;74;BR-040/RJ;RJ;Choque - Objeto Fixo;1;;;;;;;;;;1;;;;
22/04/2021;14:44:00;2241;AC02 - Acidente com VITIMA;74;BR-040/RJ;JF;Colisão Lateral;1;;;;;1;;;;;1;1;;;
22/04/2021;15:55:00;2252;AC03 - Acidente sem VITIMA;780;BR-040/MG;JF;Colisão Traseira;2;;;;;;;;;;2;;;;
22/04/2021;16:13:00;2253;AC02 - Acidente com VITIMA;90;BR-040/RJ;RJ;Saída de Pista;1;;;;;;;;;;0;2;;;
22/04/2021;16:19:00;2254;AC03 - Acidente sem VITIMA;91;BR-040/RJ;JF;Choque - Objeto Fixo;1;;;;;;;;;;1;;;;
22/04/2021;23:17:00;2291;AC02 - Acidente com VITIMA;818;BR-040/MG;JF;Colisão Traseira;;;2;;;;;;;;0;1;;1;
23/04/2021;10:05:00;2321;AC02 - Acidente com VITIMA;116;BR-040/RJ;RJ;Colisão Lateral;1;;1;;;;;;;;1;;1;;
23/04/2021;14:16:00;2341;AC03 - Acidente sem VITIMA;114;BR-040/RJ;RJ;Colisão Lateral;1;;1;;;;;;;;2;;;;
23/04/2021;17:00:00;2364;AC03 - Acidente sem VITIMA;109;BR-040/RJ;JF;Colisão Traseira;2;;1;;;;;;;;3;;;;
23/04/2021;21:20:00;2383;AC03 - Acidente sem VITIMA;83;BR-040/RJ;RJ;Tombamento;;;1;;;;;;;;1;;;;
24/04/2021;05:56:00;2409;AC03 - Acidente sem VITIMA;55;BR-040/RJ;RJ;Choque - Objeto Fixo;1;;;;;;;;;;1;;;;
24/04/2021;06:29:00;2411;AC03 - Acidente sem VITIMA;75;BR-040/RJ;RJ;Choque - Objeto Fixo;1;;;;;;;;;;1;;;;
24/04/2021;22:18:00;2480;AC02 - Acidente com VITIMA;773;BR-040/MG;RJ;Saída de Pista;1;;;;;;;;;;0;2;1;;
25/04/2021;02:01:00;2491;AC03 - Acidente sem VITIMA;93;BR-040/RJ;JF;Choque - Objeto Fixo;1;;;;;;;;;;1;;;;
25/04/2021;05:00:00;2496;AC03 - Acidente sem VITIMA;105;BR-040/RJ;RJ;Saída de Pista;1;;;;;;;;;;1;;;;
26/04/2021;06:43:00;2603;AC03 - Acidente sem VITIMA;100;BR-040/RJ;JF;Choque - Objeto Fixo;1;;;;;;;;;;1;;;;
26/04/2021;07:51:00;2606;AC02 - Acidente com VITIMA;121;BR-040/RJ;RJ;Colisão Lateral;;;1;1;;;;;;;1;2;;;
26/04/2021;15:38:00;2651;AC02 - Acidente com VITIMA;813;BR-040/MG;JF;Choque - Objeto Fixo;1;;;;;;;;;;0;2;;;
27/04/2021;08:45:00;2707;AC02 - Acidente com VITIMA;61;BR-040/RJ;RJ;Choque - Objeto Fixo;1;;;;;;;;;;0;2;;;
27/04/2021;15:35:00;2741;AC02 - Acidente com VITIMA;32;BR-040/RJ;JF;Saída de Pista;1;;;;;;;;;;0;1;;;
27/04/2021;16:06:00;2744;AC03 - Acidente sem VITIMA;85;BR-040/RJ;JF;Choque - Objeto Fixo;1;;;;;;;;;;1;;;;
27/04/2021;16:38:00;2749;AC03 - Acidente sem VITIMA;98;BR-040/RJ;RJ;Choque - Objeto Fixo;1;;;;;;;;;;1;;;;
27/04/2021;16:46:00;2750;AC02 - Acidente com VITIMA;104;BR-040/RJ;JF;Colisão Transversal;1;;;1;;;;;;;1;1;;;
27/04/2021;17:26:00;2753;AC03 - Acidente sem VITIMA;112;BR-040/RJ;JF;Engavetamento;3;;;;;;;;;;5;;;;
27/04/2021;17:41:00;2755;AC02 - Acidente com VITIMA;113;BR-040/RJ;JF;Engavetamento;5;;;;;;;;;;4;1;;;
27/04/2021;18:26:00;2757;AC02 - Acidente com VITIMA;89;BR-040/RJ;RJ;Choque - Objeto Fixo;1;;;;;;;;;;0;2;;;
27/04/2021;20:13:00;2762;AC02 - Acidente com VITIMA;92;BR-040/RJ;RJ;Choque - Objeto Fixo;1;;;;;;;;;;0;5;;;
28/04/2021;05:40:00;2791;AC03 - Acidente sem VITIMA;810;BR-040/MG;JF;Choque - Objeto Fixo;;;1;;;;;;;;1;;;;
28/04/2021;12:11:00;2837;AC02 - Acidente com VITIMA;105;BR-040/RJ;JF;Colisão Lateral;1;;;1;;;;;;;1;1;;;
28/04/2021;17:16:00;2868;AC02 - Acidente com VITIMA;109;BR-040/RJ;RJ;Colisão Traseira;2;;;;;;;;;;0;3;;;
28/04/2021;18:00:00;2877;AC03 - Acidente sem VITIMA;113;BR-040/RJ;JF;Engavetamento;3;;;;;;;;;;3;;;;
28/04/2021;21:00:00;2896;AC03 - Acidente sem VITIMA;92;BR-040/RJ;RJ;Choque - Objeto Fixo;1;;;;;;;;;;1;;;;
29/04/2021;08:00:00;2923;AC02 - Acidente com VITIMA;121;BR-040/RJ;JF;Engavetamento;3;;;;;;;;;;2;1;;;
29/04/2021;08:36:00;2926;AC02 - Acidente com VITIMA;90;BR-040/RJ;RJ;Saída de Pista;1;;;;;;;;;;0;2;;;
29/04/2021;08:45:00;2927;AC03 - Acidente sem VITIMA;78;BR-040/RJ;RJ;Choque - Objeto Fixo;1;;;;;;;;;;1;;;;
29/04/2021;08:47:00;2929;AC03 - Acidente sem VITIMA;94;BR-040/RJ;RJ;Choque - Objeto Fixo;1;;;;;;;;;;1;;;;
29/04/2021;08:49:00;2930;AC03 - Acidente sem VITIMA;82;BR-040/RJ;RJ;Choque - Objeto Fixo;1;;;;;;;;;;1;;;;
29/04/2021;09:52:00;2934;AC03 - Acidente sem VITIMA;89;BR-040/RJ;JF;Choque - Objeto Fixo;1;;;;;;;;;;1;;;;
29/04/2021;10:38:00;2939;AC03 - Acidente sem VITIMA;102;BR-040/RJ;RJ;Choque - Objeto Fixo;1;;;;;;;;;;1;;;;
29/04/2021;11:02:00;2945;AC02 - Acidente com VITIMA;91;BR-040/RJ;RJ;Saída de Pista;1;;;;;;;;;;0;1;;;
29/04/2021;11:52:00;2950;AC03 - Acidente sem VITIMA;113;BR-040/RJ;RJ;Choque - Objeto Fixo;1;;;;;;;;;;1;;;;
29/04/2021;14:40:00;2970;AC02 - Acidente com VITIMA;104;BR-040/RJ;JF;Colisão Lateral;1;1;;;;;;;;;1;1;;;
29/04/2021;18:59:00;2989;AC02 - Acidente com VITIMA;114;BR-040/RJ;JF;Saída de Pista;1;;;;;;;;;;0;2;;;
29/04/2021;20:12:00;2992;AC03 - Acidente sem VITIMA;91;BR-040/RJ;JF;Choque - Objeto Fixo;1;;;;;;;;;;1;;;;
30/04/2021;05:02:00;3010;AC03 - Acidente sem VITIMA;122;BR-040/RJ;RJ;Colisão Traseira;1;;;;;1;;;;;2;;;;
30/04/2021;12:33:00;3055;AC02 - Acidente com VITIMA;799;BR-040/MG;RJ;Queda de Moto;;;;1;;;;;;;0;1;1;;