data;horario;n_da_ocorrencia;tipo_de_ocorrencia;km;trecho;sentido;tipo_de_acidente;automovel;bicicleta;caminhao;moto;onibus;outros;tracao_animal;transporte_de_cargas_especiais;trator_maquinas;utilitarios;ilesos;levemente_feridos;moderadamente_feridos;gravemente_feridos;mortos
30/04/2021;17:14:00;3081;AC03 - Acidente sem VITIMA;109;BR-040/RJ;JF;Engavetamento;1;;;;;2;;;;;3;;;;
30/04/2021;18:39:00;3095;AC03 - Acidente sem VITIMA;107;BR-040/RJ;JF;Engavetamento;3;;;;;;;;;;3;;;;
01/05/2021;02:37:00;2;AC02 - Acidente com VITIMA;32;BR-040/RJ;JF;Tombamento;;;1;;;1;;;;;1;1;;;
01/05/2021;04:51:00;7;AC03 - Acidente sem VITIMA;112;BR-040/RJ;JF;Choque - Objeto Fixo;1;;;;;;;;;;1;;;;
01/05/2021;08:07:00;21;AC02 - Acidente com VITIMA;54;BR-040/RJ;RJ;Choque - Objeto Fixo;1;;;;;;;;;;0;3;;;
01/05/2021;15:39:00;49;AC02 - Acidente com VITIMA;93;BR-040/RJ;RJ;Capotamento;1;;;;;;;;;;0;1;2;;
01/05/2021;15:44:00;53;AC03 - Acidente sem VITIMA;93;BR-040/RJ;RJ;Choque - Objeto Fixo;1;;;;;;;;;;1;;;;
01/05/2021;16:53:00;54;AC02 - Acidente com VITIMA;93;BR-040/RJ;RJ;Queda de Moto;;;;1;;;;;;;0;1;;;
01/05/2021;16:55:00;55;AC03 - Acidente sem VITIMA;91;BR-040/RJ;JF;Colisão Transversal;1;;;;;;;;;;1;;;;
01/05/2021;17:13:00;56;AC03 - Acidente sem VITIMA;86;BR-040/RJ;RJ;Choque - Objeto Fixo;1;;;;;;;;;;1;;;;
01/05/2021;17:30:00;60;AC03 - Acidente sem VITIMA;90;BR-040/RJ;RJ;Choque - Objeto Fixo;1;;;;;;;;;;1;;;;
01/05/2021;18:57:00;67;AC02 - Acidente com VITIMA;105;BR-040/RJ;JF;Queda de Moto;;;;1;;;;;;;0;1;;;
01/05/2021;23:05:00;79;AC03 - Acidente sem VITIMA;68;BR-040/RJ;JF;Choque - Objeto Fixo;1;;;;;;;;;;1;;;;
01/05/2021;23:11:00;83;AC03 - Acidente sem VITIMA;58;BR-040/RJ;JF;Colisão Lateral;1;;1;;;;;;;;2;;;;
02/05/2021;05:46:00;97;AC02 - Acidente com VITIMA;122;BR-040/RJ;JF;Capotamento;1;;;;;;;;;;0;1;;;
02/05/2021;09:51:00;108;AC02 - Acidente com VITIMA;100;BR-040/RJ;JF;Queda de Moto;;;;1;;;;;;;0;1;;;
02/05/2021;13:11:00;122;AC02 - Acidente com VITIMA;78;BR-040/RJ;RJ;Choque - Objeto Fixo;1;;;;;;;;;;0;1;;;
02/05/2021;13:54:00;126;AC02 - Acidente com VITIMA;812;BR-040/MG;JF;Capotamento;1;;;;;;;;;;0;;;1;
02/05/2021;14:14:00;128;AC02 - Acidente com VITIMA;120;BR-040/RJ;JF;Queda de Moto;;;;1;;;;;;;0;1;;;
02/05/2021;20:53:00;162;AC02 - Acidente com VITIMA;105;BR-040/RJ;JF;Colisão Transversal;2;;;;;;;;;;1;4;;;
02/05/2021;23:07:00;169;AC02 - Acidente com VITIMA;81;BR-040/RJ;JF;Atropelamento - Animal;;;;1;;;;;;;0;1;;;
03/05/2021;06:20:00;180;AC02 - Acidente com VITIMA;109;BR-040/RJ;RJ;Queda de Moto;;;;1;;;;;;;0;2;;;
03/05/2021;06:46:00;183;AC02 - Acidente com VITIMA;794;BR-040/MG;RJ;Engavetamento;3;;;;;;;;;;0;6;1;;
03/05/2021;15:17:00;239;AC03 - Acidente sem VITIMA;69;BR-040/RJ;JF;Choque - Objeto Fixo;1;;;;;;;;;;1;;;;
03/05/2021;16:22:00;246;AC03 - Acidente sem VITIMA;104;BR-040/RJ;JF;Colisão Lateral;2;;;;;;;;;;2;;;;
04/05/2021;05:18:00;297;AC02 - Acidente com VITIMA;18;BR-040/RJ;JF;Colisão Lateral;;;1;1;;;;;;;0;2;;;
04/05/2021;08:45:00;314;AC02 - Acidente com VITIMA;828;BR-040/MG;JF;Tombamento;;;1;;;;;;;;0;;1;;
04/05/2021;14:21:00;343;AC02 - Acidente com VITIMA;115;BR-040/RJ;JF;Queda de Moto;;;;1;;;;;;;0;1;;;
04/05/2021;15:22:00;350;AC02 - Acidente com VITIMA;123;BR-040/RJ;RJ;Engavetamento;3;;1;;;;;;;;2;2;;;
04/05/2021;16:43:00;354;AC03 - Acidente sem VITIMA;104;BR-040/RJ;JF;Colisão Lateral;2;;;;;;;;;;2;;;;
04/05/2021;18:23:00;366;AC03 - Acidente sem VITIMA;109;BR-040/RJ;JF;Engavetamento;4;;;;;;;;;;4;;;;
05/05/2021;00:32:00;382;AC03 - Acidente sem VITIMA;86;BR-040/RJ;RJ;Choque - Objeto Fixo;1;;;;;;;;;;1;;;;
05/05/2021;05:45:00;393;AC03 - Acidente sem VITIMA;795;BR-040/MG;RJ;Choque - Objeto Fixo;;;1;;;;;;;;1;;;;
05/05/2021;06:16:00;395;AC02 - Acidente com VITIMA;31;BR-040/RJ;JF;Capotamento;1;;;;;;;;;;0;1;;1;
05/05/2021;08:52:00;409;AC03 - Acidente sem VITIMA;108;BR-040/RJ;JF;Colisão Lateral;1;;1;;;;;;;;2;;;;
05/05/2021;09:16:00;414;AC02 - Acidente com VITIMA;120;BR-040/RJ;JF;Engavetamento;2;;1;;;;;;;;2;1;;;
05/05/2021;12:21:00;427;AC02 - Acidente com VITIMA;109;BR-040/RJ;JF;Colisão Traseira;1;;;1;;;;;;;1;;1;;
05/05/2021;12:48:00;432;AC03 - Acidente sem VITIMA;121;BR-040/RJ;JF;Engavetamento;5;;;;;;;;;;5;;;;
05/05/2021;18:59:00;479;AC03 - Acidente sem VITIMA;107;BR-040/RJ;JF;Engavetamento;2;;1;;;;;;;;3;;;;
06/05/2021;12:56:00;559;AC03 - Acidente sem VITIMA;90;BR-040/RJ;JF;Choque - Objeto Fixo;1;;;;;;;;;;1;;;;
07/05/2021;01:57:00;626;AC02 - Acidente com VITIMA;95;BR-040/RJ;RJ;Choque - Objeto Fixo;1;;;;;;;;;;0;1;;;
07/05/2021;07:42:00;644;AC02 - Acidente com VITIMA;110;BR-040/RJ;RJ;Engavetamento;4;;;;;1;;;;;2;5;;;
07/05/2021;07:10:00;653;AC03 - Acidente sem VITIMA;109;BR-040/RJ;RJ;Colisão Traseira;2;;;;;;;;;;2;;;;
07/05/2021;10:32:00;666;AC02 - Acidente com VITIMA;77;BR-040/RJ;JF;Colisão Lateral;2;;;;;;;;;;0;3;1;;
07/05/2021;12:24:00;679;AC03 - Acidente sem VITIMA;91;BR-040/RJ;JF;Saída de Pista;1;;;;;;;;;;1;;;;
07/05/2021;13:45:00;692;AC03 - Acidente sem VITIMA;92;BR-040/RJ;JF;Saída de Pista;1;;;;;;;;;;1;;;;
07/05/2021;14:42:00;696;AC03 - Acidente sem VITIMA;89;BR-040/RJ;RJ;Choque - Objeto Fixo;1;;;;;;;;;;1;;;;
07/05/2021;14:42:00;697;AC03 - Acidente sem VITIMA;93;BR-040/RJ;RJ;Choque - Objeto Fixo;1;;;;;;;;;;1;;;;
07/05/2021;15:43:00;704;AC03 - Acidente sem VITIMA;90;BR-040/RJ;RJ;Saída de Pista;1;;;;;;;;;;1;;;;
07/05/2021;16:11:00;706;AC03 - Acidente sem VITIMA;91;BR-040/RJ;JF;Choque - Objeto Fixo;1;;;;;;;;;;1;;;;
07/05/2021;16:44:00;710;AC02 - Acidente com VITIMA;103;BR-040/RJ;JF;Colisão Traseira;1;;;1;;;;;;;1;1;;;
07/05/2021;16:55:00;713;AC03 - Acidente sem VITIMA;77;BR-040/RJ;RJ;Choque - Objeto Fixo;1;;;;;;;;;;1;;;;
07/05/2021;17:20:00;715;AC03 - Acidente sem VITIMA;91;BR-040/RJ;JF;Choque - Objeto Fixo;1;;;;;;;;;;1;;;;
07/05/2021;17:52:00;719;AC03 - Acidente sem VITIMA;75;BR-040/RJ;RJ;Choque - Objeto Fixo;1;;;;;;;;;;1;;;;
07/05/2021;21:31:00;739;AC03 - Acidente sem VITIMA;93;BR-040/RJ;RJ;Capotamento;1;;;;;;;;;;1;;;;
07/05/2021;23:44:00;749;AC03 - Acidente sem VITIMA;124;BR-040/RJ;RJ;Choque - Objeto Fixo;1;;;;;;;;;;1;;;;
08/05/2021;05:37:00;775;AC03 - Acidente sem VITIMA;118;BR-040/RJ;RJ;Colisão Lateral;2;;;;;;;;;;2;;;;
08/05/2021;06:12:00;778;AC03 - Acidente sem VITIMA;84;BR-040/RJ;RJ;Choque - Objeto Fixo;1;;;;;;;;;;1;;;;
08/05/2021;07:31:00;781;AC02 - Acidente com VITIMA;819;BR-040/MG;JF;Choque - Objeto Fixo;;;;1;;;;;;;0;;1;;
08/05/2021;10:15:00;791;AC02 - Acidente com VITIMA;3;BR-040/RJ;JF;Saída de Pista;1;;;;;;;;;;0;2;;;
08/05/2021;12:33:00;803;AC03 - Acidente sem VITIMA;93;BR-040/RJ;RJ;Saída de Pista;1;;;;;;;;;;1;;;;
08/05/2021;12:46:00;805;AC03 - Acidente sem VITIMA;91;BR-040/RJ;JF;Choque - Objeto Fixo;1;;;;;;;;;;1;;;;
08/05/2021;13:29:00;810;AC03 - Acidente sem VITIMA;85;BR-040/RJ;JF;Choque - Objeto Fixo;1;;;;;;;;;;1;;;;
08/05/2021;13:36:00;811;AC02 - Acidente com VITIMA;90;BR-040/RJ;RJ;Saída de Pista;1;;;;;;;;;;0;5;;;
08/05/2021;13:52:00;813;AC02 - Acidente com VITIMA;93;BR-040/RJ;RJ;Choque - Objeto Fixo;1;;;;;;;;;;0;2;;;
08/05/2021;14:14:00;815;AC02 - Acidente com VITIMA;91;BR-040/RJ;RJ;Saída de Pista;1;;;;;;;;;;0;2;;;
08/05/2021;14:35:00;817;AC03 - Acidente sem VITIMA;91;BR-040/RJ;JF;Choque - Objeto Fixo;1;;;;;;;;;;1;;;;
08/05/2021;14:54:00;818;AC03 - Acidente sem VITIMA;81;BR-040/RJ;RJ;Choque - Objeto Fixo;1;;;;;;;;;;1;;;;
08/05/2021;15:11:00;819;AC03 - Acidente sem VITIMA;78;BR-040/RJ;RJ;Choque - Objeto Fixo;1;;;;;;;;;;1;;;;
08/05/2021;15:20:00;820;AC02 - Acidente com VITIMA;78;BR-040/RJ;RJ;Capotamento;1;;;;;;;;;;0;1;;;
08/05/2021;15:54:00;822;AC02 - Acidente com VITIMA;85;BR-040/RJ;JF;Tombamento;1;;;;;;;;;;0;1;;;
09/05/2021;08:54:00;874;AC02 - Acidente com VITIMA;822;BR-040/MG;JF;Capotamento;1;;;;;;;;;;0;1;;;
09/05/2021;12:23:00;897;AC02 - Acidente com VITIMA;89;BR-040/RJ;RJ;Tombamento;;;1;;;;;;;;0;1;;;
09/05/2021;13:02:00;900;AC02 - Acidente com VITIMA;123;BR-040/RJ;RJ;Colisão Traseira;2;;;;;;;;;;1;1;;;
09/05/2021;13:14:00;902;AC02 - Acidente com VITIMA;93;BR-040/RJ;JF;Capotamento;1;;;;;;;;;;0;1;;;
09/05/2021;14:13:00;911;AC03 - Acidente sem VITIMA;812;BR-040/MG;JF;Choque - Objeto Fixo;;;1;;;;;;;;1;;;;
09/05/2021;15:01:00;915;AC02 - Acidente com VITIMA;93;BR-040/RJ;RJ;Capotamento;1;;;;;;;;;;0;3;;;
09/05/2021;15:11:00;918;AC03 - Acidente sem VITIMA;92;BR-040/RJ;RJ;Saída de Pista;1;;;;;;;;;;1;;;;
09/05/2021;16:30:00;923;AC03 - Acidente sem VITIMA;99;BR-040/RJ;RJ;Choque - Objeto Fixo;1;;;;;;;;;;1;;;;
09/05/2021;16:33:00;924;AC02 - Acidente com VITIMA;100;BR-040/RJ;JF;Choque - Objeto Fixo;1;;;;;;;;;;0;1;;;
09/05/2021;16:58:00;932;AC03 - Acidente sem VITIMA;83;BR-040/RJ;JF;Choque - Objeto Fixo;1;;;;;;;;;;1;;;;
09/05/2021;18:54:00;941;AC02 - Acidente com VITIMA;118;BR-040/RJ;JF;Colisão Traseira;2;;;;;;;;;;1;1;;;
09/05/2021;19:24:00;943;AC02 - Acidente com VITIMA;120;BR-040/RJ;RJ;Colisão Traseira;1;;;2;;;;;;;2;1;;;
09/05/2021;21:38:00;949;AC02 - Acidente com VITIMA;118;BR-040/RJ;JF;Queda de Moto;;;;1;;1;;;;;1;1;;;
10/05/2021;01:51:00;958;AC02 - Acidente com VITIMA;109;BR-040/RJ;JF;Choque - Objeto Fixo;;;;1;;;;;;;0;1;;;
10/05/2021;14:15:00;1018;AC03 - Acidente sem VITIMA;108;BR-040/RJ;JF;Colisão Lateral;2;;;;;;;;;;2;;;;
10/05/2021;15:44:00;1029;AC03 - Acidente sem VITIMA;70;BR-040/RJ;JF;Choque - Objeto Fixo;1;;;;;;;;;;1;;;;
10/05/2021;17:10:00;1040;AC02 - Acidente com VITIMA;89;BR-040/RJ;JF;Queda de Moto;;;;1;;;;;;;0;2;;;
10/05/2021;18:00:00;1046;AC03 - Acidente sem VITIMA;124;BR-040/RJ;JF;Colisão Lateral;1;;1;;;;;;;;2;;;;
11/05/2021;12:16:00;1108;AC03 - Acidente sem VITIMA;81;BR-040/RJ;JF;Colisão Lateral;1;;1;;;;;;;;2;;;;
11/05/2021;12:06:00;1109;AC03 - Acidente sem VITIMA;95;BR-040/RJ;JF;Choque - Objeto Fixo;1;;;;;;;;;;1;;;;
11/05/2021;15:23:00;1129;AC03 - Acidente sem VITIMA;810;BR-040/MG;JF;Colisão Frontal;1;;;;;;;;;1;2;;;;
11/05/2021;18:36:00;1153;AC02 - Acidente com VITIMA;802;BR-040/MG;RJ;Colisão Lateral;1;;;1;;;;;;;1;;1;;
11/05/2021;19:42:00;1159;AC02 - Acidente com VITIMA;68;BR-040/RJ;RJ;Queda de Moto;;;;1;;;;;;;0;1;;;
12/05/2021;09:54:00;1206;AC03 - Acidente sem VITIMA;121;BR-040/RJ;JF;Colisão Lateral;1;;;1;;;;;;;2;;;;
12/05/2021;11:09:00;1214;AC02 - Acidente com VITIMA;122;BR-040/RJ;JF;Colisão Lateral;1;;1;;;;;;;;1;1;1;;
12/05/2021;11:18:00;1217;AC03 - Acidente sem VITIMA;78;BR-040/RJ;JF;Colisão Lateral;1;;1;;;;;;;;2;;;;
12/05/2021;12:13:00;1224;AC02 - Acidente com VITIMA;119;BR-040/RJ;RJ;Colisão Frontal;1;;;1;;;;;;;1;1;;;
12/05/2021;16:16:00;1246;AC02 - Acidente com VITIMA;105;BR-040/RJ;RJ;Colisão Lateral;1;;;1;;;;;;;1;1;;;
12/05/2021;16:45:00;1252;AC03 - Acidente sem VITIMA;109;BR-040/RJ;RJ;Colisão Lateral;1;;1;;;;;;;;2;;;;
12/05/2021;23:48:00;1281;AC03 - Acidente sem VITIMA;113;BR-040/RJ;JF;Choque - Objeto Fixo;1;;;;;;;;;;1;;;;
13/05/2021;07:12:00;1309;AC03 - Acidente sem VITIMA;123;BR-040/RJ;RJ;Choque - Objeto Fixo;1;;1;;;;;;;;2;;;;
13/05/2021;07:42:00;1316;AC03 - Acidente sem VITIMA;75;BR-040/RJ;RJ;Choque - Objeto Fixo;1;;;;;;;;;;1;;;;
13/05/2021;07:50:00;1318;AC03 - Acidente sem VITIMA;77;BR-040/RJ;RJ;Choque - Objeto Fixo;1;;;;;;;;;;1;;;;
13/05/2021;08:36:00;1324;AC03 - Acidente sem VITIMA;93;BR-040/RJ;RJ;Capotamento;1;;;;;;;;;;1;;;;
13/05/2021;08:55:00;1327;AC02 - Acidente com VITIMA;82;BR-040/RJ;RJ;Choque - Objeto Fixo;1;;;;;;;;;;0;1;;;
13/05/2021;09:08:00;1328;AC03 - Acidente sem VITIMA;80;BR-040/RJ;RJ;Choque - Objeto Fixo;1;;;;;;;;;;1;;;;
13/05/2021;09:41:00;1332;AC03 - Acidente sem VITIMA;93;BR-040/RJ;JF;Choque - Objeto Fixo;1;;;;;;;;;;1;;;;
13/05/2021;10:26:00;1335;AC02 - Acidente com VITIMA;27;BR-040/RJ;JF;Capotamento;1;;;;;;;;;;0;3;;;
13/05/2021;15:08:00;1357;AC02 - Acidente com VITIMA;109;BR-040/RJ;JF;Engavetamento;4;;;;;;;;;;2;3;;;
13/05/2021;15:50:00;1366;AC03 - Acidente sem VITIMA;99;BR-040/RJ;JF;Colisão Lateral;1;;;;;1;;;;;2;;;;
13/05/2021;16:09:00;1369;AC03 - Acidente sem VITIMA;109;BR-040/RJ;JF;Engavetamento;2;;1;1;;;;;;;4;;;;
13/05/2021;18:29:00;1381;AC03 - Acidente sem VITIMA;102;BR-040/RJ;RJ;Queda de Moto;;;;1;;;;;;;1;;;;
13/05/2021;18:53:00;1384;AC02 - Acidente com VITIMA;102;BR-040/RJ;RJ;Queda de Moto;;;;1;;;;;;;0;1;;;
13/05/2021;20:20:00;1394;AC02 - Acidente com VITIMA;94;BR-040/RJ;RJ;Tombamento;;;1;;;;;;;;0;;1;;
13/05/2021;20:43:00;1395;AC03 - Acidente sem VITIMA;782;BR-040/MG;JF;Atropelamento - Animal;;;;;;;;;;1;1;;;;
13/05/2021;21:10:00;1397;AC02 - Acidente com VITIMA;778;BR-040/MG;RJ;Colisão Transversal;1;;1;;;;;;;;1;1;;;
14/05/2021;00:48:00;1408;AC03 - Acidente sem VITIMA;84;BR-040/RJ;RJ;Choque - Objeto Fixo;1;;;;;;;;;;1;;;;
14/05/2021;05:53:00;1416;AC03 - Acidente sem VITIMA;777;BR-040/MG;RJ;Atropelamento - Animal;1;;;;;;;;;;1;;;;
14/05/2021;07:19:00;1430;AC03 - Acidente sem VITIMA;75;BR-040/RJ;RJ;Choque - Objeto Fixo;1;;;;;;;;;;1;;;;
14/05/2021;07:50:00;1436;AC03 - Acidente sem VITIMA;72;BR-040/RJ;JF;Choque - Objeto Fixo;1;;;;;;;;;;1;;;;
14/05/2021;08:34:00;1437;AC03 - Acidente sem VITIMA;78;BR-040/RJ;RJ;Choque - Objeto Fixo;1;;;;;;;;;;1;;;;
14/05/2021;13:49:00;1468;AC03 - Acidente sem VITIMA;63;BR-040/RJ;JF;Choque - Objeto Fixo;1;;;;;;;;;;1;;;;
14/05/2021;14:07:00;1470;AC02 - Acidente com VITIMA;118;BR-040/RJ;JF;Engavetamento;2;;1;;;;;;;;2;1;;;
14/05/2021;14:35:00;1471;AC03 - Acidente sem VITIMA;77;BR-040/RJ;RJ;Capotamento;1;;;;;;;;;;1;;;;
14/05/2021;14:45:00;1472;AC03 - Acidente sem VITIMA;94;BR-040/RJ;JF;Choque - Objeto Fixo;1;;;;;;;;;;1;;;;
14/05/2021;15:40:00;1476;AC02 - Acidente com VITIMA;123;BR-040/RJ;RJ;Colisão Lateral;1;;;1;;;;;;;1;1;;;
14/05/2021;17:58:00;1495;AC03 - Acidente sem VITIMA;71;BR-040/RJ;RJ;Atropelamento - Animal;1;;;;;;;;;;1;;;;
15/05/2021;07:45:00;1535;AC03 - Acidente sem VITIMA;121;BR-040/RJ;RJ;Colisão Lateral;1;;;;1;;;;;;2;;;;
15/05/2021;14:43:00;1568;AC02 - Acidente com VITIMA;119;BR-040/RJ;RJ;Colisão Traseira;;;;;2;;;;;;1;2;;;
15/05/2021;19:50:00;1596;AC03 - Acidente sem VITIMA;112;BR-040/RJ;JF;Choque - Objeto Fixo;1;;;;;;;;;;1;;;;
15/05/2021;23:31:00;1609;AC02 - Acidente com VITIMA;104;BR-040/RJ;JF;Colisão Lateral;1;;;1;;;;;;;0;2;;;
16/05/2021;03:54:00;1618;AC03 - Acidente sem VITIMA;89;BR-040/RJ;JF;Choque - Objeto Fixo;1;;;;;;;;;;1;;;;
16/05/2021;06:48:00;1623;AC02 - Acidente com VITIMA;790;BR-040/MG;RJ;Capotamento;1;;;;;;;;;;0;;1;;
16/05/2021;13:57:00;1659;AC03 - Acidente sem VITIMA;25;BR-040/RJ;RJ;Colisão Lateral;2;;;;;;;;;;2;;;;
16/05/2021;15:54:00;1668;AC03 - Acidente sem VITIMA;108;BR-040/RJ;JF;Choque - Objeto Fixo;1;;;;;;;;;;1;;;;
16/05/2021;18:00:00;1685;AC02 - Acidente com VITIMA;84;BR-040/RJ;RJ;Queda de Moto;;;;1;;;;;;;0;1;;;
16/05/2021;18:02:00;1686;AC02 - Acidente com VITIMA;122;BR-040/RJ;RJ;Colisão Lateral;1;;;1;;;;;;;1;1;;;
17/05/2021;03:06:00;1720;AC03 - Acidente sem VITIMA;91;BR-040/RJ;JF;Saída de Pista;;;1;;;;;;;;1;;;;
17/05/2021;06:55:00;1730;AC03 - Acidente sem VITIMA;122;BR-040/RJ;RJ;Colisão Traseira;1;;1;;;;;;;;2;;;;
17/05/2021;08:16:00;1737;AC03 - Acidente sem VITIMA;32;BR-040/RJ;JF;Choque - Objeto Fixo;1;;;;;;;;;;1;;;;
17/05/2021;11:17:00;1767;AC04 - Atropelamento;117;BR-040/RJ;JF;Atropelamento - Pedestre;;;1;;;1;;;;;1;1;;;
18/05/2021;00:17:00;1838;AC03 - Acidente sem VITIMA;112;BR-040/RJ;RJ;Choque - Objeto Fixo;;;1;;;;;;;;1;;;;
18/05/2021;07:12:00;1852;AC02 - Acidente com VITIMA;31;BR-040/RJ;RJ;Tombamento;;;1;;;;;;;;0;2;;;
18/05/2021;12:56:00;1889;AC03 - Acidente sem VITIMA;86;BR-040/RJ;JF;Colisão Lateral;1;;1;;;;;;;;2;;;;
18/05/2021;15:10:00;1911;AC03 - Acidente sem VITIMA;83;BR-040/RJ;JF;Choque - Objeto Fixo;1;;;;;;;;;;1;;;;
18/05/2021;15:53:00;1916;AC03 - Acidente sem VITIMA;93;BR-040/RJ;RJ;Choque - Objeto Fixo;1;;;;;;;;;;1;;;;
18/05/2021;18:09:00;1934;AC02 - Acidente com VITIMA;114;BR-040/RJ;JF;Colisão Traseira;2;;;;;;;;;;1;1;;;
19/05/2021;15:42:00;2042;AC03 - Acidente sem VITIMA;122;BR-040/RJ;JF;Queda de Moto;;;;1;;;;;;;1;;;;
20/05/2021;10:25:00;2125;AC02 - Acidente com VITIMA;83;BR-040/RJ;JF;Choque - Objeto Fixo;1;;;;;;;;;;0;1;;;
20/05/2021;14:44:00;2145;AC02 - Acidente com VITIMA;120;BR-040/RJ;RJ;Capotamento;2;;;;;;;;;;2;1;;;
20/05/2021;16:55:00;2154;AC03 - Acidente sem VITIMA;92;BR-040/RJ;RJ;Choque - Objeto Fixo;;;;;;1;;;;;1;;;;
21/05/2021;06:50:00;2203;AC03 - Acidente sem VITIMA;85;BR-040/RJ;JF;Choque - Objeto Fixo;1;;;;;;;;;;1;;;;
21/05/2021;08:13:00;2211;AC03 - Acidente sem VITIMA;783;BR-040/MG;JF;Choque - Objeto Fixo;1;;;;;;;;;;1;;;;
21/05/2021;17:44:00;2282;AC03 - Acidente sem VITIMA;111;BR-040/RJ;JF;Engavetamento;3;;1;;;;;;;;4;;;;
21/05/2021;18:00:00;2284;AC03 - Acidente sem VITIMA;110;BR-040/RJ;JF;Colisão Lateral;1;;1;;;;;;;;2;;;;
21/05/2021;17:54:00;2285;AC03 - Acidente sem VITIMA;81;BR-040/RJ;JF;Saída de Pista;1;;;;;;;;;;1;;;;
21/05/2021;18:43:00;2290;AC02 - Acidente com VITIMA;121;BR-040/RJ;RJ;Colisão Transversal;2;;;;;;;;;;1;;;1;
21/05/2021;19:04:00;2293;AC02 - Acidente com VITIMA;62;BR-040/RJ;RJ;Colisão Frontal;;;;2;;;;;;;0;;3;;
21/05/2021;19:05:00;2295;AC02 - Acidente com VITIMA;816;BR-040/MG;JF;Colisão Lateral;;1;;;;1;;;;;1;;;1;
22/05/2021;04:26:00;2315;AC03 - Acidente sem VITIMA;109;BR-040/RJ;JF;Choque - Objeto Fixo;1;;;;;;;;;;1;;;;
22/05/2021;18:49:00;2378;AC03 - Acidente sem VITIMA;118;BR-040/RJ;JF;Colisão Traseira;2;;;;;;;;;;2;;;;
23/05/2021;10:00:00;2431;AC03 - Acidente sem VITIMA;791;BR-040/MG;JF;Saída de Pista;1;;;;;;;;;;1;;;;
23/05/2021;17:12:00;2476;AC04 - Atropelamento;101;BR-040/RJ;RJ;Colisão Lateral;1;1;;;;;;;;;1;;1;;
23/05/2021;23:51:00;2503;AC02 - Acidente com VITIMA;34;BR-040/RJ;RJ;Saída de Pista;1;;;;;;;;;;0;1;;;
24/05/2021;01:23:00;2510;AC03 - Acidente sem VITIMA;87;BR-040/RJ;JF;Colisão Lateral;1;;;;;1;;;;;2;;;;
24/05/2021;07:00:00;2522;AC03 - Acidente sem VITIMA;110;BR-040/RJ;RJ;Colisão Lateral;1;;1;;;;;;;;2;;;;
24/05/2021;12:50:00;2549;AC02 - Acidente com VITIMA;78;BR-040/RJ;RJ;Tombamento;1;;1;;;;;;;;0;3;;;
24/05/2021;14:15:00;2556;AC03 - Acidente sem VITIMA;29;BR-040/RJ;JF;Choque - Objeto Fixo;1;;;;;;;;;;1;;;;
24/05/2021;18:33:00;2589;AC03 - Acidente sem VITIMA;110;BR-040/RJ;JF;Colisão Traseira;2;;;;;;;;;;2;;;;
24/05/2021;18:45:00;2592;AC02 - Acidente com VITIMA;111;BR-040/RJ;JF;Engavetamento;3;;;;;;;;;;1;3;;;
25/05/2021;17:55:00;2693;AC02 - Acidente com VITIMA;64;BR-040/RJ;RJ;Choque - Objeto Fixo;2;;;;;;;;;;0;2;;;
26/05/2021;01:22:00;2725;AC05 - Atropelamento Fatal;119;BR-040/RJ;RJ;Atropelamento - Pedestre;1;;;;;2;;;;;2;2;;;1
26/05/2021;07:37:00;2740;AC03 - Acidente sem VITIMA;773;BR-040/MG;RJ;Saída de Pista;1;;;;;;;;;;1;;;;
26/05/2021;11:25:00;2760;AC03 - Acidente sem VITIMA;107;BR-040/RJ;JF;Colisão Traseira;2;;;;;;;;;;2;;;;
26/05/2021;14:55:00;2784;AC03 - Acidente sem VITIMA;68;BR-040/RJ;JF;Choque - Objeto Fixo;1;;;;;;;;;;1;;;;
26/05/2021;15:47:00;2789;AC03 - Acidente sem VITIMA;89;BR-040/RJ;JF;Engavetamento;2;;1;;;;;;;;3;;;;
26/05/2021;20:15:00;2825;AC03 - Acidente sem VITIMA;90;BR-040/RJ;JF;Colisão Lateral;1;;;;;1;;;;;2;;;;
27/05/2021;10:31:00;2877;AC02 - Acidente com VITIMA;804;BR-040/MG;JF;Colisão Traseira;;;2;;;;;;;;0;2;;;
27/05/2021;12:57:00;2888;AC02 - Acidente com VITIMA;816;BR-040/MG;JF;Engavetamento;2;;1;;;;;;;;2;1;;;
27/05/2021;17:19:00;2909;AC02 - Acidente com VITIMA;120;BR-040/RJ;JF;Engavetamento;3;;;;;;;;;;2;1;;;
27/05/2021;18:14:00;2916;AC02 - Acidente com VITIMA;101;BR-040/RJ;JF;Colisão Transversal;1;1;;;;;;;;;1;1;;;
28/05/2021;09:25:00;2975;AC03 - Acidente sem VITIMA;92;BR-040/RJ;JF;Colisão Traseira;2;;;;;;;;;;2;;;;
28/05/2021;12:38:00;2990;AC03 - Acidente sem VITIMA;111;BR-040/RJ;JF;Colisão Lateral;1;;;;;1;;;;;2;;;;
28/05/2021;12:44:00;2991;AC03 - Acidente sem VITIMA;110;BR-040/RJ;JF;Colisão Lateral;1;;;;;;;;;;1;;;;
28/05/2021;13:30:00;2996;AC02 - Acidente com VITIMA;59;BR-040/RJ;RJ;Capotamento;1;;;;;;;;;;0;;1;;
29/05/2021;00:33:00;3081;AC03 - Acidente sem VITIMA;123;BR-040/RJ;RJ;Choque - Objeto Fixo;1;;;;;;;;;;1;;;;
29/05/2021;06:06:00;3104;AC02 - Acidente com VITIMA;99;BR-040/RJ;JF;Capotamento;1;;;;;;;;;;0;1;;;