data;horario;n_da_ocorrencia;tipo_de_ocorrencia;km;trecho;sentido;tipo_de_acidente;automovel;bicicleta;caminhao;moto;onibus;outros;tracao_animal;transporte_de_cargas_especiais;trator_maquinas;utilitarios;ilesos;levemente_feridos;moderadamente_feridos;gravemente_feridos;mortos
30/05/2021;02:29:00;3210;AC03 - Acidente sem VITIMA;120;BR-040/RJ;JF;Choque - Objeto Fixo;1;;;;;;;;;;1;;;;
30/05/2021;14:06:00;3257;AC02 - Acidente com VITIMA;83;BR-040/RJ;JF;Queda de Moto;;;;1;;;;;;;0;2;;;
30/05/2021;14:51:00;3263;AC03 - Acidente sem VITIMA;85;BR-040/RJ;JF;Choque - Objeto Fixo;1;;;;;;;;;;1;;;;
30/05/2021;15:23:00;3268;AC02 - Acidente com VITIMA;94;BR-040/RJ;RJ;Capotamento;1;;;;;;;;;;0;1;;;
30/05/2021;15:42:00;3272;AC02 - Acidente com VITIMA;786;BR-040/MG;JF;Capotamento;1;;;;;;;;;;0;1;;;
30/05/2021;16:18:00;3283;AC03 - Acidente sem VITIMA;94;BR-040/RJ;RJ;Choque - Objeto Fixo;1;;;;;;;;;;1;;;;
30/05/2021;16:25:00;3285;AC02 - Acidente com VITIMA;799;BR-040/MG;RJ;Choque - Objeto Fixo;1;;;;;;;;;;0;2;;;
30/05/2021;16:30:00;3287;AC03 - Acidente sem VITIMA;93;BR-040/RJ;RJ;Choque - Objeto Fixo;1;;;;;;;;;;1;;;;
30/05/2021;16:48:00;3290;AC02 - Acidente com VITIMA;2;BR-040/RJ;JF;Choque - Objeto Fixo;1;;;;;;;;;;0;1;;;
30/05/2021;17:16:00;3294;AC03 - Acidente sem VITIMA;98;BR-040/RJ;JF;Colisão Lateral;2;;;;;;;;;;2;;;;
30/05/2021;17:30:00;3297;AC02 - Acidente com VITIMA;108;BR-040/RJ;JF;Choque - Objeto Fixo;1;;;;;;;;;;0;1;;;
30/05/2021;18:21:00;3306;AC03 - Acidente sem VITIMA;777;BR-040/MG;JF;Atropelamento - Animal;1;;;;;;;;;;1;;;;
30/05/2021;20:27:00;3327;AC03 - Acidente sem VITIMA;824;BR-040/MG;RJ;Choque - Objeto Fixo;1;;;;;;;;;;1;;;;
30/05/2021;22:07:00;3340;AC02 - Acidente com VITIMA;114;BR-040/RJ;JF;Engavetamento;4;;;;;;;;;;2;3;;;
30/05/2021;23:53:00;3348;AC03 - Acidente sem VITIMA;123;BR-040/RJ;JF;Colisão Traseira;2;;;;;;;;;;2;;;;
31/05/2021;01:49:00;3357;AC03 - Acidente sem VITIMA;114;BR-040/RJ;RJ;Choque - Objeto Fixo;1;;;;;;;;;;1;;;;
31/05/2021;08:29:00;3388;AC02 - Acidente com VITIMA;78;BR-040/RJ;RJ;Choque - Objeto Fixo;1;;;;;;;;;;0;5;;;
31/05/2021;08:32:00;3389;AC03 - Acidente sem VITIMA;82;BR-040/RJ;RJ;Choque - Objeto Fixo;1;;;;;;;;;;1;;;;
31/05/2021;08:41:00;3391;AC02 - Acidente com VITIMA;78;BR-040/RJ;RJ;Choque - Objeto Fixo;1;;;;;;;;;;0;1;;;
31/05/2021;09:16:00;3395;AC02 - Acidente com VITIMA;93;BR-040/RJ;JF;Tombamento;1;;;;;;;;;;0;2;;;
31/05/2021;09:23:00;3397;AC03 - Acidente sem VITIMA;90;BR-040/RJ;RJ;Choque - Objeto Fixo;1;;;;;;;;;;1;;;;
31/05/2021;09:53:00;3398;AC03 - Acidente sem VITIMA;61;BR-040/RJ;JF;Choque - Objeto Fixo;1;;;;;;;;;;1;;;;
31/05/2021;10:01:00;3399;AC02 - Acidente com VITIMA;93;BR-040/RJ;RJ;Choque - Objeto Fixo;1;;;;;;;;;;0;1;;;
31/05/2021;10:34:00;3403;AC03 - Acidente sem VITIMA;84;BR-040/RJ;RJ;Choque - Objeto Fixo;1;;;;;;;;;;1;;;;
31/05/2021;10:44:00;3406;AC02 - Acidente com VITIMA;92;BR-040/RJ;RJ;Capotamento;1;;;;;;;;;;0;1;;;
31/05/2021;10:56:00;3407;AC03 - Acidente sem VITIMA;90;BR-040/RJ;RJ;Choque - Objeto Fixo;1;;;;;;;;;;1;;;;
31/05/2021;11:04:00;3408;AC03 - Acidente sem VITIMA;55;BR-040/RJ;RJ;Choque - Objeto Fixo;1;;;;;;;;;;1;;;;
31/05/2021;11:11:00;3409;AC03 - Acidente sem VITIMA;92;BR-040/RJ;JF;Choque - Objeto Fixo;1;;;;;;;;;;1;;;;
31/05/2021;11:04:00;3410;AC03 - Acidente sem VITIMA;92;BR-040/RJ;RJ;Choque - Objeto Fixo;1;;;;;;;;;;1;;;;
31/05/2021;13:48:00;3426;AC03 - Acidente sem VITIMA;786;BR-040/MG;JF;Choque - Objeto Fixo;1;;;;;;;;;;1;;;;
31/05/2021;14:25:00;3429;AC03 - Acidente sem VITIMA;92;BR-040/RJ;RJ;Choque - Objeto Fixo;1;;;;;;;;;;1;;;;
31/05/2021;14:25:00;3430;AC03 - Acidente sem VITIMA;91;BR-040/RJ;JF;Colisão Lateral;1;;1;;;;;;;;2;;;;
31/05/2021;15:09:00;3436;AC03 - Acidente sem VITIMA;91;BR-040/RJ;RJ;Saída de Pista;1;;;;;;;;;;1;;;;
31/05/2021;15:16:00;3438;AC02 - Acidente com VITIMA;782;BR-040/MG;JF;Capotamento;1;;;;;;;;;;0;1;1;;
31/05/2021;16:04:00;3441;AC03 - Acidente sem VITIMA;85;BR-040/RJ;JF;Colisão Lateral;2;;;;;;;;;;2;;;;
31/05/2021;16:11:00;3443;AC03 - Acidente sem VITIMA;82;BR-040/RJ;RJ;Choque - Objeto Fixo;1;;;;;;;;;;1;;;;
31/05/2021;16:05:00;3444;AC03 - Acidente sem VITIMA;77;BR-040/RJ;RJ;Choque - Objeto Fixo;1;;;;;;;;;;1;;;;
31/05/2021;16:21:00;3448;AC02 - Acidente com VITIMA;5;BR-040/RJ;JF;Saída de Pista;1;;;;;;;;;;0;1;;;
31/05/2021;17:13:00;3454;AC03 - Acidente sem VITIMA;94;BR-040/RJ;RJ;Choque - Objeto Fixo;1;;;;;;;;;;1;;;;
31/05/2021;18:08:00;3457;AC03 - Acidente sem VITIMA;111;BR-040/RJ;RJ;Choque - Objeto Fixo;;;1;;;;;;;;1;;;;
31/05/2021;18:19:00;3460;AC02 - Acidente com VITIMA;72;BR-040/RJ;JF;Saída de Pista;1;;;;;;;;;;0;1;;;
31/05/2021;18:30:00;3462;AC03 - Acidente sem VITIMA;24;BR-040/RJ;RJ;Choque - Objeto Fixo;1;;;;;;;;;;1;;;;
01/06/2021;03:09:00;7;AC03 - Acidente sem VITIMA;98;BR-040/RJ;RJ;Choque - Objeto Fixo;1;;;;;;;;;;1;;;;
01/06/2021;05:00:00;10;AC03 - Acidente sem VITIMA;78;BR-040/RJ;RJ;Choque - Objeto Fixo;1;;;;;;;;;;1;;;;
01/06/2021;06:37:00;14;AC03 - Acidente sem VITIMA;105;BR-040/RJ;RJ;Engavetamento;2;;;;1;;;;;;3;;;;
01/06/2021;06:46:00;16;AC02 - Acidente com VITIMA;109;BR-040/RJ;RJ;Engavetamento;3;;1;;;;;;;;2;2;;;
01/06/2021;06:48:00;17;AC02 - Acidente com VITIMA;94;BR-040/RJ;RJ;Colisão Lateral;1;;1;;;;;;;;0;2;;;
01/06/2021;07:07:00;19;AC03 - Acidente sem VITIMA;80;BR-040/RJ;RJ;Choque - Objeto Fixo;1;;;;;;;;;;1;;;;
01/06/2021;07:53:00;24;AC03 - Acidente sem VITIMA;91;BR-040/RJ;JF;Choque - Objeto Fixo;1;;;;;;;;;;1;;;;
01/06/2021;11:58:00;51;AC02 - Acidente com VITIMA;124;BR-040/RJ;JF;Queda de Moto;1;;;1;;;;;;;1;1;;;
01/06/2021;15:09:00;70;AC02 - Acidente com VITIMA;96;BR-040/RJ;JF;Tombamento;;;1;;;1;;;;;1;1;;;
01/06/2021;17:55:00;89;AC03 - Acidente sem VITIMA;111;BR-040/RJ;JF;Colisão Traseira;2;;;;;;;;;;2;;;;
02/06/2021;07:57:00;129;AC02 - Acidente com VITIMA;113;BR-040/RJ;RJ;Engavetamento;2;;1;;;1;;;;;3;1;;;
02/06/2021;10:27:00;143;AC02 - Acidente com VITIMA;31;BR-040/RJ;RJ;Queda de Moto;;;;1;;;;;;;0;2;;;
02/06/2021;12:04:00;160;AC02 - Acidente com VITIMA;121;BR-040/RJ;RJ;Engavetamento;2;;1;;;;;;;;2;;1;;
02/06/2021;15:29:00;180;AC02 - Acidente com VITIMA;113;BR-040/RJ;JF;Engavetamento;2;;1;;1;;;;;;2;3;;;
02/06/2021;18:25:00;203;AC03 - Acidente sem VITIMA;111;BR-040/RJ;JF;Colisão Traseira;1;;;;;;;;;;1;;;;
02/06/2021;19:04:00;208;AC02 - Acidente com VITIMA;109;BR-040/RJ;RJ;Colisão Lateral;1;1;;;;;;;;;1;;1;;
03/06/2021;01:33:00;238;AC03 - Acidente sem VITIMA;104;BR-040/RJ;JF;Saída de Pista;1;;;;;;;;;;1;;;;
03/06/2021;02:37:00;241;AC03 - Acidente sem VITIMA;102;BR-040/RJ;JF;Colisão Traseira;1;;;;;1;;;;;2;;;;
03/06/2021;06:50:00;253;AC02 - Acidente com VITIMA;78;BR-040/RJ;JF;Colisão Traseira;1;;;1;;;;;;;0;2;1;;
03/06/2021;06:53:00;255;AC03 - Acidente sem VITIMA;77;BR-040/RJ;RJ;Capotamento;1;;;;;;;;;;1;;;;
03/06/2021;08:40:00;264;AC03 - Acidente sem VITIMA;785;BR-040/MG;JF;Saída de Pista;1;;;;;;;;;;1;;;;
03/06/2021;08:51:00;267;AC03 - Acidente sem VITIMA;109;BR-040/RJ;JF;Colisão Lateral;1;;1;;;;;;;;2;;;;
03/06/2021;12:32:00;293;AC02 - Acidente com VITIMA;78;BR-040/RJ;RJ;Choque - Objeto Fixo;1;;;;;;;;;;0;1;;;
03/06/2021;13:08:00;298;AC03 - Acidente sem VITIMA;108;BR-040/RJ;RJ;Colisão Traseira;2;;;;;;;;;;2;;;;
03/06/2021;14:04:00;307;AC03 - Acidente sem VITIMA;102;BR-040/RJ;JF;Colisão Lateral;1;;1;;;;;;;;2;;;;
03/06/2021;16:07:00;323;AC03 - Acidente sem VITIMA;116;BR-040/RJ;RJ;Colisão Lateral;1;;1;;;;;;;;2;;;;
03/06/2021;17:07:00;330;AC02 - Acidente com VITIMA;78;BR-040/RJ;RJ;Queda de Moto;;;;1;;;;;;;0;1;;;
04/06/2021;06:07:00;380;AC03 - Acidente sem VITIMA;824;BR-040/MG;JF;Choque - Objeto Fixo;1;;;;;;;;;;1;;;;
04/06/2021;06:54:00;384;AC03 - Acidente sem VITIMA;123;BR-040/RJ;JF;Colisão Lateral;1;;1;;;;;;;;2;;;;
04/06/2021;09:32:00;399;AC02 - Acidente com VITIMA;816;BR-040/MG;RJ;Queda de Moto;;;;1;;;;;;;0;1;;;
04/06/2021;17:10:00;458;AC02 - Acidente com VITIMA;105;BR-040/RJ;JF;Queda de Moto;;;;1;;;;;;;0;1;;;
04/06/2021;18:08:00;467;AC02 - Acidente com VITIMA;100;BR-040/RJ;JF;Choque - Objeto Fixo;1;;;;;;;;;;0;1;;;
04/06/2021;19:40:00;482;AC03 - Acidente sem VITIMA;102;BR-040/RJ;RJ;Colisão Traseira;2;;;;;;;;;;2;;;;
05/06/2021;05:47:00;503;AC03 - Acidente sem VITIMA;118;BR-040/RJ;JF;Colisão Traseira;2;;;;;;;;;;2;;;;
05/06/2021;07:38:00;510;AC03 - Acidente sem VITIMA;104;BR-040/RJ;JF;Colisão Frontal;2;;;;;;;;;;2;;;;
05/06/2021;11:43:00;535;AC03 - Acidente sem VITIMA;121;BR-040/RJ;JF;Colisão Traseira;2;;;;;;;;;;2;;;;
05/06/2021;16:57:00;571;AC02 - Acidente com VITIMA;115;BR-040/RJ;RJ;Queda de Moto;;;;1;;;;;;;0;;1;;
05/06/2021;19:50:00;593;AC02 - Acidente com VITIMA;104;BR-040/RJ;JF;Colisão Frontal;2;;;;;;;;;;1;;1;;
05/06/2021;20:55:00;600;AC03 - Acidente sem VITIMA;776;BR-040/MG;RJ;Choque - Objeto Fixo;1;;;;;;;;;;1;;;;
06/06/2021;02:26:00;618;AC02 - Acidente com VITIMA;109;BR-040/RJ;JF;Capotamento;1;;;;;;;;;;0;2;;;
06/06/2021;04:45:00;622;AC02 - Acidente com VITIMA;121;BR-040/RJ;RJ;Choque - Objeto Fixo;1;;;;;;;;;;0;;;1;
06/06/2021;05:18:00;623;AC03 - Acidente sem VITIMA;112;BR-040/RJ;JF;Choque - Objeto Fixo;1;;;;;;;;;;1;;;;
06/06/2021;15:21:00;664;AC02 - Acidente com VITIMA;113;BR-040/RJ;RJ;Queda de Moto;;;;1;;;;;;;0;1;;;
06/06/2021;15:24:00;665;AC02 - Acidente com VITIMA;789;BR-040/MG;RJ;Capotamento;1;;;;;;;;;;0;2;;;
06/06/2021;17:44:00;685;AC02 - Acidente com VITIMA;107;BR-040/RJ;RJ;Colisão Lateral;1;;;1;;;;;;;1;1;;;
07/06/2021;05:04:00;725;AC02 - Acidente com VITIMA;92;BR-040/RJ;RJ;Tombamento;;;1;;1;;;;;;0;3;1;;
07/06/2021;13:39:00;765;AC03 - Acidente sem VITIMA;118;BR-040/RJ;JF;Colisão Lateral;1;;;1;;;;;;;2;;;;
07/06/2021;13:42:00;767;AC02 - Acidente com VITIMA;108;BR-040/RJ;JF;Queda de Moto;;;;1;;;;;;;0;1;;;
07/06/2021;15:46:00;785;AC04 - Atropelamento;105;BR-040/RJ;JF;Atropelamento - Pedestre;1;;;;;1;;;;;1;1;;;
07/06/2021;18:20:00;803;AC03 - Acidente sem VITIMA;90;BR-040/RJ;JF;Queda de Moto;;;;1;;;;;;;1;;;;
07/06/2021;19:41:00;813;AC03 - Acidente sem VITIMA;3;BR-040/RJ;JF;Atropelamento - Animal;1;;;;;;;;;;1;;;;
08/06/2021;02:30:00;837;AC02 - Acidente com VITIMA;104;BR-040/RJ;JF;Choque - Objeto Fixo;;;;1;;;;;;;0;;1;;
08/06/2021;02:30:00;838;AC03 - Acidente sem VITIMA;78;BR-040/RJ;RJ;Choque - Objeto Fixo;1;;;;;;;;;;1;;;;
08/06/2021;03:16:00;839;AC03 - Acidente sem VITIMA;82;BR-040/RJ;RJ;Choque - Objeto Fixo;1;;;;;;;;;;1;;;;
08/06/2021;11:02:00;875;AC03 - Acidente sem VITIMA;94;BR-040/RJ;RJ;Choque - Objeto Fixo;1;;;;;;;;;;1;;;;
08/06/2021;18:21:00;931;AC02 - Acidente com VITIMA;86;BR-040/RJ;JF;Queda de Moto;;;;1;;;;;;;0;1;;;
09/06/2021;05:36:00;963;AC03 - Acidente sem VITIMA;90;BR-040/RJ;RJ;Choque - Objeto Fixo;1;;;;;;;;;;1;;;;
09/06/2021;06:42:00;965;AC03 - Acidente sem VITIMA;91;BR-040/RJ;JF;Choque - Objeto Fixo;1;;;;;;;;;;1;;;;
09/06/2021;07:21:00;974;AC03 - Acidente sem VITIMA;91;BR-040/RJ;JF;Choque - Objeto Fixo;1;;;;;;;;;;1;;;;
09/06/2021;09:03:00;986;AC02 - Acidente com VITIMA;90;BR-040/RJ;RJ;Capotamento;1;;;;;;;;;;0;2;;;
09/06/2021;09:32:00;990;AC03 - Acidente sem VITIMA;91;BR-040/RJ;JF;Colisão Frontal;2;;;;;;;;;;2;;;;
09/06/2021;09:30:00;991;AC03 - Acidente sem VITIMA;90;BR-040/RJ;JF;Choque - Objeto Fixo;1;;;;;;;;;;1;;;;
09/06/2021;12:49:00;1011;AC03 - Acidente sem VITIMA;42;BR-040/RJ;RJ;Colisão Traseira;1;;1;;;;;;;;2;;;;
09/06/2021;18:11:00;1050;AC02 - Acidente com VITIMA;113;BR-040/RJ;JF;Queda de Moto;;;;1;;;;;;;0;;2;;
09/06/2021;18:40:00;1054;AC02 - Acidente com VITIMA;45;BR-040/RJ;JF;Atropelamento - Pedestre;;;;1;;1;;;;;1;2;;;
10/06/2021;09:41:00;1114;AC02 - Acidente com VITIMA;120;BR-040/RJ;JF;Colisão Lateral;1;;;1;;;;;;;1;1;;;
10/06/2021;10:09:00;1115;AC03 - Acidente sem VITIMA;5;BR-040/RJ;JF;Choque - Objeto Fixo;1;;;;;;;;;;1;;;;
10/06/2021;15:01:00;1147;AC03 - Acidente sem VITIMA;779;BR-040/MG;JF;Choque - Objeto Fixo;1;;;;;;;;;;1;;;;
10/06/2021;18:33:00;1167;AC03 - Acidente sem VITIMA;110;BR-040/RJ;JF;Colisão Traseira;1;;1;;;;;;;;2;;;;
10/06/2021;18:04:00;1169;AC03 - Acidente sem VITIMA;44;BR-040/RJ;RJ;Colisão Lateral;2;;;;;;;;;;2;;;;
10/06/2021;20:50:00;1188;AC02 - Acidente com VITIMA;84;BR-040/RJ;RJ;Choque - Objeto Fixo;1;;;;;;;;;;0;2;;;
10/06/2021;20:54:00;1189;AC02 - Acidente com VITIMA;105;BR-040/RJ;RJ;Colisão Frontal;1;;;1;;;;;;;1;1;;;
11/06/2021;08:11:00;1223;AC02 - Acidente com VITIMA;106;BR-040/RJ;JF;Colisão Traseira;2;;;;;;;;;;1;;1;;
11/06/2021;08:27:00;1226;AC02 - Acidente com VITIMA;110;BR-040/RJ;JF;Colisão Traseira;1;;1;;;;;;;;1;;1;;
11/06/2021;09:07:00;1228;AC02 - Acidente com VITIMA;118;BR-040/RJ;RJ;Queda de Moto;;;;1;;;;;;;0;1;;;
11/06/2021;12:27:00;1260;AC02 - Acidente com VITIMA;823;BR-040/MG;RJ;Choque - Objeto Fixo;1;;;;;;;;;;0;3;;;
11/06/2021;13:43:00;1265;AC03 - Acidente sem VITIMA;85;BR-040/RJ;RJ;Choque - Objeto Fixo;1;;;;;;;;;;1;;;;
11/06/2021;14:45:00;1270;AC03 - Acidente sem VITIMA;93;BR-040/RJ;RJ;Saída de Pista;1;;;;;;;;;;1;;;;
11/06/2021;15:31:00;1278;AC03 - Acidente sem VITIMA;74;BR-040/RJ;RJ;Saída de Pista;1;;;;;;;;;;1;;;;
11/06/2021;16:49:00;1288;AC03 - Acidente sem VITIMA;93;BR-040/RJ;RJ;Saída de Pista;;;1;;;;;;;;1;;;;
11/06/2021;18:16:00;1303;AC03 - Acidente sem VITIMA;91;BR-040/RJ;JF;Choque - Objeto Fixo;1;;;;;;;;;;1;;;;
11/06/2021;18:37:00;1306;AC03 - Acidente sem VITIMA;92;BR-040/RJ;RJ;Choque - Objeto Fixo;1;;;;;;;;;;1;;;;
11/06/2021;18:48:00;1307;AC03 - Acidente sem VITIMA;803;BR-040/MG;RJ;Saída de Pista;1;;;;;;;;;;4;;;;
11/06/2021;23:46:00;1329;AC03 - Acidente sem VITIMA;90;BR-040/RJ;RJ;Choque - Objeto Fixo;1;;;;;;;;;;1;;;;
12/06/2021;04:31:00;1337;AC03 - Acidente sem VITIMA;94;BR-040/RJ;RJ;Saída de Pista;1;;;;;;;;;;1;;;;
12/06/2021;04:53:00;1339;AC03 - Acidente sem VITIMA;90;BR-040/RJ;JF;Choque - Objeto Fixo;1;;;;;;;;;;1;;;;
12/06/2021;06:24:00;1342;AC03 - Acidente sem VITIMA;101;BR-040/RJ;RJ;Saída de Pista;1;;;;;;;;;;1;;;;
12/06/2021;06:43:00;1344;AC03 - Acidente sem VITIMA;77;BR-040/RJ;RJ;Choque - Objeto Fixo;1;;;;;;;;;;1;;;;
12/06/2021;07:07:00;1348;AC03 - Acidente sem VITIMA;93;BR-040/RJ;RJ;Saída de Pista;1;;;;;;;;;;1;;;;
12/06/2021;07:40:00;1350;AC03 - Acidente sem VITIMA;92;BR-040/RJ;RJ;Saída de Pista;1;;;;;;;;;;1;;;;
12/06/2021;08:03:00;1351;AC03 - Acidente sem VITIMA;86;BR-040/RJ;RJ;Choque - Objeto Fixo;1;;;;;;;;;;1;;;;
12/06/2021;08:14:00;1352;AC03 - Acidente sem VITIMA;85;BR-040/RJ;JF;Choque - Objeto Fixo;1;;;;;;;;;;1;;;;
12/06/2021;08:37:00;1354;AC02 - Acidente com VITIMA;78;BR-040/RJ;RJ;Choque - Objeto Fixo;1;;;;;;;;;;0;2;;;
12/06/2021;08:53:00;1357;AC03 - Acidente sem VITIMA;91;BR-040/RJ;JF;Saída de Pista;1;;;;;;;;;;1;;;;
12/06/2021;08:56:00;1358;AC02 - Acidente com VITIMA;90;BR-040/RJ;JF;Saída de Pista;1;;;;;;;;;;0;2;;;
12/06/2021;09:00:00;1359;AC03 - Acidente sem VITIMA;93;BR-040/RJ;RJ;Choque - Objeto Fixo;1;;;;;;;;;;1;;;;
12/06/2021;09:04:00;1360;AC02 - Acidente com VITIMA;93;BR-040/RJ;RJ;Capotamento;1;;;;;;;;;;0;1;;;
12/06/2021;09:56:00;1365;AC02 - Acidente com VITIMA;77;BR-040/RJ;RJ;Choque - Objeto Fixo;1;;;;;;;;;;1;1;;;
12/06/2021;10:06:00;1366;AC02 - Acidente com VITIMA;77;BR-040/RJ;RJ;Queda de Moto;;;;1;;;;;;;0;2;;;
12/06/2021;10:07:00;1367;AC02 - Acidente com VITIMA;77;BR-040/RJ;RJ;Choque - Objeto Fixo;1;;;;;;;;;;0;2;;;
12/06/2021;10:47:00;1371;AC02 - Acidente com VITIMA;799;BR-040/MG;JF;Capotamento;1;;;;;;;;;;0;1;;;
12/06/2021;19:15:00;1427;AC02 - Acidente com VITIMA;123;BR-040/RJ;JF;Engavetamento;2;;;1;;;;;;;2;;1;;
13/06/2021;00:03:00;1452;AC02 - Acidente com VITIMA;109;BR-040/RJ;JF;Choque - Objeto Fixo;1;;;;;;;;;;0;1;;;
13/06/2021;05:27:00;1462;AC03 - Acidente sem VITIMA;102;BR-040/RJ;RJ;Colisão Lateral;1;;;1;;;;;;;2;;;;
13/06/2021;09:48:00;1474;AC03 - Acidente sem VITIMA;91;BR-040/RJ;JF;Choque - Objeto Fixo;1;;;;;;;;;;1;;;;
13/06/2021;09:58:00;1475;AC03 - Acidente sem VITIMA;91;BR-040/RJ;JF;Choque - Objeto Fixo;1;;;;;;;;;;1;;;;
13/06/2021;10:37:00;1477;AC03 - Acidente sem VITIMA;84;BR-040/RJ;RJ;Choque - Objeto Fixo;1;;;;;;;;;;1;;;;
13/06/2021;11:22:00;1480;AC03 - Acidente sem VITIMA;78;BR-040/RJ;RJ;Choque - Objeto Fixo;1;;;;;;;;;;1;;;;
13/06/2021;11:35:00;1483;AC03 - Acidente sem VITIMA;78;BR-040/RJ;RJ;Choque - Objeto Fixo;1;;;;;;;;;;1;;;;
13/06/2021;11:35:00;1486;AC03 - Acidente sem VITIMA;58;BR-040/RJ;JF;Choque - Objeto Fixo;1;;;;;;;;;;1;;;;
13/06/2021;12:56:00;1492;AC03 - Acidente sem VITIMA;93;BR-040/RJ;RJ;Choque - Objeto Fixo;1;;;;;;;;;;1;;;;
13/06/2021;13:15:00;1494;AC03 - Acidente sem VITIMA;100;BR-040/RJ;JF;Choque - Objeto Fixo;1;;;;;;;;;;1;;;;
13/06/2021;14:01:00;1498;AC03 - Acidente sem VITIMA;90;BR-040/RJ;JF;Choque - Objeto Fixo;1;;;;;;;;;;1;;;;
13/06/2021;14:27:00;1501;AC03 - Acidente sem VITIMA;85;BR-040/RJ;RJ;Choque - Objeto Fixo;1;;;;;;;;;;1;;;;
13/06/2021;14:31:00;1502;AC02 - Acidente com VITIMA;84;BR-040/RJ;JF;Queda de Moto;;;;1;;;;;;;0;2;;;
13/06/2021;15:09:00;1506;AC03 - Acidente sem VITIMA;78;BR-040/RJ;RJ;Capotamento;1;;;;;;;;;;1;;;;
13/06/2021;15:59:00;1511;AC03 - Acidente sem VITIMA;80;BR-040/RJ;RJ;Choque - Objeto Fixo;1;;;;;;;;;;1;;;;
13/06/2021;18:52:00;1529;AC03 - Acidente sem VITIMA;109;BR-040/RJ;JF;Colisão Traseira;2;;;;;;;;;;2;;;;
13/06/2021;23:16:00;1553;AC02 - Acidente com VITIMA;111;BR-040/RJ;RJ;Colisão Traseira;1;;;;1;;;;;;1;3;;;
14/06/2021;07:56:00;1588;AC03 - Acidente sem VITIMA;101;BR-040/RJ;JF;Engavetamento;3;;;;;;;;;;3;;;;
14/06/2021;10:25:00;1610;AC03 - Acidente sem VITIMA;816;BR-040/MG;RJ;Colisão Traseira;1;;;;;1;;;;;2;;;;
14/06/2021;13:34:00;1628;AC03 - Acidente sem VITIMA;90;BR-040/RJ;RJ;Saída de Pista;;;1;;;;;;;;1;;;;
14/06/2021;15:57:00;1649;AC03 - Acidente sem VITIMA;124;BR-040/RJ;JF;Colisão Lateral;1;;1;;;;;;;;2;;;;
14/06/2021;21:12:00;1680;AC03 - Acidente sem VITIMA;80;BR-040/RJ;JF;Saída de Pista;1;;;;;;;;;;1;;;;
15/06/2021;09:14:00;1729;AC03 - Acidente sem VITIMA;105;BR-040/RJ;RJ;Engavetamento;3;;;;;;;;;;3;;;;
15/06/2021;11:55:00;1746;AC03 - Acidente sem VITIMA;31;BR-040/RJ;RJ;Choque - Objeto Fixo;1;;;;;;;;;;1;;;;
15/06/2021;19:11:00;1797;AC03 - Acidente sem VITIMA;120;BR-040/RJ;JF;Colisão Lateral;1;;;1;;;;;;;2;;;;
16/06/2021;07:02:00;1830;AC03 - Acidente sem VITIMA;76;BR-040/RJ;RJ;Choque - Objeto Fixo;1;;;;;;;;;;1;;;;
16/06/2021;17:19:00;1893;AC03 - Acidente sem VITIMA;11;BR-040/RJ;JF;Choque - Objeto Fixo;1;;;;;;;;;;1;;;;
16/06/2021;17:51:00;1896;AC02 - Acidente com VITIMA;39;BR-040/RJ;RJ;Choque - Objeto Fixo;1;;;;;;;;;;0;1;;;
16/06/2021;17:58:00;1897;AC02 - Acidente com VITIMA;113;BR-040/RJ;JF;Colisão Traseira;1;;;1;;;;;;;1;1;;;
16/06/2021;18:20:00;1904;AC03 - Acidente sem VITIMA;80;BR-040/RJ;RJ;Saída de Pista;1;;;;;;;;;;1;;;;
16/06/2021;18:40:00;1907;AC03 - Acidente sem VITIMA;94;BR-040/RJ;RJ;Choque - Objeto Fixo;1;;;;;;;;;;1;;;;
16/06/2021;19:00:00;1911;AC03 - Acidente sem VITIMA;123;BR-040/RJ;RJ;Engavetamento;3;;;;;;;;;;3;;;;
16/06/2021;22:02:00;1927;AC02 - Acidente com VITIMA;111;BR-040/RJ;RJ;Engavetamento;2;;;;1;;;;;;1;2;;;
17/06/2021;02:45:00;1938;AC03 - Acidente sem VITIMA;52;BR-040/RJ;RJ;Saída de Pista;;;1;;;;;;;;1;;;;
17/06/2021;02:57:00;1939;AC03 - Acidente sem VITIMA;90;BR-040/RJ;JF;Saída de Pista;1;;;;;;;;;;1;;;;
17/06/2021;05:20:00;1944;AC02 - Acidente com VITIMA;29;BR-040/RJ;JF;Capotamento;1;;;;;;;;;;0;1;;;
17/06/2021;06:38:00;1947;AC03 - Acidente sem VITIMA;67;BR-040/RJ;JF;Queda de Moto;;;;1;;;;;;;1;;;;
17/06/2021;12:56:00;1988;AC03 - Acidente sem VITIMA;85;BR-040/RJ;JF;Choque - Objeto Fixo;1;;;;;;;;;;1;;;;
17/06/2021;18:37:00;2030;AC02 - Acidente com VITIMA;68;BR-040/RJ;RJ;Engavetamento;1;;;2;;;;;;;0;3;;;
17/06/2021;21:21:00;2041;AC03 - Acidente sem VITIMA;88;BR-040/RJ;RJ;Choque - Objeto Fixo;;;1;;;;;;;;1;;;;
18/06/2021;02:10:00;2052;AC03 - Acidente sem VITIMA;93;BR-040/RJ;RJ;Saída de Pista;1;;;;;;;;;;1;;;;
18/06/2021;11:03:00;2093;AC02 - Acidente com VITIMA;112;BR-040/RJ;JF;Colisão Lateral;1;;;1;;;;;;;1;2;;;