data;horario;n_da_ocorrencia;tipo_de_ocorrencia;km;trecho;sentido;tipo_de_acidente;automovel;bicicleta;caminhao;moto;onibus;outros;tracao_animal;transporte_de_cargas_especiais;trator_maquinas;utilitarios;ilesos;levemente_feridos;moderadamente_feridos;gravemente_feridos;mortos
19/09/2021;07:21:00;2257;AC03 - Acidente sem VITIMA;61;BR-040/RJ;RJ;Choque - Objeto Fixo;1;;;;;;;;;;1;;;;
19/09/2021;11:11:00;2275;AC02 - Acidente com VITIMA;812;BR-040/MG;JF;Queda de Moto;;;;1;;;;;;;0;;;2;
19/09/2021;15:49:00;2299;AC03 - Acidente sem VITIMA;116;BR-040/RJ;RJ;Saída de Pista;1;;;;;;;;;;1;;;;
19/09/2021;22:57:00;2343;AC03 - Acidente sem VITIMA;18;BR-040/RJ;JF;Atropelamento - Animal;1;;;;;;;;;;1;;;;
20/09/2021;00:21:00;2349;AC03 - Acidente sem VITIMA;18;BR-040/RJ;RJ;Atropelamento - Animal;1;;;;;;;;;;1;;;;
20/09/2021;00:21:00;2351;AC03 - Acidente sem VITIMA;18;BR-040/RJ;RJ;Atropelamento - Animal;;;1;;;;;;;;1;;;;
20/09/2021;05:04:00;2359;AC03 - Acidente sem VITIMA;102;BR-040/RJ;JF;Colisão Traseira;2;;;;;;;;;;2;;;;
20/09/2021;13:01:00;2412;AC03 - Acidente sem VITIMA;123;BR-040/RJ;RJ;Choque - Objeto Fixo;;;;;1;;;;;;1;;;;
20/09/2021;18:57:00;2445;AC02 - Acidente com VITIMA;118;BR-040/RJ;JF;Colisão Lateral;;;;1;1;;;;;;1;1;;;
21/09/2021;07:38:00;2487;AC03 - Acidente sem VITIMA;784;BR-040/MG;JF;Colisão Traseira;2;;;;;;;;;;2;;;;
21/09/2021;09:42:00;2503;AC03 - Acidente sem VITIMA;118;BR-040/RJ;RJ;Colisão Traseira;2;;;;;;;;;;2;;;;
21/09/2021;12:42:00;2523;AC04 - Atropelamento;106;BR-040/RJ;JF;Atropelamento - Pedestre;;1;1;;;;;;;;1;;1;;
21/09/2021;15:37:00;2544;AC03 - Acidente sem VITIMA;75;BR-040/RJ;RJ;Engavetamento;1;;2;;;;;;;;3;;;;
21/09/2021;19:21:00;2570;AC03 - Acidente sem VITIMA;90;BR-040/RJ;RJ;Choque - Objeto Fixo;1;;;;;;;;;;1;;;;
21/09/2021;21:40:00;2584;AC02 - Acidente com VITIMA;793;BR-040/MG;JF;Colisão Lateral;1;;1;;;;;;;;0;2;;;
21/09/2021;22:13:00;2586;AC03 - Acidente sem VITIMA;90;BR-040/RJ;RJ;Choque - Objeto Fixo;1;;;;;;;;;;1;;;;
22/09/2021;00:42:00;2592;AC03 - Acidente sem VITIMA;114;BR-040/RJ;JF;Atropelamento - Animal;1;;;;;;;;;;1;;;;
22/09/2021;02:54:00;2597;AC02 - Acidente com VITIMA;787;BR-040/MG;JF;Saída de Pista;1;;;;;;;;;;0;3;3;;
22/09/2021;05:38:00;2606;AC03 - Acidente sem VITIMA;116;BR-040/RJ;RJ;Engavetamento;3;;;;;;;;;;3;;;;
22/09/2021;06:38:00;2611;AC03 - Acidente sem VITIMA;90;BR-040/RJ;RJ;Choque - Objeto Fixo;1;;;;;;;;;;1;;;;
22/09/2021;08:08:00;2620;AC03 - Acidente sem VITIMA;95;BR-040/RJ;JF;Choque - Objeto Fixo;1;;;;;;;;;;1;;;;
22/09/2021;09:11:00;2632;AC03 - Acidente sem VITIMA;72;BR-040/RJ;JF;Choque - Objeto Fixo;1;;;;;;;;;;1;;;;
22/09/2021;09:52:00;2639;AC03 - Acidente sem VITIMA;780;BR-040/MG;RJ;Queda de Moto;;;;1;;;;;;;1;;;;
22/09/2021;16:21:00;2675;AC03 - Acidente sem VITIMA;76;BR-040/RJ;RJ;Choque - Objeto Fixo;1;;1;;;;;;;;2;;;;
22/09/2021;16:41:00;2677;AC03 - Acidente sem VITIMA;90;BR-040/RJ;RJ;Saída de Pista;1;;;;;;;;;;1;;;;
22/09/2021;17:37:00;2684;AC03 - Acidente sem VITIMA;94;BR-040/RJ;RJ;Choque - Objeto Fixo;1;;;;;;;;;;5;;;;
22/09/2021;18:46:00;2692;AC03 - Acidente sem VITIMA;105;BR-040/RJ;JF;Choque - Objeto Fixo;1;;;;;;;;;;1;;;;
23/09/2021;08:42:00;2740;AC02 - Acidente com VITIMA;103;BR-040/RJ;JF;Colisão Traseira;1;;;1;;;;;;;1;1;;;
23/09/2021;12:53:00;2769;AC03 - Acidente sem VITIMA;84;BR-040/RJ;JF;Colisão Traseira;2;;;;;;;;;;2;;;;
23/09/2021;15:08:00;2785;AC03 - Acidente sem VITIMA;80;BR-040/RJ;JF;Choque - Objeto Fixo;;;1;;;;;;;;1;;;;
23/09/2021;15:49:00;2786;AC03 - Acidente sem VITIMA;85;BR-040/RJ;JF;Choque - Objeto Fixo;1;;;;;;;;;;1;;;;
23/09/2021;18:34:00;2798;AC03 - Acidente sem VITIMA;110;BR-040/RJ;JF;Colisão Traseira;1;;1;;;;;;;;2;;;;
24/09/2021;06:32:00;2845;AC02 - Acidente com VITIMA;100;BR-040/RJ;JF;Colisão Lateral;2;;;;;;;;;;1;1;;;
24/09/2021;13:37:00;2910;AC02 - Acidente com VITIMA;109;BR-040/RJ;JF;Queda de Moto;;;;1;;;;;;;0;;1;;
24/09/2021;15:45:00;2924;AC03 - Acidente sem VITIMA;780;BR-040/MG;RJ;Colisão Traseira;2;;;;;;;;;;2;;;;
24/09/2021;17:07:00;2937;AC02 - Acidente com VITIMA;108;BR-040/RJ;JF;Colisão Traseira;1;;;1;;;;;;;1;1;;;
24/09/2021;22:33:00;2972;AC03 - Acidente sem VITIMA;122;BR-040/RJ;RJ;Colisão Traseira;2;;;;;;;;;;2;;;;
25/09/2021;05:19:00;2997;AC03 - Acidente sem VITIMA;805;BR-040/MG;JF;Saída de Pista;1;;;;;;;;;;1;;;;
25/09/2021;07:41:00;3006;AC03 - Acidente sem VITIMA;119;BR-040/RJ;RJ;Engavetamento;3;;;;;;;;;;3;;;;
25/09/2021;11:42:00;3041;AC03 - Acidente sem VITIMA;105;BR-040/RJ;JF;Colisão Lateral;2;;;;;;;;;;2;;;;
25/09/2021;15:32:00;3064;AC02 - Acidente com VITIMA;810;BR-040/MG;JF;Colisão Frontal;2;;;;;;;;;;0;2;;;
25/09/2021;16:46:00;3074;AC03 - Acidente sem VITIMA;108;BR-040/RJ;JF;Choque - Objeto Fixo;1;;;;;;;;;;1;;;;
25/09/2021;18:31:00;3083;AC03 - Acidente sem VITIMA;75;BR-040/RJ;RJ;Choque - Objeto Fixo;1;;;;;;;;;;1;;;;
25/09/2021;19:44:00;3090;AC02 - Acidente com VITIMA;797;BR-040/MG;RJ;Colisão Traseira;2;;;;;;;;;;1;3;1;;
25/09/2021;20:14:00;3093;AC03 - Acidente sem VITIMA;93;BR-040/RJ;RJ;Choque - Objeto Fixo;1;;;;;;;;;;1;;;;
25/09/2021;22:01:00;3101;AC03 - Acidente sem VITIMA;51;BR-040/RJ;RJ;Choque - Objeto Fixo;1;;;;;;;;;;1;;;;
26/09/2021;02:09:00;3109;AC03 - Acidente sem VITIMA;68;BR-040/RJ;JF;Choque - Objeto Fixo;1;;;;;;;;;;1;;;;
26/09/2021;03:33:00;3110;AC03 - Acidente sem VITIMA;118;BR-040/RJ;RJ;Choque - Objeto Fixo;1;;;;;;;;;;1;;;;
26/09/2021;08:31:00;3124;AC03 - Acidente sem VITIMA;93;BR-040/RJ;RJ;Choque - Objeto Fixo;1;;;;;;;;;;1;;;;
26/09/2021;08:36:00;3125;AC03 - Acidente sem VITIMA;89;BR-040/RJ;JF;Colisão Traseira;1;;1;;;;;;;;2;;;;
26/09/2021;11:36:00;3140;AC04 - Atropelamento;26;BR-040/RJ;JF;Colisão Traseira;;1;1;;;;;;;;1;;1;;
26/09/2021;19:24:00;3201;AC02 - Acidente com VITIMA;121;BR-040/RJ;JF;Colisão Lateral;2;;;;;;;;;;1;1;;;
26/09/2021;22:50:00;3216;AC03 - Acidente sem VITIMA;105;BR-040/RJ;JF;Colisão Frontal;2;;;;;;;;;;2;;;;
27/09/2021;00:40:00;3227;AC03 - Acidente sem VITIMA;118;BR-040/RJ;JF;Choque - Objeto Fixo;1;;;;;;;;;;1;;;;
27/09/2021;06:37:00;3241;AC03 - Acidente sem VITIMA;39;BR-040/RJ;RJ;Saída de Pista;1;;;;;;;;;;1;;;;
27/09/2021;08:51:00;3262;AC02 - Acidente com VITIMA;109;BR-040/RJ;RJ;Engavetamento;2;;1;;1;;;;;;3;1;;;
27/09/2021;13:34:00;3294;AC02 - Acidente com VITIMA;84;BR-040/RJ;RJ;Queda de Moto;;;;1;;;;;;;0;;1;;
27/09/2021;19:23:00;3336;AC03 - Acidente sem VITIMA;816;BR-040/MG;JF;Colisão Lateral;1;;1;;;;;;;;2;;;;
28/09/2021;05:13:00;3358;AC03 - Acidente sem VITIMA;90;BR-040/RJ;RJ;Choque - Objeto Fixo;1;;;;;;;;;;1;;;;
28/09/2021;05:22:00;3359;AC03 - Acidente sem VITIMA;59;BR-040/RJ;RJ;Saída de Pista;;;1;;;;;;;;1;;;;
28/09/2021;15:24:00;3436;AC03 - Acidente sem VITIMA;118;BR-040/RJ;RJ;Colisão Lateral;1;;;;;1;;;;;2;;;;
29/09/2021;08:28:00;3513;AC03 - Acidente sem VITIMA;84;BR-040/RJ;JF;Choque - Objeto Fixo;1;;;;;;;;;;1;;;;
29/09/2021;14:02:00;3549;AC02 - Acidente com VITIMA;42;BR-040/RJ;RJ;Colisão Traseira;1;;1;;;;;;;;1;;1;;
29/09/2021;14:54:00;3560;AC03 - Acidente sem VITIMA;121;BR-040/RJ;JF;Colisão Traseira;1;;1;;;;;;;;2;;;;
29/09/2021;18:42:00;3586;AC03 - Acidente sem VITIMA;825;BR-040/MG;RJ;Choque - Objeto Fixo;1;;;;;;;;;;1;;;;
29/09/2021;21:35:00;3602;AC03 - Acidente sem VITIMA;77;BR-040/RJ;RJ;Choque - Objeto Fixo;1;;;;;;;;;;1;;;;
29/09/2021;21:49:00;3603;AC03 - Acidente sem VITIMA;116;BR-040/RJ;RJ;Colisão Traseira;1;;;;;1;;;;;2;;;;
30/09/2021;06:55:00;3633;AC03 - Acidente sem VITIMA;62;BR-040/RJ;JF;Colisão Lateral;1;;1;;;;;;;;2;;;;
30/09/2021;07:30:00;3634;AC03 - Acidente sem VITIMA;121;BR-040/RJ;RJ;Colisão Traseira;2;;;;;;;;;;2;;;;
30/09/2021;09:40:00;3656;AC03 - Acidente sem VITIMA;119;BR-040/RJ;RJ;Choque - Objeto Fixo;1;;;;;;;;;;1;;;;
30/09/2021;12:14:00;3681;AC03 - Acidente sem VITIMA;123;BR-040/RJ;RJ;Colisão Lateral;1;;1;;;;;;;;2;;;;
30/09/2021;15:07:00;3699;AC02 - Acidente com VITIMA;80;BR-040/RJ;RJ;Tombamento;1;;;;;;;;;;0;2;;;
30/09/2021;18:34:00;3724;AC03 - Acidente sem VITIMA;81;BR-040/RJ;RJ;Choque - Objeto Fixo;1;;;;;;;;;;1;;;;
30/09/2021;18:48:00;3725;AC03 - Acidente sem VITIMA;77;BR-040/RJ;RJ;Choque - Objeto Fixo;1;;;;;;;;;;1;;;;
01/10/2021;15:35:00;79;AC02 - Acidente com VITIMA;114;BR-040/RJ;JF;Engavetamento;1;;1;;;;;;;;1;;2;;
01/10/2021;15:53:00;81;AC03 - Acidente sem VITIMA;114;BR-040/RJ;RJ;Colisão Traseira;2;;;;;;;;;;2;;;;
01/10/2021;17:05:00;92;AC02 - Acidente com VITIMA;98;BR-040/RJ;JF;Queda de Moto;;;;1;;;;;;;0;1;;;
01/10/2021;18:42:00;104;AC03 - Acidente sem VITIMA;91;BR-040/RJ;JF;Choque - Objeto Fixo;1;;;;;;;;;;1;;;;
01/10/2021;18:54:00;107;AC03 - Acidente sem VITIMA;91;BR-040/RJ;JF;Choque - Objeto Fixo;1;;;;;;;;;;1;;;;
01/10/2021;19:17:00;111;AC03 - Acidente sem VITIMA;91;BR-040/RJ;JF;Choque - Objeto Fixo;1;;;;;;;;;;1;;;;
01/10/2021;23:07:00;135;AC03 - Acidente sem VITIMA;79;BR-040/RJ;RJ;Choque - Objeto Fixo;1;;;;;;;;;;1;;;;
01/10/2021;23:55:00;139;AC03 - Acidente sem VITIMA;93;BR-040/RJ;RJ;Derrapagem;1;;;;;;;;;;1;;;;
02/10/2021;23:55:00;141;AC03 - Acidente sem VITIMA;93;BR-040/RJ;RJ;Derrapagem;1;;;;;;;;;;1;;;;
02/10/2021;00:01:00;142;AC03 - Acidente sem VITIMA;94;BR-040/RJ;RJ;Saída de Pista;1;;;;;;;;;;1;;;;
02/10/2021;00:19:00;145;AC03 - Acidente sem VITIMA;7;BR-040/RJ;JF;Colisão Traseira;;;1;;;1;;;;;2;;;;
02/10/2021;00:25:00;147;AC03 - Acidente sem VITIMA;83;BR-040/RJ;JF;Derrapagem;1;;;;;;;;;;1;;;;
02/10/2021;05:17:00;158;AC03 - Acidente sem VITIMA;101;BR-040/RJ;RJ;Saída de Pista;1;;;;;;;;;;1;;;;
02/10/2021;05:17:00;159;AC03 - Acidente sem VITIMA;117;BR-040/RJ;RJ;Colisão Traseira;1;;;;;1;;;;;2;;;;
02/10/2021;06:53:00;166;AC02 - Acidente com VITIMA;93;BR-040/RJ;RJ;Colisão Lateral;;;2;;;2;;;;;3;1;;;
02/10/2021;08:07:00;174;AC02 - Acidente com VITIMA;119;BR-040/RJ;RJ;Engavetamento;2;;;;1;;;;;;2;;2;;
02/10/2021;10:00:00;189;AC03 - Acidente sem VITIMA;2;BR-040/RJ;RJ;Choque - Objeto Fixo;1;;;;;;;;;;1;;;;
02/10/2021;16:31:00;235;AC03 - Acidente sem VITIMA;787;BR-040/MG;JF;Choque - Objeto Fixo;1;;;;;;;;;;1;;;;
02/10/2021;17:36:00;240;AC02 - Acidente com VITIMA;84;BR-040/RJ;RJ;Queda de Moto;;;;1;;;;;;;0;;1;;
02/10/2021;21:04:00;256;AC02 - Acidente com VITIMA;77;BR-040/RJ;RJ;Capotamento;1;;;;;;;;;;0;3;;;
02/10/2021;22:14:00;259;AC02 - Acidente com VITIMA;96;BR-040/RJ;RJ;Saída de Pista;1;;;;;;;;;;0;1;;;
02/10/2021;23:08:00;263;AC02 - Acidente com VITIMA;784;BR-040/MG;RJ;Choque - Objeto Fixo;1;;;;;;;;;;0;1;;;
03/10/2021;00:48:00;271;AC03 - Acidente sem VITIMA;111;BR-040/RJ;RJ;Choque - Objeto Fixo;2;;;;;;;;;;2;;;;
03/10/2021;02:30:00;274;AC01 - Acidente com VITIMA FATAL;789;BR-040/MG;JF;Colisão Frontal;1;;;;1;;;;;;0;1;;;1
03/10/2021;15:00:00;314;AC02 - Acidente com VITIMA;39;BR-040/RJ;JF;Queda de Moto;;;;1;;;;;;;0;;2;;
03/10/2021;18:07:00;345;AC03 - Acidente sem VITIMA;88;BR-040/RJ;JF;Choque - Objeto Fixo;1;;;;;;;;;;1;;;;
03/10/2021;18:24:00;351;AC03 - Acidente sem VITIMA;90;BR-040/RJ;RJ;Choque - Objeto Fixo;1;;;;;;;;;;1;;;;
03/10/2021;19:02:00;358;AC03 - Acidente sem VITIMA;93;BR-040/RJ;RJ;Choque - Objeto Fixo;1;;;;;;;;;;1;;;;
03/10/2021;20:39:00;372;AC03 - Acidente sem VITIMA;91;BR-040/RJ;JF;Choque - Objeto Fixo;1;;;;;;;;;;1;;;;
03/10/2021;20:43:00;373;AC02 - Acidente com VITIMA;112;BR-040/RJ;RJ;Atropelamento - Animal;1;;;;;;;;;;0;1;1;;
04/10/2021;06:36:00;408;AC03 - Acidente sem VITIMA;118;BR-040/RJ;RJ;Colisão Traseira;2;;;;;;;;;;2;;;;
04/10/2021;06:40:00;409;AC02 - Acidente com VITIMA;22;BR-040/RJ;RJ;Choque - Objeto Fixo;1;;;;;;;;;;0;;1;;
04/10/2021;09:49:00;428;AC03 - Acidente sem VITIMA;118;BR-040/RJ;RJ;Colisão Traseira;2;;;;;;;;;;2;;;;
04/10/2021;10:30:00;434;AC03 - Acidente sem VITIMA;124;BR-040/RJ;RJ;Colisão Lateral;1;;1;;;;;;;;2;;;;
04/10/2021;10:47:00;438;AC02 - Acidente com VITIMA;822;BR-040/MG;RJ;Capotamento;1;;;;;;;;;;0;;2;;
04/10/2021;13:51:00;459;AC02 - Acidente com VITIMA;122;BR-040/RJ;RJ;Colisão Traseira;1;;;1;;;;;;;1;1;;;
04/10/2021;17:57:00;493;AC03 - Acidente sem VITIMA;90;BR-040/RJ;RJ;Choque - Objeto Fixo;1;;;;;;;;;;1;;;;
04/10/2021;18:17:00;495;AC03 - Acidente sem VITIMA;785;BR-040/MG;RJ;Colisão Lateral;1;;;;;1;;;;;2;;;;
04/10/2021;18:52:00;497;AC02 - Acidente com VITIMA;53;BR-040/RJ;JF;Colisão Traseira;;;;1;;1;;;;;1;1;;;
04/10/2021;20:03:00;501;AC02 - Acidente com VITIMA;787;BR-040/MG;RJ;Choque - Objeto Fixo;1;;;;;;;;;;0;1;;;
05/10/2021;06:52:00;521;AC03 - Acidente sem VITIMA;90;BR-040/RJ;RJ;Choque - Objeto Fixo;1;;;;;;;;;;1;;;;
05/10/2021;07:39:00;527;AC03 - Acidente sem VITIMA;93;BR-040/RJ;RJ;Choque - Objeto Fixo;1;;;;;;;;;;1;;;;
05/10/2021;07:42:00;528;AC03 - Acidente sem VITIMA;96;BR-040/RJ;RJ;Choque - Objeto Fixo;1;;;;;;;;;;1;;;;
05/10/2021;07:42:00;529;AC03 - Acidente sem VITIMA;90;BR-040/RJ;RJ;Queda de Moto;;;;1;;;;;;;1;;;;
05/10/2021;08:11:00;534;AC03 - Acidente sem VITIMA;94;BR-040/RJ;RJ;Choque - Objeto Fixo;;;1;;;;;;;;1;;;;
05/10/2021;10:06:00;543;AC03 - Acidente sem VITIMA;72;BR-040/RJ;JF;Choque - Objeto Fixo;1;;;;;;;;;;1;;;;
05/10/2021;12:03:00;552;AC03 - Acidente sem VITIMA;93;BR-040/RJ;RJ;Choque - Objeto Fixo;1;;;;;;;;;;1;;;;
05/10/2021;12:35:00;560;AC02 - Acidente com VITIMA;79;BR-040/RJ;JF;Choque - Objeto Fixo;1;;;;;;;;;;0;1;;;
05/10/2021;13:30:00;567;AC03 - Acidente sem VITIMA;93;BR-040/RJ;RJ;Choque - Objeto Fixo;1;;;;;;;;;;1;;;;
05/10/2021;13:32:00;568;AC03 - Acidente sem VITIMA;93;BR-040/RJ;RJ;Choque - Objeto Fixo;1;;;;;;;;;;1;;;;
05/10/2021;14:45:00;575;AC02 - Acidente com VITIMA;82;BR-040/RJ;RJ;Capotamento;1;;;;;;;;;;0;1;;;
05/10/2021;16:46:00;588;AC02 - Acidente com VITIMA;91;BR-040/RJ;RJ;Capotamento;1;;;;;;;;;;0;1;1;;
05/10/2021;16:48:00;589;AC02 - Acidente com VITIMA;96;BR-040/RJ;RJ;Tombamento;;;;;;;;;;1;0;2;;;
05/10/2021;17:11:00;593;AC03 - Acidente sem VITIMA;93;BR-040/RJ;RJ;Choque - Objeto Fixo;1;;;;;;;;;;1;;;;
05/10/2021;17:55:00;597;AC03 - Acidente sem VITIMA;93;BR-040/RJ;RJ;Colisão Traseira;1;;;;;1;;;;;2;;;;
06/10/2021;01:30:00;623;AC02 - Acidente com VITIMA;112;BR-040/RJ;JF;Capotamento;1;;;;;;;;;;0;1;;;
06/10/2021;05:37:00;631;AC03 - Acidente sem VITIMA;85;BR-040/RJ;JF;Choque - Objeto Fixo;1;;;;;;;;;;1;;;;
06/10/2021;06:22:00;635;AC03 - Acidente sem VITIMA;792;BR-040/MG;JF;Saída de Pista;1;;;;;;;;;;1;;;;
06/10/2021;07:25:00;642;AC02 - Acidente com VITIMA;111;BR-040/RJ;RJ;Colisão Lateral;;;1;1;;1;;;;;2;;1;;
06/10/2021;07:40:00;648;AC03 - Acidente sem VITIMA;93;BR-040/RJ;JF;Choque - Objeto Fixo;1;;;;;1;;;;;2;;;;
06/10/2021;07:50:00;649;AC02 - Acidente com VITIMA;59;BR-040/RJ;JF;Colisão Traseira;2;;;;;;;;;;0;4;;;
06/10/2021;08:17:00;655;AC03 - Acidente sem VITIMA;92;BR-040/RJ;JF;Choque - Objeto Fixo;1;;;;;;;;;;1;;;;
06/10/2021;09:59:00;669;AC03 - Acidente sem VITIMA;90;BR-040/RJ;JF;Choque - Objeto Fixo;1;;;;;;;;;;1;;;;
06/10/2021;10:04:00;670;AC03 - Acidente sem VITIMA;59;BR-040/RJ;RJ;Colisão Lateral;1;;1;;;;;;;;2;;;;
06/10/2021;12:45:00;688;AC02 - Acidente com VITIMA;55;BR-040/RJ;RJ;Choque - Objeto Fixo;1;;;;;;;;;;0;2;;;
06/10/2021;14:46:00;697;AC02 - Acidente com VITIMA;55;BR-040/RJ;RJ;Queda de Moto;;;;1;;;;;;;0;1;;;
06/10/2021;17:05:00;710;AC02 - Acidente com VITIMA;113;BR-040/RJ;JF;Queda de Moto;;;;1;;;;;;;0;1;;;
06/10/2021;21:24:00;730;AC03 - Acidente sem VITIMA;19;BR-040/RJ;RJ;Choque - Objeto Fixo;1;;;;;;;;;;1;;;;
06/10/2021;22:32:00;732;AC03 - Acidente sem VITIMA;90;BR-040/RJ;JF;Choque - Objeto Fixo;1;;;;;;;;;;1;;;;
07/10/2021;08:24:00;768;AC02 - Acidente com VITIMA;65;BR-040/RJ;RJ;Colisão Frontal;1;;;1;;;;;;;0;1;1;;
07/10/2021;09:54:00;779;AC02 - Acidente com VITIMA;104;BR-040/RJ;RJ;Colisão Traseira;2;;;;;;;;;;0;4;;;
07/10/2021;10:20:00;787;AC03 - Acidente sem VITIMA;88;BR-040/RJ;JF;Colisão Traseira;2;;;;;;;;;;2;;;;
07/10/2021;13:06:00;809;AC02 - Acidente com VITIMA;119;BR-040/RJ;RJ;Queda de Moto;;;;1;;;;;;;0;2;;;
07/10/2021;13:13:00;811;AC02 - Acidente com VITIMA;93;BR-040/RJ;RJ;Choque - Objeto Fixo;;;1;;;;;;;;0;;1;;
07/10/2021;15:33:00;821;AC03 - Acidente sem VITIMA;90;BR-040/RJ;RJ;Choque - Objeto Fixo;1;;;;;;;;;;1;;;;
07/10/2021;16:50:00;830;AC02 - Acidente com VITIMA;80;BR-040/RJ;JF;Choque - Objeto Fixo;1;;;;;;;;;;0;1;;;
07/10/2021;17:01:00;831;AC03 - Acidente sem VITIMA;801;BR-040/MG;JF;Choque - Objeto Fixo;1;;;;;;;;;;1;;;;
07/10/2021;17:39:00;835;AC02 - Acidente com VITIMA;31;BR-040/RJ;JF;Capotamento;1;;;;;;;;;;0;2;;;
07/10/2021;18:20:00;843;AC02 - Acidente com VITIMA;111;BR-040/RJ;JF;Capotamento;1;;;;;;;;;;0;1;;;
07/10/2021;18:31:00;845;AC02 - Acidente com VITIMA;118;BR-040/RJ;RJ;Colisão Traseira;2;;;;;;;;;;0;2;;;
08/10/2021;05:51:00;888;AC03 - Acidente sem VITIMA;90;BR-040/RJ;RJ;Saída de Pista;1;;;;;;;;;;1;;;;
08/10/2021;05:51:00;889;AC03 - Acidente sem VITIMA;90;BR-040/RJ;RJ;Saída de Pista;1;;;;;;;;;;1;;;;
08/10/2021;06:34:00;894;AC02 - Acidente com VITIMA;81;BR-040/RJ;RJ;Choque - Objeto Fixo;1;;;;;;;;;;0;1;;;
08/10/2021;07:15:00;897;AC03 - Acidente sem VITIMA;84;BR-040/RJ;RJ;Choque - Objeto Fixo;1;;;;;;;;;;1;;;;
08/10/2021;07:41:00;899;AC02 - Acidente com VITIMA;87;BR-040/RJ;JF;Choque - Objeto Fixo;1;;;;;;;;;;0;2;;;
08/10/2021;11:24:00;926;AC03 - Acidente sem VITIMA;122;BR-040/RJ;RJ;Colisão Lateral;1;;;;1;;;;;;2;;;;
08/10/2021;12:14:00;937;AC03 - Acidente sem VITIMA;119;BR-040/RJ;JF;Colisão Traseira;2;;;;;;;;;;2;;;;
08/10/2021;13:46:00;947;AC03 - Acidente sem VITIMA;805;BR-040/MG;JF;Colisão Traseira;1;;1;;;;;;;;2;;;;
08/10/2021;16:27:00;961;AC02 - Acidente com VITIMA;104;BR-040/RJ;JF;Queda de Moto;;;;1;;;;;;;0;;1;;
08/10/2021;16:39:00;962;AC03 - Acidente sem VITIMA;109;BR-040/RJ;JF;Colisão Lateral;1;;1;;;;;;;;2;;;;
08/10/2021;16:45:00;964;AC03 - Acidente sem VITIMA;72;BR-040/RJ;JF;Choque - Objeto Fixo;1;;;;;;;;;;1;;;;
08/10/2021;19:28:00;986;AC03 - Acidente sem VITIMA;94;BR-040/RJ;RJ;Choque - Objeto Fixo;1;;;;;;;;;;1;;;;
08/10/2021;19:34:00;988;AC03 - Acidente sem VITIMA;93;BR-040/RJ;JF;Saída de Pista;1;;;;;;;;;;1;;;;
08/10/2021;20:16:00;992;AC03 - Acidente sem VITIMA;90;BR-040/RJ;RJ;Choque - Objeto Fixo;1;;;;;;;;;;1;;;;
09/10/2021;01:04:00;1013;AC03 - Acidente sem VITIMA;93;BR-040/RJ;RJ;Saída de Pista;1;;;;;;;;;;1;;;;
09/10/2021;02:00:00;1017;AC03 - Acidente sem VITIMA;86;BR-040/RJ;JF;Choque - Objeto Fixo;1;;;;;;;;;;1;;;;
09/10/2021;03:28:00;1019;AC03 - Acidente sem VITIMA;91;BR-040/RJ;RJ;Saída de Pista;1;;;;;;;;;;1;;;;
09/10/2021;03:32:00;1020;AC02 - Acidente com VITIMA;810;BR-040/MG;RJ;Colisão Lateral;1;;1;;;;;;;;0;6;;;
09/10/2021;04:09:00;1022;AC03 - Acidente sem VITIMA;90;BR-040/RJ;RJ;Choque - Objeto Fixo;1;;;;;;;;;;1;;;;
09/10/2021;04:25:00;1023;AC03 - Acidente sem VITIMA;90;BR-040/RJ;RJ;Choque - Objeto Fixo;1;;;;;;;;;;1;;;;
09/10/2021;04:32:00;1024;AC03 - Acidente sem VITIMA;72;BR-040/RJ;JF;Choque - Objeto Fixo;;;1;;;;;;;;1;;;;
09/10/2021;05:11:00;1026;AC03 - Acidente sem VITIMA;93;BR-040/RJ;RJ;Choque - Objeto Fixo;1;;;;;;;;;;1;;;;
09/10/2021;05:54:00;1029;AC02 - Acidente com VITIMA;124;BR-040/RJ;RJ;Choque - Objeto Fixo;1;;;;;;;;;;0;1;;;
09/10/2021;07:42:00;1041;AC03 - Acidente sem VITIMA;71;BR-040/RJ;JF;Capotamento;1;;;;;;;;;;1;;;;
09/10/2021;07:46:00;1043;AC03 - Acidente sem VITIMA;91;BR-040/RJ;RJ;Choque - Objeto Fixo;1;;;;;;;;;;1;;;;
09/10/2021;08:34:00;1050;AC03 - Acidente sem VITIMA;93;BR-040/RJ;RJ;Choque - Objeto Fixo;1;;;;;;;;;;1;;;;
09/10/2021;08:47:00;1053;AC02 - Acidente com VITIMA;123;BR-040/RJ;RJ;Engavetamento;1;;;2;;;;;;;1;1;1;;
09/10/2021;08:50:00;1054;AC03 - Acidente sem VITIMA;92;BR-040/RJ;RJ;Choque - Objeto Fixo;1;;;;;;;;;;1;;;;
09/10/2021;09:03:00;1056;AC03 - Acidente sem VITIMA;826;BR-040/MG;JF;Choque - Objeto Fixo;1;;;;;;;;;;1;;;;
09/10/2021;09:04:00;1057;AC03 - Acidente sem VITIMA;81;BR-040/RJ;RJ;Choque - Objeto Fixo;1;;;;;;;;;;1;;;;
09/10/2021;09:16:00;1059;AC03 - Acidente sem VITIMA;8;BR-040/RJ;JF;Choque - Objeto Fixo;1;;;;;;;;;;1;;;;
09/10/2021;09:21:00;1060;AC02 - Acidente com VITIMA;43;BR-040/RJ;JF;Choque - Objeto Fixo;1;;;;;;;;;;0;1;;;
09/10/2021;09:24:00;1063;AC03 - Acidente sem VITIMA;82;BR-040/RJ;RJ;Saída de Pista;1;;;;;;;;;;1;;;;