data;horario;n_da_ocorrencia;tipo_de_ocorrencia;km;trecho;sentido;tipo_de_acidente;automovel;bicicleta;caminhao;moto;onibus;outros;tracao_animal;transporte_de_cargas_especiais;trator_maquinas;utilitarios;ilesos;levemente_feridos;moderadamente_feridos;gravemente_feridos;mortos
09/10/2021;09:33:00;1066;AC03 - Acidente sem VITIMA;94;BR-040/RJ;JF;Choque - Objeto Fixo;1;;;;;;;;;;1;;;;
09/10/2021;09:34:00;1067;AC03 - Acidente sem VITIMA;31;BR-040/RJ;RJ;Choque - Objeto Fixo;1;;;;;;;;;;1;;;;
09/10/2021;09:37:00;1068;AC03 - Acidente sem VITIMA;84;BR-040/RJ;RJ;Choque - Objeto Fixo;1;;;;;;;;;;1;;;;
09/10/2021;09:41:00;1070;AC03 - Acidente sem VITIMA;4;BR-040/RJ;RJ;Choque - Objeto Fixo;1;;;;;;;;;;1;;;;
09/10/2021;09:43:00;1072;AC03 - Acidente sem VITIMA;3;BR-040/RJ;RJ;Choque - Objeto Fixo;1;;;;;;;;;;1;;;;
09/10/2021;09:47:00;1074;AC03 - Acidente sem VITIMA;88;BR-040/RJ;JF;Choque - Objeto Fixo;1;;;;;;;;;;1;;;;
09/10/2021;10:11:00;1079;AC02 - Acidente com VITIMA;824;BR-040/MG;RJ;Choque - Objeto Fixo;1;;;;;;;;;;0;;1;;
09/10/2021;13:58:00;1100;AC02 - Acidente com VITIMA;123;BR-040/RJ;JF;Queda de Moto;;;;1;;;;;;;0;1;;;
09/10/2021;16:02:00;1123;AC03 - Acidente sem VITIMA;88;BR-040/RJ;JF;Engavetamento;2;;1;;;;;;;;3;;;;
09/10/2021;17:05:00;1131;AC03 - Acidente sem VITIMA;110;BR-040/RJ;JF;Colisão Traseira;1;;;;;1;;;;;2;;;;
09/10/2021;17:20:00;1133;AC03 - Acidente sem VITIMA;93;BR-040/RJ;RJ;Choque - Objeto Fixo;1;;;;;;;;;;1;;;;
09/10/2021;19:48:00;1150;AC03 - Acidente sem VITIMA;122;BR-040/RJ;JF;Colisão Traseira;2;;;;;;;;;;2;;;;
10/10/2021;03:20:00;1173;AC03 - Acidente sem VITIMA;94;BR-040/RJ;RJ;Derrapagem;1;;;;;;;;;;1;;;;
10/10/2021;03:29:00;1174;AC03 - Acidente sem VITIMA;784;BR-040/MG;JF;Choque - Objeto Fixo;1;;;;;;;;;;1;;;;
10/10/2021;04:46:00;1181;AC02 - Acidente com VITIMA;116;BR-040/RJ;RJ;Colisão Traseira;2;;;;;;;;;;0;4;;;
10/10/2021;04:56:00;1182;AC03 - Acidente sem VITIMA;113;BR-040/RJ;RJ;Choque - Objeto Fixo;1;;;;;;;;;;1;;;;
10/10/2021;06:04:00;1186;AC03 - Acidente sem VITIMA;113;BR-040/RJ;JF;Colisão Traseira;2;;;;;;;;;;2;;;;
10/10/2021;06:37:00;1189;AC02 - Acidente com VITIMA;95;BR-040/RJ;RJ;Saída de Pista;1;;;;;;;;;;0;1;;;
10/10/2021;07:03:00;1191;AC03 - Acidente sem VITIMA;99;BR-040/RJ;JF;Choque - Objeto Fixo;1;;;;;;;;;;1;;;;
10/10/2021;07:32:00;1194;AC03 - Acidente sem VITIMA;91;BR-040/RJ;RJ;Saída de Pista;1;;;;;;;;;;1;;;;
10/10/2021;08:08:00;1196;AC03 - Acidente sem VITIMA;92;BR-040/RJ;RJ;Choque - Objeto Fixo;1;;;;;;;;;;1;;;;
10/10/2021;08:25:00;1197;AC03 - Acidente sem VITIMA;92;BR-040/RJ;RJ;Capotamento;1;;;;;;;;;;1;;;;
10/10/2021;08:25:00;1198;AC03 - Acidente sem VITIMA;92;BR-040/RJ;RJ;Choque - Objeto Fixo;1;;;;;;;;;;1;;;;
10/10/2021;08:36:00;1200;AC03 - Acidente sem VITIMA;1;BR-040/RJ;JF;Choque - Objeto Fixo;1;;;;;;;;;;1;;;;
10/10/2021;08:41:00;1203;AC03 - Acidente sem VITIMA;85;BR-040/RJ;JF;Choque - Objeto Fixo;1;;;;;;;;;;1;;;;
10/10/2021;10:30:00;1214;AC03 - Acidente sem VITIMA;31;BR-040/RJ;RJ;Saída de Pista;1;;;;;;;;;;1;;;;
10/10/2021;11:15:00;1220;AC03 - Acidente sem VITIMA;786;BR-040/MG;JF;Derrapagem;1;;;;;;;;;;1;;;;
10/10/2021;11:15:00;1223;AC03 - Acidente sem VITIMA;826;BR-040/MG;JF;Choque - Objeto Fixo;1;;;;;;;;;;1;;;;
10/10/2021;12:04:00;1225;AC03 - Acidente sem VITIMA;825;BR-040/MG;RJ;Choque - Objeto Fixo;1;;;;;;;;;;1;;;;
10/10/2021;13:16:00;1228;AC03 - Acidente sem VITIMA;93;BR-040/RJ;RJ;Choque - Objeto Fixo;1;;;;;;;;;;1;;;;
10/10/2021;13:18:00;1230;AC03 - Acidente sem VITIMA;76;BR-040/RJ;JF;Choque - Objeto Fixo;1;;;;;;;;;;1;;;;
10/10/2021;13:35:00;1234;AC03 - Acidente sem VITIMA;92;BR-040/RJ;RJ;Queda de Moto;;;;1;;;;;;;1;;;;
10/10/2021;13:27:00;1235;AC03 - Acidente sem VITIMA;91;BR-040/RJ;JF;Choque - Objeto Fixo;1;;;;;;;;;;1;;;;
10/10/2021;14:18:00;1238;AC03 - Acidente sem VITIMA;83;BR-040/RJ;RJ;Choque - Objeto Fixo;1;;;;;;;;;;1;;;;
10/10/2021;15:10:00;1243;AC03 - Acidente sem VITIMA;78;BR-040/RJ;RJ;Choque - Objeto Fixo;1;;;;;;;;;;1;;;;
10/10/2021;15:23:00;1244;AC02 - Acidente com VITIMA;824;BR-040/MG;RJ;Choque - Objeto Fixo;1;;;;;;;;;;0;1;;;
10/10/2021;15:31:00;1245;AC02 - Acidente com VITIMA;53;BR-040/RJ;JF;Capotamento;1;;;;;;;;;;0;2;;;
10/10/2021;15:34:00;1246;AC03 - Acidente sem VITIMA;91;BR-040/RJ;RJ;Saída de Pista;1;;;;;;;;;;1;;;;
10/10/2021;16:20:00;1247;AC03 - Acidente sem VITIMA;91;BR-040/RJ;JF;Choque - Objeto Fixo;1;;;;;;;;;;1;;;;
10/10/2021;17:00:00;1248;AC03 - Acidente sem VITIMA;90;BR-040/RJ;RJ;Choque - Objeto Fixo;1;;;;;;;;;;1;;;;
10/10/2021;16:51:00;1252;AC03 - Acidente sem VITIMA;78;BR-040/RJ;RJ;Choque - Objeto Fixo;1;;;;;;;;;;1;;;;
10/10/2021;17:22:00;1253;AC02 - Acidente com VITIMA;92;BR-040/RJ;RJ;Capotamento;1;;;;;;;;;;0;4;;;
10/10/2021;17:42:00;1255;AC02 - Acidente com VITIMA;93;BR-040/RJ;RJ;Saída de Pista;1;;;;;;;;;;0;1;;;
10/10/2021;19:15:00;1261;AC03 - Acidente sem VITIMA;43;BR-040/RJ;JF;Choque - Objeto Fixo;1;;;;;;;;;;1;;;;
10/10/2021;19:18:00;1262;AC02 - Acidente com VITIMA;34;BR-040/RJ;RJ;Choque - Objeto Fixo;1;;;;;;;;;;0;1;;;
10/10/2021;19:32:00;1263;AC03 - Acidente sem VITIMA;89;BR-040/RJ;RJ;Choque - Objeto Fixo;1;;;;;;;;;;1;;;;
11/10/2021;02:47:00;1297;AC02 - Acidente com VITIMA;90;BR-040/RJ;RJ;Colisão Traseira;;;2;;;;;;;;1;1;1;;
11/10/2021;04:44:00;1302;AC02 - Acidente com VITIMA;0;BR-040/RJ;RJ;Choque - Objeto Fixo;;;;;;1;;;;;0;3;;;
11/10/2021;05:33:00;1305;AC03 - Acidente sem VITIMA;113;BR-040/RJ;RJ;Choque - Objeto Fixo;1;;;;;;;;;;1;;;;
11/10/2021;06:16:00;1308;AC03 - Acidente sem VITIMA;108;BR-040/RJ;JF;Choque - Objeto Fixo;1;;;;;;;;;;1;;;;
11/10/2021;06:27:00;1310;AC03 - Acidente sem VITIMA;1;BR-040/RJ;JF;Choque - Objeto Fixo;1;;;;;;;;;;1;;;;
11/10/2021;06:31:00;1311;AC03 - Acidente sem VITIMA;113;BR-040/RJ;JF;Colisão Frontal;3;;;;;;;;;;3;;;;
11/10/2021;06:48:00;1314;AC02 - Acidente com VITIMA;84;BR-040/RJ;RJ;Colisão Traseira;2;;;;;;;;;;1;;1;;
11/10/2021;07:41:00;1323;AC03 - Acidente sem VITIMA;80;BR-040/RJ;RJ;Choque - Objeto Fixo;1;;;;;;;;;;1;;;;
11/10/2021;08:32:00;1325;AC03 - Acidente sem VITIMA;113;BR-040/RJ;JF;Choque - Objeto Fixo;1;;;;;;;;;;1;;;;
11/10/2021;08:45:00;1328;AC03 - Acidente sem VITIMA;32;BR-040/RJ;JF;Choque - Objeto Fixo;1;;;;;;;;;;1;;;;
11/10/2021;09:54:00;1335;AC03 - Acidente sem VITIMA;72;BR-040/RJ;JF;Capotamento;1;;;;;;;;;;1;;;;
11/10/2021;10:07:00;1338;AC03 - Acidente sem VITIMA;94;BR-040/RJ;RJ;Choque - Objeto Fixo;1;;;;;;;;;;1;;;;
11/10/2021;11:14:00;1343;AC02 - Acidente com VITIMA;87;BR-040/RJ;RJ;Engavetamento;3;;;;;;;;;;0;4;1;;
11/10/2021;11:19:00;1344;AC03 - Acidente sem VITIMA;34;BR-040/RJ;JF;Choque - Objeto Fixo;1;;;;;;;;;;1;;;;
11/10/2021;11:46:00;1348;AC02 - Acidente com VITIMA;93;BR-040/RJ;RJ;Choque - Objeto Fixo;1;;;;;;;;;;0;1;1;;
11/10/2021;12:55:00;1354;AC03 - Acidente sem VITIMA;124;BR-040/RJ;JF;Colisão Traseira;1;;1;;;;;;;;2;;;;
11/10/2021;13:05:00;1356;AC03 - Acidente sem VITIMA;32;BR-040/RJ;JF;Derrapagem;1;;;;;;;;;;1;;;;
11/10/2021;13:54:00;1360;AC02 - Acidente com VITIMA;827;BR-040/MG;RJ;Choque - Objeto Fixo;1;;;;;;;;;;0;5;;;
11/10/2021;14:29:00;1362;AC02 - Acidente com VITIMA;32;BR-040/RJ;RJ;Choque - Objeto Fixo;1;;;;;;;;;;0;1;;;
11/10/2021;14:45:00;1366;AC03 - Acidente sem VITIMA;91;BR-040/RJ;JF;Choque - Objeto Fixo;1;;;;;;;;;;1;;;;
11/10/2021;14:50:00;1367;AC02 - Acidente com VITIMA;1;BR-040/RJ;JF;Choque - Objeto Fixo;1;;;;;;;;;;2;2;;;
11/10/2021;15:01:00;1369;AC03 - Acidente sem VITIMA;113;BR-040/RJ;JF;Colisão Traseira;1;;;;;1;;;;;2;;;;
11/10/2021;15:07:00;1372;AC03 - Acidente sem VITIMA;93;BR-040/RJ;RJ;Choque - Objeto Fixo;1;;;;;;;;;;1;;;;
11/10/2021;15:19:00;1374;AC02 - Acidente com VITIMA;5;BR-040/RJ;JF;Saída de Pista;1;;;;;;;;;;0;2;;;
11/10/2021;15:26:00;1375;AC02 - Acidente com VITIMA;93;BR-040/RJ;RJ;Capotamento;1;;;;;;;;;;0;3;;;
11/10/2021;15:25:00;1380;AC02 - Acidente com VITIMA;5;BR-040/RJ;JF;Saída de Pista;1;;;;;;;;;;0;3;;;
11/10/2021;16:10:00;1383;AC02 - Acidente com VITIMA;124;BR-040/RJ;JF;Engavetamento;2;;1;;;;;;;;2;1;;;
11/10/2021;16:05:00;1384;AC03 - Acidente sem VITIMA;94;BR-040/RJ;RJ;Choque - Objeto Fixo;1;;;;;;;;;;1;;;;
11/10/2021;16:34:00;1385;AC02 - Acidente com VITIMA;823;BR-040/MG;RJ;Choque - Objeto Fixo;1;;;;;;;;;;0;4;;;
11/10/2021;16:25:00;1386;AC03 - Acidente sem VITIMA;81;BR-040/RJ;RJ;Choque - Objeto Fixo;1;;;;;;;;;;1;;;;
11/10/2021;16:48:00;1387;AC02 - Acidente com VITIMA;786;BR-040/MG;JF;Capotamento;1;;;;;;;;;;0;2;2;;
11/10/2021;16:16:00;1388;AC03 - Acidente sem VITIMA;1;BR-040/RJ;JF;Choque - Objeto Fixo;1;;;;;;;;;;1;;;;
11/10/2021;16:43:00;1389;AC03 - Acidente sem VITIMA;783;BR-040/MG;JF;Choque - Objeto Fixo;1;;;;;;;;;;1;;;;
11/10/2021;18:47:00;1393;AC03 - Acidente sem VITIMA;124;BR-040/RJ;RJ;Choque - Objeto Fixo;1;;;;;;;;;;1;;;;
11/10/2021;18:59:00;1394;AC03 - Acidente sem VITIMA;116;BR-040/RJ;JF;Colisão Lateral;1;;1;;;;;;;;2;;;;
11/10/2021;21:56:00;1415;AC02 - Acidente com VITIMA;119;BR-040/RJ;RJ;Colisão Traseira;2;;;;;;;;;;1;1;;;
11/10/2021;22:14:00;1416;AC03 - Acidente sem VITIMA;110;BR-040/RJ;RJ;Choque - Objeto Fixo;1;;;;;;;;;;1;;;;
12/10/2021;06:02:00;1426;AC03 - Acidente sem VITIMA;796;BR-040/MG;RJ;Choque - Objeto Fixo;1;;;;;;;;;;1;;;;
12/10/2021;06:41:00;1429;AC03 - Acidente sem VITIMA;113;BR-040/RJ;JF;Colisão Lateral;2;;;;;;;;;;2;;;;
12/10/2021;06:48:00;1433;AC03 - Acidente sem VITIMA;113;BR-040/RJ;JF;Colisão Traseira;2;;;;;;;;;;2;;;;
12/10/2021;08:00:00;1434;AC03 - Acidente sem VITIMA;117;BR-040/RJ;RJ;Choque - Objeto Fixo;1;;;;;;;;;;1;;;;
12/10/2021;09:45:00;1443;AC03 - Acidente sem VITIMA;91;BR-040/RJ;RJ;Choque - Objeto Fixo;1;;;;;;;;;;1;;;;
12/10/2021;10:30:00;1446;AC02 - Acidente com VITIMA;91;BR-040/RJ;RJ;Choque - Objeto Fixo;1;;;;;;;;;;0;6;;;
12/10/2021;11:32:00;1452;AC03 - Acidente sem VITIMA;825;BR-040/MG;RJ;Choque - Objeto Fixo;1;;;;;;;;;;1;;;;
12/10/2021;12:24:00;1456;AC02 - Acidente com VITIMA;2;BR-040/RJ;JF;Choque - Objeto Fixo;1;;;;;;;;;;0;2;1;;
12/10/2021;12:39:00;1459;AC02 - Acidente com VITIMA;44;BR-040/RJ;JF;Choque - Objeto Fixo;1;;;;;;;;;;0;2;;;
12/10/2021;14:30:00;1472;AC02 - Acidente com VITIMA;37;BR-040/RJ;JF;Choque - Objeto Fixo;1;;;;;;;;;;0;4;;;
12/10/2021;15:07:00;1476;AC03 - Acidente sem VITIMA;19;BR-040/RJ;RJ;Saída de Pista;;;1;;;;;;;;1;;;;
12/10/2021;14:25:00;1477;AC03 - Acidente sem VITIMA;44;BR-040/RJ;JF;Choque - Objeto Fixo;1;;;;;;;;;;1;;;;
12/10/2021;20:30:00;1516;AC03 - Acidente sem VITIMA;68;BR-040/RJ;JF;Choque - Objeto Fixo;1;;;;;;;;;;1;;;;
13/10/2021;04:40:00;1541;AC03 - Acidente sem VITIMA;78;BR-040/RJ;RJ;Choque - Objeto Fixo;1;;;;;;;;;;1;;;;
13/10/2021;06:04:00;1548;AC03 - Acidente sem VITIMA;30;BR-040/RJ;JF;Choque - Objeto Fixo;1;;;;;;;;;;1;;;;
13/10/2021;08:00:00;1558;AC02 - Acidente com VITIMA;34;BR-040/RJ;JF;Capotamento;1;;;;;;;;;;0;1;;;
13/10/2021;09:50:00;1572;AC02 - Acidente com VITIMA;88;BR-040/RJ;RJ;Saída de Pista;1;;;;;;;;;;0;;;1;
13/10/2021;16:47:00;1617;AC02 - Acidente com VITIMA;111;BR-040/RJ;JF;Colisão Lateral;;1;1;;;;;;;;1;1;;;
13/10/2021;18:01:00;1622;AC03 - Acidente sem VITIMA;33;BR-040/RJ;JF;Colisão Lateral;1;;1;;;;;;;;2;;;;
13/10/2021;20:42:00;1637;AC02 - Acidente com VITIMA;106;BR-040/RJ;RJ;Colisão Lateral;1;;;1;;;;;;;1;1;;;
14/10/2021;01:32:00;1654;AC04 - Atropelamento;82;BR-040/RJ;RJ;Atropelamento - Pedestre;;;;;;2;;;;;1;1;;;
14/10/2021;05:54:00;1668;AC02 - Acidente com VITIMA;79;BR-040/RJ;RJ;Colisão Traseira;;;2;;;;;;;;0;3;;;
14/10/2021;07:28:00;1678;AC03 - Acidente sem VITIMA;94;BR-040/RJ;RJ;Choque - Objeto Fixo;;;2;;;;;;;;2;;;;
14/10/2021;07:54:00;1686;AC03 - Acidente sem VITIMA;122;BR-040/RJ;RJ;Colisão Lateral;1;;1;;;;;;;;2;;;;
14/10/2021;08:44:00;1690;AC02 - Acidente com VITIMA;88;BR-040/RJ;JF;Queda de Moto;;;;1;;;;;;;0;2;;;
14/10/2021;21:40:00;1763;AC03 - Acidente sem VITIMA;84;BR-040/RJ;JF;Choque - Objeto Fixo;1;;;;;;;;;;1;;;;
15/10/2021;02:29:00;1775;AC02 - Acidente com VITIMA;816;BR-040/MG;JF;Colisão Lateral;;;2;;;;;;;;0;2;;;
15/10/2021;08:36:00;1797;AC03 - Acidente sem VITIMA;109;BR-040/RJ;JF;Colisão Lateral;2;;;;;;;;;;2;;;;
15/10/2021;11:13:00;1817;AC02 - Acidente com VITIMA;31;BR-040/RJ;JF;Choque - Objeto Fixo;1;;;;;;;;;;0;2;;;
15/10/2021;13:18:00;1838;AC04 - Atropelamento;105;BR-040/RJ;JF;Atropelamento - Pedestre;;;;;1;1;;;;;1;1;;;
15/10/2021;13:55:00;1845;AC02 - Acidente com VITIMA;125;BR-040/RJ;RJ;Colisão Lateral;;;1;2;;;;;;;2;2;;;
15/10/2021;22:09:00;1915;AC03 - Acidente sem VITIMA;118;BR-040/RJ;JF;Colisão Traseira;1;;1;;;;;;;;2;;;;
16/10/2021;00:25:00;1925;AC03 - Acidente sem VITIMA;111;BR-040/RJ;RJ;Colisão Traseira;2;;;;;;;;;;2;;;;
16/10/2021;04:13:00;1937;AC02 - Acidente com VITIMA;108;BR-040/RJ;RJ;Queda de Moto;;;;1;;;;;;;0;;;1;
16/10/2021;04:13:00;1940;AC03 - Acidente sem VITIMA;108;BR-040/RJ;RJ;Colisão Traseira;;;1;1;;;;;;;2;;;;
16/10/2021;06:54:00;1945;AC03 - Acidente sem VITIMA;93;BR-040/RJ;RJ;Choque - Objeto Fixo;1;;;;;;;;;;1;;;;
16/10/2021;06:58:00;1946;AC03 - Acidente sem VITIMA;91;BR-040/RJ;JF;Choque - Objeto Fixo;1;;;;;;;;;;1;;;;
16/10/2021;07:14:00;1949;AC02 - Acidente com VITIMA;117;BR-040/RJ;RJ;Colisão Traseira;1;;;1;;;;;;;1;1;;;
16/10/2021;07:23:00;1952;AC03 - Acidente sem VITIMA;96;BR-040/RJ;RJ;Choque - Objeto Fixo;1;;;;;;;;;;1;;;;
16/10/2021;07:58:00;1956;AC02 - Acidente com VITIMA;122;BR-040/RJ;RJ;Choque - Objeto Fixo;1;;;;;;;;;;0;1;;;
16/10/2021;09:20:00;1967;AC02 - Acidente com VITIMA;43;BR-040/RJ;JF;Choque - Objeto Fixo;1;;;;;;;;;;0;3;;;
16/10/2021;09:56:00;1969;AC02 - Acidente com VITIMA;78;BR-040/RJ;RJ;Capotamento;1;;;;;;;;;;0;1;;;
16/10/2021;09:40:00;1970;AC03 - Acidente sem VITIMA;32;BR-040/RJ;JF;Choque - Objeto Fixo;1;;;;;;;;;;1;;;;
16/10/2021;10:26:00;1972;AC03 - Acidente sem VITIMA;22;BR-040/RJ;JF;Colisão Lateral;1;;1;;;;;;;;2;;;;
16/10/2021;10:49:00;1975;AC03 - Acidente sem VITIMA;52;BR-040/RJ;RJ;Choque - Objeto Fixo;1;;;;;;;;;;1;;;;
16/10/2021;15:11:00;2006;AC03 - Acidente sem VITIMA;93;BR-040/RJ;JF;Colisão Lateral;1;;;;;1;;;;;2;;;;
16/10/2021;18:56:00;2027;AC03 - Acidente sem VITIMA;84;BR-040/RJ;JF;Choque - Objeto Fixo;1;;;;;;;;;;1;;;;
16/10/2021;19:15:00;2030;AC03 - Acidente sem VITIMA;81;BR-040/RJ;JF;Choque - Objeto Fixo;1;;;;;;;;;;1;;;;
16/10/2021;19:28:00;2032;AC03 - Acidente sem VITIMA;113;BR-040/RJ;RJ;Colisão Traseira;2;;;;;;;;;;2;;;;
16/10/2021;21:40:00;2042;AC03 - Acidente sem VITIMA;107;BR-040/RJ;JF;Colisão Traseira;2;;;;;;;;;;2;;;;
17/10/2021;00:09:00;2055;AC03 - Acidente sem VITIMA;120;BR-040/RJ;RJ;Colisão Lateral;2;;;;;;;;;;2;;;;
17/10/2021;03:04:00;2066;AC03 - Acidente sem VITIMA;795;BR-040/MG;RJ;Choque - Objeto Fixo;1;;;;;;;;;;1;;;;
17/10/2021;05:30:00;2067;AC03 - Acidente sem VITIMA;62;BR-040/RJ;JF;Choque - Objeto Fixo;1;;;;;;;;;;1;;;;
17/10/2021;06:52:00;2073;AC03 - Acidente sem VITIMA;91;BR-040/RJ;RJ;Saída de Pista;1;;;;;;;;;;1;;;;
17/10/2021;07:51:00;2076;AC03 - Acidente sem VITIMA;807;BR-040/MG;RJ;Choque - Objeto Fixo;1;;;;;;;;;;1;;;;
17/10/2021;09:10:00;2084;AC03 - Acidente sem VITIMA;91;BR-040/RJ;JF;Choque - Objeto Fixo;1;;;;;;;;;;1;;;;
17/10/2021;09:41:00;2088;AC03 - Acidente sem VITIMA;85;BR-040/RJ;JF;Choque - Objeto Fixo;1;;;;;;;;;;1;;;;
17/10/2021;09:50:00;2089;AC03 - Acidente sem VITIMA;67;BR-040/RJ;JF;Choque - Objeto Fixo;1;;;;;;;;;;1;;;;
17/10/2021;10:49:00;2095;AC03 - Acidente sem VITIMA;91;BR-040/RJ;JF;Choque - Objeto Fixo;1;;;;;;;;;;1;;;;
17/10/2021;10:58:00;2096;AC03 - Acidente sem VITIMA;76;BR-040/RJ;JF;Choque - Objeto Fixo;1;;;;;;;;;;1;;;;
17/10/2021;10:48:00;2097;AC03 - Acidente sem VITIMA;825;BR-040/MG;JF;Choque - Objeto Fixo;1;;;;;;;;;;1;;;;
17/10/2021;11:02:00;2098;AC03 - Acidente sem VITIMA;90;BR-040/RJ;RJ;Choque - Objeto Fixo;1;;;;;;;;;;1;;;;
17/10/2021;11:48:00;2102;AC03 - Acidente sem VITIMA;122;BR-040/RJ;RJ;Colisão Lateral;2;;;;;;;;;;2;;;;
17/10/2021;12:59:00;2110;AC03 - Acidente sem VITIMA;93;BR-040/RJ;RJ;Choque - Objeto Fixo;1;;;;;;;;;;1;;;;
17/10/2021;13:00:00;2116;AC03 - Acidente sem VITIMA;91;BR-040/RJ;RJ;Capotamento;1;;;;;;;;;;1;;;;
17/10/2021;13:37:00;2121;AC03 - Acidente sem VITIMA;120;BR-040/RJ;JF;Engavetamento;2;;;;;1;;;;;3;;;;
17/10/2021;14:24:00;2125;AC02 - Acidente com VITIMA;59;BR-040/RJ;RJ;Choque - Objeto Fixo;1;;;;;;;;;;0;;1;;
17/10/2021;15:07:00;2129;AC03 - Acidente sem VITIMA;92;BR-040/RJ;JF;Choque - Objeto Fixo;1;;;;;;;;;;1;;;;
17/10/2021;15:30:00;2131;AC03 - Acidente sem VITIMA;94;BR-040/RJ;RJ;Choque - Objeto Fixo;1;;;;;;;;;;1;;;;
17/10/2021;16:00:00;2134;AC02 - Acidente com VITIMA;89;BR-040/RJ;RJ;Queda de Moto;;;;1;;;;;;;0;1;;;
17/10/2021;16:24:00;2137;AC03 - Acidente sem VITIMA;90;BR-040/RJ;RJ;Choque - Objeto Fixo;1;;;;;;;;;;1;;;;
17/10/2021;16:35:00;2140;AC03 - Acidente sem VITIMA;91;BR-040/RJ;RJ;Choque - Objeto Fixo;1;;;;;;;;;;1;;;;
17/10/2021;16:35:00;2142;AC03 - Acidente sem VITIMA;91;BR-040/RJ;RJ;Capotamento;1;;;;;;;;;;1;;;;
17/10/2021;17:02:00;2144;AC03 - Acidente sem VITIMA;84;BR-040/RJ;RJ;Choque - Objeto Fixo;1;;;;;;;;;;1;;;;
17/10/2021;19:21:00;2156;AC02 - Acidente com VITIMA;121;BR-040/RJ;JF;Atropelamento - Pedestre;;;1;1;;1;;;;;2;;2;;
17/10/2021;20:54:00;2165;AC03 - Acidente sem VITIMA;74;BR-040/RJ;JF;Choque - Objeto Fixo;1;;;;;;;;;;1;;;;
17/10/2021;22:16:00;2168;AC02 - Acidente com VITIMA;91;BR-040/RJ;RJ;Saída de Pista;1;;;;;;;;;;0;2;;;
18/10/2021;07:15:00;2190;AC03 - Acidente sem VITIMA;85;BR-040/RJ;JF;Capotamento;1;;;;;;;;;;1;;;;
18/10/2021;07:27:00;2193;AC03 - Acidente sem VITIMA;94;BR-040/RJ;RJ;Choque - Objeto Fixo;1;;;;;;;;;;1;;;;
18/10/2021;06:48:00;2194;AC03 - Acidente sem VITIMA;820;BR-040/MG;JF;Choque - Objeto Fixo;1;;;;;;;;;;1;;;;
18/10/2021;07:48:00;2196;AC03 - Acidente sem VITIMA;91;BR-040/RJ;RJ;Choque - Objeto Fixo;1;;;;;;;;;;1;;;;
18/10/2021;09:22:00;2208;AC02 - Acidente com VITIMA;779;BR-040/MG;RJ;Choque - Objeto Fixo;1;;;;;;;;;;0;;1;;
18/10/2021;10:13:00;2211;AC03 - Acidente sem VITIMA;90;BR-040/RJ;RJ;Choque - Objeto Fixo;1;;;;;;;;;;1;;;;
18/10/2021;10:29:00;2215;AC03 - Acidente sem VITIMA;3;BR-040/RJ;JF;Choque - Objeto Fixo;1;;;;;;;;;;1;;;;
18/10/2021;10:57:00;2219;AC02 - Acidente com VITIMA;816;BR-040/MG;RJ;Queda de Moto;;;;1;;;;;;;0;1;;;
18/10/2021;11:27:00;2221;AC02 - Acidente com VITIMA;93;BR-040/RJ;RJ;Choque - Objeto Fixo;1;;;;;;;;;;0;;1;;
18/10/2021;12:07:00;2223;AC03 - Acidente sem VITIMA;88;BR-040/RJ;JF;Choque - Objeto Fixo;1;;;;;;;;;;1;;;;
18/10/2021;12:20:00;2225;AC03 - Acidente sem VITIMA;90;BR-040/RJ;JF;Choque - Objeto Fixo;1;;;;;;;;;;1;;;;
18/10/2021;12:35:00;2229;AC03 - Acidente sem VITIMA;91;BR-040/RJ;RJ;Choque - Objeto Fixo;1;;;;;;;;;;1;;;;
18/10/2021;12:54:00;2233;AC03 - Acidente sem VITIMA;56;BR-040/RJ;JF;Choque - Objeto Fixo;1;;;;;;;;;;1;;;;
18/10/2021;13:49:00;2240;AC03 - Acidente sem VITIMA;93;BR-040/RJ;RJ;Choque - Objeto Fixo;1;;;;;;;;;;1;;;;
18/10/2021;14:05:00;2242;AC03 - Acidente sem VITIMA;93;BR-040/RJ;RJ;Capotamento;1;;;;;;;;;;1;;;;
18/10/2021;14:19:00;2245;AC03 - Acidente sem VITIMA;105;BR-040/RJ;JF;Colisão Transversal;2;;;;;;;;;;2;;;;
18/10/2021;14:49:00;2247;AC02 - Acidente com VITIMA;85;BR-040/RJ;JF;Choque - Objeto Fixo;1;;;;;;;;;;0;1;;;
18/10/2021;15:00:00;2248;AC03 - Acidente sem VITIMA;93;BR-040/RJ;RJ;Saída de Pista;1;;;;;;;;;;1;;;;
18/10/2021;15:34:00;2250;AC02 - Acidente com VITIMA;92;BR-040/RJ;JF;Queda de Moto;;;;1;;;;;;;0;1;;;
18/10/2021;16:34:00;2255;AC02 - Acidente com VITIMA;74;BR-040/RJ;RJ;Capotamento;1;;;;;;;;;;0;2;;;
18/10/2021;19:16:00;2265;AC03 - Acidente sem VITIMA;84;BR-040/RJ;RJ;Choque - Objeto Fixo;1;;;;;;;;;;1;;;;
19/10/2021;00:07:00;2289;AC03 - Acidente sem VITIMA;62;BR-040/RJ;RJ;Choque - Objeto Fixo;1;;;;;;;;;;1;;;;
19/10/2021;02:21:00;2293;AC03 - Acidente sem VITIMA;90;BR-040/RJ;JF;Derrapagem;1;;;;;;;;;;1;;;;
19/10/2021;07:01:00;2307;AC03 - Acidente sem VITIMA;91;BR-040/RJ;JF;Choque - Objeto Fixo;1;;;;;;;;;;1;;;;