data;horario;n_da_ocorrencia;tipo_de_ocorrencia;km;trecho;sentido;tipo_de_acidente;automovel;bicicleta;caminhao;moto;onibus;outros;tracao_animal;transporte_de_cargas_especiais;trator_maquinas;utilitarios;ilesos;levemente_feridos;moderadamente_feridos;gravemente_feridos;mortos
19/10/2021;08:52:00;2318;AC03 - Acidente sem VITIMA;97;BR-040/RJ;RJ;Choque - Objeto Fixo;1;;;;;;;;;;1;;;;
19/10/2021;09:27:00;2319;AC02 - Acidente com VITIMA;43;BR-040/RJ;JF;Choque - Objeto Fixo;1;;;;;;;;;;0;;1;;
19/10/2021;10:03:00;2328;AC03 - Acidente sem VITIMA;104;BR-040/RJ;JF;Colisão Traseira;2;;;;;;;;;;2;;;;
19/10/2021;10:37:00;2334;AC03 - Acidente sem VITIMA;91;BR-040/RJ;RJ;Choque - Objeto Fixo;1;;;;;;;;;;1;;;;
19/10/2021;10:59:00;2336;AC03 - Acidente sem VITIMA;78;BR-040/RJ;RJ;Choque - Objeto Fixo;1;;;;;;;;;;1;;;;
19/10/2021;11:27:00;2338;AC02 - Acidente com VITIMA;92;BR-040/RJ;JF;Queda de Moto;;;;1;;;;;;;0;1;;;
19/10/2021;11:43:00;2339;AC02 - Acidente com VITIMA;94;BR-040/RJ;RJ;Choque - Objeto Fixo;1;;;;;;;;;;0;2;;;
19/10/2021;11:44:00;2340;AC03 - Acidente sem VITIMA;94;BR-040/RJ;RJ;Choque - Objeto Fixo;1;;;;;;;;;;1;;;;
19/10/2021;12:57:00;2350;AC02 - Acidente com VITIMA;100;BR-040/RJ;RJ;Choque - Objeto Fixo;1;;;;;;;;;;0;1;;;
19/10/2021;13:08:00;2351;AC03 - Acidente sem VITIMA;91;BR-040/RJ;RJ;Choque - Objeto Fixo;1;;;;;;;;;;1;;;;
19/10/2021;13:21:00;2352;AC03 - Acidente sem VITIMA;84;BR-040/RJ;JF;Choque - Objeto Fixo;1;;;;;;;;;;1;;;;
19/10/2021;14:37:00;2360;AC03 - Acidente sem VITIMA;93;BR-040/RJ;RJ;Choque - Objeto Fixo;1;;;;;;;;;;1;;;;
19/10/2021;15:27:00;2367;AC02 - Acidente com VITIMA;92;BR-040/RJ;RJ;Choque - Objeto Fixo;1;;;;;;;;;;0;5;;;
19/10/2021;15:28:00;2369;AC03 - Acidente sem VITIMA;6;BR-040/RJ;JF;Choque - Objeto Fixo;1;;;;;;;;;;1;;;;
19/10/2021;16:33:00;2371;AC02 - Acidente com VITIMA;94;BR-040/RJ;RJ;Queda de Moto;;;;1;;;;;;;0;1;;;
19/10/2021;17:17:00;2377;AC03 - Acidente sem VITIMA;120;BR-040/RJ;RJ;Choque - Objeto Fixo;1;;;;;;;;;;1;;;;
19/10/2021;17:45:00;2381;AC03 - Acidente sem VITIMA;6;BR-040/RJ;JF;Choque - Objeto Fixo;1;;;;;;;;;;1;;;;
19/10/2021;17:52:00;2384;AC03 - Acidente sem VITIMA;94;BR-040/RJ;RJ;Choque - Objeto Fixo;1;;;;;;;;;;1;;;;
19/10/2021;19:07:00;2394;AC02 - Acidente com VITIMA;91;BR-040/RJ;RJ;Capotamento;1;;;;;;;;;;0;4;;;
19/10/2021;19:17:00;2395;AC03 - Acidente sem VITIMA;801;BR-040/MG;JF;Colisão Lateral;1;;1;;;;;;;;2;;;;
19/10/2021;19:30:00;2397;AC02 - Acidente com VITIMA;85;BR-040/RJ;RJ;Choque - Objeto Fixo;1;;;;;;;;;;0;5;;;
19/10/2021;22:33:00;2413;AC03 - Acidente sem VITIMA;99;BR-040/RJ;RJ;Saída de Pista;1;;;;;;;;;;1;;;;
20/10/2021;05:55:00;2436;AC03 - Acidente sem VITIMA;92;BR-040/RJ;RJ;Choque - Objeto Fixo;1;;;;;;;;;;1;;;;
20/10/2021;06:58:00;2440;AC03 - Acidente sem VITIMA;91;BR-040/RJ;JF;Choque - Objeto Fixo;1;;;;;;;;;;1;;;;
20/10/2021;09:06:00;2452;AC03 - Acidente sem VITIMA;86;BR-040/RJ;RJ;Choque - Objeto Fixo;1;;;;;;;;;;1;;;;
20/10/2021;09:24:00;2457;AC03 - Acidente sem VITIMA;31;BR-040/RJ;JF;Choque - Objeto Fixo;;;1;;;;;;;;1;;;;
20/10/2021;11:10:00;2467;AC03 - Acidente sem VITIMA;93;BR-040/RJ;RJ;Choque - Objeto Fixo;1;;;;;;;;;;1;;;;
20/10/2021;12:30:00;2480;AC03 - Acidente sem VITIMA;122;BR-040/RJ;JF;Colisão Traseira;2;;;;;;;;;;2;;;;
20/10/2021;12:43:00;2482;AC03 - Acidente sem VITIMA;91;BR-040/RJ;RJ;Saída de Pista;1;;;;;;;;;;1;;;;
20/10/2021;13:41:00;2491;AC03 - Acidente sem VITIMA;811;BR-040/MG;JF;Choque - Objeto Fixo;1;;;;;;;;;;1;;;;
20/10/2021;15:33:00;2504;AC02 - Acidente com VITIMA;36;BR-040/RJ;RJ;Choque - Objeto Fixo;1;;;;;;;;;;0;;1;;
20/10/2021;17:39:00;2519;AC03 - Acidente sem VITIMA;78;BR-040/RJ;RJ;Choque - Objeto Fixo;1;;;;;;;;;;1;;;;
21/10/2021;06:22:00;2577;AC02 - Acidente com VITIMA;91;BR-040/RJ;RJ;Choque - Objeto Fixo;1;;;;;;;;;;0;1;;;
21/10/2021;10:19:00;2619;AC02 - Acidente com VITIMA;108;BR-040/RJ;RJ;Colisão Traseira;;;1;1;;;;;;;1;1;;;
21/10/2021;11:30:00;2636;AC03 - Acidente sem VITIMA;779;BR-040/MG;JF;Colisão Lateral;2;;;;;;;;;;2;;;;
21/10/2021;13:22:00;2652;AC03 - Acidente sem VITIMA;85;BR-040/RJ;JF;Tombamento;1;;;;;;;;;;1;;;;
21/10/2021;21:33:00;2711;AC03 - Acidente sem VITIMA;85;BR-040/RJ;JF;Choque - Objeto Fixo;1;;;;;;;;;;1;;;;
22/10/2021;09:50:00;2755;AC02 - Acidente com VITIMA;96;BR-040/RJ;RJ;Choque - Objeto Fixo;1;;;;;;;;;;0;2;;;
22/10/2021;14:13:00;2788;AC02 - Acidente com VITIMA;87;BR-040/RJ;RJ;Colisão Traseira;2;;;;;;;;;;0;8;;;
22/10/2021;19:08:00;2834;AC03 - Acidente sem VITIMA;72;BR-040/RJ;JF;Derrapagem;1;;;;;;;;;;1;;;;
22/10/2021;19:14:00;2835;AC02 - Acidente com VITIMA;108;BR-040/RJ;JF;Colisão Lateral;1;;;1;;;;;;;1;1;;;
22/10/2021;22:57:00;2850;AC03 - Acidente sem VITIMA;89;BR-040/RJ;JF;Colisão Traseira;;;2;;;;;;;;2;;;;
22/10/2021;22:35:00;2858;AC03 - Acidente sem VITIMA;116;BR-040/RJ;JF;Colisão Traseira;1;;;;;;;;;;1;;;;
23/10/2021;02:07:00;2869;AC03 - Acidente sem VITIMA;1;BR-040/RJ;JF;Choque - Objeto Fixo;1;;;;;;;;;;1;;;;
23/10/2021;07:42:00;2889;AC03 - Acidente sem VITIMA;75;BR-040/RJ;RJ;Queda de Moto;;;;1;;;;;;;1;;;;
23/10/2021;08:39:00;2902;AC02 - Acidente com VITIMA;84;BR-040/RJ;RJ;Capotamento;1;;;;;;;;;;0;1;;;
23/10/2021;13:44:00;2935;AC02 - Acidente com VITIMA;88;BR-040/RJ;JF;Colisão Lateral;1;;1;;;;;;;;1;1;;;
23/10/2021;14:53:00;2944;AC03 - Acidente sem VITIMA;118;BR-040/RJ;RJ;Choque - Objeto Fixo;1;;;;;;;;;;1;;;;
24/10/2021;02:14:00;2996;AC03 - Acidente sem VITIMA;112;BR-040/RJ;RJ;Choque - Objeto Fixo;1;;;;;;;;;;1;;;;
24/10/2021;03:47:00;2999;AC03 - Acidente sem VITIMA;109;BR-040/RJ;RJ;Choque - Objeto Fixo;1;;;;;;;;;;1;;;;
24/10/2021;04:05:00;3001;AC03 - Acidente sem VITIMA;820;BR-040/MG;JF;Choque - Objeto Fixo;1;;;;;;;;;;1;;;;
24/10/2021;07:25:00;3017;AC02 - Acidente com VITIMA;793;BR-040/MG;RJ;Capotamento;1;;;;;;;;;;0;;1;;
24/10/2021;10:33:00;3036;AC02 - Acidente com VITIMA;94;BR-040/RJ;RJ;Capotamento;1;;;;;;;;;;0;2;;;
24/10/2021;12:08:00;3040;AC03 - Acidente sem VITIMA;77;BR-040/RJ;RJ;Capotamento;1;;;;;;;;;;1;;;;
24/10/2021;12:18:00;3041;AC03 - Acidente sem VITIMA;111;BR-040/RJ;RJ;Colisão Traseira;2;;;;;;;;;;2;;;;
24/10/2021;12:40:00;3042;AC03 - Acidente sem VITIMA;1;BR-040/RJ;JF;Choque - Objeto Fixo;1;;;;;;;;;;1;;;;
24/10/2021;12:45:00;3044;AC02 - Acidente com VITIMA;122;BR-040/RJ;JF;Colisão Lateral;2;;;;;;;;;;0;5;;;
24/10/2021;12:46:00;3045;AC03 - Acidente sem VITIMA;79;BR-040/RJ;JF;Choque - Objeto Fixo;1;;;;;;;;;;1;;;;
24/10/2021;12:52:00;3047;AC03 - Acidente sem VITIMA;91;BR-040/RJ;JF;Choque - Objeto Fixo;1;;;;;;;;;;1;;;;
24/10/2021;13:01:00;3048;AC03 - Acidente sem VITIMA;2;BR-040/RJ;JF;Choque - Objeto Fixo;1;;;;;;;;;;1;;;;
24/10/2021;16:05:00;3064;AC03 - Acidente sem VITIMA;109;BR-040/RJ;JF;Colisão Lateral;1;;1;;;;;;;;2;;;;
24/10/2021;16:45:00;3068;AC02 - Acidente com VITIMA;94;BR-040/RJ;RJ;Colisão Lateral;2;;;;;;;;;;1;2;;;
24/10/2021;16:51:00;3070;AC02 - Acidente com VITIMA;93;BR-040/RJ;RJ;Capotamento;1;;;;;;;;;;0;1;;;
24/10/2021;17:04:00;3076;AC03 - Acidente sem VITIMA;84;BR-040/RJ;RJ;Choque - Objeto Fixo;1;;;;;;;;;;1;;;;
24/10/2021;18:38:00;3085;AC02 - Acidente com VITIMA;59;BR-040/RJ;RJ;Capotamento;1;;;;;;;;;;0;1;1;;
24/10/2021;18:47:00;3087;AC03 - Acidente sem VITIMA;88;BR-040/RJ;JF;Choque - Objeto Fixo;1;;;;;;;;;;1;;;;
24/10/2021;22:24:00;3105;AC02 - Acidente com VITIMA;816;BR-040/MG;JF;Queda de Moto;;;;1;;;;;;;0;;1;;
25/10/2021;01:25:00;3117;AC03 - Acidente sem VITIMA;122;BR-040/RJ;JF;Saída de Pista;1;;;;;;;;;;1;;;;
25/10/2021;14:37:00;3173;AC03 - Acidente sem VITIMA;85;BR-040/RJ;JF;Choque - Objeto Fixo;1;;;;;;;;;;1;;;;
25/10/2021;17:17:00;3185;AC03 - Acidente sem VITIMA;92;BR-040/RJ;RJ;Choque - Objeto Fixo;1;;;;;;;;;;1;;;;
26/10/2021;11:28:00;3260;AC02 - Acidente com VITIMA;123;BR-040/RJ;JF;Choque - Objeto Fixo;1;;;;;;;;;;0;;;1;
26/10/2021;12:10:00;3266;AC03 - Acidente sem VITIMA;88;BR-040/RJ;JF;Choque - Objeto Fixo;1;;;;;;;;;;1;;;;
26/10/2021;17:39:00;3297;AC03 - Acidente sem VITIMA;108;BR-040/RJ;JF;Colisão Lateral;;;2;;;;;;;;2;;;;
26/10/2021;17:43:00;3300;AC03 - Acidente sem VITIMA;85;BR-040/RJ;RJ;Choque - Objeto Fixo;1;;;;;;;;;;1;;;;
26/10/2021;19:41:00;3315;AC03 - Acidente sem VITIMA;124;BR-040/RJ;JF;Colisão Lateral;1;;1;;;;;;;;2;;;;
26/10/2021;19:47:00;3316;AC02 - Acidente com VITIMA;8;BR-040/RJ;JF;Choque - Objeto Fixo;1;;;;;;;;;;0;;1;;
26/10/2021;20:49:00;3325;AC03 - Acidente sem VITIMA;82;BR-040/RJ;JF;Choque - Objeto Fixo;1;;;;;;;;;;1;;;;
26/10/2021;23:02:00;3331;AC03 - Acidente sem VITIMA;121;BR-040/RJ;RJ;Engavetamento;4;;;;;;;;;;4;;;;
27/10/2021;05:38:00;3348;AC02 - Acidente com VITIMA;93;BR-040/RJ;JF;Capotamento;1;;;;;;;;;;0;1;;;
27/10/2021;06:51:00;3351;AC02 - Acidente com VITIMA;87;BR-040/RJ;RJ;Capotamento;1;;;;;;;;;;0;;1;;
27/10/2021;09:49:00;3376;AC02 - Acidente com VITIMA;123;BR-040/RJ;RJ;Colisão Lateral;;;1;1;;;;;;;1;;1;;
27/10/2021;18:26:00;3441;AC03 - Acidente sem VITIMA;84;BR-040/RJ;RJ;Choque - Objeto Fixo;;;1;;;;;;;;1;;;;
27/10/2021;21:21:00;3456;AC03 - Acidente sem VITIMA;94;BR-040/RJ;RJ;Saída de Pista;1;;;;;;;;;;1;;;;
28/10/2021;04:12:00;3474;AC03 - Acidente sem VITIMA;93;BR-040/RJ;RJ;Choque - Objeto Fixo;1;;;;;;;;;;1;;;;
28/10/2021;07:14:00;3484;AC03 - Acidente sem VITIMA;122;BR-040/RJ;RJ;Colisão Lateral;1;;1;;;;;;;;2;;;;
28/10/2021;09:25:00;3496;AC03 - Acidente sem VITIMA;91;BR-040/RJ;JF;Choque - Objeto Fixo;1;;;;;;;;;;1;;;;
28/10/2021;12:35:00;3512;AC03 - Acidente sem VITIMA;123;BR-040/RJ;RJ;Colisão Traseira;2;;;;;;;;;;2;;;;
28/10/2021;19:34:00;3556;AC03 - Acidente sem VITIMA;110;BR-040/RJ;JF;Choque - Objeto Fixo;1;;;;;;;;;;1;;;;
28/10/2021;22:01:00;3568;AC03 - Acidente sem VITIMA;112;BR-040/RJ;RJ;Colisão Lateral;1;;1;;;;;;;;2;;;;
29/10/2021;00:04:00;3576;AC03 - Acidente sem VITIMA;93;BR-040/RJ;RJ;Choque - Objeto Fixo;1;;1;;;;;;;;2;;;;
29/10/2021;06:11:00;3589;AC02 - Acidente com VITIMA;93;BR-040/RJ;RJ;Choque - Objeto Fixo;1;;;;;;;;;;0;2;;;
29/10/2021;06:37:00;3590;AC02 - Acidente com VITIMA;799;BR-040/MG;RJ;Colisão Traseira;1;;1;;;;;;;;1;1;;;
29/10/2021;06:40:00;3591;AC03 - Acidente sem VITIMA;78;BR-040/RJ;RJ;Choque - Objeto Fixo;1;;;;;;;;;;1;;;;
29/10/2021;07:02:00;3592;AC03 - Acidente sem VITIMA;91;BR-040/RJ;JF;Choque - Objeto Fixo;1;;;;;;;;;;1;;;;
29/10/2021;07:10:00;3593;AC03 - Acidente sem VITIMA;67;BR-040/RJ;JF;Choque - Objeto Fixo;1;;;;;;;;;;1;;;;
29/10/2021;07:39:00;3598;AC02 - Acidente com VITIMA;68;BR-040/RJ;JF;Choque - Objeto Fixo;1;;;;;;;;;;0;1;;;
29/10/2021;08:05:00;3602;AC03 - Acidente sem VITIMA;3;BR-040/RJ;RJ;Choque - Objeto Fixo;1;;;;;;;;;;1;;;;
29/10/2021;08:46:00;3609;AC03 - Acidente sem VITIMA;121;BR-040/RJ;JF;Colisão Traseira;;;2;;;;;;;;2;;;;
29/10/2021;09:50:00;3612;AC03 - Acidente sem VITIMA;47;BR-040/RJ;RJ;Colisão Traseira;1;;1;;;;;;;;2;;;;
29/10/2021;10:40:00;3618;AC03 - Acidente sem VITIMA;94;BR-040/RJ;RJ;Choque - Objeto Fixo;1;;;;;;;;;;1;;;;
29/10/2021;13:12:00;3631;AC02 - Acidente com VITIMA;780;BR-040/MG;JF;Capotamento;1;;1;;;;;;;;1;4;;;
29/10/2021;14:31:00;3636;AC03 - Acidente sem VITIMA;99;BR-040/RJ;JF;Choque - Objeto Fixo;1;;;;;;;;;;1;;;;
29/10/2021;15:37:00;3643;AC03 - Acidente sem VITIMA;95;BR-040/RJ;RJ;Capotamento;1;;;;;;;;;;1;;;;
29/10/2021;18:59:00;3670;AC03 - Acidente sem VITIMA;90;BR-040/RJ;JF;Choque - Objeto Fixo;1;;;;;;;;;;1;;;;
29/10/2021;19:45:00;3680;AC03 - Acidente sem VITIMA;802;BR-040/MG;RJ;Atropelamento - Animal;1;;;;;;;;;;1;;;;
30/10/2021;05:04:00;3717;AC02 - Acidente com VITIMA;110;BR-040/RJ;RJ;Choque - Objeto Fixo;1;;;;;;;;;;0;1;;;
30/10/2021;08:54:00;3735;AC03 - Acidente sem VITIMA;84;BR-040/RJ;JF;Choque - Objeto Fixo;1;;;;;;;;;;1;;;;
30/10/2021;08:52:00;3737;AC03 - Acidente sem VITIMA;820;BR-040/MG;JF;Choque - Objeto Fixo;1;;;;;;;;;;1;;;;
30/10/2021;11:11:00;3750;AC03 - Acidente sem VITIMA;93;BR-040/RJ;RJ;Choque - Objeto Fixo;1;;;;;;;;;;1;;;;
30/10/2021;11:33:00;3751;AC03 - Acidente sem VITIMA;91;BR-040/RJ;JF;Queda de Moto;;;;1;;;;;;;1;;;;
30/10/2021;12:16:00;3758;AC03 - Acidente sem VITIMA;92;BR-040/RJ;RJ;Colisão Lateral;2;;;;;;;;;;2;;;;
30/10/2021;12:28:00;3759;AC03 - Acidente sem VITIMA;91;BR-040/RJ;RJ;Saída de Pista;1;;;;;;;;;;1;;;;
30/10/2021;12:30:00;3760;AC02 - Acidente com VITIMA;81;BR-040/RJ;JF;Saída de Pista;1;;;;;;;;;;0;1;;;
30/10/2021;12:41:00;3761;AC02 - Acidente com VITIMA;91;BR-040/RJ;RJ;Saída de Pista;1;;;;;;;;;;0;2;;;
30/10/2021;12:47:00;3762;AC03 - Acidente sem VITIMA;83;BR-040/RJ;RJ;Saída de Pista;1;;;;;;;;;;1;;;;
30/10/2021;13:20:00;3767;AC03 - Acidente sem VITIMA;92;BR-040/RJ;JF;Choque - Objeto Fixo;1;;;;;;;;;;1;;;;
30/10/2021;13:43:00;3771;AC03 - Acidente sem VITIMA;91;BR-040/RJ;JF;Derrapagem;1;;;;;;;;;;1;;;;
30/10/2021;14:48:00;3779;AC03 - Acidente sem VITIMA;805;BR-040/MG;JF;Choque - Objeto Fixo;1;;;;;;;;;;1;;;;
30/10/2021;15:50:00;3786;AC02 - Acidente com VITIMA;109;BR-040/RJ;RJ;Engavetamento;2;;1;;;;;;;;2;1;;;
30/10/2021;17:13:00;3799;AC02 - Acidente com VITIMA;113;BR-040/RJ;JF;Colisão Traseira;2;;;;;;;;;;1;2;;;
30/10/2021;21:56:00;3828;AC03 - Acidente sem VITIMA;80;BR-040/RJ;JF;Saída de Pista;1;;;;;1;;;;;2;;;;
31/10/2021;00:40:00;3837;AC02 - Acidente com VITIMA;93;BR-040/RJ;JF;Choque - Objeto Fixo;1;;;;;;;;;;0;1;;;
31/10/2021;10:13:00;3871;AC02 - Acidente com VITIMA;111;BR-040/RJ;JF;Queda de Moto;;;;1;;;;;;;0;2;;;
31/10/2021;10:24:00;3872;AC04 - Atropelamento;124;BR-040/RJ;RJ;Atropelamento - Pedestre;1;;;;;1;;;;;1;1;;;
31/10/2021;13:31:00;3887;AC02 - Acidente com VITIMA;84;BR-040/RJ;RJ;Capotamento;1;;;;;;;;;;0;;;1;
31/10/2021;14:49:00;3898;AC02 - Acidente com VITIMA;116;BR-040/RJ;JF;Colisão Traseira;2;;;;;;;;;;1;3;;;
31/10/2021;15:04:00;3900;AC02 - Acidente com VITIMA;120;BR-040/RJ;RJ;Queda de Moto;;;;1;;1;;;;;1;1;;;
31/10/2021;17:15:00;3917;AC03 - Acidente sem VITIMA;52;BR-040/RJ;JF;Choque - Objeto Fixo;1;;;;;;;;;;1;;;;
31/10/2021;17:34:00;3918;AC03 - Acidente sem VITIMA;85;BR-040/RJ;JF;Choque - Objeto Fixo;1;;;;;;;;;;1;;;;
31/10/2021;17:36:00;3920;AC03 - Acidente sem VITIMA;93;BR-040/RJ;RJ;Choque - Objeto Fixo;1;;;;;;;;;;1;;;;
31/10/2021;22:08:00;3935;AC02 - Acidente com VITIMA;77;BR-040/RJ;RJ;Choque - Objeto Fixo;1;;;;;;;;;;0;2;;;
31/10/2021;22:50:00;3938;AC03 - Acidente sem VITIMA;820;BR-040/MG;JF;Choque - Objeto Fixo;1;;;;;;;;;;1;;;;
01/11/2021;00:55:00;4;AC03 - Acidente sem VITIMA;113;BR-040/RJ;JF;Choque - Objeto Fixo;1;;;;;;;;;;1;;;;
01/11/2021;02:02:00;7;AC03 - Acidente sem VITIMA;112;BR-040/RJ;JF;Choque - Objeto Fixo;1;;;;;;;;;;1;;;;
01/11/2021;05:40:00;18;AC03 - Acidente sem VITIMA;58;BR-040/RJ;JF;Choque - Objeto Fixo;1;;;;;;;;;;1;;;;
01/11/2021;07:33:00;24;AC03 - Acidente sem VITIMA;92;BR-040/RJ;RJ;Choque - Objeto Fixo;1;;;;;;;;;;1;;;;
01/11/2021;08:01:00;26;AC03 - Acidente sem VITIMA;55;BR-040/RJ;RJ;Choque - Objeto Fixo;1;;;;;;;;;;1;;;;
01/11/2021;09:39:00;36;AC03 - Acidente sem VITIMA;1;BR-040/RJ;JF;Choque - Objeto Fixo;1;;;;;;;;;;1;;;;
01/11/2021;10:09:00;38;AC02 - Acidente com VITIMA;84;BR-040/RJ;RJ;Choque - Objeto Fixo;1;;;;;;;;;;0;3;;;
01/11/2021;13:04:00;57;AC03 - Acidente sem VITIMA;96;BR-040/RJ;RJ;Choque - Objeto Fixo;1;;;;;;;;;;1;;;;
01/11/2021;13:24:00;61;AC03 - Acidente sem VITIMA;788;BR-040/MG;RJ;Choque - Objeto Fixo;1;;;;;;;;;;1;;;;
01/11/2021;13:30:00;65;AC03 - Acidente sem VITIMA;82;BR-040/RJ;JF;Colisão Frontal;1;;1;;;;;;;;2;;;;
01/11/2021;14:25:00;72;AC03 - Acidente sem VITIMA;93;BR-040/RJ;RJ;Choque - Objeto Fixo;1;;;;;;;;;;1;;;;
01/11/2021;15:01:00;76;AC03 - Acidente sem VITIMA;63;BR-040/RJ;RJ;Choque - Objeto Fixo;;;1;;;;;;;;1;;;;
01/11/2021;15:17:00;80;AC02 - Acidente com VITIMA;91;BR-040/RJ;RJ;Saída de Pista;1;;;;;;;;;;0;1;;;
01/11/2021;15:18:00;81;AC03 - Acidente sem VITIMA;823;BR-040/MG;RJ;Choque - Objeto Fixo;1;;;;;;;;;;1;;;;
01/11/2021;15:24:00;82;AC02 - Acidente com VITIMA;43;BR-040/RJ;JF;Choque - Objeto Fixo;1;;;;;;;;;;0;5;;;
01/11/2021;15:29:00;83;AC03 - Acidente sem VITIMA;71;BR-040/RJ;JF;Capotamento;1;;;;;;;;;;1;;;;
01/11/2021;15:30:00;84;AC03 - Acidente sem VITIMA;91;BR-040/RJ;RJ;Saída de Pista;1;;;;;;;;;;1;;;;
01/11/2021;16:00:00;92;AC03 - Acidente sem VITIMA;93;BR-040/RJ;RJ;Choque - Objeto Fixo;1;;;;;;;;;;1;;;;
01/11/2021;16:08:00;93;AC02 - Acidente com VITIMA;793;BR-040/MG;RJ;Capotamento;1;;;;;;;;;;0;;1;;
01/11/2021;16:32:00;99;AC03 - Acidente sem VITIMA;123;BR-040/RJ;JF;Colisão Lateral;1;;1;;;;;;;;2;;;;
01/11/2021;16:35:00;101;AC03 - Acidente sem VITIMA;33;BR-040/RJ;JF;Saída de Pista;1;;;;;;;;;;1;;;;
01/11/2021;16:49:00;102;AC02 - Acidente com VITIMA;84;BR-040/RJ;RJ;Choque - Objeto Fixo;;;1;;;;;;;;0;3;;;
01/11/2021;17:13:00;103;AC02 - Acidente com VITIMA;1;BR-040/RJ;JF;Choque - Objeto Fixo;1;;;;;;;;;;0;2;;;
01/11/2021;17:27:00;105;AC03 - Acidente sem VITIMA;92;BR-040/RJ;JF;Choque - Objeto Fixo;1;;;;;;;;;;1;;;;
01/11/2021;17:47:00;107;AC02 - Acidente com VITIMA;5;BR-040/RJ;JF;Capotamento;1;;;;;;;;;;0;3;;;
01/11/2021;17:20:00;110;AC02 - Acidente com VITIMA;1;BR-040/RJ;JF;Saída de Pista;1;;;;;;;;;;0;3;;;
01/11/2021;19:52:00;122;AC03 - Acidente sem VITIMA;86;BR-040/RJ;RJ;Choque - Objeto Fixo;;;1;;;;;;;;1;;;;
02/11/2021;02:01:00;151;AC03 - Acidente sem VITIMA;102;BR-040/RJ;RJ;Choque - Objeto Fixo;;;1;;;;;;;;1;;;;
02/11/2021;04:59:00;156;AC03 - Acidente sem VITIMA;84;BR-040/RJ;JF;Choque - Objeto Fixo;1;;;;;;;;;;1;;;;
02/11/2021;07:12:00;167;AC03 - Acidente sem VITIMA;93;BR-040/RJ;RJ;Capotamento;1;;;;;;;;;;1;;;;
02/11/2021;10:12:00;185;AC02 - Acidente com VITIMA;90;BR-040/RJ;RJ;Choque - Objeto Fixo;1;;;;;;;;;;0;4;;;
02/11/2021;10:27:00;187;AC02 - Acidente com VITIMA;91;BR-040/RJ;RJ;Choque - Objeto Fixo;1;;;;;;;;;;0;3;;;
02/11/2021;11:18:00;194;AC02 - Acidente com VITIMA;93;BR-040/RJ;RJ;Choque - Objeto Fixo;1;;;;;;;;;;0;1;;;
02/11/2021;11:20:00;195;AC03 - Acidente sem VITIMA;94;BR-040/RJ;RJ;Choque - Objeto Fixo;1;;;;;;;;;;1;;;;
02/11/2021;11:44:00;200;AC03 - Acidente sem VITIMA;90;BR-040/RJ;RJ;Choque - Objeto Fixo;1;;;;;;;;;;1;;;;
02/11/2021;11:48:00;201;AC03 - Acidente sem VITIMA;91;BR-040/RJ;JF;Derrapagem;1;;;;;;;;;;1;;;;
02/11/2021;14:39:00;221;AC03 - Acidente sem VITIMA;74;BR-040/RJ;JF;Choque - Objeto Fixo;1;;;;;;;;;;1;;;;
02/11/2021;19:24:00;267;AC02 - Acidente com VITIMA;99;BR-040/RJ;RJ;Colisão Traseira;2;;;;;;;;;;0;4;;;
02/11/2021;23:36:00;293;AC02 - Acidente com VITIMA;113;BR-040/RJ;RJ;Choque - Objeto Fixo;1;;;;;;;;;;0;2;;;
03/11/2021;01:28:00;300;AC03 - Acidente sem VITIMA;124;BR-040/RJ;RJ;Capotamento;1;;;;;;;;;;1;;;;
03/11/2021;07:07:00;316;AC03 - Acidente sem VITIMA;94;BR-040/RJ;RJ;Choque - Objeto Fixo;1;;;;;;;;;;1;;;;
03/11/2021;08:23:00;325;AC03 - Acidente sem VITIMA;91;BR-040/RJ;JF;Choque - Objeto Fixo;1;;;;;;;;;;1;;;;
03/11/2021;08:26:00;327;AC03 - Acidente sem VITIMA;121;BR-040/RJ;RJ;Colisão Traseira;1;;2;;;;;;;;3;;;;
03/11/2021;08:46:00;330;AC03 - Acidente sem VITIMA;72;BR-040/RJ;JF;Choque - Objeto Fixo;1;;;;;;;;;;1;;;;
03/11/2021;08:46:00;331;AC03 - Acidente sem VITIMA;72;BR-040/RJ;JF;Choque - Objeto Fixo;1;;;;;;;;;;1;;;;
03/11/2021;09:35:00;340;AC03 - Acidente sem VITIMA;82;BR-040/RJ;RJ;Choque - Objeto Fixo;1;;;;;;;;;;1;;;;
03/11/2021;10:07:00;342;AC02 - Acidente com VITIMA;104;BR-040/RJ;JF;Choque - Objeto Fixo;1;;;;;;;;;;0;;1;;
03/11/2021;11:03:00;347;AC02 - Acidente com VITIMA;87;BR-040/RJ;RJ;Choque - Objeto Fixo;1;;;;;;;;;;0;1;;;
03/11/2021;16:20:00;390;AC03 - Acidente sem VITIMA;124;BR-040/RJ;JF;Colisão Traseira;2;;;;;;;;;;2;;;;
03/11/2021;22:39:00;423;AC03 - Acidente sem VITIMA;84;BR-040/RJ;RJ;Choque - Objeto Fixo;1;;;;;;;;;;1;;;;
04/11/2021;05:34:00;435;AC03 - Acidente sem VITIMA;116;BR-040/RJ;RJ;Choque - Objeto Fixo;1;;1;;;;;;;;2;;;;
04/11/2021;06:21:00;437;AC02 - Acidente com VITIMA;823;BR-040/MG;JF;Colisão Traseira;1;;1;;;;;;;;1;1;;;
04/11/2021;06:42:00;439;AC03 - Acidente sem VITIMA;91;BR-040/RJ;JF;Choque - Objeto Fixo;1;;;;;;;;;;1;;;;
04/11/2021;07:50:00;451;AC02 - Acidente com VITIMA;119;BR-040/RJ;RJ;Queda de Moto;;;;1;;;;;;;0;1;;;