data;horario;n_da_ocorrencia;tipo_de_ocorrencia;km;trecho;sentido;tipo_de_acidente;automovel;bicicleta;caminhao;moto;onibus;outros;tracao_animal;transporte_de_cargas_especiais;trator_maquinas;utilitarios;ilesos;levemente_feridos;moderadamente_feridos;gravemente_feridos;mortos
04/11/2021;20:30:00;544;AC03 - Acidente sem VITIMA;114;BR-040/RJ;RJ;Colisão Lateral;2;;;;;;;;;;2;;;;
04/11/2021;22:44:00;551;AC04 - Atropelamento;107;BR-040/RJ;RJ;Colisão Traseira;1;1;;;;;;;;;1;1;;;
05/11/2021;09:20:00;583;AC03 - Acidente sem VITIMA;90;BR-040/RJ;JF;Colisão Lateral;1;;1;;;;;;;;2;;;;
05/11/2021;10:54:00;593;AC02 - Acidente com VITIMA;61;BR-040/RJ;RJ;Queda de Moto;;;;1;;;;;;;0;1;1;;
05/11/2021;12:11:00;605;AC02 - Acidente com VITIMA;51;BR-040/RJ;JF;Capotamento;1;;;;;;;;;;0;;1;;
05/11/2021;13:58:00;614;AC02 - Acidente com VITIMA;116;BR-040/RJ;JF;Colisão Traseira;1;;1;;;;;;;;1;1;;;
05/11/2021;15:35:00;626;AC03 - Acidente sem VITIMA;118;BR-040/RJ;JF;Engavetamento;2;;1;;;;;;;;3;;;;
06/11/2021;05:07:00;693;AC02 - Acidente com VITIMA;116;BR-040/RJ;RJ;Colisão Lateral;1;;1;;;;;;;;0;4;;;
06/11/2021;07:15:00;704;AC03 - Acidente sem VITIMA;105;BR-040/RJ;RJ;Colisão Lateral;2;;;;;;;;;;2;;;;
06/11/2021;10:14:00;723;AC03 - Acidente sem VITIMA;121;BR-040/RJ;RJ;Colisão Lateral;2;;;;;;;;;;2;;;;
06/11/2021;10:15:00;724;AC03 - Acidente sem VITIMA;90;BR-040/RJ;RJ;Queda de Moto;;;;1;;;;;;;1;;;;
06/11/2021;12:26:00;742;AC03 - Acidente sem VITIMA;84;BR-040/RJ;JF;Choque - Objeto Fixo;1;;;;;;;;;;1;;;;
06/11/2021;13:40:00;751;AC03 - Acidente sem VITIMA;113;BR-040/RJ;JF;Colisão Lateral;1;;;;1;;;;;;2;;;;
06/11/2021;14:38:00;760;AC02 - Acidente com VITIMA;114;BR-040/RJ;RJ;Engavetamento;4;;1;;;;;;;;4;;1;;
06/11/2021;16:20:00;774;AC03 - Acidente sem VITIMA;84;BR-040/RJ;RJ;Choque - Objeto Fixo;1;;;;;;;;;;1;;;;
06/11/2021;18:59:00;788;AC02 - Acidente com VITIMA;124;BR-040/RJ;JF;Colisão Traseira;2;;;;;;;;;;1;1;;;
06/11/2021;21:06:00;797;AC02 - Acidente com VITIMA;112;BR-040/RJ;JF;Choque - Objeto Fixo;1;;;;;;;;;;0;5;;;
06/11/2021;22:37:00;802;AC03 - Acidente sem VITIMA;112;BR-040/RJ;JF;Colisão Traseira;2;;;;;;;;;;2;;;;
07/11/2021;04:17:00;820;AC03 - Acidente sem VITIMA;789;BR-040/MG;JF;Saída de Pista;1;;;;;1;;;;;2;;;;
07/11/2021;09:49:00;839;AC02 - Acidente com VITIMA;88;BR-040/RJ;JF;Queda de Moto;;;;1;;;;;;;0;1;;;
07/11/2021;13:01:00;853;AC02 - Acidente com VITIMA;780;BR-040/MG;RJ;Capotamento;1;;;;;;;;;;0;1;;;
07/11/2021;16:04:00;869;AC02 - Acidente com VITIMA;67;BR-040/RJ;JF;Choque - Objeto Fixo;1;;;;;;;;;;0;1;;;
07/11/2021;20:23:00;891;AC02 - Acidente com VITIMA;55;BR-040/RJ;RJ;Colisão Lateral;2;;;;;;;;;;0;3;1;;
07/11/2021;21:33:00;901;AC03 - Acidente sem VITIMA;54;BR-040/RJ;RJ;Choque - Objeto Fixo;1;;;;;;;;;;1;;;;
08/11/2021;09:57:00;963;AC03 - Acidente sem VITIMA;92;BR-040/RJ;RJ;Tombamento;;;1;;;;;;;;1;;;;
08/11/2021;17:10:00;1009;AC03 - Acidente sem VITIMA;122;BR-040/RJ;JF;Colisão Lateral;1;;1;;;;;;;;2;;;;
08/11/2021;20:37:00;1029;AC02 - Acidente com VITIMA;112;BR-040/RJ;JF;Colisão Traseira;1;;1;;;1;;;;;2;1;;;
09/11/2021;15:41:00;1116;AC02 - Acidente com VITIMA;93;BR-040/RJ;RJ;Choque - Objeto Fixo;1;;;;;;;;;;0;1;;;
09/11/2021;15:54:00;1120;AC03 - Acidente sem VITIMA;93;BR-040/RJ;RJ;Choque - Objeto Fixo;1;;;;;;;;;;1;;;;
09/11/2021;16:08:00;1123;AC03 - Acidente sem VITIMA;92;BR-040/RJ;RJ;Choque - Objeto Fixo;1;;;;;;;;;;1;;;;
09/11/2021;17:56:00;1141;AC02 - Acidente com VITIMA;93;BR-040/RJ;RJ;Queda de Moto;;;;1;;;;;;;0;;1;;
09/11/2021;18:41:00;1146;AC03 - Acidente sem VITIMA;100;BR-040/RJ;JF;Choque - Objeto Fixo;1;;;;;;;;;;1;;;;
09/11/2021;19:31:00;1151;AC02 - Acidente com VITIMA;74;BR-040/RJ;JF;Capotamento;1;;;;;;;;;;0;1;;;
09/11/2021;20:58:00;1156;AC03 - Acidente sem VITIMA;90;BR-040/RJ;JF;Choque - Objeto Fixo;1;;;;;;;;;;1;;;;
10/11/2021;05:22:00;1168;AC03 - Acidente sem VITIMA;92;BR-040/RJ;JF;Choque - Objeto Fixo;1;;;;;;;;;;1;;;;
10/11/2021;06:54:00;1176;AC02 - Acidente com VITIMA;120;BR-040/RJ;JF;Choque - Objeto Fixo;2;;;;;;;;;;0;2;;;
10/11/2021;09:08:00;1191;AC03 - Acidente sem VITIMA;91;BR-040/RJ;JF;Choque - Objeto Fixo;1;;;;;;;;;;1;;;;
10/11/2021;09:42:00;1194;AC03 - Acidente sem VITIMA;91;BR-040/RJ;JF;Choque - Objeto Fixo;1;;;;;;;;;;1;;;;
10/11/2021;10:16:00;1202;AC03 - Acidente sem VITIMA;90;BR-040/RJ;JF;Choque - Objeto Fixo;1;;;;;;;;;;1;;;;
10/11/2021;10:27:00;1204;AC03 - Acidente sem VITIMA;111;BR-040/RJ;JF;Colisão Lateral;2;;;;;;;;;;2;;;;
10/11/2021;11:12:00;1209;AC02 - Acidente com VITIMA;120;BR-040/RJ;RJ;Engavetamento;4;;1;;;;;;;;4;;1;;
10/11/2021;15:50:00;1235;AC03 - Acidente sem VITIMA;84;BR-040/RJ;RJ;Choque - Objeto Fixo;1;;;;;;;;;;1;;;;
10/11/2021;16:54:00;1242;AC03 - Acidente sem VITIMA;90;BR-040/RJ;RJ;Choque - Objeto Fixo;1;;;;;;;;;;1;;;;
10/11/2021;21:37:00;1268;AC03 - Acidente sem VITIMA;804;BR-040/MG;RJ;Choque - Objeto Fixo;1;;;;;;;;;;1;;;;
10/11/2021;21:59:00;1270;AC03 - Acidente sem VITIMA;74;BR-040/RJ;JF;Choque - Objeto Fixo;1;;;;;;;;;;1;;;;
10/11/2021;23:18:00;1276;AC03 - Acidente sem VITIMA;113;BR-040/RJ;JF;Choque - Objeto Fixo;1;;;;;;;;;;1;;;;
11/11/2021;08:34:00;1308;AC02 - Acidente com VITIMA;91;BR-040/RJ;RJ;Choque - Objeto Fixo;1;;;;;;;;;;0;;1;;
11/11/2021;09:20:00;1315;AC02 - Acidente com VITIMA;93;BR-040/RJ;RJ;Choque - Objeto Fixo;1;;;;;;;;;;0;;1;;
11/11/2021;09:30:00;1316;AC02 - Acidente com VITIMA;90;BR-040/RJ;RJ;Capotamento;1;;;;;;;;;;0;1;;;
11/11/2021;10:36:00;1318;AC03 - Acidente sem VITIMA;93;BR-040/RJ;RJ;Choque - Objeto Fixo;1;;;;;;;;;;1;;;;
11/11/2021;11:19:00;1325;AC03 - Acidente sem VITIMA;92;BR-040/RJ;RJ;Choque - Objeto Fixo;1;;;;;;;;;;1;;;;
11/11/2021;13:19:00;1332;AC03 - Acidente sem VITIMA;93;BR-040/RJ;RJ;Choque - Objeto Fixo;1;;;;;;;;;;1;;;;
11/11/2021;14:07:00;1336;AC03 - Acidente sem VITIMA;93;BR-040/RJ;RJ;Choque - Objeto Fixo;1;;;;;;;;;;1;;;;
11/11/2021;15:13:00;1343;AC02 - Acidente com VITIMA;97;BR-040/RJ;RJ;Capotamento;1;;;;;;;;;;0;2;;;
11/11/2021;15:23:00;1347;AC02 - Acidente com VITIMA;52;BR-040/RJ;JF;Tombamento;;;1;;;;;;;;0;2;;;
11/11/2021;20:06:00;1372;AC03 - Acidente sem VITIMA;93;BR-040/RJ;RJ;Choque - Objeto Fixo;1;;;;;;;;;;1;;;;
12/11/2021;05:01:00;1400;AC03 - Acidente sem VITIMA;824;BR-040/MG;RJ;Saída de Pista;1;;;;;;;;;;1;;;;
12/11/2021;07:41:00;1422;AC03 - Acidente sem VITIMA;90;BR-040/RJ;RJ;Choque - Objeto Fixo;1;;;;;;;;;;1;;;;
12/11/2021;07:43:00;1424;AC03 - Acidente sem VITIMA;94;BR-040/RJ;RJ;Choque - Objeto Fixo;1;;;;;;;;;;1;;;;
12/11/2021;07:45:00;1425;AC02 - Acidente com VITIMA;113;BR-040/RJ;RJ;Engavetamento;;;1;2;;;;;;;2;1;;;
12/11/2021;07:50:00;1429;AC03 - Acidente sem VITIMA;84;BR-040/RJ;RJ;Choque - Objeto Fixo;1;;;;;;;;;;1;;;;
12/11/2021;08:18:00;1432;AC02 - Acidente com VITIMA;76;BR-040/RJ;RJ;Choque - Objeto Fixo;1;;;;;;;;;;0;1;;;
12/11/2021;09:13:00;1439;AC03 - Acidente sem VITIMA;824;BR-040/MG;RJ;Choque - Objeto Fixo;1;;;;;;;;;;1;;;;
12/11/2021;09:22:00;1441;AC02 - Acidente com VITIMA;78;BR-040/RJ;RJ;Choque - Objeto Fixo;1;;;;;;;;;;0;2;;;
12/11/2021;09:38:00;1442;AC03 - Acidente sem VITIMA;92;BR-040/RJ;RJ;Choque - Objeto Fixo;1;;;;;;;;;;1;;;;
12/11/2021;10:41:00;1452;AC03 - Acidente sem VITIMA;91;BR-040/RJ;JF;Queda de Moto;;;;1;;;;;;;1;;;;
12/11/2021;11:00:00;1455;AC03 - Acidente sem VITIMA;92;BR-040/RJ;RJ;Choque - Objeto Fixo;1;;;;;;;;;;1;;;;
12/11/2021;11:01:00;1456;AC03 - Acidente sem VITIMA;87;BR-040/RJ;JF;Choque - Objeto Fixo;1;;;;;;;;;;1;;;;
12/11/2021;11:30:00;1458;AC03 - Acidente sem VITIMA;77;BR-040/RJ;RJ;Choque - Objeto Fixo;1;;;;;;;;;;1;;;;
12/11/2021;11:48:00;1460;AC03 - Acidente sem VITIMA;78;BR-040/RJ;RJ;Capotamento;1;;;;;;;;;;1;;;;
12/11/2021;12:29:00;1463;AC03 - Acidente sem VITIMA;84;BR-040/RJ;RJ;Choque - Objeto Fixo;1;;;;;;;;;;1;;;;
12/11/2021;12:41:00;1466;AC03 - Acidente sem VITIMA;43;BR-040/RJ;RJ;Choque - Objeto Fixo;1;;;;;;;;;;1;;;;
12/11/2021;12:46:00;1469;AC03 - Acidente sem VITIMA;90;BR-040/RJ;JF;Choque - Objeto Fixo;1;;;;;;;;;;1;;;;
12/11/2021;12:52:00;1472;AC03 - Acidente sem VITIMA;72;BR-040/RJ;JF;Saída de Pista;1;;;;;;;;;;1;;;;
12/11/2021;13:15:00;1478;AC02 - Acidente com VITIMA;72;BR-040/RJ;JF;Derrapagem;2;;;;;2;;;;;0;2;2;;
12/11/2021;13:52:00;1484;AC03 - Acidente sem VITIMA;93;BR-040/RJ;RJ;Choque - Objeto Fixo;1;;;;;;;;;;1;;;;
12/11/2021;14:58:00;1487;AC03 - Acidente sem VITIMA;84;BR-040/RJ;RJ;Choque - Objeto Fixo;1;;;;;;;;;;1;;;;
12/11/2021;15:30:00;1494;AC03 - Acidente sem VITIMA;91;BR-040/RJ;RJ;Choque - Objeto Fixo;1;;;;;;;;;;1;;;;
12/11/2021;15:45:00;1496;AC03 - Acidente sem VITIMA;90;BR-040/RJ;RJ;Saída de Pista;1;;;;;;;;;;1;;;;
12/11/2021;15:51:00;1501;AC03 - Acidente sem VITIMA;90;BR-040/RJ;RJ;Choque - Objeto Fixo;1;;;;;;;;;;1;;;;
12/11/2021;16:47:00;1504;AC03 - Acidente sem VITIMA;93;BR-040/RJ;RJ;Choque - Objeto Fixo;1;;;;;;;;;;1;;;;
12/11/2021;16:51:00;1506;AC03 - Acidente sem VITIMA;93;BR-040/RJ;RJ;Saída de Pista;1;;;;;;;;;;1;;;;
12/11/2021;19:20:00;1524;AC03 - Acidente sem VITIMA;85;BR-040/RJ;RJ;Choque - Objeto Fixo;1;;;;;;;;;;1;;;;
12/11/2021;20:15:00;1532;AC03 - Acidente sem VITIMA;27;BR-040/RJ;JF;Choque - Objeto Fixo;1;;;;;;;;;;1;;;;
12/11/2021;20:37:00;1534;AC03 - Acidente sem VITIMA;84;BR-040/RJ;RJ;Choque - Objeto Fixo;1;;;;;;;;;;1;;;;
12/11/2021;21:12:00;1539;AC03 - Acidente sem VITIMA;87;BR-040/RJ;RJ;Choque - Objeto Fixo;1;;;;;;;;;;1;;;;
12/11/2021;21:25:00;1544;AC03 - Acidente sem VITIMA;91;BR-040/RJ;JF;Saída de Pista;1;;;;;;;;;;1;;;;
12/11/2021;21:47:00;1548;AC03 - Acidente sem VITIMA;91;BR-040/RJ;RJ;Choque - Objeto Fixo;1;;;;;;;;;;1;;;;
13/11/2021;00:51:00;1561;AC03 - Acidente sem VITIMA;113;BR-040/RJ;RJ;Saída de Pista;1;;;;;;;;;;1;;;;
13/11/2021;01:26:00;1563;AC03 - Acidente sem VITIMA;80;BR-040/RJ;JF;Atropelamento - Animal;;;;1;;;;;;;1;;;;
13/11/2021;05:52:00;1581;AC03 - Acidente sem VITIMA;102;BR-040/RJ;JF;Colisão Traseira;2;;;;;;;;;;2;;;;
13/11/2021;16:24:00;1646;AC02 - Acidente com VITIMA;85;BR-040/RJ;JF;Choque - Objeto Fixo;1;;;;;;;;;;0;1;;;
13/11/2021;23:43:00;1691;AC02 - Acidente com VITIMA;121;BR-040/RJ;JF;Colisão Traseira;1;;;1;;;;;;;1;;1;;
14/11/2021;00:11:00;1695;AC03 - Acidente sem VITIMA;808;BR-040/MG;JF;Choque - Objeto Fixo;1;;;;;;;;;;1;;;;
14/11/2021;00:20:00;1696;AC03 - Acidente sem VITIMA;103;BR-040/RJ;JF;Colisão Frontal;1;;;;;1;;;;;2;;;;
14/11/2021;02:00:00;1703;AC02 - Acidente com VITIMA;84;BR-040/RJ;RJ;Capotamento;1;;;;;;;;;;0;2;;;
14/11/2021;04:54:00;1704;AC03 - Acidente sem VITIMA;17;BR-040/RJ;JF;Choque - Objeto Fixo;1;;;;;;;;;;1;;;;
14/11/2021;06:53:00;1709;AC02 - Acidente com VITIMA;63;BR-040/RJ;JF;Choque - Objeto Fixo;1;;;;;;;;;;0;1;;;
14/11/2021;07:16:00;1713;AC03 - Acidente sem VITIMA;810;BR-040/MG;JF;Choque - Objeto Fixo;1;;;;;;;;;;1;;;;
14/11/2021;09:03:00;1723;AC03 - Acidente sem VITIMA;111;BR-040/RJ;RJ;Choque - Objeto Fixo;1;;;;;;;;;;1;;;;
14/11/2021;18:22:00;1770;AC03 - Acidente sem VITIMA;22;BR-040/RJ;JF;Capotamento;1;;;;;;;;;;1;;;;
16/11/2021;08:27:00;1939;AC02 - Acidente com VITIMA;105;BR-040/RJ;JF;Colisão Frontal;1;;;1;;;;;;;1;;1;;
16/11/2021;09:15:00;1948;AC03 - Acidente sem VITIMA;120;BR-040/RJ;RJ;Engavetamento;1;;;;;3;;;;;4;;;;
16/11/2021;15:05:00;1990;AC02 - Acidente com VITIMA;64;BR-040/RJ;RJ;Colisão Lateral;2;;;;;;;;;;0;2;;;
17/11/2021;11:24:00;2091;AC03 - Acidente sem VITIMA;122;BR-040/RJ;RJ;Colisão Lateral;2;;;1;;;;;;;3;;;;
17/11/2021;11:59:00;2097;AC04 - Atropelamento;121;BR-040/RJ;RJ;Atropelamento - Pedestre;;;;1;;1;;;;;0;1;1;;
17/11/2021;17:06:00;2149;AC03 - Acidente sem VITIMA;65;BR-040/RJ;JF;Colisão Traseira;2;;;;;;;;;;2;;;;
17/11/2021;22:43:00;2180;AC03 - Acidente sem VITIMA;91;BR-040/RJ;JF;Saída de Pista;;;1;;;;;;;;1;;;;
18/11/2021;09:45:00;2223;AC01 - Acidente com VITIMA FATAL;109;BR-040/RJ;JF;Colisão Traseira;;1;2;;;;;;;;2;;;;1
18/11/2021;10:08:00;2226;AC01 - Acidente com VITIMA FATAL;82;BR-040/RJ;RJ;Tombamento;;;1;;;;;;;;0;1;;;1
18/11/2021;12:23:00;2234;AC03 - Acidente sem VITIMA;117;BR-040/RJ;RJ;Engavetamento;2;;1;;;;;;;;3;;;;
18/11/2021;13:00:00;2242;AC03 - Acidente sem VITIMA;53;BR-040/RJ;JF;Choque - Objeto Fixo;1;;;;;;;;;;1;;;;
18/11/2021;14:37:00;2249;AC03 - Acidente sem VITIMA;118;BR-040/RJ;JF;Choque - Objeto Fixo;1;;;;;;;;;;1;;;;
18/11/2021;17:18:00;2263;AC03 - Acidente sem VITIMA;93;BR-040/RJ;RJ;Saída de Pista;1;;;;;;;;;;1;;;;
19/11/2021;06:22:00;2306;AC03 - Acidente sem VITIMA;34;BR-040/RJ;JF;Choque - Objeto Fixo;1;;;;;;;;;;1;;;;
19/11/2021;07:15:00;2317;AC03 - Acidente sem VITIMA;72;BR-040/RJ;JF;Choque - Objeto Fixo;1;;;;;;;;;;1;;;;
19/11/2021;07:42:00;2319;AC03 - Acidente sem VITIMA;77;BR-040/RJ;RJ;Colisão Traseira;2;;;;;;;;;;2;;;;
19/11/2021;08:39:00;2326;AC03 - Acidente sem VITIMA;3;BR-040/RJ;RJ;Choque - Objeto Fixo;1;;;;;;;;;;1;;;;
19/11/2021;08:32:00;2328;AC03 - Acidente sem VITIMA;93;BR-040/RJ;RJ;Choque - Objeto Fixo;1;;;;;;;;;;1;;;;
19/11/2021;08:58:00;2329;AC02 - Acidente com VITIMA;119;BR-040/RJ;RJ;Colisão Lateral;1;;;1;;;;;;;1;1;;;
19/11/2021;11:32:00;2337;AC02 - Acidente com VITIMA;1;BR-040/RJ;JF;Choque - Objeto Fixo;1;;;;;;;;;;0;2;;;
19/11/2021;11:44:00;2338;AC03 - Acidente sem VITIMA;90;BR-040/RJ;RJ;Colisão Traseira;2;;;;;;;;;;2;;;;
19/11/2021;12:03:00;2342;AC03 - Acidente sem VITIMA;94;BR-040/RJ;RJ;Choque - Objeto Fixo;1;;;;;;;;;;1;;;;
19/11/2021;13:16:00;2352;AC03 - Acidente sem VITIMA;78;BR-040/RJ;RJ;Saída de Pista;1;;;;;;;;;;1;;;;
19/11/2021;13:55:00;2358;AC03 - Acidente sem VITIMA;93;BR-040/RJ;RJ;Choque - Objeto Fixo;1;;;;;;;;;;1;;;;
19/11/2021;13:56:00;2359;AC03 - Acidente sem VITIMA;75;BR-040/RJ;RJ;Choque - Objeto Fixo;1;;;;;;;;;;1;;;;
19/11/2021;14:40:00;2365;AC03 - Acidente sem VITIMA;84;BR-040/RJ;JF;Choque - Objeto Fixo;1;;;;;;;;;;1;;;;
19/11/2021;14:47:00;2367;AC03 - Acidente sem VITIMA;90;BR-040/RJ;RJ;Saída de Pista;1;;;;;;;;;;1;;;;
19/11/2021;14:58:00;2369;AC02 - Acidente com VITIMA;60;BR-040/RJ;RJ;Choque - Objeto Fixo;2;;;;;;;;;;1;;1;;
19/11/2021;17:47:00;2393;AC03 - Acidente sem VITIMA;90;BR-040/RJ;RJ;Capotamento;1;;;;;;;;;;1;;;;
19/11/2021;18:09:00;2396;AC03 - Acidente sem VITIMA;96;BR-040/RJ;RJ;Choque - Objeto Fixo;1;;;;;;;;;;1;;;;
19/11/2021;20:06:00;2404;AC02 - Acidente com VITIMA;20;BR-040/RJ;RJ;Choque - Objeto Fixo;1;;;;;;;;;;0;1;;;
19/11/2021;23:01:00;2421;AC03 - Acidente sem VITIMA;89;BR-040/RJ;JF;Queda de Moto;;;;1;;;;;;;1;;;;
20/11/2021;00:29:00;2429;AC03 - Acidente sem VITIMA;80;BR-040/RJ;RJ;Choque - Objeto Fixo;1;;;;;;;;;;1;;;;
20/11/2021;02:44:00;2436;AC03 - Acidente sem VITIMA;113;BR-040/RJ;JF;Colisão Traseira;2;;;;;;;;;;2;;;;
20/11/2021;02:56:00;2437;AC03 - Acidente sem VITIMA;90;BR-040/RJ;RJ;Saída de Pista;1;;;;;;;;;;1;;;;
20/11/2021;04:12:00;2441;AC03 - Acidente sem VITIMA;113;BR-040/RJ;JF;Choque - Objeto Fixo;1;;;;;;;;;;1;;;;
20/11/2021;05:21:00;2449;AC03 - Acidente sem VITIMA;93;BR-040/RJ;JF;Choque - Objeto Fixo;1;;;;;;;;;;1;;;;
20/11/2021;08:11:00;2465;AC03 - Acidente sem VITIMA;83;BR-040/RJ;RJ;Choque - Objeto Fixo;1;;;;;;;;;;1;;;;
20/11/2021;08:12:00;2466;AC03 - Acidente sem VITIMA;90;BR-040/RJ;RJ;Choque - Objeto Fixo;1;;;;;;;;;;1;;;;
20/11/2021;08:50:00;2472;AC02 - Acidente com VITIMA;94;BR-040/RJ;RJ;Capotamento;1;;;;;;;;;;0;;;1;
20/11/2021;10:59:00;2487;AC03 - Acidente sem VITIMA;123;BR-040/RJ;JF;Colisão Traseira;1;;1;;;;;;;;2;;;;
20/11/2021;12:12:00;2497;AC03 - Acidente sem VITIMA;93;BR-040/RJ;RJ;Choque - Objeto Fixo;1;;;;;;;;;;1;;;;
20/11/2021;13:32:00;2504;AC03 - Acidente sem VITIMA;122;BR-040/RJ;RJ;Colisão Lateral;1;;;1;;;;;;;2;;;;
20/11/2021;13:51:00;2505;AC02 - Acidente com VITIMA;93;BR-040/RJ;RJ;Capotamento;1;;;;;;;;;;0;1;;;
20/11/2021;14:00:00;2508;AC02 - Acidente com VITIMA;75;BR-040/RJ;RJ;Capotamento;1;;;;;;;;;;0;1;;;
20/11/2021;16:21:00;2522;AC03 - Acidente sem VITIMA;91;BR-040/RJ;JF;Choque - Objeto Fixo;1;;;;;;;;;;1;;;;
20/11/2021;16:46:00;2523;AC03 - Acidente sem VITIMA;91;BR-040/RJ;JF;Saída de Pista;1;;;;;;;;;;1;;;;
20/11/2021;17:24:00;2529;AC03 - Acidente sem VITIMA;94;BR-040/RJ;RJ;Choque - Objeto Fixo;1;;;;;;;;;;1;;;;
20/11/2021;17:25:00;2533;AC03 - Acidente sem VITIMA;93;BR-040/RJ;RJ;Saída de Pista;1;;;;;;;;;;1;;;;
20/11/2021;21:00:00;2548;AC03 - Acidente sem VITIMA;93;BR-040/RJ;RJ;Capotamento;1;;;;;;;;;;1;;;;
20/11/2021;21:33:00;2552;AC02 - Acidente com VITIMA;118;BR-040/RJ;RJ;Colisão Frontal;2;;;;;;;;;;1;1;;;
21/11/2021;01:08:00;2558;AC03 - Acidente sem VITIMA;91;BR-040/RJ;JF;Choque - Objeto Fixo;1;;;;;;;;;;1;;;;
21/11/2021;03:10:00;2561;AC03 - Acidente sem VITIMA;796;BR-040/MG;JF;Saída de Pista;1;;;;;;;;;;1;;;;
21/11/2021;04:56:00;2570;AC03 - Acidente sem VITIMA;780;BR-040/MG;RJ;Choque - Objeto Fixo;1;;;;;;;;;;1;;;;
21/11/2021;07:31:00;2579;AC03 - Acidente sem VITIMA;85;BR-040/RJ;JF;Choque - Objeto Fixo;1;;;;;;;;;;1;;;;
21/11/2021;08:04:00;2583;AC02 - Acidente com VITIMA;90;BR-040/RJ;RJ;Saída de Pista;1;;;;;;;;;;0;1;;;
21/11/2021;08:48:00;2593;AC03 - Acidente sem VITIMA;91;BR-040/RJ;JF;Choque - Objeto Fixo;1;;;;;;;;;;1;;;;
21/11/2021;09:33:00;2597;AC03 - Acidente sem VITIMA;89;BR-040/RJ;RJ;Choque - Objeto Fixo;1;;;;;;;;;;1;;;;
21/11/2021;17:40:00;2655;AC03 - Acidente sem VITIMA;83;BR-040/RJ;JF;Colisão Frontal;1;;;;;1;;;;;2;;;;
22/11/2021;01:59:00;2696;AC02 - Acidente com VITIMA;31;BR-040/RJ;JF;Tombamento;;;;;;1;;;;;0;1;;;
22/11/2021;08:54:00;2726;AC03 - Acidente sem VITIMA;121;BR-040/RJ;RJ;Colisão Lateral;1;;1;;;;;;;;2;;;;
22/11/2021;09:48:00;2737;AC03 - Acidente sem VITIMA;123;BR-040/RJ;RJ;Colisão Lateral;1;;1;;;;;;;;2;;;;
23/11/2021;09:31:00;2871;AC03 - Acidente sem VITIMA;84;BR-040/RJ;RJ;Choque - Objeto Fixo;1;;;;;;;;;;1;;;;
23/11/2021;16:59:00;2928;AC02 - Acidente com VITIMA;112;BR-040/RJ;JF;Colisão Traseira;;;;1;;1;;;;;1;;1;;
24/11/2021;08:49:00;3004;AC02 - Acidente com VITIMA;96;BR-040/RJ;JF;Colisão Lateral;1;;;1;;;;;;;0;2;;;
24/11/2021;16:07:00;3058;AC02 - Acidente com VITIMA;91;BR-040/RJ;RJ;Tombamento;;;1;;;;;;;;0;;1;;
24/11/2021;16:53:00;3068;AC02 - Acidente com VITIMA;117;BR-040/RJ;JF;Choque - Objeto Fixo;2;;;;;;;;;;1;2;;;
25/11/2021;18:53:00;3201;AC03 - Acidente sem VITIMA;109;BR-040/RJ;RJ;Colisão Traseira;1;;1;;;;;;;;2;;;;
26/11/2021;05:29:00;3229;AC03 - Acidente sem VITIMA;94;BR-040/RJ;RJ;Saída de Pista;1;;;;;;;;;;1;;;;
26/11/2021;10:58:00;3272;AC03 - Acidente sem VITIMA;120;BR-040/RJ;JF;Colisão Traseira;2;;;;;;;;;;2;;;;
26/11/2021;17:06:00;3342;AC02 - Acidente com VITIMA;21;BR-040/RJ;JF;Capotamento;1;;;;;;;;;;0;2;3;;
26/11/2021;17:27:00;3344;AC02 - Acidente com VITIMA;78;BR-040/RJ;RJ;Queda de Moto;;;;1;;;;;;;0;1;;;
26/11/2021;17:53:00;3347;AC03 - Acidente sem VITIMA;38;BR-040/RJ;JF;Choque - Objeto Fixo;1;;;;;;;;;;1;;;;
26/11/2021;18:55:00;3356;AC02 - Acidente com VITIMA;122;BR-040/RJ;RJ;Colisão Traseira;2;;;;;;;;;;1;1;1;;
26/11/2021;19:55:00;3362;AC03 - Acidente sem VITIMA;22;BR-040/RJ;JF;Colisão Traseira;1;;;;;1;;;;;2;;;;
26/11/2021;22:01:00;3376;AC03 - Acidente sem VITIMA;91;BR-040/RJ;JF;Choque - Objeto Fixo;1;;;;;;;;;;1;;;;
26/11/2021;21:54:00;3379;AC03 - Acidente sem VITIMA;104;BR-040/RJ;RJ;Saída de Pista;;;;;1;;;;;;1;;;;
27/11/2021;01:12:00;3385;AC02 - Acidente com VITIMA;107;BR-040/RJ;JF;Colisão Traseira;2;;;;;;;;;;1;1;;;
27/11/2021;05:49:00;3396;AC03 - Acidente sem VITIMA;799;BR-040/MG;RJ;Capotamento;1;;;;;;;;;;1;;;;
27/11/2021;16:08:00;3451;AC02 - Acidente com VITIMA;817;BR-040/MG;JF;Saída de Pista;1;;;;;;;;;;0;3;1;;
27/11/2021;20:42:00;3471;AC02 - Acidente com VITIMA;121;BR-040/RJ;JF;Colisão Traseira;1;;;;1;;;;;;1;1;;;
27/11/2021;23:53:00;3489;AC02 - Acidente com VITIMA;103;BR-040/RJ;JF;Queda de Moto;;;;1;;;;;;;0;1;;;
28/11/2021;01:34:00;3493;AC02 - Acidente com VITIMA;120;BR-040/RJ;JF;Colisão Lateral;1;;;1;;;;;;;1;2;;;
28/11/2021;05:14:00;3500;AC03 - Acidente sem VITIMA;118;BR-040/RJ;JF;Colisão Traseira;2;;;;;;;;;;2;;;;
28/11/2021;06:36:00;3502;AC03 - Acidente sem VITIMA;119;BR-040/RJ;RJ;Choque - Objeto Fixo;1;;;;;;;;;;1;;;;