data;horario;n_da_ocorrencia;tipo_de_ocorrencia;km;trecho;sentido;tipo_de_acidente;automovel;bicicleta;caminhao;moto;onibus;outros;tracao_animal;transporte_de_cargas_especiais;trator_maquinas;utilitarios;ilesos;levemente_feridos;moderadamente_feridos;gravemente_feridos;mortos
17/12/2021;14:22:00;2199;AC02 - Acidente com VITIMA;89;BR-040/RJ;RJ;Tombamento;1;;1;;;;;;;;0;4;;;
17/12/2021;14:27:00;2200;AC02 - Acidente com VITIMA;100;BR-040/RJ;JF;Choque - Objeto Fixo;1;;;;;;;;;;0;3;;;
17/12/2021;15:10:00;2203;AC03 - Acidente sem VITIMA;93;BR-040/RJ;RJ;Choque - Objeto Fixo;1;;;;;;;;;;1;;;;
17/12/2021;16:08:00;2218;AC03 - Acidente sem VITIMA;804;BR-040/MG;RJ;Colisão Traseira;1;;1;;;;;;;;2;;;;
17/12/2021;17:44:00;2235;AC02 - Acidente com VITIMA;86;BR-040/RJ;JF;Choque - Objeto Fixo;1;;;;;;;;;;0;3;;;
17/12/2021;18:46:00;2245;AC03 - Acidente sem VITIMA;76;BR-040/RJ;RJ;Choque - Objeto Fixo;1;;;;;;;;;;1;;;;
17/12/2021;19:38:00;2251;AC02 - Acidente com VITIMA;20;BR-040/RJ;JF;Choque - Objeto Fixo;1;;;;;;;;;;0;1;;;
17/12/2021;21:56:00;2271;AC03 - Acidente sem VITIMA;91;BR-040/RJ;JF;Saída de Pista;;;;;1;;;;;;1;;;;
18/12/2021;05:20:00;2311;AC03 - Acidente sem VITIMA;22;BR-040/RJ;JF;Choque - Objeto Fixo;1;;;;;;;;;;1;;;;
18/12/2021;05:40:00;2312;AC03 - Acidente sem VITIMA;97;BR-040/RJ;JF;Choque - Objeto Fixo;1;;;;;;;;;;1;;;;
18/12/2021;07:13:00;2320;AC03 - Acidente sem VITIMA;80;BR-040/RJ;RJ;Choque - Objeto Fixo;1;;;;;;;;;;1;;;;
18/12/2021;07:48:00;2325;AC03 - Acidente sem VITIMA;81;BR-040/RJ;RJ;Choque - Objeto Fixo;1;;;;;;;;;;1;;;;
18/12/2021;09:34:00;2339;AC02 - Acidente com VITIMA;85;BR-040/RJ;JF;Choque - Objeto Fixo;1;;;;;;;;;;1;1;;;
18/12/2021;09:40:00;2340;AC03 - Acidente sem VITIMA;94;BR-040/RJ;RJ;Choque - Objeto Fixo;1;;;;;;;;;;1;;;;
18/12/2021;13:07:00;2366;AC03 - Acidente sem VITIMA;92;BR-040/RJ;RJ;Choque - Objeto Fixo;1;;;;;;;;;;1;;;;
18/12/2021;13:34:00;2370;AC03 - Acidente sem VITIMA;94;BR-040/RJ;RJ;Choque - Objeto Fixo;1;;;;;;;;;;1;;;;
18/12/2021;13:34:00;2372;AC03 - Acidente sem VITIMA;88;BR-040/RJ;JF;Choque - Objeto Fixo;1;;;;;;;;;;1;;;;
18/12/2021;16:19:00;2393;AC03 - Acidente sem VITIMA;102;BR-040/RJ;RJ;Colisão Traseira;1;;;;;1;;;;;2;;;;
18/12/2021;16:25:00;2394;AC03 - Acidente sem VITIMA;91;BR-040/RJ;RJ;Choque - Objeto Fixo;1;;;;;;;;;;1;;;;
18/12/2021;16:32:00;2396;AC02 - Acidente com VITIMA;91;BR-040/RJ;RJ;Choque - Objeto Fixo;1;;;;;;;;;;0;3;;;
18/12/2021;16:50:00;2400;AC03 - Acidente sem VITIMA;85;BR-040/RJ;JF;Choque - Objeto Fixo;1;;;;;;;;;;1;;;;
18/12/2021;17:07:00;2402;AC02 - Acidente com VITIMA;21;BR-040/RJ;JF;Colisão Lateral;1;1;;;;;;;;;1;1;;;
18/12/2021;17:36:00;2404;AC03 - Acidente sem VITIMA;55;BR-040/RJ;RJ;Choque - Objeto Fixo;1;;;;;;;;;;1;;;;
18/12/2021;20:36:00;2429;AC03 - Acidente sem VITIMA;111;BR-040/RJ;JF;Colisão Lateral;1;;;;;;;;;;1;;;;
18/12/2021;20:48:00;2430;AC02 - Acidente com VITIMA;90;BR-040/RJ;RJ;Capotamento;1;;;;;;;;;;0;2;;;
18/12/2021;23:18:00;2443;AC03 - Acidente sem VITIMA;92;BR-040/RJ;JF;Choque - Objeto Fixo;1;;;;;;;;;;1;;;;
19/12/2021;00:47:00;2451;AC02 - Acidente com VITIMA;83;BR-040/RJ;RJ;Capotamento;1;;;;;;;;;;0;3;;;
19/12/2021;09:26:00;2489;AC03 - Acidente sem VITIMA;94;BR-040/RJ;RJ;Choque - Objeto Fixo;1;;;;;;;;;;1;;;;
19/12/2021;12:24:00;2511;AC02 - Acidente com VITIMA;93;BR-040/RJ;RJ;Capotamento;1;;;;;;;;;;0;4;;;
19/12/2021;12:59:00;2516;AC03 - Acidente sem VITIMA;91;BR-040/RJ;JF;Choque - Objeto Fixo;1;;;;;;;;;;1;;;;
19/12/2021;13:04:00;2518;AC02 - Acidente com VITIMA;92;BR-040/RJ;RJ;Choque - Objeto Fixo;1;;;;;;;;;;0;2;;;
19/12/2021;13:22:00;2520;AC02 - Acidente com VITIMA;92;BR-040/RJ;RJ;Choque - Objeto Fixo;1;;;;;;;;;;0;1;;;
19/12/2021;13:41:00;2522;AC02 - Acidente com VITIMA;113;BR-040/RJ;RJ;Queda de Moto;;;;1;;;;;;;0;1;1;;
19/12/2021;14:15:00;2528;AC02 - Acidente com VITIMA;91;BR-040/RJ;RJ;Saída de Pista;1;;;;;;;;;;1;2;;;
19/12/2021;15:03:00;2536;AC02 - Acidente com VITIMA;85;BR-040/RJ;JF;Tombamento;1;;;;;;;;;;0;4;;;
19/12/2021;17:12:00;2557;AC03 - Acidente sem VITIMA;94;BR-040/RJ;JF;Choque - Objeto Fixo;1;;;;;;;;;;1;;;;
19/12/2021;17:26:00;2559;AC03 - Acidente sem VITIMA;117;BR-040/RJ;RJ;Choque - Objeto Fixo;1;;;;;;;;;;1;;;;
19/12/2021;18:57:00;2570;AC03 - Acidente sem VITIMA;89;BR-040/RJ;RJ;Choque - Objeto Fixo;1;;;;;;;;;;1;;;;
20/12/2021;01:30:00;2600;AC02 - Acidente com VITIMA;101;BR-040/RJ;RJ;Queda de Moto;;;;1;;;;;;;0;1;;;
20/12/2021;05:35:00;2608;AC02 - Acidente com VITIMA;800;BR-040/MG;RJ;Choque - Objeto Fixo;1;;;;;;;;;;0;1;1;2;
20/12/2021;11:48:00;2657;AC03 - Acidente sem VITIMA;91;BR-040/RJ;JF;Engavetamento;3;;;;;;;;;;3;;;;
20/12/2021;16:29:00;2703;AC03 - Acidente sem VITIMA;89;BR-040/RJ;JF;Colisão Traseira;1;;1;;;;;;;;2;;;;
20/12/2021;17:36:00;2717;AC03 - Acidente sem VITIMA;93;BR-040/RJ;JF;Choque - Objeto Fixo;1;;;;;;;;;;1;;;;
20/12/2021;18:06:00;2723;AC03 - Acidente sem VITIMA;83;BR-040/RJ;JF;Choque - Objeto Fixo;1;;;;;;;;;;1;;;;
20/12/2021;21:12:00;2752;AC02 - Acidente com VITIMA;117;BR-040/RJ;JF;Choque - Objeto Fixo;1;;;;;;;;;;0;2;1;;
21/12/2021;12:20:00;2832;AC03 - Acidente sem VITIMA;117;BR-040/RJ;JF;Colisão Traseira;3;;;;;;;;;;3;;;;
21/12/2021;14:34:00;2855;AC03 - Acidente sem VITIMA;62;BR-040/RJ;RJ;Choque - Objeto Fixo;1;;;;;;;;;;1;;;;
21/12/2021;17:09:00;2878;AC03 - Acidente sem VITIMA;84;BR-040/RJ;RJ;Choque - Objeto Fixo;1;;;;;;;;;;1;;;;
21/12/2021;17:52:00;2890;AC02 - Acidente com VITIMA;104;BR-040/RJ;JF;Colisão Traseira;;1;;;;1;;;;;1;1;;;
22/12/2021;09:58:00;2961;AC02 - Acidente com VITIMA;119;BR-040/RJ;RJ;Colisão Traseira;1;;;1;;;;;;;1;1;;;
22/12/2021;12:12:00;2982;AC03 - Acidente sem VITIMA;5;BR-040/RJ;JF;Choque - Objeto Fixo;1;;;;;;;;;;1;;;;
22/12/2021;18:50:00;3063;AC03 - Acidente sem VITIMA;84;BR-040/RJ;RJ;Queda de Moto;1;;;;;;;;;;1;;;;
22/12/2021;20:25:00;3078;AC03 - Acidente sem VITIMA;112;BR-040/RJ;JF;Colisão Traseira;2;;;;;;;;;;2;;;;
22/12/2021;20:45:00;3084;AC03 - Acidente sem VITIMA;84;BR-040/RJ;RJ;Choque - Objeto Fixo;1;;;;;;;;;;1;;;;
23/12/2021;05:52:00;3129;AC03 - Acidente sem VITIMA;90;BR-040/RJ;RJ;Derrapagem;1;;;;;;;;;;1;;;;
23/12/2021;07:00:00;3136;AC03 - Acidente sem VITIMA;92;BR-040/RJ;RJ;Choque - Objeto Fixo;1;;;;;;;;;;1;;;;
23/12/2021;07:12:00;3140;AC03 - Acidente sem VITIMA;120;BR-040/RJ;RJ;Colisão Traseira;1;;;1;;;;;;;2;;;;
23/12/2021;07:15:00;3141;AC03 - Acidente sem VITIMA;91;BR-040/RJ;JF;Choque - Objeto Fixo;1;;;;;;;;;;1;;;;
23/12/2021;08:56:00;3159;AC03 - Acidente sem VITIMA;91;BR-040/RJ;RJ;Choque - Objeto Fixo;1;;;;;;;;;;1;;;;
23/12/2021;09:36:00;3168;AC03 - Acidente sem VITIMA;94;BR-040/RJ;RJ;Choque - Objeto Fixo;1;;;;;;;;;;1;;;;
23/12/2021;10:29:00;3177;AC02 - Acidente com VITIMA;96;BR-040/RJ;RJ;Colisão Traseira;1;;1;;;;;;;;1;1;;;
23/12/2021;11:45:00;3191;AC03 - Acidente sem VITIMA;92;BR-040/RJ;RJ;Choque - Objeto Fixo;1;;;;;;;;;;1;;;;
23/12/2021;12:14:00;3194;AC03 - Acidente sem VITIMA;91;BR-040/RJ;RJ;Choque - Objeto Fixo;1;;;;;;;;;;1;;;;
23/12/2021;12:19:00;3197;AC03 - Acidente sem VITIMA;93;BR-040/RJ;RJ;Choque - Objeto Fixo;1;;;;;;;;;;1;;;;
23/12/2021;12:29:00;3202;AC02 - Acidente com VITIMA;123;BR-040/RJ;RJ;Colisão Traseira;1;;;1;;;;;;;1;1;;;
23/12/2021;12:56:00;3204;AC03 - Acidente sem VITIMA;90;BR-040/RJ;RJ;Choque - Objeto Fixo;1;;;;;;;;;;1;;;;
23/12/2021;13:41:00;3208;AC03 - Acidente sem VITIMA;92;BR-040/RJ;RJ;Choque - Objeto Fixo;1;;;;;;;;;;1;;;;
23/12/2021;13:35:00;3209;AC03 - Acidente sem VITIMA;90;BR-040/RJ;JF;Choque - Objeto Fixo;1;;;;;;;;;;1;;;;
23/12/2021;14:00:00;3210;AC03 - Acidente sem VITIMA;84;BR-040/RJ;RJ;Choque - Objeto Fixo;1;;;;;;;;;;1;;;;
23/12/2021;15:38:00;3218;AC03 - Acidente sem VITIMA;90;BR-040/RJ;RJ;Engavetamento;4;;;;;;;;;;4;;;;
23/12/2021;16:08:00;3220;AC03 - Acidente sem VITIMA;82;BR-040/RJ;RJ;Choque - Objeto Fixo;1;;;;;;;;;;1;;;;
23/12/2021;16:25:00;3224;AC03 - Acidente sem VITIMA;91;BR-040/RJ;RJ;Choque - Objeto Fixo;1;;;;;;;;;;1;;;;
23/12/2021;17:24:00;3230;AC02 - Acidente com VITIMA;93;BR-040/RJ;RJ;Capotamento;1;;;;;;;;;;0;2;;;
23/12/2021;17:28:00;3232;AC02 - Acidente com VITIMA;65;BR-040/RJ;RJ;Atropelamento - Pedestre;1;;;;;1;;;;;0;1;1;;
23/12/2021;18:00:00;3235;AC02 - Acidente com VITIMA;68;BR-040/RJ;JF;Choque - Objeto Fixo;1;;;;;;;;;;0;1;;;
23/12/2021;18:09:00;3237;AC03 - Acidente sem VITIMA;84;BR-040/RJ;RJ;Choque - Objeto Fixo;1;;;;;;;;;;1;;;;
23/12/2021;20:25:00;3253;AC03 - Acidente sem VITIMA;94;BR-040/RJ;RJ;Choque - Objeto Fixo;1;;;;;;;;;;1;;;;
23/12/2021;21:21:00;3257;AC03 - Acidente sem VITIMA;94;BR-040/RJ;RJ;Choque - Objeto Fixo;1;;;;;;;;;;1;;;;
23/12/2021;22:45:00;3265;AC03 - Acidente sem VITIMA;78;BR-040/RJ;RJ;Choque - Objeto Fixo;1;;;;;;;;;;1;;;;
24/12/2021;00:43:00;3273;AC03 - Acidente sem VITIMA;115;BR-040/RJ;JF;Choque - Objeto Fixo;1;;;;;;;;;;1;;;;
24/12/2021;00:44:00;3274;AC03 - Acidente sem VITIMA;91;BR-040/RJ;JF;Choque - Objeto Fixo;1;;;;;;;;;;1;;;;
24/12/2021;03:11:00;3280;AC03 - Acidente sem VITIMA;93;BR-040/RJ;JF;Choque - Objeto Fixo;1;;;;;;;;;;1;;;;
24/12/2021;06:31:00;3295;AC03 - Acidente sem VITIMA;96;BR-040/RJ;RJ;Choque - Objeto Fixo;1;;;;;;;;;;1;;;;
24/12/2021;07:32:00;3306;AC03 - Acidente sem VITIMA;87;BR-040/RJ;JF;Choque - Objeto Fixo;1;;;;;;;;;;1;;;;
24/12/2021;07:40:00;3309;AC03 - Acidente sem VITIMA;92;BR-040/RJ;JF;Choque - Objeto Fixo;1;;;;;;;;;;1;;;;
24/12/2021;07:45:00;3313;AC03 - Acidente sem VITIMA;91;BR-040/RJ;JF;Choque - Objeto Fixo;1;;;;;;;;;;1;;;;
24/12/2021;08:13:00;3317;AC03 - Acidente sem VITIMA;92;BR-040/RJ;RJ;Choque - Objeto Fixo;1;;;;;;;;;;1;;;;
24/12/2021;09:12:00;3327;AC03 - Acidente sem VITIMA;86;BR-040/RJ;RJ;Choque - Objeto Fixo;1;;;;;;;;;;1;;;;
24/12/2021;10:33:00;3343;AC03 - Acidente sem VITIMA;78;BR-040/RJ;RJ;Choque - Objeto Fixo;1;;;;;;;;;;1;;;;
24/12/2021;17:34:00;3388;AC03 - Acidente sem VITIMA;113;BR-040/RJ;RJ;Choque - Objeto Fixo;1;;;;;;;;;;1;;;;
24/12/2021;18:12:00;3390;AC03 - Acidente sem VITIMA;94;BR-040/RJ;RJ;Choque - Objeto Fixo;1;;;;;;;;;;1;;;;
24/12/2021;18:37:00;3394;AC03 - Acidente sem VITIMA;92;BR-040/RJ;RJ;Choque - Objeto Fixo;1;;;;;;;;;;1;;;;
24/12/2021;19:01:00;3397;AC03 - Acidente sem VITIMA;93;BR-040/RJ;RJ;Choque - Objeto Fixo;1;;;;;;;;;;1;;;;
24/12/2021;23:18:00;3413;AC03 - Acidente sem VITIMA;93;BR-040/RJ;RJ;Saída de Pista;1;;;;;;;;;;1;;;;
25/12/2021;01:14:00;3423;AC02 - Acidente com VITIMA;61;BR-040/RJ;RJ;Saída de Pista;1;;;;;;;;;;0;;1;;
25/12/2021;10:11:00;3445;AC02 - Acidente com VITIMA;97;BR-040/RJ;JF;Queda de Moto;;;;1;;;;;;;0;1;;;
25/12/2021;14:16:00;3464;AC02 - Acidente com VITIMA;17;BR-040/RJ;RJ;Queda de Moto;;;;1;;;;;;;0;1;1;;
26/12/2021;02:00:00;3518;AC03 - Acidente sem VITIMA;90;BR-040/RJ;RJ;Saída de Pista;1;;;;;;;;;;1;;;;
26/12/2021;06:17:00;3520;AC03 - Acidente sem VITIMA;117;BR-040/RJ;JF;Capotamento;1;;;;;1;;;;;2;;;;
26/12/2021;06:44:00;3522;AC02 - Acidente com VITIMA;102;BR-040/RJ;JF;Choque - Objeto Fixo;1;;;;;;;;;;0;1;;;
26/12/2021;12:05:00;3559;AC02 - Acidente com VITIMA;122;BR-040/RJ;JF;Colisão Traseira;2;;;;;;;;;;0;2;1;;
26/12/2021;12:16:00;3560;AC02 - Acidente com VITIMA;84;BR-040/RJ;RJ;Colisão Traseira;1;;1;;;;;;;;0;3;;;
26/12/2021;12:21:00;3564;AC03 - Acidente sem VITIMA;84;BR-040/RJ;RJ;Colisão Traseira;2;;;;;;;;;;2;;;;
26/12/2021;14:48:00;3579;AC03 - Acidente sem VITIMA;96;BR-040/RJ;JF;Choque - Objeto Fixo;1;;;;;;;;;;1;;;;
26/12/2021;18:54:00;3630;AC02 - Acidente com VITIMA;115;BR-040/RJ;RJ;Queda de Moto;;;;1;;;;;;;0;2;;;
26/12/2021;23:00:00;3658;AC03 - Acidente sem VITIMA;106;BR-040/RJ;RJ;Choque - Objeto Fixo;1;;;;;;;;;;1;;;;
27/12/2021;07:18:00;3685;AC02 - Acidente com VITIMA;92;BR-040/RJ;RJ;Tombamento;;;1;;;;;;;;0;2;;;
27/12/2021;07:35:00;3689;AC02 - Acidente com VITIMA;100;BR-040/RJ;JF;Queda de Moto;;;;1;;;;;;;0;1;;;
27/12/2021;10:10:00;3702;AC02 - Acidente com VITIMA;117;BR-040/RJ;RJ;Queda de Moto;;;;1;;;;;;;0;;1;;
27/12/2021;10:29:00;3705;AC02 - Acidente com VITIMA;117;BR-040/RJ;RJ;Colisão Lateral;1;;;1;;;;;;;1;1;;;
27/12/2021;15:24:00;3749;AC03 - Acidente sem VITIMA;85;BR-040/RJ;JF;Colisão Lateral;;;1;;;;;;;1;2;;;;
27/12/2021;15:42:00;3751;AC03 - Acidente sem VITIMA;93;BR-040/RJ;RJ;Choque - Objeto Fixo;1;;;;;;;;;;1;;;;
27/12/2021;16:07:00;3754;AC03 - Acidente sem VITIMA;89;BR-040/RJ;RJ;Choque - Objeto Fixo;1;;;;;;;;;;1;;;;
27/12/2021;15:59:00;3755;AC03 - Acidente sem VITIMA;91;BR-040/RJ;RJ;Choque - Objeto Fixo;1;;;;;;;;;;1;;;;
27/12/2021;16:54:00;3757;AC03 - Acidente sem VITIMA;82;BR-040/RJ;RJ;Choque - Objeto Fixo;1;;;;;;;;;;1;;;;
27/12/2021;16:35:00;3760;AC03 - Acidente sem VITIMA;53;BR-040/RJ;RJ;Choque - Objeto Fixo;1;;;;;;;;;;1;;;;
27/12/2021;16:40:00;3761;AC03 - Acidente sem VITIMA;122;BR-040/RJ;JF;Colisão Traseira;2;;;;;;;;;;2;;;;
27/12/2021;17:32:00;3762;AC03 - Acidente sem VITIMA;84;BR-040/RJ;RJ;Choque - Objeto Fixo;1;;;;;;;;;;1;;;;
27/12/2021;17:34:00;3763;AC02 - Acidente com VITIMA;91;BR-040/RJ;RJ;Saída de Pista;1;;;;;;;;;;0;1;;;
27/12/2021;17:47:00;3765;AC02 - Acidente com VITIMA;91;BR-040/RJ;RJ;Capotamento;1;;;;;;;;;;0;3;;;
27/12/2021;17:50:00;3766;AC03 - Acidente sem VITIMA;25;BR-040/RJ;JF;Choque - Objeto Fixo;1;;;;;;;;;;1;;;;
27/12/2021;18:01:00;3770;AC03 - Acidente sem VITIMA;94;BR-040/RJ;RJ;Choque - Objeto Fixo;1;;;;;;;;;;1;;;;
27/12/2021;18:20:00;3772;AC02 - Acidente com VITIMA;78;BR-040/RJ;RJ;Choque - Objeto Fixo;1;;;;;;;;;;0;2;;;
27/12/2021;19:20:00;3778;AC03 - Acidente sem VITIMA;2;BR-040/RJ;RJ;Choque - Objeto Fixo;1;;;;;;;;;;1;;;;
28/12/2021;06:47:00;3811;AC03 - Acidente sem VITIMA;84;BR-040/RJ;RJ;Choque - Objeto Fixo;1;;;;;;;;;;1;;;;
28/12/2021;08:15:00;3819;AC03 - Acidente sem VITIMA;123;BR-040/RJ;RJ;Colisão Traseira;;;1;1;;;;;;;2;;;;
28/12/2021;08:15:00;3820;AC03 - Acidente sem VITIMA;104;BR-040/RJ;JF;Colisão Transversal;1;;;1;;;;;;;2;;;;
28/12/2021;14:30:00;3869;AC03 - Acidente sem VITIMA;79;BR-040/RJ;RJ;Colisão Transversal;1;;;;;;;;;;1;;;;
28/12/2021;18:38:00;3903;AC02 - Acidente com VITIMA;120;BR-040/RJ;RJ;Colisão Lateral;;;1;1;;;;;;;1;1;;;
28/12/2021;19:04:00;3904;AC03 - Acidente sem VITIMA;109;BR-040/RJ;JF;Colisão Traseira;2;;;;;;;;;;2;;;;
28/12/2021;21:55:00;3922;AC02 - Acidente com VITIMA;85;BR-040/RJ;RJ;Choque - Objeto Fixo;1;;;;;;;;;;0;1;;;
29/12/2021;01:19:00;3929;AC03 - Acidente sem VITIMA;95;BR-040/RJ;RJ;Saída de Pista;;;1;;;;;;;;1;;;;
29/12/2021;09:27:00;3962;AC03 - Acidente sem VITIMA;109;BR-040/RJ;RJ;Colisão Traseira;2;;;;;;;;;;2;;;;
29/12/2021;11:04:00;3981;AC03 - Acidente sem VITIMA;99;BR-040/RJ;JF;Colisão Lateral;;;1;;1;;;;;;2;;;;
29/12/2021;11:09:00;3984;AC03 - Acidente sem VITIMA;63;BR-040/RJ;RJ;Choque - Objeto Fixo;1;;;;;;;;;;1;;;;
29/12/2021;11:23:00;3990;AC03 - Acidente sem VITIMA;123;BR-040/RJ;JF;Engavetamento;5;;;;;;;;;;5;;;;
29/12/2021;13:31:00;4003;AC03 - Acidente sem VITIMA;63;BR-040/RJ;JF;Choque - Objeto Fixo;1;;;;;;;;;;1;;;;
29/12/2021;15:07:00;4019;AC03 - Acidente sem VITIMA;75;BR-040/RJ;RJ;Choque - Objeto Fixo;1;;;;;;;;;;1;;;;
29/12/2021;15:30:00;4024;AC02 - Acidente com VITIMA;110;BR-040/RJ;JF;Engavetamento;1;;;;1;1;;;;;1;4;;;
29/12/2021;18:10:00;4041;AC03 - Acidente sem VITIMA;84;BR-040/RJ;RJ;Choque - Objeto Fixo;1;;;;;;;;;;1;;;;
29/12/2021;19:22:00;4049;AC02 - Acidente com VITIMA;104;BR-040/RJ;RJ;Colisão Traseira;;;;1;1;;;;;;1;;1;;
29/12/2021;20:04:00;4056;AC03 - Acidente sem VITIMA;111;BR-040/RJ;RJ;Colisão Traseira;1;;;;;1;;;;;2;;;;
30/12/2021;08:21:00;4097;AC03 - Acidente sem VITIMA;121;BR-040/RJ;JF;Colisão Lateral;1;;1;;;;;;;;2;;;;
30/12/2021;12:56:00;4136;AC03 - Acidente sem VITIMA;805;BR-040/MG;JF;Saída de Pista;1;;;;;;;;;;1;;;;
30/12/2021;13:56:00;4146;AC03 - Acidente sem VITIMA;87;BR-040/RJ;RJ;Saída de Pista;1;;;;;;;;;;1;;;;
30/12/2021;14:27:00;4149;AC03 - Acidente sem VITIMA;799;BR-040/MG;RJ;Choque - Objeto Fixo;1;;;;;;;;;;1;;;;
30/12/2021;14:30:00;4150;AC03 - Acidente sem VITIMA;73;BR-040/RJ;JF;Choque - Objeto Fixo;1;;;;;;;;;;1;;;;
30/12/2021;14:41:00;4152;AC02 - Acidente com VITIMA;93;BR-040/RJ;RJ;Capotamento;1;;;;;;;;;;0;1;;;
30/12/2021;14:27:00;4154;AC03 - Acidente sem VITIMA;799;BR-040/MG;RJ;Choque - Objeto Fixo;1;;;;;;;;;;1;;;;
30/12/2021;14:47:00;4156;AC03 - Acidente sem VITIMA;85;BR-040/RJ;JF;Choque - Objeto Fixo;1;;;;;;;;;;1;;;;
30/12/2021;15:37:00;4160;AC03 - Acidente sem VITIMA;92;BR-040/RJ;RJ;Choque - Objeto Fixo;1;;;;;;;;;;1;;;;
30/12/2021;15:44:00;4162;AC03 - Acidente sem VITIMA;87;BR-040/RJ;RJ;Choque - Objeto Fixo;1;;;;;;;;;;1;;;;
30/12/2021;16:36:00;4169;AC02 - Acidente com VITIMA;806;BR-040/MG;RJ;Colisão Traseira;;;2;;;;;;;;1;3;;;
30/12/2021;16:17:00;4170;AC03 - Acidente sem VITIMA;91;BR-040/RJ;JF;Choque - Objeto Fixo;1;;;;;;;;;;1;;;;
30/12/2021;17:27:00;4178;AC03 - Acidente sem VITIMA;75;BR-040/RJ;RJ;Choque - Objeto Fixo;1;;;;;;;;;;1;;;;
30/12/2021;17:37:00;4181;AC03 - Acidente sem VITIMA;96;BR-040/RJ;RJ;Choque - Objeto Fixo;1;;;;;;;;;;1;;;;
30/12/2021;18:08:00;4187;AC03 - Acidente sem VITIMA;823;BR-040/MG;RJ;Choque - Objeto Fixo;1;;;;;;;;;;1;;;;
30/12/2021;18:22:00;4188;AC03 - Acidente sem VITIMA;92;BR-040/RJ;RJ;Saída de Pista;1;;;;;;;;;;1;;;;
30/12/2021;19:33:00;4202;AC03 - Acidente sem VITIMA;77;BR-040/RJ;RJ;Choque - Objeto Fixo;1;;;;;;;;;;1;;;;
30/12/2021;18:39:00;4204;AC03 - Acidente sem VITIMA;37;BR-040/RJ;JF;Choque - Objeto Fixo;1;;;;;;;;;;1;;;;
30/12/2021;20:01:00;4206;AC02 - Acidente com VITIMA;77;BR-040/RJ;RJ;Capotamento;1;;;;;;;;;;0;2;;;
30/12/2021;20:15:00;4207;AC03 - Acidente sem VITIMA;789;BR-040/MG;JF;Colisão Lateral;2;;;;;;;;;;2;;;;
30/12/2021;20:29:00;4208;AC03 - Acidente sem VITIMA;88;BR-040/RJ;JF;Choque - Objeto Fixo;1;;;;;;;;;;1;;;;
30/12/2021;21:04:00;4211;AC03 - Acidente sem VITIMA;80;BR-040/RJ;RJ;Choque - Objeto Fixo;1;;;;;;;;;;1;;;;
30/12/2021;21:05:00;4212;AC02 - Acidente com VITIMA;61;BR-040/RJ;RJ;Colisão Traseira;2;;;;;;;;;;1;2;;;
31/12/2021;02:05:00;4231;AC03 - Acidente sem VITIMA;113;BR-040/RJ;RJ;Choque - Objeto Fixo;1;;;;;;;;;;1;;;;
31/12/2021;04:15:00;4238;AC03 - Acidente sem VITIMA;93;BR-040/RJ;RJ;Choque - Objeto Fixo;1;;;;;;;;;;1;;;;
31/12/2021;04:18:00;4239;AC03 - Acidente sem VITIMA;84;BR-040/RJ;RJ;Choque - Objeto Fixo;1;;;;;;;;;;1;;;;
31/12/2021;05:17:00;4242;AC03 - Acidente sem VITIMA;77;BR-040/RJ;RJ;Choque - Objeto Fixo;1;;;;;;;;;;1;;;;
31/12/2021;04:57:00;4244;AC03 - Acidente sem VITIMA;93;BR-040/RJ;RJ;Choque - Objeto Fixo;1;;;;;;;;;;1;;;;
31/12/2021;06:02:00;4246;AC03 - Acidente sem VITIMA;91;BR-040/RJ;JF;Choque - Objeto Fixo;1;;;;;;;;;;1;;;;
31/12/2021;06:09:00;4247;AC03 - Acidente sem VITIMA;77;BR-040/RJ;RJ;Choque - Objeto Fixo;1;;;;;;;;;;1;;;;
31/12/2021;06:29:00;4249;AC02 - Acidente com VITIMA;32;BR-040/RJ;JF;Capotamento;1;;;;;;;;;;0;3;;;
31/12/2021;06:56:00;4251;AC03 - Acidente sem VITIMA;78;BR-040/RJ;RJ;Choque - Objeto Fixo;1;;;;;;;;;;1;;;;
31/12/2021;06:57:00;4252;AC02 - Acidente com VITIMA;25;BR-040/RJ;JF;Choque - Objeto Fixo;1;;;;;;;;;;0;4;;;
31/12/2021;07:02:00;4254;AC03 - Acidente sem VITIMA;4;BR-040/RJ;JF;Choque - Objeto Fixo;1;;;;;;;;;;1;;;;
31/12/2021;07:48:00;4260;AC03 - Acidente sem VITIMA;30;BR-040/RJ;JF;Choque - Objeto Fixo;1;;;;;;;;;;1;;;;
31/12/2021;08:04:00;4263;AC03 - Acidente sem VITIMA;77;BR-040/RJ;RJ;Choque - Objeto Fixo;1;;;;;;;;;;1;;;;
31/12/2021;09:02:00;4265;AC03 - Acidente sem VITIMA;82;BR-040/RJ;RJ;Choque - Objeto Fixo;1;;;;;;;;;;1;;;;
31/12/2021;09:28:00;4268;AC03 - Acidente sem VITIMA;84;BR-040/RJ;RJ;Choque - Objeto Fixo;1;;;;;;;;;;1;;;;
31/12/2021;09:20:00;4270;AC03 - Acidente sem VITIMA;78;BR-040/RJ;RJ;Choque - Objeto Fixo;1;;;;;;;;;;1;;;;
31/12/2021;09:44:00;4271;AC02 - Acidente com VITIMA;113;BR-040/RJ;JF;Colisão Traseira;1;;1;;;;;;;;1;1;;;
31/12/2021;10:10:00;4275;AC03 - Acidente sem VITIMA;13;BR-040/RJ;JF;Choque - Objeto Fixo;1;;;;;;;;;;1;;;;
31/12/2021;10:11:00;4276;AC03 - Acidente sem VITIMA;84;BR-040/RJ;RJ;Choque - Objeto Fixo;1;;;;;;;;;;1;;;;
31/12/2021;10:19:00;4278;AC03 - Acidente sem VITIMA;32;BR-040/RJ;JF;Choque - Objeto Fixo;1;;;;;;;;;;1;;;;