data;horario;n_da_ocorrencia;tipo_de_ocorrencia;km;trecho;sentido;tipo_de_acidente;automovel;bicicleta;caminhao;moto;onibus;outros;tracao_animal;transporte_de_cargas_especiais;trator_maquinas;utilitarios;ilesos;levemente_feridos;moderadamente_feridos;gravemente_feridos;mortos
31/12/2021;10:31:00;4283;AC03 - Acidente sem VITIMA;86;BR-040/RJ;RJ;Choque - Objeto Fixo;1;;;;;;;;;;1;;;;
31/12/2021;10:43:00;4285;AC03 - Acidente sem VITIMA;43;BR-040/RJ;RJ;Choque - Objeto Fixo;1;;;;;;;;;;1;;;;
31/12/2021;11:23:00;4290;AC03 - Acidente sem VITIMA;1;BR-040/RJ;JF;Choque - Objeto Fixo;1;;;;;;;;;;1;;;;
31/12/2021;11:49:00;4293;AC02 - Acidente com VITIMA;43;BR-040/RJ;JF;Choque - Objeto Fixo;1;;;;;;;;;;0;1;2;;
31/12/2021;12:03:00;4296;AC03 - Acidente sem VITIMA;25;BR-040/RJ;JF;Choque - Objeto Fixo;1;;;;;;;;;;1;;;;
31/12/2021;12:27:00;4299;AC03 - Acidente sem VITIMA;4;BR-040/RJ;RJ;Choque - Objeto Fixo;1;;;;;;;;;;1;;;;
31/12/2021;12:46:00;4302;AC03 - Acidente sem VITIMA;84;BR-040/RJ;RJ;Choque - Objeto Fixo;1;;;;;;;;;;1;;;;
31/12/2021;12:42:00;4308;AC03 - Acidente sem VITIMA;35;BR-040/RJ;JF;Choque - Objeto Fixo;1;;;;;;;;;;1;;;;
31/12/2021;12:40:00;4311;AC03 - Acidente sem VITIMA;78;BR-040/RJ;RJ;Choque - Objeto Fixo;1;;;;;;;;;;1;;;;
31/12/2021;13:15:00;4312;AC03 - Acidente sem VITIMA;84;BR-040/RJ;RJ;Choque - Objeto Fixo;1;;;;;;;;;;1;;;;
31/12/2021;13:16:00;4313;AC03 - Acidente sem VITIMA;84;BR-040/RJ;RJ;Choque - Objeto Fixo;1;;;;;;;;;;1;;;;
31/12/2021;13:18:00;4314;AC02 - Acidente com VITIMA;78;BR-040/RJ;RJ;Choque - Objeto Fixo;1;;;;;;;;;;0;4;;;
31/12/2021;13:36:00;4317;AC03 - Acidente sem VITIMA;84;BR-040/RJ;RJ;Choque - Objeto Fixo;1;;;;;;;;;;1;;;;
31/12/2021;13:35:00;4318;AC03 - Acidente sem VITIMA;91;BR-040/RJ;RJ;Saída de Pista;1;;;;;;;;;;1;;;;
31/12/2021;13:47:00;4320;AC03 - Acidente sem VITIMA;92;BR-040/RJ;RJ;Choque - Objeto Fixo;1;;;;;;;;;;1;;;;
31/12/2021;13:54:00;4321;AC03 - Acidente sem VITIMA;798;BR-040/MG;JF;Colisão Traseira;2;;;;;;;;;;2;;;;
31/12/2021;13:57:00;4322;AC02 - Acidente com VITIMA;777;BR-040/MG;RJ;Capotamento;1;;;;;;;;;;0;3;3;;
31/12/2021;13:15:00;4323;AC02 - Acidente com VITIMA;78;BR-040/RJ;RJ;Choque - Objeto Fixo;1;;;;;;;;;;0;2;;;
31/12/2021;13:08:00;4324;AC03 - Acidente sem VITIMA;78;BR-040/RJ;RJ;Choque - Objeto Fixo;1;;;;;;;;;;1;;;;
31/12/2021;14:06:00;4326;AC03 - Acidente sem VITIMA;109;BR-040/RJ;JF;Colisão Traseira;1;;;;;1;;;;;2;;;;
31/12/2021;14:48:00;4327;AC03 - Acidente sem VITIMA;78;BR-040/RJ;RJ;Choque - Objeto Fixo;1;;;;;;;;;;1;;;;
31/12/2021;14:48:00;4329;AC03 - Acidente sem VITIMA;78;BR-040/RJ;RJ;Choque - Objeto Fixo;1;;;;;;;;;;1;;;;
31/12/2021;14:52:00;4330;AC03 - Acidente sem VITIMA;91;BR-040/RJ;JF;Choque - Objeto Fixo;1;;;;;;;;;;1;;;;
31/12/2021;15:15:00;4331;AC03 - Acidente sem VITIMA;91;BR-040/RJ;RJ;Choque - Objeto Fixo;1;;;;;;;;;;1;;;;
31/12/2021;15:28:00;4334;AC03 - Acidente sem VITIMA;89;BR-040/RJ;RJ;Choque - Objeto Fixo;1;;;;;;;;;;1;;;;
31/12/2021;15:42:00;4336;AC02 - Acidente com VITIMA;93;BR-040/RJ;RJ;Choque - Objeto Fixo;1;;;;;;;;;;0;2;;;
31/12/2021;16:13:00;4339;AC03 - Acidente sem VITIMA;90;BR-040/RJ;RJ;Choque - Objeto Fixo;1;;;;;;;;;;1;;;;
31/12/2021;16:23:00;4341;AC02 - Acidente com VITIMA;824;BR-040/MG;RJ;Choque - Objeto Fixo;1;;;;;;;;;;0;;1;;
31/12/2021;16:39:00;4342;AC02 - Acidente com VITIMA;796;BR-040/MG;RJ;Capotamento;1;;;;;;;;;;0;1;1;;
31/12/2021;16:51:00;4345;AC03 - Acidente sem VITIMA;100;BR-040/RJ;JF;Choque - Objeto Fixo;1;;;;;;;;;;1;;;;
31/12/2021;17:10:00;4350;AC03 - Acidente sem VITIMA;34;BR-040/RJ;RJ;Choque - Objeto Fixo;1;;;;;;;;;;1;;;;
31/12/2021;17:44:00;4353;AC03 - Acidente sem VITIMA;88;BR-040/RJ;JF;Choque - Objeto Fixo;1;;;;;;;;;;1;;;;
31/12/2021;17:50:00;4355;AC03 - Acidente sem VITIMA;93;BR-040/RJ;RJ;Choque - Objeto Fixo;1;;;;;;;;;;1;;;;
31/12/2021;18:02:00;4356;AC03 - Acidente sem VITIMA;93;BR-040/RJ;RJ;Choque - Objeto Fixo;1;;;;;;;;;;1;;;;
31/12/2021;18:16:00;4360;AC03 - Acidente sem VITIMA;92;BR-040/RJ;RJ;Choque - Objeto Fixo;1;;;;;;;;;;1;;;;
31/12/2021;18:28:00;4362;AC03 - Acidente sem VITIMA;79;BR-040/RJ;RJ;Choque - Objeto Fixo;1;;;;;;;;;;1;;;;
31/12/2021;23:07:00;4379;AC03 - Acidente sem VITIMA;84;BR-040/RJ;RJ;Choque - Objeto Fixo;1;;;;;;;;;;1;;;;
01/01/2022;03:28:00;12;AC03 - Acidente sem VITIMA;113;BR-040/RJ;RJ;Saída de Pista;1;;;;;;;;;;1;;;;
01/01/2022;05:24:00;22;AC03 - Acidente sem VITIMA;3;BR-040/RJ;RJ;Choque - Objeto Fixo;1;;;;;;;;;;1;;;;
01/01/2022;05:58:00;24;AC02 - Acidente com VITIMA;113;BR-040/RJ;JF;Capotamento;1;;;;;;;;;;0;5;;;
01/01/2022;06:11:00;25;AC03 - Acidente sem VITIMA;801;BR-040/MG;RJ;Choque - Objeto Fixo;1;;;;;;;;;;1;;;;
01/01/2022;06:17:00;27;AC03 - Acidente sem VITIMA;78;BR-040/RJ;RJ;Choque - Objeto Fixo;1;;;;;;;;;;1;;;;
01/01/2022;06:10:00;28;AC03 - Acidente sem VITIMA;824;BR-040/MG;RJ;Choque - Objeto Fixo;1;;;;;;;;;;1;;;;
01/01/2022;07:00:00;33;AC03 - Acidente sem VITIMA;78;BR-040/RJ;RJ;Choque - Objeto Fixo;1;;;;;;;;;;1;;;;
01/01/2022;07:16:00;34;AC03 - Acidente sem VITIMA;113;BR-040/RJ;JF;Choque - Objeto Fixo;1;;;;;;;;;;1;;;;
01/01/2022;07:33:00;37;AC03 - Acidente sem VITIMA;75;BR-040/RJ;RJ;Choque - Objeto Fixo;1;;;;;;;;;;1;;;;
01/01/2022;08:33:00;43;AC03 - Acidente sem VITIMA;89;BR-040/RJ;RJ;Choque - Objeto Fixo;1;;;;;;;;;;1;;;;
01/01/2022;08:40:00;44;AC03 - Acidente sem VITIMA;88;BR-040/RJ;JF;Choque - Objeto Fixo;1;;;;;;;;;;1;;;;
01/01/2022;09:18:00;45;AC03 - Acidente sem VITIMA;78;BR-040/RJ;RJ;Choque - Objeto Fixo;1;;;;;;;;;;1;;;;
01/01/2022;10:39:00;50;AC03 - Acidente sem VITIMA;84;BR-040/RJ;RJ;Choque - Objeto Fixo;1;;;;;;;;;;1;;;;
01/01/2022;11:26:00;52;AC03 - Acidente sem VITIMA;75;BR-040/RJ;RJ;Choque - Objeto Fixo;1;;;;;;;;;;1;;;;
01/01/2022;12:31:00;58;AC03 - Acidente sem VITIMA;78;BR-040/RJ;RJ;Choque - Objeto Fixo;1;;;;;;;;;;1;;;;
01/01/2022;12:37:00;62;AC03 - Acidente sem VITIMA;25;BR-040/RJ;JF;Choque - Objeto Fixo;1;;;;;;;;;;1;;;;
01/01/2022;13:10:00;66;AC03 - Acidente sem VITIMA;85;BR-040/RJ;RJ;Choque - Objeto Fixo;1;;;;;;;;;;1;;;;
01/01/2022;13:18:00;67;AC03 - Acidente sem VITIMA;94;BR-040/RJ;RJ;Choque - Objeto Fixo;1;;;;;;;;;;1;;;;
01/01/2022;15:30:00;74;AC03 - Acidente sem VITIMA;35;BR-040/RJ;JF;Choque - Objeto Fixo;1;;;;;;;;;;1;;;;
01/01/2022;15:48:00;75;AC02 - Acidente com VITIMA;43;BR-040/RJ;JF;Choque - Objeto Fixo;1;;;;;;;;;;0;5;1;;
01/01/2022;16:59:00;85;AC02 - Acidente com VITIMA;84;BR-040/RJ;RJ;Capotamento;1;;;;;;;;;;0;2;;;
01/01/2022;17:33:00;88;AC02 - Acidente com VITIMA;43;BR-040/RJ;JF;Choque - Objeto Fixo;1;;;;;;;;;;0;1;1;;
01/01/2022;18:15:00;91;AC03 - Acidente sem VITIMA;93;BR-040/RJ;RJ;Choque - Objeto Fixo;1;;;;;;;;;;1;;;;
01/01/2022;18:27:00;93;AC03 - Acidente sem VITIMA;93;BR-040/RJ;RJ;Choque - Objeto Fixo;1;;;;;;;;;;1;;;;
01/01/2022;18:47:00;94;AC03 - Acidente sem VITIMA;69;BR-040/RJ;JF;Capotamento;1;;;;;;;;;;1;;;;
01/01/2022;19:08:00;96;AC04 - Atropelamento;105;BR-040/RJ;JF;Atropelamento - Pedestre;;;;;;2;;;;;1;1;;;
02/01/2022;05:49:00;125;AC03 - Acidente sem VITIMA;87;BR-040/RJ;RJ;Choque - Objeto Fixo;1;;;;;;;;;;1;;;;
02/01/2022;07:01:00;130;AC03 - Acidente sem VITIMA;92;BR-040/RJ;RJ;Choque - Objeto Fixo;1;;;;;;;;;;1;;;;
02/01/2022;08:01:00;138;AC03 - Acidente sem VITIMA;78;BR-040/RJ;RJ;Choque - Objeto Fixo;1;;;;;;;;;;1;;;;
02/01/2022;08:40:00;140;AC03 - Acidente sem VITIMA;826;BR-040/MG;RJ;Choque - Objeto Fixo;1;;;;;;;;;;1;;;;
02/01/2022;09:18:00;141;AC03 - Acidente sem VITIMA;98;BR-040/RJ;JF;Colisão Lateral;2;;;;;;;;;;2;;;;
02/01/2022;09:29:00;143;AC02 - Acidente com VITIMA;4;BR-040/RJ;RJ;Capotamento;1;;;;;;;;;;0;;1;;
02/01/2022;09:57:00;148;AC02 - Acidente com VITIMA;82;BR-040/RJ;RJ;Choque - Objeto Fixo;1;;;;;;;;;;0;2;;;
02/01/2022;09:15:00;151;AC03 - Acidente sem VITIMA;78;BR-040/RJ;RJ;Colisão Traseira;2;;;;;;;;;;2;;;;
02/01/2022;10:11:00;152;AC03 - Acidente sem VITIMA;91;BR-040/RJ;RJ;Choque - Objeto Fixo;1;;;;;;;;;;1;;;;
02/01/2022;10:15:00;153;AC03 - Acidente sem VITIMA;76;BR-040/RJ;RJ;Choque - Objeto Fixo;1;;;;;;;;;;1;;;;
02/01/2022;10:40:00;156;AC03 - Acidente sem VITIMA;81;BR-040/RJ;RJ;Choque - Objeto Fixo;1;;;;;;;;;;1;;;;
02/01/2022;11:14:00;159;AC03 - Acidente sem VITIMA;94;BR-040/RJ;JF;Saída de Pista;1;;;;;;;;;;1;;;;
02/01/2022;11:17:00;160;AC03 - Acidente sem VITIMA;91;BR-040/RJ;JF;Colisão Lateral;2;;;;;;;;;;2;;;;
02/01/2022;11:18:00;161;AC03 - Acidente sem VITIMA;90;BR-040/RJ;RJ;Choque - Objeto Fixo;1;;;;;;;;;;1;;;;
02/01/2022;11:36:00;163;AC03 - Acidente sem VITIMA;125;BR-040/RJ;RJ;Tombamento;;;1;;;;;;;;1;;;;
02/01/2022;12:21:00;167;AC03 - Acidente sem VITIMA;1;BR-040/RJ;JF;Choque - Objeto Fixo;1;;;;;;;;;;1;;;;
02/01/2022;17:08:00;204;AC02 - Acidente com VITIMA;70;BR-040/RJ;RJ;Colisão Traseira;2;;;;;;;;;;0;4;;;
02/01/2022;17:45:00;211;AC03 - Acidente sem VITIMA;36;BR-040/RJ;JF;Saída de Pista;1;;;;;;;;;;1;;;;
02/01/2022;18:35:00;215;AC03 - Acidente sem VITIMA;4;BR-040/RJ;JF;Choque - Objeto Fixo;1;;;;;;;;;;1;;;;
02/01/2022;18:55:00;219;AC03 - Acidente sem VITIMA;82;BR-040/RJ;RJ;Choque - Objeto Fixo;1;;;;;;;;;;1;;;;
02/01/2022;20:01:00;228;AC03 - Acidente sem VITIMA;787;BR-040/MG;JF;Choque - Objeto Fixo;1;;;;;;;;;;1;;;;
02/01/2022;20:33:00;229;AC03 - Acidente sem VITIMA;74;BR-040/RJ;RJ;Choque - Objeto Fixo;1;;;;;;;;;;1;;;;
02/01/2022;21:07:00;231;AC02 - Acidente com VITIMA;43;BR-040/RJ;JF;Choque - Objeto Fixo;1;;;;;;;;;;0;4;;;
02/01/2022;21:38:00;234;AC03 - Acidente sem VITIMA;85;BR-040/RJ;JF;Choque - Objeto Fixo;1;;;;;;;;;;1;;;;
02/01/2022;23:19:00;239;AC03 - Acidente sem VITIMA;43;BR-040/RJ;JF;Choque - Objeto Fixo;1;;;;;;;;;;1;;;;
03/01/2022;00:06:00;247;AC03 - Acidente sem VITIMA;43;BR-040/RJ;JF;Colisão Traseira;2;;;;;;;;;;2;;;;
03/01/2022;01:06:00;253;AC03 - Acidente sem VITIMA;93;BR-040/RJ;RJ;Derrapagem;1;;;;;;;;;;1;;;;
03/01/2022;05:25:00;275;AC02 - Acidente com VITIMA;43;BR-040/RJ;JF;Choque - Objeto Fixo;1;;;;;;;;;;0;2;;;
03/01/2022;05:30:00;276;AC02 - Acidente com VITIMA;104;BR-040/RJ;JF;Colisão Lateral;1;;;;1;;;;;;1;1;;;
03/01/2022;05:58:00;280;AC03 - Acidente sem VITIMA;85;BR-040/RJ;JF;Choque - Objeto Fixo;1;;;;;;;;;;1;;;;
03/01/2022;06:22:00;282;AC02 - Acidente com VITIMA;31;BR-040/RJ;JF;Choque - Objeto Fixo;1;;;;;;;;;;0;1;;;
03/01/2022;07:18:00;288;AC03 - Acidente sem VITIMA;123;BR-040/RJ;RJ;Colisão Lateral;1;;1;;;;;;;;2;;;;
03/01/2022;09:05:00;304;AC03 - Acidente sem VITIMA;773;BR-040/MG;RJ;Saída de Pista;1;;;;;;;;;;1;;;;
03/01/2022;09:54:00;310;AC02 - Acidente com VITIMA;783;BR-040/MG;JF;Capotamento;1;;;;;;;;;;0;1;;4;
03/01/2022;10:37:00;316;AC03 - Acidente sem VITIMA;816;BR-040/MG;JF;Colisão Traseira;2;;;;;;;;;;2;;;;
03/01/2022;10:51:00;321;AC03 - Acidente sem VITIMA;97;BR-040/RJ;JF;Engavetamento;4;;;;;;;;;;4;;;;
03/01/2022;14:17:00;352;AC02 - Acidente com VITIMA;34;BR-040/RJ;RJ;Saída de Pista;1;;;;;;;;;;0;2;;;
03/01/2022;15:38:00;368;AC02 - Acidente com VITIMA;815;BR-040/MG;JF;Capotamento;1;;;;;;;;;;0;1;;;
03/01/2022;17:56:00;392;AC02 - Acidente com VITIMA;76;BR-040/RJ;RJ;Queda de Moto;;;;1;;;;;;;0;;1;;
03/01/2022;22:41:00;419;AC02 - Acidente com VITIMA;91;BR-040/RJ;RJ;Saída de Pista;1;;;;;;;;;;0;2;;;
04/01/2022;01:19:00;422;AC02 - Acidente com VITIMA;79;BR-040/RJ;RJ;Tombamento;;;1;;;;;;;;0;1;;;
04/01/2022;01:38:00;423;AC02 - Acidente com VITIMA;812;BR-040/MG;JF;Choque - Objeto Fixo;;;;;1;;;;;;0;2;;;
04/01/2022;01:46:00;424;AC02 - Acidente com VITIMA;15;BR-040/RJ;RJ;Tombamento;;;1;;;;;;;;0;1;;;
04/01/2022;19:52:00;559;AC03 - Acidente sem VITIMA;84;BR-040/RJ;RJ;Choque - Objeto Fixo;1;;;;;;;;;;1;;;;
04/01/2022;23:18:00;572;AC03 - Acidente sem VITIMA;14;BR-040/RJ;RJ;Tombamento;;;1;;;;;;;;1;;;;
05/01/2022;11:09:00;629;AC02 - Acidente com VITIMA;116;BR-040/RJ;JF;Engavetamento;2;;1;;;;;;;;2;;1;;
05/01/2022;12:08:00;634;AC03 - Acidente sem VITIMA;104;BR-040/RJ;JF;Colisão Lateral;2;;;;;;;;;;2;;;;
05/01/2022;14:49:00;654;AC03 - Acidente sem VITIMA;113;BR-040/RJ;JF;Choque - Objeto Fixo;1;;;;;;;;;;1;;;;
05/01/2022;15:11:00;658;AC03 - Acidente sem VITIMA;109;BR-040/RJ;JF;Colisão Lateral;1;;;;1;;;;;;2;;;;
05/01/2022;16:09:00;665;AC02 - Acidente com VITIMA;33;BR-040/RJ;JF;Capotamento;;;1;;;;;;;;0;4;;;
05/01/2022;16:47:00;670;AC03 - Acidente sem VITIMA;84;BR-040/RJ;RJ;Choque - Objeto Fixo;1;;;;;;;;;;1;;;;
05/01/2022;18:31:00;682;AC03 - Acidente sem VITIMA;93;BR-040/RJ;RJ;Choque - Objeto Fixo;1;;;;;;;;;;1;;;;
05/01/2022;18:55:00;686;AC03 - Acidente sem VITIMA;94;BR-040/RJ;RJ;Choque - Objeto Fixo;1;;;;;;;;;;1;;;;
05/01/2022;20:50:00;691;AC02 - Acidente com VITIMA;121;BR-040/RJ;RJ;Colisão Lateral;1;;;1;;;;;;;1;;1;;
05/01/2022;20:52:00;696;AC03 - Acidente sem VITIMA;93;BR-040/RJ;RJ;Choque - Objeto Fixo;1;;;;;;;;;;1;;;;
06/01/2022;00:25:00;707;AC03 - Acidente sem VITIMA;107;BR-040/RJ;JF;Colisão Traseira;;;;;2;;;;;;2;;;;
06/01/2022;05:38:00;720;AC03 - Acidente sem VITIMA;90;BR-040/RJ;RJ;Choque - Objeto Fixo;1;;;;;;;;;;1;;;;
06/01/2022;06:03:00;724;AC03 - Acidente sem VITIMA;92;BR-040/RJ;RJ;Derrapagem;1;;;;;;;;;;1;;;;
06/01/2022;06:34:00;725;AC02 - Acidente com VITIMA;32;BR-040/RJ;JF;Capotamento;1;;;;;;;;;;0;1;;;
06/01/2022;06:39:00;728;AC03 - Acidente sem VITIMA;784;BR-040/MG;RJ;Queda de Moto;;;;1;;;;;;;1;;;;
06/01/2022;07:18:00;733;AC03 - Acidente sem VITIMA;58;BR-040/RJ;RJ;Choque - Objeto Fixo;1;;;;;;;;;;1;;;;
06/01/2022;07:48:00;737;AC03 - Acidente sem VITIMA;66;BR-040/RJ;JF;Choque - Objeto Fixo;1;;;;;;;;;;1;;;;
06/01/2022;08:39:00;745;AC03 - Acidente sem VITIMA;86;BR-040/RJ;RJ;Choque - Objeto Fixo;1;;;;;;;;;;1;;;;
06/01/2022;09:26:00;749;AC02 - Acidente com VITIMA;77;BR-040/RJ;RJ;Choque - Objeto Fixo;1;;;;;;;;;;0;;3;;
06/01/2022;09:31:00;750;AC03 - Acidente sem VITIMA;825;BR-040/MG;RJ;Choque - Objeto Fixo;1;;;;;;;;;;1;;;;
06/01/2022;10:03:00;755;AC03 - Acidente sem VITIMA;85;BR-040/RJ;RJ;Choque - Objeto Fixo;1;;;;;;;;;;1;;;;
06/01/2022;10:21:00;757;AC03 - Acidente sem VITIMA;94;BR-040/RJ;RJ;Choque - Objeto Fixo;1;;;;;;;;;;1;;;;
06/01/2022;10:22:00;758;AC03 - Acidente sem VITIMA;16;BR-040/RJ;RJ;Choque - Objeto Fixo;1;;;;;;;;;;1;;;;
06/01/2022;13:33:00;783;AC03 - Acidente sem VITIMA;77;BR-040/RJ;RJ;Choque - Objeto Fixo;1;;;;;;;;;;1;;;;
06/01/2022;13:47:00;786;AC03 - Acidente sem VITIMA;91;BR-040/RJ;JF;Choque - Objeto Fixo;1;;;;;;;;;;1;;;;
06/01/2022;13:49:00;787;AC03 - Acidente sem VITIMA;84;BR-040/RJ;RJ;Choque - Objeto Fixo;1;;;;;;;;;;1;;;;
06/01/2022;13:56:00;788;AC02 - Acidente com VITIMA;783;BR-040/MG;JF;Saída de Pista;1;;;;;;;;;;0;;4;;
06/01/2022;14:00:00;789;AC03 - Acidente sem VITIMA;82;BR-040/RJ;RJ;Choque - Objeto Fixo;1;;;;;;;;;;1;;;;
06/01/2022;14:11:00;790;AC03 - Acidente sem VITIMA;82;BR-040/RJ;RJ;Choque - Objeto Fixo;1;;;;;;;;;;1;;;;
06/01/2022;14:59:00;793;AC03 - Acidente sem VITIMA;81;BR-040/RJ;RJ;Choque - Objeto Fixo;1;;;;;;;;;;1;;;;
06/01/2022;15:58:00;799;AC03 - Acidente sem VITIMA;69;BR-040/RJ;JF;Choque - Objeto Fixo;;;1;;;;;;;;1;;;;
06/01/2022;16:54:00;809;AC03 - Acidente sem VITIMA;108;BR-040/RJ;JF;Colisão Traseira;2;;;;;;;;;;2;;;;
06/01/2022;19:30:00;825;AC03 - Acidente sem VITIMA;92;BR-040/RJ;JF;Choque - Objeto Fixo;1;;;;;;;;;;1;;;;
06/01/2022;23:33:00;841;AC03 - Acidente sem VITIMA;120;BR-040/RJ;RJ;Choque - Objeto Fixo;2;;;;;;;;;;2;;;;
07/01/2022;05:27:00;855;AC03 - Acidente sem VITIMA;90;BR-040/RJ;RJ;Choque - Objeto Fixo;1;;;;;;;;;;1;;;;
07/01/2022;06:09:00;860;AC03 - Acidente sem VITIMA;93;BR-040/RJ;RJ;Choque - Objeto Fixo;1;;;;;;;;;;1;;;;
07/01/2022;06:53:00;862;AC02 - Acidente com VITIMA;113;BR-040/RJ;RJ;Colisão Traseira;1;;;1;;;;;;;1;1;;;
07/01/2022;07:50:00;869;AC03 - Acidente sem VITIMA;90;BR-040/RJ;RJ;Choque - Objeto Fixo;1;;;;;;;;;;1;;;;
07/01/2022;08:24:00;873;AC03 - Acidente sem VITIMA;91;BR-040/RJ;RJ;Choque - Objeto Fixo;1;;;;;;;;;;1;;;;
07/01/2022;08:49:00;877;AC03 - Acidente sem VITIMA;3;BR-040/RJ;RJ;Choque - Objeto Fixo;1;;;;;;;;;;1;;;;
07/01/2022;09:26:00;880;AC03 - Acidente sem VITIMA;100;BR-040/RJ;JF;Choque - Objeto Fixo;1;;;;;;;;;;1;;;;
07/01/2022;09:33:00;881;AC03 - Acidente sem VITIMA;100;BR-040/RJ;RJ;Choque - Objeto Fixo;1;;1;;;;;;;;2;;;;
07/01/2022;10:01:00;888;AC03 - Acidente sem VITIMA;93;BR-040/RJ;RJ;Choque - Objeto Fixo;1;;;;;;;;;;1;;;;
07/01/2022;10:40:00;894;AC03 - Acidente sem VITIMA;90;BR-040/RJ;RJ;Colisão Lateral;1;;1;;;;;;;;2;;;;
07/01/2022;11:25:00;904;AC02 - Acidente com VITIMA;17;BR-040/RJ;JF;Tombamento;;;1;;;;;;;;0;1;;;
07/01/2022;11:49:00;907;AC03 - Acidente sem VITIMA;94;BR-040/RJ;RJ;Choque - Objeto Fixo;1;;;;;;;;;;1;;;;
07/01/2022;12:07:00;908;AC03 - Acidente sem VITIMA;87;BR-040/RJ;RJ;Choque - Objeto Fixo;1;;;;;;;;;;1;;;;
07/01/2022;13:42:00;918;AC03 - Acidente sem VITIMA;90;BR-040/RJ;RJ;Choque - Objeto Fixo;1;;;;;;;;;;1;;;;
07/01/2022;15:07:00;934;AC03 - Acidente sem VITIMA;118;BR-040/RJ;JF;Choque - Objeto Fixo;1;;;;;;;;;;1;;;;
07/01/2022;15:22:00;937;AC03 - Acidente sem VITIMA;94;BR-040/RJ;RJ;Choque - Objeto Fixo;1;;;;;;;;;;1;;;;
07/01/2022;17:35:00;961;AC03 - Acidente sem VITIMA;105;BR-040/RJ;JF;Choque - Objeto Fixo;1;;;;;;;;;;1;;;;
07/01/2022;18:13:00;967;AC03 - Acidente sem VITIMA;84;BR-040/RJ;RJ;Choque - Objeto Fixo;1;;;;;;;;;;1;;;;
07/01/2022;19:04:00;974;AC03 - Acidente sem VITIMA;96;BR-040/RJ;RJ;Choque - Objeto Fixo;1;;;;;;;;;;1;;;;
07/01/2022;19:14:00;978;AC03 - Acidente sem VITIMA;96;BR-040/RJ;RJ;Choque - Objeto Fixo;1;;;;;;;;;;1;;;;
07/01/2022;19:49:00;979;AC03 - Acidente sem VITIMA;96;BR-040/RJ;RJ;Colisão Traseira;2;;;;;;;;;;2;;;;
07/01/2022;22:44:00;991;AC03 - Acidente sem VITIMA;816;BR-040/MG;RJ;Atropelamento - Animal;1;;;;;;;;;;1;;;;
08/01/2022;00:03:00;997;AC03 - Acidente sem VITIMA;791;BR-040/MG;RJ;Saída de Pista;1;;;;;;;;;;1;;;;
08/01/2022;00:17:00;1000;AC03 - Acidente sem VITIMA;78;BR-040/RJ;RJ;Choque - Objeto Fixo;1;;;;;;;;;;1;;;;
08/01/2022;07:16:00;1034;AC03 - Acidente sem VITIMA;84;BR-040/RJ;RJ;Choque - Objeto Fixo;1;;;;;;;;;;1;;;;
08/01/2022;07:21:00;1036;AC03 - Acidente sem VITIMA;90;BR-040/RJ;RJ;Choque - Objeto Fixo;1;;;;;;;;;;1;;;;
08/01/2022;08:01:00;1045;AC03 - Acidente sem VITIMA;90;BR-040/RJ;RJ;Saída de Pista;1;;;;;;;;;;1;;;;
08/01/2022;09:24:00;1052;AC03 - Acidente sem VITIMA;90;BR-040/RJ;RJ;Saída de Pista;1;;;;;;;;;;1;;;;
08/01/2022;10:21:00;1061;AC03 - Acidente sem VITIMA;82;BR-040/RJ;RJ;Choque - Objeto Fixo;1;;;;;;;;;;1;;;;
08/01/2022;10:31:00;1062;AC03 - Acidente sem VITIMA;72;BR-040/RJ;JF;Capotamento;1;;;;;;;;;;1;;;;
08/01/2022;11:02:00;1070;AC03 - Acidente sem VITIMA;94;BR-040/RJ;RJ;Saída de Pista;1;;;;;;;;;;1;;;;
08/01/2022;11:41:00;1072;AC03 - Acidente sem VITIMA;4;BR-040/RJ;JF;Choque - Objeto Fixo;1;;;;;;;;;;1;;;;
08/01/2022;12:32:00;1079;AC03 - Acidente sem VITIMA;91;BR-040/RJ;JF;Derrapagem;1;;;;;;;;;;1;;;;
08/01/2022;12:40:00;1082;AC03 - Acidente sem VITIMA;92;BR-040/RJ;RJ;Choque - Objeto Fixo;1;;;;;;;;;;1;;;;
08/01/2022;13:37:00;1086;AC03 - Acidente sem VITIMA;85;BR-040/RJ;JF;Choque - Objeto Fixo;1;;;;;;;;;;1;;;;
08/01/2022;14:00:00;1092;AC02 - Acidente com VITIMA;8;BR-040/RJ;JF;Choque - Objeto Fixo;1;;;;;;;;;;0;;1;1;
08/01/2022;14:37:00;1096;AC03 - Acidente sem VITIMA;93;BR-040/RJ;RJ;Saída de Pista;1;;;;;;;;;;1;;;;
08/01/2022;15:53:00;1104;AC03 - Acidente sem VITIMA;84;BR-040/RJ;RJ;Choque - Objeto Fixo;1;;;;;;;;;;1;;;;
08/01/2022;17:40:00;1118;AC03 - Acidente sem VITIMA;123;BR-040/RJ;RJ;Colisão Traseira;2;;;;;;;;;;2;;;;
08/01/2022;18:24:00;1124;AC02 - Acidente com VITIMA;82;BR-040/RJ;RJ;Capotamento;1;;;;;;;;;;0;3;;;
08/01/2022;20:48:00;1134;AC03 - Acidente sem VITIMA;113;BR-040/RJ;JF;Choque - Objeto Fixo;1;;;;;;;;;;1;;;;
08/01/2022;22:09:00;1139;AC02 - Acidente com VITIMA;113;BR-040/RJ;RJ;Tombamento;1;;;;;;;;;;0;1;;;
09/01/2022;01:45:00;1161;AC03 - Acidente sem VITIMA;92;BR-040/RJ;RJ;Choque - Objeto Fixo;1;;;;;;;;;;1;;;;
09/01/2022;08:15:00;1176;AC02 - Acidente com VITIMA;34;BR-040/RJ;JF;Choque - Objeto Fixo;1;;;;;;;;;;0;5;;;